scenario,variant,option,year,slr_m,closure_days_yr,annual_cost_low_M,annual_cost_mid_M,annual_cost_hi_M,cum_cost_low_bn,cum_cost_mid_bn,cum_cost_hi_bn
SSP1-2.6,baseline,1a,2025,0.035,0.5455,0.0984,0.1711,0.3006,0.0001,0.0002,0.0003
SSP1-2.6,baseline,1a,2026,0.042,0.5801,0.1047,0.182,0.3196,0.0002,0.0004,0.0006
SSP1-2.6,baseline,1a,2027,0.049,0.6168,0.1113,0.1935,0.3399,0.0003,0.0005,0.001
SSP1-2.6,baseline,1a,2028,0.056,0.6558,0.1183,0.2057,0.3613,0.0004,0.0008,0.0013
SSP1-2.6,baseline,1a,2029,0.063,0.697,0.1258,0.2187,0.3841,0.0006,0.001,0.0017
SSP1-2.6,baseline,1a,2030,0.07,0.7408,0.1337,0.2324,0.4082,0.0007,0.0012,0.0021
SSP1-2.6,baseline,1a,2031,0.076,0.7804,0.1408,0.2448,0.43,0.0008,0.0014,0.0025
SSP1-2.6,baseline,1a,2032,0.082,0.822,0.1483,0.2578,0.4529,0.001,0.0017,0.003
SSP1-2.6,baseline,1a,2033,0.088,0.8657,0.1562,0.2716,0.477,0.0011,0.002,0.0035
SSP1-2.6,baseline,1a,2034,0.094,0.9117,0.1645,0.286,0.5023,0.0013,0.0023,0.004
SSP1-2.6,baseline,1a,2035,0.1,0.96,0.1732,0.3011,0.5289,0.0015,0.0026,0.0045
SSP1-2.6,baseline,1a,2036,0.106,1.0108,0.1824,0.3171,0.5569,0.0017,0.0029,0.0051
SSP1-2.6,baseline,1a,2037,0.112,1.0641,0.192,0.3338,0.5863,0.0018,0.0032,0.0056
SSP1-2.6,baseline,1a,2038,0.118,1.1202,0.2021,0.3514,0.6172,0.0021,0.0036,0.0063
SSP1-2.6,baseline,1a,2039,0.124,1.1791,0.2128,0.3699,0.6497,0.0023,0.0039,0.0069
SSP1-2.6,baseline,1a,2040,0.13,1.241,0.2239,0.3893,0.6838,0.0025,0.0043,0.0076
SSP1-2.6,baseline,1a,2041,0.137,1.3172,0.2377,0.4132,0.7257,0.0027,0.0047,0.0083
SSP1-2.6,baseline,1a,2042,0.144,1.3978,0.2522,0.4385,0.7702,0.003,0.0052,0.0091
SSP1-2.6,baseline,1a,2043,0.151,1.4833,0.2676,0.4653,0.8173,0.0032,0.0056,0.0099
SSP1-2.6,baseline,1a,2044,0.158,1.5738,0.284,0.4937,0.8671,0.0035,0.0061,0.0108
SSP1-2.6,baseline,1a,2045,0.165,1.6696,0.3013,0.5237,0.9199,0.0038,0.0067,0.0117
SSP1-2.6,baseline,1a,2046,0.172,1.7711,0.3196,0.5556,0.9758,0.0042,0.0072,0.0127
SSP1-2.6,baseline,1a,2047,0.179,1.8785,0.339,0.5893,1.035,0.0045,0.0078,0.0137
SSP1-2.6,baseline,1a,2048,0.186,1.9922,0.3595,0.6249,1.0977,0.0048,0.0084,0.0148
SSP1-2.6,baseline,1a,2049,0.193,2.1126,0.3812,0.6627,1.164,0.0052,0.0091,0.016
SSP1-2.6,baseline,1a,2050,0.2,2.24,0.4042,0.7027,1.2342,0.0056,0.0098,0.0172
SSP1-2.6,baseline,1a,2051,0.204,2.3161,0.4179,0.7266,1.2762,0.0061,0.0105,0.0185
SSP1-2.6,baseline,1a,2052,0.208,2.3948,0.4321,0.7512,1.3195,0.0065,0.0113,0.0198
SSP1-2.6,baseline,1a,2053,0.212,2.476,0.4468,0.7767,1.3643,0.0069,0.0121,0.0212
SSP1-2.6,baseline,1a,2054,0.216,2.5599,0.4619,0.803,1.4105,0.0074,0.0129,0.0226
SSP1-2.6,baseline,1a,2055,0.22,2.6466,0.4776,0.8302,1.4582,0.0079,0.0137,0.024
SSP1-2.6,baseline,1a,2056,0.224,2.7361,0.4937,0.8583,1.5076,0.0084,0.0145,0.0255
SSP1-2.6,baseline,1a,2057,0.228,2.8286,0.5104,0.8873,1.5585,0.0089,0.0154,0.0271
SSP1-2.6,baseline,1a,2058,0.232,2.9241,0.5276,0.9173,1.6111,0.0094,0.0163,0.0287
SSP1-2.6,baseline,1a,2059,0.236,3.0227,0.5454,0.9482,1.6655,0.0099,0.0173,0.0304
SSP1-2.6,baseline,1a,2060,0.24,3.1246,0.5638,0.9802,1.7216,0.0105,0.0183,0.0321
SSP1-2.6,baseline,1a,2061,0.244,3.2298,0.5828,1.0132,1.7796,0.0111,0.0193,0.0339
SSP1-2.6,baseline,1a,2062,0.248,3.3385,0.6024,1.0473,1.8394,0.0117,0.0203,0.0357
SSP1-2.6,baseline,1a,2063,0.252,3.4507,0.6226,1.0825,1.9013,0.0123,0.0214,0.0376
SSP1-2.6,baseline,1a,2064,0.256,3.5666,0.6436,1.1188,1.9651,0.013,0.0225,0.0396
SSP1-2.6,baseline,1a,2065,0.26,3.6862,0.6651,1.1564,2.0311,0.0136,0.0237,0.0416
SSP1-2.6,baseline,1a,2066,0.264,3.8098,0.6874,1.1951,2.0992,0.0143,0.0249,0.0437
SSP1-2.6,baseline,1a,2067,0.268,3.9374,0.7105,1.2352,2.1695,0.015,0.0261,0.0459
SSP1-2.6,baseline,1a,2068,0.272,4.0692,0.7342,1.2765,2.2421,0.0158,0.0274,0.0481
SSP1-2.6,baseline,1a,2069,0.276,4.2053,0.7588,1.3192,2.3171,0.0165,0.0287,0.0504
SSP1-2.6,baseline,1a,2070,0.28,4.3458,0.7842,1.3633,2.3945,0.0173,0.0301,0.0528
SSP1-2.6,baseline,1a,2071,0.284,4.4909,0.8103,1.4088,2.4744,0.0181,0.0315,0.0553
SSP1-2.6,baseline,1a,2072,0.288,4.6407,0.8374,1.4558,2.557,0.019,0.0329,0.0579
SSP1-2.6,baseline,1a,2073,0.292,4.7954,0.8653,1.5043,2.6422,0.0198,0.0345,0.0605
SSP1-2.6,baseline,1a,2074,0.296,4.9551,0.8941,1.5544,2.7302,0.0207,0.036,0.0632
SSP1-2.6,baseline,1a,2075,0.3,5.12,0.9239,1.6061,2.8211,0.0216,0.0376,0.0661
SSP1-2.6,baseline,1a,2076,0.304,5.2903,0.9546,1.6595,2.9149,0.0226,0.0393,0.069
SSP1-2.6,baseline,1a,2077,0.308,5.4661,0.9863,1.7147,3.0117,0.0236,0.041,0.072
SSP1-2.6,baseline,1a,2078,0.312,5.6475,1.019,1.7716,3.1117,0.0246,0.0428,0.0751
SSP1-2.6,baseline,1a,2079,0.316,5.8349,1.0529,1.8304,3.215,0.0256,0.0446,0.0783
SSP1-2.6,baseline,1a,2080,0.32,6.0284,1.0878,1.8911,3.3216,0.0267,0.0465,0.0816
SSP1-2.6,baseline,1a,2081,0.324,6.2281,1.1238,1.9537,3.4316,0.0279,0.0484,0.0851
SSP1-2.6,baseline,1a,2082,0.328,6.4343,1.161,2.0184,3.5452,0.029,0.0505,0.0886
SSP1-2.6,baseline,1a,2083,0.332,6.6471,1.1994,2.0852,3.6625,0.0302,0.0525,0.0923
SSP1-2.6,baseline,1a,2084,0.336,6.8668,1.2391,2.1541,3.7835,0.0315,0.0547,0.0961
SSP1-2.6,baseline,1a,2085,0.34,7.0937,1.28,2.2253,3.9085,0.0327,0.0569,0.1
SSP1-2.6,baseline,1a,2086,0.344,7.3278,1.3222,2.2987,4.0375,0.0341,0.0592,0.104
SSP1-2.6,baseline,1a,2087,0.348,7.5696,1.3659,2.3745,4.1707,0.0354,0.0616,0.1082
SSP1-2.6,baseline,1a,2088,0.352,7.8191,1.4109,2.4528,4.3082,0.0368,0.064,0.1125
SSP1-2.6,baseline,1a,2089,0.356,8.0766,1.4574,2.5336,4.4501,0.0383,0.0666,0.1169
SSP1-2.6,baseline,1a,2090,0.36,8.3425,1.5053,2.617,4.5966,0.0398,0.0692,0.1215
SSP1-2.6,baseline,1a,2091,0.364,8.6169,1.5548,2.7031,4.7478,0.0414,0.0719,0.1263
SSP1-2.6,baseline,1a,2092,0.368,8.9002,1.606,2.792,4.9039,0.043,0.0747,0.1312
SSP1-2.6,baseline,1a,2093,0.372,9.1926,1.6587,2.8837,5.065,0.0446,0.0776,0.1362
SSP1-2.6,baseline,1a,2094,0.376,9.4944,1.7132,2.9783,5.2313,0.0463,0.0805,0.1415
SSP1-2.6,baseline,1a,2095,0.38,9.8059,1.7694,3.0761,5.4029,0.0481,0.0836,0.1469
SSP1-2.6,baseline,1a,2096,0.384,10.1274,1.8274,3.1769,5.5801,0.0499,0.0868,0.1525
SSP1-2.6,baseline,1a,2097,0.388,10.4592,1.8873,3.281,5.7629,0.0518,0.0901,0.1582
SSP1-2.6,baseline,1a,2098,0.392,10.8017,1.9491,3.3884,5.9516,0.0538,0.0935,0.1642
SSP1-2.6,baseline,1a,2099,0.396,11.1552,2.0128,3.4993,6.1464,0.0558,0.097,0.1703
SSP1-2.6,baseline,1a,2100,0.4,11.52,2.0787,3.6138,6.3474,0.0579,0.1006,0.1767
SSP1-2.6,baseline,1b,2025,0.035,0.5455,0.0984,0.1711,0.3006,0.0001,0.0002,0.0003
SSP1-2.6,baseline,1b,2026,0.042,0.5801,0.1047,0.182,0.3196,0.0002,0.0004,0.0006
SSP1-2.6,baseline,1b,2027,0.049,0.6168,0.1113,0.1935,0.3399,0.0003,0.0005,0.001
SSP1-2.6,baseline,1b,2028,0.056,0.6558,0.1183,0.2057,0.3613,0.0004,0.0008,0.0013
SSP1-2.6,baseline,1b,2029,0.063,0.697,0.1258,0.2187,0.3841,0.0006,0.001,0.0017
SSP1-2.6,baseline,1b,2030,0.07,0.7408,0.1337,0.2324,0.4082,0.0007,0.0012,0.0021
SSP1-2.6,baseline,1b,2031,0.076,0.7804,0.1408,0.2448,0.43,0.0008,0.0014,0.0025
SSP1-2.6,baseline,1b,2032,0.082,0.822,0.1483,0.2578,0.4529,0.001,0.0017,0.003
SSP1-2.6,baseline,1b,2033,0.088,0.8657,0.1562,0.2716,0.477,0.0011,0.002,0.0035
SSP1-2.6,baseline,1b,2034,0.094,0.9117,0.1645,0.286,0.5023,0.0013,0.0023,0.004
SSP1-2.6,baseline,1b,2035,0.1,0.96,0.1732,0.3011,0.5289,0.0015,0.0026,0.0045
SSP1-2.6,baseline,1b,2036,0.106,1.0108,0.1824,0.3171,0.5569,0.0017,0.0029,0.0051
SSP1-2.6,baseline,1b,2037,0.112,1.0641,0.192,0.3338,0.5863,0.0018,0.0032,0.0056
SSP1-2.6,baseline,1b,2038,0.118,1.1202,0.2021,0.3514,0.6172,0.0021,0.0036,0.0063
SSP1-2.6,baseline,1b,2039,0.124,1.1791,0.2128,0.3699,0.6497,0.0023,0.0039,0.0069
SSP1-2.6,baseline,1b,2040,0.13,1.241,0.2239,0.3893,0.6838,0.0025,0.0043,0.0076
SSP1-2.6,baseline,1b,2041,0.137,1.3172,0.2377,0.4132,0.7257,0.0027,0.0047,0.0083
SSP1-2.6,baseline,1b,2042,0.144,1.3978,0.2522,0.4385,0.7702,0.003,0.0052,0.0091
SSP1-2.6,baseline,1b,2043,0.151,1.4833,0.2676,0.4653,0.8173,0.0032,0.0056,0.0099
SSP1-2.6,baseline,1b,2044,0.158,1.5738,0.284,0.4937,0.8671,0.0035,0.0061,0.0108
SSP1-2.6,baseline,1b,2045,0.165,1.6696,0.3013,0.5237,0.9199,0.0038,0.0067,0.0117
SSP1-2.6,baseline,1b,2046,0.172,1.7711,0.3196,0.5556,0.9758,0.0042,0.0072,0.0127
SSP1-2.6,baseline,1b,2047,0.179,1.8785,0.339,0.5893,1.035,0.0045,0.0078,0.0137
SSP1-2.6,baseline,1b,2048,0.186,1.9922,0.3595,0.6249,1.0977,0.0048,0.0084,0.0148
SSP1-2.6,baseline,1b,2049,0.193,2.1126,0.3812,0.6627,1.164,0.0052,0.0091,0.016
SSP1-2.6,baseline,1b,2050,0.2,2.24,0.4042,0.7027,1.2342,0.0056,0.0098,0.0172
SSP1-2.6,baseline,1b,2051,0.204,2.3161,0.4179,0.7266,1.2762,0.0061,0.0105,0.0185
SSP1-2.6,baseline,1b,2052,0.208,2.3948,0.4321,0.7512,1.3195,0.0065,0.0113,0.0198
SSP1-2.6,baseline,1b,2053,0.212,2.476,0.4468,0.7767,1.3643,0.0069,0.0121,0.0212
SSP1-2.6,baseline,1b,2054,0.216,2.5599,0.4619,0.803,1.4105,0.0074,0.0129,0.0226
SSP1-2.6,baseline,1b,2055,0.22,2.6466,0.4776,0.8302,1.4582,0.0079,0.0137,0.024
SSP1-2.6,baseline,1b,2056,0.224,2.7361,0.4937,0.8583,1.5076,0.0084,0.0145,0.0255
SSP1-2.6,baseline,1b,2057,0.228,2.8286,0.5104,0.8873,1.5585,0.0089,0.0154,0.0271
SSP1-2.6,baseline,1b,2058,0.232,2.9241,0.5276,0.9173,1.6111,0.0094,0.0163,0.0287
SSP1-2.6,baseline,1b,2059,0.236,3.0227,0.5454,0.9482,1.6655,0.0099,0.0173,0.0304
SSP1-2.6,baseline,1b,2060,0.24,3.1246,0.5638,0.9802,1.7216,0.0105,0.0183,0.0321
SSP1-2.6,baseline,1b,2061,0.244,3.2298,0.5828,1.0132,1.7796,0.0111,0.0193,0.0339
SSP1-2.6,baseline,1b,2062,0.248,3.3385,0.6024,1.0473,1.8394,0.0117,0.0203,0.0357
SSP1-2.6,baseline,1b,2063,0.252,3.4507,0.6226,1.0825,1.9013,0.0123,0.0214,0.0376
SSP1-2.6,baseline,1b,2064,0.256,3.5666,0.6436,1.1188,1.9651,0.013,0.0225,0.0396
SSP1-2.6,baseline,1b,2065,0.26,3.6862,0.6651,1.1564,2.0311,0.0136,0.0237,0.0416
SSP1-2.6,baseline,1b,2066,0.264,3.8098,0.6874,1.1951,2.0992,0.0143,0.0249,0.0437
SSP1-2.6,baseline,1b,2067,0.268,3.9374,0.7105,1.2352,2.1695,0.015,0.0261,0.0459
SSP1-2.6,baseline,1b,2068,0.272,4.0692,0.7342,1.2765,2.2421,0.0158,0.0274,0.0481
SSP1-2.6,baseline,1b,2069,0.276,4.2053,0.7588,1.3192,2.3171,0.0165,0.0287,0.0504
SSP1-2.6,baseline,1b,2070,0.28,4.3458,0.7842,1.3633,2.3945,0.0173,0.0301,0.0528
SSP1-2.6,baseline,1b,2071,0.284,4.4909,0.8103,1.4088,2.4744,0.0181,0.0315,0.0553
SSP1-2.6,baseline,1b,2072,0.288,4.6407,0.8374,1.4558,2.557,0.019,0.0329,0.0579
SSP1-2.6,baseline,1b,2073,0.292,4.7954,0.8653,1.5043,2.6422,0.0198,0.0345,0.0605
SSP1-2.6,baseline,1b,2074,0.296,4.9551,0.8941,1.5544,2.7302,0.0207,0.036,0.0632
SSP1-2.6,baseline,1b,2075,0.3,5.12,0.9239,1.6061,2.8211,0.0216,0.0376,0.0661
SSP1-2.6,baseline,1b,2076,0.304,5.2903,0.9546,1.6595,2.9149,0.0226,0.0393,0.069
SSP1-2.6,baseline,1b,2077,0.308,5.4661,0.9863,1.7147,3.0117,0.0236,0.041,0.072
SSP1-2.6,baseline,1b,2078,0.312,5.6475,1.019,1.7716,3.1117,0.0246,0.0428,0.0751
SSP1-2.6,baseline,1b,2079,0.316,5.8349,1.0529,1.8304,3.215,0.0256,0.0446,0.0783
SSP1-2.6,baseline,1b,2080,0.32,6.0284,1.0878,1.8911,3.3216,0.0267,0.0465,0.0816
SSP1-2.6,baseline,1b,2081,0.324,6.2281,1.1238,1.9537,3.4316,0.0279,0.0484,0.0851
SSP1-2.6,baseline,1b,2082,0.328,6.4343,1.161,2.0184,3.5452,0.029,0.0505,0.0886
SSP1-2.6,baseline,1b,2083,0.332,6.6471,1.1994,2.0852,3.6625,0.0302,0.0525,0.0923
SSP1-2.6,baseline,1b,2084,0.336,6.8668,1.2391,2.1541,3.7835,0.0315,0.0547,0.0961
SSP1-2.6,baseline,1b,2085,0.34,7.0937,1.28,2.2253,3.9085,0.0327,0.0569,0.1
SSP1-2.6,baseline,1b,2086,0.344,7.3278,1.3222,2.2987,4.0375,0.0341,0.0592,0.104
SSP1-2.6,baseline,1b,2087,0.348,7.5696,1.3659,2.3745,4.1707,0.0354,0.0616,0.1082
SSP1-2.6,baseline,1b,2088,0.352,7.8191,1.4109,2.4528,4.3082,0.0368,0.064,0.1125
SSP1-2.6,baseline,1b,2089,0.356,8.0766,1.4574,2.5336,4.4501,0.0383,0.0666,0.1169
SSP1-2.6,baseline,1b,2090,0.36,8.3425,1.5053,2.617,4.5966,0.0398,0.0692,0.1215
SSP1-2.6,baseline,1b,2091,0.364,8.6169,1.5548,2.7031,4.7478,0.0414,0.0719,0.1263
SSP1-2.6,baseline,1b,2092,0.368,8.9002,1.606,2.792,4.9039,0.043,0.0747,0.1312
SSP1-2.6,baseline,1b,2093,0.372,9.1926,1.6587,2.8837,5.065,0.0446,0.0776,0.1362
SSP1-2.6,baseline,1b,2094,0.376,9.4944,1.7132,2.9783,5.2313,0.0463,0.0805,0.1415
SSP1-2.6,baseline,1b,2095,0.38,9.8059,1.7694,3.0761,5.4029,0.0481,0.0836,0.1469
SSP1-2.6,baseline,1b,2096,0.384,10.1274,1.8274,3.1769,5.5801,0.0499,0.0868,0.1525
SSP1-2.6,baseline,1b,2097,0.388,10.4592,1.8873,3.281,5.7629,0.0518,0.0901,0.1582
SSP1-2.6,baseline,1b,2098,0.392,10.8017,1.9491,3.3884,5.9516,0.0538,0.0935,0.1642
SSP1-2.6,baseline,1b,2099,0.396,11.1552,2.0128,3.4993,6.1464,0.0558,0.097,0.1703
SSP1-2.6,baseline,1b,2100,0.4,11.52,2.0787,3.6138,6.3474,0.0579,0.1006,0.1767
SSP1-2.6,baseline,2,2025,0.035,0.6061,0.1094,0.1901,0.334,0.0001,0.0002,0.0003
SSP1-2.6,baseline,2,2026,0.042,0.6446,0.1163,0.2022,0.3552,0.0002,0.0004,0.0007
SSP1-2.6,baseline,2,2027,0.049,0.6854,0.1237,0.215,0.3776,0.0003,0.0006,0.0011
SSP1-2.6,baseline,2,2028,0.056,0.7286,0.1315,0.2286,0.4015,0.0005,0.0008,0.0015
SSP1-2.6,baseline,2,2029,0.063,0.7745,0.1397,0.2429,0.4267,0.0006,0.0011,0.0019
SSP1-2.6,baseline,2,2030,0.07,0.8231,0.1485,0.2582,0.4535,0.0008,0.0013,0.0023
SSP1-2.6,baseline,2,2031,0.076,0.8671,0.1565,0.272,0.4777,0.0009,0.0016,0.0028
SSP1-2.6,baseline,2,2032,0.082,0.9133,0.1648,0.2865,0.5032,0.0011,0.0019,0.0033
SSP1-2.6,baseline,2,2033,0.088,0.9619,0.1736,0.3017,0.53,0.0013,0.0022,0.0039
SSP1-2.6,baseline,2,2034,0.094,1.013,0.1828,0.3178,0.5581,0.0014,0.0025,0.0044
SSP1-2.6,baseline,2,2035,0.1,1.0667,0.1925,0.3346,0.5877,0.0016,0.0028,0.005
SSP1-2.6,baseline,2,2036,0.106,1.1231,0.2026,0.3523,0.6188,0.0018,0.0032,0.0056
SSP1-2.6,baseline,2,2037,0.112,1.1824,0.2133,0.3709,0.6515,0.0021,0.0036,0.0063
SSP1-2.6,baseline,2,2038,0.118,1.2447,0.2246,0.3904,0.6858,0.0023,0.004,0.007
SSP1-2.6,baseline,2,2039,0.124,1.3101,0.2364,0.411,0.7219,0.0025,0.0044,0.0077
SSP1-2.6,baseline,2,2040,0.13,1.3789,0.2488,0.4325,0.7597,0.0028,0.0048,0.0084
SSP1-2.6,baseline,2,2041,0.137,1.4635,0.2641,0.4591,0.8064,0.003,0.0053,0.0092
SSP1-2.6,baseline,2,2042,0.144,1.5532,0.2803,0.4872,0.8558,0.0033,0.0058,0.0101
SSP1-2.6,baseline,2,2043,0.151,1.6481,0.2974,0.517,0.9081,0.0036,0.0063,0.011
SSP1-2.6,baseline,2,2044,0.158,1.7486,0.3155,0.5485,0.9635,0.0039,0.0068,0.012
SSP1-2.6,baseline,2,2045,0.165,1.8551,0.3347,0.5819,1.0221,0.0043,0.0074,0.013
SSP1-2.6,baseline,2,2046,0.172,1.9678,0.3551,0.6173,1.0843,0.0046,0.008,0.0141
SSP1-2.6,baseline,2,2047,0.179,2.0872,0.3766,0.6547,1.15,0.005,0.0087,0.0152
SSP1-2.6,baseline,2,2048,0.186,2.2135,0.3994,0.6944,1.2196,0.0054,0.0094,0.0165
SSP1-2.6,baseline,2,2049,0.193,2.3473,0.4235,0.7363,1.2933,0.0058,0.0101,0.0177
SSP1-2.6,baseline,2,2050,0.2,2.4889,0.4491,0.7808,1.3713,0.0063,0.0109,0.0191
SSP1-2.6,baseline,2,2051,0.204,2.5735,0.4644,0.8073,1.418,0.0067,0.0117,0.0205
SSP1-2.6,baseline,2,2052,0.208,2.6609,0.4801,0.8347,1.4661,0.0072,0.0125,0.022
SSP1-2.6,baseline,2,2053,0.212,2.7511,0.4964,0.863,1.5158,0.0077,0.0134,0.0235
SSP1-2.6,baseline,2,2054,0.216,2.8444,0.5132,0.8923,1.5672,0.0082,0.0143,0.0251
SSP1-2.6,baseline,2,2055,0.22,2.9407,0.5306,0.9225,1.6203,0.0087,0.0152,0.0267
SSP1-2.6,baseline,2,2056,0.224,3.0401,0.5486,0.9537,1.6751,0.0093,0.0162,0.0284
SSP1-2.6,baseline,2,2057,0.228,3.1429,0.5671,0.9859,1.7317,0.0099,0.0171,0.0301
SSP1-2.6,baseline,2,2058,0.232,3.249,0.5862,1.0192,1.7902,0.0104,0.0182,0.0319
SSP1-2.6,baseline,2,2059,0.236,3.3586,0.606,1.0536,1.8505,0.0111,0.0192,0.0338
SSP1-2.6,baseline,2,2060,0.24,3.4718,0.6264,1.0891,1.9129,0.0117,0.0203,0.0357
SSP1-2.6,baseline,2,2061,0.244,3.5887,0.6475,1.1258,1.9773,0.0123,0.0214,0.0376
SSP1-2.6,baseline,2,2062,0.248,3.7094,0.6693,1.1636,2.0438,0.013,0.0226,0.0397
SSP1-2.6,baseline,2,2063,0.252,3.8341,0.6918,1.2027,2.1125,0.0137,0.0238,0.0418
SSP1-2.6,baseline,2,2064,0.256,3.9628,0.7151,1.2431,2.1835,0.0144,0.025,0.044
SSP1-2.6,baseline,2,2065,0.26,4.0958,0.739,1.2848,2.2567,0.0151,0.0263,0.0462
SSP1-2.6,baseline,2,2066,0.264,4.2331,0.7638,1.3279,2.3324,0.0159,0.0277,0.0486
SSP1-2.6,baseline,2,2067,0.268,4.3749,0.7894,1.3724,2.4105,0.0167,0.029,0.051
SSP1-2.6,baseline,2,2068,0.272,4.5213,0.8158,1.4183,2.4912,0.0175,0.0304,0.0535
SSP1-2.6,baseline,2,2069,0.276,4.6725,0.8431,1.4658,2.5745,0.0184,0.0319,0.056
SSP1-2.6,baseline,2,2070,0.28,4.8287,0.8713,1.5147,2.6605,0.0192,0.0334,0.0587
SSP1-2.6,baseline,2,2071,0.284,4.9899,0.9004,1.5653,2.7494,0.0201,0.035,0.0615
SSP1-2.6,baseline,2,2072,0.288,5.1563,0.9304,1.6175,2.8411,0.0211,0.0366,0.0643
SSP1-2.6,baseline,2,2073,0.292,5.3282,0.9614,1.6714,2.9358,0.022,0.0383,0.0672
SSP1-2.6,baseline,2,2074,0.296,5.5057,0.9934,1.7271,3.0335,0.023,0.04,0.0703
SSP1-2.6,baseline,2,2075,0.3,5.6889,1.0265,1.7846,3.1345,0.024,0.0418,0.0734
SSP1-2.6,baseline,2,2076,0.304,5.8781,1.0606,1.8439,3.2387,0.0251,0.0436,0.0766
SSP1-2.6,baseline,2,2077,0.308,6.0734,1.0959,1.9052,3.3464,0.0262,0.0455,0.08
SSP1-2.6,baseline,2,2078,0.312,6.275,1.1323,1.9685,3.4575,0.0273,0.0475,0.0834
SSP1-2.6,baseline,2,2079,0.316,6.4832,1.1698,2.0338,3.5722,0.0285,0.0495,0.087
SSP1-2.6,baseline,2,2080,0.32,6.6982,1.2086,2.1012,3.6906,0.0297,0.0516,0.0907
SSP1-2.6,baseline,2,2081,0.324,6.9201,1.2487,2.1708,3.8129,0.031,0.0538,0.0945
SSP1-2.6,baseline,2,2082,0.328,7.1492,1.29,2.2427,3.9391,0.0322,0.0561,0.0985
SSP1-2.6,baseline,2,2083,0.332,7.3857,1.3327,2.3169,4.0694,0.0336,0.0584,0.1025
SSP1-2.6,baseline,2,2084,0.336,7.6298,1.3767,2.3934,4.2039,0.035,0.0608,0.1067
SSP1-2.6,baseline,2,2085,0.34,7.8819,1.4222,2.4725,4.3428,0.0364,0.0632,0.1111
SSP1-2.6,baseline,2,2086,0.344,8.142,1.4692,2.5541,4.4862,0.0378,0.0658,0.1156
SSP1-2.6,baseline,2,2087,0.348,8.4106,1.5176,2.6384,4.6341,0.0394,0.0684,0.1202
SSP1-2.6,baseline,2,2088,0.352,8.6879,1.5676,2.7253,4.7869,0.0409,0.0712,0.125
SSP1-2.6,baseline,2,2089,0.356,8.974,1.6193,2.8151,4.9446,0.0425,0.074,0.1299
SSP1-2.6,baseline,2,2090,0.36,9.2694,1.6726,2.9078,5.1074,0.0442,0.0769,0.135
SSP1-2.6,baseline,2,2091,0.364,9.5744,1.7276,3.0034,5.2754,0.0459,0.0799,0.1403
SSP1-2.6,baseline,2,2092,0.368,9.8891,1.7844,3.1022,5.4488,0.0477,0.083,0.1458
SSP1-2.6,baseline,2,2093,0.372,10.214,1.843,3.2041,5.6278,0.0496,0.0862,0.1514
SSP1-2.6,baseline,2,2094,0.376,10.5493,1.9035,3.3093,5.8125,0.0515,0.0895,0.1572
SSP1-2.6,baseline,2,2095,0.38,10.8954,1.966,3.4178,6.0032,0.0534,0.0929,0.1632
SSP1-2.6,baseline,2,2096,0.384,11.2527,2.0304,3.5299,6.2001,0.0555,0.0964,0.1694
SSP1-2.6,baseline,2,2097,0.388,11.6214,2.097,3.6456,6.4032,0.0576,0.1001,0.1758
SSP1-2.6,baseline,2,2098,0.392,12.0019,2.1656,3.7649,6.6129,0.0597,0.1039,0.1824
SSP1-2.6,baseline,2,2099,0.396,12.3947,2.2365,3.8881,6.8293,0.062,0.1077,0.1892
SSP1-2.6,baseline,2,2100,0.4,12.8,2.3096,4.0153,7.0526,0.0643,0.1118,0.1963
SSP1-2.6,baseline,3,2025,0.035,0.5455,0.0984,0.1711,0.3006,0.0001,0.0002,0.0003
SSP1-2.6,baseline,3,2026,0.042,0.5801,0.1047,0.182,0.3196,0.0002,0.0004,0.0006
SSP1-2.6,baseline,3,2027,0.049,0.6168,0.1113,0.1935,0.3399,0.0003,0.0005,0.001
SSP1-2.6,baseline,3,2028,0.056,0.6558,0.1183,0.2057,0.3613,0.0004,0.0008,0.0013
SSP1-2.6,baseline,3,2029,0.063,0.697,0.1258,0.2187,0.3841,0.0006,0.001,0.0017
SSP1-2.6,baseline,3,2030,0.07,0.7408,0.1337,0.2324,0.4082,0.0007,0.0012,0.0021
SSP1-2.6,baseline,3,2031,0.076,0.7804,0.1408,0.2448,0.43,0.0008,0.0014,0.0025
SSP1-2.6,baseline,3,2032,0.082,0.822,0.1483,0.2578,0.4529,0.001,0.0017,0.003
SSP1-2.6,baseline,3,2033,0.088,0.8657,0.1562,0.2716,0.477,0.0011,0.002,0.0035
SSP1-2.6,baseline,3,2034,0.094,0.9117,0.1645,0.286,0.5023,0.0013,0.0023,0.004
SSP1-2.6,baseline,3,2035,0.1,0.96,0.1732,0.3011,0.5289,0.0015,0.0026,0.0045
SSP1-2.6,baseline,3,2036,0.106,1.0108,0.1824,0.3171,0.5569,0.0017,0.0029,0.0051
SSP1-2.6,baseline,3,2037,0.112,1.0641,0.192,0.3338,0.5863,0.0018,0.0032,0.0056
SSP1-2.6,baseline,3,2038,0.118,1.1202,0.2021,0.3514,0.6172,0.0021,0.0036,0.0063
SSP1-2.6,baseline,3,2039,0.124,1.1791,0.2128,0.3699,0.6497,0.0023,0.0039,0.0069
SSP1-2.6,baseline,3,2040,0.13,1.241,0.2239,0.3893,0.6838,0.0025,0.0043,0.0076
SSP1-2.6,baseline,3,2041,0.137,1.3172,0.2377,0.4132,0.7257,0.0027,0.0047,0.0083
SSP1-2.6,baseline,3,2042,0.144,1.3978,0.2522,0.4385,0.7702,0.003,0.0052,0.0091
SSP1-2.6,baseline,3,2043,0.151,1.4833,0.2676,0.4653,0.8173,0.0032,0.0056,0.0099
SSP1-2.6,baseline,3,2044,0.158,1.5738,0.284,0.4937,0.8671,0.0035,0.0061,0.0108
SSP1-2.6,baseline,3,2045,0.165,1.6696,0.3013,0.5237,0.9199,0.0038,0.0067,0.0117
SSP1-2.6,baseline,3,2046,0.172,1.7711,0.3196,0.5556,0.9758,0.0042,0.0072,0.0127
SSP1-2.6,baseline,3,2047,0.179,1.8785,0.339,0.5893,1.035,0.0045,0.0078,0.0137
SSP1-2.6,baseline,3,2048,0.186,1.9922,0.3595,0.6249,1.0977,0.0048,0.0084,0.0148
SSP1-2.6,baseline,3,2049,0.193,2.1126,0.3812,0.6627,1.164,0.0052,0.0091,0.016
SSP1-2.6,baseline,3,2050,0.2,2.24,0.4042,0.7027,1.2342,0.0056,0.0098,0.0172
SSP1-2.6,baseline,3,2051,0.204,2.3161,0.4179,0.7266,1.2762,0.0061,0.0105,0.0185
SSP1-2.6,baseline,3,2052,0.208,2.3948,0.4321,0.7512,1.3195,0.0065,0.0113,0.0198
SSP1-2.6,baseline,3,2053,0.212,2.476,0.4468,0.7767,1.3643,0.0069,0.0121,0.0212
SSP1-2.6,baseline,3,2054,0.216,2.5599,0.4619,0.803,1.4105,0.0074,0.0129,0.0226
SSP1-2.6,baseline,3,2055,0.22,2.6466,0.4776,0.8302,1.4582,0.0079,0.0137,0.024
SSP1-2.6,baseline,3,2056,0.224,2.7361,0.4937,0.8583,1.5076,0.0084,0.0145,0.0255
SSP1-2.6,baseline,3,2057,0.228,2.8286,0.5104,0.8873,1.5585,0.0089,0.0154,0.0271
SSP1-2.6,baseline,3,2058,0.232,2.9241,0.5276,0.9173,1.6111,0.0094,0.0163,0.0287
SSP1-2.6,baseline,3,2059,0.236,3.0227,0.5454,0.9482,1.6655,0.0099,0.0173,0.0304
SSP1-2.6,baseline,3,2060,0.24,3.1246,0.5638,0.9802,1.7216,0.0105,0.0183,0.0321
SSP1-2.6,baseline,3,2061,0.244,3.2298,0.5828,1.0132,1.7796,0.0111,0.0193,0.0339
SSP1-2.6,baseline,3,2062,0.248,3.3385,0.6024,1.0473,1.8394,0.0117,0.0203,0.0357
SSP1-2.6,baseline,3,2063,0.252,3.4507,0.6226,1.0825,1.9013,0.0123,0.0214,0.0376
SSP1-2.6,baseline,3,2064,0.256,3.5666,0.6436,1.1188,1.9651,0.013,0.0225,0.0396
SSP1-2.6,baseline,3,2065,0.26,3.6862,0.6651,1.1564,2.0311,0.0136,0.0237,0.0416
SSP1-2.6,baseline,3,2066,0.264,3.8098,0.6874,1.1951,2.0992,0.0143,0.0249,0.0437
SSP1-2.6,baseline,3,2067,0.268,3.9374,0.7105,1.2352,2.1695,0.015,0.0261,0.0459
SSP1-2.6,baseline,3,2068,0.272,4.0692,0.7342,1.2765,2.2421,0.0158,0.0274,0.0481
SSP1-2.6,baseline,3,2069,0.276,4.2053,0.7588,1.3192,2.3171,0.0165,0.0287,0.0504
SSP1-2.6,baseline,3,2070,0.28,4.3458,0.7842,1.3633,2.3945,0.0173,0.0301,0.0528
SSP1-2.6,baseline,3,2071,0.284,4.4909,0.8103,1.4088,2.4744,0.0181,0.0315,0.0553
SSP1-2.6,baseline,3,2072,0.288,4.6407,0.8374,1.4558,2.557,0.019,0.0329,0.0579
SSP1-2.6,baseline,3,2073,0.292,4.7954,0.8653,1.5043,2.6422,0.0198,0.0345,0.0605
SSP1-2.6,baseline,3,2074,0.296,4.9551,0.8941,1.5544,2.7302,0.0207,0.036,0.0632
SSP1-2.6,baseline,3,2075,0.3,5.12,0.9239,1.6061,2.8211,0.0216,0.0376,0.0661
SSP1-2.6,baseline,3,2076,0.304,5.2903,0.9546,1.6595,2.9149,0.0226,0.0393,0.069
SSP1-2.6,baseline,3,2077,0.308,5.4661,0.9863,1.7147,3.0117,0.0236,0.041,0.072
SSP1-2.6,baseline,3,2078,0.312,5.6475,1.019,1.7716,3.1117,0.0246,0.0428,0.0751
SSP1-2.6,baseline,3,2079,0.316,5.8349,1.0529,1.8304,3.215,0.0256,0.0446,0.0783
SSP1-2.6,baseline,3,2080,0.32,6.0284,1.0878,1.8911,3.3216,0.0267,0.0465,0.0816
SSP1-2.6,baseline,3,2081,0.324,6.2281,1.1238,1.9537,3.4316,0.0279,0.0484,0.0851
SSP1-2.6,baseline,3,2082,0.328,6.4343,1.161,2.0184,3.5452,0.029,0.0505,0.0886
SSP1-2.6,baseline,3,2083,0.332,6.6471,1.1994,2.0852,3.6625,0.0302,0.0525,0.0923
SSP1-2.6,baseline,3,2084,0.336,6.8668,1.2391,2.1541,3.7835,0.0315,0.0547,0.0961
SSP1-2.6,baseline,3,2085,0.34,7.0937,1.28,2.2253,3.9085,0.0327,0.0569,0.1
SSP1-2.6,baseline,3,2086,0.344,7.3278,1.3222,2.2987,4.0375,0.0341,0.0592,0.104
SSP1-2.6,baseline,3,2087,0.348,7.5696,1.3659,2.3745,4.1707,0.0354,0.0616,0.1082
SSP1-2.6,baseline,3,2088,0.352,7.8191,1.4109,2.4528,4.3082,0.0368,0.064,0.1125
SSP1-2.6,baseline,3,2089,0.356,8.0766,1.4574,2.5336,4.4501,0.0383,0.0666,0.1169
SSP1-2.6,baseline,3,2090,0.36,8.3425,1.5053,2.617,4.5966,0.0398,0.0692,0.1215
SSP1-2.6,baseline,3,2091,0.364,8.6169,1.5548,2.7031,4.7478,0.0414,0.0719,0.1263
SSP1-2.6,baseline,3,2092,0.368,8.9002,1.606,2.792,4.9039,0.043,0.0747,0.1312
SSP1-2.6,baseline,3,2093,0.372,9.1926,1.6587,2.8837,5.065,0.0446,0.0776,0.1362
SSP1-2.6,baseline,3,2094,0.376,9.4944,1.7132,2.9783,5.2313,0.0463,0.0805,0.1415
SSP1-2.6,baseline,3,2095,0.38,9.8059,1.7694,3.0761,5.4029,0.0481,0.0836,0.1469
SSP1-2.6,baseline,3,2096,0.384,10.1274,1.8274,3.1769,5.5801,0.0499,0.0868,0.1525
SSP1-2.6,baseline,3,2097,0.388,10.4592,1.8873,3.281,5.7629,0.0518,0.0901,0.1582
SSP1-2.6,baseline,3,2098,0.392,10.8017,1.9491,3.3884,5.9516,0.0538,0.0935,0.1642
SSP1-2.6,baseline,3,2099,0.396,11.1552,2.0128,3.4993,6.1464,0.0558,0.097,0.1703
SSP1-2.6,baseline,3,2100,0.4,11.52,2.0787,3.6138,6.3474,0.0579,0.1006,0.1767
SSP1-2.6,+geoid,1a,2025,0.185,1.9755,0.3565,0.6197,1.0885,0.0004,0.0006,0.0011
SSP1-2.6,+geoid,1a,2026,0.192,2.095,0.378,0.6572,1.1543,0.0007,0.0013,0.0022
SSP1-2.6,+geoid,1a,2027,0.199,2.2213,0.4008,0.6968,1.2239,0.0011,0.002,0.0035
SSP1-2.6,+geoid,1a,2028,0.206,2.3551,0.425,0.7388,1.2977,0.0016,0.0027,0.0048
SSP1-2.6,+geoid,1a,2029,0.213,2.4967,0.4505,0.7832,1.3757,0.002,0.0035,0.0061
SSP1-2.6,+geoid,1a,2030,0.22,2.6466,0.4776,0.8302,1.4582,0.0025,0.0043,0.0076
SSP1-2.6,+geoid,1a,2031,0.226,2.782,0.502,0.8727,1.5328,0.003,0.0052,0.0091
SSP1-2.6,+geoid,1a,2032,0.232,2.9241,0.5276,0.9173,1.6111,0.0035,0.0061,0.0107
SSP1-2.6,+geoid,1a,2033,0.238,3.0732,0.5545,0.9641,1.6933,0.0041,0.0071,0.0124
SSP1-2.6,+geoid,1a,2034,0.244,3.2298,0.5828,1.0132,1.7796,0.0047,0.0081,0.0142
SSP1-2.6,+geoid,1a,2035,0.25,3.3941,0.6124,1.0647,1.8701,0.0053,0.0092,0.0161
SSP1-2.6,+geoid,1a,2036,0.256,3.5666,0.6436,1.1188,1.9651,0.0059,0.0103,0.0181
SSP1-2.6,+geoid,1a,2037,0.262,3.7475,0.6762,1.1756,2.0648,0.0066,0.0115,0.0201
SSP1-2.6,+geoid,1a,2038,0.268,3.9374,0.7105,1.2352,2.1695,0.0073,0.0127,0.0223
SSP1-2.6,+geoid,1a,2039,0.274,4.1367,0.7464,1.2977,2.2793,0.008,0.014,0.0246
SSP1-2.6,+geoid,1a,2040,0.28,4.3458,0.7842,1.3633,2.3945,0.0088,0.0153,0.027
SSP1-2.6,+geoid,1a,2041,0.287,4.6028,0.8305,1.4439,2.5361,0.0097,0.0168,0.0295
SSP1-2.6,+geoid,1a,2042,0.294,4.8746,0.8796,1.5291,2.6858,0.0105,0.0183,0.0322
SSP1-2.6,+geoid,1a,2043,0.301,5.1621,0.9314,1.6193,2.8442,0.0115,0.0199,0.035
SSP1-2.6,+geoid,1a,2044,0.308,5.4661,0.9863,1.7147,3.0117,0.0125,0.0217,0.038
SSP1-2.6,+geoid,1a,2045,0.315,5.7875,1.0443,1.8155,3.1888,0.0135,0.0235,0.0412
SSP1-2.6,+geoid,1a,2046,0.322,6.1274,1.1056,1.9221,3.3761,0.0146,0.0254,0.0446
SSP1-2.6,+geoid,1a,2047,0.329,6.4868,1.1705,2.0349,3.5742,0.0158,0.0274,0.0482
SSP1-2.6,+geoid,1a,2048,0.336,6.8668,1.2391,2.1541,3.7835,0.017,0.0296,0.052
SSP1-2.6,+geoid,1a,2049,0.343,7.2686,1.3116,2.2801,4.0049,0.0183,0.0319,0.056
SSP1-2.6,+geoid,1a,2050,0.35,7.6933,1.3882,2.4134,4.2389,0.0197,0.0343,0.0602
SSP1-2.6,+geoid,1a,2051,0.354,7.9468,1.4339,2.4929,4.3786,0.0211,0.0368,0.0646
SSP1-2.6,+geoid,1a,2052,0.358,8.2085,1.4812,2.575,4.5228,0.0226,0.0393,0.0691
SSP1-2.6,+geoid,1a,2053,0.362,8.4786,1.5299,2.6597,4.6716,0.0242,0.042,0.0738
SSP1-2.6,+geoid,1a,2054,0.366,8.7574,1.5802,2.7472,4.8252,0.0257,0.0448,0.0786
SSP1-2.6,+geoid,1a,2055,0.37,9.0452,1.6321,2.8375,4.9838,0.0274,0.0476,0.0836
SSP1-2.6,+geoid,1a,2056,0.374,9.3423,1.6857,2.9306,5.1475,0.0291,0.0505,0.0887
SSP1-2.6,+geoid,1a,2057,0.378,9.6489,1.7411,3.0268,5.3164,0.0308,0.0535,0.094
SSP1-2.6,+geoid,1a,2058,0.382,9.9654,1.7982,3.1261,5.4908,0.0326,0.0567,0.0995
SSP1-2.6,+geoid,1a,2059,0.386,10.292,1.8571,3.2286,5.6708,0.0345,0.0599,0.1052
SSP1-2.6,+geoid,1a,2060,0.39,10.6291,1.9179,3.3343,5.8565,0.0364,0.0632,0.1111
SSP1-2.6,+geoid,1a,2061,0.394,10.9771,1.9807,3.4435,6.0482,0.0384,0.0667,0.1171
SSP1-2.6,+geoid,1a,2062,0.398,11.3362,2.0455,3.5561,6.2461,0.0404,0.0702,0.1234
SSP1-2.6,+geoid,1a,2063,0.402,11.7068,2.1124,3.6724,6.4503,0.0425,0.0739,0.1298
SSP1-2.6,+geoid,1a,2064,0.406,12.0893,2.1814,3.7924,6.661,0.0447,0.0777,0.1365
SSP1-2.6,+geoid,1a,2065,0.41,12.484,2.2526,3.9162,6.8785,0.0469,0.0816,0.1434
SSP1-2.6,+geoid,1a,2066,0.414,12.8914,2.3261,4.044,7.103,0.0493,0.0857,0.1505
SSP1-2.6,+geoid,1a,2067,0.418,13.3118,2.402,4.1759,7.3347,0.0517,0.0898,0.1578
SSP1-2.6,+geoid,1a,2068,0.422,13.7457,2.4803,4.312,7.5737,0.0542,0.0941,0.1654
SSP1-2.6,+geoid,1a,2069,0.426,14.1935,2.5611,4.4524,7.8204,0.0567,0.0986,0.1732
SSP1-2.6,+geoid,1a,2070,0.43,14.6555,2.6445,4.5974,8.075,0.0594,0.1032,0.1813
SSP1-2.6,+geoid,1a,2071,0.434,15.1324,2.7305,4.747,8.3377,0.0621,0.1079,0.1896
SSP1-2.6,+geoid,1a,2072,0.438,15.6244,2.8193,4.9013,8.6089,0.0649,0.1128,0.1982
SSP1-2.6,+geoid,1a,2073,0.442,16.1322,2.9109,5.0606,8.8886,0.0678,0.1179,0.2071
SSP1-2.6,+geoid,1a,2074,0.446,16.6562,3.0054,5.225,9.1773,0.0708,0.1231,0.2163
SSP1-2.6,+geoid,1a,2075,0.45,17.1968,3.103,5.3946,9.4752,0.0739,0.1285,0.2257
SSP1-2.6,+geoid,1a,2076,0.454,17.7547,3.2037,5.5696,9.7826,0.0771,0.1341,0.2355
SSP1-2.6,+geoid,1a,2077,0.458,18.3304,3.3076,5.7502,10.0998,0.0804,0.1398,0.2456
SSP1-2.6,+geoid,1a,2078,0.462,18.9245,3.4147,5.9365,10.4271,0.0839,0.1458,0.2561
SSP1-2.6,+geoid,1a,2079,0.466,19.5374,3.5253,6.1288,10.7649,0.0874,0.1519,0.2668
SSP1-2.6,+geoid,1a,2080,0.47,20.1699,3.6395,6.3272,11.1133,0.091,0.1582,0.2779
SSP1-2.6,+geoid,1a,2081,0.474,20.8224,3.7572,6.5319,11.4729,0.0948,0.1648,0.2894
SSP1-2.6,+geoid,1a,2082,0.478,21.4957,3.8787,6.7431,11.8439,0.0987,0.1715,0.3013
SSP1-2.6,+geoid,1a,2083,0.482,22.1904,4.0041,6.961,12.2267,0.1027,0.1785,0.3135
SSP1-2.6,+geoid,1a,2084,0.486,22.9072,4.1334,7.1859,12.6216,0.1068,0.1857,0.3261
SSP1-2.6,+geoid,1a,2085,0.49,23.6468,4.2668,7.4179,13.0291,0.1111,0.1931,0.3391
SSP1-2.6,+geoid,1a,2086,0.494,24.4098,4.4045,7.6573,13.4495,0.1155,0.2007,0.3526
SSP1-2.6,+geoid,1a,2087,0.498,25.1971,4.5466,7.9042,13.8833,0.12,0.2086,0.3665
SSP1-2.6,+geoid,1a,2088,0.502,26.0093,4.6931,8.159,14.3308,0.1247,0.2168,0.3808
SSP1-2.6,+geoid,1a,2089,0.506,26.8472,4.8443,8.4219,14.7925,0.1295,0.2252,0.3956
SSP1-2.6,+geoid,1a,2090,0.51,27.7118,5.0003,8.6931,15.2688,0.1345,0.2339,0.4109
SSP1-2.6,+geoid,1a,2091,0.514,28.6037,5.1613,8.9729,15.7603,0.1397,0.2429,0.4266
SSP1-2.6,+geoid,1a,2092,0.518,29.5239,5.3273,9.2615,16.2673,0.145,0.2521,0.4429
SSP1-2.6,+geoid,1a,2093,0.522,30.4732,5.4986,9.5593,16.7903,0.1505,0.2617,0.4597
SSP1-2.6,+geoid,1a,2094,0.526,31.4525,5.6753,9.8665,17.3299,0.1562,0.2716,0.477
SSP1-2.6,+geoid,1a,2095,0.53,32.4628,5.8576,10.1834,17.8866,0.1621,0.2818,0.4949
SSP1-2.6,+geoid,1a,2096,0.534,33.5051,6.0457,10.5104,18.4609,0.1681,0.2923,0.5133
SSP1-2.6,+geoid,1a,2097,0.538,34.5803,6.2397,10.8477,19.0533,0.1744,0.3031,0.5324
SSP1-2.6,+geoid,1a,2098,0.542,35.6895,6.4398,11.1956,19.6645,0.1808,0.3143,0.5521
SSP1-2.6,+geoid,1a,2099,0.546,36.8337,6.6463,11.5546,20.2949,0.1874,0.3259,0.5724
SSP1-2.6,+geoid,1a,2100,0.55,38.0141,6.8593,11.9248,20.9453,0.1943,0.3378,0.5933
SSP1-2.6,+geoid,1b,2025,0.185,1.9755,0.3565,0.6197,1.0885,0.0004,0.0006,0.0011
SSP1-2.6,+geoid,1b,2026,0.192,2.095,0.378,0.6572,1.1543,0.0007,0.0013,0.0022
SSP1-2.6,+geoid,1b,2027,0.199,2.2213,0.4008,0.6968,1.2239,0.0011,0.002,0.0035
SSP1-2.6,+geoid,1b,2028,0.206,2.3551,0.425,0.7388,1.2977,0.0016,0.0027,0.0048
SSP1-2.6,+geoid,1b,2029,0.213,2.4967,0.4505,0.7832,1.3757,0.002,0.0035,0.0061
SSP1-2.6,+geoid,1b,2030,0.22,2.6466,0.4776,0.8302,1.4582,0.0025,0.0043,0.0076
SSP1-2.6,+geoid,1b,2031,0.226,2.782,0.502,0.8727,1.5328,0.003,0.0052,0.0091
SSP1-2.6,+geoid,1b,2032,0.232,2.9241,0.5276,0.9173,1.6111,0.0035,0.0061,0.0107
SSP1-2.6,+geoid,1b,2033,0.238,3.0732,0.5545,0.9641,1.6933,0.0041,0.0071,0.0124
SSP1-2.6,+geoid,1b,2034,0.244,3.2298,0.5828,1.0132,1.7796,0.0047,0.0081,0.0142
SSP1-2.6,+geoid,1b,2035,0.25,3.3941,0.6124,1.0647,1.8701,0.0053,0.0092,0.0161
SSP1-2.6,+geoid,1b,2036,0.256,3.5666,0.6436,1.1188,1.9651,0.0059,0.0103,0.0181
SSP1-2.6,+geoid,1b,2037,0.262,3.7475,0.6762,1.1756,2.0648,0.0066,0.0115,0.0201
SSP1-2.6,+geoid,1b,2038,0.268,3.9374,0.7105,1.2352,2.1695,0.0073,0.0127,0.0223
SSP1-2.6,+geoid,1b,2039,0.274,4.1367,0.7464,1.2977,2.2793,0.008,0.014,0.0246
SSP1-2.6,+geoid,1b,2040,0.28,4.3458,0.7842,1.3633,2.3945,0.0088,0.0153,0.027
SSP1-2.6,+geoid,1b,2041,0.287,4.6028,0.8305,1.4439,2.5361,0.0097,0.0168,0.0295
SSP1-2.6,+geoid,1b,2042,0.294,4.8746,0.8796,1.5291,2.6858,0.0105,0.0183,0.0322
SSP1-2.6,+geoid,1b,2043,0.301,5.1621,0.9314,1.6193,2.8442,0.0115,0.0199,0.035
SSP1-2.6,+geoid,1b,2044,0.308,5.4661,0.9863,1.7147,3.0117,0.0125,0.0217,0.038
SSP1-2.6,+geoid,1b,2045,0.315,5.7875,1.0443,1.8155,3.1888,0.0135,0.0235,0.0412
SSP1-2.6,+geoid,1b,2046,0.322,6.1274,1.1056,1.9221,3.3761,0.0146,0.0254,0.0446
SSP1-2.6,+geoid,1b,2047,0.329,6.4868,1.1705,2.0349,3.5742,0.0158,0.0274,0.0482
SSP1-2.6,+geoid,1b,2048,0.336,6.8668,1.2391,2.1541,3.7835,0.017,0.0296,0.052
SSP1-2.6,+geoid,1b,2049,0.343,7.2686,1.3116,2.2801,4.0049,0.0183,0.0319,0.056
SSP1-2.6,+geoid,1b,2050,0.35,7.6933,1.3882,2.4134,4.2389,0.0197,0.0343,0.0602
SSP1-2.6,+geoid,1b,2051,0.354,7.9468,1.4339,2.4929,4.3786,0.0211,0.0368,0.0646
SSP1-2.6,+geoid,1b,2052,0.358,8.2085,1.4812,2.575,4.5228,0.0226,0.0393,0.0691
SSP1-2.6,+geoid,1b,2053,0.362,8.4786,1.5299,2.6597,4.6716,0.0242,0.042,0.0738
SSP1-2.6,+geoid,1b,2054,0.366,8.7574,1.5802,2.7472,4.8252,0.0257,0.0448,0.0786
SSP1-2.6,+geoid,1b,2055,0.37,9.0452,1.6321,2.8375,4.9838,0.0274,0.0476,0.0836
SSP1-2.6,+geoid,1b,2056,0.374,9.3423,1.6857,2.9306,5.1475,0.0291,0.0505,0.0887
SSP1-2.6,+geoid,1b,2057,0.378,9.6489,1.7411,3.0268,5.3164,0.0308,0.0535,0.094
SSP1-2.6,+geoid,1b,2058,0.382,9.9654,1.7982,3.1261,5.4908,0.0326,0.0567,0.0995
SSP1-2.6,+geoid,1b,2059,0.386,10.292,1.8571,3.2286,5.6708,0.0345,0.0599,0.1052
SSP1-2.6,+geoid,1b,2060,0.39,10.6291,1.9179,3.3343,5.8565,0.0364,0.0632,0.1111
SSP1-2.6,+geoid,1b,2061,0.394,10.9771,1.9807,3.4435,6.0482,0.0384,0.0667,0.1171
SSP1-2.6,+geoid,1b,2062,0.398,11.3362,2.0455,3.5561,6.2461,0.0404,0.0702,0.1234
SSP1-2.6,+geoid,1b,2063,0.402,11.7068,2.1124,3.6724,6.4503,0.0425,0.0739,0.1298
SSP1-2.6,+geoid,1b,2064,0.406,12.0893,2.1814,3.7924,6.661,0.0447,0.0777,0.1365
SSP1-2.6,+geoid,1b,2065,0.41,12.484,2.2526,3.9162,6.8785,0.0469,0.0816,0.1434
SSP1-2.6,+geoid,1b,2066,0.414,12.8914,2.3261,4.044,7.103,0.0493,0.0857,0.1505
SSP1-2.6,+geoid,1b,2067,0.418,13.3118,2.402,4.1759,7.3347,0.0517,0.0898,0.1578
SSP1-2.6,+geoid,1b,2068,0.422,13.7457,2.4803,4.312,7.5737,0.0542,0.0941,0.1654
SSP1-2.6,+geoid,1b,2069,0.426,14.1935,2.5611,4.4524,7.8204,0.0567,0.0986,0.1732
SSP1-2.6,+geoid,1b,2070,0.43,14.6555,2.6445,4.5974,8.075,0.0594,0.1032,0.1813
SSP1-2.6,+geoid,1b,2071,0.434,15.1324,2.7305,4.747,8.3377,0.0621,0.1079,0.1896
SSP1-2.6,+geoid,1b,2072,0.438,15.6244,2.8193,4.9013,8.6089,0.0649,0.1128,0.1982
SSP1-2.6,+geoid,1b,2073,0.442,16.1322,2.9109,5.0606,8.8886,0.0678,0.1179,0.2071
SSP1-2.6,+geoid,1b,2074,0.446,16.6562,3.0054,5.225,9.1773,0.0708,0.1231,0.2163
SSP1-2.6,+geoid,1b,2075,0.45,17.1968,3.103,5.3946,9.4752,0.0739,0.1285,0.2257
SSP1-2.6,+geoid,1b,2076,0.454,17.7547,3.2037,5.5696,9.7826,0.0771,0.1341,0.2355
SSP1-2.6,+geoid,1b,2077,0.458,18.3304,3.3076,5.7502,10.0998,0.0804,0.1398,0.2456
SSP1-2.6,+geoid,1b,2078,0.462,18.9245,3.4147,5.9365,10.4271,0.0839,0.1458,0.2561
SSP1-2.6,+geoid,1b,2079,0.466,19.5374,3.5253,6.1288,10.7649,0.0874,0.1519,0.2668
SSP1-2.6,+geoid,1b,2080,0.47,20.1699,3.6395,6.3272,11.1133,0.091,0.1582,0.2779
SSP1-2.6,+geoid,1b,2081,0.474,20.8224,3.7572,6.5319,11.4729,0.0948,0.1648,0.2894
SSP1-2.6,+geoid,1b,2082,0.478,21.4957,3.8787,6.7431,11.8439,0.0987,0.1715,0.3013
SSP1-2.6,+geoid,1b,2083,0.482,22.1904,4.0041,6.961,12.2267,0.1027,0.1785,0.3135
SSP1-2.6,+geoid,1b,2084,0.486,22.9072,4.1334,7.1859,12.6216,0.1068,0.1857,0.3261
SSP1-2.6,+geoid,1b,2085,0.49,23.6468,4.2668,7.4179,13.0291,0.1111,0.1931,0.3391
SSP1-2.6,+geoid,1b,2086,0.494,24.4098,4.4045,7.6573,13.4495,0.1155,0.2007,0.3526
SSP1-2.6,+geoid,1b,2087,0.498,25.1971,4.5466,7.9042,13.8833,0.12,0.2086,0.3665
SSP1-2.6,+geoid,1b,2088,0.502,26.0093,4.6931,8.159,14.3308,0.1247,0.2168,0.3808
SSP1-2.6,+geoid,1b,2089,0.506,26.8472,4.8443,8.4219,14.7925,0.1295,0.2252,0.3956
SSP1-2.6,+geoid,1b,2090,0.51,27.7118,5.0003,8.6931,15.2688,0.1345,0.2339,0.4109
SSP1-2.6,+geoid,1b,2091,0.514,28.6037,5.1613,8.9729,15.7603,0.1397,0.2429,0.4266
SSP1-2.6,+geoid,1b,2092,0.518,29.5239,5.3273,9.2615,16.2673,0.145,0.2521,0.4429
SSP1-2.6,+geoid,1b,2093,0.522,30.4732,5.4986,9.5593,16.7903,0.1505,0.2617,0.4597
SSP1-2.6,+geoid,1b,2094,0.526,31.4525,5.6753,9.8665,17.3299,0.1562,0.2716,0.477
SSP1-2.6,+geoid,1b,2095,0.53,32.4628,5.8576,10.1834,17.8866,0.1621,0.2818,0.4949
SSP1-2.6,+geoid,1b,2096,0.534,33.5051,6.0457,10.5104,18.4609,0.1681,0.2923,0.5133
SSP1-2.6,+geoid,1b,2097,0.538,34.5803,6.2397,10.8477,19.0533,0.1744,0.3031,0.5324
SSP1-2.6,+geoid,1b,2098,0.542,35.6895,6.4398,11.1956,19.6645,0.1808,0.3143,0.5521
SSP1-2.6,+geoid,1b,2099,0.546,36.8337,6.6463,11.5546,20.2949,0.1874,0.3259,0.5724
SSP1-2.6,+geoid,1b,2100,0.55,38.0141,6.8593,11.9248,20.9453,0.1943,0.3378,0.5933
SSP1-2.6,+geoid,2,2025,0.185,2.195,0.3961,0.6886,1.2094,0.0004,0.0007,0.0012
SSP1-2.6,+geoid,2,2026,0.192,2.3277,0.42,0.7302,1.2825,0.0008,0.0014,0.0025
SSP1-2.6,+geoid,2,2027,0.199,2.4682,0.4454,0.7743,1.3599,0.0013,0.0022,0.0039
SSP1-2.6,+geoid,2,2028,0.206,2.6168,0.4722,0.8209,1.4418,0.0017,0.003,0.0053
SSP1-2.6,+geoid,2,2029,0.213,2.7742,0.5006,0.8702,1.5285,0.0022,0.0039,0.0068
SSP1-2.6,+geoid,2,2030,0.22,2.9407,0.5306,0.9225,1.6203,0.0028,0.0048,0.0084
SSP1-2.6,+geoid,2,2031,0.226,3.0911,0.5578,0.9697,1.7032,0.0033,0.0058,0.0101
SSP1-2.6,+geoid,2,2032,0.232,3.249,0.5862,1.0192,1.7902,0.0039,0.0068,0.0119
SSP1-2.6,+geoid,2,2033,0.238,3.4147,0.6162,1.0712,1.8815,0.0045,0.0079,0.0138
SSP1-2.6,+geoid,2,2034,0.244,3.5887,0.6475,1.1258,1.9773,0.0052,0.009,0.0158
SSP1-2.6,+geoid,2,2035,0.25,3.7712,0.6805,1.183,2.0779,0.0059,0.0102,0.0179
SSP1-2.6,+geoid,2,2036,0.256,3.9628,0.7151,1.2431,2.1835,0.0066,0.0114,0.0201
SSP1-2.6,+geoid,2,2037,0.262,4.1639,0.7513,1.3062,2.2943,0.0073,0.0127,0.0224
SSP1-2.6,+geoid,2,2038,0.268,4.3749,0.7894,1.3724,2.4105,0.0081,0.0141,0.0248
SSP1-2.6,+geoid,2,2039,0.274,4.5963,0.8294,1.4418,2.5325,0.0089,0.0155,0.0273
SSP1-2.6,+geoid,2,2040,0.28,4.8287,0.8713,1.5147,2.6605,0.0098,0.0171,0.03
SSP1-2.6,+geoid,2,2041,0.287,5.1142,0.9228,1.6043,2.8179,0.0107,0.0187,0.0328
SSP1-2.6,+geoid,2,2042,0.294,5.4162,0.9773,1.699,2.9843,0.0117,0.0204,0.0358
SSP1-2.6,+geoid,2,2043,0.301,5.7356,1.0349,1.7992,3.1603,0.0127,0.0222,0.0389
SSP1-2.6,+geoid,2,2044,0.308,6.0734,1.0959,1.9052,3.3464,0.0138,0.0241,0.0423
SSP1-2.6,+geoid,2,2045,0.315,6.4306,1.1603,2.0172,3.5432,0.015,0.0261,0.0458
SSP1-2.6,+geoid,2,2046,0.322,6.8083,1.2285,2.1357,3.7513,0.0162,0.0282,0.0496
SSP1-2.6,+geoid,2,2047,0.329,7.2076,1.3005,2.261,3.9713,0.0175,0.0305,0.0535
SSP1-2.6,+geoid,2,2048,0.336,7.6298,1.3767,2.3934,4.2039,0.0189,0.0329,0.0577
SSP1-2.6,+geoid,2,2049,0.343,8.0762,1.4573,2.5335,4.4499,0.0204,0.0354,0.0622
SSP1-2.6,+geoid,2,2050,0.35,8.5481,1.5424,2.6815,4.7099,0.0219,0.0381,0.0669
SSP1-2.6,+geoid,2,2051,0.354,8.8298,1.5933,2.7699,4.8651,0.0235,0.0409,0.0718
SSP1-2.6,+geoid,2,2052,0.358,9.1206,1.6457,2.8611,5.0253,0.0251,0.0437,0.0768
SSP1-2.6,+geoid,2,2053,0.362,9.4207,1.6999,2.9552,5.1907,0.0268,0.0467,0.082
SSP1-2.6,+geoid,2,2054,0.366,9.7305,1.7558,3.0524,5.3614,0.0286,0.0497,0.0873
SSP1-2.6,+geoid,2,2055,0.37,10.0503,1.8135,3.1527,5.5376,0.0304,0.0529,0.0929
SSP1-2.6,+geoid,2,2056,0.374,10.3803,1.873,3.2563,5.7194,0.0323,0.0561,0.0986
SSP1-2.6,+geoid,2,2057,0.378,10.721,1.9345,3.3631,5.9071,0.0342,0.0595,0.1045
SSP1-2.6,+geoid,2,2058,0.382,11.0726,1.998,3.4734,6.1009,0.0362,0.063,0.1106
SSP1-2.6,+geoid,2,2059,0.386,11.4355,2.0634,3.5873,6.3008,0.0383,0.0666,0.1169
SSP1-2.6,+geoid,2,2060,0.39,11.8101,2.131,3.7048,6.5072,0.0404,0.0703,0.1234
SSP1-2.6,+geoid,2,2061,0.394,12.1967,2.2008,3.8261,6.7202,0.0426,0.0741,0.1301
SSP1-2.6,+geoid,2,2062,0.398,12.5957,2.2728,3.9512,6.9401,0.0449,0.078,0.1371
SSP1-2.6,+geoid,2,2063,0.402,13.0075,2.3471,4.0804,7.167,0.0472,0.0821,0.1442
SSP1-2.6,+geoid,2,2064,0.406,13.4325,2.4238,4.2137,7.4012,0.0497,0.0863,0.1516
SSP1-2.6,+geoid,2,2065,0.41,13.8711,2.5029,4.3513,7.6428,0.0522,0.0907,0.1593
SSP1-2.6,+geoid,2,2066,0.414,14.3238,2.5846,4.4933,7.8922,0.0547,0.0952,0.1672
SSP1-2.6,+geoid,2,2067,0.418,14.7909,2.6689,4.6399,8.1496,0.0574,0.0998,0.1753
SSP1-2.6,+geoid,2,2068,0.422,15.273,2.7559,4.7911,8.4152,0.0602,0.1046,0.1837
SSP1-2.6,+geoid,2,2069,0.426,15.7705,2.8456,4.9471,8.6894,0.063,0.1096,0.1924
SSP1-2.6,+geoid,2,2070,0.43,16.2839,2.9383,5.1082,8.9722,0.066,0.1147,0.2014
SSP1-2.6,+geoid,2,2071,0.434,16.8137,3.0339,5.2744,9.2642,0.069,0.1199,0.2107
SSP1-2.6,+geoid,2,2072,0.438,17.3605,3.1325,5.4459,9.5654,0.0721,0.1254,0.2202
SSP1-2.6,+geoid,2,2073,0.442,17.9247,3.2343,5.6229,9.8763,0.0754,0.131,0.2301
SSP1-2.6,+geoid,2,2074,0.446,18.5068,3.3394,5.8055,10.197,0.0787,0.1368,0.2403
SSP1-2.6,+geoid,2,2075,0.45,19.1076,3.4478,5.994,10.528,0.0821,0.1428,0.2508
SSP1-2.6,+geoid,2,2076,0.454,19.7275,3.5596,6.1884,10.8696,0.0857,0.149,0.2617
SSP1-2.6,+geoid,2,2077,0.458,20.3672,3.6751,6.3891,11.222,0.0894,0.1554,0.2729
SSP1-2.6,+geoid,2,2078,0.462,21.0272,3.7942,6.5961,11.5857,0.0932,0.162,0.2845
SSP1-2.6,+geoid,2,2079,0.466,21.7082,3.917,6.8098,11.961,0.0971,0.1688,0.2965
SSP1-2.6,+geoid,2,2080,0.47,22.4109,4.0438,7.0302,12.3482,0.1011,0.1758,0.3088
SSP1-2.6,+geoid,2,2081,0.474,23.136,4.1747,7.2577,12.7477,0.1053,0.1831,0.3216
SSP1-2.6,+geoid,2,2082,0.478,23.8841,4.3097,7.4924,13.1599,0.1096,0.1906,0.3347
SSP1-2.6,+geoid,2,2083,0.482,24.6561,4.449,7.7345,13.5852,0.1141,0.1983,0.3483
SSP1-2.6,+geoid,2,2084,0.486,25.4525,4.5927,7.9843,14.024,0.1187,0.2063,0.3623
SSP1-2.6,+geoid,2,2085,0.49,26.2742,4.7409,8.2421,14.4768,0.1234,0.2145,0.3768
SSP1-2.6,+geoid,2,2086,0.494,27.122,4.8939,8.5081,14.9439,0.1283,0.223,0.3918
SSP1-2.6,+geoid,2,2087,0.498,27.9967,5.0517,8.7825,15.4259,0.1333,0.2318,0.4072
SSP1-2.6,+geoid,2,2088,0.502,28.8992,5.2146,9.0656,15.9231,0.1386,0.2409,0.4231
SSP1-2.6,+geoid,2,2089,0.506,29.8303,5.3826,9.3576,16.4361,0.1439,0.2502,0.4395
SSP1-2.6,+geoid,2,2090,0.51,30.7909,5.5559,9.659,16.9654,0.1495,0.2599,0.4565
SSP1-2.6,+geoid,2,2091,0.514,31.7819,5.7347,9.9698,17.5114,0.1552,0.2699,0.474
SSP1-2.6,+geoid,2,2092,0.518,32.8043,5.9192,10.2906,18.0748,0.1612,0.2802,0.4921
SSP1-2.6,+geoid,2,2093,0.522,33.8591,6.1096,10.6214,18.6559,0.1673,0.2908,0.5107
SSP1-2.6,+geoid,2,2094,0.526,34.9472,6.3059,10.9628,19.2555,0.1736,0.3017,0.53
SSP1-2.6,+geoid,2,2095,0.53,36.0698,6.5085,11.3149,19.874,0.1801,0.3131,0.5499
SSP1-2.6,+geoid,2,2096,0.534,37.2279,6.7174,11.6782,20.5121,0.1868,0.3247,0.5704
SSP1-2.6,+geoid,2,2097,0.538,38.4226,6.933,12.053,21.1703,0.1937,0.3368,0.5916
SSP1-2.6,+geoid,2,2098,0.542,39.655,7.1554,12.4396,21.8494,0.2009,0.3492,0.6134
SSP1-2.6,+geoid,2,2099,0.546,40.9263,7.3848,12.8384,22.5499,0.2083,0.3621,0.636
SSP1-2.6,+geoid,2,2100,0.55,42.2378,7.6214,13.2498,23.2725,0.2159,0.3753,0.6592
SSP1-2.6,+geoid,3,2025,0.185,1.9755,0.3565,0.6197,1.0885,0.0004,0.0006,0.0011
SSP1-2.6,+geoid,3,2026,0.192,2.095,0.378,0.6572,1.1543,0.0007,0.0013,0.0022
SSP1-2.6,+geoid,3,2027,0.199,2.2213,0.4008,0.6968,1.2239,0.0011,0.002,0.0035
SSP1-2.6,+geoid,3,2028,0.206,2.3551,0.425,0.7388,1.2977,0.0016,0.0027,0.0048
SSP1-2.6,+geoid,3,2029,0.213,2.4967,0.4505,0.7832,1.3757,0.002,0.0035,0.0061
SSP1-2.6,+geoid,3,2030,0.22,2.6466,0.4776,0.8302,1.4582,0.0025,0.0043,0.0076
SSP1-2.6,+geoid,3,2031,0.226,2.782,0.502,0.8727,1.5328,0.003,0.0052,0.0091
SSP1-2.6,+geoid,3,2032,0.232,2.9241,0.5276,0.9173,1.6111,0.0035,0.0061,0.0107
SSP1-2.6,+geoid,3,2033,0.238,3.0732,0.5545,0.9641,1.6933,0.0041,0.0071,0.0124
SSP1-2.6,+geoid,3,2034,0.244,3.2298,0.5828,1.0132,1.7796,0.0047,0.0081,0.0142
SSP1-2.6,+geoid,3,2035,0.25,3.3941,0.6124,1.0647,1.8701,0.0053,0.0092,0.0161
SSP1-2.6,+geoid,3,2036,0.256,3.5666,0.6436,1.1188,1.9651,0.0059,0.0103,0.0181
SSP1-2.6,+geoid,3,2037,0.262,3.7475,0.6762,1.1756,2.0648,0.0066,0.0115,0.0201
SSP1-2.6,+geoid,3,2038,0.268,3.9374,0.7105,1.2352,2.1695,0.0073,0.0127,0.0223
SSP1-2.6,+geoid,3,2039,0.274,4.1367,0.7464,1.2977,2.2793,0.008,0.014,0.0246
SSP1-2.6,+geoid,3,2040,0.28,4.3458,0.7842,1.3633,2.3945,0.0088,0.0153,0.027
SSP1-2.6,+geoid,3,2041,0.287,4.6028,0.8305,1.4439,2.5361,0.0097,0.0168,0.0295
SSP1-2.6,+geoid,3,2042,0.294,4.8746,0.8796,1.5291,2.6858,0.0105,0.0183,0.0322
SSP1-2.6,+geoid,3,2043,0.301,5.1621,0.9314,1.6193,2.8442,0.0115,0.0199,0.035
SSP1-2.6,+geoid,3,2044,0.308,5.4661,0.9863,1.7147,3.0117,0.0125,0.0217,0.038
SSP1-2.6,+geoid,3,2045,0.315,5.7875,1.0443,1.8155,3.1888,0.0135,0.0235,0.0412
SSP1-2.6,+geoid,3,2046,0.322,6.1274,1.1056,1.9221,3.3761,0.0146,0.0254,0.0446
SSP1-2.6,+geoid,3,2047,0.329,6.4868,1.1705,2.0349,3.5742,0.0158,0.0274,0.0482
SSP1-2.6,+geoid,3,2048,0.336,6.8668,1.2391,2.1541,3.7835,0.017,0.0296,0.052
SSP1-2.6,+geoid,3,2049,0.343,7.2686,1.3116,2.2801,4.0049,0.0183,0.0319,0.056
SSP1-2.6,+geoid,3,2050,0.35,7.6933,1.3882,2.4134,4.2389,0.0197,0.0343,0.0602
SSP1-2.6,+geoid,3,2051,0.354,7.9468,1.4339,2.4929,4.3786,0.0211,0.0368,0.0646
SSP1-2.6,+geoid,3,2052,0.358,8.2085,1.4812,2.575,4.5228,0.0226,0.0393,0.0691
SSP1-2.6,+geoid,3,2053,0.362,8.4786,1.5299,2.6597,4.6716,0.0242,0.042,0.0738
SSP1-2.6,+geoid,3,2054,0.366,8.7574,1.5802,2.7472,4.8252,0.0257,0.0448,0.0786
SSP1-2.6,+geoid,3,2055,0.37,9.0452,1.6321,2.8375,4.9838,0.0274,0.0476,0.0836
SSP1-2.6,+geoid,3,2056,0.374,9.3423,1.6857,2.9306,5.1475,0.0291,0.0505,0.0887
SSP1-2.6,+geoid,3,2057,0.378,9.6489,1.7411,3.0268,5.3164,0.0308,0.0535,0.094
SSP1-2.6,+geoid,3,2058,0.382,9.9654,1.7982,3.1261,5.4908,0.0326,0.0567,0.0995
SSP1-2.6,+geoid,3,2059,0.386,10.292,1.8571,3.2286,5.6708,0.0345,0.0599,0.1052
SSP1-2.6,+geoid,3,2060,0.39,10.6291,1.9179,3.3343,5.8565,0.0364,0.0632,0.1111
SSP1-2.6,+geoid,3,2061,0.394,10.9771,1.9807,3.4435,6.0482,0.0384,0.0667,0.1171
SSP1-2.6,+geoid,3,2062,0.398,11.3362,2.0455,3.5561,6.2461,0.0404,0.0702,0.1234
SSP1-2.6,+geoid,3,2063,0.402,11.7068,2.1124,3.6724,6.4503,0.0425,0.0739,0.1298
SSP1-2.6,+geoid,3,2064,0.406,12.0893,2.1814,3.7924,6.661,0.0447,0.0777,0.1365
SSP1-2.6,+geoid,3,2065,0.41,12.484,2.2526,3.9162,6.8785,0.0469,0.0816,0.1434
SSP1-2.6,+geoid,3,2066,0.414,12.8914,2.3261,4.044,7.103,0.0493,0.0857,0.1505
SSP1-2.6,+geoid,3,2067,0.418,13.3118,2.402,4.1759,7.3347,0.0517,0.0898,0.1578
SSP1-2.6,+geoid,3,2068,0.422,13.7457,2.4803,4.312,7.5737,0.0542,0.0941,0.1654
SSP1-2.6,+geoid,3,2069,0.426,14.1935,2.5611,4.4524,7.8204,0.0567,0.0986,0.1732
SSP1-2.6,+geoid,3,2070,0.43,14.6555,2.6445,4.5974,8.075,0.0594,0.1032,0.1813
SSP1-2.6,+geoid,3,2071,0.434,15.1324,2.7305,4.747,8.3377,0.0621,0.1079,0.1896
SSP1-2.6,+geoid,3,2072,0.438,15.6244,2.8193,4.9013,8.6089,0.0649,0.1128,0.1982
SSP1-2.6,+geoid,3,2073,0.442,16.1322,2.9109,5.0606,8.8886,0.0678,0.1179,0.2071
SSP1-2.6,+geoid,3,2074,0.446,16.6562,3.0054,5.225,9.1773,0.0708,0.1231,0.2163
SSP1-2.6,+geoid,3,2075,0.45,17.1968,3.103,5.3946,9.4752,0.0739,0.1285,0.2257
SSP1-2.6,+geoid,3,2076,0.454,17.7547,3.2037,5.5696,9.7826,0.0771,0.1341,0.2355
SSP1-2.6,+geoid,3,2077,0.458,18.3304,3.3076,5.7502,10.0998,0.0804,0.1398,0.2456
SSP1-2.6,+geoid,3,2078,0.462,18.9245,3.4147,5.9365,10.4271,0.0839,0.1458,0.2561
SSP1-2.6,+geoid,3,2079,0.466,19.5374,3.5253,6.1288,10.7649,0.0874,0.1519,0.2668
SSP1-2.6,+geoid,3,2080,0.47,20.1699,3.6395,6.3272,11.1133,0.091,0.1582,0.2779
SSP1-2.6,+geoid,3,2081,0.474,20.8224,3.7572,6.5319,11.4729,0.0948,0.1648,0.2894
SSP1-2.6,+geoid,3,2082,0.478,21.4957,3.8787,6.7431,11.8439,0.0987,0.1715,0.3013
SSP1-2.6,+geoid,3,2083,0.482,22.1904,4.0041,6.961,12.2267,0.1027,0.1785,0.3135
SSP1-2.6,+geoid,3,2084,0.486,22.9072,4.1334,7.1859,12.6216,0.1068,0.1857,0.3261
SSP1-2.6,+geoid,3,2085,0.49,23.6468,4.2668,7.4179,13.0291,0.1111,0.1931,0.3391
SSP1-2.6,+geoid,3,2086,0.494,24.4098,4.4045,7.6573,13.4495,0.1155,0.2007,0.3526
SSP1-2.6,+geoid,3,2087,0.498,25.1971,4.5466,7.9042,13.8833,0.12,0.2086,0.3665
SSP1-2.6,+geoid,3,2088,0.502,26.0093,4.6931,8.159,14.3308,0.1247,0.2168,0.3808
SSP1-2.6,+geoid,3,2089,0.506,26.8472,4.8443,8.4219,14.7925,0.1295,0.2252,0.3956
SSP1-2.6,+geoid,3,2090,0.51,27.7118,5.0003,8.6931,15.2688,0.1345,0.2339,0.4109
SSP1-2.6,+geoid,3,2091,0.514,28.6037,5.1613,8.9729,15.7603,0.1397,0.2429,0.4266
SSP1-2.6,+geoid,3,2092,0.518,29.5239,5.3273,9.2615,16.2673,0.145,0.2521,0.4429
SSP1-2.6,+geoid,3,2093,0.522,30.4732,5.4986,9.5593,16.7903,0.1505,0.2617,0.4597
SSP1-2.6,+geoid,3,2094,0.526,31.4525,5.6753,9.8665,17.3299,0.1562,0.2716,0.477
SSP1-2.6,+geoid,3,2095,0.53,32.4628,5.8576,10.1834,17.8866,0.1621,0.2818,0.4949
SSP1-2.6,+geoid,3,2096,0.534,33.5051,6.0457,10.5104,18.4609,0.1681,0.2923,0.5133
SSP1-2.6,+geoid,3,2097,0.538,34.5803,6.2397,10.8477,19.0533,0.1744,0.3031,0.5324
SSP1-2.6,+geoid,3,2098,0.542,35.6895,6.4398,11.1956,19.6645,0.1808,0.3143,0.5521
SSP1-2.6,+geoid,3,2099,0.546,36.8337,6.6463,11.5546,20.2949,0.1874,0.3259,0.5724
SSP1-2.6,+geoid,3,2100,0.55,38.0141,6.8593,11.9248,20.9453,0.1943,0.3378,0.5933
SSP2-4.5,baseline,1a,2025,0.05,0.6223,0.1123,0.1952,0.3429,0.0001,0.0002,0.0003
SSP2-4.5,baseline,1a,2026,0.06,0.679,0.1225,0.213,0.3741,0.0002,0.0004,0.0007
SSP2-4.5,baseline,1a,2027,0.07,0.7408,0.1337,0.2324,0.4082,0.0004,0.0006,0.0011
SSP2-4.5,baseline,1a,2028,0.08,0.8079,0.1458,0.2534,0.4451,0.0005,0.0009,0.0016
SSP2-4.5,baseline,1a,2029,0.09,0.8808,0.1589,0.2763,0.4853,0.0007,0.0012,0.0021
SSP2-4.5,baseline,1a,2030,0.1,0.96,0.1732,0.3011,0.5289,0.0008,0.0015,0.0026
SSP2-4.5,baseline,1a,2031,0.11,1.0461,0.1888,0.3281,0.5764,0.001,0.0018,0.0032
SSP2-4.5,baseline,1a,2032,0.12,1.1395,0.2056,0.3575,0.6279,0.0012,0.0022,0.0038
SSP2-4.5,baseline,1a,2033,0.13,1.241,0.2239,0.3893,0.6838,0.0015,0.0025,0.0045
SSP2-4.5,baseline,1a,2034,0.14,1.3512,0.2438,0.4239,0.7445,0.0017,0.003,0.0052
SSP2-4.5,baseline,1a,2035,0.15,1.4708,0.2654,0.4614,0.8104,0.002,0.0034,0.006
SSP2-4.5,baseline,1a,2036,0.16,1.6006,0.2888,0.5021,0.8819,0.0023,0.0039,0.0069
SSP2-4.5,baseline,1a,2037,0.17,1.7415,0.3142,0.5463,0.9595,0.0026,0.0045,0.0079
SSP2-4.5,baseline,1a,2038,0.18,1.8943,0.3418,0.5942,1.0437,0.0029,0.0051,0.0089
SSP2-4.5,baseline,1a,2039,0.19,2.0601,0.3717,0.6463,1.1351,0.0033,0.0057,0.01
SSP2-4.5,baseline,1a,2040,0.2,2.24,0.4042,0.7027,1.2342,0.0037,0.0064,0.0113
SSP2-4.5,baseline,1a,2041,0.21,2.4351,0.4394,0.7639,1.3417,0.0041,0.0072,0.0126
SSP2-4.5,baseline,1a,2042,0.22,2.6466,0.4776,0.8302,1.4582,0.0046,0.008,0.0141
SSP2-4.5,baseline,1a,2043,0.23,2.876,0.5189,0.9022,1.5846,0.0051,0.0089,0.0157
SSP2-4.5,baseline,1a,2044,0.24,3.1246,0.5638,0.9802,1.7216,0.0057,0.0099,0.0174
SSP2-4.5,baseline,1a,2045,0.25,3.3941,0.6124,1.0647,1.8701,0.0063,0.011,0.0193
SSP2-4.5,baseline,1a,2046,0.26,3.6862,0.6651,1.1564,2.0311,0.007,0.0121,0.0213
SSP2-4.5,baseline,1a,2047,0.27,4.0028,0.7223,1.2557,2.2055,0.0077,0.0134,0.0235
SSP2-4.5,baseline,1a,2048,0.28,4.3458,0.7842,1.3633,2.3945,0.0085,0.0147,0.0259
SSP2-4.5,baseline,1a,2049,0.29,4.7174,0.8512,1.4798,2.5992,0.0093,0.0162,0.0285
SSP2-4.5,baseline,1a,2050,0.3,5.12,0.9239,1.6061,2.8211,0.0103,0.0178,0.0313
SSP2-4.5,baseline,1a,2051,0.306,5.3775,0.9703,1.6869,2.9629,0.0112,0.0195,0.0343
SSP2-4.5,baseline,1a,2052,0.312,5.6475,1.019,1.7716,3.1117,0.0122,0.0213,0.0374
SSP2-4.5,baseline,1a,2053,0.318,5.9309,1.0702,1.8605,3.2678,0.0133,0.0231,0.0407
SSP2-4.5,baseline,1a,2054,0.324,6.2281,1.1238,1.9537,3.4316,0.0144,0.0251,0.0441
SSP2-4.5,baseline,1a,2055,0.33,6.5398,1.1801,2.0515,3.6034,0.0156,0.0271,0.0477
SSP2-4.5,baseline,1a,2056,0.336,6.8668,1.2391,2.1541,3.7835,0.0169,0.0293,0.0515
SSP2-4.5,baseline,1a,2057,0.342,7.2098,1.3009,2.2617,3.9725,0.0182,0.0316,0.0554
SSP2-4.5,baseline,1a,2058,0.348,7.5696,1.3659,2.3745,4.1707,0.0195,0.0339,0.0596
SSP2-4.5,baseline,1a,2059,0.354,7.9468,1.4339,2.4929,4.3786,0.021,0.0364,0.064
SSP2-4.5,baseline,1a,2060,0.36,8.3425,1.5053,2.617,4.5966,0.0225,0.039,0.0686
SSP2-4.5,baseline,1a,2061,0.366,8.7574,1.5802,2.7472,4.8252,0.024,0.0418,0.0734
SSP2-4.5,baseline,1a,2062,0.372,9.1926,1.6587,2.8837,5.065,0.0257,0.0447,0.0785
SSP2-4.5,baseline,1a,2063,0.378,9.6489,1.7411,3.0268,5.3164,0.0274,0.0477,0.0838
SSP2-4.5,baseline,1a,2064,0.384,10.1274,1.8274,3.1769,5.5801,0.0293,0.0509,0.0894
SSP2-4.5,baseline,1a,2065,0.39,10.6291,1.9179,3.3343,5.8565,0.0312,0.0542,0.0952
SSP2-4.5,baseline,1a,2066,0.396,11.1552,2.0128,3.4993,6.1464,0.0332,0.0577,0.1014
SSP2-4.5,baseline,1a,2067,0.402,11.7068,2.1124,3.6724,6.4503,0.0353,0.0614,0.1078
SSP2-4.5,baseline,1a,2068,0.408,12.2851,2.2167,3.8538,6.7689,0.0375,0.0652,0.1146
SSP2-4.5,baseline,1a,2069,0.414,12.8914,2.3261,4.044,7.103,0.0399,0.0693,0.1217
SSP2-4.5,baseline,1a,2070,0.42,13.5271,2.4408,4.2434,7.4532,0.0423,0.0735,0.1292
SSP2-4.5,baseline,1a,2071,0.426,14.1935,2.5611,4.4524,7.8204,0.0449,0.078,0.137
SSP2-4.5,baseline,1a,2072,0.432,14.8921,2.6871,4.6716,8.2054,0.0475,0.0827,0.1452
SSP2-4.5,baseline,1a,2073,0.438,15.6244,2.8193,4.9013,8.6089,0.0504,0.0876,0.1538
SSP2-4.5,baseline,1a,2074,0.444,16.3921,2.9578,5.1421,9.0319,0.0533,0.0927,0.1628
SSP2-4.5,baseline,1a,2075,0.45,17.1968,3.103,5.3946,9.4752,0.0564,0.0981,0.1723
SSP2-4.5,baseline,1a,2076,0.456,18.0403,3.2552,5.6592,9.94,0.0597,0.1038,0.1822
SSP2-4.5,baseline,1a,2077,0.462,18.9245,3.4147,5.9365,10.4271,0.0631,0.1097,0.1927
SSP2-4.5,baseline,1a,2078,0.468,19.8512,3.582,6.2272,10.9377,0.0667,0.1159,0.2036
SSP2-4.5,baseline,1a,2079,0.474,20.8224,3.7572,6.5319,11.4729,0.0704,0.1224,0.2151
SSP2-4.5,baseline,1a,2080,0.48,21.8404,3.9409,6.8512,12.0338,0.0744,0.1293,0.2271
SSP2-4.5,baseline,1a,2081,0.486,22.9072,4.1334,7.1859,12.6216,0.0785,0.1365,0.2397
SSP2-4.5,baseline,1a,2082,0.492,24.0253,4.3351,7.5366,13.2377,0.0828,0.144,0.253
SSP2-4.5,baseline,1a,2083,0.498,25.1971,4.5466,7.9042,13.8833,0.0874,0.1519,0.2668
SSP2-4.5,baseline,1a,2084,0.504,26.425,4.7681,8.2894,14.5598,0.0922,0.1602,0.2814
SSP2-4.5,baseline,1a,2085,0.51,27.7118,5.0003,8.6931,15.2688,0.0972,0.1689,0.2967
SSP2-4.5,baseline,1a,2086,0.516,29.0602,5.2436,9.1161,16.0118,0.1024,0.178,0.3127
SSP2-4.5,baseline,1a,2087,0.522,30.4732,5.4986,9.5593,16.7903,0.1079,0.1876,0.3295
SSP2-4.5,baseline,1a,2088,0.528,31.9537,5.7658,10.0237,17.6061,0.1137,0.1976,0.3471
SSP2-4.5,baseline,1a,2089,0.534,33.5051,6.0457,10.5104,18.4609,0.1197,0.2081,0.3655
SSP2-4.5,baseline,1a,2090,0.54,35.1306,6.339,11.0203,19.3565,0.1261,0.2191,0.3849
SSP2-4.5,baseline,1a,2091,0.546,36.8337,6.6463,11.5546,20.2949,0.1327,0.2307,0.4052
SSP2-4.5,baseline,1a,2092,0.552,38.6181,6.9683,12.1143,21.2781,0.1397,0.2428,0.4265
SSP2-4.5,baseline,1a,2093,0.558,40.4877,7.3056,12.7008,22.3082,0.147,0.2555,0.4488
SSP2-4.5,baseline,1a,2094,0.564,42.4464,7.6591,13.3153,23.3874,0.1546,0.2688,0.4722
SSP2-4.5,baseline,1a,2095,0.57,44.4984,8.0293,13.959,24.5181,0.1627,0.2828,0.4967
SSP2-4.5,baseline,1a,2096,0.576,46.6482,8.4172,14.6333,25.7026,0.1711,0.2974,0.5224
SSP2-4.5,baseline,1a,2097,0.582,48.9003,8.8236,15.3398,26.9435,0.1799,0.3128,0.5493
SSP2-4.5,baseline,1a,2098,0.588,51.2596,9.2493,16.0799,28.2434,0.1891,0.3288,0.5776
SSP2-4.5,baseline,1a,2099,0.594,53.7311,9.6953,16.8552,29.6052,0.1988,0.3457,0.6072
SSP2-4.5,baseline,1a,2100,0.6,56.32,10.1624,17.6673,31.0316,0.209,0.3634,0.6382
SSP2-4.5,baseline,1b,2025,0.05,0.6223,0.1123,0.1952,0.3429,0.0001,0.0002,0.0003
SSP2-4.5,baseline,1b,2026,0.06,0.679,0.1225,0.213,0.3741,0.0002,0.0004,0.0007
SSP2-4.5,baseline,1b,2027,0.07,0.7408,0.1337,0.2324,0.4082,0.0004,0.0006,0.0011
SSP2-4.5,baseline,1b,2028,0.08,0.8079,0.1458,0.2534,0.4451,0.0005,0.0009,0.0016
SSP2-4.5,baseline,1b,2029,0.09,0.8808,0.1589,0.2763,0.4853,0.0007,0.0012,0.0021
SSP2-4.5,baseline,1b,2030,0.1,0.96,0.1732,0.3011,0.5289,0.0008,0.0015,0.0026
SSP2-4.5,baseline,1b,2031,0.11,1.0461,0.1888,0.3281,0.5764,0.001,0.0018,0.0032
SSP2-4.5,baseline,1b,2032,0.12,1.1395,0.2056,0.3575,0.6279,0.0012,0.0022,0.0038
SSP2-4.5,baseline,1b,2033,0.13,1.241,0.2239,0.3893,0.6838,0.0015,0.0025,0.0045
SSP2-4.5,baseline,1b,2034,0.14,1.3512,0.2438,0.4239,0.7445,0.0017,0.003,0.0052
SSP2-4.5,baseline,1b,2035,0.15,1.4708,0.2654,0.4614,0.8104,0.002,0.0034,0.006
SSP2-4.5,baseline,1b,2036,0.16,1.6006,0.2888,0.5021,0.8819,0.0023,0.0039,0.0069
SSP2-4.5,baseline,1b,2037,0.17,1.7415,0.3142,0.5463,0.9595,0.0026,0.0045,0.0079
SSP2-4.5,baseline,1b,2038,0.18,1.8943,0.3418,0.5942,1.0437,0.0029,0.0051,0.0089
SSP2-4.5,baseline,1b,2039,0.19,2.0601,0.3717,0.6463,1.1351,0.0033,0.0057,0.01
SSP2-4.5,baseline,1b,2040,0.2,2.24,0.4042,0.7027,1.2342,0.0037,0.0064,0.0113
SSP2-4.5,baseline,1b,2041,0.21,2.4351,0.4394,0.7639,1.3417,0.0041,0.0072,0.0126
SSP2-4.5,baseline,1b,2042,0.22,2.6466,0.4776,0.8302,1.4582,0.0046,0.008,0.0141
SSP2-4.5,baseline,1b,2043,0.23,2.876,0.5189,0.9022,1.5846,0.0051,0.0089,0.0157
SSP2-4.5,baseline,1b,2044,0.24,3.1246,0.5638,0.9802,1.7216,0.0057,0.0099,0.0174
SSP2-4.5,baseline,1b,2045,0.25,3.3941,0.6124,1.0647,1.8701,0.0063,0.011,0.0193
SSP2-4.5,baseline,1b,2046,0.26,3.6862,0.6651,1.1564,2.0311,0.007,0.0121,0.0213
SSP2-4.5,baseline,1b,2047,0.27,4.0028,0.7223,1.2557,2.2055,0.0077,0.0134,0.0235
SSP2-4.5,baseline,1b,2048,0.28,4.3458,0.7842,1.3633,2.3945,0.0085,0.0147,0.0259
SSP2-4.5,baseline,1b,2049,0.29,4.7174,0.8512,1.4798,2.5992,0.0093,0.0162,0.0285
SSP2-4.5,baseline,1b,2050,0.3,5.12,0.9239,1.6061,2.8211,0.0103,0.0178,0.0313
SSP2-4.5,baseline,1b,2051,0.306,5.3775,0.9703,1.6869,2.9629,0.0112,0.0195,0.0343
SSP2-4.5,baseline,1b,2052,0.312,5.6475,1.019,1.7716,3.1117,0.0122,0.0213,0.0374
SSP2-4.5,baseline,1b,2053,0.318,5.9309,1.0702,1.8605,3.2678,0.0133,0.0231,0.0407
SSP2-4.5,baseline,1b,2054,0.324,6.2281,1.1238,1.9537,3.4316,0.0144,0.0251,0.0441
SSP2-4.5,baseline,1b,2055,0.33,6.5398,1.1801,2.0515,3.6034,0.0156,0.0271,0.0477
SSP2-4.5,baseline,1b,2056,0.336,6.8668,1.2391,2.1541,3.7835,0.0169,0.0293,0.0515
SSP2-4.5,baseline,1b,2057,0.342,7.2098,1.3009,2.2617,3.9725,0.0182,0.0316,0.0554
SSP2-4.5,baseline,1b,2058,0.348,7.5696,1.3659,2.3745,4.1707,0.0195,0.0339,0.0596
SSP2-4.5,baseline,1b,2059,0.354,7.9468,1.4339,2.4929,4.3786,0.021,0.0364,0.064
SSP2-4.5,baseline,1b,2060,0.36,8.3425,1.5053,2.617,4.5966,0.0225,0.039,0.0686
SSP2-4.5,baseline,1b,2061,0.366,8.7574,1.5802,2.7472,4.8252,0.024,0.0418,0.0734
SSP2-4.5,baseline,1b,2062,0.372,9.1926,1.6587,2.8837,5.065,0.0257,0.0447,0.0785
SSP2-4.5,baseline,1b,2063,0.378,9.6489,1.7411,3.0268,5.3164,0.0274,0.0477,0.0838
SSP2-4.5,baseline,1b,2064,0.384,10.1274,1.8274,3.1769,5.5801,0.0293,0.0509,0.0894
SSP2-4.5,baseline,1b,2065,0.39,10.6291,1.9179,3.3343,5.8565,0.0312,0.0542,0.0952
SSP2-4.5,baseline,1b,2066,0.396,11.1552,2.0128,3.4993,6.1464,0.0332,0.0577,0.1014
SSP2-4.5,baseline,1b,2067,0.402,11.7068,2.1124,3.6724,6.4503,0.0353,0.0614,0.1078
SSP2-4.5,baseline,1b,2068,0.408,12.2851,2.2167,3.8538,6.7689,0.0375,0.0652,0.1146
SSP2-4.5,baseline,1b,2069,0.414,12.8914,2.3261,4.044,7.103,0.0399,0.0693,0.1217
SSP2-4.5,baseline,1b,2070,0.42,13.5271,2.4408,4.2434,7.4532,0.0423,0.0735,0.1292
SSP2-4.5,baseline,1b,2071,0.426,14.1935,2.5611,4.4524,7.8204,0.0449,0.078,0.137
SSP2-4.5,baseline,1b,2072,0.432,14.8921,2.6871,4.6716,8.2054,0.0475,0.0827,0.1452
SSP2-4.5,baseline,1b,2073,0.438,15.6244,2.8193,4.9013,8.6089,0.0504,0.0876,0.1538
SSP2-4.5,baseline,1b,2074,0.444,16.3921,2.9578,5.1421,9.0319,0.0533,0.0927,0.1628
SSP2-4.5,baseline,1b,2075,0.45,17.1968,3.103,5.3946,9.4752,0.0564,0.0981,0.1723
SSP2-4.5,baseline,1b,2076,0.456,18.0403,3.2552,5.6592,9.94,0.0597,0.1038,0.1822
SSP2-4.5,baseline,1b,2077,0.462,18.9245,3.4147,5.9365,10.4271,0.0631,0.1097,0.1927
SSP2-4.5,baseline,1b,2078,0.468,19.8512,3.582,6.2272,10.9377,0.0667,0.1159,0.2036
SSP2-4.5,baseline,1b,2079,0.474,20.8224,3.7572,6.5319,11.4729,0.0704,0.1224,0.2151
SSP2-4.5,baseline,1b,2080,0.48,21.8404,3.9409,6.8512,12.0338,0.0744,0.1293,0.2271
SSP2-4.5,baseline,1b,2081,0.486,22.9072,4.1334,7.1859,12.6216,0.0785,0.1365,0.2397
SSP2-4.5,baseline,1b,2082,0.492,24.0253,4.3351,7.5366,13.2377,0.0828,0.144,0.253
SSP2-4.5,baseline,1b,2083,0.498,25.1971,4.5466,7.9042,13.8833,0.0874,0.1519,0.2668
SSP2-4.5,baseline,1b,2084,0.504,26.425,4.7681,8.2894,14.5598,0.0922,0.1602,0.2814
SSP2-4.5,baseline,1b,2085,0.51,27.7118,5.0003,8.6931,15.2688,0.0972,0.1689,0.2967
SSP2-4.5,baseline,1b,2086,0.516,29.0602,5.2436,9.1161,16.0118,0.1024,0.178,0.3127
SSP2-4.5,baseline,1b,2087,0.522,30.4732,5.4986,9.5593,16.7903,0.1079,0.1876,0.3295
SSP2-4.5,baseline,1b,2088,0.528,31.9537,5.7658,10.0237,17.6061,0.1137,0.1976,0.3471
SSP2-4.5,baseline,1b,2089,0.534,33.5051,6.0457,10.5104,18.4609,0.1197,0.2081,0.3655
SSP2-4.5,baseline,1b,2090,0.54,35.1306,6.339,11.0203,19.3565,0.1261,0.2191,0.3849
SSP2-4.5,baseline,1b,2091,0.546,36.8337,6.6463,11.5546,20.2949,0.1327,0.2307,0.4052
SSP2-4.5,baseline,1b,2092,0.552,38.6181,6.9683,12.1143,21.2781,0.1397,0.2428,0.4265
SSP2-4.5,baseline,1b,2093,0.558,40.4877,7.3056,12.7008,22.3082,0.147,0.2555,0.4488
SSP2-4.5,baseline,1b,2094,0.564,42.4464,7.6591,13.3153,23.3874,0.1546,0.2688,0.4722
SSP2-4.5,baseline,1b,2095,0.57,44.4984,8.0293,13.959,24.5181,0.1627,0.2828,0.4967
SSP2-4.5,baseline,1b,2096,0.576,46.6482,8.4172,14.6333,25.7026,0.1711,0.2974,0.5224
SSP2-4.5,baseline,1b,2097,0.582,48.9003,8.8236,15.3398,26.9435,0.1799,0.3128,0.5493
SSP2-4.5,baseline,1b,2098,0.588,51.2596,9.2493,16.0799,28.2434,0.1891,0.3288,0.5776
SSP2-4.5,baseline,1b,2099,0.594,53.7311,9.6953,16.8552,29.6052,0.1988,0.3457,0.6072
SSP2-4.5,baseline,1b,2100,0.6,56.32,10.1624,17.6673,31.0316,0.209,0.3634,0.6382
SSP2-4.5,baseline,2,2025,0.05,0.6914,0.1248,0.2169,0.3809,0.0001,0.0002,0.0004
SSP2-4.5,baseline,2,2026,0.06,0.7545,0.1361,0.2367,0.4157,0.0003,0.0005,0.0008
SSP2-4.5,baseline,2,2027,0.07,0.8231,0.1485,0.2582,0.4535,0.0004,0.0007,0.0013
SSP2-4.5,baseline,2,2028,0.08,0.8976,0.162,0.2816,0.4946,0.0006,0.001,0.0017
SSP2-4.5,baseline,2,2029,0.09,0.9786,0.1766,0.307,0.5392,0.0007,0.0013,0.0023
SSP2-4.5,baseline,2,2030,0.1,1.0667,0.1925,0.3346,0.5877,0.0009,0.0016,0.0029
SSP2-4.5,baseline,2,2031,0.11,1.1623,0.2097,0.3646,0.6404,0.0012,0.002,0.0035
SSP2-4.5,baseline,2,2032,0.12,1.2661,0.2285,0.3972,0.6976,0.0014,0.0024,0.0042
SSP2-4.5,baseline,2,2033,0.13,1.3789,0.2488,0.4325,0.7597,0.0016,0.0028,0.005
SSP2-4.5,baseline,2,2034,0.14,1.5013,0.2709,0.471,0.8272,0.0019,0.0033,0.0058
SSP2-4.5,baseline,2,2035,0.15,1.6342,0.2949,0.5126,0.9004,0.0022,0.0038,0.0067
SSP2-4.5,baseline,2,2036,0.16,1.7784,0.3209,0.5579,0.9799,0.0025,0.0044,0.0077
SSP2-4.5,baseline,2,2037,0.17,1.935,0.3491,0.607,1.0661,0.0029,0.005,0.0087
SSP2-4.5,baseline,2,2038,0.18,2.1048,0.3798,0.6603,1.1597,0.0032,0.0056,0.0099
SSP2-4.5,baseline,2,2039,0.19,2.289,0.413,0.7181,1.2612,0.0037,0.0064,0.0112
SSP2-4.5,baseline,2,2040,0.2,2.4889,0.4491,0.7808,1.3713,0.0041,0.0071,0.0125
SSP2-4.5,baseline,2,2041,0.21,2.7056,0.4882,0.8487,1.4908,0.0046,0.008,0.014
SSP2-4.5,baseline,2,2042,0.22,2.9407,0.5306,0.9225,1.6203,0.0051,0.0089,0.0156
SSP2-4.5,baseline,2,2043,0.23,3.1955,0.5766,1.0024,1.7607,0.0057,0.0099,0.0174
SSP2-4.5,baseline,2,2044,0.24,3.4718,0.6264,1.0891,1.9129,0.0063,0.011,0.0193
SSP2-4.5,baseline,2,2045,0.25,3.7712,0.6805,1.183,2.0779,0.007,0.0122,0.0214
SSP2-4.5,baseline,2,2046,0.26,4.0958,0.739,1.2848,2.2567,0.0077,0.0135,0.0237
SSP2-4.5,baseline,2,2047,0.27,4.4475,0.8025,1.3952,2.4505,0.0085,0.0149,0.0261
SSP2-4.5,baseline,2,2048,0.28,4.8287,0.8713,1.5147,2.6605,0.0094,0.0164,0.0288
SSP2-4.5,baseline,2,2049,0.29,5.2416,0.9458,1.6443,2.888,0.0104,0.018,0.0317
SSP2-4.5,baseline,2,2050,0.3,5.6889,1.0265,1.7846,3.1345,0.0114,0.0198,0.0348
SSP2-4.5,baseline,2,2051,0.306,5.975,1.0781,1.8743,3.2921,0.0125,0.0217,0.0381
SSP2-4.5,baseline,2,2052,0.312,6.275,1.1323,1.9685,3.4575,0.0136,0.0236,0.0415
SSP2-4.5,baseline,2,2053,0.318,6.5899,1.1891,2.0672,3.6309,0.0148,0.0257,0.0452
SSP2-4.5,baseline,2,2054,0.324,6.9201,1.2487,2.1708,3.8129,0.016,0.0279,0.049
SSP2-4.5,baseline,2,2055,0.33,7.2665,1.3112,2.2795,4.0037,0.0174,0.0302,0.053
SSP2-4.5,baseline,2,2056,0.336,7.6298,1.3767,2.3934,4.2039,0.0187,0.0326,0.0572
SSP2-4.5,baseline,2,2057,0.342,8.0109,1.4455,2.513,4.4139,0.0202,0.0351,0.0616
SSP2-4.5,baseline,2,2058,0.348,8.4106,1.5176,2.6384,4.6341,0.0217,0.0377,0.0662
SSP2-4.5,baseline,2,2059,0.354,8.8298,1.5933,2.7699,4.8651,0.0233,0.0405,0.0711
SSP2-4.5,baseline,2,2060,0.36,9.2694,1.6726,2.9078,5.1074,0.025,0.0434,0.0762
SSP2-4.5,baseline,2,2061,0.366,9.7305,1.7558,3.0524,5.3614,0.0267,0.0464,0.0816
SSP2-4.5,baseline,2,2062,0.372,10.214,1.843,3.2041,5.6278,0.0286,0.0496,0.0872
SSP2-4.5,baseline,2,2063,0.378,10.721,1.9345,3.3631,5.9071,0.0305,0.053,0.0931
SSP2-4.5,baseline,2,2064,0.384,11.2527,2.0304,3.5299,6.2001,0.0325,0.0565,0.0993
SSP2-4.5,baseline,2,2065,0.39,11.8101,2.131,3.7048,6.5072,0.0347,0.0602,0.1058
SSP2-4.5,baseline,2,2066,0.396,12.3947,2.2365,3.8881,6.8293,0.0369,0.0641,0.1126
SSP2-4.5,baseline,2,2067,0.402,13.0075,2.3471,4.0804,7.167,0.0392,0.0682,0.1198
SSP2-4.5,baseline,2,2068,0.408,13.6501,2.463,4.282,7.521,0.0417,0.0725,0.1273
SSP2-4.5,baseline,2,2069,0.414,14.3238,2.5846,4.4933,7.8922,0.0443,0.077,0.1352
SSP2-4.5,baseline,2,2070,0.42,15.0301,2.712,4.7149,8.2814,0.047,0.0817,0.1435
SSP2-4.5,baseline,2,2071,0.426,15.7705,2.8456,4.9471,8.6894,0.0498,0.0866,0.1522
SSP2-4.5,baseline,2,2072,0.432,16.5468,2.9857,5.1906,9.1171,0.0528,0.0918,0.1613
SSP2-4.5,baseline,2,2073,0.438,17.3605,3.1325,5.4459,9.5654,0.056,0.0973,0.1709
SSP2-4.5,baseline,2,2074,0.444,18.2135,3.2865,5.7135,10.0354,0.0592,0.103,0.1809
SSP2-4.5,baseline,2,2075,0.45,19.1076,3.4478,5.994,10.528,0.0627,0.109,0.1914
SSP2-4.5,baseline,2,2076,0.456,20.0448,3.6169,6.288,11.0444,0.0663,0.1153,0.2025
SSP2-4.5,baseline,2,2077,0.462,21.0272,3.7942,6.5961,11.5857,0.0701,0.1219,0.2141
SSP2-4.5,baseline,2,2078,0.468,22.0568,3.98,6.9191,12.153,0.0741,0.1288,0.2262
SSP2-4.5,baseline,2,2079,0.474,23.136,4.1747,7.2577,12.7477,0.0783,0.1361,0.239
SSP2-4.5,baseline,2,2080,0.48,24.2671,4.3788,7.6125,13.3709,0.0826,0.1437,0.2523
SSP2-4.5,baseline,2,2081,0.486,25.4525,4.5927,7.9843,14.024,0.0872,0.1517,0.2664
SSP2-4.5,baseline,2,2082,0.492,26.6948,4.8168,8.374,14.7085,0.092,0.16,0.2811
SSP2-4.5,baseline,2,2083,0.498,27.9967,5.0517,8.7825,15.4259,0.0971,0.1688,0.2965
SSP2-4.5,baseline,2,2084,0.504,29.3611,5.2979,9.2105,16.1776,0.1024,0.178,0.3127
SSP2-4.5,baseline,2,2085,0.51,30.7909,5.5559,9.659,16.9654,0.108,0.1877,0.3296
SSP2-4.5,baseline,2,2086,0.516,32.2891,5.8263,10.129,17.7909,0.1138,0.1978,0.3474
SSP2-4.5,baseline,2,2087,0.522,33.8591,6.1096,10.6214,18.6559,0.1199,0.2084,0.3661
SSP2-4.5,baseline,2,2088,0.528,35.5041,6.4064,11.1375,19.5623,0.1263,0.2196,0.3857
SSP2-4.5,baseline,2,2089,0.534,37.2279,6.7174,11.6782,20.5121,0.133,0.2312,0.4062
SSP2-4.5,baseline,2,2090,0.54,39.034,7.0433,12.2448,21.5072,0.1401,0.2435,0.4277
SSP2-4.5,baseline,2,2091,0.546,40.9263,7.3848,12.8384,22.5499,0.1474,0.2563,0.4502
SSP2-4.5,baseline,2,2092,0.552,42.909,7.7425,13.4604,23.6423,0.1552,0.2698,0.4739
SSP2-4.5,baseline,2,2093,0.558,44.9863,8.1174,14.112,24.7869,0.1633,0.2839,0.4987
SSP2-4.5,baseline,2,2094,0.564,47.1627,8.5101,14.7947,25.986,0.1718,0.2987,0.5246
SSP2-4.5,baseline,2,2095,0.57,49.4427,8.9215,15.51,27.2423,0.1807,0.3142,0.5519
SSP2-4.5,baseline,2,2096,0.576,51.8314,9.3525,16.2593,28.5584,0.1901,0.3305,0.5804
SSP2-4.5,baseline,2,2097,0.582,54.3337,9.804,17.0443,29.9372,0.1999,0.3475,0.6104
SSP2-4.5,baseline,2,2098,0.588,56.9551,10.277,17.8666,31.3816,0.2102,0.3654,0.6418
SSP2-4.5,baseline,2,2099,0.594,59.7012,10.7725,18.728,32.8946,0.2209,0.3841,0.6747
SSP2-4.5,baseline,2,2100,0.6,62.5778,11.2916,19.6304,34.4796,0.2322,0.4037,0.7091
SSP2-4.5,baseline,3,2025,0.05,0.6223,0.1123,0.1952,0.3429,0.0001,0.0002,0.0003
SSP2-4.5,baseline,3,2026,0.06,0.679,0.1225,0.213,0.3741,0.0002,0.0004,0.0007
SSP2-4.5,baseline,3,2027,0.07,0.7408,0.1337,0.2324,0.4082,0.0004,0.0006,0.0011
SSP2-4.5,baseline,3,2028,0.08,0.8079,0.1458,0.2534,0.4451,0.0005,0.0009,0.0016
SSP2-4.5,baseline,3,2029,0.09,0.8808,0.1589,0.2763,0.4853,0.0007,0.0012,0.0021
SSP2-4.5,baseline,3,2030,0.1,0.96,0.1732,0.3011,0.5289,0.0008,0.0015,0.0026
SSP2-4.5,baseline,3,2031,0.11,1.0461,0.1888,0.3281,0.5764,0.001,0.0018,0.0032
SSP2-4.5,baseline,3,2032,0.12,1.1395,0.2056,0.3575,0.6279,0.0012,0.0022,0.0038
SSP2-4.5,baseline,3,2033,0.13,1.241,0.2239,0.3893,0.6838,0.0015,0.0025,0.0045
SSP2-4.5,baseline,3,2034,0.14,1.3512,0.2438,0.4239,0.7445,0.0017,0.003,0.0052
SSP2-4.5,baseline,3,2035,0.15,1.4708,0.2654,0.4614,0.8104,0.002,0.0034,0.006
SSP2-4.5,baseline,3,2036,0.16,1.6006,0.2888,0.5021,0.8819,0.0023,0.0039,0.0069
SSP2-4.5,baseline,3,2037,0.17,1.7415,0.3142,0.5463,0.9595,0.0026,0.0045,0.0079
SSP2-4.5,baseline,3,2038,0.18,1.8943,0.3418,0.5942,1.0437,0.0029,0.0051,0.0089
SSP2-4.5,baseline,3,2039,0.19,2.0601,0.3717,0.6463,1.1351,0.0033,0.0057,0.01
SSP2-4.5,baseline,3,2040,0.2,2.24,0.4042,0.7027,1.2342,0.0037,0.0064,0.0113
SSP2-4.5,baseline,3,2041,0.21,2.4351,0.4394,0.7639,1.3417,0.0041,0.0072,0.0126
SSP2-4.5,baseline,3,2042,0.22,2.6466,0.4776,0.8302,1.4582,0.0046,0.008,0.0141
SSP2-4.5,baseline,3,2043,0.23,2.876,0.5189,0.9022,1.5846,0.0051,0.0089,0.0157
SSP2-4.5,baseline,3,2044,0.24,3.1246,0.5638,0.9802,1.7216,0.0057,0.0099,0.0174
SSP2-4.5,baseline,3,2045,0.25,3.3941,0.6124,1.0647,1.8701,0.0063,0.011,0.0193
SSP2-4.5,baseline,3,2046,0.26,3.6862,0.6651,1.1564,2.0311,0.007,0.0121,0.0213
SSP2-4.5,baseline,3,2047,0.27,4.0028,0.7223,1.2557,2.2055,0.0077,0.0134,0.0235
SSP2-4.5,baseline,3,2048,0.28,4.3458,0.7842,1.3633,2.3945,0.0085,0.0147,0.0259
SSP2-4.5,baseline,3,2049,0.29,4.7174,0.8512,1.4798,2.5992,0.0093,0.0162,0.0285
SSP2-4.5,baseline,3,2050,0.3,5.12,0.9239,1.6061,2.8211,0.0103,0.0178,0.0313
SSP2-4.5,baseline,3,2051,0.306,5.3775,0.9703,1.6869,2.9629,0.0112,0.0195,0.0343
SSP2-4.5,baseline,3,2052,0.312,5.6475,1.019,1.7716,3.1117,0.0122,0.0213,0.0374
SSP2-4.5,baseline,3,2053,0.318,5.9309,1.0702,1.8605,3.2678,0.0133,0.0231,0.0407
SSP2-4.5,baseline,3,2054,0.324,6.2281,1.1238,1.9537,3.4316,0.0144,0.0251,0.0441
SSP2-4.5,baseline,3,2055,0.33,6.5398,1.1801,2.0515,3.6034,0.0156,0.0271,0.0477
SSP2-4.5,baseline,3,2056,0.336,6.8668,1.2391,2.1541,3.7835,0.0169,0.0293,0.0515
SSP2-4.5,baseline,3,2057,0.342,7.2098,1.3009,2.2617,3.9725,0.0182,0.0316,0.0554
SSP2-4.5,baseline,3,2058,0.348,7.5696,1.3659,2.3745,4.1707,0.0195,0.0339,0.0596
SSP2-4.5,baseline,3,2059,0.354,7.9468,1.4339,2.4929,4.3786,0.021,0.0364,0.064
SSP2-4.5,baseline,3,2060,0.36,8.3425,1.5053,2.617,4.5966,0.0225,0.039,0.0686
SSP2-4.5,baseline,3,2061,0.366,8.7574,1.5802,2.7472,4.8252,0.024,0.0418,0.0734
SSP2-4.5,baseline,3,2062,0.372,9.1926,1.6587,2.8837,5.065,0.0257,0.0447,0.0785
SSP2-4.5,baseline,3,2063,0.378,9.6489,1.7411,3.0268,5.3164,0.0274,0.0477,0.0838
SSP2-4.5,baseline,3,2064,0.384,10.1274,1.8274,3.1769,5.5801,0.0293,0.0509,0.0894
SSP2-4.5,baseline,3,2065,0.39,10.6291,1.9179,3.3343,5.8565,0.0312,0.0542,0.0952
SSP2-4.5,baseline,3,2066,0.396,11.1552,2.0128,3.4993,6.1464,0.0332,0.0577,0.1014
SSP2-4.5,baseline,3,2067,0.402,11.7068,2.1124,3.6724,6.4503,0.0353,0.0614,0.1078
SSP2-4.5,baseline,3,2068,0.408,12.2851,2.2167,3.8538,6.7689,0.0375,0.0652,0.1146
SSP2-4.5,baseline,3,2069,0.414,12.8914,2.3261,4.044,7.103,0.0399,0.0693,0.1217
SSP2-4.5,baseline,3,2070,0.42,13.5271,2.4408,4.2434,7.4532,0.0423,0.0735,0.1292
SSP2-4.5,baseline,3,2071,0.426,14.1935,2.5611,4.4524,7.8204,0.0449,0.078,0.137
SSP2-4.5,baseline,3,2072,0.432,14.8921,2.6871,4.6716,8.2054,0.0475,0.0827,0.1452
SSP2-4.5,baseline,3,2073,0.438,15.6244,2.8193,4.9013,8.6089,0.0504,0.0876,0.1538
SSP2-4.5,baseline,3,2074,0.444,16.3921,2.9578,5.1421,9.0319,0.0533,0.0927,0.1628
SSP2-4.5,baseline,3,2075,0.45,17.1968,3.103,5.3946,9.4752,0.0564,0.0981,0.1723
SSP2-4.5,baseline,3,2076,0.456,18.0403,3.2552,5.6592,9.94,0.0597,0.1038,0.1822
SSP2-4.5,baseline,3,2077,0.462,18.9245,3.4147,5.9365,10.4271,0.0631,0.1097,0.1927
SSP2-4.5,baseline,3,2078,0.468,19.8512,3.582,6.2272,10.9377,0.0667,0.1159,0.2036
SSP2-4.5,baseline,3,2079,0.474,20.8224,3.7572,6.5319,11.4729,0.0704,0.1224,0.2151
SSP2-4.5,baseline,3,2080,0.48,21.8404,3.9409,6.8512,12.0338,0.0744,0.1293,0.2271
SSP2-4.5,baseline,3,2081,0.486,22.9072,4.1334,7.1859,12.6216,0.0785,0.1365,0.2397
SSP2-4.5,baseline,3,2082,0.492,24.0253,4.3351,7.5366,13.2377,0.0828,0.144,0.253
SSP2-4.5,baseline,3,2083,0.498,25.1971,4.5466,7.9042,13.8833,0.0874,0.1519,0.2668
SSP2-4.5,baseline,3,2084,0.504,26.425,4.7681,8.2894,14.5598,0.0922,0.1602,0.2814
SSP2-4.5,baseline,3,2085,0.51,27.7118,5.0003,8.6931,15.2688,0.0972,0.1689,0.2967
SSP2-4.5,baseline,3,2086,0.516,29.0602,5.2436,9.1161,16.0118,0.1024,0.178,0.3127
SSP2-4.5,baseline,3,2087,0.522,30.4732,5.4986,9.5593,16.7903,0.1079,0.1876,0.3295
SSP2-4.5,baseline,3,2088,0.528,31.9537,5.7658,10.0237,17.6061,0.1137,0.1976,0.3471
SSP2-4.5,baseline,3,2089,0.534,33.5051,6.0457,10.5104,18.4609,0.1197,0.2081,0.3655
SSP2-4.5,baseline,3,2090,0.54,35.1306,6.339,11.0203,19.3565,0.1261,0.2191,0.3849
SSP2-4.5,baseline,3,2091,0.546,36.8337,6.6463,11.5546,20.2949,0.1327,0.2307,0.4052
SSP2-4.5,baseline,3,2092,0.552,38.6181,6.9683,12.1143,21.2781,0.1397,0.2428,0.4265
SSP2-4.5,baseline,3,2093,0.558,40.4877,7.3056,12.7008,22.3082,0.147,0.2555,0.4488
SSP2-4.5,baseline,3,2094,0.564,42.4464,7.6591,13.3153,23.3874,0.1546,0.2688,0.4722
SSP2-4.5,baseline,3,2095,0.57,44.4984,8.0293,13.959,24.5181,0.1627,0.2828,0.4967
SSP2-4.5,baseline,3,2096,0.576,46.6482,8.4172,14.6333,25.7026,0.1711,0.2974,0.5224
SSP2-4.5,baseline,3,2097,0.582,48.9003,8.8236,15.3398,26.9435,0.1799,0.3128,0.5493
SSP2-4.5,baseline,3,2098,0.588,51.2596,9.2493,16.0799,28.2434,0.1891,0.3288,0.5776
SSP2-4.5,baseline,3,2099,0.594,53.7311,9.6953,16.8552,29.6052,0.1988,0.3457,0.6072
SSP2-4.5,baseline,3,2100,0.6,56.32,10.1624,17.6673,31.0316,0.209,0.3634,0.6382
SSP2-4.5,+geoid,1a,2025,0.2,2.24,0.4042,0.7027,1.2342,0.0004,0.0007,0.0012
SSP2-4.5,+geoid,1a,2026,0.21,2.4351,0.4394,0.7639,1.3417,0.0008,0.0015,0.0026
SSP2-4.5,+geoid,1a,2027,0.22,2.6466,0.4776,0.8302,1.4582,0.0013,0.0023,0.004
SSP2-4.5,+geoid,1a,2028,0.23,2.876,0.5189,0.9022,1.5846,0.0018,0.0032,0.0056
SSP2-4.5,+geoid,1a,2029,0.24,3.1246,0.5638,0.9802,1.7216,0.0024,0.0042,0.0073
SSP2-4.5,+geoid,1a,2030,0.25,3.3941,0.6124,1.0647,1.8701,0.003,0.0052,0.0092
SSP2-4.5,+geoid,1a,2031,0.26,3.6862,0.6651,1.1564,2.0311,0.0037,0.0064,0.0112
SSP2-4.5,+geoid,1a,2032,0.27,4.0028,0.7223,1.2557,2.2055,0.0044,0.0077,0.0134
SSP2-4.5,+geoid,1a,2033,0.28,4.3458,0.7842,1.3633,2.3945,0.0052,0.009,0.0158
SSP2-4.5,+geoid,1a,2034,0.29,4.7174,0.8512,1.4798,2.5992,0.006,0.0105,0.0184
SSP2-4.5,+geoid,1a,2035,0.3,5.12,0.9239,1.6061,2.8211,0.007,0.0121,0.0213
SSP2-4.5,+geoid,1a,2036,0.31,5.5561,1.0025,1.7429,3.0613,0.008,0.0138,0.0243
SSP2-4.5,+geoid,1a,2037,0.32,6.0284,1.0878,1.8911,3.3216,0.0091,0.0157,0.0276
SSP2-4.5,+geoid,1a,2038,0.33,6.5398,1.1801,2.0515,3.6034,0.0102,0.0178,0.0312
SSP2-4.5,+geoid,1a,2039,0.34,7.0937,1.28,2.2253,3.9085,0.0115,0.02,0.0352
SSP2-4.5,+geoid,1a,2040,0.35,7.6933,1.3882,2.4134,4.2389,0.0129,0.0224,0.0394
SSP2-4.5,+geoid,1a,2041,0.36,8.3425,1.5053,2.617,4.5966,0.0144,0.025,0.044
SSP2-4.5,+geoid,1a,2042,0.37,9.0452,1.6321,2.8375,4.9838,0.016,0.0279,0.049
SSP2-4.5,+geoid,1a,2043,0.38,9.8059,1.7694,3.0761,5.4029,0.0178,0.031,0.0544
SSP2-4.5,+geoid,1a,2044,0.39,10.6291,1.9179,3.3343,5.8565,0.0197,0.0343,0.0602
SSP2-4.5,+geoid,1a,2045,0.4,11.52,2.0787,3.6138,6.3474,0.0218,0.0379,0.0666
SSP2-4.5,+geoid,1a,2046,0.41,12.484,2.2526,3.9162,6.8785,0.0241,0.0418,0.0735
SSP2-4.5,+geoid,1a,2047,0.42,13.5271,2.4408,4.2434,7.4532,0.0265,0.0461,0.0809
SSP2-4.5,+geoid,1a,2048,0.43,14.6555,2.6445,4.5974,8.075,0.0291,0.0507,0.089
SSP2-4.5,+geoid,1a,2049,0.44,15.8763,2.8647,4.9803,8.7477,0.032,0.0556,0.0977
SSP2-4.5,+geoid,1a,2050,0.45,17.1968,3.103,5.3946,9.4752,0.0351,0.061,0.1072
SSP2-4.5,+geoid,1a,2051,0.456,18.0403,3.2552,5.6592,9.94,0.0384,0.0667,0.1172
SSP2-4.5,+geoid,1a,2052,0.462,18.9245,3.4147,5.9365,10.4271,0.0418,0.0726,0.1276
SSP2-4.5,+geoid,1a,2053,0.468,19.8512,3.582,6.2272,10.9377,0.0454,0.0789,0.1385
SSP2-4.5,+geoid,1a,2054,0.474,20.8224,3.7572,6.5319,11.4729,0.0491,0.0854,0.15
SSP2-4.5,+geoid,1a,2055,0.48,21.8404,3.9409,6.8512,12.0338,0.0531,0.0922,0.162
SSP2-4.5,+geoid,1a,2056,0.486,22.9072,4.1334,7.1859,12.6216,0.0572,0.0994,0.1746
SSP2-4.5,+geoid,1a,2057,0.492,24.0253,4.3351,7.5366,13.2377,0.0615,0.107,0.1879
SSP2-4.5,+geoid,1a,2058,0.498,25.1971,4.5466,7.9042,13.8833,0.0661,0.1149,0.2018
SSP2-4.5,+geoid,1a,2059,0.504,26.425,4.7681,8.2894,14.5598,0.0708,0.1232,0.2163
SSP2-4.5,+geoid,1a,2060,0.51,27.7118,5.0003,8.6931,15.2688,0.0758,0.1319,0.2316
SSP2-4.5,+geoid,1a,2061,0.516,29.0602,5.2436,9.1161,16.0118,0.0811,0.141,0.2476
SSP2-4.5,+geoid,1a,2062,0.522,30.4732,5.4986,9.5593,16.7903,0.0866,0.1505,0.2644
SSP2-4.5,+geoid,1a,2063,0.528,31.9537,5.7658,10.0237,17.6061,0.0924,0.1606,0.282
SSP2-4.5,+geoid,1a,2064,0.534,33.5051,6.0457,10.5104,18.4609,0.0984,0.1711,0.3005
SSP2-4.5,+geoid,1a,2065,0.54,35.1306,6.339,11.0203,19.3565,0.1047,0.1821,0.3198
SSP2-4.5,+geoid,1a,2066,0.546,36.8337,6.6463,11.5546,20.2949,0.1114,0.1936,0.3401
SSP2-4.5,+geoid,1a,2067,0.552,38.6181,6.9683,12.1143,21.2781,0.1184,0.2058,0.3614
SSP2-4.5,+geoid,1a,2068,0.558,40.4877,7.3056,12.7008,22.3082,0.1257,0.2185,0.3837
SSP2-4.5,+geoid,1a,2069,0.564,42.4464,7.6591,13.3153,23.3874,0.1333,0.2318,0.4071
SSP2-4.5,+geoid,1a,2070,0.57,44.4984,8.0293,13.959,24.5181,0.1413,0.2457,0.4316
SSP2-4.5,+geoid,1a,2071,0.576,46.6482,8.4172,14.6333,25.7026,0.1498,0.2604,0.4573
SSP2-4.5,+geoid,1a,2072,0.582,48.9003,8.8236,15.3398,26.9435,0.1586,0.2757,0.4843
SSP2-4.5,+geoid,1a,2073,0.588,51.2596,9.2493,16.0799,28.2434,0.1678,0.2918,0.5125
SSP2-4.5,+geoid,1a,2074,0.594,53.7311,9.6953,16.8552,29.6052,0.1775,0.3086,0.5421
SSP2-4.5,+geoid,1a,2075,0.6,56.32,10.1624,17.6673,31.0316,0.1877,0.3263,0.5731
SSP2-4.5,+geoid,1a,2076,0.606,59.0319,10.6518,18.5181,32.5259,0.1983,0.3448,0.6057
SSP2-4.5,+geoid,1a,2077,0.612,61.8726,11.1643,19.4092,34.091,0.2095,0.3642,0.6398
SSP2-4.5,+geoid,1a,2078,0.618,64.8481,11.7012,20.3426,35.7305,0.2212,0.3846,0.6755
SSP2-4.5,+geoid,1a,2079,0.624,67.9647,12.2636,21.3202,37.4477,0.2335,0.4059,0.7129
SSP2-4.5,+geoid,1a,2080,0.63,71.2291,12.8526,22.3443,39.2463,0.2463,0.4282,0.7522
SSP2-4.5,+geoid,1a,2081,0.636,74.6482,13.4696,23.4168,41.1302,0.2598,0.4517,0.7933
SSP2-4.5,+geoid,1a,2082,0.642,78.2292,14.1157,24.5402,43.1033,0.2739,0.4762,0.8364
SSP2-4.5,+geoid,1a,2083,0.648,81.9797,14.7925,25.7167,45.1698,0.2887,0.5019,0.8816
SSP2-4.5,+geoid,1a,2084,0.654,85.9077,15.5012,26.9489,47.3341,0.3042,0.5289,0.9289
SSP2-4.5,+geoid,1a,2085,0.66,90.0214,16.2435,28.2393,49.6007,0.3204,0.5571,0.9785
SSP2-4.5,+geoid,1a,2086,0.666,94.3297,17.0209,29.5908,51.9745,0.3375,0.5867,1.0305
SSP2-4.5,+geoid,1a,2087,0.672,98.8415,17.835,31.0061,54.4604,0.3553,0.6177,1.0849
SSP2-4.5,+geoid,1a,2088,0.678,103.5663,18.6876,32.4883,57.0638,0.374,0.6502,1.142
SSP2-4.5,+geoid,1a,2089,0.684,108.5143,19.5804,34.0405,59.79,0.3936,0.6842,1.2018
SSP2-4.5,+geoid,1a,2090,0.69,113.6957,20.5153,35.6658,62.6449,0.4141,0.7199,1.2644
SSP2-4.5,+geoid,1a,2091,0.696,119.1214,21.4944,37.3679,65.6344,0.4356,0.7573,1.3301
SSP2-4.5,+geoid,1a,2092,0.702,124.803,22.5195,39.1502,68.7649,0.4581,0.7964,1.3988
SSP2-4.5,+geoid,1a,2093,0.708,130.7523,23.593,41.0164,72.0429,0.4817,0.8374,1.4709
SSP2-4.5,+geoid,1a,2094,0.714,136.9818,24.7171,42.9706,75.4753,0.5064,0.8804,1.5464
SSP2-4.5,+geoid,1a,2095,0.72,143.5046,25.8941,45.0168,79.0692,0.5323,0.9254,1.6254
SSP2-4.5,+geoid,1a,2096,0.726,150.3344,27.1264,47.1592,82.8324,0.5594,0.9726,1.7083
SSP2-4.5,+geoid,1a,2097,0.732,157.4854,28.4168,49.4025,86.7725,0.5878,1.022,1.795
SSP2-4.5,+geoid,1a,2098,0.738,164.9727,29.7678,51.7512,90.8979,0.6176,1.0737,1.8859
SSP2-4.5,+geoid,1a,2099,0.744,172.8119,31.1823,54.2103,95.2172,0.6488,1.1279,1.9812
SSP2-4.5,+geoid,1a,2100,0.75,181.0193,32.6633,56.785,99.7394,0.6815,1.1847,2.0809
SSP2-4.5,+geoid,1b,2025,0.2,2.24,0.4042,0.7027,1.2342,0.0004,0.0007,0.0012
SSP2-4.5,+geoid,1b,2026,0.21,2.4351,0.4394,0.7639,1.3417,0.0008,0.0015,0.0026
SSP2-4.5,+geoid,1b,2027,0.22,2.6466,0.4776,0.8302,1.4582,0.0013,0.0023,0.004
SSP2-4.5,+geoid,1b,2028,0.23,2.876,0.5189,0.9022,1.5846,0.0018,0.0032,0.0056
SSP2-4.5,+geoid,1b,2029,0.24,3.1246,0.5638,0.9802,1.7216,0.0024,0.0042,0.0073
SSP2-4.5,+geoid,1b,2030,0.25,3.3941,0.6124,1.0647,1.8701,0.003,0.0052,0.0092
SSP2-4.5,+geoid,1b,2031,0.26,3.6862,0.6651,1.1564,2.0311,0.0037,0.0064,0.0112
SSP2-4.5,+geoid,1b,2032,0.27,4.0028,0.7223,1.2557,2.2055,0.0044,0.0077,0.0134
SSP2-4.5,+geoid,1b,2033,0.28,4.3458,0.7842,1.3633,2.3945,0.0052,0.009,0.0158
SSP2-4.5,+geoid,1b,2034,0.29,4.7174,0.8512,1.4798,2.5992,0.006,0.0105,0.0184
SSP2-4.5,+geoid,1b,2035,0.3,5.12,0.9239,1.6061,2.8211,0.007,0.0121,0.0213
SSP2-4.5,+geoid,1b,2036,0.31,5.5561,1.0025,1.7429,3.0613,0.008,0.0138,0.0243
SSP2-4.5,+geoid,1b,2037,0.32,6.0284,1.0878,1.8911,3.3216,0.0091,0.0157,0.0276
SSP2-4.5,+geoid,1b,2038,0.33,6.5398,1.1801,2.0515,3.6034,0.0102,0.0178,0.0312
SSP2-4.5,+geoid,1b,2039,0.34,7.0937,1.28,2.2253,3.9085,0.0115,0.02,0.0352
SSP2-4.5,+geoid,1b,2040,0.35,7.6933,1.3882,2.4134,4.2389,0.0129,0.0224,0.0394
SSP2-4.5,+geoid,1b,2041,0.36,8.3425,1.5053,2.617,4.5966,0.0144,0.025,0.044
SSP2-4.5,+geoid,1b,2042,0.37,9.0452,1.6321,2.8375,4.9838,0.016,0.0279,0.049
SSP2-4.5,+geoid,1b,2043,0.38,9.8059,1.7694,3.0761,5.4029,0.0178,0.031,0.0544
SSP2-4.5,+geoid,1b,2044,0.39,10.6291,1.9179,3.3343,5.8565,0.0197,0.0343,0.0602
SSP2-4.5,+geoid,1b,2045,0.4,11.52,2.0787,3.6138,6.3474,0.0218,0.0379,0.0666
SSP2-4.5,+geoid,1b,2046,0.41,12.484,2.2526,3.9162,6.8785,0.0241,0.0418,0.0735
SSP2-4.5,+geoid,1b,2047,0.42,13.5271,2.4408,4.2434,7.4532,0.0265,0.0461,0.0809
SSP2-4.5,+geoid,1b,2048,0.43,14.6555,2.6445,4.5974,8.075,0.0291,0.0507,0.089
SSP2-4.5,+geoid,1b,2049,0.44,15.8763,2.8647,4.9803,8.7477,0.032,0.0556,0.0977
SSP2-4.5,+geoid,1b,2050,0.45,17.1968,3.103,5.3946,9.4752,0.0351,0.061,0.1072
SSP2-4.5,+geoid,1b,2051,0.456,18.0403,3.2552,5.6592,9.94,0.0384,0.0667,0.1172
SSP2-4.5,+geoid,1b,2052,0.462,18.9245,3.4147,5.9365,10.4271,0.0418,0.0726,0.1276
SSP2-4.5,+geoid,1b,2053,0.468,19.8512,3.582,6.2272,10.9377,0.0454,0.0789,0.1385
SSP2-4.5,+geoid,1b,2054,0.474,20.8224,3.7572,6.5319,11.4729,0.0491,0.0854,0.15
SSP2-4.5,+geoid,1b,2055,0.48,21.8404,3.9409,6.8512,12.0338,0.0531,0.0922,0.162
SSP2-4.5,+geoid,1b,2056,0.486,22.9072,4.1334,7.1859,12.6216,0.0572,0.0994,0.1746
SSP2-4.5,+geoid,1b,2057,0.492,24.0253,4.3351,7.5366,13.2377,0.0615,0.107,0.1879
SSP2-4.5,+geoid,1b,2058,0.498,25.1971,4.5466,7.9042,13.8833,0.0661,0.1149,0.2018
SSP2-4.5,+geoid,1b,2059,0.504,26.425,4.7681,8.2894,14.5598,0.0708,0.1232,0.2163
SSP2-4.5,+geoid,1b,2060,0.51,27.7118,5.0003,8.6931,15.2688,0.0758,0.1319,0.2316
SSP2-4.5,+geoid,1b,2061,0.516,29.0602,5.2436,9.1161,16.0118,0.0811,0.141,0.2476
SSP2-4.5,+geoid,1b,2062,0.522,30.4732,5.4986,9.5593,16.7903,0.0866,0.1505,0.2644
SSP2-4.5,+geoid,1b,2063,0.528,31.9537,5.7658,10.0237,17.6061,0.0924,0.1606,0.282
SSP2-4.5,+geoid,1b,2064,0.534,33.5051,6.0457,10.5104,18.4609,0.0984,0.1711,0.3005
SSP2-4.5,+geoid,1b,2065,0.54,35.1306,6.339,11.0203,19.3565,0.1047,0.1821,0.3198
SSP2-4.5,+geoid,1b,2066,0.546,36.8337,6.6463,11.5546,20.2949,0.1114,0.1936,0.3401
SSP2-4.5,+geoid,1b,2067,0.552,38.6181,6.9683,12.1143,21.2781,0.1184,0.2058,0.3614
SSP2-4.5,+geoid,1b,2068,0.558,40.4877,7.3056,12.7008,22.3082,0.1257,0.2185,0.3837
SSP2-4.5,+geoid,1b,2069,0.564,42.4464,7.6591,13.3153,23.3874,0.1333,0.2318,0.4071
SSP2-4.5,+geoid,1b,2070,0.57,44.4984,8.0293,13.959,24.5181,0.1413,0.2457,0.4316
SSP2-4.5,+geoid,1b,2071,0.576,46.6482,8.4172,14.6333,25.7026,0.1498,0.2604,0.4573
SSP2-4.5,+geoid,1b,2072,0.582,48.9003,8.8236,15.3398,26.9435,0.1586,0.2757,0.4843
SSP2-4.5,+geoid,1b,2073,0.588,51.2596,9.2493,16.0799,28.2434,0.1678,0.2918,0.5125
SSP2-4.5,+geoid,1b,2074,0.594,53.7311,9.6953,16.8552,29.6052,0.1775,0.3086,0.5421
SSP2-4.5,+geoid,1b,2075,0.6,56.32,10.1624,17.6673,31.0316,0.1877,0.3263,0.5731
SSP2-4.5,+geoid,1b,2076,0.606,59.0319,10.6518,18.5181,32.5259,0.1983,0.3448,0.6057
SSP2-4.5,+geoid,1b,2077,0.612,61.8726,11.1643,19.4092,34.091,0.2095,0.3642,0.6398
SSP2-4.5,+geoid,1b,2078,0.618,64.8481,11.7012,20.3426,35.7305,0.2212,0.3846,0.6755
SSP2-4.5,+geoid,1b,2079,0.624,67.9647,12.2636,21.3202,37.4477,0.2335,0.4059,0.7129
SSP2-4.5,+geoid,1b,2080,0.63,71.2291,12.8526,22.3443,39.2463,0.2463,0.4282,0.7522
SSP2-4.5,+geoid,1b,2081,0.636,74.6482,13.4696,23.4168,41.1302,0.2598,0.4517,0.7933
SSP2-4.5,+geoid,1b,2082,0.642,78.2292,14.1157,24.5402,43.1033,0.2739,0.4762,0.8364
SSP2-4.5,+geoid,1b,2083,0.648,81.9797,14.7925,25.7167,45.1698,0.2887,0.5019,0.8816
SSP2-4.5,+geoid,1b,2084,0.654,85.9077,15.5012,26.9489,47.3341,0.3042,0.5289,0.9289
SSP2-4.5,+geoid,1b,2085,0.66,90.0214,16.2435,28.2393,49.6007,0.3204,0.5571,0.9785
SSP2-4.5,+geoid,1b,2086,0.666,94.3297,17.0209,29.5908,51.9745,0.3375,0.5867,1.0305
SSP2-4.5,+geoid,1b,2087,0.672,98.8415,17.835,31.0061,54.4604,0.3553,0.6177,1.0849
SSP2-4.5,+geoid,1b,2088,0.678,103.5663,18.6876,32.4883,57.0638,0.374,0.6502,1.142
SSP2-4.5,+geoid,1b,2089,0.684,108.5143,19.5804,34.0405,59.79,0.3936,0.6842,1.2018
SSP2-4.5,+geoid,1b,2090,0.69,113.6957,20.5153,35.6658,62.6449,0.4141,0.7199,1.2644
SSP2-4.5,+geoid,1b,2091,0.696,119.1214,21.4944,37.3679,65.6344,0.4356,0.7573,1.3301
SSP2-4.5,+geoid,1b,2092,0.702,124.803,22.5195,39.1502,68.7649,0.4581,0.7964,1.3988
SSP2-4.5,+geoid,1b,2093,0.708,130.7523,23.593,41.0164,72.0429,0.4817,0.8374,1.4709
SSP2-4.5,+geoid,1b,2094,0.714,136.9818,24.7171,42.9706,75.4753,0.5064,0.8804,1.5464
SSP2-4.5,+geoid,1b,2095,0.72,143.5046,25.8941,45.0168,79.0692,0.5323,0.9254,1.6254
SSP2-4.5,+geoid,1b,2096,0.726,150.3344,27.1264,47.1592,82.8324,0.5594,0.9726,1.7083
SSP2-4.5,+geoid,1b,2097,0.732,157.4854,28.4168,49.4025,86.7725,0.5878,1.022,1.795
SSP2-4.5,+geoid,1b,2098,0.738,164.9727,29.7678,51.7512,90.8979,0.6176,1.0737,1.8859
SSP2-4.5,+geoid,1b,2099,0.744,172.8119,31.1823,54.2103,95.2172,0.6488,1.1279,1.9812
SSP2-4.5,+geoid,1b,2100,0.75,181.0193,32.6633,56.785,99.7394,0.6815,1.1847,2.0809
SSP2-4.5,+geoid,2,2025,0.2,2.4889,0.4491,0.7808,1.3713,0.0004,0.0008,0.0014
SSP2-4.5,+geoid,2,2026,0.21,2.7056,0.4882,0.8487,1.4908,0.0009,0.0016,0.0029
SSP2-4.5,+geoid,2,2027,0.22,2.9407,0.5306,0.9225,1.6203,0.0015,0.0026,0.0045
SSP2-4.5,+geoid,2,2028,0.23,3.1955,0.5766,1.0024,1.7607,0.002,0.0036,0.0062
SSP2-4.5,+geoid,2,2029,0.24,3.4718,0.6264,1.0891,1.9129,0.0027,0.0046,0.0082
SSP2-4.5,+geoid,2,2030,0.25,3.7712,0.6805,1.183,2.0779,0.0034,0.0058,0.0102
SSP2-4.5,+geoid,2,2031,0.26,4.0958,0.739,1.2848,2.2567,0.0041,0.0071,0.0125
SSP2-4.5,+geoid,2,2032,0.27,4.4475,0.8025,1.3952,2.4505,0.0049,0.0085,0.0149
SSP2-4.5,+geoid,2,2033,0.28,4.8287,0.8713,1.5147,2.6605,0.0058,0.01,0.0176
SSP2-4.5,+geoid,2,2034,0.29,5.2416,0.9458,1.6443,2.888,0.0067,0.0117,0.0205
SSP2-4.5,+geoid,2,2035,0.3,5.6889,1.0265,1.7846,3.1345,0.0077,0.0135,0.0236
SSP2-4.5,+geoid,2,2036,0.31,6.1734,1.1139,1.9366,3.4015,0.0089,0.0154,0.027
SSP2-4.5,+geoid,2,2037,0.32,6.6982,1.2086,2.1012,3.6906,0.0101,0.0175,0.0307
SSP2-4.5,+geoid,2,2038,0.33,7.2665,1.3112,2.2795,4.0037,0.0114,0.0198,0.0347
SSP2-4.5,+geoid,2,2039,0.34,7.8819,1.4222,2.4725,4.3428,0.0128,0.0222,0.0391
SSP2-4.5,+geoid,2,2040,0.35,8.5481,1.5424,2.6815,4.7099,0.0143,0.0249,0.0438
SSP2-4.5,+geoid,2,2041,0.36,9.2694,1.6726,2.9078,5.1074,0.016,0.0278,0.0489
SSP2-4.5,+geoid,2,2042,0.37,10.0503,1.8135,3.1527,5.5376,0.0178,0.031,0.0544
SSP2-4.5,+geoid,2,2043,0.38,10.8954,1.966,3.4178,6.0032,0.0198,0.0344,0.0604
SSP2-4.5,+geoid,2,2044,0.39,11.8101,2.131,3.7048,6.5072,0.0219,0.0381,0.0669
SSP2-4.5,+geoid,2,2045,0.4,12.8,2.3096,4.0153,7.0526,0.0242,0.0421,0.074
SSP2-4.5,+geoid,2,2046,0.41,13.8711,2.5029,4.3513,7.6428,0.0267,0.0465,0.0816
SSP2-4.5,+geoid,2,2047,0.42,15.0301,2.712,4.7149,8.2814,0.0294,0.0512,0.0899
SSP2-4.5,+geoid,2,2048,0.43,16.2839,2.9383,5.1082,8.9722,0.0324,0.0563,0.0989
SSP2-4.5,+geoid,2,2049,0.44,17.6404,3.183,5.5337,9.7196,0.0356,0.0618,0.1086
SSP2-4.5,+geoid,2,2050,0.45,19.1076,3.4478,5.994,10.528,0.039,0.0678,0.1191
SSP2-4.5,+geoid,2,2051,0.456,20.0448,3.6169,6.288,11.0444,0.0426,0.0741,0.1302
SSP2-4.5,+geoid,2,2052,0.462,21.0272,3.7942,6.5961,11.5857,0.0464,0.0807,0.1418
SSP2-4.5,+geoid,2,2053,0.468,22.0568,3.98,6.9191,12.153,0.0504,0.0876,0.1539
SSP2-4.5,+geoid,2,2054,0.474,23.136,4.1747,7.2577,12.7477,0.0546,0.0949,0.1667
SSP2-4.5,+geoid,2,2055,0.48,24.2671,4.3788,7.6125,13.3709,0.059,0.1025,0.18
SSP2-4.5,+geoid,2,2056,0.486,25.4525,4.5927,7.9843,14.024,0.0635,0.1105,0.1941
SSP2-4.5,+geoid,2,2057,0.492,26.6948,4.8168,8.374,14.7085,0.0684,0.1189,0.2088
SSP2-4.5,+geoid,2,2058,0.498,27.9967,5.0517,8.7825,15.4259,0.0734,0.1276,0.2242
SSP2-4.5,+geoid,2,2059,0.504,29.3611,5.2979,9.2105,16.1776,0.0787,0.1368,0.2404
SSP2-4.5,+geoid,2,2060,0.51,30.7909,5.5559,9.659,16.9654,0.0843,0.1465,0.2573
SSP2-4.5,+geoid,2,2061,0.516,32.2891,5.8263,10.129,17.7909,0.0901,0.1566,0.2751
SSP2-4.5,+geoid,2,2062,0.522,33.8591,6.1096,10.6214,18.6559,0.0962,0.1673,0.2938
SSP2-4.5,+geoid,2,2063,0.528,35.5041,6.4064,11.1375,19.5623,0.1026,0.1784,0.3133
SSP2-4.5,+geoid,2,2064,0.534,37.2279,6.7174,11.6782,20.5121,0.1093,0.1901,0.3338
SSP2-4.5,+geoid,2,2065,0.54,39.034,7.0433,12.2448,21.5072,0.1164,0.2023,0.3554
SSP2-4.5,+geoid,2,2066,0.546,40.9263,7.3848,12.8384,22.5499,0.1238,0.2152,0.3779
SSP2-4.5,+geoid,2,2067,0.552,42.909,7.7425,13.4604,23.6423,0.1315,0.2286,0.4015
SSP2-4.5,+geoid,2,2068,0.558,44.9863,8.1174,14.112,24.7869,0.1396,0.2427,0.4263
SSP2-4.5,+geoid,2,2069,0.564,47.1627,8.5101,14.7947,25.986,0.1481,0.2575,0.4523
SSP2-4.5,+geoid,2,2070,0.57,49.4427,8.9215,15.51,27.2423,0.1571,0.273,0.4796
SSP2-4.5,+geoid,2,2071,0.576,51.8314,9.3525,16.2593,28.5584,0.1664,0.2893,0.5081
SSP2-4.5,+geoid,2,2072,0.582,54.3337,9.804,17.0443,29.9372,0.1762,0.3063,0.5381
SSP2-4.5,+geoid,2,2073,0.588,56.9551,10.277,17.8666,31.3816,0.1865,0.3242,0.5694
SSP2-4.5,+geoid,2,2074,0.594,59.7012,10.7725,18.728,32.8946,0.1973,0.3429,0.6023
SSP2-4.5,+geoid,2,2075,0.6,62.5778,11.2916,19.6304,34.4796,0.2085,0.3626,0.6368
SSP2-4.5,+geoid,2,2076,0.606,65.591,11.8353,20.5756,36.1398,0.2204,0.3831,0.673
SSP2-4.5,+geoid,2,2077,0.612,68.7473,12.4048,21.5657,37.8789,0.2328,0.4047,0.7108
SSP2-4.5,+geoid,2,2078,0.618,72.0534,13.0014,22.6029,39.7005,0.2458,0.4273,0.7505
SSP2-4.5,+geoid,2,2079,0.624,75.5163,13.6262,23.6892,41.6086,0.2594,0.451,0.7921
SSP2-4.5,+geoid,2,2080,0.63,79.1434,14.2807,24.827,43.607,0.2737,0.4758,0.8358
SSP2-4.5,+geoid,2,2081,0.636,82.9424,14.9662,26.0187,45.7002,0.2887,0.5018,0.8815
SSP2-4.5,+geoid,2,2082,0.642,86.9213,15.6841,27.2668,47.8925,0.3043,0.5291,0.9293
SSP2-4.5,+geoid,2,2083,0.648,91.0885,16.4361,28.5741,50.1887,0.3208,0.5577,0.9795
SSP2-4.5,+geoid,2,2084,0.654,95.453,17.2236,29.9432,52.5934,0.338,0.5876,1.0321
SSP2-4.5,+geoid,2,2085,0.66,100.0238,18.0484,31.377,55.1119,0.3561,0.619,1.0872
SSP2-4.5,+geoid,2,2086,0.666,104.8107,18.9121,32.8787,57.7494,0.375,0.6519,1.145
SSP2-4.5,+geoid,2,2087,0.672,109.8238,19.8167,34.4513,60.5116,0.3948,0.6863,1.2055
SSP2-4.5,+geoid,2,2088,0.678,115.0737,20.764,36.0981,63.4042,0.4155,0.7224,1.2689
SSP2-4.5,+geoid,2,2089,0.684,120.5714,21.756,37.8227,66.4333,0.4373,0.7603,1.3353
SSP2-4.5,+geoid,2,2090,0.69,126.3285,22.7948,39.6287,69.6054,0.4601,0.7999,1.4049
SSP2-4.5,+geoid,2,2091,0.696,132.3572,23.8826,41.5199,72.9271,0.484,0.8414,1.4779
SSP2-4.5,+geoid,2,2092,0.702,138.67,25.0217,43.5002,76.4054,0.509,0.8849,1.5543
SSP2-4.5,+geoid,2,2093,0.708,145.2803,26.2145,45.5738,80.0476,0.5352,0.9305,1.6343
SSP2-4.5,+geoid,2,2094,0.714,152.202,27.4634,47.7451,83.8614,0.5627,0.9782,1.7182
SSP2-4.5,+geoid,2,2095,0.72,159.4495,28.7712,50.0186,87.8547,0.5915,1.0282,1.806
SSP2-4.5,+geoid,2,2096,0.726,167.0382,30.1405,52.3992,92.036,0.6216,1.0806,1.8981
SSP2-4.5,+geoid,2,2097,0.732,174.9838,31.5742,54.8917,96.4139,0.6532,1.1355,1.9945
SSP2-4.5,+geoid,2,2098,0.738,183.303,33.0753,57.5014,100.9977,0.6862,1.193,2.0955
SSP2-4.5,+geoid,2,2099,0.744,192.0132,34.647,60.2337,105.7969,0.7209,1.2533,2.2013
SSP2-4.5,+geoid,2,2100,0.75,201.1326,36.2925,63.0944,110.8216,0.7572,1.3164,2.3121
SSP2-4.5,+geoid,3,2025,0.2,2.24,0.4042,0.7027,1.2342,0.0004,0.0007,0.0012
SSP2-4.5,+geoid,3,2026,0.21,2.4351,0.4394,0.7639,1.3417,0.0008,0.0015,0.0026
SSP2-4.5,+geoid,3,2027,0.22,2.6466,0.4776,0.8302,1.4582,0.0013,0.0023,0.004
SSP2-4.5,+geoid,3,2028,0.23,2.876,0.5189,0.9022,1.5846,0.0018,0.0032,0.0056
SSP2-4.5,+geoid,3,2029,0.24,3.1246,0.5638,0.9802,1.7216,0.0024,0.0042,0.0073
SSP2-4.5,+geoid,3,2030,0.25,3.3941,0.6124,1.0647,1.8701,0.003,0.0052,0.0092
SSP2-4.5,+geoid,3,2031,0.26,3.6862,0.6651,1.1564,2.0311,0.0037,0.0064,0.0112
SSP2-4.5,+geoid,3,2032,0.27,4.0028,0.7223,1.2557,2.2055,0.0044,0.0077,0.0134
SSP2-4.5,+geoid,3,2033,0.28,4.3458,0.7842,1.3633,2.3945,0.0052,0.009,0.0158
SSP2-4.5,+geoid,3,2034,0.29,4.7174,0.8512,1.4798,2.5992,0.006,0.0105,0.0184
SSP2-4.5,+geoid,3,2035,0.3,5.12,0.9239,1.6061,2.8211,0.007,0.0121,0.0213
SSP2-4.5,+geoid,3,2036,0.31,5.5561,1.0025,1.7429,3.0613,0.008,0.0138,0.0243
SSP2-4.5,+geoid,3,2037,0.32,6.0284,1.0878,1.8911,3.3216,0.0091,0.0157,0.0276
SSP2-4.5,+geoid,3,2038,0.33,6.5398,1.1801,2.0515,3.6034,0.0102,0.0178,0.0312
SSP2-4.5,+geoid,3,2039,0.34,7.0937,1.28,2.2253,3.9085,0.0115,0.02,0.0352
SSP2-4.5,+geoid,3,2040,0.35,7.6933,1.3882,2.4134,4.2389,0.0129,0.0224,0.0394
SSP2-4.5,+geoid,3,2041,0.36,8.3425,1.5053,2.617,4.5966,0.0144,0.025,0.044
SSP2-4.5,+geoid,3,2042,0.37,9.0452,1.6321,2.8375,4.9838,0.016,0.0279,0.049
SSP2-4.5,+geoid,3,2043,0.38,9.8059,1.7694,3.0761,5.4029,0.0178,0.031,0.0544
SSP2-4.5,+geoid,3,2044,0.39,10.6291,1.9179,3.3343,5.8565,0.0197,0.0343,0.0602
SSP2-4.5,+geoid,3,2045,0.4,11.52,2.0787,3.6138,6.3474,0.0218,0.0379,0.0666
SSP2-4.5,+geoid,3,2046,0.41,12.484,2.2526,3.9162,6.8785,0.0241,0.0418,0.0735
SSP2-4.5,+geoid,3,2047,0.42,13.5271,2.4408,4.2434,7.4532,0.0265,0.0461,0.0809
SSP2-4.5,+geoid,3,2048,0.43,14.6555,2.6445,4.5974,8.075,0.0291,0.0507,0.089
SSP2-4.5,+geoid,3,2049,0.44,15.8763,2.8647,4.9803,8.7477,0.032,0.0556,0.0977
SSP2-4.5,+geoid,3,2050,0.45,17.1968,3.103,5.3946,9.4752,0.0351,0.061,0.1072
SSP2-4.5,+geoid,3,2051,0.456,18.0403,3.2552,5.6592,9.94,0.0384,0.0667,0.1172
SSP2-4.5,+geoid,3,2052,0.462,18.9245,3.4147,5.9365,10.4271,0.0418,0.0726,0.1276
SSP2-4.5,+geoid,3,2053,0.468,19.8512,3.582,6.2272,10.9377,0.0454,0.0789,0.1385
SSP2-4.5,+geoid,3,2054,0.474,20.8224,3.7572,6.5319,11.4729,0.0491,0.0854,0.15
SSP2-4.5,+geoid,3,2055,0.48,21.8404,3.9409,6.8512,12.0338,0.0531,0.0922,0.162
SSP2-4.5,+geoid,3,2056,0.486,22.9072,4.1334,7.1859,12.6216,0.0572,0.0994,0.1746
SSP2-4.5,+geoid,3,2057,0.492,24.0253,4.3351,7.5366,13.2377,0.0615,0.107,0.1879
SSP2-4.5,+geoid,3,2058,0.498,25.1971,4.5466,7.9042,13.8833,0.0661,0.1149,0.2018
SSP2-4.5,+geoid,3,2059,0.504,26.425,4.7681,8.2894,14.5598,0.0708,0.1232,0.2163
SSP2-4.5,+geoid,3,2060,0.51,27.7118,5.0003,8.6931,15.2688,0.0758,0.1319,0.2316
SSP2-4.5,+geoid,3,2061,0.516,29.0602,5.2436,9.1161,16.0118,0.0811,0.141,0.2476
SSP2-4.5,+geoid,3,2062,0.522,30.4732,5.4986,9.5593,16.7903,0.0866,0.1505,0.2644
SSP2-4.5,+geoid,3,2063,0.528,31.9537,5.7658,10.0237,17.6061,0.0924,0.1606,0.282
SSP2-4.5,+geoid,3,2064,0.534,33.5051,6.0457,10.5104,18.4609,0.0984,0.1711,0.3005
SSP2-4.5,+geoid,3,2065,0.54,35.1306,6.339,11.0203,19.3565,0.1047,0.1821,0.3198
SSP2-4.5,+geoid,3,2066,0.546,36.8337,6.6463,11.5546,20.2949,0.1114,0.1936,0.3401
SSP2-4.5,+geoid,3,2067,0.552,38.6181,6.9683,12.1143,21.2781,0.1184,0.2058,0.3614
SSP2-4.5,+geoid,3,2068,0.558,40.4877,7.3056,12.7008,22.3082,0.1257,0.2185,0.3837
SSP2-4.5,+geoid,3,2069,0.564,42.4464,7.6591,13.3153,23.3874,0.1333,0.2318,0.4071
SSP2-4.5,+geoid,3,2070,0.57,44.4984,8.0293,13.959,24.5181,0.1413,0.2457,0.4316
SSP2-4.5,+geoid,3,2071,0.576,46.6482,8.4172,14.6333,25.7026,0.1498,0.2604,0.4573
SSP2-4.5,+geoid,3,2072,0.582,48.9003,8.8236,15.3398,26.9435,0.1586,0.2757,0.4843
SSP2-4.5,+geoid,3,2073,0.588,51.2596,9.2493,16.0799,28.2434,0.1678,0.2918,0.5125
SSP2-4.5,+geoid,3,2074,0.594,53.7311,9.6953,16.8552,29.6052,0.1775,0.3086,0.5421
SSP2-4.5,+geoid,3,2075,0.6,56.32,10.1624,17.6673,31.0316,0.1877,0.3263,0.5731
SSP2-4.5,+geoid,3,2076,0.606,59.0319,10.6518,18.5181,32.5259,0.1983,0.3448,0.6057
SSP2-4.5,+geoid,3,2077,0.612,61.8726,11.1643,19.4092,34.091,0.2095,0.3642,0.6398
SSP2-4.5,+geoid,3,2078,0.618,64.8481,11.7012,20.3426,35.7305,0.2212,0.3846,0.6755
SSP2-4.5,+geoid,3,2079,0.624,67.9647,12.2636,21.3202,37.4477,0.2335,0.4059,0.7129
SSP2-4.5,+geoid,3,2080,0.63,71.2291,12.8526,22.3443,39.2463,0.2463,0.4282,0.7522
SSP2-4.5,+geoid,3,2081,0.636,74.6482,13.4696,23.4168,41.1302,0.2598,0.4517,0.7933
SSP2-4.5,+geoid,3,2082,0.642,78.2292,14.1157,24.5402,43.1033,0.2739,0.4762,0.8364
SSP2-4.5,+geoid,3,2083,0.648,81.9797,14.7925,25.7167,45.1698,0.2887,0.5019,0.8816
SSP2-4.5,+geoid,3,2084,0.654,85.9077,15.5012,26.9489,47.3341,0.3042,0.5289,0.9289
SSP2-4.5,+geoid,3,2085,0.66,90.0214,16.2435,28.2393,49.6007,0.3204,0.5571,0.9785
SSP2-4.5,+geoid,3,2086,0.666,94.3297,17.0209,29.5908,51.9745,0.3375,0.5867,1.0305
SSP2-4.5,+geoid,3,2087,0.672,98.8415,17.835,31.0061,54.4604,0.3553,0.6177,1.0849
SSP2-4.5,+geoid,3,2088,0.678,103.5663,18.6876,32.4883,57.0638,0.374,0.6502,1.142
SSP2-4.5,+geoid,3,2089,0.684,108.5143,19.5804,34.0405,59.79,0.3936,0.6842,1.2018
SSP2-4.5,+geoid,3,2090,0.69,113.6957,20.5153,35.6658,62.6449,0.4141,0.7199,1.2644
SSP2-4.5,+geoid,3,2091,0.696,119.1214,21.4944,37.3679,65.6344,0.4356,0.7573,1.3301
SSP2-4.5,+geoid,3,2092,0.702,124.803,22.5195,39.1502,68.7649,0.4581,0.7964,1.3988
SSP2-4.5,+geoid,3,2093,0.708,130.7523,23.593,41.0164,72.0429,0.4817,0.8374,1.4709
SSP2-4.5,+geoid,3,2094,0.714,136.9818,24.7171,42.9706,75.4753,0.5064,0.8804,1.5464
SSP2-4.5,+geoid,3,2095,0.72,143.5046,25.8941,45.0168,79.0692,0.5323,0.9254,1.6254
SSP2-4.5,+geoid,3,2096,0.726,150.3344,27.1264,47.1592,82.8324,0.5594,0.9726,1.7083
SSP2-4.5,+geoid,3,2097,0.732,157.4854,28.4168,49.4025,86.7725,0.5878,1.022,1.795
SSP2-4.5,+geoid,3,2098,0.738,164.9727,29.7678,51.7512,90.8979,0.6176,1.0737,1.8859
SSP2-4.5,+geoid,3,2099,0.744,172.8119,31.1823,54.2103,95.2172,0.6488,1.1279,1.9812
SSP2-4.5,+geoid,3,2100,0.75,181.0193,32.6633,56.785,99.7394,0.6815,1.1847,2.0809
SSP5-8.5,baseline,1a,2025,0.065,0.7093,0.128,0.2225,0.3908,0.0001,0.0002,0.0004
SSP5-8.5,baseline,1a,2026,0.078,0.794,0.1433,0.2491,0.4375,0.0003,0.0005,0.0008
SSP5-8.5,baseline,1a,2027,0.091,0.8884,0.1603,0.2787,0.4895,0.0004,0.0008,0.0013
SSP5-8.5,baseline,1a,2028,0.104,0.9936,0.1793,0.3117,0.5474,0.0006,0.0011,0.0019
SSP5-8.5,baseline,1a,2029,0.117,1.1107,0.2004,0.3484,0.612,0.0008,0.0014,0.0025
SSP5-8.5,baseline,1a,2030,0.13,1.241,0.2239,0.3893,0.6838,0.001,0.0018,0.0032
SSP5-8.5,baseline,1a,2031,0.144,1.3978,0.2522,0.4385,0.7702,0.0013,0.0022,0.0039
SSP5-8.5,baseline,1a,2032,0.158,1.5738,0.284,0.4937,0.8671,0.0016,0.0027,0.0048
SSP5-8.5,baseline,1a,2033,0.172,1.7711,0.3196,0.5556,0.9758,0.0019,0.0033,0.0058
SSP5-8.5,baseline,1a,2034,0.186,1.9922,0.3595,0.6249,1.0977,0.0023,0.0039,0.0069
SSP5-8.5,baseline,1a,2035,0.2,2.24,0.4042,0.7027,1.2342,0.0027,0.0046,0.0081
SSP5-8.5,baseline,1a,2036,0.214,2.5176,0.4543,0.7898,1.3872,0.0031,0.0054,0.0095
SSP5-8.5,baseline,1a,2037,0.228,2.8286,0.5104,0.8873,1.5585,0.0036,0.0063,0.0111
SSP5-8.5,baseline,1a,2038,0.242,3.1768,0.5732,0.9965,1.7504,0.0042,0.0073,0.0128
SSP5-8.5,baseline,1a,2039,0.256,3.5666,0.6436,1.1188,1.9651,0.0048,0.0084,0.0148
SSP5-8.5,baseline,1a,2040,0.27,4.0028,0.7223,1.2557,2.2055,0.0056,0.0097,0.017
SSP5-8.5,baseline,1a,2041,0.283,4.4542,0.8037,1.3973,2.4542,0.0064,0.0111,0.0194
SSP5-8.5,baseline,1a,2042,0.296,4.9551,0.8941,1.5544,2.7302,0.0073,0.0126,0.0222
SSP5-8.5,baseline,1a,2043,0.309,5.5109,0.9944,1.7287,3.0364,0.0083,0.0143,0.0252
SSP5-8.5,baseline,1a,2044,0.322,6.1274,1.1056,1.9221,3.3761,0.0094,0.0163,0.0286
SSP5-8.5,baseline,1a,2045,0.335,6.8113,1.229,2.1367,3.7529,0.0106,0.0184,0.0323
SSP5-8.5,baseline,1a,2046,0.348,7.5696,1.3659,2.3745,4.1707,0.012,0.0208,0.0365
SSP5-8.5,baseline,1a,2047,0.361,8.4103,1.5176,2.6383,4.634,0.0135,0.0234,0.0411
SSP5-8.5,baseline,1a,2048,0.374,9.3423,1.6857,2.9306,5.1475,0.0152,0.0263,0.0463
SSP5-8.5,baseline,1a,2049,0.387,10.3753,1.8721,3.2547,5.7166,0.017,0.0296,0.052
SSP5-8.5,baseline,1a,2050,0.4,11.52,2.0787,3.6138,6.3474,0.0191,0.0332,0.0583
SSP5-8.5,baseline,1a,2051,0.412,12.6861,2.2891,3.9796,6.9899,0.0214,0.0372,0.0653
SSP5-8.5,baseline,1a,2052,0.424,13.9678,2.5204,4.3817,7.6961,0.0239,0.0416,0.073
SSP5-8.5,baseline,1a,2053,0.436,15.3765,2.7745,4.8235,8.4722,0.0267,0.0464,0.0815
SSP5-8.5,baseline,1a,2054,0.448,16.9244,3.0538,5.3091,9.3251,0.0297,0.0517,0.0908
SSP5-8.5,baseline,1a,2055,0.46,18.6251,3.3607,5.8426,10.2622,0.0331,0.0576,0.1011
SSP5-8.5,baseline,1a,2056,0.472,20.4936,3.6979,6.4287,11.2917,0.0368,0.064,0.1124
SSP5-8.5,baseline,1a,2057,0.484,22.546,4.0682,7.0726,12.4226,0.0409,0.0711,0.1248
SSP5-8.5,baseline,1a,2058,0.496,24.8004,4.475,7.7798,13.6647,0.0453,0.0788,0.1385
SSP5-8.5,baseline,1a,2059,0.508,27.2761,4.9217,8.5564,15.0288,0.0503,0.0874,0.1535
SSP5-8.5,baseline,1a,2060,0.52,29.9948,5.4123,9.4092,16.5268,0.0557,0.0968,0.17
SSP5-8.5,baseline,1a,2061,0.532,32.9799,5.9509,10.3457,18.1715,0.0616,0.1071,0.1882
SSP5-8.5,baseline,1a,2062,0.544,36.2571,6.5423,11.3737,19.9772,0.0682,0.1185,0.2082
SSP5-8.5,baseline,1a,2063,0.556,39.8548,7.1914,12.5023,21.9595,0.0754,0.131,0.2301
SSP5-8.5,baseline,1a,2064,0.568,43.8038,7.904,13.7411,24.1353,0.0833,0.1448,0.2543
SSP5-8.5,baseline,1a,2065,0.58,48.138,8.686,15.1007,26.5234,0.092,0.1599,0.2808
SSP5-8.5,baseline,1a,2066,0.592,52.8945,9.5443,16.5928,29.1442,0.1015,0.1765,0.3099
SSP5-8.5,baseline,1a,2067,0.604,58.1139,10.4861,18.2301,32.0201,0.112,0.1947,0.342
SSP5-8.5,baseline,1a,2068,0.616,63.8409,11.5195,20.0266,35.1755,0.1235,0.2147,0.3771
SSP5-8.5,baseline,1a,2069,0.628,70.1241,12.6532,21.9976,38.6375,0.1362,0.2367,0.4158
SSP5-8.5,baseline,1a,2070,0.64,77.017,13.897,24.1599,42.4354,0.1501,0.2609,0.4582
SSP5-8.5,baseline,1a,2071,0.652,84.5781,15.2613,26.5318,46.6015,0.1653,0.2874,0.5048
SSP5-8.5,baseline,1a,2072,0.664,92.8714,16.7578,29.1334,51.171,0.1821,0.3165,0.556
SSP5-8.5,baseline,1a,2073,0.676,101.9671,18.399,31.9866,56.1826,0.2005,0.3485,0.6122
SSP5-8.5,baseline,1a,2074,0.688,111.9419,20.1989,35.1157,61.6786,0.2207,0.3836,0.6738
SSP5-8.5,baseline,1a,2075,0.7,122.88,22.1725,38.5469,67.7054,0.2428,0.4222,0.7415
SSP5-8.5,baseline,1a,2076,0.712,134.8734,24.3366,42.3092,74.3135,0.2672,0.4645,0.8159
SSP5-8.5,baseline,1a,2077,0.724,148.0228,26.7093,46.4341,81.5587,0.2939,0.5109,0.8974
SSP5-8.5,baseline,1a,2078,0.736,162.4386,29.3105,50.9563,89.5016,0.3232,0.5619,0.9869
SSP5-8.5,baseline,1a,2079,0.748,178.2415,32.162,55.9136,98.2089,0.3554,0.6178,1.0851
SSP5-8.5,baseline,1a,2080,0.76,195.5638,35.2877,61.3475,107.7532,0.3906,0.6791,1.1929
SSP5-8.5,baseline,1a,2081,0.772,214.5501,38.7136,67.3034,118.2144,0.4294,0.7464,1.3111
SSP5-8.5,baseline,1a,2082,0.784,235.3587,42.4683,73.831,129.6797,0.4718,0.8203,1.4408
SSP5-8.5,baseline,1a,2083,0.796,258.1629,46.5831,80.9846,142.2445,0.5184,0.9013,1.583
SSP5-8.5,baseline,1a,2084,0.808,283.1523,51.0922,88.8237,156.0134,0.5695,0.9901,1.739
SSP5-8.5,baseline,1a,2085,0.82,310.5345,56.0331,97.4134,171.1007,0.6255,1.0875,1.9101
SSP5-8.5,baseline,1a,2086,0.832,340.5366,61.4467,106.8249,187.6314,0.687,1.1943,2.0978
SSP5-8.5,baseline,1a,2087,0.844,365.0,65.8608,114.499,201.1105,0.7528,1.3088,2.2989
SSP5-8.5,baseline,1a,2088,0.856,365.0,65.8608,114.499,201.1105,0.8187,1.4233,2.5
SSP5-8.5,baseline,1a,2089,0.868,365.0,65.8608,114.499,201.1105,0.8846,1.5378,2.7011
SSP5-8.5,baseline,1a,2090,0.88,365.0,65.8608,114.499,201.1105,0.9504,1.6523,2.9022
SSP5-8.5,baseline,1a,2091,0.892,365.0,65.8608,114.499,201.1105,1.0163,1.7668,3.1033
SSP5-8.5,baseline,1a,2092,0.904,365.0,65.8608,114.499,201.1105,1.0822,1.8813,3.3044
SSP5-8.5,baseline,1a,2093,0.916,365.0,65.8608,114.499,201.1105,1.148,1.9958,3.5055
SSP5-8.5,baseline,1a,2094,0.928,365.0,65.8608,114.499,201.1105,1.2139,2.1103,3.7066
SSP5-8.5,baseline,1a,2095,0.94,365.0,65.8608,114.499,201.1105,1.2797,2.2248,3.9078
SSP5-8.5,baseline,1a,2096,0.952,365.0,65.8608,114.499,201.1105,1.3456,2.3393,4.1089
SSP5-8.5,baseline,1a,2097,0.964,365.0,65.8608,114.499,201.1105,1.4115,2.4538,4.31
SSP5-8.5,baseline,1a,2098,0.976,365.0,65.8608,114.499,201.1105,1.4773,2.5683,4.5111
SSP5-8.5,baseline,1a,2099,0.988,365.0,65.8608,114.499,201.1105,1.5432,2.6828,4.7122
SSP5-8.5,baseline,1a,2100,1.0,365.0,65.8608,114.499,201.1105,1.609,2.7973,4.9133
SSP5-8.5,baseline,1b,2025,0.065,0.7093,0.128,0.2225,0.3908,0.0001,0.0002,0.0004
SSP5-8.5,baseline,1b,2026,0.078,0.794,0.1433,0.2491,0.4375,0.0003,0.0005,0.0008
SSP5-8.5,baseline,1b,2027,0.091,0.8884,0.1603,0.2787,0.4895,0.0004,0.0008,0.0013
SSP5-8.5,baseline,1b,2028,0.104,0.9936,0.1793,0.3117,0.5474,0.0006,0.0011,0.0019
SSP5-8.5,baseline,1b,2029,0.117,1.1107,0.2004,0.3484,0.612,0.0008,0.0014,0.0025
SSP5-8.5,baseline,1b,2030,0.13,1.241,0.2239,0.3893,0.6838,0.001,0.0018,0.0032
SSP5-8.5,baseline,1b,2031,0.144,1.3978,0.2522,0.4385,0.7702,0.0013,0.0022,0.0039
SSP5-8.5,baseline,1b,2032,0.158,1.5738,0.284,0.4937,0.8671,0.0016,0.0027,0.0048
SSP5-8.5,baseline,1b,2033,0.172,1.7711,0.3196,0.5556,0.9758,0.0019,0.0033,0.0058
SSP5-8.5,baseline,1b,2034,0.186,1.9922,0.3595,0.6249,1.0977,0.0023,0.0039,0.0069
SSP5-8.5,baseline,1b,2035,0.2,2.24,0.4042,0.7027,1.2342,0.0027,0.0046,0.0081
SSP5-8.5,baseline,1b,2036,0.214,2.5176,0.4543,0.7898,1.3872,0.0031,0.0054,0.0095
SSP5-8.5,baseline,1b,2037,0.228,2.8286,0.5104,0.8873,1.5585,0.0036,0.0063,0.0111
SSP5-8.5,baseline,1b,2038,0.242,3.1768,0.5732,0.9965,1.7504,0.0042,0.0073,0.0128
SSP5-8.5,baseline,1b,2039,0.256,3.5666,0.6436,1.1188,1.9651,0.0048,0.0084,0.0148
SSP5-8.5,baseline,1b,2040,0.27,4.0028,0.7223,1.2557,2.2055,0.0056,0.0097,0.017
SSP5-8.5,baseline,1b,2041,0.283,4.4542,0.8037,1.3973,2.4542,0.0064,0.0111,0.0194
SSP5-8.5,baseline,1b,2042,0.296,4.9551,0.8941,1.5544,2.7302,0.0073,0.0126,0.0222
SSP5-8.5,baseline,1b,2043,0.309,5.5109,0.9944,1.7287,3.0364,0.0083,0.0143,0.0252
SSP5-8.5,baseline,1b,2044,0.322,6.1274,1.1056,1.9221,3.3761,0.0094,0.0163,0.0286
SSP5-8.5,baseline,1b,2045,0.335,6.8113,1.229,2.1367,3.7529,0.0106,0.0184,0.0323
SSP5-8.5,baseline,1b,2046,0.348,7.5696,1.3659,2.3745,4.1707,0.012,0.0208,0.0365
SSP5-8.5,baseline,1b,2047,0.361,8.4103,1.5176,2.6383,4.634,0.0135,0.0234,0.0411
SSP5-8.5,baseline,1b,2048,0.374,9.3423,1.6857,2.9306,5.1475,0.0152,0.0263,0.0463
SSP5-8.5,baseline,1b,2049,0.387,10.3753,1.8721,3.2547,5.7166,0.017,0.0296,0.052
SSP5-8.5,baseline,1b,2050,0.4,11.52,2.0787,3.6138,6.3474,0.0191,0.0332,0.0583
SSP5-8.5,baseline,1b,2051,0.412,12.6861,2.2891,3.9796,6.9899,0.0214,0.0372,0.0653
SSP5-8.5,baseline,1b,2052,0.424,13.9678,2.5204,4.3817,7.6961,0.0239,0.0416,0.073
SSP5-8.5,baseline,1b,2053,0.436,15.3765,2.7745,4.8235,8.4722,0.0267,0.0464,0.0815
SSP5-8.5,baseline,1b,2054,0.448,16.9244,3.0538,5.3091,9.3251,0.0297,0.0517,0.0908
SSP5-8.5,baseline,1b,2055,0.46,18.6251,3.3607,5.8426,10.2622,0.0331,0.0576,0.1011
SSP5-8.5,baseline,1b,2056,0.472,20.4936,3.6979,6.4287,11.2917,0.0368,0.064,0.1124
SSP5-8.5,baseline,1b,2057,0.484,22.546,4.0682,7.0726,12.4226,0.0409,0.0711,0.1248
SSP5-8.5,baseline,1b,2058,0.496,24.8004,4.475,7.7798,13.6647,0.0453,0.0788,0.1385
SSP5-8.5,baseline,1b,2059,0.508,27.2761,4.9217,8.5564,15.0288,0.0503,0.0874,0.1535
SSP5-8.5,baseline,1b,2060,0.52,29.9948,5.4123,9.4092,16.5268,0.0557,0.0968,0.17
SSP5-8.5,baseline,1b,2061,0.532,32.9799,5.9509,10.3457,18.1715,0.0616,0.1071,0.1882
SSP5-8.5,baseline,1b,2062,0.544,36.2571,6.5423,11.3737,19.9772,0.0682,0.1185,0.2082
SSP5-8.5,baseline,1b,2063,0.556,39.8548,7.1914,12.5023,21.9595,0.0754,0.131,0.2301
SSP5-8.5,baseline,1b,2064,0.568,43.8038,7.904,13.7411,24.1353,0.0833,0.1448,0.2543
SSP5-8.5,baseline,1b,2065,0.58,48.138,8.686,15.1007,26.5234,0.092,0.1599,0.2808
SSP5-8.5,baseline,1b,2066,0.592,52.8945,9.5443,16.5928,29.1442,0.1015,0.1765,0.3099
SSP5-8.5,baseline,1b,2067,0.604,58.1139,10.4861,18.2301,32.0201,0.112,0.1947,0.342
SSP5-8.5,baseline,1b,2068,0.616,63.8409,11.5195,20.0266,35.1755,0.1235,0.2147,0.3771
SSP5-8.5,baseline,1b,2069,0.628,70.1241,12.6532,21.9976,38.6375,0.1362,0.2367,0.4158
SSP5-8.5,baseline,1b,2070,0.64,77.017,13.897,24.1599,42.4354,0.1501,0.2609,0.4582
SSP5-8.5,baseline,1b,2071,0.652,84.5781,15.2613,26.5318,46.6015,0.1653,0.2874,0.5048
SSP5-8.5,baseline,1b,2072,0.664,92.8714,16.7578,29.1334,51.171,0.1821,0.3165,0.556
SSP5-8.5,baseline,1b,2073,0.676,101.9671,18.399,31.9866,56.1826,0.2005,0.3485,0.6122
SSP5-8.5,baseline,1b,2074,0.688,111.9419,20.1989,35.1157,61.6786,0.2207,0.3836,0.6738
SSP5-8.5,baseline,1b,2075,0.7,122.88,22.1725,38.5469,67.7054,0.2428,0.4222,0.7415
SSP5-8.5,baseline,1b,2076,0.712,134.8734,24.3366,42.3092,74.3135,0.2672,0.4645,0.8159
SSP5-8.5,baseline,1b,2077,0.724,148.0228,26.7093,46.4341,81.5587,0.2939,0.5109,0.8974
SSP5-8.5,baseline,1b,2078,0.736,162.4386,29.3105,50.9563,89.5016,0.3232,0.5619,0.9869
SSP5-8.5,baseline,1b,2079,0.748,178.2415,32.162,55.9136,98.2089,0.3554,0.6178,1.0851
SSP5-8.5,baseline,1b,2080,0.76,195.5638,35.2877,61.3475,107.7532,0.3906,0.6791,1.1929
SSP5-8.5,baseline,1b,2081,0.772,214.5501,38.7136,67.3034,118.2144,0.4294,0.7464,1.3111
SSP5-8.5,baseline,1b,2082,0.784,235.3587,42.4683,73.831,129.6797,0.4718,0.8203,1.4408
SSP5-8.5,baseline,1b,2083,0.796,258.1629,46.5831,80.9846,142.2445,0.5184,0.9013,1.583
SSP5-8.5,baseline,1b,2084,0.808,283.1523,51.0922,88.8237,156.0134,0.5695,0.9901,1.739
SSP5-8.5,baseline,1b,2085,0.82,310.5345,56.0331,97.4134,171.1007,0.6255,1.0875,1.9101
SSP5-8.5,baseline,1b,2086,0.832,340.5366,61.4467,106.8249,187.6314,0.687,1.1943,2.0978
SSP5-8.5,baseline,1b,2087,0.844,365.0,65.8608,114.499,201.1105,0.7528,1.3088,2.2989
SSP5-8.5,baseline,1b,2088,0.856,365.0,65.8608,114.499,201.1105,0.8187,1.4233,2.5
SSP5-8.5,baseline,1b,2089,0.868,365.0,65.8608,114.499,201.1105,0.8846,1.5378,2.7011
SSP5-8.5,baseline,1b,2090,0.88,365.0,65.8608,114.499,201.1105,0.9504,1.6523,2.9022
SSP5-8.5,baseline,1b,2091,0.892,365.0,65.8608,114.499,201.1105,1.0163,1.7668,3.1033
SSP5-8.5,baseline,1b,2092,0.904,365.0,65.8608,114.499,201.1105,1.0822,1.8813,3.3044
SSP5-8.5,baseline,1b,2093,0.916,365.0,65.8608,114.499,201.1105,1.148,1.9958,3.5055
SSP5-8.5,baseline,1b,2094,0.928,365.0,65.8608,114.499,201.1105,1.2139,2.1103,3.7066
SSP5-8.5,baseline,1b,2095,0.94,365.0,65.8608,114.499,201.1105,1.2797,2.2248,3.9078
SSP5-8.5,baseline,1b,2096,0.952,365.0,65.8608,114.499,201.1105,1.3456,2.3393,4.1089
SSP5-8.5,baseline,1b,2097,0.964,365.0,65.8608,114.499,201.1105,1.4115,2.4538,4.31
SSP5-8.5,baseline,1b,2098,0.976,365.0,65.8608,114.499,201.1105,1.4773,2.5683,4.5111
SSP5-8.5,baseline,1b,2099,0.988,365.0,65.8608,114.499,201.1105,1.5432,2.6828,4.7122
SSP5-8.5,baseline,1b,2100,1.0,365.0,65.8608,114.499,201.1105,1.609,2.7973,4.9133
SSP5-8.5,baseline,2,2025,0.065,0.7881,0.1422,0.2472,0.4342,0.0001,0.0002,0.0004
SSP5-8.5,baseline,2,2026,0.078,0.8822,0.1592,0.2767,0.4861,0.0003,0.0005,0.0009
SSP5-8.5,baseline,2,2027,0.091,0.9871,0.1781,0.3097,0.5439,0.0005,0.0008,0.0015
SSP5-8.5,baseline,2,2028,0.104,1.104,0.1992,0.3463,0.6083,0.0007,0.0012,0.0021
SSP5-8.5,baseline,2,2029,0.117,1.2341,0.2227,0.3871,0.68,0.0009,0.0016,0.0028
SSP5-8.5,baseline,2,2030,0.13,1.3789,0.2488,0.4325,0.7597,0.0012,0.002,0.0035
SSP5-8.5,baseline,2,2031,0.144,1.5532,0.2803,0.4872,0.8558,0.0014,0.0025,0.0044
SSP5-8.5,baseline,2,2032,0.158,1.7486,0.3155,0.5485,0.9635,0.0017,0.003,0.0053
SSP5-8.5,baseline,2,2033,0.172,1.9678,0.3551,0.6173,1.0843,0.0021,0.0037,0.0064
SSP5-8.5,baseline,2,2034,0.186,2.2135,0.3994,0.6944,1.2196,0.0025,0.0043,0.0076
SSP5-8.5,baseline,2,2035,0.2,2.4889,0.4491,0.7808,1.3713,0.0029,0.0051,0.009
SSP5-8.5,baseline,2,2036,0.214,2.7974,0.5048,0.8775,1.5413,0.0035,0.006,0.0105
SSP5-8.5,baseline,2,2037,0.228,3.1429,0.5671,0.9859,1.7317,0.004,0.007,0.0123
SSP5-8.5,baseline,2,2038,0.242,3.5298,0.6369,1.1073,1.9448,0.0047,0.0081,0.0142
SSP5-8.5,baseline,2,2039,0.256,3.9628,0.7151,1.2431,2.1835,0.0054,0.0093,0.0164
SSP5-8.5,baseline,2,2040,0.27,4.4475,0.8025,1.3952,2.4505,0.0062,0.0107,0.0189
SSP5-8.5,baseline,2,2041,0.283,4.9491,0.893,1.5525,2.7269,0.0071,0.0123,0.0216
SSP5-8.5,baseline,2,2042,0.296,5.5057,0.9934,1.7271,3.0335,0.0081,0.014,0.0246
SSP5-8.5,baseline,2,2043,0.309,6.1232,1.1049,1.9208,3.3738,0.0092,0.0159,0.028
SSP5-8.5,baseline,2,2044,0.322,6.8083,1.2285,2.1357,3.7513,0.0104,0.0181,0.0317
SSP5-8.5,baseline,2,2045,0.335,7.5681,1.3656,2.3741,4.1699,0.0118,0.0204,0.0359
SSP5-8.5,baseline,2,2046,0.348,8.4106,1.5176,2.6384,4.6341,0.0133,0.0231,0.0405
SSP5-8.5,baseline,2,2047,0.361,9.3448,1.6862,2.9314,5.1489,0.015,0.026,0.0457
SSP5-8.5,baseline,2,2048,0.374,10.3803,1.873,3.2563,5.7194,0.0168,0.0293,0.0514
SSP5-8.5,baseline,2,2049,0.387,11.5281,2.0801,3.6163,6.3518,0.0189,0.0329,0.0578
SSP5-8.5,baseline,2,2050,0.4,12.8,2.3096,4.0153,7.0526,0.0212,0.0369,0.0648
SSP5-8.5,baseline,2,2051,0.412,14.0957,2.5434,4.4218,7.7665,0.0238,0.0413,0.0726
SSP5-8.5,baseline,2,2052,0.424,15.5198,2.8004,4.8685,8.5512,0.0266,0.0462,0.0811
SSP5-8.5,baseline,2,2053,0.436,17.085,3.0828,5.3595,9.4136,0.0297,0.0516,0.0906
SSP5-8.5,baseline,2,2054,0.448,18.8049,3.3932,5.899,10.3612,0.033,0.0575,0.1009
SSP5-8.5,baseline,2,2055,0.46,20.6946,3.7341,6.4918,11.4025,0.0368,0.0639,0.1123
SSP5-8.5,baseline,2,2056,0.472,22.7706,4.1088,7.1431,12.5463,0.0409,0.0711,0.1249
SSP5-8.5,baseline,2,2057,0.484,25.0512,4.5202,7.8584,13.8029,0.0454,0.0789,0.1387
SSP5-8.5,baseline,2,2058,0.496,27.556,4.9722,8.6442,15.183,0.0504,0.0876,0.1538
SSP5-8.5,baseline,2,2059,0.508,30.3068,5.4686,9.5071,16.6987,0.0559,0.0971,0.1705
SSP5-8.5,baseline,2,2060,0.52,33.3276,6.0136,10.4547,18.3631,0.0619,0.1076,0.1889
SSP5-8.5,baseline,2,2061,0.532,36.6443,6.6121,11.4952,20.1906,0.0685,0.119,0.2091
SSP5-8.5,baseline,2,2062,0.544,40.2857,7.2692,12.6375,22.1969,0.0757,0.1317,0.2313
SSP5-8.5,baseline,2,2063,0.556,44.2831,7.9905,13.8914,24.3994,0.0837,0.1456,0.2557
SSP5-8.5,baseline,2,2064,0.568,48.6709,8.7822,15.2678,26.817,0.0925,0.1608,0.2825
SSP5-8.5,baseline,2,2065,0.58,53.4866,9.6512,16.7785,29.4705,0.1022,0.1776,0.312
SSP5-8.5,baseline,2,2066,0.592,58.7716,10.6048,18.4364,32.3824,0.1128,0.1961,0.3444
SSP5-8.5,baseline,2,2067,0.604,64.571,11.6512,20.2557,35.5778,0.1244,0.2163,0.3799
SSP5-8.5,baseline,2,2068,0.616,70.9343,12.7994,22.2518,39.0839,0.1372,0.2386,0.419
SSP5-8.5,baseline,2,2069,0.628,77.9157,14.0592,24.4418,42.9306,0.1513,0.263,0.462
SSP5-8.5,baseline,2,2070,0.64,85.5745,15.4411,26.8444,47.1505,0.1667,0.2899,0.5091
SSP5-8.5,baseline,2,2071,0.652,93.9757,16.957,29.4798,51.7794,0.1837,0.3193,0.5609
SSP5-8.5,baseline,2,2072,0.664,103.1905,18.6198,32.3704,56.8567,0.2023,0.3517,0.6177
SSP5-8.5,baseline,2,2073,0.676,113.2968,20.4433,35.5407,62.4251,0.2227,0.3872,0.6802
SSP5-8.5,baseline,2,2074,0.688,124.3799,22.4432,39.0175,68.5318,0.2452,0.4263,0.7487
SSP5-8.5,baseline,2,2075,0.7,136.5333,24.6362,42.8299,75.2282,0.2698,0.4691,0.8239
SSP5-8.5,baseline,2,2076,0.712,149.8593,27.0407,47.0102,82.5706,0.2969,0.5161,0.9065
SSP5-8.5,baseline,2,2077,0.724,164.4698,29.677,51.5935,90.6208,0.3265,0.5677,0.9971
SSP5-8.5,baseline,2,2078,0.736,180.4873,32.5673,56.6181,99.4463,0.3591,0.6243,1.0966
SSP5-8.5,baseline,2,2079,0.748,198.0462,35.7356,62.1262,109.121,0.3948,0.6864,1.2057
SSP5-8.5,baseline,2,2080,0.76,217.2931,39.2085,68.1639,119.7258,0.4341,0.7546,1.3254
SSP5-8.5,baseline,2,2081,0.772,238.389,43.0151,74.7816,131.3494,0.4771,0.8294,1.4568
SSP5-8.5,baseline,2,2082,0.784,261.5096,47.187,82.0345,144.0885,0.5243,0.9114,1.6009
SSP5-8.5,baseline,2,2083,0.796,286.8476,51.759,89.9829,158.0495,0.576,1.0014,1.7589
SSP5-8.5,baseline,2,2084,0.808,314.6137,56.7691,98.693,173.3482,0.6328,1.1001,1.9323
SSP5-8.5,baseline,2,2085,0.82,345.0384,62.259,108.2371,190.1118,0.695,1.2083,2.1224
SSP5-8.5,baseline,2,2086,0.832,365.0,65.8608,114.499,201.1105,0.7609,1.3228,2.3235
SSP5-8.5,baseline,2,2087,0.844,365.0,65.8608,114.499,201.1105,0.8268,1.4373,2.5246
SSP5-8.5,baseline,2,2088,0.856,365.0,65.8608,114.499,201.1105,0.8926,1.5518,2.7257
SSP5-8.5,baseline,2,2089,0.868,365.0,65.8608,114.499,201.1105,0.9585,1.6663,2.9268
SSP5-8.5,baseline,2,2090,0.88,365.0,65.8608,114.499,201.1105,1.0243,1.7808,3.1279
SSP5-8.5,baseline,2,2091,0.892,365.0,65.8608,114.499,201.1105,1.0902,1.8953,3.329
SSP5-8.5,baseline,2,2092,0.904,365.0,65.8608,114.499,201.1105,1.1561,2.0098,3.5301
SSP5-8.5,baseline,2,2093,0.916,365.0,65.8608,114.499,201.1105,1.2219,2.1243,3.7312
SSP5-8.5,baseline,2,2094,0.928,365.0,65.8608,114.499,201.1105,1.2878,2.2388,3.9324
SSP5-8.5,baseline,2,2095,0.94,365.0,65.8608,114.499,201.1105,1.3537,2.3533,4.1335
SSP5-8.5,baseline,2,2096,0.952,365.0,65.8608,114.499,201.1105,1.4195,2.4678,4.3346
SSP5-8.5,baseline,2,2097,0.964,365.0,65.8608,114.499,201.1105,1.4854,2.5823,4.5357
SSP5-8.5,baseline,2,2098,0.976,365.0,65.8608,114.499,201.1105,1.5512,2.6968,4.7368
SSP5-8.5,baseline,2,2099,0.988,365.0,65.8608,114.499,201.1105,1.6171,2.8113,4.9379
SSP5-8.5,baseline,2,2100,1.0,365.0,65.8608,114.499,201.1105,1.683,2.9258,5.139
SSP5-8.5,baseline,3,2025,0.065,0.7093,0.128,0.2225,0.3908,0.0001,0.0002,0.0004
SSP5-8.5,baseline,3,2026,0.078,0.794,0.1433,0.2491,0.4375,0.0003,0.0005,0.0008
SSP5-8.5,baseline,3,2027,0.091,0.8884,0.1603,0.2787,0.4895,0.0004,0.0008,0.0013
SSP5-8.5,baseline,3,2028,0.104,0.9936,0.1793,0.3117,0.5474,0.0006,0.0011,0.0019
SSP5-8.5,baseline,3,2029,0.117,1.1107,0.2004,0.3484,0.612,0.0008,0.0014,0.0025
SSP5-8.5,baseline,3,2030,0.13,1.241,0.2239,0.3893,0.6838,0.001,0.0018,0.0032
SSP5-8.5,baseline,3,2031,0.144,1.3978,0.2522,0.4385,0.7702,0.0013,0.0022,0.0039
SSP5-8.5,baseline,3,2032,0.158,1.5738,0.284,0.4937,0.8671,0.0016,0.0027,0.0048
SSP5-8.5,baseline,3,2033,0.172,1.7711,0.3196,0.5556,0.9758,0.0019,0.0033,0.0058
SSP5-8.5,baseline,3,2034,0.186,1.9922,0.3595,0.6249,1.0977,0.0023,0.0039,0.0069
SSP5-8.5,baseline,3,2035,0.2,2.24,0.4042,0.7027,1.2342,0.0027,0.0046,0.0081
SSP5-8.5,baseline,3,2036,0.214,2.5176,0.4543,0.7898,1.3872,0.0031,0.0054,0.0095
SSP5-8.5,baseline,3,2037,0.228,2.8286,0.5104,0.8873,1.5585,0.0036,0.0063,0.0111
SSP5-8.5,baseline,3,2038,0.242,3.1768,0.5732,0.9965,1.7504,0.0042,0.0073,0.0128
SSP5-8.5,baseline,3,2039,0.256,3.5666,0.6436,1.1188,1.9651,0.0048,0.0084,0.0148
SSP5-8.5,baseline,3,2040,0.27,4.0028,0.7223,1.2557,2.2055,0.0056,0.0097,0.017
SSP5-8.5,baseline,3,2041,0.283,4.4542,0.8037,1.3973,2.4542,0.0064,0.0111,0.0194
SSP5-8.5,baseline,3,2042,0.296,4.9551,0.8941,1.5544,2.7302,0.0073,0.0126,0.0222
SSP5-8.5,baseline,3,2043,0.309,5.5109,0.9944,1.7287,3.0364,0.0083,0.0143,0.0252
SSP5-8.5,baseline,3,2044,0.322,6.1274,1.1056,1.9221,3.3761,0.0094,0.0163,0.0286
SSP5-8.5,baseline,3,2045,0.335,6.8113,1.229,2.1367,3.7529,0.0106,0.0184,0.0323
SSP5-8.5,baseline,3,2046,0.348,7.5696,1.3659,2.3745,4.1707,0.012,0.0208,0.0365
SSP5-8.5,baseline,3,2047,0.361,8.4103,1.5176,2.6383,4.634,0.0135,0.0234,0.0411
SSP5-8.5,baseline,3,2048,0.374,9.3423,1.6857,2.9306,5.1475,0.0152,0.0263,0.0463
SSP5-8.5,baseline,3,2049,0.387,10.3753,1.8721,3.2547,5.7166,0.017,0.0296,0.052
SSP5-8.5,baseline,3,2050,0.4,11.52,2.0787,3.6138,6.3474,0.0191,0.0332,0.0583
SSP5-8.5,baseline,3,2051,0.412,12.6861,2.2891,3.9796,6.9899,0.0214,0.0372,0.0653
SSP5-8.5,baseline,3,2052,0.424,13.9678,2.5204,4.3817,7.6961,0.0239,0.0416,0.073
SSP5-8.5,baseline,3,2053,0.436,15.3765,2.7745,4.8235,8.4722,0.0267,0.0464,0.0815
SSP5-8.5,baseline,3,2054,0.448,16.9244,3.0538,5.3091,9.3251,0.0297,0.0517,0.0908
SSP5-8.5,baseline,3,2055,0.46,18.6251,3.3607,5.8426,10.2622,0.0331,0.0576,0.1011
SSP5-8.5,baseline,3,2056,0.472,20.4936,3.6979,6.4287,11.2917,0.0368,0.064,0.1124
SSP5-8.5,baseline,3,2057,0.484,22.546,4.0682,7.0726,12.4226,0.0409,0.0711,0.1248
SSP5-8.5,baseline,3,2058,0.496,24.8004,4.475,7.7798,13.6647,0.0453,0.0788,0.1385
SSP5-8.5,baseline,3,2059,0.508,27.2761,4.9217,8.5564,15.0288,0.0503,0.0874,0.1535
SSP5-8.5,baseline,3,2060,0.52,29.9948,5.4123,9.4092,16.5268,0.0557,0.0968,0.17
SSP5-8.5,baseline,3,2061,0.532,32.9799,5.9509,10.3457,18.1715,0.0616,0.1071,0.1882
SSP5-8.5,baseline,3,2062,0.544,36.2571,6.5423,11.3737,19.9772,0.0682,0.1185,0.2082
SSP5-8.5,baseline,3,2063,0.556,39.8548,7.1914,12.5023,21.9595,0.0754,0.131,0.2301
SSP5-8.5,baseline,3,2064,0.568,43.8038,7.904,13.7411,24.1353,0.0833,0.1448,0.2543
SSP5-8.5,baseline,3,2065,0.58,48.138,8.686,15.1007,26.5234,0.092,0.1599,0.2808
SSP5-8.5,baseline,3,2066,0.592,52.8945,9.5443,16.5928,29.1442,0.1015,0.1765,0.3099
SSP5-8.5,baseline,3,2067,0.604,58.1139,10.4861,18.2301,32.0201,0.112,0.1947,0.342
SSP5-8.5,baseline,3,2068,0.616,63.8409,11.5195,20.0266,35.1755,0.1235,0.2147,0.3771
SSP5-8.5,baseline,3,2069,0.628,70.1241,12.6532,21.9976,38.6375,0.1362,0.2367,0.4158
SSP5-8.5,baseline,3,2070,0.64,77.017,13.897,24.1599,42.4354,0.1501,0.2609,0.4582
SSP5-8.5,baseline,3,2071,0.652,84.5781,15.2613,26.5318,46.6015,0.1653,0.2874,0.5048
SSP5-8.5,baseline,3,2072,0.664,92.8714,16.7578,29.1334,51.171,0.1821,0.3165,0.556
SSP5-8.5,baseline,3,2073,0.676,101.9671,18.399,31.9866,56.1826,0.2005,0.3485,0.6122
SSP5-8.5,baseline,3,2074,0.688,111.9419,20.1989,35.1157,61.6786,0.2207,0.3836,0.6738
SSP5-8.5,baseline,3,2075,0.7,122.88,22.1725,38.5469,67.7054,0.2428,0.4222,0.7415
SSP5-8.5,baseline,3,2076,0.712,134.8734,24.3366,42.3092,74.3135,0.2672,0.4645,0.8159
SSP5-8.5,baseline,3,2077,0.724,148.0228,26.7093,46.4341,81.5587,0.2939,0.5109,0.8974
SSP5-8.5,baseline,3,2078,0.736,162.4386,29.3105,50.9563,89.5016,0.3232,0.5619,0.9869
SSP5-8.5,baseline,3,2079,0.748,178.2415,32.162,55.9136,98.2089,0.3554,0.6178,1.0851
SSP5-8.5,baseline,3,2080,0.76,195.5638,35.2877,61.3475,107.7532,0.3906,0.6791,1.1929
SSP5-8.5,baseline,3,2081,0.772,214.5501,38.7136,67.3034,118.2144,0.4294,0.7464,1.3111
SSP5-8.5,baseline,3,2082,0.784,235.3587,42.4683,73.831,129.6797,0.4718,0.8203,1.4408
SSP5-8.5,baseline,3,2083,0.796,258.1629,46.5831,80.9846,142.2445,0.5184,0.9013,1.583
SSP5-8.5,baseline,3,2084,0.808,283.1523,51.0922,88.8237,156.0134,0.5695,0.9901,1.739
SSP5-8.5,baseline,3,2085,0.82,310.5345,56.0331,97.4134,171.1007,0.6255,1.0875,1.9101
SSP5-8.5,baseline,3,2086,0.832,340.5366,61.4467,106.8249,187.6314,0.687,1.1943,2.0978
SSP5-8.5,baseline,3,2087,0.844,365.0,65.8608,114.499,201.1105,0.7528,1.3088,2.2989
SSP5-8.5,baseline,3,2088,0.856,365.0,65.8608,114.499,201.1105,0.8187,1.4233,2.5
SSP5-8.5,baseline,3,2089,0.868,365.0,65.8608,114.499,201.1105,0.8846,1.5378,2.7011
SSP5-8.5,baseline,3,2090,0.88,365.0,65.8608,114.499,201.1105,0.9504,1.6523,2.9022
SSP5-8.5,baseline,3,2091,0.892,365.0,65.8608,114.499,201.1105,1.0163,1.7668,3.1033
SSP5-8.5,baseline,3,2092,0.904,365.0,65.8608,114.499,201.1105,1.0822,1.8813,3.3044
SSP5-8.5,baseline,3,2093,0.916,365.0,65.8608,114.499,201.1105,1.148,1.9958,3.5055
SSP5-8.5,baseline,3,2094,0.928,365.0,65.8608,114.499,201.1105,1.2139,2.1103,3.7066
SSP5-8.5,baseline,3,2095,0.94,365.0,65.8608,114.499,201.1105,1.2797,2.2248,3.9078
SSP5-8.5,baseline,3,2096,0.952,365.0,65.8608,114.499,201.1105,1.3456,2.3393,4.1089
SSP5-8.5,baseline,3,2097,0.964,365.0,65.8608,114.499,201.1105,1.4115,2.4538,4.31
SSP5-8.5,baseline,3,2098,0.976,365.0,65.8608,114.499,201.1105,1.4773,2.5683,4.5111
SSP5-8.5,baseline,3,2099,0.988,365.0,65.8608,114.499,201.1105,1.5432,2.6828,4.7122
SSP5-8.5,baseline,3,2100,1.0,365.0,65.8608,114.499,201.1105,1.609,2.7973,4.9133
SSP5-8.5,+geoid,1a,2025,0.215,2.5387,0.4581,0.7964,1.3988,0.0005,0.0008,0.0014
SSP5-8.5,+geoid,1a,2026,0.228,2.8286,0.5104,0.8873,1.5585,0.001,0.0017,0.003
SSP5-8.5,+geoid,1a,2027,0.241,3.1506,0.5685,0.9883,1.7359,0.0015,0.0027,0.0047
SSP5-8.5,+geoid,1a,2028,0.254,3.5081,0.633,1.1005,1.9329,0.0022,0.0038,0.0066
SSP5-8.5,+geoid,1a,2029,0.267,3.9051,0.7046,1.225,2.1517,0.0029,0.005,0.0088
SSP5-8.5,+geoid,1a,2030,0.28,4.3458,0.7842,1.3633,2.3945,0.0037,0.0064,0.0112
SSP5-8.5,+geoid,1a,2031,0.294,4.8746,0.8796,1.5291,2.6858,0.0045,0.0079,0.0139
SSP5-8.5,+geoid,1a,2032,0.308,5.4661,0.9863,1.7147,3.0117,0.0055,0.0096,0.0169
SSP5-8.5,+geoid,1a,2033,0.322,6.1274,1.1056,1.9221,3.3761,0.0066,0.0115,0.0202
SSP5-8.5,+geoid,1a,2034,0.336,6.8668,1.2391,2.1541,3.7835,0.0079,0.0137,0.024
SSP5-8.5,+geoid,1a,2035,0.35,7.6933,1.3882,2.4134,4.2389,0.0093,0.0161,0.0283
SSP5-8.5,+geoid,1a,2036,0.364,8.6169,1.5548,2.7031,4.7478,0.0108,0.0188,0.033
SSP5-8.5,+geoid,1a,2037,0.378,9.6489,1.7411,3.0268,5.3164,0.0126,0.0218,0.0383
SSP5-8.5,+geoid,1a,2038,0.392,10.8017,1.9491,3.3884,5.9516,0.0145,0.0252,0.0443
SSP5-8.5,+geoid,1a,2039,0.406,12.0893,2.1814,3.7924,6.661,0.0167,0.029,0.0509
SSP5-8.5,+geoid,1a,2040,0.42,13.5271,2.4408,4.2434,7.4532,0.0191,0.0332,0.0584
SSP5-8.5,+geoid,1a,2041,0.433,15.0118,2.7087,4.7091,8.2713,0.0218,0.038,0.0667
SSP5-8.5,+geoid,1a,2042,0.446,16.6562,3.0054,5.225,9.1773,0.0248,0.0432,0.0758
SSP5-8.5,+geoid,1a,2043,0.459,18.4772,3.334,5.7962,10.1807,0.0282,0.049,0.086
SSP5-8.5,+geoid,1a,2044,0.472,20.4936,3.6979,6.4287,11.2917,0.0319,0.0554,0.0973
SSP5-8.5,+geoid,1a,2045,0.485,22.7259,4.1007,7.129,12.5217,0.036,0.0625,0.1098
SSP5-8.5,+geoid,1a,2046,0.498,25.1971,4.5466,7.9042,13.8833,0.0405,0.0704,0.1237
SSP5-8.5,+geoid,1a,2047,0.511,27.9322,5.0401,8.7622,15.3903,0.0456,0.0792,0.1391
SSP5-8.5,+geoid,1a,2048,0.524,30.959,5.5863,9.7117,17.058,0.0511,0.0889,0.1562
SSP5-8.5,+geoid,1a,2049,0.537,34.3083,6.1906,10.7624,18.9035,0.0573,0.0997,0.1751
SSP5-8.5,+geoid,1a,2050,0.55,38.0141,6.8593,11.9248,20.9453,0.0642,0.1116,0.196
SSP5-8.5,+geoid,1a,2051,0.562,41.7833,7.5394,13.1073,23.0221,0.0717,0.1247,0.219
SSP5-8.5,+geoid,1a,2052,0.574,45.9205,8.2859,14.4051,25.3016,0.08,0.1391,0.2443
SSP5-8.5,+geoid,1a,2053,0.586,50.461,9.1052,15.8294,27.8034,0.0891,0.1549,0.2721
SSP5-8.5,+geoid,1a,2054,0.598,55.4436,10.0043,17.3924,30.5488,0.0991,0.1723,0.3027
SSP5-8.5,+geoid,1a,2055,0.61,60.911,10.9908,19.1075,33.5612,0.1101,0.1914,0.3363
SSP5-8.5,+geoid,1a,2056,0.622,66.9098,12.0732,20.9893,36.8664,0.1222,0.2124,0.3731
SSP5-8.5,+geoid,1a,2057,0.634,73.4908,13.2607,23.0538,40.4925,0.1355,0.2355,0.4136
SSP5-8.5,+geoid,1a,2058,0.646,80.7102,14.5634,25.3184,44.4703,0.15,0.2608,0.4581
SSP5-8.5,+geoid,1a,2059,0.658,88.629,15.9923,27.8025,48.8335,0.166,0.2886,0.5069
SSP5-8.5,+geoid,1a,2060,0.67,97.3143,17.5595,30.5271,53.619,0.1836,0.3191,0.5605
SSP5-8.5,+geoid,1a,2061,0.682,106.8395,19.2782,33.5151,58.8673,0.2028,0.3526,0.6194
SSP5-8.5,+geoid,1a,2062,0.694,117.285,21.163,36.7918,64.6226,0.224,0.3894,0.684
SSP5-8.5,+geoid,1a,2063,0.706,128.7387,23.2297,40.3848,70.9334,0.2472,0.4298,0.755
SSP5-8.5,+geoid,1a,2064,0.718,141.2969,25.4957,44.3242,77.8528,0.2727,0.4742,0.8328
SSP5-8.5,+geoid,1a,2065,0.73,155.0651,27.9801,48.6433,85.4389,0.3007,0.5228,0.9183
SSP5-8.5,+geoid,1a,2066,0.742,170.1587,30.7035,53.3781,93.7553,0.3314,0.5762,1.012
SSP5-8.5,+geoid,1a,2067,0.754,186.704,33.689,58.5683,102.8716,0.3651,0.6347,1.1149
SSP5-8.5,+geoid,1a,2068,0.766,204.8394,36.9614,64.2572,112.864,0.4021,0.699,1.2277
SSP5-8.5,+geoid,1a,2069,0.778,224.7161,40.5479,70.4925,123.8158,0.4426,0.7695,1.3516
SSP5-8.5,+geoid,1a,2070,0.79,246.4999,44.4786,77.326,135.8184,0.4871,0.8468,1.4874
SSP5-8.5,+geoid,1a,2071,0.802,270.3719,48.7861,84.8145,148.9715,0.5359,0.9316,1.6364
SSP5-8.5,+geoid,1a,2072,0.814,296.5306,53.5062,93.0204,163.3847,0.5894,1.0247,1.7997
SSP5-8.5,+geoid,1a,2073,0.826,325.1931,58.6781,102.0117,179.1773,0.6481,1.1267,1.9789
SSP5-8.5,+geoid,1a,2074,0.838,356.5968,64.3446,111.8629,196.4804,0.7124,1.2385,2.1754
SSP5-8.5,+geoid,1a,2075,0.85,365.0,65.8608,114.499,201.1105,0.7783,1.353,2.3765
SSP5-8.5,+geoid,1a,2076,0.862,365.0,65.8608,114.499,201.1105,0.8441,1.4675,2.5776
SSP5-8.5,+geoid,1a,2077,0.874,365.0,65.8608,114.499,201.1105,0.91,1.582,2.7787
SSP5-8.5,+geoid,1a,2078,0.886,365.0,65.8608,114.499,201.1105,0.9759,1.6965,2.9798
SSP5-8.5,+geoid,1a,2079,0.898,365.0,65.8608,114.499,201.1105,1.0417,1.811,3.1809
SSP5-8.5,+geoid,1a,2080,0.91,365.0,65.8608,114.499,201.1105,1.1076,1.9255,3.3821
SSP5-8.5,+geoid,1a,2081,0.922,365.0,65.8608,114.499,201.1105,1.1734,2.04,3.5832
SSP5-8.5,+geoid,1a,2082,0.934,365.0,65.8608,114.499,201.1105,1.2393,2.1545,3.7843
SSP5-8.5,+geoid,1a,2083,0.946,365.0,65.8608,114.499,201.1105,1.3052,2.269,3.9854
SSP5-8.5,+geoid,1a,2084,0.958,365.0,65.8608,114.499,201.1105,1.371,2.3835,4.1865
SSP5-8.5,+geoid,1a,2085,0.97,365.0,65.8608,114.499,201.1105,1.4369,2.498,4.3876
SSP5-8.5,+geoid,1a,2086,0.982,365.0,65.8608,114.499,201.1105,1.5027,2.6125,4.5887
SSP5-8.5,+geoid,1a,2087,0.994,365.0,65.8608,114.499,201.1105,1.5686,2.727,4.7898
SSP5-8.5,+geoid,1a,2088,1.006,365.0,65.8608,114.499,201.1105,1.6345,2.8415,4.9909
SSP5-8.5,+geoid,1a,2089,1.018,365.0,65.8608,114.499,201.1105,1.7003,2.956,5.1921
SSP5-8.5,+geoid,1a,2090,1.03,365.0,65.8608,114.499,201.1105,1.7662,3.0705,5.3932
SSP5-8.5,+geoid,1a,2091,1.042,365.0,65.8608,114.499,201.1105,1.832,3.185,5.5943
SSP5-8.5,+geoid,1a,2092,1.054,365.0,65.8608,114.499,201.1105,1.8979,3.2995,5.7954
SSP5-8.5,+geoid,1a,2093,1.066,365.0,65.8608,114.499,201.1105,1.9638,3.414,5.9965
SSP5-8.5,+geoid,1a,2094,1.078,365.0,65.8608,114.499,201.1105,2.0296,3.5285,6.1976
SSP5-8.5,+geoid,1a,2095,1.09,365.0,65.8608,114.499,201.1105,2.0955,3.643,6.3987
SSP5-8.5,+geoid,1a,2096,1.102,365.0,65.8608,114.499,201.1105,2.1613,3.7575,6.5998
SSP5-8.5,+geoid,1a,2097,1.114,365.0,65.8608,114.499,201.1105,2.2272,3.872,6.8009
SSP5-8.5,+geoid,1a,2098,1.126,365.0,65.8608,114.499,201.1105,2.2931,3.9865,7.002
SSP5-8.5,+geoid,1a,2099,1.138,365.0,65.8608,114.499,201.1105,2.3589,4.101,7.2032
SSP5-8.5,+geoid,1a,2100,1.15,365.0,65.8608,114.499,201.1105,2.4248,4.2155,7.4043
SSP5-8.5,+geoid,1b,2025,0.215,2.5387,0.4581,0.7964,1.3988,0.0005,0.0008,0.0014
SSP5-8.5,+geoid,1b,2026,0.228,2.8286,0.5104,0.8873,1.5585,0.001,0.0017,0.003
SSP5-8.5,+geoid,1b,2027,0.241,3.1506,0.5685,0.9883,1.7359,0.0015,0.0027,0.0047
SSP5-8.5,+geoid,1b,2028,0.254,3.5081,0.633,1.1005,1.9329,0.0022,0.0038,0.0066
SSP5-8.5,+geoid,1b,2029,0.267,3.9051,0.7046,1.225,2.1517,0.0029,0.005,0.0088
SSP5-8.5,+geoid,1b,2030,0.28,4.3458,0.7842,1.3633,2.3945,0.0037,0.0064,0.0112
SSP5-8.5,+geoid,1b,2031,0.294,4.8746,0.8796,1.5291,2.6858,0.0045,0.0079,0.0139
SSP5-8.5,+geoid,1b,2032,0.308,5.4661,0.9863,1.7147,3.0117,0.0055,0.0096,0.0169
SSP5-8.5,+geoid,1b,2033,0.322,6.1274,1.1056,1.9221,3.3761,0.0066,0.0115,0.0202
SSP5-8.5,+geoid,1b,2034,0.336,6.8668,1.2391,2.1541,3.7835,0.0079,0.0137,0.024
SSP5-8.5,+geoid,1b,2035,0.35,7.6933,1.3882,2.4134,4.2389,0.0093,0.0161,0.0283
SSP5-8.5,+geoid,1b,2036,0.364,8.6169,1.5548,2.7031,4.7478,0.0108,0.0188,0.033
SSP5-8.5,+geoid,1b,2037,0.378,9.6489,1.7411,3.0268,5.3164,0.0126,0.0218,0.0383
SSP5-8.5,+geoid,1b,2038,0.392,10.8017,1.9491,3.3884,5.9516,0.0145,0.0252,0.0443
SSP5-8.5,+geoid,1b,2039,0.406,12.0893,2.1814,3.7924,6.661,0.0167,0.029,0.0509
SSP5-8.5,+geoid,1b,2040,0.42,13.5271,2.4408,4.2434,7.4532,0.0191,0.0332,0.0584
SSP5-8.5,+geoid,1b,2041,0.433,15.0118,2.7087,4.7091,8.2713,0.0218,0.038,0.0667
SSP5-8.5,+geoid,1b,2042,0.446,16.6562,3.0054,5.225,9.1773,0.0248,0.0432,0.0758
SSP5-8.5,+geoid,1b,2043,0.459,18.4772,3.334,5.7962,10.1807,0.0282,0.049,0.086
SSP5-8.5,+geoid,1b,2044,0.472,20.4936,3.6979,6.4287,11.2917,0.0319,0.0554,0.0973
SSP5-8.5,+geoid,1b,2045,0.485,22.7259,4.1007,7.129,12.5217,0.036,0.0625,0.1098
SSP5-8.5,+geoid,1b,2046,0.498,25.1971,4.5466,7.9042,13.8833,0.0405,0.0704,0.1237
SSP5-8.5,+geoid,1b,2047,0.511,27.9322,5.0401,8.7622,15.3903,0.0456,0.0792,0.1391
SSP5-8.5,+geoid,1b,2048,0.524,30.959,5.5863,9.7117,17.058,0.0511,0.0889,0.1562
SSP5-8.5,+geoid,1b,2049,0.537,34.3083,6.1906,10.7624,18.9035,0.0573,0.0997,0.1751
SSP5-8.5,+geoid,1b,2050,0.55,38.0141,6.8593,11.9248,20.9453,0.0642,0.1116,0.196
SSP5-8.5,+geoid,1b,2051,0.562,41.7833,7.5394,13.1073,23.0221,0.0717,0.1247,0.219
SSP5-8.5,+geoid,1b,2052,0.574,45.9205,8.2859,14.4051,25.3016,0.08,0.1391,0.2443
SSP5-8.5,+geoid,1b,2053,0.586,50.461,9.1052,15.8294,27.8034,0.0891,0.1549,0.2721
SSP5-8.5,+geoid,1b,2054,0.598,55.4436,10.0043,17.3924,30.5488,0.0991,0.1723,0.3027
SSP5-8.5,+geoid,1b,2055,0.61,60.911,10.9908,19.1075,33.5612,0.1101,0.1914,0.3363
SSP5-8.5,+geoid,1b,2056,0.622,66.9098,12.0732,20.9893,36.8664,0.1222,0.2124,0.3731
SSP5-8.5,+geoid,1b,2057,0.634,73.4908,13.2607,23.0538,40.4925,0.1355,0.2355,0.4136
SSP5-8.5,+geoid,1b,2058,0.646,80.7102,14.5634,25.3184,44.4703,0.15,0.2608,0.4581
SSP5-8.5,+geoid,1b,2059,0.658,88.629,15.9923,27.8025,48.8335,0.166,0.2886,0.5069
SSP5-8.5,+geoid,1b,2060,0.67,97.3143,17.5595,30.5271,53.619,0.1836,0.3191,0.5605
SSP5-8.5,+geoid,1b,2061,0.682,106.8395,19.2782,33.5151,58.8673,0.2028,0.3526,0.6194
SSP5-8.5,+geoid,1b,2062,0.694,117.285,21.163,36.7918,64.6226,0.224,0.3894,0.684
SSP5-8.5,+geoid,1b,2063,0.706,128.7387,23.2297,40.3848,70.9334,0.2472,0.4298,0.755
SSP5-8.5,+geoid,1b,2064,0.718,141.2969,25.4957,44.3242,77.8528,0.2727,0.4742,0.8328
SSP5-8.5,+geoid,1b,2065,0.73,155.0651,27.9801,48.6433,85.4389,0.3007,0.5228,0.9183
SSP5-8.5,+geoid,1b,2066,0.742,170.1587,30.7035,53.3781,93.7553,0.3314,0.5762,1.012
SSP5-8.5,+geoid,1b,2067,0.754,186.704,33.689,58.5683,102.8716,0.3651,0.6347,1.1149
SSP5-8.5,+geoid,1b,2068,0.766,204.8394,36.9614,64.2572,112.864,0.4021,0.699,1.2277
SSP5-8.5,+geoid,1b,2069,0.778,224.7161,40.5479,70.4925,123.8158,0.4426,0.7695,1.3516
SSP5-8.5,+geoid,1b,2070,0.79,246.4999,44.4786,77.326,135.8184,0.4871,0.8468,1.4874
SSP5-8.5,+geoid,1b,2071,0.802,270.3719,48.7861,84.8145,148.9715,0.5359,0.9316,1.6364
SSP5-8.5,+geoid,1b,2072,0.814,296.5306,53.5062,93.0204,163.3847,0.5894,1.0247,1.7997
SSP5-8.5,+geoid,1b,2073,0.826,325.1931,58.6781,102.0117,179.1773,0.6481,1.1267,1.9789
SSP5-8.5,+geoid,1b,2074,0.838,356.5968,64.3446,111.8629,196.4804,0.7124,1.2385,2.1754
SSP5-8.5,+geoid,1b,2075,0.85,365.0,65.8608,114.499,201.1105,0.7783,1.353,2.3765
SSP5-8.5,+geoid,1b,2076,0.862,365.0,65.8608,114.499,201.1105,0.8441,1.4675,2.5776
SSP5-8.5,+geoid,1b,2077,0.874,365.0,65.8608,114.499,201.1105,0.91,1.582,2.7787
SSP5-8.5,+geoid,1b,2078,0.886,365.0,65.8608,114.499,201.1105,0.9759,1.6965,2.9798
SSP5-8.5,+geoid,1b,2079,0.898,365.0,65.8608,114.499,201.1105,1.0417,1.811,3.1809
SSP5-8.5,+geoid,1b,2080,0.91,365.0,65.8608,114.499,201.1105,1.1076,1.9255,3.3821
SSP5-8.5,+geoid,1b,2081,0.922,365.0,65.8608,114.499,201.1105,1.1734,2.04,3.5832
SSP5-8.5,+geoid,1b,2082,0.934,365.0,65.8608,114.499,201.1105,1.2393,2.1545,3.7843
SSP5-8.5,+geoid,1b,2083,0.946,365.0,65.8608,114.499,201.1105,1.3052,2.269,3.9854
SSP5-8.5,+geoid,1b,2084,0.958,365.0,65.8608,114.499,201.1105,1.371,2.3835,4.1865
SSP5-8.5,+geoid,1b,2085,0.97,365.0,65.8608,114.499,201.1105,1.4369,2.498,4.3876
SSP5-8.5,+geoid,1b,2086,0.982,365.0,65.8608,114.499,201.1105,1.5027,2.6125,4.5887
SSP5-8.5,+geoid,1b,2087,0.994,365.0,65.8608,114.499,201.1105,1.5686,2.727,4.7898
SSP5-8.5,+geoid,1b,2088,1.006,365.0,65.8608,114.499,201.1105,1.6345,2.8415,4.9909
SSP5-8.5,+geoid,1b,2089,1.018,365.0,65.8608,114.499,201.1105,1.7003,2.956,5.1921
SSP5-8.5,+geoid,1b,2090,1.03,365.0,65.8608,114.499,201.1105,1.7662,3.0705,5.3932
SSP5-8.5,+geoid,1b,2091,1.042,365.0,65.8608,114.499,201.1105,1.832,3.185,5.5943
SSP5-8.5,+geoid,1b,2092,1.054,365.0,65.8608,114.499,201.1105,1.8979,3.2995,5.7954
SSP5-8.5,+geoid,1b,2093,1.066,365.0,65.8608,114.499,201.1105,1.9638,3.414,5.9965
SSP5-8.5,+geoid,1b,2094,1.078,365.0,65.8608,114.499,201.1105,2.0296,3.5285,6.1976
SSP5-8.5,+geoid,1b,2095,1.09,365.0,65.8608,114.499,201.1105,2.0955,3.643,6.3987
SSP5-8.5,+geoid,1b,2096,1.102,365.0,65.8608,114.499,201.1105,2.1613,3.7575,6.5998
SSP5-8.5,+geoid,1b,2097,1.114,365.0,65.8608,114.499,201.1105,2.2272,3.872,6.8009
SSP5-8.5,+geoid,1b,2098,1.126,365.0,65.8608,114.499,201.1105,2.2931,3.9865,7.002
SSP5-8.5,+geoid,1b,2099,1.138,365.0,65.8608,114.499,201.1105,2.3589,4.101,7.2032
SSP5-8.5,+geoid,1b,2100,1.15,365.0,65.8608,114.499,201.1105,2.4248,4.2155,7.4043
SSP5-8.5,+geoid,2,2025,0.215,2.8208,0.509,0.8849,1.5542,0.0005,0.0009,0.0016
SSP5-8.5,+geoid,2,2026,0.228,3.1429,0.5671,0.9859,1.7317,0.0011,0.0019,0.0033
SSP5-8.5,+geoid,2,2027,0.241,3.5006,0.6317,1.0981,1.9288,0.0017,0.003,0.0052
SSP5-8.5,+geoid,2,2028,0.254,3.8979,0.7033,1.2228,2.1477,0.0024,0.0042,0.0074
SSP5-8.5,+geoid,2,2029,0.267,4.339,0.7829,1.3611,2.3908,0.0032,0.0056,0.0098
SSP5-8.5,+geoid,2,2030,0.28,4.8287,0.8713,1.5147,2.6605,0.0041,0.0071,0.0124
SSP5-8.5,+geoid,2,2031,0.294,5.4162,0.9773,1.699,2.9843,0.005,0.0088,0.0154
SSP5-8.5,+geoid,2,2032,0.308,6.0734,1.0959,1.9052,3.3464,0.0061,0.0107,0.0187
SSP5-8.5,+geoid,2,2033,0.322,6.8083,1.2285,2.1357,3.7513,0.0074,0.0128,0.0225
SSP5-8.5,+geoid,2,2034,0.336,7.6298,1.3767,2.3934,4.2039,0.0087,0.0152,0.0267
SSP5-8.5,+geoid,2,2035,0.35,8.5481,1.5424,2.6815,4.7099,0.0103,0.0179,0.0314
SSP5-8.5,+geoid,2,2036,0.364,9.5744,1.7276,3.0034,5.2754,0.012,0.0209,0.0367
SSP5-8.5,+geoid,2,2037,0.378,10.721,1.9345,3.3631,5.9071,0.0139,0.0242,0.0426
SSP5-8.5,+geoid,2,2038,0.392,12.0019,2.1656,3.7649,6.6129,0.0161,0.028,0.0492
SSP5-8.5,+geoid,2,2039,0.406,13.4325,2.4238,4.2137,7.4012,0.0185,0.0322,0.0566
SSP5-8.5,+geoid,2,2040,0.42,15.0301,2.712,4.7149,8.2814,0.0212,0.0369,0.0649
SSP5-8.5,+geoid,2,2041,0.433,16.6797,3.0097,5.2324,9.1903,0.0243,0.0422,0.0741
SSP5-8.5,+geoid,2,2042,0.446,18.5068,3.3394,5.8055,10.197,0.0276,0.048,0.0843
SSP5-8.5,+geoid,2,2043,0.459,20.5302,3.7045,6.4402,11.3119,0.0313,0.0544,0.0956
SSP5-8.5,+geoid,2,2044,0.472,22.7706,4.1088,7.1431,12.5463,0.0354,0.0616,0.1081
SSP5-8.5,+geoid,2,2045,0.485,25.251,4.5563,7.9211,13.913,0.04,0.0695,0.122
SSP5-8.5,+geoid,2,2046,0.498,27.9967,5.0517,8.7825,15.4259,0.045,0.0783,0.1375
SSP5-8.5,+geoid,2,2047,0.511,31.0357,5.6001,9.7358,17.1003,0.0506,0.088,0.1546
SSP5-8.5,+geoid,2,2048,0.524,34.3989,6.207,10.7908,18.9534,0.0568,0.0988,0.1735
SSP5-8.5,+geoid,2,2049,0.537,38.1204,6.8785,11.9582,21.0039,0.0637,0.1108,0.1945
SSP5-8.5,+geoid,2,2050,0.55,42.2378,7.6214,13.2498,23.2725,0.0713,0.124,0.2178
SSP5-8.5,+geoid,2,2051,0.562,46.4259,8.3771,14.5636,25.5801,0.0797,0.1386,0.2434
SSP5-8.5,+geoid,2,2052,0.574,51.0228,9.2066,16.0056,28.1129,0.0889,0.1546,0.2715
SSP5-8.5,+geoid,2,2053,0.586,56.0677,10.1169,17.5882,30.8926,0.099,0.1722,0.3024
SSP5-8.5,+geoid,2,2054,0.598,61.604,11.1159,19.3249,33.9431,0.1101,0.1915,0.3363
SSP5-8.5,+geoid,2,2055,0.61,67.6789,12.212,21.2306,37.2902,0.1224,0.2127,0.3736
SSP5-8.5,+geoid,2,2056,0.622,74.3442,13.4147,23.3215,40.9627,0.1358,0.236,0.4146
SSP5-8.5,+geoid,2,2057,0.634,81.6565,14.7342,25.6153,44.9917,0.1505,0.2617,0.4596
SSP5-8.5,+geoid,2,2058,0.646,89.678,16.1816,28.1316,49.4115,0.1667,0.2898,0.509
SSP5-8.5,+geoid,2,2059,0.658,98.4767,17.7692,30.8917,54.2594,0.1845,0.3207,0.5632
SSP5-8.5,+geoid,2,2060,0.67,108.127,19.5105,33.919,59.5767,0.204,0.3546,0.6228
SSP5-8.5,+geoid,2,2061,0.682,118.7106,21.4202,37.239,65.4081,0.2254,0.3918,0.6882
SSP5-8.5,+geoid,2,2062,0.694,130.3167,23.5144,40.8798,71.8029,0.2489,0.4327,0.76
SSP5-8.5,+geoid,2,2063,0.706,143.043,25.8108,44.872,78.8149,0.2747,0.4776,0.8388
SSP5-8.5,+geoid,2,2064,0.718,156.9966,28.3286,49.2492,86.5032,0.303,0.5268,0.9254
SSP5-8.5,+geoid,2,2065,0.73,172.2946,31.0889,54.0481,94.9322,0.3341,0.5809,1.0203
SSP5-8.5,+geoid,2,2066,0.742,189.0652,34.1151,59.309,104.1726,0.3682,0.6402,1.1245
SSP5-8.5,+geoid,2,2067,0.754,207.4489,37.4322,65.0758,114.3018,0.4057,0.7053,1.2388
SSP5-8.5,+geoid,2,2068,0.766,227.5993,41.0682,71.3969,125.4044,0.4467,0.7767,1.3642
SSP5-8.5,+geoid,2,2069,0.778,249.6846,45.0533,78.325,137.5731,0.4918,0.855,1.5017
SSP5-8.5,+geoid,2,2070,0.79,273.8887,49.4207,85.9177,150.9093,0.5412,0.9409,1.6526
SSP5-8.5,+geoid,2,2071,0.802,300.4132,54.2068,94.2383,165.5239,0.5954,1.0351,1.8182
SSP5-8.5,+geoid,2,2072,0.814,329.4784,59.4513,103.356,181.5385,0.6549,1.1385,1.9997
SSP5-8.5,+geoid,2,2073,0.826,361.3256,65.1978,113.3463,199.0859,0.7201,1.2518,2.1988
SSP5-8.5,+geoid,2,2074,0.838,365.0,65.8608,114.499,201.1105,0.7859,1.3663,2.3999
SSP5-8.5,+geoid,2,2075,0.85,365.0,65.8608,114.499,201.1105,0.8518,1.4808,2.601
SSP5-8.5,+geoid,2,2076,0.862,365.0,65.8608,114.499,201.1105,0.9177,1.5953,2.8021
SSP5-8.5,+geoid,2,2077,0.874,365.0,65.8608,114.499,201.1105,0.9835,1.7098,3.0032
SSP5-8.5,+geoid,2,2078,0.886,365.0,65.8608,114.499,201.1105,1.0494,1.8243,3.2043
SSP5-8.5,+geoid,2,2079,0.898,365.0,65.8608,114.499,201.1105,1.1152,1.9388,3.4055
SSP5-8.5,+geoid,2,2080,0.91,365.0,65.8608,114.499,201.1105,1.1811,2.0533,3.6066
SSP5-8.5,+geoid,2,2081,0.922,365.0,65.8608,114.499,201.1105,1.247,2.1678,3.8077
SSP5-8.5,+geoid,2,2082,0.934,365.0,65.8608,114.499,201.1105,1.3128,2.2823,4.0088
SSP5-8.5,+geoid,2,2083,0.946,365.0,65.8608,114.499,201.1105,1.3787,2.3968,4.2099
SSP5-8.5,+geoid,2,2084,0.958,365.0,65.8608,114.499,201.1105,1.4445,2.5113,4.411
SSP5-8.5,+geoid,2,2085,0.97,365.0,65.8608,114.499,201.1105,1.5104,2.6258,4.6121
SSP5-8.5,+geoid,2,2086,0.982,365.0,65.8608,114.499,201.1105,1.5763,2.7403,4.8132
SSP5-8.5,+geoid,2,2087,0.994,365.0,65.8608,114.499,201.1105,1.6421,2.8548,5.0143
SSP5-8.5,+geoid,2,2088,1.006,365.0,65.8608,114.499,201.1105,1.708,2.9693,5.2155
SSP5-8.5,+geoid,2,2089,1.018,365.0,65.8608,114.499,201.1105,1.7738,3.0838,5.4166
SSP5-8.5,+geoid,2,2090,1.03,365.0,65.8608,114.499,201.1105,1.8397,3.1983,5.6177
SSP5-8.5,+geoid,2,2091,1.042,365.0,65.8608,114.499,201.1105,1.9056,3.3128,5.8188
SSP5-8.5,+geoid,2,2092,1.054,365.0,65.8608,114.499,201.1105,1.9714,3.4273,6.0199
SSP5-8.5,+geoid,2,2093,1.066,365.0,65.8608,114.499,201.1105,2.0373,3.5418,6.221
SSP5-8.5,+geoid,2,2094,1.078,365.0,65.8608,114.499,201.1105,2.1032,3.6563,6.4221
SSP5-8.5,+geoid,2,2095,1.09,365.0,65.8608,114.499,201.1105,2.169,3.7708,6.6232
SSP5-8.5,+geoid,2,2096,1.102,365.0,65.8608,114.499,201.1105,2.2349,3.8853,6.8243
SSP5-8.5,+geoid,2,2097,1.114,365.0,65.8608,114.499,201.1105,2.3007,3.9998,7.0254
SSP5-8.5,+geoid,2,2098,1.126,365.0,65.8608,114.499,201.1105,2.3666,4.1143,7.2266
SSP5-8.5,+geoid,2,2099,1.138,365.0,65.8608,114.499,201.1105,2.4325,4.2288,7.4277
SSP5-8.5,+geoid,2,2100,1.15,365.0,65.8608,114.499,201.1105,2.4983,4.3433,7.6288
SSP5-8.5,+geoid,3,2025,0.215,2.5387,0.4581,0.7964,1.3988,0.0005,0.0008,0.0014
SSP5-8.5,+geoid,3,2026,0.228,2.8286,0.5104,0.8873,1.5585,0.001,0.0017,0.003
SSP5-8.5,+geoid,3,2027,0.241,3.1506,0.5685,0.9883,1.7359,0.0015,0.0027,0.0047
SSP5-8.5,+geoid,3,2028,0.254,3.5081,0.633,1.1005,1.9329,0.0022,0.0038,0.0066
SSP5-8.5,+geoid,3,2029,0.267,3.9051,0.7046,1.225,2.1517,0.0029,0.005,0.0088
SSP5-8.5,+geoid,3,2030,0.28,4.3458,0.7842,1.3633,2.3945,0.0037,0.0064,0.0112
SSP5-8.5,+geoid,3,2031,0.294,4.8746,0.8796,1.5291,2.6858,0.0045,0.0079,0.0139
SSP5-8.5,+geoid,3,2032,0.308,5.4661,0.9863,1.7147,3.0117,0.0055,0.0096,0.0169
SSP5-8.5,+geoid,3,2033,0.322,6.1274,1.1056,1.9221,3.3761,0.0066,0.0115,0.0202
SSP5-8.5,+geoid,3,2034,0.336,6.8668,1.2391,2.1541,3.7835,0.0079,0.0137,0.024
SSP5-8.5,+geoid,3,2035,0.35,7.6933,1.3882,2.4134,4.2389,0.0093,0.0161,0.0283
SSP5-8.5,+geoid,3,2036,0.364,8.6169,1.5548,2.7031,4.7478,0.0108,0.0188,0.033
SSP5-8.5,+geoid,3,2037,0.378,9.6489,1.7411,3.0268,5.3164,0.0126,0.0218,0.0383
SSP5-8.5,+geoid,3,2038,0.392,10.8017,1.9491,3.3884,5.9516,0.0145,0.0252,0.0443
SSP5-8.5,+geoid,3,2039,0.406,12.0893,2.1814,3.7924,6.661,0.0167,0.029,0.0509
SSP5-8.5,+geoid,3,2040,0.42,13.5271,2.4408,4.2434,7.4532,0.0191,0.0332,0.0584
SSP5-8.5,+geoid,3,2041,0.433,15.0118,2.7087,4.7091,8.2713,0.0218,0.038,0.0667
SSP5-8.5,+geoid,3,2042,0.446,16.6562,3.0054,5.225,9.1773,0.0248,0.0432,0.0758
SSP5-8.5,+geoid,3,2043,0.459,18.4772,3.334,5.7962,10.1807,0.0282,0.049,0.086
SSP5-8.5,+geoid,3,2044,0.472,20.4936,3.6979,6.4287,11.2917,0.0319,0.0554,0.0973
SSP5-8.5,+geoid,3,2045,0.485,22.7259,4.1007,7.129,12.5217,0.036,0.0625,0.1098
SSP5-8.5,+geoid,3,2046,0.498,25.1971,4.5466,7.9042,13.8833,0.0405,0.0704,0.1237
SSP5-8.5,+geoid,3,2047,0.511,27.9322,5.0401,8.7622,15.3903,0.0456,0.0792,0.1391
SSP5-8.5,+geoid,3,2048,0.524,30.959,5.5863,9.7117,17.058,0.0511,0.0889,0.1562
SSP5-8.5,+geoid,3,2049,0.537,34.3083,6.1906,10.7624,18.9035,0.0573,0.0997,0.1751
SSP5-8.5,+geoid,3,2050,0.55,38.0141,6.8593,11.9248,20.9453,0.0642,0.1116,0.196
SSP5-8.5,+geoid,3,2051,0.562,41.7833,7.5394,13.1073,23.0221,0.0717,0.1247,0.219
SSP5-8.5,+geoid,3,2052,0.574,45.9205,8.2859,14.4051,25.3016,0.08,0.1391,0.2443
SSP5-8.5,+geoid,3,2053,0.586,50.461,9.1052,15.8294,27.8034,0.0891,0.1549,0.2721
SSP5-8.5,+geoid,3,2054,0.598,55.4436,10.0043,17.3924,30.5488,0.0991,0.1723,0.3027
SSP5-8.5,+geoid,3,2055,0.61,60.911,10.9908,19.1075,33.5612,0.1101,0.1914,0.3363
SSP5-8.5,+geoid,3,2056,0.622,66.9098,12.0732,20.9893,36.8664,0.1222,0.2124,0.3731
SSP5-8.5,+geoid,3,2057,0.634,73.4908,13.2607,23.0538,40.4925,0.1355,0.2355,0.4136
SSP5-8.5,+geoid,3,2058,0.646,80.7102,14.5634,25.3184,44.4703,0.15,0.2608,0.4581
SSP5-8.5,+geoid,3,2059,0.658,88.629,15.9923,27.8025,48.8335,0.166,0.2886,0.5069
SSP5-8.5,+geoid,3,2060,0.67,97.3143,17.5595,30.5271,53.619,0.1836,0.3191,0.5605
SSP5-8.5,+geoid,3,2061,0.682,106.8395,19.2782,33.5151,58.8673,0.2028,0.3526,0.6194
SSP5-8.5,+geoid,3,2062,0.694,117.285,21.163,36.7918,64.6226,0.224,0.3894,0.684
SSP5-8.5,+geoid,3,2063,0.706,128.7387,23.2297,40.3848,70.9334,0.2472,0.4298,0.755
SSP5-8.5,+geoid,3,2064,0.718,141.2969,25.4957,44.3242,77.8528,0.2727,0.4742,0.8328
SSP5-8.5,+geoid,3,2065,0.73,155.0651,27.9801,48.6433,85.4389,0.3007,0.5228,0.9183
SSP5-8.5,+geoid,3,2066,0.742,170.1587,30.7035,53.3781,93.7553,0.3314,0.5762,1.012
SSP5-8.5,+geoid,3,2067,0.754,186.704,33.689,58.5683,102.8716,0.3651,0.6347,1.1149
SSP5-8.5,+geoid,3,2068,0.766,204.8394,36.9614,64.2572,112.864,0.4021,0.699,1.2277
SSP5-8.5,+geoid,3,2069,0.778,224.7161,40.5479,70.4925,123.8158,0.4426,0.7695,1.3516
SSP5-8.5,+geoid,3,2070,0.79,246.4999,44.4786,77.326,135.8184,0.4871,0.8468,1.4874
SSP5-8.5,+geoid,3,2071,0.802,270.3719,48.7861,84.8145,148.9715,0.5359,0.9316,1.6364
SSP5-8.5,+geoid,3,2072,0.814,296.5306,53.5062,93.0204,163.3847,0.5894,1.0247,1.7997
SSP5-8.5,+geoid,3,2073,0.826,325.1931,58.6781,102.0117,179.1773,0.6481,1.1267,1.9789
SSP5-8.5,+geoid,3,2074,0.838,356.5968,64.3446,111.8629,196.4804,0.7124,1.2385,2.1754
SSP5-8.5,+geoid,3,2075,0.85,365.0,65.8608,114.499,201.1105,0.7783,1.353,2.3765
SSP5-8.5,+geoid,3,2076,0.862,365.0,65.8608,114.499,201.1105,0.8441,1.4675,2.5776
SSP5-8.5,+geoid,3,2077,0.874,365.0,65.8608,114.499,201.1105,0.91,1.582,2.7787
SSP5-8.5,+geoid,3,2078,0.886,365.0,65.8608,114.499,201.1105,0.9759,1.6965,2.9798
SSP5-8.5,+geoid,3,2079,0.898,365.0,65.8608,114.499,201.1105,1.0417,1.811,3.1809
SSP5-8.5,+geoid,3,2080,0.91,365.0,65.8608,114.499,201.1105,1.1076,1.9255,3.3821
SSP5-8.5,+geoid,3,2081,0.922,365.0,65.8608,114.499,201.1105,1.1734,2.04,3.5832
SSP5-8.5,+geoid,3,2082,0.934,365.0,65.8608,114.499,201.1105,1.2393,2.1545,3.7843
SSP5-8.5,+geoid,3,2083,0.946,365.0,65.8608,114.499,201.1105,1.3052,2.269,3.9854
SSP5-8.5,+geoid,3,2084,0.958,365.0,65.8608,114.499,201.1105,1.371,2.3835,4.1865
SSP5-8.5,+geoid,3,2085,0.97,365.0,65.8608,114.499,201.1105,1.4369,2.498,4.3876
SSP5-8.5,+geoid,3,2086,0.982,365.0,65.8608,114.499,201.1105,1.5027,2.6125,4.5887
SSP5-8.5,+geoid,3,2087,0.994,365.0,65.8608,114.499,201.1105,1.5686,2.727,4.7898
SSP5-8.5,+geoid,3,2088,1.006,365.0,65.8608,114.499,201.1105,1.6345,2.8415,4.9909
SSP5-8.5,+geoid,3,2089,1.018,365.0,65.8608,114.499,201.1105,1.7003,2.956,5.1921
SSP5-8.5,+geoid,3,2090,1.03,365.0,65.8608,114.499,201.1105,1.7662,3.0705,5.3932
SSP5-8.5,+geoid,3,2091,1.042,365.0,65.8608,114.499,201.1105,1.832,3.185,5.5943
SSP5-8.5,+geoid,3,2092,1.054,365.0,65.8608,114.499,201.1105,1.8979,3.2995,5.7954
SSP5-8.5,+geoid,3,2093,1.066,365.0,65.8608,114.499,201.1105,1.9638,3.414,5.9965
SSP5-8.5,+geoid,3,2094,1.078,365.0,65.8608,114.499,201.1105,2.0296,3.5285,6.1976
SSP5-8.5,+geoid,3,2095,1.09,365.0,65.8608,114.499,201.1105,2.0955,3.643,6.3987
SSP5-8.5,+geoid,3,2096,1.102,365.0,65.8608,114.499,201.1105,2.1613,3.7575,6.5998
SSP5-8.5,+geoid,3,2097,1.114,365.0,65.8608,114.499,201.1105,2.2272,3.872,6.8009
SSP5-8.5,+geoid,3,2098,1.126,365.0,65.8608,114.499,201.1105,2.2931,3.9865,7.002
SSP5-8.5,+geoid,3,2099,1.138,365.0,65.8608,114.499,201.1105,2.3589,4.101,7.2032
SSP5-8.5,+geoid,3,2100,1.15,365.0,65.8608,114.499,201.1105,2.4248,4.2155,7.4043
