scenario,variant,option,year,slr_m,closure_days_yr,annual_cost_low_M,annual_cost_mid_M,annual_cost_hi_M,cum_cost_low_bn,cum_cost_mid_bn,cum_cost_hi_bn
SSP1-2.6,baseline,1a,2025,0.035,0.1023,0.0011,0.0021,0.005,0.0,0.0,0.0
SSP1-2.6,baseline,1a,2026,0.042,0.1088,0.0012,0.0022,0.0053,0.0,0.0,0.0
SSP1-2.6,baseline,1a,2027,0.049,0.1157,0.0013,0.0024,0.0056,0.0,0.0,0.0
SSP1-2.6,baseline,1a,2028,0.056,0.123,0.0013,0.0025,0.006,0.0,0.0,0.0
SSP1-2.6,baseline,1a,2029,0.063,0.1307,0.0014,0.0027,0.0064,0.0,0.0,0.0
SSP1-2.6,baseline,1a,2030,0.07,0.1389,0.0015,0.0028,0.0068,0.0,0.0,0.0
SSP1-2.6,baseline,1a,2031,0.076,0.1463,0.0016,0.003,0.0071,0.0,0.0,0.0
SSP1-2.6,baseline,1a,2032,0.082,0.1541,0.0017,0.0032,0.0075,0.0,0.0,0.0
SSP1-2.6,baseline,1a,2033,0.088,0.1623,0.0018,0.0033,0.0079,0.0,0.0,0.0001
SSP1-2.6,baseline,1a,2034,0.094,0.1709,0.0019,0.0035,0.0083,0.0,0.0,0.0001
SSP1-2.6,baseline,1a,2035,0.1,0.18,0.002,0.0037,0.0088,0.0,0.0,0.0001
SSP1-2.6,baseline,1a,2036,0.106,0.1895,0.0021,0.0039,0.0093,0.0,0.0,0.0001
SSP1-2.6,baseline,1a,2037,0.112,0.1995,0.0022,0.0041,0.0097,0.0,0.0,0.0001
SSP1-2.6,baseline,1a,2038,0.118,0.21,0.0023,0.0043,0.0103,0.0,0.0,0.0001
SSP1-2.6,baseline,1a,2039,0.124,0.2211,0.0024,0.0045,0.0108,0.0,0.0,0.0001
SSP1-2.6,baseline,1a,2040,0.13,0.2327,0.0025,0.0048,0.0114,0.0,0.0001,0.0001
SSP1-2.6,baseline,1a,2041,0.137,0.247,0.0027,0.0051,0.0121,0.0,0.0001,0.0001
SSP1-2.6,baseline,1a,2042,0.144,0.2621,0.0028,0.0054,0.0128,0.0,0.0001,0.0002
SSP1-2.6,baseline,1a,2043,0.151,0.2781,0.003,0.0057,0.0136,0.0,0.0001,0.0002
SSP1-2.6,baseline,1a,2044,0.158,0.2951,0.0032,0.006,0.0144,0.0,0.0001,0.0002
SSP1-2.6,baseline,1a,2045,0.165,0.313,0.0034,0.0064,0.0153,0.0,0.0001,0.0002
SSP1-2.6,baseline,1a,2046,0.172,0.3321,0.0036,0.0068,0.0162,0.0,0.0001,0.0002
SSP1-2.6,baseline,1a,2047,0.179,0.3522,0.0038,0.0072,0.0172,0.0001,0.0001,0.0002
SSP1-2.6,baseline,1a,2048,0.186,0.3735,0.0041,0.0076,0.0182,0.0001,0.0001,0.0002
SSP1-2.6,baseline,1a,2049,0.193,0.3961,0.0043,0.0081,0.0193,0.0001,0.0001,0.0003
SSP1-2.6,baseline,1a,2050,0.2,0.42,0.0046,0.0086,0.0205,0.0001,0.0001,0.0003
SSP1-2.6,baseline,1a,2051,0.204,0.4343,0.0047,0.0089,0.0212,0.0001,0.0001,0.0003
SSP1-2.6,baseline,1a,2052,0.208,0.449,0.0049,0.0092,0.0219,0.0001,0.0001,0.0003
SSP1-2.6,baseline,1a,2053,0.212,0.4643,0.005,0.0095,0.0227,0.0001,0.0001,0.0004
SSP1-2.6,baseline,1a,2054,0.216,0.48,0.0052,0.0098,0.0234,0.0001,0.0002,0.0004
SSP1-2.6,baseline,1a,2055,0.22,0.4962,0.0054,0.0102,0.0242,0.0001,0.0002,0.0004
SSP1-2.6,baseline,1a,2056,0.224,0.513,0.0056,0.0105,0.025,0.0001,0.0002,0.0004
SSP1-2.6,baseline,1a,2057,0.228,0.5304,0.0058,0.0109,0.0259,0.0001,0.0002,0.0005
SSP1-2.6,baseline,1a,2058,0.232,0.5483,0.006,0.0112,0.0268,0.0001,0.0002,0.0005
SSP1-2.6,baseline,1a,2059,0.236,0.5668,0.0062,0.0116,0.0277,0.0001,0.0002,0.0005
SSP1-2.6,baseline,1a,2060,0.24,0.5859,0.0064,0.012,0.0286,0.0001,0.0002,0.0005
SSP1-2.6,baseline,1a,2061,0.244,0.6056,0.0066,0.0124,0.0296,0.0001,0.0002,0.0006
SSP1-2.6,baseline,1a,2062,0.248,0.626,0.0068,0.0128,0.0306,0.0001,0.0002,0.0006
SSP1-2.6,baseline,1a,2063,0.252,0.647,0.007,0.0132,0.0316,0.0001,0.0003,0.0006
SSP1-2.6,baseline,1a,2064,0.256,0.6687,0.0073,0.0137,0.0327,0.0001,0.0003,0.0007
SSP1-2.6,baseline,1a,2065,0.26,0.6912,0.0075,0.0142,0.0337,0.0002,0.0003,0.0007
SSP1-2.6,baseline,1a,2066,0.264,0.7143,0.0078,0.0146,0.0349,0.0002,0.0003,0.0007
SSP1-2.6,baseline,1a,2067,0.268,0.7383,0.008,0.0151,0.036,0.0002,0.0003,0.0008
SSP1-2.6,baseline,1a,2068,0.272,0.763,0.0083,0.0156,0.0373,0.0002,0.0003,0.0008
SSP1-2.6,baseline,1a,2069,0.276,0.7885,0.0086,0.0161,0.0385,0.0002,0.0004,0.0008
SSP1-2.6,baseline,1a,2070,0.28,0.8148,0.0089,0.0167,0.0398,0.0002,0.0004,0.0009
SSP1-2.6,baseline,1a,2071,0.284,0.842,0.0092,0.0172,0.0411,0.0002,0.0004,0.0009
SSP1-2.6,baseline,1a,2072,0.288,0.8701,0.0095,0.0178,0.0425,0.0002,0.0004,0.001
SSP1-2.6,baseline,1a,2073,0.292,0.8991,0.0098,0.0184,0.0439,0.0002,0.0004,0.001
SSP1-2.6,baseline,1a,2074,0.296,0.9291,0.0101,0.019,0.0454,0.0002,0.0004,0.0011
SSP1-2.6,baseline,1a,2075,0.3,0.96,0.0104,0.0197,0.0469,0.0002,0.0005,0.0011
SSP1-2.6,baseline,1a,2076,0.304,0.9919,0.0108,0.0203,0.0484,0.0003,0.0005,0.0011
SSP1-2.6,baseline,1a,2077,0.308,1.0249,0.0111,0.021,0.05,0.0003,0.0005,0.0012
SSP1-2.6,baseline,1a,2078,0.312,1.0589,0.0115,0.0217,0.0517,0.0003,0.0005,0.0012
SSP1-2.6,baseline,1a,2079,0.316,1.094,0.0119,0.0224,0.0534,0.0003,0.0005,0.0013
SSP1-2.6,baseline,1a,2080,0.32,1.1303,0.0123,0.0231,0.0552,0.0003,0.0006,0.0014
SSP1-2.6,baseline,1a,2081,0.324,1.1678,0.0127,0.0239,0.057,0.0003,0.0006,0.0014
SSP1-2.6,baseline,1a,2082,0.328,1.2064,0.0131,0.0247,0.0589,0.0003,0.0006,0.0015
SSP1-2.6,baseline,1a,2083,0.332,1.2463,0.0135,0.0255,0.0609,0.0003,0.0006,0.0015
SSP1-2.6,baseline,1a,2084,0.336,1.2875,0.014,0.0264,0.0629,0.0004,0.0007,0.0016
SSP1-2.6,baseline,1a,2085,0.34,1.3301,0.0145,0.0272,0.0649,0.0004,0.0007,0.0017
SSP1-2.6,baseline,1a,2086,0.344,1.374,0.0149,0.0281,0.0671,0.0004,0.0007,0.0017
SSP1-2.6,baseline,1a,2087,0.348,1.4193,0.0154,0.0291,0.0693,0.0004,0.0008,0.0018
SSP1-2.6,baseline,1a,2088,0.352,1.4661,0.0159,0.03,0.0716,0.0004,0.0008,0.0019
SSP1-2.6,baseline,1a,2089,0.356,1.5144,0.0165,0.031,0.0739,0.0004,0.0008,0.0019
SSP1-2.6,baseline,1a,2090,0.36,1.5642,0.017,0.032,0.0764,0.0004,0.0008,0.002
SSP1-2.6,baseline,1a,2091,0.364,1.6157,0.0176,0.0331,0.0789,0.0005,0.0009,0.0021
SSP1-2.6,baseline,1a,2092,0.368,1.6688,0.0181,0.0342,0.0815,0.0005,0.0009,0.0022
SSP1-2.6,baseline,1a,2093,0.372,1.7236,0.0187,0.0353,0.0842,0.0005,0.0009,0.0023
SSP1-2.6,baseline,1a,2094,0.376,1.7802,0.0193,0.0364,0.0869,0.0005,0.001,0.0024
SSP1-2.6,baseline,1a,2095,0.38,1.8386,0.02,0.0376,0.0898,0.0005,0.001,0.0024
SSP1-2.6,baseline,1a,2096,0.384,1.8989,0.0206,0.0389,0.0927,0.0006,0.0011,0.0025
SSP1-2.6,baseline,1a,2097,0.388,1.9611,0.0213,0.0402,0.0958,0.0006,0.0011,0.0026
SSP1-2.6,baseline,1a,2098,0.392,2.0253,0.022,0.0415,0.0989,0.0006,0.0011,0.0027
SSP1-2.6,baseline,1a,2099,0.396,2.0916,0.0227,0.0428,0.1021,0.0006,0.0012,0.0028
SSP1-2.6,baseline,1a,2100,0.4,2.16,0.0235,0.0442,0.1055,0.0007,0.0012,0.0029
SSP1-2.6,baseline,1b,2025,0.035,0.1023,0.0011,0.0021,0.005,0.0,0.0,0.0
SSP1-2.6,baseline,1b,2026,0.042,0.1088,0.0012,0.0022,0.0053,0.0,0.0,0.0
SSP1-2.6,baseline,1b,2027,0.049,0.1157,0.0013,0.0024,0.0056,0.0,0.0,0.0
SSP1-2.6,baseline,1b,2028,0.056,0.123,0.0013,0.0025,0.006,0.0,0.0,0.0
SSP1-2.6,baseline,1b,2029,0.063,0.1307,0.0014,0.0027,0.0064,0.0,0.0,0.0
SSP1-2.6,baseline,1b,2030,0.07,0.1389,0.0015,0.0028,0.0068,0.0,0.0,0.0
SSP1-2.6,baseline,1b,2031,0.076,0.1463,0.0016,0.003,0.0071,0.0,0.0,0.0
SSP1-2.6,baseline,1b,2032,0.082,0.1541,0.0017,0.0032,0.0075,0.0,0.0,0.0
SSP1-2.6,baseline,1b,2033,0.088,0.1623,0.0018,0.0033,0.0079,0.0,0.0,0.0001
SSP1-2.6,baseline,1b,2034,0.094,0.1709,0.0019,0.0035,0.0083,0.0,0.0,0.0001
SSP1-2.6,baseline,1b,2035,0.1,0.18,0.002,0.0037,0.0088,0.0,0.0,0.0001
SSP1-2.6,baseline,1b,2036,0.106,0.1895,0.0021,0.0039,0.0093,0.0,0.0,0.0001
SSP1-2.6,baseline,1b,2037,0.112,0.1995,0.0022,0.0041,0.0097,0.0,0.0,0.0001
SSP1-2.6,baseline,1b,2038,0.118,0.21,0.0023,0.0043,0.0103,0.0,0.0,0.0001
SSP1-2.6,baseline,1b,2039,0.124,0.2211,0.0024,0.0045,0.0108,0.0,0.0,0.0001
SSP1-2.6,baseline,1b,2040,0.13,0.2327,0.0025,0.0048,0.0114,0.0,0.0001,0.0001
SSP1-2.6,baseline,1b,2041,0.137,0.247,0.0027,0.0051,0.0121,0.0,0.0001,0.0001
SSP1-2.6,baseline,1b,2042,0.144,0.2621,0.0028,0.0054,0.0128,0.0,0.0001,0.0002
SSP1-2.6,baseline,1b,2043,0.151,0.2781,0.003,0.0057,0.0136,0.0,0.0001,0.0002
SSP1-2.6,baseline,1b,2044,0.158,0.2951,0.0032,0.006,0.0144,0.0,0.0001,0.0002
SSP1-2.6,baseline,1b,2045,0.165,0.313,0.0034,0.0064,0.0153,0.0,0.0001,0.0002
SSP1-2.6,baseline,1b,2046,0.172,0.3321,0.0036,0.0068,0.0162,0.0,0.0001,0.0002
SSP1-2.6,baseline,1b,2047,0.179,0.3522,0.0038,0.0072,0.0172,0.0001,0.0001,0.0002
SSP1-2.6,baseline,1b,2048,0.186,0.3735,0.0041,0.0076,0.0182,0.0001,0.0001,0.0002
SSP1-2.6,baseline,1b,2049,0.193,0.3961,0.0043,0.0081,0.0193,0.0001,0.0001,0.0003
SSP1-2.6,baseline,1b,2050,0.2,0.42,0.0046,0.0086,0.0205,0.0001,0.0001,0.0003
SSP1-2.6,baseline,1b,2051,0.204,0.4343,0.0047,0.0089,0.0212,0.0001,0.0001,0.0003
SSP1-2.6,baseline,1b,2052,0.208,0.449,0.0049,0.0092,0.0219,0.0001,0.0001,0.0003
SSP1-2.6,baseline,1b,2053,0.212,0.4643,0.005,0.0095,0.0227,0.0001,0.0001,0.0004
SSP1-2.6,baseline,1b,2054,0.216,0.48,0.0052,0.0098,0.0234,0.0001,0.0002,0.0004
SSP1-2.6,baseline,1b,2055,0.22,0.4962,0.0054,0.0102,0.0242,0.0001,0.0002,0.0004
SSP1-2.6,baseline,1b,2056,0.224,0.513,0.0056,0.0105,0.025,0.0001,0.0002,0.0004
SSP1-2.6,baseline,1b,2057,0.228,0.5304,0.0058,0.0109,0.0259,0.0001,0.0002,0.0005
SSP1-2.6,baseline,1b,2058,0.232,0.5483,0.006,0.0112,0.0268,0.0001,0.0002,0.0005
SSP1-2.6,baseline,1b,2059,0.236,0.5668,0.0062,0.0116,0.0277,0.0001,0.0002,0.0005
SSP1-2.6,baseline,1b,2060,0.24,0.5859,0.0064,0.012,0.0286,0.0001,0.0002,0.0005
SSP1-2.6,baseline,1b,2061,0.244,0.6056,0.0066,0.0124,0.0296,0.0001,0.0002,0.0006
SSP1-2.6,baseline,1b,2062,0.248,0.626,0.0068,0.0128,0.0306,0.0001,0.0002,0.0006
SSP1-2.6,baseline,1b,2063,0.252,0.647,0.007,0.0132,0.0316,0.0001,0.0003,0.0006
SSP1-2.6,baseline,1b,2064,0.256,0.6687,0.0073,0.0137,0.0327,0.0001,0.0003,0.0007
SSP1-2.6,baseline,1b,2065,0.26,0.6912,0.0075,0.0142,0.0337,0.0002,0.0003,0.0007
SSP1-2.6,baseline,1b,2066,0.264,0.7143,0.0078,0.0146,0.0349,0.0002,0.0003,0.0007
SSP1-2.6,baseline,1b,2067,0.268,0.7383,0.008,0.0151,0.036,0.0002,0.0003,0.0008
SSP1-2.6,baseline,1b,2068,0.272,0.763,0.0083,0.0156,0.0373,0.0002,0.0003,0.0008
SSP1-2.6,baseline,1b,2069,0.276,0.7885,0.0086,0.0161,0.0385,0.0002,0.0004,0.0008
SSP1-2.6,baseline,1b,2070,0.28,0.8148,0.0089,0.0167,0.0398,0.0002,0.0004,0.0009
SSP1-2.6,baseline,1b,2071,0.284,0.842,0.0092,0.0172,0.0411,0.0002,0.0004,0.0009
SSP1-2.6,baseline,1b,2072,0.288,0.8701,0.0095,0.0178,0.0425,0.0002,0.0004,0.001
SSP1-2.6,baseline,1b,2073,0.292,0.8991,0.0098,0.0184,0.0439,0.0002,0.0004,0.001
SSP1-2.6,baseline,1b,2074,0.296,0.9291,0.0101,0.019,0.0454,0.0002,0.0004,0.0011
SSP1-2.6,baseline,1b,2075,0.3,0.96,0.0104,0.0197,0.0469,0.0002,0.0005,0.0011
SSP1-2.6,baseline,1b,2076,0.304,0.9919,0.0108,0.0203,0.0484,0.0003,0.0005,0.0011
SSP1-2.6,baseline,1b,2077,0.308,1.0249,0.0111,0.021,0.05,0.0003,0.0005,0.0012
SSP1-2.6,baseline,1b,2078,0.312,1.0589,0.0115,0.0217,0.0517,0.0003,0.0005,0.0012
SSP1-2.6,baseline,1b,2079,0.316,1.094,0.0119,0.0224,0.0534,0.0003,0.0005,0.0013
SSP1-2.6,baseline,1b,2080,0.32,1.1303,0.0123,0.0231,0.0552,0.0003,0.0006,0.0014
SSP1-2.6,baseline,1b,2081,0.324,1.1678,0.0127,0.0239,0.057,0.0003,0.0006,0.0014
SSP1-2.6,baseline,1b,2082,0.328,1.2064,0.0131,0.0247,0.0589,0.0003,0.0006,0.0015
SSP1-2.6,baseline,1b,2083,0.332,1.2463,0.0135,0.0255,0.0609,0.0003,0.0006,0.0015
SSP1-2.6,baseline,1b,2084,0.336,1.2875,0.014,0.0264,0.0629,0.0004,0.0007,0.0016
SSP1-2.6,baseline,1b,2085,0.34,1.3301,0.0145,0.0272,0.0649,0.0004,0.0007,0.0017
SSP1-2.6,baseline,1b,2086,0.344,1.374,0.0149,0.0281,0.0671,0.0004,0.0007,0.0017
SSP1-2.6,baseline,1b,2087,0.348,1.4193,0.0154,0.0291,0.0693,0.0004,0.0008,0.0018
SSP1-2.6,baseline,1b,2088,0.352,1.4661,0.0159,0.03,0.0716,0.0004,0.0008,0.0019
SSP1-2.6,baseline,1b,2089,0.356,1.5144,0.0165,0.031,0.0739,0.0004,0.0008,0.0019
SSP1-2.6,baseline,1b,2090,0.36,1.5642,0.017,0.032,0.0764,0.0004,0.0008,0.002
SSP1-2.6,baseline,1b,2091,0.364,1.6157,0.0176,0.0331,0.0789,0.0005,0.0009,0.0021
SSP1-2.6,baseline,1b,2092,0.368,1.6688,0.0181,0.0342,0.0815,0.0005,0.0009,0.0022
SSP1-2.6,baseline,1b,2093,0.372,1.7236,0.0187,0.0353,0.0842,0.0005,0.0009,0.0023
SSP1-2.6,baseline,1b,2094,0.376,1.7802,0.0193,0.0364,0.0869,0.0005,0.001,0.0024
SSP1-2.6,baseline,1b,2095,0.38,1.8386,0.02,0.0376,0.0898,0.0005,0.001,0.0024
SSP1-2.6,baseline,1b,2096,0.384,1.8989,0.0206,0.0389,0.0927,0.0006,0.0011,0.0025
SSP1-2.6,baseline,1b,2097,0.388,1.9611,0.0213,0.0402,0.0958,0.0006,0.0011,0.0026
SSP1-2.6,baseline,1b,2098,0.392,2.0253,0.022,0.0415,0.0989,0.0006,0.0011,0.0027
SSP1-2.6,baseline,1b,2099,0.396,2.0916,0.0227,0.0428,0.1021,0.0006,0.0012,0.0028
SSP1-2.6,baseline,1b,2100,0.4,2.16,0.0235,0.0442,0.1055,0.0007,0.0012,0.0029
SSP1-2.6,baseline,2,2025,0.035,0.1136,0.0012,0.0023,0.0055,0.0,0.0,0.0
SSP1-2.6,baseline,2,2026,0.042,0.1209,0.0013,0.0025,0.0059,0.0,0.0,0.0
SSP1-2.6,baseline,2,2027,0.049,0.1285,0.0014,0.0026,0.0063,0.0,0.0,0.0
SSP1-2.6,baseline,2,2028,0.056,0.1366,0.0015,0.0028,0.0067,0.0,0.0,0.0
SSP1-2.6,baseline,2,2029,0.063,0.1452,0.0016,0.003,0.0071,0.0,0.0,0.0
SSP1-2.6,baseline,2,2030,0.07,0.1543,0.0017,0.0032,0.0075,0.0,0.0,0.0
SSP1-2.6,baseline,2,2031,0.076,0.1626,0.0018,0.0033,0.0079,0.0,0.0,0.0
SSP1-2.6,baseline,2,2032,0.082,0.1712,0.0019,0.0035,0.0084,0.0,0.0,0.0001
SSP1-2.6,baseline,2,2033,0.088,0.1804,0.002,0.0037,0.0088,0.0,0.0,0.0001
SSP1-2.6,baseline,2,2034,0.094,0.1899,0.0021,0.0039,0.0093,0.0,0.0,0.0001
SSP1-2.6,baseline,2,2035,0.1,0.2,0.0022,0.0041,0.0098,0.0,0.0,0.0001
SSP1-2.6,baseline,2,2036,0.106,0.2106,0.0023,0.0043,0.0103,0.0,0.0,0.0001
SSP1-2.6,baseline,2,2037,0.112,0.2217,0.0024,0.0045,0.0108,0.0,0.0,0.0001
SSP1-2.6,baseline,2,2038,0.118,0.2334,0.0025,0.0048,0.0114,0.0,0.0,0.0001
SSP1-2.6,baseline,2,2039,0.124,0.2456,0.0027,0.005,0.012,0.0,0.0001,0.0001
SSP1-2.6,baseline,2,2040,0.13,0.2585,0.0028,0.0053,0.0126,0.0,0.0001,0.0001
SSP1-2.6,baseline,2,2041,0.137,0.2744,0.003,0.0056,0.0134,0.0,0.0001,0.0002
SSP1-2.6,baseline,2,2042,0.144,0.2912,0.0032,0.006,0.0142,0.0,0.0001,0.0002
SSP1-2.6,baseline,2,2043,0.151,0.309,0.0034,0.0063,0.0151,0.0,0.0001,0.0002
SSP1-2.6,baseline,2,2044,0.158,0.3279,0.0036,0.0067,0.016,0.0,0.0001,0.0002
SSP1-2.6,baseline,2,2045,0.165,0.3478,0.0038,0.0071,0.017,0.0,0.0001,0.0002
SSP1-2.6,baseline,2,2046,0.172,0.369,0.004,0.0076,0.018,0.0001,0.0001,0.0002
SSP1-2.6,baseline,2,2047,0.179,0.3913,0.0043,0.008,0.0191,0.0001,0.0001,0.0003
SSP1-2.6,baseline,2,2048,0.186,0.415,0.0045,0.0085,0.0203,0.0001,0.0001,0.0003
SSP1-2.6,baseline,2,2049,0.193,0.4401,0.0048,0.009,0.0215,0.0001,0.0001,0.0003
SSP1-2.6,baseline,2,2050,0.2,0.4667,0.0051,0.0096,0.0228,0.0001,0.0001,0.0003
SSP1-2.6,baseline,2,2051,0.204,0.4825,0.0052,0.0099,0.0236,0.0001,0.0001,0.0003
SSP1-2.6,baseline,2,2052,0.208,0.4989,0.0054,0.0102,0.0244,0.0001,0.0002,0.0004
SSP1-2.6,baseline,2,2053,0.212,0.5158,0.0056,0.0106,0.0252,0.0001,0.0002,0.0004
SSP1-2.6,baseline,2,2054,0.216,0.5333,0.0058,0.0109,0.026,0.0001,0.0002,0.0004
SSP1-2.6,baseline,2,2055,0.22,0.5514,0.006,0.0113,0.0269,0.0001,0.0002,0.0004
SSP1-2.6,baseline,2,2056,0.224,0.57,0.0062,0.0117,0.0278,0.0001,0.0002,0.0005
SSP1-2.6,baseline,2,2057,0.228,0.5893,0.0064,0.0121,0.0288,0.0001,0.0002,0.0005
SSP1-2.6,baseline,2,2058,0.232,0.6092,0.0066,0.0125,0.0297,0.0001,0.0002,0.0005
SSP1-2.6,baseline,2,2059,0.236,0.6297,0.0068,0.0129,0.0307,0.0001,0.0002,0.0006
SSP1-2.6,baseline,2,2060,0.24,0.651,0.0071,0.0133,0.0318,0.0001,0.0002,0.0006
SSP1-2.6,baseline,2,2061,0.244,0.6729,0.0073,0.0138,0.0329,0.0001,0.0003,0.0006
SSP1-2.6,baseline,2,2062,0.248,0.6955,0.0076,0.0142,0.034,0.0001,0.0003,0.0007
SSP1-2.6,baseline,2,2063,0.252,0.7189,0.0078,0.0147,0.0351,0.0002,0.0003,0.0007
SSP1-2.6,baseline,2,2064,0.256,0.743,0.0081,0.0152,0.0363,0.0002,0.0003,0.0007
SSP1-2.6,baseline,2,2065,0.26,0.768,0.0083,0.0157,0.0375,0.0002,0.0003,0.0008
SSP1-2.6,baseline,2,2066,0.264,0.7937,0.0086,0.0163,0.0388,0.0002,0.0003,0.0008
SSP1-2.6,baseline,2,2067,0.268,0.8203,0.0089,0.0168,0.0401,0.0002,0.0004,0.0008
SSP1-2.6,baseline,2,2068,0.272,0.8477,0.0092,0.0174,0.0414,0.0002,0.0004,0.0009
SSP1-2.6,baseline,2,2069,0.276,0.8761,0.0095,0.0179,0.0428,0.0002,0.0004,0.0009
SSP1-2.6,baseline,2,2070,0.28,0.9054,0.0098,0.0185,0.0442,0.0002,0.0004,0.001
SSP1-2.6,baseline,2,2071,0.284,0.9356,0.0102,0.0192,0.0457,0.0002,0.0004,0.001
SSP1-2.6,baseline,2,2072,0.288,0.9668,0.0105,0.0198,0.0472,0.0002,0.0004,0.0011
SSP1-2.6,baseline,2,2073,0.292,0.999,0.0109,0.0205,0.0488,0.0002,0.0005,0.0011
SSP1-2.6,baseline,2,2074,0.296,1.0323,0.0112,0.0211,0.0504,0.0003,0.0005,0.0012
SSP1-2.6,baseline,2,2075,0.3,1.0667,0.0116,0.0218,0.0521,0.0003,0.0005,0.0012
SSP1-2.6,baseline,2,2076,0.304,1.1021,0.012,0.0226,0.0538,0.0003,0.0005,0.0013
SSP1-2.6,baseline,2,2077,0.308,1.1388,0.0124,0.0233,0.0556,0.0003,0.0006,0.0013
SSP1-2.6,baseline,2,2078,0.312,1.1766,0.0128,0.0241,0.0574,0.0003,0.0006,0.0014
SSP1-2.6,baseline,2,2079,0.316,1.2156,0.0132,0.0249,0.0594,0.0003,0.0006,0.0014
SSP1-2.6,baseline,2,2080,0.32,1.2559,0.0136,0.0257,0.0613,0.0003,0.0006,0.0015
SSP1-2.6,baseline,2,2081,0.324,1.2975,0.0141,0.0266,0.0634,0.0003,0.0007,0.0016
SSP1-2.6,baseline,2,2082,0.328,1.3405,0.0146,0.0274,0.0654,0.0004,0.0007,0.0016
SSP1-2.6,baseline,2,2083,0.332,1.3848,0.015,0.0284,0.0676,0.0004,0.0007,0.0017
SSP1-2.6,baseline,2,2084,0.336,1.4306,0.0155,0.0293,0.0698,0.0004,0.0007,0.0018
SSP1-2.6,baseline,2,2085,0.34,1.4778,0.0161,0.0303,0.0722,0.0004,0.0008,0.0018
SSP1-2.6,baseline,2,2086,0.344,1.5266,0.0166,0.0313,0.0745,0.0004,0.0008,0.0019
SSP1-2.6,baseline,2,2087,0.348,1.577,0.0171,0.0323,0.077,0.0004,0.0008,0.002
SSP1-2.6,baseline,2,2088,0.352,1.629,0.0177,0.0334,0.0795,0.0005,0.0009,0.0021
SSP1-2.6,baseline,2,2089,0.356,1.6826,0.0183,0.0345,0.0822,0.0005,0.0009,0.0022
SSP1-2.6,baseline,2,2090,0.36,1.738,0.0189,0.0356,0.0849,0.0005,0.0009,0.0022
SSP1-2.6,baseline,2,2091,0.364,1.7952,0.0195,0.0368,0.0877,0.0005,0.001,0.0023
SSP1-2.6,baseline,2,2092,0.368,1.8542,0.0202,0.038,0.0905,0.0005,0.001,0.0024
SSP1-2.6,baseline,2,2093,0.372,1.9151,0.0208,0.0392,0.0935,0.0006,0.0011,0.0025
SSP1-2.6,baseline,2,2094,0.376,1.978,0.0215,0.0405,0.0966,0.0006,0.0011,0.0026
SSP1-2.6,baseline,2,2095,0.38,2.0429,0.0222,0.0418,0.0997,0.0006,0.0011,0.0027
SSP1-2.6,baseline,2,2096,0.384,2.1099,0.0229,0.0432,0.103,0.0006,0.0012,0.0028
SSP1-2.6,baseline,2,2097,0.388,2.179,0.0237,0.0446,0.1064,0.0007,0.0012,0.0029
SSP1-2.6,baseline,2,2098,0.392,2.2504,0.0245,0.0461,0.1099,0.0007,0.0013,0.003
SSP1-2.6,baseline,2,2099,0.396,2.324,0.0253,0.0476,0.1135,0.0007,0.0013,0.0031
SSP1-2.6,baseline,2,2100,0.4,2.4,0.0261,0.0491,0.1172,0.0007,0.0014,0.0033
SSP1-2.6,baseline,3,2025,0.035,0.1023,0.0011,0.0021,0.005,0.0,0.0,0.0
SSP1-2.6,baseline,3,2026,0.042,0.1088,0.0012,0.0022,0.0053,0.0,0.0,0.0
SSP1-2.6,baseline,3,2027,0.049,0.1157,0.0013,0.0024,0.0056,0.0,0.0,0.0
SSP1-2.6,baseline,3,2028,0.056,0.123,0.0013,0.0025,0.006,0.0,0.0,0.0
SSP1-2.6,baseline,3,2029,0.063,0.1307,0.0014,0.0027,0.0064,0.0,0.0,0.0
SSP1-2.6,baseline,3,2030,0.07,0.1389,0.0015,0.0028,0.0068,0.0,0.0,0.0
SSP1-2.6,baseline,3,2031,0.076,0.1463,0.0016,0.003,0.0071,0.0,0.0,0.0
SSP1-2.6,baseline,3,2032,0.082,0.1541,0.0017,0.0032,0.0075,0.0,0.0,0.0
SSP1-2.6,baseline,3,2033,0.088,0.1623,0.0018,0.0033,0.0079,0.0,0.0,0.0001
SSP1-2.6,baseline,3,2034,0.094,0.1709,0.0019,0.0035,0.0083,0.0,0.0,0.0001
SSP1-2.6,baseline,3,2035,0.1,0.18,0.002,0.0037,0.0088,0.0,0.0,0.0001
SSP1-2.6,baseline,3,2036,0.106,0.1895,0.0021,0.0039,0.0093,0.0,0.0,0.0001
SSP1-2.6,baseline,3,2037,0.112,0.1995,0.0022,0.0041,0.0097,0.0,0.0,0.0001
SSP1-2.6,baseline,3,2038,0.118,0.21,0.0023,0.0043,0.0103,0.0,0.0,0.0001
SSP1-2.6,baseline,3,2039,0.124,0.2211,0.0024,0.0045,0.0108,0.0,0.0,0.0001
SSP1-2.6,baseline,3,2040,0.13,0.2327,0.0025,0.0048,0.0114,0.0,0.0001,0.0001
SSP1-2.6,baseline,3,2041,0.137,0.247,0.0027,0.0051,0.0121,0.0,0.0001,0.0001
SSP1-2.6,baseline,3,2042,0.144,0.2621,0.0028,0.0054,0.0128,0.0,0.0001,0.0002
SSP1-2.6,baseline,3,2043,0.151,0.2781,0.003,0.0057,0.0136,0.0,0.0001,0.0002
SSP1-2.6,baseline,3,2044,0.158,0.2951,0.0032,0.006,0.0144,0.0,0.0001,0.0002
SSP1-2.6,baseline,3,2045,0.165,0.313,0.0034,0.0064,0.0153,0.0,0.0001,0.0002
SSP1-2.6,baseline,3,2046,0.172,0.3321,0.0036,0.0068,0.0162,0.0,0.0001,0.0002
SSP1-2.6,baseline,3,2047,0.179,0.3522,0.0038,0.0072,0.0172,0.0001,0.0001,0.0002
SSP1-2.6,baseline,3,2048,0.186,0.3735,0.0041,0.0076,0.0182,0.0001,0.0001,0.0002
SSP1-2.6,baseline,3,2049,0.193,0.3961,0.0043,0.0081,0.0193,0.0001,0.0001,0.0003
SSP1-2.6,baseline,3,2050,0.2,0.42,0.0046,0.0086,0.0205,0.0001,0.0001,0.0003
SSP1-2.6,baseline,3,2051,0.204,0.4343,0.0047,0.0089,0.0212,0.0001,0.0001,0.0003
SSP1-2.6,baseline,3,2052,0.208,0.449,0.0049,0.0092,0.0219,0.0001,0.0001,0.0003
SSP1-2.6,baseline,3,2053,0.212,0.4643,0.005,0.0095,0.0227,0.0001,0.0001,0.0004
SSP1-2.6,baseline,3,2054,0.216,0.48,0.0052,0.0098,0.0234,0.0001,0.0002,0.0004
SSP1-2.6,baseline,3,2055,0.22,0.4962,0.0054,0.0102,0.0242,0.0001,0.0002,0.0004
SSP1-2.6,baseline,3,2056,0.224,0.513,0.0056,0.0105,0.025,0.0001,0.0002,0.0004
SSP1-2.6,baseline,3,2057,0.228,0.5304,0.0058,0.0109,0.0259,0.0001,0.0002,0.0005
SSP1-2.6,baseline,3,2058,0.232,0.5483,0.006,0.0112,0.0268,0.0001,0.0002,0.0005
SSP1-2.6,baseline,3,2059,0.236,0.5668,0.0062,0.0116,0.0277,0.0001,0.0002,0.0005
SSP1-2.6,baseline,3,2060,0.24,0.5859,0.0064,0.012,0.0286,0.0001,0.0002,0.0005
SSP1-2.6,baseline,3,2061,0.244,0.6056,0.0066,0.0124,0.0296,0.0001,0.0002,0.0006
SSP1-2.6,baseline,3,2062,0.248,0.626,0.0068,0.0128,0.0306,0.0001,0.0002,0.0006
SSP1-2.6,baseline,3,2063,0.252,0.647,0.007,0.0132,0.0316,0.0001,0.0003,0.0006
SSP1-2.6,baseline,3,2064,0.256,0.6687,0.0073,0.0137,0.0327,0.0001,0.0003,0.0007
SSP1-2.6,baseline,3,2065,0.26,0.6912,0.0075,0.0142,0.0337,0.0002,0.0003,0.0007
SSP1-2.6,baseline,3,2066,0.264,0.7143,0.0078,0.0146,0.0349,0.0002,0.0003,0.0007
SSP1-2.6,baseline,3,2067,0.268,0.7383,0.008,0.0151,0.036,0.0002,0.0003,0.0008
SSP1-2.6,baseline,3,2068,0.272,0.763,0.0083,0.0156,0.0373,0.0002,0.0003,0.0008
SSP1-2.6,baseline,3,2069,0.276,0.7885,0.0086,0.0161,0.0385,0.0002,0.0004,0.0008
SSP1-2.6,baseline,3,2070,0.28,0.8148,0.0089,0.0167,0.0398,0.0002,0.0004,0.0009
SSP1-2.6,baseline,3,2071,0.284,0.842,0.0092,0.0172,0.0411,0.0002,0.0004,0.0009
SSP1-2.6,baseline,3,2072,0.288,0.8701,0.0095,0.0178,0.0425,0.0002,0.0004,0.001
SSP1-2.6,baseline,3,2073,0.292,0.8991,0.0098,0.0184,0.0439,0.0002,0.0004,0.001
SSP1-2.6,baseline,3,2074,0.296,0.9291,0.0101,0.019,0.0454,0.0002,0.0004,0.0011
SSP1-2.6,baseline,3,2075,0.3,0.96,0.0104,0.0197,0.0469,0.0002,0.0005,0.0011
SSP1-2.6,baseline,3,2076,0.304,0.9919,0.0108,0.0203,0.0484,0.0003,0.0005,0.0011
SSP1-2.6,baseline,3,2077,0.308,1.0249,0.0111,0.021,0.05,0.0003,0.0005,0.0012
SSP1-2.6,baseline,3,2078,0.312,1.0589,0.0115,0.0217,0.0517,0.0003,0.0005,0.0012
SSP1-2.6,baseline,3,2079,0.316,1.094,0.0119,0.0224,0.0534,0.0003,0.0005,0.0013
SSP1-2.6,baseline,3,2080,0.32,1.1303,0.0123,0.0231,0.0552,0.0003,0.0006,0.0014
SSP1-2.6,baseline,3,2081,0.324,1.1678,0.0127,0.0239,0.057,0.0003,0.0006,0.0014
SSP1-2.6,baseline,3,2082,0.328,1.2064,0.0131,0.0247,0.0589,0.0003,0.0006,0.0015
SSP1-2.6,baseline,3,2083,0.332,1.2463,0.0135,0.0255,0.0609,0.0003,0.0006,0.0015
SSP1-2.6,baseline,3,2084,0.336,1.2875,0.014,0.0264,0.0629,0.0004,0.0007,0.0016
SSP1-2.6,baseline,3,2085,0.34,1.3301,0.0145,0.0272,0.0649,0.0004,0.0007,0.0017
SSP1-2.6,baseline,3,2086,0.344,1.374,0.0149,0.0281,0.0671,0.0004,0.0007,0.0017
SSP1-2.6,baseline,3,2087,0.348,1.4193,0.0154,0.0291,0.0693,0.0004,0.0008,0.0018
SSP1-2.6,baseline,3,2088,0.352,1.4661,0.0159,0.03,0.0716,0.0004,0.0008,0.0019
SSP1-2.6,baseline,3,2089,0.356,1.5144,0.0165,0.031,0.0739,0.0004,0.0008,0.0019
SSP1-2.6,baseline,3,2090,0.36,1.5642,0.017,0.032,0.0764,0.0004,0.0008,0.002
SSP1-2.6,baseline,3,2091,0.364,1.6157,0.0176,0.0331,0.0789,0.0005,0.0009,0.0021
SSP1-2.6,baseline,3,2092,0.368,1.6688,0.0181,0.0342,0.0815,0.0005,0.0009,0.0022
SSP1-2.6,baseline,3,2093,0.372,1.7236,0.0187,0.0353,0.0842,0.0005,0.0009,0.0023
SSP1-2.6,baseline,3,2094,0.376,1.7802,0.0193,0.0364,0.0869,0.0005,0.001,0.0024
SSP1-2.6,baseline,3,2095,0.38,1.8386,0.02,0.0376,0.0898,0.0005,0.001,0.0024
SSP1-2.6,baseline,3,2096,0.384,1.8989,0.0206,0.0389,0.0927,0.0006,0.0011,0.0025
SSP1-2.6,baseline,3,2097,0.388,1.9611,0.0213,0.0402,0.0958,0.0006,0.0011,0.0026
SSP1-2.6,baseline,3,2098,0.392,2.0253,0.022,0.0415,0.0989,0.0006,0.0011,0.0027
SSP1-2.6,baseline,3,2099,0.396,2.0916,0.0227,0.0428,0.1021,0.0006,0.0012,0.0028
SSP1-2.6,baseline,3,2100,0.4,2.16,0.0235,0.0442,0.1055,0.0007,0.0012,0.0029
SSP1-2.6,+geoid,1a,2025,0.185,0.3704,0.004,0.0076,0.0181,0.0,0.0,0.0
SSP1-2.6,+geoid,1a,2026,0.192,0.3928,0.0043,0.008,0.0192,0.0,0.0,0.0
SSP1-2.6,+geoid,1a,2027,0.199,0.4165,0.0045,0.0085,0.0203,0.0,0.0,0.0001
SSP1-2.6,+geoid,1a,2028,0.206,0.4416,0.0048,0.009,0.0216,0.0,0.0,0.0001
SSP1-2.6,+geoid,1a,2029,0.213,0.4681,0.0051,0.0096,0.0229,0.0,0.0,0.0001
SSP1-2.6,+geoid,1a,2030,0.22,0.4962,0.0054,0.0102,0.0242,0.0,0.0001,0.0001
SSP1-2.6,+geoid,1a,2031,0.226,0.5216,0.0057,0.0107,0.0255,0.0,0.0001,0.0002
SSP1-2.6,+geoid,1a,2032,0.232,0.5483,0.006,0.0112,0.0268,0.0,0.0001,0.0002
SSP1-2.6,+geoid,1a,2033,0.238,0.5762,0.0063,0.0118,0.0281,0.0,0.0001,0.0002
SSP1-2.6,+geoid,1a,2034,0.244,0.6056,0.0066,0.0124,0.0296,0.0001,0.0001,0.0002
SSP1-2.6,+geoid,1a,2035,0.25,0.6364,0.0069,0.013,0.0311,0.0001,0.0001,0.0003
SSP1-2.6,+geoid,1a,2036,0.256,0.6687,0.0073,0.0137,0.0327,0.0001,0.0001,0.0003
SSP1-2.6,+geoid,1a,2037,0.262,0.7027,0.0076,0.0144,0.0343,0.0001,0.0001,0.0003
SSP1-2.6,+geoid,1a,2038,0.268,0.7383,0.008,0.0151,0.036,0.0001,0.0002,0.0004
SSP1-2.6,+geoid,1a,2039,0.274,0.7756,0.0084,0.0159,0.0379,0.0001,0.0002,0.0004
SSP1-2.6,+geoid,1a,2040,0.28,0.8148,0.0089,0.0167,0.0398,0.0001,0.0002,0.0004
SSP1-2.6,+geoid,1a,2041,0.287,0.863,0.0094,0.0177,0.0421,0.0001,0.0002,0.0005
SSP1-2.6,+geoid,1a,2042,0.294,0.914,0.0099,0.0187,0.0446,0.0001,0.0002,0.0005
SSP1-2.6,+geoid,1a,2043,0.301,0.9679,0.0105,0.0198,0.0473,0.0001,0.0002,0.0006
SSP1-2.6,+geoid,1a,2044,0.308,1.0249,0.0111,0.021,0.05,0.0001,0.0003,0.0006
SSP1-2.6,+geoid,1a,2045,0.315,1.0852,0.0118,0.0222,0.053,0.0002,0.0003,0.0007
SSP1-2.6,+geoid,1a,2046,0.322,1.1489,0.0125,0.0235,0.0561,0.0002,0.0003,0.0007
SSP1-2.6,+geoid,1a,2047,0.329,1.2163,0.0132,0.0249,0.0594,0.0002,0.0003,0.0008
SSP1-2.6,+geoid,1a,2048,0.336,1.2875,0.014,0.0264,0.0629,0.0002,0.0004,0.0009
SSP1-2.6,+geoid,1a,2049,0.343,1.3629,0.0148,0.0279,0.0665,0.0002,0.0004,0.0009
SSP1-2.6,+geoid,1a,2050,0.35,1.4425,0.0157,0.0295,0.0704,0.0002,0.0004,0.001
SSP1-2.6,+geoid,1a,2051,0.354,1.49,0.0162,0.0305,0.0728,0.0002,0.0004,0.0011
SSP1-2.6,+geoid,1a,2052,0.358,1.5391,0.0167,0.0315,0.0751,0.0003,0.0005,0.0011
SSP1-2.6,+geoid,1a,2053,0.362,1.5897,0.0173,0.0326,0.0776,0.0003,0.0005,0.0012
SSP1-2.6,+geoid,1a,2054,0.366,1.642,0.0178,0.0336,0.0802,0.0003,0.0005,0.0013
SSP1-2.6,+geoid,1a,2055,0.37,1.696,0.0184,0.0347,0.0828,0.0003,0.0006,0.0014
SSP1-2.6,+geoid,1a,2056,0.374,1.7517,0.019,0.0359,0.0855,0.0003,0.0006,0.0015
SSP1-2.6,+geoid,1a,2057,0.378,1.8092,0.0197,0.037,0.0883,0.0003,0.0007,0.0016
SSP1-2.6,+geoid,1a,2058,0.382,1.8685,0.0203,0.0383,0.0912,0.0004,0.0007,0.0017
SSP1-2.6,+geoid,1a,2059,0.386,1.9297,0.021,0.0395,0.0942,0.0004,0.0007,0.0017
SSP1-2.6,+geoid,1a,2060,0.39,1.993,0.0217,0.0408,0.0973,0.0004,0.0008,0.0018
SSP1-2.6,+geoid,1a,2061,0.394,2.0582,0.0224,0.0421,0.1005,0.0004,0.0008,0.0019
SSP1-2.6,+geoid,1a,2062,0.398,2.1255,0.0231,0.0435,0.1038,0.0005,0.0009,0.002
SSP1-2.6,+geoid,1a,2063,0.402,2.195,0.0239,0.0449,0.1072,0.0005,0.0009,0.0022
SSP1-2.6,+geoid,1a,2064,0.406,2.2667,0.0246,0.0464,0.1107,0.0005,0.001,0.0023
SSP1-2.6,+geoid,1a,2065,0.41,2.3408,0.0254,0.0479,0.1143,0.0005,0.001,0.0024
SSP1-2.6,+geoid,1a,2066,0.414,2.4171,0.0263,0.0495,0.118,0.0006,0.001,0.0025
SSP1-2.6,+geoid,1a,2067,0.418,2.496,0.0271,0.0511,0.1219,0.0006,0.0011,0.0026
SSP1-2.6,+geoid,1a,2068,0.422,2.5773,0.028,0.0528,0.1258,0.0006,0.0012,0.0027
SSP1-2.6,+geoid,1a,2069,0.426,2.6613,0.0289,0.0545,0.1299,0.0006,0.0012,0.0029
SSP1-2.6,+geoid,1a,2070,0.43,2.7479,0.0299,0.0563,0.1342,0.0007,0.0013,0.003
SSP1-2.6,+geoid,1a,2071,0.434,2.8373,0.0308,0.0581,0.1385,0.0007,0.0013,0.0032
SSP1-2.6,+geoid,1a,2072,0.438,2.9296,0.0318,0.06,0.143,0.0007,0.0014,0.0033
SSP1-2.6,+geoid,1a,2073,0.442,3.0248,0.0329,0.0619,0.1477,0.0008,0.0014,0.0034
SSP1-2.6,+geoid,1a,2074,0.446,3.123,0.0339,0.0639,0.1525,0.0008,0.0015,0.0036
SSP1-2.6,+geoid,1a,2075,0.45,3.2244,0.035,0.066,0.1574,0.0008,0.0016,0.0038
SSP1-2.6,+geoid,1a,2076,0.454,3.329,0.0362,0.0682,0.1625,0.0009,0.0016,0.0039
SSP1-2.6,+geoid,1a,2077,0.458,3.437,0.0374,0.0704,0.1678,0.0009,0.0017,0.0041
SSP1-2.6,+geoid,1a,2078,0.462,3.5483,0.0386,0.0727,0.1732,0.0009,0.0018,0.0043
SSP1-2.6,+geoid,1a,2079,0.466,3.6633,0.0398,0.075,0.1789,0.001,0.0019,0.0044
SSP1-2.6,+geoid,1a,2080,0.47,3.7818,0.0411,0.0774,0.1846,0.001,0.0019,0.0046
SSP1-2.6,+geoid,1a,2081,0.474,3.9042,0.0424,0.0799,0.1906,0.0011,0.002,0.0048
SSP1-2.6,+geoid,1a,2082,0.478,4.0304,0.0438,0.0825,0.1968,0.0011,0.0021,0.005
SSP1-2.6,+geoid,1a,2083,0.482,4.1607,0.0452,0.0852,0.2031,0.0012,0.0022,0.0052
SSP1-2.6,+geoid,1a,2084,0.486,4.2951,0.0467,0.0879,0.2097,0.0012,0.0023,0.0054
SSP1-2.6,+geoid,1a,2085,0.49,4.4338,0.0482,0.0908,0.2165,0.0013,0.0024,0.0056
SSP1-2.6,+geoid,1a,2086,0.494,4.5768,0.0497,0.0937,0.2235,0.0013,0.0025,0.0059
SSP1-2.6,+geoid,1a,2087,0.498,4.7244,0.0513,0.0967,0.2307,0.0014,0.0026,0.0061
SSP1-2.6,+geoid,1a,2088,0.502,4.8767,0.053,0.0999,0.2381,0.0014,0.0027,0.0063
SSP1-2.6,+geoid,1a,2089,0.506,5.0339,0.0547,0.1031,0.2458,0.0015,0.0028,0.0066
SSP1-2.6,+geoid,1a,2090,0.51,5.196,0.0565,0.1064,0.2537,0.0015,0.0029,0.0068
SSP1-2.6,+geoid,1a,2091,0.514,5.3632,0.0583,0.1098,0.2619,0.0016,0.003,0.0071
SSP1-2.6,+geoid,1a,2092,0.518,5.5357,0.0602,0.1133,0.2703,0.0016,0.0031,0.0074
SSP1-2.6,+geoid,1a,2093,0.522,5.7137,0.0621,0.117,0.279,0.0017,0.0032,0.0076
SSP1-2.6,+geoid,1a,2094,0.526,5.8973,0.0641,0.1207,0.2879,0.0018,0.0033,0.0079
SSP1-2.6,+geoid,1a,2095,0.53,6.0868,0.0661,0.1246,0.2972,0.0018,0.0034,0.0082
SSP1-2.6,+geoid,1a,2096,0.534,6.2822,0.0683,0.1286,0.3067,0.0019,0.0036,0.0085
SSP1-2.6,+geoid,1a,2097,0.538,6.4838,0.0705,0.1328,0.3166,0.002,0.0037,0.0088
SSP1-2.6,+geoid,1a,2098,0.542,6.6918,0.0727,0.137,0.3267,0.002,0.0038,0.0092
SSP1-2.6,+geoid,1a,2099,0.546,6.9063,0.0751,0.1414,0.3372,0.0021,0.004,0.0095
SSP1-2.6,+geoid,1a,2100,0.55,7.1276,0.0775,0.1459,0.348,0.0022,0.0041,0.0099
SSP1-2.6,+geoid,1b,2025,0.185,0.3704,0.004,0.0076,0.0181,0.0,0.0,0.0
SSP1-2.6,+geoid,1b,2026,0.192,0.3928,0.0043,0.008,0.0192,0.0,0.0,0.0
SSP1-2.6,+geoid,1b,2027,0.199,0.4165,0.0045,0.0085,0.0203,0.0,0.0,0.0001
SSP1-2.6,+geoid,1b,2028,0.206,0.4416,0.0048,0.009,0.0216,0.0,0.0,0.0001
SSP1-2.6,+geoid,1b,2029,0.213,0.4681,0.0051,0.0096,0.0229,0.0,0.0,0.0001
SSP1-2.6,+geoid,1b,2030,0.22,0.4962,0.0054,0.0102,0.0242,0.0,0.0001,0.0001
SSP1-2.6,+geoid,1b,2031,0.226,0.5216,0.0057,0.0107,0.0255,0.0,0.0001,0.0002
SSP1-2.6,+geoid,1b,2032,0.232,0.5483,0.006,0.0112,0.0268,0.0,0.0001,0.0002
SSP1-2.6,+geoid,1b,2033,0.238,0.5762,0.0063,0.0118,0.0281,0.0,0.0001,0.0002
SSP1-2.6,+geoid,1b,2034,0.244,0.6056,0.0066,0.0124,0.0296,0.0001,0.0001,0.0002
SSP1-2.6,+geoid,1b,2035,0.25,0.6364,0.0069,0.013,0.0311,0.0001,0.0001,0.0003
SSP1-2.6,+geoid,1b,2036,0.256,0.6687,0.0073,0.0137,0.0327,0.0001,0.0001,0.0003
SSP1-2.6,+geoid,1b,2037,0.262,0.7027,0.0076,0.0144,0.0343,0.0001,0.0001,0.0003
SSP1-2.6,+geoid,1b,2038,0.268,0.7383,0.008,0.0151,0.036,0.0001,0.0002,0.0004
SSP1-2.6,+geoid,1b,2039,0.274,0.7756,0.0084,0.0159,0.0379,0.0001,0.0002,0.0004
SSP1-2.6,+geoid,1b,2040,0.28,0.8148,0.0089,0.0167,0.0398,0.0001,0.0002,0.0004
SSP1-2.6,+geoid,1b,2041,0.287,0.863,0.0094,0.0177,0.0421,0.0001,0.0002,0.0005
SSP1-2.6,+geoid,1b,2042,0.294,0.914,0.0099,0.0187,0.0446,0.0001,0.0002,0.0005
SSP1-2.6,+geoid,1b,2043,0.301,0.9679,0.0105,0.0198,0.0473,0.0001,0.0002,0.0006
SSP1-2.6,+geoid,1b,2044,0.308,1.0249,0.0111,0.021,0.05,0.0001,0.0003,0.0006
SSP1-2.6,+geoid,1b,2045,0.315,1.0852,0.0118,0.0222,0.053,0.0002,0.0003,0.0007
SSP1-2.6,+geoid,1b,2046,0.322,1.1489,0.0125,0.0235,0.0561,0.0002,0.0003,0.0007
SSP1-2.6,+geoid,1b,2047,0.329,1.2163,0.0132,0.0249,0.0594,0.0002,0.0003,0.0008
SSP1-2.6,+geoid,1b,2048,0.336,1.2875,0.014,0.0264,0.0629,0.0002,0.0004,0.0009
SSP1-2.6,+geoid,1b,2049,0.343,1.3629,0.0148,0.0279,0.0665,0.0002,0.0004,0.0009
SSP1-2.6,+geoid,1b,2050,0.35,1.4425,0.0157,0.0295,0.0704,0.0002,0.0004,0.001
SSP1-2.6,+geoid,1b,2051,0.354,1.49,0.0162,0.0305,0.0728,0.0002,0.0004,0.0011
SSP1-2.6,+geoid,1b,2052,0.358,1.5391,0.0167,0.0315,0.0751,0.0003,0.0005,0.0011
SSP1-2.6,+geoid,1b,2053,0.362,1.5897,0.0173,0.0326,0.0776,0.0003,0.0005,0.0012
SSP1-2.6,+geoid,1b,2054,0.366,1.642,0.0178,0.0336,0.0802,0.0003,0.0005,0.0013
SSP1-2.6,+geoid,1b,2055,0.37,1.696,0.0184,0.0347,0.0828,0.0003,0.0006,0.0014
SSP1-2.6,+geoid,1b,2056,0.374,1.7517,0.019,0.0359,0.0855,0.0003,0.0006,0.0015
SSP1-2.6,+geoid,1b,2057,0.378,1.8092,0.0197,0.037,0.0883,0.0003,0.0007,0.0016
SSP1-2.6,+geoid,1b,2058,0.382,1.8685,0.0203,0.0383,0.0912,0.0004,0.0007,0.0017
SSP1-2.6,+geoid,1b,2059,0.386,1.9297,0.021,0.0395,0.0942,0.0004,0.0007,0.0017
SSP1-2.6,+geoid,1b,2060,0.39,1.993,0.0217,0.0408,0.0973,0.0004,0.0008,0.0018
SSP1-2.6,+geoid,1b,2061,0.394,2.0582,0.0224,0.0421,0.1005,0.0004,0.0008,0.0019
SSP1-2.6,+geoid,1b,2062,0.398,2.1255,0.0231,0.0435,0.1038,0.0005,0.0009,0.002
SSP1-2.6,+geoid,1b,2063,0.402,2.195,0.0239,0.0449,0.1072,0.0005,0.0009,0.0022
SSP1-2.6,+geoid,1b,2064,0.406,2.2667,0.0246,0.0464,0.1107,0.0005,0.001,0.0023
SSP1-2.6,+geoid,1b,2065,0.41,2.3408,0.0254,0.0479,0.1143,0.0005,0.001,0.0024
SSP1-2.6,+geoid,1b,2066,0.414,2.4171,0.0263,0.0495,0.118,0.0006,0.001,0.0025
SSP1-2.6,+geoid,1b,2067,0.418,2.496,0.0271,0.0511,0.1219,0.0006,0.0011,0.0026
SSP1-2.6,+geoid,1b,2068,0.422,2.5773,0.028,0.0528,0.1258,0.0006,0.0012,0.0027
SSP1-2.6,+geoid,1b,2069,0.426,2.6613,0.0289,0.0545,0.1299,0.0006,0.0012,0.0029
SSP1-2.6,+geoid,1b,2070,0.43,2.7479,0.0299,0.0563,0.1342,0.0007,0.0013,0.003
SSP1-2.6,+geoid,1b,2071,0.434,2.8373,0.0308,0.0581,0.1385,0.0007,0.0013,0.0032
SSP1-2.6,+geoid,1b,2072,0.438,2.9296,0.0318,0.06,0.143,0.0007,0.0014,0.0033
SSP1-2.6,+geoid,1b,2073,0.442,3.0248,0.0329,0.0619,0.1477,0.0008,0.0014,0.0034
SSP1-2.6,+geoid,1b,2074,0.446,3.123,0.0339,0.0639,0.1525,0.0008,0.0015,0.0036
SSP1-2.6,+geoid,1b,2075,0.45,3.2244,0.035,0.066,0.1574,0.0008,0.0016,0.0038
SSP1-2.6,+geoid,1b,2076,0.454,3.329,0.0362,0.0682,0.1625,0.0009,0.0016,0.0039
SSP1-2.6,+geoid,1b,2077,0.458,3.437,0.0374,0.0704,0.1678,0.0009,0.0017,0.0041
SSP1-2.6,+geoid,1b,2078,0.462,3.5483,0.0386,0.0727,0.1732,0.0009,0.0018,0.0043
SSP1-2.6,+geoid,1b,2079,0.466,3.6633,0.0398,0.075,0.1789,0.001,0.0019,0.0044
SSP1-2.6,+geoid,1b,2080,0.47,3.7818,0.0411,0.0774,0.1846,0.001,0.0019,0.0046
SSP1-2.6,+geoid,1b,2081,0.474,3.9042,0.0424,0.0799,0.1906,0.0011,0.002,0.0048
SSP1-2.6,+geoid,1b,2082,0.478,4.0304,0.0438,0.0825,0.1968,0.0011,0.0021,0.005
SSP1-2.6,+geoid,1b,2083,0.482,4.1607,0.0452,0.0852,0.2031,0.0012,0.0022,0.0052
SSP1-2.6,+geoid,1b,2084,0.486,4.2951,0.0467,0.0879,0.2097,0.0012,0.0023,0.0054
SSP1-2.6,+geoid,1b,2085,0.49,4.4338,0.0482,0.0908,0.2165,0.0013,0.0024,0.0056
SSP1-2.6,+geoid,1b,2086,0.494,4.5768,0.0497,0.0937,0.2235,0.0013,0.0025,0.0059
SSP1-2.6,+geoid,1b,2087,0.498,4.7244,0.0513,0.0967,0.2307,0.0014,0.0026,0.0061
SSP1-2.6,+geoid,1b,2088,0.502,4.8767,0.053,0.0999,0.2381,0.0014,0.0027,0.0063
SSP1-2.6,+geoid,1b,2089,0.506,5.0339,0.0547,0.1031,0.2458,0.0015,0.0028,0.0066
SSP1-2.6,+geoid,1b,2090,0.51,5.196,0.0565,0.1064,0.2537,0.0015,0.0029,0.0068
SSP1-2.6,+geoid,1b,2091,0.514,5.3632,0.0583,0.1098,0.2619,0.0016,0.003,0.0071
SSP1-2.6,+geoid,1b,2092,0.518,5.5357,0.0602,0.1133,0.2703,0.0016,0.0031,0.0074
SSP1-2.6,+geoid,1b,2093,0.522,5.7137,0.0621,0.117,0.279,0.0017,0.0032,0.0076
SSP1-2.6,+geoid,1b,2094,0.526,5.8973,0.0641,0.1207,0.2879,0.0018,0.0033,0.0079
SSP1-2.6,+geoid,1b,2095,0.53,6.0868,0.0661,0.1246,0.2972,0.0018,0.0034,0.0082
SSP1-2.6,+geoid,1b,2096,0.534,6.2822,0.0683,0.1286,0.3067,0.0019,0.0036,0.0085
SSP1-2.6,+geoid,1b,2097,0.538,6.4838,0.0705,0.1328,0.3166,0.002,0.0037,0.0088
SSP1-2.6,+geoid,1b,2098,0.542,6.6918,0.0727,0.137,0.3267,0.002,0.0038,0.0092
SSP1-2.6,+geoid,1b,2099,0.546,6.9063,0.0751,0.1414,0.3372,0.0021,0.004,0.0095
SSP1-2.6,+geoid,1b,2100,0.55,7.1276,0.0775,0.1459,0.348,0.0022,0.0041,0.0099
SSP1-2.6,+geoid,2,2025,0.185,0.4116,0.0045,0.0084,0.0201,0.0,0.0,0.0
SSP1-2.6,+geoid,2,2026,0.192,0.4364,0.0047,0.0089,0.0213,0.0,0.0,0.0
SSP1-2.6,+geoid,2,2027,0.199,0.4628,0.005,0.0095,0.0226,0.0,0.0,0.0001
SSP1-2.6,+geoid,2,2028,0.206,0.4907,0.0053,0.01,0.024,0.0,0.0,0.0001
SSP1-2.6,+geoid,2,2029,0.213,0.5202,0.0057,0.0107,0.0254,0.0,0.0,0.0001
SSP1-2.6,+geoid,2,2030,0.22,0.5514,0.006,0.0113,0.0269,0.0,0.0001,0.0001
SSP1-2.6,+geoid,2,2031,0.226,0.5796,0.0063,0.0119,0.0283,0.0,0.0001,0.0002
SSP1-2.6,+geoid,2,2032,0.232,0.6092,0.0066,0.0125,0.0297,0.0,0.0001,0.0002
SSP1-2.6,+geoid,2,2033,0.238,0.6403,0.007,0.0131,0.0313,0.0001,0.0001,0.0002
SSP1-2.6,+geoid,2,2034,0.244,0.6729,0.0073,0.0138,0.0329,0.0001,0.0001,0.0003
SSP1-2.6,+geoid,2,2035,0.25,0.7071,0.0077,0.0145,0.0345,0.0001,0.0001,0.0003
SSP1-2.6,+geoid,2,2036,0.256,0.743,0.0081,0.0152,0.0363,0.0001,0.0001,0.0003
SSP1-2.6,+geoid,2,2037,0.262,0.7807,0.0085,0.016,0.0381,0.0001,0.0002,0.0004
SSP1-2.6,+geoid,2,2038,0.268,0.8203,0.0089,0.0168,0.0401,0.0001,0.0002,0.0004
SSP1-2.6,+geoid,2,2039,0.274,0.8618,0.0094,0.0176,0.0421,0.0001,0.0002,0.0005
SSP1-2.6,+geoid,2,2040,0.28,0.9054,0.0098,0.0185,0.0442,0.0001,0.0002,0.0005
SSP1-2.6,+geoid,2,2041,0.287,0.9589,0.0104,0.0196,0.0468,0.0001,0.0002,0.0005
SSP1-2.6,+geoid,2,2042,0.294,1.0155,0.011,0.0208,0.0496,0.0001,0.0002,0.0006
SSP1-2.6,+geoid,2,2043,0.301,1.0754,0.0117,0.022,0.0525,0.0001,0.0003,0.0006
SSP1-2.6,+geoid,2,2044,0.308,1.1388,0.0124,0.0233,0.0556,0.0002,0.0003,0.0007
SSP1-2.6,+geoid,2,2045,0.315,1.2057,0.0131,0.0247,0.0589,0.0002,0.0003,0.0008
SSP1-2.6,+geoid,2,2046,0.322,1.2765,0.0139,0.0261,0.0623,0.0002,0.0003,0.0008
SSP1-2.6,+geoid,2,2047,0.329,1.3514,0.0147,0.0277,0.066,0.0002,0.0004,0.0009
SSP1-2.6,+geoid,2,2048,0.336,1.4306,0.0155,0.0293,0.0698,0.0002,0.0004,0.001
SSP1-2.6,+geoid,2,2049,0.343,1.5143,0.0165,0.031,0.0739,0.0002,0.0004,0.001
SSP1-2.6,+geoid,2,2050,0.35,1.6028,0.0174,0.0328,0.0783,0.0002,0.0005,0.0011
SSP1-2.6,+geoid,2,2051,0.354,1.6556,0.018,0.0339,0.0808,0.0003,0.0005,0.0012
SSP1-2.6,+geoid,2,2052,0.358,1.7101,0.0186,0.035,0.0835,0.0003,0.0005,0.0013
SSP1-2.6,+geoid,2,2053,0.362,1.7664,0.0192,0.0362,0.0862,0.0003,0.0006,0.0014
SSP1-2.6,+geoid,2,2054,0.366,1.8245,0.0198,0.0374,0.0891,0.0003,0.0006,0.0015
SSP1-2.6,+geoid,2,2055,0.37,1.8844,0.0205,0.0386,0.092,0.0003,0.0006,0.0015
SSP1-2.6,+geoid,2,2056,0.374,1.9463,0.0212,0.0399,0.095,0.0004,0.0007,0.0016
SSP1-2.6,+geoid,2,2057,0.378,2.0102,0.0218,0.0412,0.0981,0.0004,0.0007,0.0017
SSP1-2.6,+geoid,2,2058,0.382,2.0761,0.0226,0.0425,0.1014,0.0004,0.0008,0.0018
SSP1-2.6,+geoid,2,2059,0.386,2.1442,0.0233,0.0439,0.1047,0.0004,0.0008,0.0019
SSP1-2.6,+geoid,2,2060,0.39,2.2144,0.0241,0.0453,0.1081,0.0005,0.0009,0.0021
SSP1-2.6,+geoid,2,2061,0.394,2.2869,0.0249,0.0468,0.1117,0.0005,0.0009,0.0022
SSP1-2.6,+geoid,2,2062,0.398,2.3617,0.0257,0.0484,0.1153,0.0005,0.001,0.0023
SSP1-2.6,+geoid,2,2063,0.402,2.4389,0.0265,0.0499,0.1191,0.0005,0.001,0.0024
SSP1-2.6,+geoid,2,2064,0.406,2.5186,0.0274,0.0516,0.123,0.0006,0.0011,0.0025
SSP1-2.6,+geoid,2,2065,0.41,2.6008,0.0283,0.0533,0.127,0.0006,0.0011,0.0026
SSP1-2.6,+geoid,2,2066,0.414,2.6857,0.0292,0.055,0.1311,0.0006,0.0012,0.0028
SSP1-2.6,+geoid,2,2067,0.418,2.7733,0.0301,0.0568,0.1354,0.0006,0.0012,0.0029
SSP1-2.6,+geoid,2,2068,0.422,2.8637,0.0311,0.0586,0.1398,0.0007,0.0013,0.0031
SSP1-2.6,+geoid,2,2069,0.426,2.957,0.0321,0.0605,0.1444,0.0007,0.0013,0.0032
SSP1-2.6,+geoid,2,2070,0.43,3.0532,0.0332,0.0625,0.1491,0.0007,0.0014,0.0033
SSP1-2.6,+geoid,2,2071,0.434,3.1526,0.0343,0.0645,0.1539,0.0008,0.0015,0.0035
SSP1-2.6,+geoid,2,2072,0.438,3.2551,0.0354,0.0666,0.1589,0.0008,0.0015,0.0037
SSP1-2.6,+geoid,2,2073,0.442,3.3609,0.0365,0.0688,0.1641,0.0009,0.0016,0.0038
SSP1-2.6,+geoid,2,2074,0.446,3.47,0.0377,0.071,0.1694,0.0009,0.0017,0.004
SSP1-2.6,+geoid,2,2075,0.45,3.5827,0.0389,0.0734,0.1749,0.0009,0.0017,0.0042
SSP1-2.6,+geoid,2,2076,0.454,3.6989,0.0402,0.0757,0.1806,0.001,0.0018,0.0043
SSP1-2.6,+geoid,2,2077,0.458,3.8188,0.0415,0.0782,0.1865,0.001,0.0019,0.0045
SSP1-2.6,+geoid,2,2078,0.462,3.9426,0.0428,0.0807,0.1925,0.0011,0.002,0.0047
SSP1-2.6,+geoid,2,2079,0.466,4.0703,0.0442,0.0833,0.1987,0.0011,0.0021,0.0049
SSP1-2.6,+geoid,2,2080,0.47,4.2021,0.0457,0.086,0.2052,0.0011,0.0022,0.0051
SSP1-2.6,+geoid,2,2081,0.474,4.338,0.0471,0.0888,0.2118,0.0012,0.0022,0.0053
SSP1-2.6,+geoid,2,2082,0.478,4.4783,0.0487,0.0917,0.2187,0.0012,0.0023,0.0056
SSP1-2.6,+geoid,2,2083,0.482,4.623,0.0502,0.0947,0.2257,0.0013,0.0024,0.0058
SSP1-2.6,+geoid,2,2084,0.486,4.7723,0.0519,0.0977,0.233,0.0013,0.0025,0.006
SSP1-2.6,+geoid,2,2085,0.49,4.9264,0.0535,0.1009,0.2405,0.0014,0.0026,0.0063
SSP1-2.6,+geoid,2,2086,0.494,5.0854,0.0553,0.1041,0.2483,0.0014,0.0027,0.0065
SSP1-2.6,+geoid,2,2087,0.498,5.2494,0.057,0.1075,0.2563,0.0015,0.0028,0.0068
SSP1-2.6,+geoid,2,2088,0.502,5.4186,0.0589,0.1109,0.2646,0.0016,0.0029,0.007
SSP1-2.6,+geoid,2,2089,0.506,5.5932,0.0608,0.1145,0.2731,0.0016,0.0031,0.0073
SSP1-2.6,+geoid,2,2090,0.51,5.7733,0.0627,0.1182,0.2819,0.0017,0.0032,0.0076
SSP1-2.6,+geoid,2,2091,0.514,5.9591,0.0648,0.122,0.291,0.0018,0.0033,0.0079
SSP1-2.6,+geoid,2,2092,0.518,6.1508,0.0668,0.1259,0.3003,0.0018,0.0034,0.0082
SSP1-2.6,+geoid,2,2093,0.522,6.3486,0.069,0.13,0.31,0.0019,0.0036,0.0085
SSP1-2.6,+geoid,2,2094,0.526,6.5526,0.0712,0.1342,0.3199,0.002,0.0037,0.0088
SSP1-2.6,+geoid,2,2095,0.53,6.7631,0.0735,0.1385,0.3302,0.002,0.0038,0.0091
SSP1-2.6,+geoid,2,2096,0.534,6.9802,0.0759,0.1429,0.3408,0.0021,0.004,0.0095
SSP1-2.6,+geoid,2,2097,0.538,7.2042,0.0783,0.1475,0.3517,0.0022,0.0041,0.0098
SSP1-2.6,+geoid,2,2098,0.542,7.4353,0.0808,0.1522,0.363,0.0023,0.0043,0.0102
SSP1-2.6,+geoid,2,2099,0.546,7.6737,0.0834,0.1571,0.3747,0.0024,0.0044,0.0106
SSP1-2.6,+geoid,2,2100,0.55,7.9196,0.0861,0.1622,0.3867,0.0024,0.0046,0.011
SSP1-2.6,+geoid,3,2025,0.185,0.3704,0.004,0.0076,0.0181,0.0,0.0,0.0
SSP1-2.6,+geoid,3,2026,0.192,0.3928,0.0043,0.008,0.0192,0.0,0.0,0.0
SSP1-2.6,+geoid,3,2027,0.199,0.4165,0.0045,0.0085,0.0203,0.0,0.0,0.0001
SSP1-2.6,+geoid,3,2028,0.206,0.4416,0.0048,0.009,0.0216,0.0,0.0,0.0001
SSP1-2.6,+geoid,3,2029,0.213,0.4681,0.0051,0.0096,0.0229,0.0,0.0,0.0001
SSP1-2.6,+geoid,3,2030,0.22,0.4962,0.0054,0.0102,0.0242,0.0,0.0001,0.0001
SSP1-2.6,+geoid,3,2031,0.226,0.5216,0.0057,0.0107,0.0255,0.0,0.0001,0.0002
SSP1-2.6,+geoid,3,2032,0.232,0.5483,0.006,0.0112,0.0268,0.0,0.0001,0.0002
SSP1-2.6,+geoid,3,2033,0.238,0.5762,0.0063,0.0118,0.0281,0.0,0.0001,0.0002
SSP1-2.6,+geoid,3,2034,0.244,0.6056,0.0066,0.0124,0.0296,0.0001,0.0001,0.0002
SSP1-2.6,+geoid,3,2035,0.25,0.6364,0.0069,0.013,0.0311,0.0001,0.0001,0.0003
SSP1-2.6,+geoid,3,2036,0.256,0.6687,0.0073,0.0137,0.0327,0.0001,0.0001,0.0003
SSP1-2.6,+geoid,3,2037,0.262,0.7027,0.0076,0.0144,0.0343,0.0001,0.0001,0.0003
SSP1-2.6,+geoid,3,2038,0.268,0.7383,0.008,0.0151,0.036,0.0001,0.0002,0.0004
SSP1-2.6,+geoid,3,2039,0.274,0.7756,0.0084,0.0159,0.0379,0.0001,0.0002,0.0004
SSP1-2.6,+geoid,3,2040,0.28,0.8148,0.0089,0.0167,0.0398,0.0001,0.0002,0.0004
SSP1-2.6,+geoid,3,2041,0.287,0.863,0.0094,0.0177,0.0421,0.0001,0.0002,0.0005
SSP1-2.6,+geoid,3,2042,0.294,0.914,0.0099,0.0187,0.0446,0.0001,0.0002,0.0005
SSP1-2.6,+geoid,3,2043,0.301,0.9679,0.0105,0.0198,0.0473,0.0001,0.0002,0.0006
SSP1-2.6,+geoid,3,2044,0.308,1.0249,0.0111,0.021,0.05,0.0001,0.0003,0.0006
SSP1-2.6,+geoid,3,2045,0.315,1.0852,0.0118,0.0222,0.053,0.0002,0.0003,0.0007
SSP1-2.6,+geoid,3,2046,0.322,1.1489,0.0125,0.0235,0.0561,0.0002,0.0003,0.0007
SSP1-2.6,+geoid,3,2047,0.329,1.2163,0.0132,0.0249,0.0594,0.0002,0.0003,0.0008
SSP1-2.6,+geoid,3,2048,0.336,1.2875,0.014,0.0264,0.0629,0.0002,0.0004,0.0009
SSP1-2.6,+geoid,3,2049,0.343,1.3629,0.0148,0.0279,0.0665,0.0002,0.0004,0.0009
SSP1-2.6,+geoid,3,2050,0.35,1.4425,0.0157,0.0295,0.0704,0.0002,0.0004,0.001
SSP1-2.6,+geoid,3,2051,0.354,1.49,0.0162,0.0305,0.0728,0.0002,0.0004,0.0011
SSP1-2.6,+geoid,3,2052,0.358,1.5391,0.0167,0.0315,0.0751,0.0003,0.0005,0.0011
SSP1-2.6,+geoid,3,2053,0.362,1.5897,0.0173,0.0326,0.0776,0.0003,0.0005,0.0012
SSP1-2.6,+geoid,3,2054,0.366,1.642,0.0178,0.0336,0.0802,0.0003,0.0005,0.0013
SSP1-2.6,+geoid,3,2055,0.37,1.696,0.0184,0.0347,0.0828,0.0003,0.0006,0.0014
SSP1-2.6,+geoid,3,2056,0.374,1.7517,0.019,0.0359,0.0855,0.0003,0.0006,0.0015
SSP1-2.6,+geoid,3,2057,0.378,1.8092,0.0197,0.037,0.0883,0.0003,0.0007,0.0016
SSP1-2.6,+geoid,3,2058,0.382,1.8685,0.0203,0.0383,0.0912,0.0004,0.0007,0.0017
SSP1-2.6,+geoid,3,2059,0.386,1.9297,0.021,0.0395,0.0942,0.0004,0.0007,0.0017
SSP1-2.6,+geoid,3,2060,0.39,1.993,0.0217,0.0408,0.0973,0.0004,0.0008,0.0018
SSP1-2.6,+geoid,3,2061,0.394,2.0582,0.0224,0.0421,0.1005,0.0004,0.0008,0.0019
SSP1-2.6,+geoid,3,2062,0.398,2.1255,0.0231,0.0435,0.1038,0.0005,0.0009,0.002
SSP1-2.6,+geoid,3,2063,0.402,2.195,0.0239,0.0449,0.1072,0.0005,0.0009,0.0022
SSP1-2.6,+geoid,3,2064,0.406,2.2667,0.0246,0.0464,0.1107,0.0005,0.001,0.0023
SSP1-2.6,+geoid,3,2065,0.41,2.3408,0.0254,0.0479,0.1143,0.0005,0.001,0.0024
SSP1-2.6,+geoid,3,2066,0.414,2.4171,0.0263,0.0495,0.118,0.0006,0.001,0.0025
SSP1-2.6,+geoid,3,2067,0.418,2.496,0.0271,0.0511,0.1219,0.0006,0.0011,0.0026
SSP1-2.6,+geoid,3,2068,0.422,2.5773,0.028,0.0528,0.1258,0.0006,0.0012,0.0027
SSP1-2.6,+geoid,3,2069,0.426,2.6613,0.0289,0.0545,0.1299,0.0006,0.0012,0.0029
SSP1-2.6,+geoid,3,2070,0.43,2.7479,0.0299,0.0563,0.1342,0.0007,0.0013,0.003
SSP1-2.6,+geoid,3,2071,0.434,2.8373,0.0308,0.0581,0.1385,0.0007,0.0013,0.0032
SSP1-2.6,+geoid,3,2072,0.438,2.9296,0.0318,0.06,0.143,0.0007,0.0014,0.0033
SSP1-2.6,+geoid,3,2073,0.442,3.0248,0.0329,0.0619,0.1477,0.0008,0.0014,0.0034
SSP1-2.6,+geoid,3,2074,0.446,3.123,0.0339,0.0639,0.1525,0.0008,0.0015,0.0036
SSP1-2.6,+geoid,3,2075,0.45,3.2244,0.035,0.066,0.1574,0.0008,0.0016,0.0038
SSP1-2.6,+geoid,3,2076,0.454,3.329,0.0362,0.0682,0.1625,0.0009,0.0016,0.0039
SSP1-2.6,+geoid,3,2077,0.458,3.437,0.0374,0.0704,0.1678,0.0009,0.0017,0.0041
SSP1-2.6,+geoid,3,2078,0.462,3.5483,0.0386,0.0727,0.1732,0.0009,0.0018,0.0043
SSP1-2.6,+geoid,3,2079,0.466,3.6633,0.0398,0.075,0.1789,0.001,0.0019,0.0044
SSP1-2.6,+geoid,3,2080,0.47,3.7818,0.0411,0.0774,0.1846,0.001,0.0019,0.0046
SSP1-2.6,+geoid,3,2081,0.474,3.9042,0.0424,0.0799,0.1906,0.0011,0.002,0.0048
SSP1-2.6,+geoid,3,2082,0.478,4.0304,0.0438,0.0825,0.1968,0.0011,0.0021,0.005
SSP1-2.6,+geoid,3,2083,0.482,4.1607,0.0452,0.0852,0.2031,0.0012,0.0022,0.0052
SSP1-2.6,+geoid,3,2084,0.486,4.2951,0.0467,0.0879,0.2097,0.0012,0.0023,0.0054
SSP1-2.6,+geoid,3,2085,0.49,4.4338,0.0482,0.0908,0.2165,0.0013,0.0024,0.0056
SSP1-2.6,+geoid,3,2086,0.494,4.5768,0.0497,0.0937,0.2235,0.0013,0.0025,0.0059
SSP1-2.6,+geoid,3,2087,0.498,4.7244,0.0513,0.0967,0.2307,0.0014,0.0026,0.0061
SSP1-2.6,+geoid,3,2088,0.502,4.8767,0.053,0.0999,0.2381,0.0014,0.0027,0.0063
SSP1-2.6,+geoid,3,2089,0.506,5.0339,0.0547,0.1031,0.2458,0.0015,0.0028,0.0066
SSP1-2.6,+geoid,3,2090,0.51,5.196,0.0565,0.1064,0.2537,0.0015,0.0029,0.0068
SSP1-2.6,+geoid,3,2091,0.514,5.3632,0.0583,0.1098,0.2619,0.0016,0.003,0.0071
SSP1-2.6,+geoid,3,2092,0.518,5.5357,0.0602,0.1133,0.2703,0.0016,0.0031,0.0074
SSP1-2.6,+geoid,3,2093,0.522,5.7137,0.0621,0.117,0.279,0.0017,0.0032,0.0076
SSP1-2.6,+geoid,3,2094,0.526,5.8973,0.0641,0.1207,0.2879,0.0018,0.0033,0.0079
SSP1-2.6,+geoid,3,2095,0.53,6.0868,0.0661,0.1246,0.2972,0.0018,0.0034,0.0082
SSP1-2.6,+geoid,3,2096,0.534,6.2822,0.0683,0.1286,0.3067,0.0019,0.0036,0.0085
SSP1-2.6,+geoid,3,2097,0.538,6.4838,0.0705,0.1328,0.3166,0.002,0.0037,0.0088
SSP1-2.6,+geoid,3,2098,0.542,6.6918,0.0727,0.137,0.3267,0.002,0.0038,0.0092
SSP1-2.6,+geoid,3,2099,0.546,6.9063,0.0751,0.1414,0.3372,0.0021,0.004,0.0095
SSP1-2.6,+geoid,3,2100,0.55,7.1276,0.0775,0.1459,0.348,0.0022,0.0041,0.0099
SSP2-4.5,baseline,1a,2025,0.05,0.1167,0.0013,0.0024,0.0057,0.0,0.0,0.0
SSP2-4.5,baseline,1a,2026,0.06,0.1273,0.0014,0.0026,0.0062,0.0,0.0,0.0
SSP2-4.5,baseline,1a,2027,0.07,0.1389,0.0015,0.0028,0.0068,0.0,0.0,0.0
SSP2-4.5,baseline,1a,2028,0.08,0.1515,0.0016,0.0031,0.0074,0.0,0.0,0.0
SSP2-4.5,baseline,1a,2029,0.09,0.1651,0.0018,0.0034,0.0081,0.0,0.0,0.0
SSP2-4.5,baseline,1a,2030,0.1,0.18,0.002,0.0037,0.0088,0.0,0.0,0.0
SSP2-4.5,baseline,1a,2031,0.11,0.1961,0.0021,0.004,0.0096,0.0,0.0,0.0001
SSP2-4.5,baseline,1a,2032,0.12,0.2137,0.0023,0.0044,0.0104,0.0,0.0,0.0001
SSP2-4.5,baseline,1a,2033,0.13,0.2327,0.0025,0.0048,0.0114,0.0,0.0,0.0001
SSP2-4.5,baseline,1a,2034,0.14,0.2533,0.0028,0.0052,0.0124,0.0,0.0,0.0001
SSP2-4.5,baseline,1a,2035,0.15,0.2758,0.003,0.0056,0.0135,0.0,0.0,0.0001
SSP2-4.5,baseline,1a,2036,0.16,0.3001,0.0033,0.0061,0.0147,0.0,0.0,0.0001
SSP2-4.5,baseline,1a,2037,0.17,0.3265,0.0035,0.0067,0.0159,0.0,0.0001,0.0001
SSP2-4.5,baseline,1a,2038,0.18,0.3552,0.0039,0.0073,0.0173,0.0,0.0001,0.0001
SSP2-4.5,baseline,1a,2039,0.19,0.3863,0.0042,0.0079,0.0189,0.0,0.0001,0.0002
SSP2-4.5,baseline,1a,2040,0.2,0.42,0.0046,0.0086,0.0205,0.0,0.0001,0.0002
SSP2-4.5,baseline,1a,2041,0.21,0.4566,0.005,0.0093,0.0223,0.0,0.0001,0.0002
SSP2-4.5,baseline,1a,2042,0.22,0.4962,0.0054,0.0102,0.0242,0.0001,0.0001,0.0002
SSP2-4.5,baseline,1a,2043,0.23,0.5392,0.0059,0.011,0.0263,0.0001,0.0001,0.0003
SSP2-4.5,baseline,1a,2044,0.24,0.5859,0.0064,0.012,0.0286,0.0001,0.0001,0.0003
SSP2-4.5,baseline,1a,2045,0.25,0.6364,0.0069,0.013,0.0311,0.0001,0.0001,0.0003
SSP2-4.5,baseline,1a,2046,0.26,0.6912,0.0075,0.0142,0.0337,0.0001,0.0001,0.0004
SSP2-4.5,baseline,1a,2047,0.27,0.7505,0.0082,0.0154,0.0366,0.0001,0.0002,0.0004
SSP2-4.5,baseline,1a,2048,0.28,0.8148,0.0089,0.0167,0.0398,0.0001,0.0002,0.0004
SSP2-4.5,baseline,1a,2049,0.29,0.8845,0.0096,0.0181,0.0432,0.0001,0.0002,0.0005
SSP2-4.5,baseline,1a,2050,0.3,0.96,0.0104,0.0197,0.0469,0.0001,0.0002,0.0005
SSP2-4.5,baseline,1a,2051,0.306,1.0083,0.011,0.0206,0.0492,0.0001,0.0002,0.0006
SSP2-4.5,baseline,1a,2052,0.312,1.0589,0.0115,0.0217,0.0517,0.0001,0.0003,0.0006
SSP2-4.5,baseline,1a,2053,0.318,1.112,0.0121,0.0228,0.0543,0.0002,0.0003,0.0007
SSP2-4.5,baseline,1a,2054,0.324,1.1678,0.0127,0.0239,0.057,0.0002,0.0003,0.0007
SSP2-4.5,baseline,1a,2055,0.33,1.2262,0.0133,0.0251,0.0599,0.0002,0.0003,0.0008
SSP2-4.5,baseline,1a,2056,0.336,1.2875,0.014,0.0264,0.0629,0.0002,0.0004,0.0009
SSP2-4.5,baseline,1a,2057,0.342,1.3518,0.0147,0.0277,0.066,0.0002,0.0004,0.0009
SSP2-4.5,baseline,1a,2058,0.348,1.4193,0.0154,0.0291,0.0693,0.0002,0.0004,0.001
SSP2-4.5,baseline,1a,2059,0.354,1.49,0.0162,0.0305,0.0728,0.0002,0.0004,0.0011
SSP2-4.5,baseline,1a,2060,0.36,1.5642,0.017,0.032,0.0764,0.0003,0.0005,0.0011
SSP2-4.5,baseline,1a,2061,0.366,1.642,0.0178,0.0336,0.0802,0.0003,0.0005,0.0012
SSP2-4.5,baseline,1a,2062,0.372,1.7236,0.0187,0.0353,0.0842,0.0003,0.0005,0.0013
SSP2-4.5,baseline,1a,2063,0.378,1.8092,0.0197,0.037,0.0883,0.0003,0.0006,0.0014
SSP2-4.5,baseline,1a,2064,0.384,1.8989,0.0206,0.0389,0.0927,0.0003,0.0006,0.0015
SSP2-4.5,baseline,1a,2065,0.39,1.993,0.0217,0.0408,0.0973,0.0004,0.0007,0.0016
SSP2-4.5,baseline,1a,2066,0.396,2.0916,0.0227,0.0428,0.1021,0.0004,0.0007,0.0017
SSP2-4.5,baseline,1a,2067,0.402,2.195,0.0239,0.0449,0.1072,0.0004,0.0008,0.0018
SSP2-4.5,baseline,1a,2068,0.408,2.3035,0.025,0.0472,0.1125,0.0004,0.0008,0.0019
SSP2-4.5,baseline,1a,2069,0.414,2.4171,0.0263,0.0495,0.118,0.0005,0.0008,0.002
SSP2-4.5,baseline,1a,2070,0.42,2.5363,0.0276,0.0519,0.1238,0.0005,0.0009,0.0021
SSP2-4.5,baseline,1a,2071,0.426,2.6613,0.0289,0.0545,0.1299,0.0005,0.001,0.0023
SSP2-4.5,baseline,1a,2072,0.432,2.7923,0.0303,0.0572,0.1363,0.0005,0.001,0.0024
SSP2-4.5,baseline,1a,2073,0.438,2.9296,0.0318,0.06,0.143,0.0006,0.0011,0.0026
SSP2-4.5,baseline,1a,2074,0.444,3.0735,0.0334,0.0629,0.1501,0.0006,0.0011,0.0027
SSP2-4.5,baseline,1a,2075,0.45,3.2244,0.035,0.066,0.1574,0.0006,0.0012,0.0029
SSP2-4.5,baseline,1a,2076,0.456,3.3826,0.0368,0.0693,0.1652,0.0007,0.0013,0.003
SSP2-4.5,baseline,1a,2077,0.462,3.5483,0.0386,0.0727,0.1732,0.0007,0.0013,0.0032
SSP2-4.5,baseline,1a,2078,0.468,3.7221,0.0404,0.0762,0.1817,0.0008,0.0014,0.0034
SSP2-4.5,baseline,1a,2079,0.474,3.9042,0.0424,0.0799,0.1906,0.0008,0.0015,0.0036
SSP2-4.5,baseline,1a,2080,0.48,4.0951,0.0445,0.0838,0.1999,0.0008,0.0016,0.0038
SSP2-4.5,baseline,1a,2081,0.486,4.2951,0.0467,0.0879,0.2097,0.0009,0.0017,0.004
SSP2-4.5,baseline,1a,2082,0.492,4.5047,0.049,0.0922,0.2199,0.0009,0.0018,0.0042
SSP2-4.5,baseline,1a,2083,0.498,4.7244,0.0513,0.0967,0.2307,0.001,0.0019,0.0044
SSP2-4.5,baseline,1a,2084,0.504,4.9547,0.0538,0.1014,0.2419,0.001,0.002,0.0047
SSP2-4.5,baseline,1a,2085,0.51,5.196,0.0565,0.1064,0.2537,0.0011,0.0021,0.0049
SSP2-4.5,baseline,1a,2086,0.516,5.4488,0.0592,0.1116,0.266,0.0012,0.0022,0.0052
SSP2-4.5,baseline,1a,2087,0.522,5.7137,0.0621,0.117,0.279,0.0012,0.0023,0.0055
SSP2-4.5,baseline,1a,2088,0.528,5.9913,0.0651,0.1227,0.2925,0.0013,0.0024,0.0058
SSP2-4.5,baseline,1a,2089,0.534,6.2822,0.0683,0.1286,0.3067,0.0014,0.0025,0.0061
SSP2-4.5,baseline,1a,2090,0.54,6.587,0.0716,0.1349,0.3216,0.0014,0.0027,0.0064
SSP2-4.5,baseline,1a,2091,0.546,6.9063,0.0751,0.1414,0.3372,0.0015,0.0028,0.0067
SSP2-4.5,baseline,1a,2092,0.552,7.2409,0.0787,0.1483,0.3535,0.0016,0.003,0.0071
SSP2-4.5,baseline,1a,2093,0.558,7.5914,0.0825,0.1554,0.3707,0.0017,0.0031,0.0075
SSP2-4.5,baseline,1a,2094,0.564,7.9587,0.0865,0.163,0.3886,0.0017,0.0033,0.0078
SSP2-4.5,baseline,1a,2095,0.57,8.3435,0.0907,0.1708,0.4074,0.0018,0.0035,0.0083
SSP2-4.5,baseline,1a,2096,0.576,8.7465,0.0951,0.1791,0.427,0.0019,0.0036,0.0087
SSP2-4.5,baseline,1a,2097,0.582,9.1688,0.0996,0.1877,0.4477,0.002,0.0038,0.0091
SSP2-4.5,baseline,1a,2098,0.588,9.6112,0.1044,0.1968,0.4693,0.0021,0.004,0.0096
SSP2-4.5,baseline,1a,2099,0.594,10.0746,0.1095,0.2063,0.4919,0.0022,0.0042,0.0101
SSP2-4.5,baseline,1a,2100,0.6,10.56,0.1148,0.2162,0.5156,0.0024,0.0044,0.0106
SSP2-4.5,baseline,1b,2025,0.05,0.1167,0.0013,0.0024,0.0057,0.0,0.0,0.0
SSP2-4.5,baseline,1b,2026,0.06,0.1273,0.0014,0.0026,0.0062,0.0,0.0,0.0
SSP2-4.5,baseline,1b,2027,0.07,0.1389,0.0015,0.0028,0.0068,0.0,0.0,0.0
SSP2-4.5,baseline,1b,2028,0.08,0.1515,0.0016,0.0031,0.0074,0.0,0.0,0.0
SSP2-4.5,baseline,1b,2029,0.09,0.1651,0.0018,0.0034,0.0081,0.0,0.0,0.0
SSP2-4.5,baseline,1b,2030,0.1,0.18,0.002,0.0037,0.0088,0.0,0.0,0.0
SSP2-4.5,baseline,1b,2031,0.11,0.1961,0.0021,0.004,0.0096,0.0,0.0,0.0001
SSP2-4.5,baseline,1b,2032,0.12,0.2137,0.0023,0.0044,0.0104,0.0,0.0,0.0001
SSP2-4.5,baseline,1b,2033,0.13,0.2327,0.0025,0.0048,0.0114,0.0,0.0,0.0001
SSP2-4.5,baseline,1b,2034,0.14,0.2533,0.0028,0.0052,0.0124,0.0,0.0,0.0001
SSP2-4.5,baseline,1b,2035,0.15,0.2758,0.003,0.0056,0.0135,0.0,0.0,0.0001
SSP2-4.5,baseline,1b,2036,0.16,0.3001,0.0033,0.0061,0.0147,0.0,0.0,0.0001
SSP2-4.5,baseline,1b,2037,0.17,0.3265,0.0035,0.0067,0.0159,0.0,0.0001,0.0001
SSP2-4.5,baseline,1b,2038,0.18,0.3552,0.0039,0.0073,0.0173,0.0,0.0001,0.0001
SSP2-4.5,baseline,1b,2039,0.19,0.3863,0.0042,0.0079,0.0189,0.0,0.0001,0.0002
SSP2-4.5,baseline,1b,2040,0.2,0.42,0.0046,0.0086,0.0205,0.0,0.0001,0.0002
SSP2-4.5,baseline,1b,2041,0.21,0.4566,0.005,0.0093,0.0223,0.0,0.0001,0.0002
SSP2-4.5,baseline,1b,2042,0.22,0.4962,0.0054,0.0102,0.0242,0.0001,0.0001,0.0002
SSP2-4.5,baseline,1b,2043,0.23,0.5392,0.0059,0.011,0.0263,0.0001,0.0001,0.0003
SSP2-4.5,baseline,1b,2044,0.24,0.5859,0.0064,0.012,0.0286,0.0001,0.0001,0.0003
SSP2-4.5,baseline,1b,2045,0.25,0.6364,0.0069,0.013,0.0311,0.0001,0.0001,0.0003
SSP2-4.5,baseline,1b,2046,0.26,0.6912,0.0075,0.0142,0.0337,0.0001,0.0001,0.0004
SSP2-4.5,baseline,1b,2047,0.27,0.7505,0.0082,0.0154,0.0366,0.0001,0.0002,0.0004
SSP2-4.5,baseline,1b,2048,0.28,0.8148,0.0089,0.0167,0.0398,0.0001,0.0002,0.0004
SSP2-4.5,baseline,1b,2049,0.29,0.8845,0.0096,0.0181,0.0432,0.0001,0.0002,0.0005
SSP2-4.5,baseline,1b,2050,0.3,0.96,0.0104,0.0197,0.0469,0.0001,0.0002,0.0005
SSP2-4.5,baseline,1b,2051,0.306,1.0083,0.011,0.0206,0.0492,0.0001,0.0002,0.0006
SSP2-4.5,baseline,1b,2052,0.312,1.0589,0.0115,0.0217,0.0517,0.0001,0.0003,0.0006
SSP2-4.5,baseline,1b,2053,0.318,1.112,0.0121,0.0228,0.0543,0.0002,0.0003,0.0007
SSP2-4.5,baseline,1b,2054,0.324,1.1678,0.0127,0.0239,0.057,0.0002,0.0003,0.0007
SSP2-4.5,baseline,1b,2055,0.33,1.2262,0.0133,0.0251,0.0599,0.0002,0.0003,0.0008
SSP2-4.5,baseline,1b,2056,0.336,1.2875,0.014,0.0264,0.0629,0.0002,0.0004,0.0009
SSP2-4.5,baseline,1b,2057,0.342,1.3518,0.0147,0.0277,0.066,0.0002,0.0004,0.0009
SSP2-4.5,baseline,1b,2058,0.348,1.4193,0.0154,0.0291,0.0693,0.0002,0.0004,0.001
SSP2-4.5,baseline,1b,2059,0.354,1.49,0.0162,0.0305,0.0728,0.0002,0.0004,0.0011
SSP2-4.5,baseline,1b,2060,0.36,1.5642,0.017,0.032,0.0764,0.0003,0.0005,0.0011
SSP2-4.5,baseline,1b,2061,0.366,1.642,0.0178,0.0336,0.0802,0.0003,0.0005,0.0012
SSP2-4.5,baseline,1b,2062,0.372,1.7236,0.0187,0.0353,0.0842,0.0003,0.0005,0.0013
SSP2-4.5,baseline,1b,2063,0.378,1.8092,0.0197,0.037,0.0883,0.0003,0.0006,0.0014
SSP2-4.5,baseline,1b,2064,0.384,1.8989,0.0206,0.0389,0.0927,0.0003,0.0006,0.0015
SSP2-4.5,baseline,1b,2065,0.39,1.993,0.0217,0.0408,0.0973,0.0004,0.0007,0.0016
SSP2-4.5,baseline,1b,2066,0.396,2.0916,0.0227,0.0428,0.1021,0.0004,0.0007,0.0017
SSP2-4.5,baseline,1b,2067,0.402,2.195,0.0239,0.0449,0.1072,0.0004,0.0008,0.0018
SSP2-4.5,baseline,1b,2068,0.408,2.3035,0.025,0.0472,0.1125,0.0004,0.0008,0.0019
SSP2-4.5,baseline,1b,2069,0.414,2.4171,0.0263,0.0495,0.118,0.0005,0.0008,0.002
SSP2-4.5,baseline,1b,2070,0.42,2.5363,0.0276,0.0519,0.1238,0.0005,0.0009,0.0021
SSP2-4.5,baseline,1b,2071,0.426,2.6613,0.0289,0.0545,0.1299,0.0005,0.001,0.0023
SSP2-4.5,baseline,1b,2072,0.432,2.7923,0.0303,0.0572,0.1363,0.0005,0.001,0.0024
SSP2-4.5,baseline,1b,2073,0.438,2.9296,0.0318,0.06,0.143,0.0006,0.0011,0.0026
SSP2-4.5,baseline,1b,2074,0.444,3.0735,0.0334,0.0629,0.1501,0.0006,0.0011,0.0027
SSP2-4.5,baseline,1b,2075,0.45,3.2244,0.035,0.066,0.1574,0.0006,0.0012,0.0029
SSP2-4.5,baseline,1b,2076,0.456,3.3826,0.0368,0.0693,0.1652,0.0007,0.0013,0.003
SSP2-4.5,baseline,1b,2077,0.462,3.5483,0.0386,0.0727,0.1732,0.0007,0.0013,0.0032
SSP2-4.5,baseline,1b,2078,0.468,3.7221,0.0404,0.0762,0.1817,0.0008,0.0014,0.0034
SSP2-4.5,baseline,1b,2079,0.474,3.9042,0.0424,0.0799,0.1906,0.0008,0.0015,0.0036
SSP2-4.5,baseline,1b,2080,0.48,4.0951,0.0445,0.0838,0.1999,0.0008,0.0016,0.0038
SSP2-4.5,baseline,1b,2081,0.486,4.2951,0.0467,0.0879,0.2097,0.0009,0.0017,0.004
SSP2-4.5,baseline,1b,2082,0.492,4.5047,0.049,0.0922,0.2199,0.0009,0.0018,0.0042
SSP2-4.5,baseline,1b,2083,0.498,4.7244,0.0513,0.0967,0.2307,0.001,0.0019,0.0044
SSP2-4.5,baseline,1b,2084,0.504,4.9547,0.0538,0.1014,0.2419,0.001,0.002,0.0047
SSP2-4.5,baseline,1b,2085,0.51,5.196,0.0565,0.1064,0.2537,0.0011,0.0021,0.0049
SSP2-4.5,baseline,1b,2086,0.516,5.4488,0.0592,0.1116,0.266,0.0012,0.0022,0.0052
SSP2-4.5,baseline,1b,2087,0.522,5.7137,0.0621,0.117,0.279,0.0012,0.0023,0.0055
SSP2-4.5,baseline,1b,2088,0.528,5.9913,0.0651,0.1227,0.2925,0.0013,0.0024,0.0058
SSP2-4.5,baseline,1b,2089,0.534,6.2822,0.0683,0.1286,0.3067,0.0014,0.0025,0.0061
SSP2-4.5,baseline,1b,2090,0.54,6.587,0.0716,0.1349,0.3216,0.0014,0.0027,0.0064
SSP2-4.5,baseline,1b,2091,0.546,6.9063,0.0751,0.1414,0.3372,0.0015,0.0028,0.0067
SSP2-4.5,baseline,1b,2092,0.552,7.2409,0.0787,0.1483,0.3535,0.0016,0.003,0.0071
SSP2-4.5,baseline,1b,2093,0.558,7.5914,0.0825,0.1554,0.3707,0.0017,0.0031,0.0075
SSP2-4.5,baseline,1b,2094,0.564,7.9587,0.0865,0.163,0.3886,0.0017,0.0033,0.0078
SSP2-4.5,baseline,1b,2095,0.57,8.3435,0.0907,0.1708,0.4074,0.0018,0.0035,0.0083
SSP2-4.5,baseline,1b,2096,0.576,8.7465,0.0951,0.1791,0.427,0.0019,0.0036,0.0087
SSP2-4.5,baseline,1b,2097,0.582,9.1688,0.0996,0.1877,0.4477,0.002,0.0038,0.0091
SSP2-4.5,baseline,1b,2098,0.588,9.6112,0.1044,0.1968,0.4693,0.0021,0.004,0.0096
SSP2-4.5,baseline,1b,2099,0.594,10.0746,0.1095,0.2063,0.4919,0.0022,0.0042,0.0101
SSP2-4.5,baseline,1b,2100,0.6,10.56,0.1148,0.2162,0.5156,0.0024,0.0044,0.0106
SSP2-4.5,baseline,2,2025,0.05,0.1296,0.0014,0.0027,0.0063,0.0,0.0,0.0
SSP2-4.5,baseline,2,2026,0.06,0.1415,0.0015,0.0029,0.0069,0.0,0.0,0.0
SSP2-4.5,baseline,2,2027,0.07,0.1543,0.0017,0.0032,0.0075,0.0,0.0,0.0
SSP2-4.5,baseline,2,2028,0.08,0.1683,0.0018,0.0034,0.0082,0.0,0.0,0.0
SSP2-4.5,baseline,2,2029,0.09,0.1835,0.002,0.0038,0.009,0.0,0.0,0.0
SSP2-4.5,baseline,2,2030,0.1,0.2,0.0022,0.0041,0.0098,0.0,0.0,0.0
SSP2-4.5,baseline,2,2031,0.11,0.2179,0.0024,0.0045,0.0106,0.0,0.0,0.0001
SSP2-4.5,baseline,2,2032,0.12,0.2374,0.0026,0.0049,0.0116,0.0,0.0,0.0001
SSP2-4.5,baseline,2,2033,0.13,0.2585,0.0028,0.0053,0.0126,0.0,0.0,0.0001
SSP2-4.5,baseline,2,2034,0.14,0.2815,0.0031,0.0058,0.0137,0.0,0.0,0.0001
SSP2-4.5,baseline,2,2035,0.15,0.3064,0.0033,0.0063,0.015,0.0,0.0,0.0001
SSP2-4.5,baseline,2,2036,0.16,0.3335,0.0036,0.0068,0.0163,0.0,0.0001,0.0001
SSP2-4.5,baseline,2,2037,0.17,0.3628,0.0039,0.0074,0.0177,0.0,0.0001,0.0001
SSP2-4.5,baseline,2,2038,0.18,0.3946,0.0043,0.0081,0.0193,0.0,0.0001,0.0002
SSP2-4.5,baseline,2,2039,0.19,0.4292,0.0047,0.0088,0.021,0.0,0.0001,0.0002
SSP2-4.5,baseline,2,2040,0.2,0.4667,0.0051,0.0096,0.0228,0.0,0.0001,0.0002
SSP2-4.5,baseline,2,2041,0.21,0.5073,0.0055,0.0104,0.0248,0.0001,0.0001,0.0002
SSP2-4.5,baseline,2,2042,0.22,0.5514,0.006,0.0113,0.0269,0.0001,0.0001,0.0003
SSP2-4.5,baseline,2,2043,0.23,0.5992,0.0065,0.0123,0.0293,0.0001,0.0001,0.0003
SSP2-4.5,baseline,2,2044,0.24,0.651,0.0071,0.0133,0.0318,0.0001,0.0001,0.0003
SSP2-4.5,baseline,2,2045,0.25,0.7071,0.0077,0.0145,0.0345,0.0001,0.0001,0.0004
SSP2-4.5,baseline,2,2046,0.26,0.768,0.0083,0.0157,0.0375,0.0001,0.0002,0.0004
SSP2-4.5,baseline,2,2047,0.27,0.8339,0.0091,0.0171,0.0407,0.0001,0.0002,0.0004
SSP2-4.5,baseline,2,2048,0.28,0.9054,0.0098,0.0185,0.0442,0.0001,0.0002,0.0005
SSP2-4.5,baseline,2,2049,0.29,0.9828,0.0107,0.0201,0.048,0.0001,0.0002,0.0005
SSP2-4.5,baseline,2,2050,0.3,1.0667,0.0116,0.0218,0.0521,0.0001,0.0002,0.0006
SSP2-4.5,baseline,2,2051,0.306,1.1203,0.0122,0.0229,0.0547,0.0001,0.0003,0.0006
SSP2-4.5,baseline,2,2052,0.312,1.1766,0.0128,0.0241,0.0574,0.0002,0.0003,0.0007
SSP2-4.5,baseline,2,2053,0.318,1.2356,0.0134,0.0253,0.0603,0.0002,0.0003,0.0008
SSP2-4.5,baseline,2,2054,0.324,1.2975,0.0141,0.0266,0.0634,0.0002,0.0003,0.0008
SSP2-4.5,baseline,2,2055,0.33,1.3625,0.0148,0.0279,0.0665,0.0002,0.0004,0.0009
SSP2-4.5,baseline,2,2056,0.336,1.4306,0.0155,0.0293,0.0698,0.0002,0.0004,0.001
SSP2-4.5,baseline,2,2057,0.342,1.502,0.0163,0.0308,0.0733,0.0002,0.0004,0.001
SSP2-4.5,baseline,2,2058,0.348,1.577,0.0171,0.0323,0.077,0.0002,0.0005,0.0011
SSP2-4.5,baseline,2,2059,0.354,1.6556,0.018,0.0339,0.0808,0.0003,0.0005,0.0012
SSP2-4.5,baseline,2,2060,0.36,1.738,0.0189,0.0356,0.0849,0.0003,0.0005,0.0013
SSP2-4.5,baseline,2,2061,0.366,1.8245,0.0198,0.0374,0.0891,0.0003,0.0006,0.0014
SSP2-4.5,baseline,2,2062,0.372,1.9151,0.0208,0.0392,0.0935,0.0003,0.0006,0.0014
SSP2-4.5,baseline,2,2063,0.378,2.0102,0.0218,0.0412,0.0981,0.0003,0.0006,0.0015
SSP2-4.5,baseline,2,2064,0.384,2.1099,0.0229,0.0432,0.103,0.0004,0.0007,0.0016
SSP2-4.5,baseline,2,2065,0.39,2.2144,0.0241,0.0453,0.1081,0.0004,0.0007,0.0018
SSP2-4.5,baseline,2,2066,0.396,2.324,0.0253,0.0476,0.1135,0.0004,0.0008,0.0019
SSP2-4.5,baseline,2,2067,0.402,2.4389,0.0265,0.0499,0.1191,0.0004,0.0008,0.002
SSP2-4.5,baseline,2,2068,0.408,2.5594,0.0278,0.0524,0.125,0.0005,0.0009,0.0021
SSP2-4.5,baseline,2,2069,0.414,2.6857,0.0292,0.055,0.1311,0.0005,0.0009,0.0022
SSP2-4.5,baseline,2,2070,0.42,2.8181,0.0306,0.0577,0.1376,0.0005,0.001,0.0024
SSP2-4.5,baseline,2,2071,0.426,2.957,0.0321,0.0605,0.1444,0.0006,0.0011,0.0025
SSP2-4.5,baseline,2,2072,0.432,3.1025,0.0337,0.0635,0.1515,0.0006,0.0011,0.0027
SSP2-4.5,baseline,2,2073,0.438,3.2551,0.0354,0.0666,0.1589,0.0006,0.0012,0.0028
SSP2-4.5,baseline,2,2074,0.444,3.415,0.0371,0.0699,0.1667,0.0007,0.0013,0.003
SSP2-4.5,baseline,2,2075,0.45,3.5827,0.0389,0.0734,0.1749,0.0007,0.0013,0.0032
SSP2-4.5,baseline,2,2076,0.456,3.7584,0.0408,0.077,0.1835,0.0007,0.0014,0.0034
SSP2-4.5,baseline,2,2077,0.462,3.9426,0.0428,0.0807,0.1925,0.0008,0.0015,0.0036
SSP2-4.5,baseline,2,2078,0.468,4.1357,0.0449,0.0847,0.2019,0.0008,0.0016,0.0038
SSP2-4.5,baseline,2,2079,0.474,4.338,0.0471,0.0888,0.2118,0.0009,0.0017,0.004
SSP2-4.5,baseline,2,2080,0.48,4.5501,0.0494,0.0932,0.2222,0.0009,0.0018,0.0042
SSP2-4.5,baseline,2,2081,0.486,4.7723,0.0519,0.0977,0.233,0.001,0.0019,0.0044
SSP2-4.5,baseline,2,2082,0.492,5.0053,0.0544,0.1025,0.2444,0.001,0.002,0.0047
SSP2-4.5,baseline,2,2083,0.498,5.2494,0.057,0.1075,0.2563,0.0011,0.0021,0.0049
SSP2-4.5,baseline,2,2084,0.504,5.5052,0.0598,0.1127,0.2688,0.0012,0.0022,0.0052
SSP2-4.5,baseline,2,2085,0.51,5.7733,0.0627,0.1182,0.2819,0.0012,0.0023,0.0055
SSP2-4.5,baseline,2,2086,0.516,6.0542,0.0658,0.124,0.2956,0.0013,0.0024,0.0058
SSP2-4.5,baseline,2,2087,0.522,6.3486,0.069,0.13,0.31,0.0014,0.0026,0.0061
SSP2-4.5,baseline,2,2088,0.528,6.657,0.0723,0.1363,0.325,0.0014,0.0027,0.0064
SSP2-4.5,baseline,2,2089,0.534,6.9802,0.0759,0.1429,0.3408,0.0015,0.0028,0.0067
SSP2-4.5,baseline,2,2090,0.54,7.3189,0.0795,0.1499,0.3573,0.0016,0.003,0.0071
SSP2-4.5,baseline,2,2091,0.546,7.6737,0.0834,0.1571,0.3747,0.0017,0.0031,0.0075
SSP2-4.5,baseline,2,2092,0.552,8.0454,0.0874,0.1647,0.3928,0.0018,0.0033,0.0079
SSP2-4.5,baseline,2,2093,0.558,8.4349,0.0917,0.1727,0.4118,0.0018,0.0035,0.0083
SSP2-4.5,baseline,2,2094,0.564,8.843,0.0961,0.1811,0.4318,0.0019,0.0037,0.0087
SSP2-4.5,baseline,2,2095,0.57,9.2705,0.1007,0.1898,0.4526,0.002,0.0038,0.0092
SSP2-4.5,baseline,2,2096,0.576,9.7184,0.1056,0.199,0.4745,0.0021,0.004,0.0096
SSP2-4.5,baseline,2,2097,0.582,10.1876,0.1107,0.2086,0.4974,0.0023,0.0043,0.0101
SSP2-4.5,baseline,2,2098,0.588,10.6791,0.1161,0.2187,0.5214,0.0024,0.0045,0.0107
SSP2-4.5,baseline,2,2099,0.594,11.194,0.1217,0.2292,0.5465,0.0025,0.0047,0.0112
SSP2-4.5,baseline,2,2100,0.6,11.7333,0.1275,0.2402,0.5729,0.0026,0.0049,0.0118
SSP2-4.5,baseline,3,2025,0.05,0.1167,0.0013,0.0024,0.0057,0.0,0.0,0.0
SSP2-4.5,baseline,3,2026,0.06,0.1273,0.0014,0.0026,0.0062,0.0,0.0,0.0
SSP2-4.5,baseline,3,2027,0.07,0.1389,0.0015,0.0028,0.0068,0.0,0.0,0.0
SSP2-4.5,baseline,3,2028,0.08,0.1515,0.0016,0.0031,0.0074,0.0,0.0,0.0
SSP2-4.5,baseline,3,2029,0.09,0.1651,0.0018,0.0034,0.0081,0.0,0.0,0.0
SSP2-4.5,baseline,3,2030,0.1,0.18,0.002,0.0037,0.0088,0.0,0.0,0.0
SSP2-4.5,baseline,3,2031,0.11,0.1961,0.0021,0.004,0.0096,0.0,0.0,0.0001
SSP2-4.5,baseline,3,2032,0.12,0.2137,0.0023,0.0044,0.0104,0.0,0.0,0.0001
SSP2-4.5,baseline,3,2033,0.13,0.2327,0.0025,0.0048,0.0114,0.0,0.0,0.0001
SSP2-4.5,baseline,3,2034,0.14,0.2533,0.0028,0.0052,0.0124,0.0,0.0,0.0001
SSP2-4.5,baseline,3,2035,0.15,0.2758,0.003,0.0056,0.0135,0.0,0.0,0.0001
SSP2-4.5,baseline,3,2036,0.16,0.3001,0.0033,0.0061,0.0147,0.0,0.0,0.0001
SSP2-4.5,baseline,3,2037,0.17,0.3265,0.0035,0.0067,0.0159,0.0,0.0001,0.0001
SSP2-4.5,baseline,3,2038,0.18,0.3552,0.0039,0.0073,0.0173,0.0,0.0001,0.0001
SSP2-4.5,baseline,3,2039,0.19,0.3863,0.0042,0.0079,0.0189,0.0,0.0001,0.0002
SSP2-4.5,baseline,3,2040,0.2,0.42,0.0046,0.0086,0.0205,0.0,0.0001,0.0002
SSP2-4.5,baseline,3,2041,0.21,0.4566,0.005,0.0093,0.0223,0.0,0.0001,0.0002
SSP2-4.5,baseline,3,2042,0.22,0.4962,0.0054,0.0102,0.0242,0.0001,0.0001,0.0002
SSP2-4.5,baseline,3,2043,0.23,0.5392,0.0059,0.011,0.0263,0.0001,0.0001,0.0003
SSP2-4.5,baseline,3,2044,0.24,0.5859,0.0064,0.012,0.0286,0.0001,0.0001,0.0003
SSP2-4.5,baseline,3,2045,0.25,0.6364,0.0069,0.013,0.0311,0.0001,0.0001,0.0003
SSP2-4.5,baseline,3,2046,0.26,0.6912,0.0075,0.0142,0.0337,0.0001,0.0001,0.0004
SSP2-4.5,baseline,3,2047,0.27,0.7505,0.0082,0.0154,0.0366,0.0001,0.0002,0.0004
SSP2-4.5,baseline,3,2048,0.28,0.8148,0.0089,0.0167,0.0398,0.0001,0.0002,0.0004
SSP2-4.5,baseline,3,2049,0.29,0.8845,0.0096,0.0181,0.0432,0.0001,0.0002,0.0005
SSP2-4.5,baseline,3,2050,0.3,0.96,0.0104,0.0197,0.0469,0.0001,0.0002,0.0005
SSP2-4.5,baseline,3,2051,0.306,1.0083,0.011,0.0206,0.0492,0.0001,0.0002,0.0006
SSP2-4.5,baseline,3,2052,0.312,1.0589,0.0115,0.0217,0.0517,0.0001,0.0003,0.0006
SSP2-4.5,baseline,3,2053,0.318,1.112,0.0121,0.0228,0.0543,0.0002,0.0003,0.0007
SSP2-4.5,baseline,3,2054,0.324,1.1678,0.0127,0.0239,0.057,0.0002,0.0003,0.0007
SSP2-4.5,baseline,3,2055,0.33,1.2262,0.0133,0.0251,0.0599,0.0002,0.0003,0.0008
SSP2-4.5,baseline,3,2056,0.336,1.2875,0.014,0.0264,0.0629,0.0002,0.0004,0.0009
SSP2-4.5,baseline,3,2057,0.342,1.3518,0.0147,0.0277,0.066,0.0002,0.0004,0.0009
SSP2-4.5,baseline,3,2058,0.348,1.4193,0.0154,0.0291,0.0693,0.0002,0.0004,0.001
SSP2-4.5,baseline,3,2059,0.354,1.49,0.0162,0.0305,0.0728,0.0002,0.0004,0.0011
SSP2-4.5,baseline,3,2060,0.36,1.5642,0.017,0.032,0.0764,0.0003,0.0005,0.0011
SSP2-4.5,baseline,3,2061,0.366,1.642,0.0178,0.0336,0.0802,0.0003,0.0005,0.0012
SSP2-4.5,baseline,3,2062,0.372,1.7236,0.0187,0.0353,0.0842,0.0003,0.0005,0.0013
SSP2-4.5,baseline,3,2063,0.378,1.8092,0.0197,0.037,0.0883,0.0003,0.0006,0.0014
SSP2-4.5,baseline,3,2064,0.384,1.8989,0.0206,0.0389,0.0927,0.0003,0.0006,0.0015
SSP2-4.5,baseline,3,2065,0.39,1.993,0.0217,0.0408,0.0973,0.0004,0.0007,0.0016
SSP2-4.5,baseline,3,2066,0.396,2.0916,0.0227,0.0428,0.1021,0.0004,0.0007,0.0017
SSP2-4.5,baseline,3,2067,0.402,2.195,0.0239,0.0449,0.1072,0.0004,0.0008,0.0018
SSP2-4.5,baseline,3,2068,0.408,2.3035,0.025,0.0472,0.1125,0.0004,0.0008,0.0019
SSP2-4.5,baseline,3,2069,0.414,2.4171,0.0263,0.0495,0.118,0.0005,0.0008,0.002
SSP2-4.5,baseline,3,2070,0.42,2.5363,0.0276,0.0519,0.1238,0.0005,0.0009,0.0021
SSP2-4.5,baseline,3,2071,0.426,2.6613,0.0289,0.0545,0.1299,0.0005,0.001,0.0023
SSP2-4.5,baseline,3,2072,0.432,2.7923,0.0303,0.0572,0.1363,0.0005,0.001,0.0024
SSP2-4.5,baseline,3,2073,0.438,2.9296,0.0318,0.06,0.143,0.0006,0.0011,0.0026
SSP2-4.5,baseline,3,2074,0.444,3.0735,0.0334,0.0629,0.1501,0.0006,0.0011,0.0027
SSP2-4.5,baseline,3,2075,0.45,3.2244,0.035,0.066,0.1574,0.0006,0.0012,0.0029
SSP2-4.5,baseline,3,2076,0.456,3.3826,0.0368,0.0693,0.1652,0.0007,0.0013,0.003
SSP2-4.5,baseline,3,2077,0.462,3.5483,0.0386,0.0727,0.1732,0.0007,0.0013,0.0032
SSP2-4.5,baseline,3,2078,0.468,3.7221,0.0404,0.0762,0.1817,0.0008,0.0014,0.0034
SSP2-4.5,baseline,3,2079,0.474,3.9042,0.0424,0.0799,0.1906,0.0008,0.0015,0.0036
SSP2-4.5,baseline,3,2080,0.48,4.0951,0.0445,0.0838,0.1999,0.0008,0.0016,0.0038
SSP2-4.5,baseline,3,2081,0.486,4.2951,0.0467,0.0879,0.2097,0.0009,0.0017,0.004
SSP2-4.5,baseline,3,2082,0.492,4.5047,0.049,0.0922,0.2199,0.0009,0.0018,0.0042
SSP2-4.5,baseline,3,2083,0.498,4.7244,0.0513,0.0967,0.2307,0.001,0.0019,0.0044
SSP2-4.5,baseline,3,2084,0.504,4.9547,0.0538,0.1014,0.2419,0.001,0.002,0.0047
SSP2-4.5,baseline,3,2085,0.51,5.196,0.0565,0.1064,0.2537,0.0011,0.0021,0.0049
SSP2-4.5,baseline,3,2086,0.516,5.4488,0.0592,0.1116,0.266,0.0012,0.0022,0.0052
SSP2-4.5,baseline,3,2087,0.522,5.7137,0.0621,0.117,0.279,0.0012,0.0023,0.0055
SSP2-4.5,baseline,3,2088,0.528,5.9913,0.0651,0.1227,0.2925,0.0013,0.0024,0.0058
SSP2-4.5,baseline,3,2089,0.534,6.2822,0.0683,0.1286,0.3067,0.0014,0.0025,0.0061
SSP2-4.5,baseline,3,2090,0.54,6.587,0.0716,0.1349,0.3216,0.0014,0.0027,0.0064
SSP2-4.5,baseline,3,2091,0.546,6.9063,0.0751,0.1414,0.3372,0.0015,0.0028,0.0067
SSP2-4.5,baseline,3,2092,0.552,7.2409,0.0787,0.1483,0.3535,0.0016,0.003,0.0071
SSP2-4.5,baseline,3,2093,0.558,7.5914,0.0825,0.1554,0.3707,0.0017,0.0031,0.0075
SSP2-4.5,baseline,3,2094,0.564,7.9587,0.0865,0.163,0.3886,0.0017,0.0033,0.0078
SSP2-4.5,baseline,3,2095,0.57,8.3435,0.0907,0.1708,0.4074,0.0018,0.0035,0.0083
SSP2-4.5,baseline,3,2096,0.576,8.7465,0.0951,0.1791,0.427,0.0019,0.0036,0.0087
SSP2-4.5,baseline,3,2097,0.582,9.1688,0.0996,0.1877,0.4477,0.002,0.0038,0.0091
SSP2-4.5,baseline,3,2098,0.588,9.6112,0.1044,0.1968,0.4693,0.0021,0.004,0.0096
SSP2-4.5,baseline,3,2099,0.594,10.0746,0.1095,0.2063,0.4919,0.0022,0.0042,0.0101
SSP2-4.5,baseline,3,2100,0.6,10.56,0.1148,0.2162,0.5156,0.0024,0.0044,0.0106
SSP2-4.5,+geoid,1a,2025,0.2,0.42,0.0046,0.0086,0.0205,0.0,0.0,0.0
SSP2-4.5,+geoid,1a,2026,0.21,0.4566,0.005,0.0093,0.0223,0.0,0.0,0.0
SSP2-4.5,+geoid,1a,2027,0.22,0.4962,0.0054,0.0102,0.0242,0.0,0.0,0.0001
SSP2-4.5,+geoid,1a,2028,0.23,0.5392,0.0059,0.011,0.0263,0.0,0.0,0.0001
SSP2-4.5,+geoid,1a,2029,0.24,0.5859,0.0064,0.012,0.0286,0.0,0.0001,0.0001
SSP2-4.5,+geoid,1a,2030,0.25,0.6364,0.0069,0.013,0.0311,0.0,0.0001,0.0002
SSP2-4.5,+geoid,1a,2031,0.26,0.6912,0.0075,0.0142,0.0337,0.0,0.0001,0.0002
SSP2-4.5,+geoid,1a,2032,0.27,0.7505,0.0082,0.0154,0.0366,0.0,0.0001,0.0002
SSP2-4.5,+geoid,1a,2033,0.28,0.8148,0.0089,0.0167,0.0398,0.0001,0.0001,0.0003
SSP2-4.5,+geoid,1a,2034,0.29,0.8845,0.0096,0.0181,0.0432,0.0001,0.0001,0.0003
SSP2-4.5,+geoid,1a,2035,0.3,0.96,0.0104,0.0197,0.0469,0.0001,0.0001,0.0004
SSP2-4.5,+geoid,1a,2036,0.31,1.0418,0.0113,0.0213,0.0509,0.0001,0.0002,0.0004
SSP2-4.5,+geoid,1a,2037,0.32,1.1303,0.0123,0.0231,0.0552,0.0001,0.0002,0.0005
SSP2-4.5,+geoid,1a,2038,0.33,1.2262,0.0133,0.0251,0.0599,0.0001,0.0002,0.0005
SSP2-4.5,+geoid,1a,2039,0.34,1.3301,0.0145,0.0272,0.0649,0.0001,0.0002,0.0006
SSP2-4.5,+geoid,1a,2040,0.35,1.4425,0.0157,0.0295,0.0704,0.0001,0.0003,0.0007
SSP2-4.5,+geoid,1a,2041,0.36,1.5642,0.017,0.032,0.0764,0.0002,0.0003,0.0007
SSP2-4.5,+geoid,1a,2042,0.37,1.696,0.0184,0.0347,0.0828,0.0002,0.0003,0.0008
SSP2-4.5,+geoid,1a,2043,0.38,1.8386,0.02,0.0376,0.0898,0.0002,0.0004,0.0009
SSP2-4.5,+geoid,1a,2044,0.39,1.993,0.0217,0.0408,0.0973,0.0002,0.0004,0.001
SSP2-4.5,+geoid,1a,2045,0.4,2.16,0.0235,0.0442,0.1055,0.0002,0.0005,0.0011
SSP2-4.5,+geoid,1a,2046,0.41,2.3408,0.0254,0.0479,0.1143,0.0003,0.0005,0.0012
SSP2-4.5,+geoid,1a,2047,0.42,2.5363,0.0276,0.0519,0.1238,0.0003,0.0006,0.0013
SSP2-4.5,+geoid,1a,2048,0.43,2.7479,0.0299,0.0563,0.1342,0.0003,0.0006,0.0015
SSP2-4.5,+geoid,1a,2049,0.44,2.9768,0.0324,0.061,0.1453,0.0004,0.0007,0.0016
SSP2-4.5,+geoid,1a,2050,0.45,3.2244,0.035,0.066,0.1574,0.0004,0.0007,0.0018
SSP2-4.5,+geoid,1a,2051,0.456,3.3826,0.0368,0.0693,0.1652,0.0004,0.0008,0.0019
SSP2-4.5,+geoid,1a,2052,0.462,3.5483,0.0386,0.0727,0.1732,0.0005,0.0009,0.0021
SSP2-4.5,+geoid,1a,2053,0.468,3.7221,0.0404,0.0762,0.1817,0.0005,0.001,0.0023
SSP2-4.5,+geoid,1a,2054,0.474,3.9042,0.0424,0.0799,0.1906,0.0006,0.001,0.0025
SSP2-4.5,+geoid,1a,2055,0.48,4.0951,0.0445,0.0838,0.1999,0.0006,0.0011,0.0027
SSP2-4.5,+geoid,1a,2056,0.486,4.2951,0.0467,0.0879,0.2097,0.0006,0.0012,0.0029
SSP2-4.5,+geoid,1a,2057,0.492,4.5047,0.049,0.0922,0.2199,0.0007,0.0013,0.0031
SSP2-4.5,+geoid,1a,2058,0.498,4.7244,0.0513,0.0967,0.2307,0.0007,0.0014,0.0034
SSP2-4.5,+geoid,1a,2059,0.504,4.9547,0.0538,0.1014,0.2419,0.0008,0.0015,0.0036
SSP2-4.5,+geoid,1a,2060,0.51,5.196,0.0565,0.1064,0.2537,0.0009,0.0016,0.0038
SSP2-4.5,+geoid,1a,2061,0.516,5.4488,0.0592,0.1116,0.266,0.0009,0.0017,0.0041
SSP2-4.5,+geoid,1a,2062,0.522,5.7137,0.0621,0.117,0.279,0.001,0.0018,0.0044
SSP2-4.5,+geoid,1a,2063,0.528,5.9913,0.0651,0.1227,0.2925,0.001,0.002,0.0047
SSP2-4.5,+geoid,1a,2064,0.534,6.2822,0.0683,0.1286,0.3067,0.0011,0.0021,0.005
SSP2-4.5,+geoid,1a,2065,0.54,6.587,0.0716,0.1349,0.3216,0.0012,0.0022,0.0053
SSP2-4.5,+geoid,1a,2066,0.546,6.9063,0.0751,0.1414,0.3372,0.0013,0.0024,0.0057
SSP2-4.5,+geoid,1a,2067,0.552,7.2409,0.0787,0.1483,0.3535,0.0013,0.0025,0.006
SSP2-4.5,+geoid,1a,2068,0.558,7.5914,0.0825,0.1554,0.3707,0.0014,0.0027,0.0064
SSP2-4.5,+geoid,1a,2069,0.564,7.9587,0.0865,0.163,0.3886,0.0015,0.0028,0.0068
SSP2-4.5,+geoid,1a,2070,0.57,8.3435,0.0907,0.1708,0.4074,0.0016,0.003,0.0072
SSP2-4.5,+geoid,1a,2071,0.576,8.7465,0.0951,0.1791,0.427,0.0017,0.0032,0.0076
SSP2-4.5,+geoid,1a,2072,0.582,9.1688,0.0996,0.1877,0.4477,0.0018,0.0034,0.008
SSP2-4.5,+geoid,1a,2073,0.588,9.6112,0.1044,0.1968,0.4693,0.0019,0.0036,0.0085
SSP2-4.5,+geoid,1a,2074,0.594,10.0746,0.1095,0.2063,0.4919,0.002,0.0038,0.009
SSP2-4.5,+geoid,1a,2075,0.6,10.56,0.1148,0.2162,0.5156,0.0021,0.004,0.0095
SSP2-4.5,+geoid,1a,2076,0.606,11.0685,0.1203,0.2266,0.5404,0.0022,0.0042,0.0101
SSP2-4.5,+geoid,1a,2077,0.612,11.6011,0.1261,0.2375,0.5664,0.0024,0.0045,0.0106
SSP2-4.5,+geoid,1a,2078,0.618,12.159,0.1321,0.249,0.5937,0.0025,0.0047,0.0112
SSP2-4.5,+geoid,1a,2079,0.624,12.7434,0.1385,0.2609,0.6222,0.0026,0.005,0.0118
SSP2-4.5,+geoid,1a,2080,0.63,13.3555,0.1451,0.2735,0.6521,0.0028,0.0052,0.0125
SSP2-4.5,+geoid,1a,2081,0.636,13.9965,0.1521,0.2866,0.6834,0.0029,0.0055,0.0132
SSP2-4.5,+geoid,1a,2082,0.642,14.668,0.1594,0.3003,0.7162,0.0031,0.0058,0.0139
SSP2-4.5,+geoid,1a,2083,0.648,15.3712,0.167,0.3147,0.7505,0.0033,0.0061,0.0146
SSP2-4.5,+geoid,1a,2084,0.654,16.1077,0.1751,0.3298,0.7865,0.0034,0.0065,0.0154
SSP2-4.5,+geoid,1a,2085,0.66,16.879,0.1834,0.3456,0.8241,0.0036,0.0068,0.0163
SSP2-4.5,+geoid,1a,2086,0.666,17.6868,0.1922,0.3621,0.8636,0.0038,0.0072,0.0171
SSP2-4.5,+geoid,1a,2087,0.672,18.5328,0.2014,0.3795,0.9049,0.004,0.0076,0.018
SSP2-4.5,+geoid,1a,2088,0.678,19.4187,0.211,0.3976,0.9481,0.0042,0.008,0.019
SSP2-4.5,+geoid,1a,2089,0.684,20.3464,0.2211,0.4166,0.9934,0.0044,0.0084,0.02
SSP2-4.5,+geoid,1a,2090,0.69,21.3179,0.2317,0.4365,1.0408,0.0047,0.0088,0.021
SSP2-4.5,+geoid,1a,2091,0.696,22.3353,0.2427,0.4573,1.0905,0.0049,0.0093,0.0221
SSP2-4.5,+geoid,1a,2092,0.702,23.4006,0.2543,0.4791,1.1425,0.0052,0.0097,0.0232
SSP2-4.5,+geoid,1a,2093,0.708,24.5161,0.2664,0.502,1.197,0.0054,0.0102,0.0244
SSP2-4.5,+geoid,1a,2094,0.714,25.6841,0.2791,0.5259,1.254,0.0057,0.0108,0.0257
SSP2-4.5,+geoid,1a,2095,0.72,26.9071,0.2924,0.5509,1.3137,0.006,0.0113,0.027
SSP2-4.5,+geoid,1a,2096,0.726,28.1877,0.3063,0.5771,1.3763,0.0063,0.0119,0.0284
SSP2-4.5,+geoid,1a,2097,0.732,29.5285,0.3209,0.6046,1.4417,0.0066,0.0125,0.0298
SSP2-4.5,+geoid,1a,2098,0.738,30.9324,0.3362,0.6333,1.5103,0.007,0.0131,0.0313
SSP2-4.5,+geoid,1a,2099,0.744,32.4022,0.3521,0.6634,1.582,0.0073,0.0138,0.0329
SSP2-4.5,+geoid,1a,2100,0.75,33.9411,0.3689,0.6949,1.6572,0.0077,0.0145,0.0346
SSP2-4.5,+geoid,1b,2025,0.2,0.42,0.0046,0.0086,0.0205,0.0,0.0,0.0
SSP2-4.5,+geoid,1b,2026,0.21,0.4566,0.005,0.0093,0.0223,0.0,0.0,0.0
SSP2-4.5,+geoid,1b,2027,0.22,0.4962,0.0054,0.0102,0.0242,0.0,0.0,0.0001
SSP2-4.5,+geoid,1b,2028,0.23,0.5392,0.0059,0.011,0.0263,0.0,0.0,0.0001
SSP2-4.5,+geoid,1b,2029,0.24,0.5859,0.0064,0.012,0.0286,0.0,0.0001,0.0001
SSP2-4.5,+geoid,1b,2030,0.25,0.6364,0.0069,0.013,0.0311,0.0,0.0001,0.0002
SSP2-4.5,+geoid,1b,2031,0.26,0.6912,0.0075,0.0142,0.0337,0.0,0.0001,0.0002
SSP2-4.5,+geoid,1b,2032,0.27,0.7505,0.0082,0.0154,0.0366,0.0,0.0001,0.0002
SSP2-4.5,+geoid,1b,2033,0.28,0.8148,0.0089,0.0167,0.0398,0.0001,0.0001,0.0003
SSP2-4.5,+geoid,1b,2034,0.29,0.8845,0.0096,0.0181,0.0432,0.0001,0.0001,0.0003
SSP2-4.5,+geoid,1b,2035,0.3,0.96,0.0104,0.0197,0.0469,0.0001,0.0001,0.0004
SSP2-4.5,+geoid,1b,2036,0.31,1.0418,0.0113,0.0213,0.0509,0.0001,0.0002,0.0004
SSP2-4.5,+geoid,1b,2037,0.32,1.1303,0.0123,0.0231,0.0552,0.0001,0.0002,0.0005
SSP2-4.5,+geoid,1b,2038,0.33,1.2262,0.0133,0.0251,0.0599,0.0001,0.0002,0.0005
SSP2-4.5,+geoid,1b,2039,0.34,1.3301,0.0145,0.0272,0.0649,0.0001,0.0002,0.0006
SSP2-4.5,+geoid,1b,2040,0.35,1.4425,0.0157,0.0295,0.0704,0.0001,0.0003,0.0007
SSP2-4.5,+geoid,1b,2041,0.36,1.5642,0.017,0.032,0.0764,0.0002,0.0003,0.0007
SSP2-4.5,+geoid,1b,2042,0.37,1.696,0.0184,0.0347,0.0828,0.0002,0.0003,0.0008
SSP2-4.5,+geoid,1b,2043,0.38,1.8386,0.02,0.0376,0.0898,0.0002,0.0004,0.0009
SSP2-4.5,+geoid,1b,2044,0.39,1.993,0.0217,0.0408,0.0973,0.0002,0.0004,0.001
SSP2-4.5,+geoid,1b,2045,0.4,2.16,0.0235,0.0442,0.1055,0.0002,0.0005,0.0011
SSP2-4.5,+geoid,1b,2046,0.41,2.3408,0.0254,0.0479,0.1143,0.0003,0.0005,0.0012
SSP2-4.5,+geoid,1b,2047,0.42,2.5363,0.0276,0.0519,0.1238,0.0003,0.0006,0.0013
SSP2-4.5,+geoid,1b,2048,0.43,2.7479,0.0299,0.0563,0.1342,0.0003,0.0006,0.0015
SSP2-4.5,+geoid,1b,2049,0.44,2.9768,0.0324,0.061,0.1453,0.0004,0.0007,0.0016
SSP2-4.5,+geoid,1b,2050,0.45,3.2244,0.035,0.066,0.1574,0.0004,0.0007,0.0018
SSP2-4.5,+geoid,1b,2051,0.456,3.3826,0.0368,0.0693,0.1652,0.0004,0.0008,0.0019
SSP2-4.5,+geoid,1b,2052,0.462,3.5483,0.0386,0.0727,0.1732,0.0005,0.0009,0.0021
SSP2-4.5,+geoid,1b,2053,0.468,3.7221,0.0404,0.0762,0.1817,0.0005,0.001,0.0023
SSP2-4.5,+geoid,1b,2054,0.474,3.9042,0.0424,0.0799,0.1906,0.0006,0.001,0.0025
SSP2-4.5,+geoid,1b,2055,0.48,4.0951,0.0445,0.0838,0.1999,0.0006,0.0011,0.0027
SSP2-4.5,+geoid,1b,2056,0.486,4.2951,0.0467,0.0879,0.2097,0.0006,0.0012,0.0029
SSP2-4.5,+geoid,1b,2057,0.492,4.5047,0.049,0.0922,0.2199,0.0007,0.0013,0.0031
SSP2-4.5,+geoid,1b,2058,0.498,4.7244,0.0513,0.0967,0.2307,0.0007,0.0014,0.0034
SSP2-4.5,+geoid,1b,2059,0.504,4.9547,0.0538,0.1014,0.2419,0.0008,0.0015,0.0036
SSP2-4.5,+geoid,1b,2060,0.51,5.196,0.0565,0.1064,0.2537,0.0009,0.0016,0.0038
SSP2-4.5,+geoid,1b,2061,0.516,5.4488,0.0592,0.1116,0.266,0.0009,0.0017,0.0041
SSP2-4.5,+geoid,1b,2062,0.522,5.7137,0.0621,0.117,0.279,0.001,0.0018,0.0044
SSP2-4.5,+geoid,1b,2063,0.528,5.9913,0.0651,0.1227,0.2925,0.001,0.002,0.0047
SSP2-4.5,+geoid,1b,2064,0.534,6.2822,0.0683,0.1286,0.3067,0.0011,0.0021,0.005
SSP2-4.5,+geoid,1b,2065,0.54,6.587,0.0716,0.1349,0.3216,0.0012,0.0022,0.0053
SSP2-4.5,+geoid,1b,2066,0.546,6.9063,0.0751,0.1414,0.3372,0.0013,0.0024,0.0057
SSP2-4.5,+geoid,1b,2067,0.552,7.2409,0.0787,0.1483,0.3535,0.0013,0.0025,0.006
SSP2-4.5,+geoid,1b,2068,0.558,7.5914,0.0825,0.1554,0.3707,0.0014,0.0027,0.0064
SSP2-4.5,+geoid,1b,2069,0.564,7.9587,0.0865,0.163,0.3886,0.0015,0.0028,0.0068
SSP2-4.5,+geoid,1b,2070,0.57,8.3435,0.0907,0.1708,0.4074,0.0016,0.003,0.0072
SSP2-4.5,+geoid,1b,2071,0.576,8.7465,0.0951,0.1791,0.427,0.0017,0.0032,0.0076
SSP2-4.5,+geoid,1b,2072,0.582,9.1688,0.0996,0.1877,0.4477,0.0018,0.0034,0.008
SSP2-4.5,+geoid,1b,2073,0.588,9.6112,0.1044,0.1968,0.4693,0.0019,0.0036,0.0085
SSP2-4.5,+geoid,1b,2074,0.594,10.0746,0.1095,0.2063,0.4919,0.002,0.0038,0.009
SSP2-4.5,+geoid,1b,2075,0.6,10.56,0.1148,0.2162,0.5156,0.0021,0.004,0.0095
SSP2-4.5,+geoid,1b,2076,0.606,11.0685,0.1203,0.2266,0.5404,0.0022,0.0042,0.0101
SSP2-4.5,+geoid,1b,2077,0.612,11.6011,0.1261,0.2375,0.5664,0.0024,0.0045,0.0106
SSP2-4.5,+geoid,1b,2078,0.618,12.159,0.1321,0.249,0.5937,0.0025,0.0047,0.0112
SSP2-4.5,+geoid,1b,2079,0.624,12.7434,0.1385,0.2609,0.6222,0.0026,0.005,0.0118
SSP2-4.5,+geoid,1b,2080,0.63,13.3555,0.1451,0.2735,0.6521,0.0028,0.0052,0.0125
SSP2-4.5,+geoid,1b,2081,0.636,13.9965,0.1521,0.2866,0.6834,0.0029,0.0055,0.0132
SSP2-4.5,+geoid,1b,2082,0.642,14.668,0.1594,0.3003,0.7162,0.0031,0.0058,0.0139
SSP2-4.5,+geoid,1b,2083,0.648,15.3712,0.167,0.3147,0.7505,0.0033,0.0061,0.0146
SSP2-4.5,+geoid,1b,2084,0.654,16.1077,0.1751,0.3298,0.7865,0.0034,0.0065,0.0154
SSP2-4.5,+geoid,1b,2085,0.66,16.879,0.1834,0.3456,0.8241,0.0036,0.0068,0.0163
SSP2-4.5,+geoid,1b,2086,0.666,17.6868,0.1922,0.3621,0.8636,0.0038,0.0072,0.0171
SSP2-4.5,+geoid,1b,2087,0.672,18.5328,0.2014,0.3795,0.9049,0.004,0.0076,0.018
SSP2-4.5,+geoid,1b,2088,0.678,19.4187,0.211,0.3976,0.9481,0.0042,0.008,0.019
SSP2-4.5,+geoid,1b,2089,0.684,20.3464,0.2211,0.4166,0.9934,0.0044,0.0084,0.02
SSP2-4.5,+geoid,1b,2090,0.69,21.3179,0.2317,0.4365,1.0408,0.0047,0.0088,0.021
SSP2-4.5,+geoid,1b,2091,0.696,22.3353,0.2427,0.4573,1.0905,0.0049,0.0093,0.0221
SSP2-4.5,+geoid,1b,2092,0.702,23.4006,0.2543,0.4791,1.1425,0.0052,0.0097,0.0232
SSP2-4.5,+geoid,1b,2093,0.708,24.5161,0.2664,0.502,1.197,0.0054,0.0102,0.0244
SSP2-4.5,+geoid,1b,2094,0.714,25.6841,0.2791,0.5259,1.254,0.0057,0.0108,0.0257
SSP2-4.5,+geoid,1b,2095,0.72,26.9071,0.2924,0.5509,1.3137,0.006,0.0113,0.027
SSP2-4.5,+geoid,1b,2096,0.726,28.1877,0.3063,0.5771,1.3763,0.0063,0.0119,0.0284
SSP2-4.5,+geoid,1b,2097,0.732,29.5285,0.3209,0.6046,1.4417,0.0066,0.0125,0.0298
SSP2-4.5,+geoid,1b,2098,0.738,30.9324,0.3362,0.6333,1.5103,0.007,0.0131,0.0313
SSP2-4.5,+geoid,1b,2099,0.744,32.4022,0.3521,0.6634,1.582,0.0073,0.0138,0.0329
SSP2-4.5,+geoid,1b,2100,0.75,33.9411,0.3689,0.6949,1.6572,0.0077,0.0145,0.0346
SSP2-4.5,+geoid,2,2025,0.2,0.4667,0.0051,0.0096,0.0228,0.0,0.0,0.0
SSP2-4.5,+geoid,2,2026,0.21,0.5073,0.0055,0.0104,0.0248,0.0,0.0,0.0
SSP2-4.5,+geoid,2,2027,0.22,0.5514,0.006,0.0113,0.0269,0.0,0.0,0.0001
SSP2-4.5,+geoid,2,2028,0.23,0.5992,0.0065,0.0123,0.0293,0.0,0.0,0.0001
SSP2-4.5,+geoid,2,2029,0.24,0.651,0.0071,0.0133,0.0318,0.0,0.0001,0.0001
SSP2-4.5,+geoid,2,2030,0.25,0.7071,0.0077,0.0145,0.0345,0.0,0.0001,0.0002
SSP2-4.5,+geoid,2,2031,0.26,0.768,0.0083,0.0157,0.0375,0.0,0.0001,0.0002
SSP2-4.5,+geoid,2,2032,0.27,0.8339,0.0091,0.0171,0.0407,0.0001,0.0001,0.0002
SSP2-4.5,+geoid,2,2033,0.28,0.9054,0.0098,0.0185,0.0442,0.0001,0.0001,0.0003
SSP2-4.5,+geoid,2,2034,0.29,0.9828,0.0107,0.0201,0.048,0.0001,0.0001,0.0003
SSP2-4.5,+geoid,2,2035,0.3,1.0667,0.0116,0.0218,0.0521,0.0001,0.0002,0.0004
SSP2-4.5,+geoid,2,2036,0.31,1.1575,0.0126,0.0237,0.0565,0.0001,0.0002,0.0004
SSP2-4.5,+geoid,2,2037,0.32,1.2559,0.0136,0.0257,0.0613,0.0001,0.0002,0.0005
SSP2-4.5,+geoid,2,2038,0.33,1.3625,0.0148,0.0279,0.0665,0.0001,0.0002,0.0006
SSP2-4.5,+geoid,2,2039,0.34,1.4778,0.0161,0.0303,0.0722,0.0001,0.0003,0.0006
SSP2-4.5,+geoid,2,2040,0.35,1.6028,0.0174,0.0328,0.0783,0.0002,0.0003,0.0007
SSP2-4.5,+geoid,2,2041,0.36,1.738,0.0189,0.0356,0.0849,0.0002,0.0003,0.0008
SSP2-4.5,+geoid,2,2042,0.37,1.8844,0.0205,0.0386,0.092,0.0002,0.0004,0.0009
SSP2-4.5,+geoid,2,2043,0.38,2.0429,0.0222,0.0418,0.0997,0.0002,0.0004,0.001
SSP2-4.5,+geoid,2,2044,0.39,2.2144,0.0241,0.0453,0.1081,0.0002,0.0005,0.0011
SSP2-4.5,+geoid,2,2045,0.4,2.4,0.0261,0.0491,0.1172,0.0003,0.0005,0.0012
SSP2-4.5,+geoid,2,2046,0.41,2.6008,0.0283,0.0533,0.127,0.0003,0.0006,0.0014
SSP2-4.5,+geoid,2,2047,0.42,2.8181,0.0306,0.0577,0.1376,0.0003,0.0006,0.0015
SSP2-4.5,+geoid,2,2048,0.43,3.0532,0.0332,0.0625,0.1491,0.0004,0.0007,0.0016
SSP2-4.5,+geoid,2,2049,0.44,3.3076,0.0359,0.0677,0.1615,0.0004,0.0008,0.0018
SSP2-4.5,+geoid,2,2050,0.45,3.5827,0.0389,0.0734,0.1749,0.0004,0.0008,0.002
SSP2-4.5,+geoid,2,2051,0.456,3.7584,0.0408,0.077,0.1835,0.0005,0.0009,0.0022
SSP2-4.5,+geoid,2,2052,0.462,3.9426,0.0428,0.0807,0.1925,0.0005,0.001,0.0024
SSP2-4.5,+geoid,2,2053,0.468,4.1357,0.0449,0.0847,0.2019,0.0006,0.0011,0.0026
SSP2-4.5,+geoid,2,2054,0.474,4.338,0.0471,0.0888,0.2118,0.0006,0.0012,0.0028
SSP2-4.5,+geoid,2,2055,0.48,4.5501,0.0494,0.0932,0.2222,0.0007,0.0013,0.003
SSP2-4.5,+geoid,2,2056,0.486,4.7723,0.0519,0.0977,0.233,0.0007,0.0014,0.0032
SSP2-4.5,+geoid,2,2057,0.492,5.0053,0.0544,0.1025,0.2444,0.0008,0.0015,0.0035
SSP2-4.5,+geoid,2,2058,0.498,5.2494,0.057,0.1075,0.2563,0.0008,0.0016,0.0037
SSP2-4.5,+geoid,2,2059,0.504,5.5052,0.0598,0.1127,0.2688,0.0009,0.0017,0.004
SSP2-4.5,+geoid,2,2060,0.51,5.7733,0.0627,0.1182,0.2819,0.001,0.0018,0.0043
SSP2-4.5,+geoid,2,2061,0.516,6.0542,0.0658,0.124,0.2956,0.001,0.0019,0.0046
SSP2-4.5,+geoid,2,2062,0.522,6.3486,0.069,0.13,0.31,0.0011,0.002,0.0049
SSP2-4.5,+geoid,2,2063,0.528,6.657,0.0723,0.1363,0.325,0.0012,0.0022,0.0052
SSP2-4.5,+geoid,2,2064,0.534,6.9802,0.0759,0.1429,0.3408,0.0012,0.0023,0.0055
SSP2-4.5,+geoid,2,2065,0.54,7.3189,0.0795,0.1499,0.3573,0.0013,0.0025,0.0059
SSP2-4.5,+geoid,2,2066,0.546,7.6737,0.0834,0.1571,0.3747,0.0014,0.0026,0.0063
SSP2-4.5,+geoid,2,2067,0.552,8.0454,0.0874,0.1647,0.3928,0.0015,0.0028,0.0067
SSP2-4.5,+geoid,2,2068,0.558,8.4349,0.0917,0.1727,0.4118,0.0016,0.003,0.0071
SSP2-4.5,+geoid,2,2069,0.564,8.843,0.0961,0.1811,0.4318,0.0017,0.0032,0.0075
SSP2-4.5,+geoid,2,2070,0.57,9.2705,0.1007,0.1898,0.4526,0.0018,0.0033,0.008
SSP2-4.5,+geoid,2,2071,0.576,9.7184,0.1056,0.199,0.4745,0.0019,0.0035,0.0084
SSP2-4.5,+geoid,2,2072,0.582,10.1876,0.1107,0.2086,0.4974,0.002,0.0037,0.0089
SSP2-4.5,+geoid,2,2073,0.588,10.6791,0.1161,0.2187,0.5214,0.0021,0.004,0.0095
SSP2-4.5,+geoid,2,2074,0.594,11.194,0.1217,0.2292,0.5465,0.0022,0.0042,0.01
SSP2-4.5,+geoid,2,2075,0.6,11.7333,0.1275,0.2402,0.5729,0.0024,0.0044,0.0106
SSP2-4.5,+geoid,2,2076,0.606,12.2983,0.1337,0.2518,0.6005,0.0025,0.0047,0.0112
SSP2-4.5,+geoid,2,2077,0.612,12.8901,0.1401,0.2639,0.6294,0.0026,0.005,0.0118
SSP2-4.5,+geoid,2,2078,0.618,13.51,0.1468,0.2766,0.6596,0.0028,0.0052,0.0125
SSP2-4.5,+geoid,2,2079,0.624,14.1593,0.1539,0.2899,0.6913,0.0029,0.0055,0.0132
SSP2-4.5,+geoid,2,2080,0.63,14.8394,0.1613,0.3038,0.7245,0.0031,0.0058,0.0139
SSP2-4.5,+geoid,2,2081,0.636,15.5517,0.169,0.3184,0.7593,0.0033,0.0061,0.0146
SSP2-4.5,+geoid,2,2082,0.642,16.2977,0.1771,0.3337,0.7957,0.0034,0.0065,0.0154
SSP2-4.5,+geoid,2,2083,0.648,17.0791,0.1856,0.3497,0.8339,0.0036,0.0068,0.0163
SSP2-4.5,+geoid,2,2084,0.654,17.8974,0.1945,0.3664,0.8738,0.0038,0.0072,0.0171
SSP2-4.5,+geoid,2,2085,0.66,18.7545,0.2038,0.384,0.9157,0.004,0.0076,0.0181
SSP2-4.5,+geoid,2,2086,0.666,19.652,0.2136,0.4024,0.9595,0.0042,0.008,0.019
SSP2-4.5,+geoid,2,2087,0.672,20.592,0.2238,0.4216,1.0054,0.0045,0.0084,0.02
SSP2-4.5,+geoid,2,2088,0.678,21.5763,0.2345,0.4418,1.0535,0.0047,0.0088,0.0211
SSP2-4.5,+geoid,2,2089,0.684,22.6071,0.2457,0.4629,1.1038,0.0049,0.0093,0.0222
SSP2-4.5,+geoid,2,2090,0.69,23.6866,0.2574,0.485,1.1565,0.0052,0.0098,0.0233
SSP2-4.5,+geoid,2,2091,0.696,24.817,0.2697,0.5081,1.2117,0.0055,0.0103,0.0246
SSP2-4.5,+geoid,2,2092,0.702,26.0006,0.2826,0.5324,1.2695,0.0057,0.0108,0.0258
SSP2-4.5,+geoid,2,2093,0.708,27.2401,0.296,0.5577,1.33,0.006,0.0114,0.0272
SSP2-4.5,+geoid,2,2094,0.714,28.5379,0.3101,0.5843,1.3934,0.0064,0.012,0.0285
SSP2-4.5,+geoid,2,2095,0.72,29.8968,0.3249,0.6121,1.4597,0.0067,0.0126,0.03
SSP2-4.5,+geoid,2,2096,0.726,31.3197,0.3404,0.6413,1.5292,0.007,0.0132,0.0315
SSP2-4.5,+geoid,2,2097,0.732,32.8095,0.3566,0.6718,1.6019,0.0074,0.0139,0.0331
SSP2-4.5,+geoid,2,2098,0.738,34.3693,0.3735,0.7037,1.6781,0.0077,0.0146,0.0348
SSP2-4.5,+geoid,2,2099,0.744,36.0025,0.3913,0.7372,1.7578,0.0081,0.0153,0.0366
SSP2-4.5,+geoid,2,2100,0.75,37.7124,0.4098,0.7722,1.8413,0.0086,0.0161,0.0384
SSP2-4.5,+geoid,3,2025,0.2,0.42,0.0046,0.0086,0.0205,0.0,0.0,0.0
SSP2-4.5,+geoid,3,2026,0.21,0.4566,0.005,0.0093,0.0223,0.0,0.0,0.0
SSP2-4.5,+geoid,3,2027,0.22,0.4962,0.0054,0.0102,0.0242,0.0,0.0,0.0001
SSP2-4.5,+geoid,3,2028,0.23,0.5392,0.0059,0.011,0.0263,0.0,0.0,0.0001
SSP2-4.5,+geoid,3,2029,0.24,0.5859,0.0064,0.012,0.0286,0.0,0.0001,0.0001
SSP2-4.5,+geoid,3,2030,0.25,0.6364,0.0069,0.013,0.0311,0.0,0.0001,0.0002
SSP2-4.5,+geoid,3,2031,0.26,0.6912,0.0075,0.0142,0.0337,0.0,0.0001,0.0002
SSP2-4.5,+geoid,3,2032,0.27,0.7505,0.0082,0.0154,0.0366,0.0,0.0001,0.0002
SSP2-4.5,+geoid,3,2033,0.28,0.8148,0.0089,0.0167,0.0398,0.0001,0.0001,0.0003
SSP2-4.5,+geoid,3,2034,0.29,0.8845,0.0096,0.0181,0.0432,0.0001,0.0001,0.0003
SSP2-4.5,+geoid,3,2035,0.3,0.96,0.0104,0.0197,0.0469,0.0001,0.0001,0.0004
SSP2-4.5,+geoid,3,2036,0.31,1.0418,0.0113,0.0213,0.0509,0.0001,0.0002,0.0004
SSP2-4.5,+geoid,3,2037,0.32,1.1303,0.0123,0.0231,0.0552,0.0001,0.0002,0.0005
SSP2-4.5,+geoid,3,2038,0.33,1.2262,0.0133,0.0251,0.0599,0.0001,0.0002,0.0005
SSP2-4.5,+geoid,3,2039,0.34,1.3301,0.0145,0.0272,0.0649,0.0001,0.0002,0.0006
SSP2-4.5,+geoid,3,2040,0.35,1.4425,0.0157,0.0295,0.0704,0.0001,0.0003,0.0007
SSP2-4.5,+geoid,3,2041,0.36,1.5642,0.017,0.032,0.0764,0.0002,0.0003,0.0007
SSP2-4.5,+geoid,3,2042,0.37,1.696,0.0184,0.0347,0.0828,0.0002,0.0003,0.0008
SSP2-4.5,+geoid,3,2043,0.38,1.8386,0.02,0.0376,0.0898,0.0002,0.0004,0.0009
SSP2-4.5,+geoid,3,2044,0.39,1.993,0.0217,0.0408,0.0973,0.0002,0.0004,0.001
SSP2-4.5,+geoid,3,2045,0.4,2.16,0.0235,0.0442,0.1055,0.0002,0.0005,0.0011
SSP2-4.5,+geoid,3,2046,0.41,2.3408,0.0254,0.0479,0.1143,0.0003,0.0005,0.0012
SSP2-4.5,+geoid,3,2047,0.42,2.5363,0.0276,0.0519,0.1238,0.0003,0.0006,0.0013
SSP2-4.5,+geoid,3,2048,0.43,2.7479,0.0299,0.0563,0.1342,0.0003,0.0006,0.0015
SSP2-4.5,+geoid,3,2049,0.44,2.9768,0.0324,0.061,0.1453,0.0004,0.0007,0.0016
SSP2-4.5,+geoid,3,2050,0.45,3.2244,0.035,0.066,0.1574,0.0004,0.0007,0.0018
SSP2-4.5,+geoid,3,2051,0.456,3.3826,0.0368,0.0693,0.1652,0.0004,0.0008,0.0019
SSP2-4.5,+geoid,3,2052,0.462,3.5483,0.0386,0.0727,0.1732,0.0005,0.0009,0.0021
SSP2-4.5,+geoid,3,2053,0.468,3.7221,0.0404,0.0762,0.1817,0.0005,0.001,0.0023
SSP2-4.5,+geoid,3,2054,0.474,3.9042,0.0424,0.0799,0.1906,0.0006,0.001,0.0025
SSP2-4.5,+geoid,3,2055,0.48,4.0951,0.0445,0.0838,0.1999,0.0006,0.0011,0.0027
SSP2-4.5,+geoid,3,2056,0.486,4.2951,0.0467,0.0879,0.2097,0.0006,0.0012,0.0029
SSP2-4.5,+geoid,3,2057,0.492,4.5047,0.049,0.0922,0.2199,0.0007,0.0013,0.0031
SSP2-4.5,+geoid,3,2058,0.498,4.7244,0.0513,0.0967,0.2307,0.0007,0.0014,0.0034
SSP2-4.5,+geoid,3,2059,0.504,4.9547,0.0538,0.1014,0.2419,0.0008,0.0015,0.0036
SSP2-4.5,+geoid,3,2060,0.51,5.196,0.0565,0.1064,0.2537,0.0009,0.0016,0.0038
SSP2-4.5,+geoid,3,2061,0.516,5.4488,0.0592,0.1116,0.266,0.0009,0.0017,0.0041
SSP2-4.5,+geoid,3,2062,0.522,5.7137,0.0621,0.117,0.279,0.001,0.0018,0.0044
SSP2-4.5,+geoid,3,2063,0.528,5.9913,0.0651,0.1227,0.2925,0.001,0.002,0.0047
SSP2-4.5,+geoid,3,2064,0.534,6.2822,0.0683,0.1286,0.3067,0.0011,0.0021,0.005
SSP2-4.5,+geoid,3,2065,0.54,6.587,0.0716,0.1349,0.3216,0.0012,0.0022,0.0053
SSP2-4.5,+geoid,3,2066,0.546,6.9063,0.0751,0.1414,0.3372,0.0013,0.0024,0.0057
SSP2-4.5,+geoid,3,2067,0.552,7.2409,0.0787,0.1483,0.3535,0.0013,0.0025,0.006
SSP2-4.5,+geoid,3,2068,0.558,7.5914,0.0825,0.1554,0.3707,0.0014,0.0027,0.0064
SSP2-4.5,+geoid,3,2069,0.564,7.9587,0.0865,0.163,0.3886,0.0015,0.0028,0.0068
SSP2-4.5,+geoid,3,2070,0.57,8.3435,0.0907,0.1708,0.4074,0.0016,0.003,0.0072
SSP2-4.5,+geoid,3,2071,0.576,8.7465,0.0951,0.1791,0.427,0.0017,0.0032,0.0076
SSP2-4.5,+geoid,3,2072,0.582,9.1688,0.0996,0.1877,0.4477,0.0018,0.0034,0.008
SSP2-4.5,+geoid,3,2073,0.588,9.6112,0.1044,0.1968,0.4693,0.0019,0.0036,0.0085
SSP2-4.5,+geoid,3,2074,0.594,10.0746,0.1095,0.2063,0.4919,0.002,0.0038,0.009
SSP2-4.5,+geoid,3,2075,0.6,10.56,0.1148,0.2162,0.5156,0.0021,0.004,0.0095
SSP2-4.5,+geoid,3,2076,0.606,11.0685,0.1203,0.2266,0.5404,0.0022,0.0042,0.0101
SSP2-4.5,+geoid,3,2077,0.612,11.6011,0.1261,0.2375,0.5664,0.0024,0.0045,0.0106
SSP2-4.5,+geoid,3,2078,0.618,12.159,0.1321,0.249,0.5937,0.0025,0.0047,0.0112
SSP2-4.5,+geoid,3,2079,0.624,12.7434,0.1385,0.2609,0.6222,0.0026,0.005,0.0118
SSP2-4.5,+geoid,3,2080,0.63,13.3555,0.1451,0.2735,0.6521,0.0028,0.0052,0.0125
SSP2-4.5,+geoid,3,2081,0.636,13.9965,0.1521,0.2866,0.6834,0.0029,0.0055,0.0132
SSP2-4.5,+geoid,3,2082,0.642,14.668,0.1594,0.3003,0.7162,0.0031,0.0058,0.0139
SSP2-4.5,+geoid,3,2083,0.648,15.3712,0.167,0.3147,0.7505,0.0033,0.0061,0.0146
SSP2-4.5,+geoid,3,2084,0.654,16.1077,0.1751,0.3298,0.7865,0.0034,0.0065,0.0154
SSP2-4.5,+geoid,3,2085,0.66,16.879,0.1834,0.3456,0.8241,0.0036,0.0068,0.0163
SSP2-4.5,+geoid,3,2086,0.666,17.6868,0.1922,0.3621,0.8636,0.0038,0.0072,0.0171
SSP2-4.5,+geoid,3,2087,0.672,18.5328,0.2014,0.3795,0.9049,0.004,0.0076,0.018
SSP2-4.5,+geoid,3,2088,0.678,19.4187,0.211,0.3976,0.9481,0.0042,0.008,0.019
SSP2-4.5,+geoid,3,2089,0.684,20.3464,0.2211,0.4166,0.9934,0.0044,0.0084,0.02
SSP2-4.5,+geoid,3,2090,0.69,21.3179,0.2317,0.4365,1.0408,0.0047,0.0088,0.021
SSP2-4.5,+geoid,3,2091,0.696,22.3353,0.2427,0.4573,1.0905,0.0049,0.0093,0.0221
SSP2-4.5,+geoid,3,2092,0.702,23.4006,0.2543,0.4791,1.1425,0.0052,0.0097,0.0232
SSP2-4.5,+geoid,3,2093,0.708,24.5161,0.2664,0.502,1.197,0.0054,0.0102,0.0244
SSP2-4.5,+geoid,3,2094,0.714,25.6841,0.2791,0.5259,1.254,0.0057,0.0108,0.0257
SSP2-4.5,+geoid,3,2095,0.72,26.9071,0.2924,0.5509,1.3137,0.006,0.0113,0.027
SSP2-4.5,+geoid,3,2096,0.726,28.1877,0.3063,0.5771,1.3763,0.0063,0.0119,0.0284
SSP2-4.5,+geoid,3,2097,0.732,29.5285,0.3209,0.6046,1.4417,0.0066,0.0125,0.0298
SSP2-4.5,+geoid,3,2098,0.738,30.9324,0.3362,0.6333,1.5103,0.007,0.0131,0.0313
SSP2-4.5,+geoid,3,2099,0.744,32.4022,0.3521,0.6634,1.582,0.0073,0.0138,0.0329
SSP2-4.5,+geoid,3,2100,0.75,33.9411,0.3689,0.6949,1.6572,0.0077,0.0145,0.0346
SSP5-8.5,baseline,1a,2025,0.065,0.133,0.0014,0.0027,0.0065,0.0,0.0,0.0
SSP5-8.5,baseline,1a,2026,0.078,0.1489,0.0016,0.003,0.0073,0.0,0.0,0.0
SSP5-8.5,baseline,1a,2027,0.091,0.1666,0.0018,0.0034,0.0081,0.0,0.0,0.0
SSP5-8.5,baseline,1a,2028,0.104,0.1863,0.002,0.0038,0.0091,0.0,0.0,0.0
SSP5-8.5,baseline,1a,2029,0.117,0.2082,0.0023,0.0043,0.0102,0.0,0.0,0.0
SSP5-8.5,baseline,1a,2030,0.13,0.2327,0.0025,0.0048,0.0114,0.0,0.0,0.0001
SSP5-8.5,baseline,1a,2031,0.144,0.2621,0.0028,0.0054,0.0128,0.0,0.0,0.0001
SSP5-8.5,baseline,1a,2032,0.158,0.2951,0.0032,0.006,0.0144,0.0,0.0,0.0001
SSP5-8.5,baseline,1a,2033,0.172,0.3321,0.0036,0.0068,0.0162,0.0,0.0,0.0001
SSP5-8.5,baseline,1a,2034,0.186,0.3735,0.0041,0.0076,0.0182,0.0,0.0,0.0001
SSP5-8.5,baseline,1a,2035,0.2,0.42,0.0046,0.0086,0.0205,0.0,0.0001,0.0001
SSP5-8.5,baseline,1a,2036,0.214,0.4721,0.0051,0.0097,0.023,0.0,0.0001,0.0002
SSP5-8.5,baseline,1a,2037,0.228,0.5304,0.0058,0.0109,0.0259,0.0,0.0001,0.0002
SSP5-8.5,baseline,1a,2038,0.242,0.5956,0.0065,0.0122,0.0291,0.0,0.0001,0.0002
SSP5-8.5,baseline,1a,2039,0.256,0.6687,0.0073,0.0137,0.0327,0.0001,0.0001,0.0002
SSP5-8.5,baseline,1a,2040,0.27,0.7505,0.0082,0.0154,0.0366,0.0001,0.0001,0.0003
SSP5-8.5,baseline,1a,2041,0.283,0.8352,0.0091,0.0171,0.0408,0.0001,0.0001,0.0003
SSP5-8.5,baseline,1a,2042,0.296,0.9291,0.0101,0.019,0.0454,0.0001,0.0002,0.0004
SSP5-8.5,baseline,1a,2043,0.309,1.0333,0.0112,0.0212,0.0505,0.0001,0.0002,0.0004
SSP5-8.5,baseline,1a,2044,0.322,1.1489,0.0125,0.0235,0.0561,0.0001,0.0002,0.0005
SSP5-8.5,baseline,1a,2045,0.335,1.2771,0.0139,0.0261,0.0624,0.0001,0.0002,0.0005
SSP5-8.5,baseline,1a,2046,0.348,1.4193,0.0154,0.0291,0.0693,0.0001,0.0003,0.0006
SSP5-8.5,baseline,1a,2047,0.361,1.5769,0.0171,0.0323,0.077,0.0002,0.0003,0.0007
SSP5-8.5,baseline,1a,2048,0.374,1.7517,0.019,0.0359,0.0855,0.0002,0.0003,0.0008
SSP5-8.5,baseline,1a,2049,0.387,1.9454,0.0211,0.0398,0.095,0.0002,0.0004,0.0009
SSP5-8.5,baseline,1a,2050,0.4,2.16,0.0235,0.0442,0.1055,0.0002,0.0004,0.001
SSP5-8.5,baseline,1a,2051,0.412,2.3786,0.0258,0.0487,0.1161,0.0002,0.0005,0.0011
SSP5-8.5,baseline,1a,2052,0.424,2.619,0.0285,0.0536,0.1279,0.0003,0.0005,0.0012
SSP5-8.5,baseline,1a,2053,0.436,2.8831,0.0313,0.059,0.1408,0.0003,0.0006,0.0014
SSP5-8.5,baseline,1a,2054,0.448,3.1733,0.0345,0.065,0.1549,0.0003,0.0006,0.0015
SSP5-8.5,baseline,1a,2055,0.46,3.4922,0.038,0.0715,0.1705,0.0004,0.0007,0.0017
SSP5-8.5,baseline,1a,2056,0.472,3.8425,0.0418,0.0787,0.1876,0.0004,0.0008,0.0019
SSP5-8.5,baseline,1a,2057,0.484,4.2274,0.0459,0.0866,0.2064,0.0005,0.0009,0.0021
SSP5-8.5,baseline,1a,2058,0.496,4.6501,0.0505,0.0952,0.227,0.0005,0.001,0.0023
SSP5-8.5,baseline,1a,2059,0.508,5.1143,0.0556,0.1047,0.2497,0.0006,0.0011,0.0026
SSP5-8.5,baseline,1a,2060,0.52,5.624,0.0611,0.1152,0.2746,0.0006,0.0012,0.0028
SSP5-8.5,baseline,1a,2061,0.532,6.1837,0.0672,0.1266,0.3019,0.0007,0.0013,0.0031
SSP5-8.5,baseline,1a,2062,0.544,6.7982,0.0739,0.1392,0.3319,0.0008,0.0015,0.0035
SSP5-8.5,baseline,1a,2063,0.556,7.4728,0.0812,0.153,0.3649,0.0009,0.0016,0.0038
SSP5-8.5,baseline,1a,2064,0.568,8.2132,0.0893,0.1682,0.401,0.0009,0.0018,0.0042
SSP5-8.5,baseline,1a,2065,0.58,9.0259,0.0981,0.1848,0.4407,0.001,0.002,0.0047
SSP5-8.5,baseline,1a,2066,0.592,9.9177,0.1078,0.2031,0.4842,0.0011,0.0022,0.0051
SSP5-8.5,baseline,1a,2067,0.604,10.8964,0.1184,0.2231,0.532,0.0013,0.0024,0.0057
SSP5-8.5,baseline,1a,2068,0.616,11.9702,0.1301,0.2451,0.5844,0.0014,0.0026,0.0063
SSP5-8.5,baseline,1a,2069,0.628,13.1483,0.1429,0.2692,0.642,0.0015,0.0029,0.0069
SSP5-8.5,baseline,1a,2070,0.64,14.4407,0.1569,0.2957,0.7051,0.0017,0.0032,0.0076
SSP5-8.5,baseline,1a,2071,0.652,15.8584,0.1723,0.3247,0.7743,0.0019,0.0035,0.0084
SSP5-8.5,baseline,1a,2072,0.664,17.4134,0.1892,0.3565,0.8502,0.0021,0.0039,0.0092
SSP5-8.5,baseline,1a,2073,0.676,19.1188,0.2078,0.3915,0.9335,0.0023,0.0043,0.0102
SSP5-8.5,baseline,1a,2074,0.688,20.9891,0.2281,0.4298,1.0248,0.0025,0.0047,0.0112
SSP5-8.5,baseline,1a,2075,0.7,23.04,0.2504,0.4717,1.1249,0.0027,0.0052,0.0123
SSP5-8.5,baseline,1a,2076,0.712,25.2888,0.2748,0.5178,1.2347,0.003,0.0057,0.0136
SSP5-8.5,baseline,1a,2077,0.724,27.7543,0.3016,0.5683,1.3551,0.0033,0.0063,0.0149
SSP5-8.5,baseline,1a,2078,0.736,30.4572,0.331,0.6236,1.4871,0.0036,0.0069,0.0164
SSP5-8.5,baseline,1a,2079,0.748,33.4203,0.3632,0.6843,1.6317,0.004,0.0076,0.018
SSP5-8.5,baseline,1a,2080,0.76,36.6682,0.3985,0.7508,1.7903,0.0044,0.0083,0.0198
SSP5-8.5,baseline,1a,2081,0.772,40.2281,0.4372,0.8237,1.9641,0.0048,0.0091,0.0218
SSP5-8.5,baseline,1a,2082,0.784,44.1297,0.4796,0.9036,2.1546,0.0053,0.01,0.0239
SSP5-8.5,baseline,1a,2083,0.796,48.4055,0.526,0.9911,2.3634,0.0059,0.011,0.0263
SSP5-8.5,baseline,1a,2084,0.808,53.0911,0.577,1.087,2.5922,0.0064,0.0121,0.0289
SSP5-8.5,baseline,1a,2085,0.82,58.2252,0.6328,1.1922,2.8428,0.0071,0.0133,0.0317
SSP5-8.5,baseline,1a,2086,0.832,63.8506,0.6939,1.3073,3.1175,0.0078,0.0146,0.0349
SSP5-8.5,baseline,1a,2087,0.844,70.0138,0.7609,1.4335,3.4184,0.0085,0.016,0.0383
SSP5-8.5,baseline,1a,2088,0.856,76.7658,0.8343,1.5718,3.7481,0.0094,0.0176,0.042
SSP5-8.5,baseline,1a,2089,0.868,84.1623,0.9146,1.7232,4.1092,0.0103,0.0193,0.0461
SSP5-8.5,baseline,1a,2090,0.88,92.2644,1.0027,1.8891,4.5048,0.0113,0.0212,0.0506
SSP5-8.5,baseline,1a,2091,0.892,101.1389,1.0991,2.0708,4.9381,0.0124,0.0233,0.0556
SSP5-8.5,baseline,1a,2092,0.904,110.8586,1.2048,2.2698,5.4127,0.0136,0.0256,0.061
SSP5-8.5,baseline,1a,2093,0.916,121.5036,1.3204,2.4878,5.9324,0.0149,0.0281,0.0669
SSP5-8.5,baseline,1a,2094,0.928,133.1612,1.4471,2.7265,6.5016,0.0163,0.0308,0.0734
SSP5-8.5,baseline,1a,2095,0.94,145.927,1.5859,2.9879,7.1249,0.0179,0.0338,0.0805
SSP5-8.5,baseline,1a,2096,0.952,159.9055,1.7378,3.2741,7.8074,0.0197,0.0371,0.0884
SSP5-8.5,baseline,1a,2097,0.964,175.2111,1.9041,3.5874,8.5547,0.0216,0.0406,0.0969
SSP5-8.5,baseline,1a,2098,0.976,191.9687,2.0862,3.9306,9.3729,0.0237,0.0446,0.1063
SSP5-8.5,baseline,1a,2099,0.988,210.3151,2.2856,4.3062,10.2686,0.0259,0.0489,0.1165
SSP5-8.5,baseline,1a,2100,1.0,230.4,2.5039,4.7174,11.2493,0.0284,0.0536,0.1278
SSP5-8.5,baseline,1b,2025,0.065,0.133,0.0014,0.0027,0.0065,0.0,0.0,0.0
SSP5-8.5,baseline,1b,2026,0.078,0.1489,0.0016,0.003,0.0073,0.0,0.0,0.0
SSP5-8.5,baseline,1b,2027,0.091,0.1666,0.0018,0.0034,0.0081,0.0,0.0,0.0
SSP5-8.5,baseline,1b,2028,0.104,0.1863,0.002,0.0038,0.0091,0.0,0.0,0.0
SSP5-8.5,baseline,1b,2029,0.117,0.2082,0.0023,0.0043,0.0102,0.0,0.0,0.0
SSP5-8.5,baseline,1b,2030,0.13,0.2327,0.0025,0.0048,0.0114,0.0,0.0,0.0001
SSP5-8.5,baseline,1b,2031,0.144,0.2621,0.0028,0.0054,0.0128,0.0,0.0,0.0001
SSP5-8.5,baseline,1b,2032,0.158,0.2951,0.0032,0.006,0.0144,0.0,0.0,0.0001
SSP5-8.5,baseline,1b,2033,0.172,0.3321,0.0036,0.0068,0.0162,0.0,0.0,0.0001
SSP5-8.5,baseline,1b,2034,0.186,0.3735,0.0041,0.0076,0.0182,0.0,0.0,0.0001
SSP5-8.5,baseline,1b,2035,0.2,0.42,0.0046,0.0086,0.0205,0.0,0.0001,0.0001
SSP5-8.5,baseline,1b,2036,0.214,0.4721,0.0051,0.0097,0.023,0.0,0.0001,0.0002
SSP5-8.5,baseline,1b,2037,0.228,0.5304,0.0058,0.0109,0.0259,0.0,0.0001,0.0002
SSP5-8.5,baseline,1b,2038,0.242,0.5956,0.0065,0.0122,0.0291,0.0,0.0001,0.0002
SSP5-8.5,baseline,1b,2039,0.256,0.6687,0.0073,0.0137,0.0327,0.0001,0.0001,0.0002
SSP5-8.5,baseline,1b,2040,0.27,0.7505,0.0082,0.0154,0.0366,0.0001,0.0001,0.0003
SSP5-8.5,baseline,1b,2041,0.283,0.8352,0.0091,0.0171,0.0408,0.0001,0.0001,0.0003
SSP5-8.5,baseline,1b,2042,0.296,0.9291,0.0101,0.019,0.0454,0.0001,0.0002,0.0004
SSP5-8.5,baseline,1b,2043,0.309,1.0333,0.0112,0.0212,0.0505,0.0001,0.0002,0.0004
SSP5-8.5,baseline,1b,2044,0.322,1.1489,0.0125,0.0235,0.0561,0.0001,0.0002,0.0005
SSP5-8.5,baseline,1b,2045,0.335,1.2771,0.0139,0.0261,0.0624,0.0001,0.0002,0.0005
SSP5-8.5,baseline,1b,2046,0.348,1.4193,0.0154,0.0291,0.0693,0.0001,0.0003,0.0006
SSP5-8.5,baseline,1b,2047,0.361,1.5769,0.0171,0.0323,0.077,0.0002,0.0003,0.0007
SSP5-8.5,baseline,1b,2048,0.374,1.7517,0.019,0.0359,0.0855,0.0002,0.0003,0.0008
SSP5-8.5,baseline,1b,2049,0.387,1.9454,0.0211,0.0398,0.095,0.0002,0.0004,0.0009
SSP5-8.5,baseline,1b,2050,0.4,2.16,0.0235,0.0442,0.1055,0.0002,0.0004,0.001
SSP5-8.5,baseline,1b,2051,0.412,2.3786,0.0258,0.0487,0.1161,0.0002,0.0005,0.0011
SSP5-8.5,baseline,1b,2052,0.424,2.619,0.0285,0.0536,0.1279,0.0003,0.0005,0.0012
SSP5-8.5,baseline,1b,2053,0.436,2.8831,0.0313,0.059,0.1408,0.0003,0.0006,0.0014
SSP5-8.5,baseline,1b,2054,0.448,3.1733,0.0345,0.065,0.1549,0.0003,0.0006,0.0015
SSP5-8.5,baseline,1b,2055,0.46,3.4922,0.038,0.0715,0.1705,0.0004,0.0007,0.0017
SSP5-8.5,baseline,1b,2056,0.472,3.8425,0.0418,0.0787,0.1876,0.0004,0.0008,0.0019
SSP5-8.5,baseline,1b,2057,0.484,4.2274,0.0459,0.0866,0.2064,0.0005,0.0009,0.0021
SSP5-8.5,baseline,1b,2058,0.496,4.6501,0.0505,0.0952,0.227,0.0005,0.001,0.0023
SSP5-8.5,baseline,1b,2059,0.508,5.1143,0.0556,0.1047,0.2497,0.0006,0.0011,0.0026
SSP5-8.5,baseline,1b,2060,0.52,5.624,0.0611,0.1152,0.2746,0.0006,0.0012,0.0028
SSP5-8.5,baseline,1b,2061,0.532,6.1837,0.0672,0.1266,0.3019,0.0007,0.0013,0.0031
SSP5-8.5,baseline,1b,2062,0.544,6.7982,0.0739,0.1392,0.3319,0.0008,0.0015,0.0035
SSP5-8.5,baseline,1b,2063,0.556,7.4728,0.0812,0.153,0.3649,0.0009,0.0016,0.0038
SSP5-8.5,baseline,1b,2064,0.568,8.2132,0.0893,0.1682,0.401,0.0009,0.0018,0.0042
SSP5-8.5,baseline,1b,2065,0.58,9.0259,0.0981,0.1848,0.4407,0.001,0.002,0.0047
SSP5-8.5,baseline,1b,2066,0.592,9.9177,0.1078,0.2031,0.4842,0.0011,0.0022,0.0051
SSP5-8.5,baseline,1b,2067,0.604,10.8964,0.1184,0.2231,0.532,0.0013,0.0024,0.0057
SSP5-8.5,baseline,1b,2068,0.616,11.9702,0.1301,0.2451,0.5844,0.0014,0.0026,0.0063
SSP5-8.5,baseline,1b,2069,0.628,13.1483,0.1429,0.2692,0.642,0.0015,0.0029,0.0069
SSP5-8.5,baseline,1b,2070,0.64,14.4407,0.1569,0.2957,0.7051,0.0017,0.0032,0.0076
SSP5-8.5,baseline,1b,2071,0.652,15.8584,0.1723,0.3247,0.7743,0.0019,0.0035,0.0084
SSP5-8.5,baseline,1b,2072,0.664,17.4134,0.1892,0.3565,0.8502,0.0021,0.0039,0.0092
SSP5-8.5,baseline,1b,2073,0.676,19.1188,0.2078,0.3915,0.9335,0.0023,0.0043,0.0102
SSP5-8.5,baseline,1b,2074,0.688,20.9891,0.2281,0.4298,1.0248,0.0025,0.0047,0.0112
SSP5-8.5,baseline,1b,2075,0.7,23.04,0.2504,0.4717,1.1249,0.0027,0.0052,0.0123
SSP5-8.5,baseline,1b,2076,0.712,25.2888,0.2748,0.5178,1.2347,0.003,0.0057,0.0136
SSP5-8.5,baseline,1b,2077,0.724,27.7543,0.3016,0.5683,1.3551,0.0033,0.0063,0.0149
SSP5-8.5,baseline,1b,2078,0.736,30.4572,0.331,0.6236,1.4871,0.0036,0.0069,0.0164
SSP5-8.5,baseline,1b,2079,0.748,33.4203,0.3632,0.6843,1.6317,0.004,0.0076,0.018
SSP5-8.5,baseline,1b,2080,0.76,36.6682,0.3985,0.7508,1.7903,0.0044,0.0083,0.0198
SSP5-8.5,baseline,1b,2081,0.772,40.2281,0.4372,0.8237,1.9641,0.0048,0.0091,0.0218
SSP5-8.5,baseline,1b,2082,0.784,44.1297,0.4796,0.9036,2.1546,0.0053,0.01,0.0239
SSP5-8.5,baseline,1b,2083,0.796,48.4055,0.526,0.9911,2.3634,0.0059,0.011,0.0263
SSP5-8.5,baseline,1b,2084,0.808,53.0911,0.577,1.087,2.5922,0.0064,0.0121,0.0289
SSP5-8.5,baseline,1b,2085,0.82,58.2252,0.6328,1.1922,2.8428,0.0071,0.0133,0.0317
SSP5-8.5,baseline,1b,2086,0.832,63.8506,0.6939,1.3073,3.1175,0.0078,0.0146,0.0349
SSP5-8.5,baseline,1b,2087,0.844,70.0138,0.7609,1.4335,3.4184,0.0085,0.016,0.0383
SSP5-8.5,baseline,1b,2088,0.856,76.7658,0.8343,1.5718,3.7481,0.0094,0.0176,0.042
SSP5-8.5,baseline,1b,2089,0.868,84.1623,0.9146,1.7232,4.1092,0.0103,0.0193,0.0461
SSP5-8.5,baseline,1b,2090,0.88,92.2644,1.0027,1.8891,4.5048,0.0113,0.0212,0.0506
SSP5-8.5,baseline,1b,2091,0.892,101.1389,1.0991,2.0708,4.9381,0.0124,0.0233,0.0556
SSP5-8.5,baseline,1b,2092,0.904,110.8586,1.2048,2.2698,5.4127,0.0136,0.0256,0.061
SSP5-8.5,baseline,1b,2093,0.916,121.5036,1.3204,2.4878,5.9324,0.0149,0.0281,0.0669
SSP5-8.5,baseline,1b,2094,0.928,133.1612,1.4471,2.7265,6.5016,0.0163,0.0308,0.0734
SSP5-8.5,baseline,1b,2095,0.94,145.927,1.5859,2.9879,7.1249,0.0179,0.0338,0.0805
SSP5-8.5,baseline,1b,2096,0.952,159.9055,1.7378,3.2741,7.8074,0.0197,0.0371,0.0884
SSP5-8.5,baseline,1b,2097,0.964,175.2111,1.9041,3.5874,8.5547,0.0216,0.0406,0.0969
SSP5-8.5,baseline,1b,2098,0.976,191.9687,2.0862,3.9306,9.3729,0.0237,0.0446,0.1063
SSP5-8.5,baseline,1b,2099,0.988,210.3151,2.2856,4.3062,10.2686,0.0259,0.0489,0.1165
SSP5-8.5,baseline,1b,2100,1.0,230.4,2.5039,4.7174,11.2493,0.0284,0.0536,0.1278
SSP5-8.5,baseline,2,2025,0.065,0.1478,0.0016,0.003,0.0072,0.0,0.0,0.0
SSP5-8.5,baseline,2,2026,0.078,0.1654,0.0018,0.0034,0.0081,0.0,0.0,0.0
SSP5-8.5,baseline,2,2027,0.091,0.1851,0.002,0.0038,0.009,0.0,0.0,0.0
SSP5-8.5,baseline,2,2028,0.104,0.207,0.0022,0.0042,0.0101,0.0,0.0,0.0
SSP5-8.5,baseline,2,2029,0.117,0.2314,0.0025,0.0047,0.0113,0.0,0.0,0.0
SSP5-8.5,baseline,2,2030,0.13,0.2585,0.0028,0.0053,0.0126,0.0,0.0,0.0001
SSP5-8.5,baseline,2,2031,0.144,0.2912,0.0032,0.006,0.0142,0.0,0.0,0.0001
SSP5-8.5,baseline,2,2032,0.158,0.3279,0.0036,0.0067,0.016,0.0,0.0,0.0001
SSP5-8.5,baseline,2,2033,0.172,0.369,0.004,0.0076,0.018,0.0,0.0,0.0001
SSP5-8.5,baseline,2,2034,0.186,0.415,0.0045,0.0085,0.0203,0.0,0.0001,0.0001
SSP5-8.5,baseline,2,2035,0.2,0.4667,0.0051,0.0096,0.0228,0.0,0.0001,0.0001
SSP5-8.5,baseline,2,2036,0.214,0.5245,0.0057,0.0107,0.0256,0.0,0.0001,0.0002
SSP5-8.5,baseline,2,2037,0.228,0.5893,0.0064,0.0121,0.0288,0.0,0.0001,0.0002
SSP5-8.5,baseline,2,2038,0.242,0.6618,0.0072,0.0136,0.0323,0.0001,0.0001,0.0002
SSP5-8.5,baseline,2,2039,0.256,0.743,0.0081,0.0152,0.0363,0.0001,0.0001,0.0003
SSP5-8.5,baseline,2,2040,0.27,0.8339,0.0091,0.0171,0.0407,0.0001,0.0001,0.0003
SSP5-8.5,baseline,2,2041,0.283,0.928,0.0101,0.019,0.0453,0.0001,0.0002,0.0004
SSP5-8.5,baseline,2,2042,0.296,1.0323,0.0112,0.0211,0.0504,0.0001,0.0002,0.0004
SSP5-8.5,baseline,2,2043,0.309,1.1481,0.0125,0.0235,0.0561,0.0001,0.0002,0.0005
SSP5-8.5,baseline,2,2044,0.322,1.2765,0.0139,0.0261,0.0623,0.0001,0.0002,0.0005
SSP5-8.5,baseline,2,2045,0.335,1.419,0.0154,0.0291,0.0693,0.0001,0.0003,0.0006
SSP5-8.5,baseline,2,2046,0.348,1.577,0.0171,0.0323,0.077,0.0001,0.0003,0.0007
SSP5-8.5,baseline,2,2047,0.361,1.7521,0.019,0.0359,0.0855,0.0002,0.0003,0.0008
SSP5-8.5,baseline,2,2048,0.374,1.9463,0.0212,0.0399,0.095,0.0002,0.0004,0.0009
SSP5-8.5,baseline,2,2049,0.387,2.1615,0.0235,0.0443,0.1055,0.0002,0.0004,0.001
SSP5-8.5,baseline,2,2050,0.4,2.4,0.0261,0.0491,0.1172,0.0002,0.0005,0.0011
SSP5-8.5,baseline,2,2051,0.412,2.6429,0.0287,0.0541,0.129,0.0003,0.0005,0.0012
SSP5-8.5,baseline,2,2052,0.424,2.91,0.0316,0.0596,0.1421,0.0003,0.0006,0.0013
SSP5-8.5,baseline,2,2053,0.436,3.2034,0.0348,0.0656,0.1564,0.0003,0.0006,0.0015
SSP5-8.5,baseline,2,2054,0.448,3.5259,0.0383,0.0722,0.1722,0.0004,0.0007,0.0017
SSP5-8.5,baseline,2,2055,0.46,3.8802,0.0422,0.0794,0.1895,0.0004,0.0008,0.0019
SSP5-8.5,baseline,2,2056,0.472,4.2695,0.0464,0.0874,0.2085,0.0005,0.0009,0.0021
SSP5-8.5,baseline,2,2057,0.484,4.6971,0.051,0.0962,0.2293,0.0005,0.001,0.0023
SSP5-8.5,baseline,2,2058,0.496,5.1667,0.0561,0.1058,0.2523,0.0006,0.0011,0.0026
SSP5-8.5,baseline,2,2059,0.508,5.6825,0.0618,0.1163,0.2774,0.0006,0.0012,0.0028
SSP5-8.5,baseline,2,2060,0.52,6.2489,0.0679,0.1279,0.3051,0.0007,0.0013,0.0031
SSP5-8.5,baseline,2,2061,0.532,6.8708,0.0747,0.1407,0.3355,0.0008,0.0015,0.0035
SSP5-8.5,baseline,2,2062,0.544,7.5536,0.0821,0.1547,0.3688,0.0009,0.0016,0.0038
SSP5-8.5,baseline,2,2063,0.556,8.3031,0.0902,0.17,0.4054,0.0009,0.0018,0.0042
SSP5-8.5,baseline,2,2064,0.568,9.1258,0.0992,0.1869,0.4456,0.001,0.002,0.0047
SSP5-8.5,baseline,2,2065,0.58,10.0287,0.109,0.2053,0.4897,0.0012,0.0022,0.0052
SSP5-8.5,baseline,2,2066,0.592,11.0197,0.1198,0.2256,0.538,0.0013,0.0024,0.0057
SSP5-8.5,baseline,2,2067,0.604,12.1071,0.1316,0.2479,0.5911,0.0014,0.0026,0.0063
SSP5-8.5,baseline,2,2068,0.616,13.3002,0.1445,0.2723,0.6494,0.0015,0.0029,0.007
SSP5-8.5,baseline,2,2069,0.628,14.6092,0.1588,0.2991,0.7133,0.0017,0.0032,0.0077
SSP5-8.5,baseline,2,2070,0.64,16.0452,0.1744,0.3285,0.7834,0.0019,0.0035,0.0085
SSP5-8.5,baseline,2,2071,0.652,17.6204,0.1915,0.3608,0.8603,0.0021,0.0039,0.0093
SSP5-8.5,baseline,2,2072,0.664,19.3482,0.2103,0.3962,0.9447,0.0023,0.0043,0.0103
SSP5-8.5,baseline,2,2073,0.676,21.2431,0.2309,0.435,1.0372,0.0025,0.0047,0.0113
SSP5-8.5,baseline,2,2074,0.688,23.3212,0.2534,0.4775,1.1387,0.0028,0.0052,0.0124
SSP5-8.5,baseline,2,2075,0.7,25.6,0.2782,0.5242,1.2499,0.003,0.0057,0.0137
SSP5-8.5,baseline,2,2076,0.712,28.0986,0.3054,0.5753,1.3719,0.0034,0.0063,0.0151
SSP5-8.5,baseline,2,2077,0.724,30.8381,0.3351,0.6314,1.5057,0.0037,0.0069,0.0166
SSP5-8.5,baseline,2,2078,0.736,33.8414,0.3678,0.6929,1.6523,0.0041,0.0076,0.0182
SSP5-8.5,baseline,2,2079,0.748,37.1337,0.4035,0.7603,1.8131,0.0045,0.0084,0.02
SSP5-8.5,baseline,2,2080,0.76,40.7425,0.4428,0.8342,1.9893,0.0049,0.0092,0.022
SSP5-8.5,baseline,2,2081,0.772,44.6979,0.4858,0.9152,2.1824,0.0054,0.0102,0.0242
SSP5-8.5,baseline,2,2082,0.784,49.0331,0.5329,1.004,2.394,0.0059,0.0112,0.0266
SSP5-8.5,baseline,2,2083,0.796,53.7839,0.5845,1.1012,2.626,0.0065,0.0123,0.0292
SSP5-8.5,baseline,2,2084,0.808,58.9901,0.6411,1.2078,2.8802,0.0071,0.0135,0.0321
SSP5-8.5,baseline,2,2085,0.82,64.6947,0.7031,1.3246,3.1587,0.0078,0.0148,0.0353
SSP5-8.5,baseline,2,2086,0.832,70.9451,0.771,1.4526,3.4639,0.0086,0.0162,0.0387
SSP5-8.5,baseline,2,2087,0.844,77.7931,0.8454,1.5928,3.7982,0.0095,0.0178,0.0425
SSP5-8.5,baseline,2,2088,0.856,85.2953,0.9269,1.7464,4.1645,0.0104,0.0196,0.0467
SSP5-8.5,baseline,2,2089,0.868,93.5137,1.0163,1.9147,4.5658,0.0114,0.0215,0.0513
SSP5-8.5,baseline,2,2090,0.88,102.516,1.1141,2.099,5.0053,0.0125,0.0236,0.0563
SSP5-8.5,baseline,2,2091,0.892,112.3765,1.2213,2.3009,5.4868,0.0137,0.0259,0.0617
SSP5-8.5,baseline,2,2092,0.904,123.1763,1.3386,2.522,6.0141,0.0151,0.0284,0.0678
SSP5-8.5,baseline,2,2093,0.916,135.004,1.4672,2.7642,6.5916,0.0165,0.0312,0.0744
SSP5-8.5,baseline,2,2094,0.928,147.9569,1.6079,3.0294,7.224,0.0182,0.0342,0.0816
SSP5-8.5,baseline,2,2095,0.94,162.1411,1.7621,3.3198,7.9165,0.0199,0.0375,0.0895
SSP5-8.5,baseline,2,2096,0.952,177.6728,1.9309,3.6379,8.6749,0.0219,0.0412,0.0982
SSP5-8.5,baseline,2,2097,0.964,194.6789,2.1157,3.9861,9.5052,0.024,0.0452,0.1077
SSP5-8.5,baseline,2,2098,0.976,213.2985,2.318,4.3673,10.4143,0.0263,0.0495,0.1181
SSP5-8.5,baseline,2,2099,0.988,233.6835,2.5396,4.7847,11.4096,0.0288,0.0543,0.1295
SSP5-8.5,baseline,2,2100,1.0,256.0,2.7821,5.2416,12.4992,0.0316,0.0595,0.142
SSP5-8.5,baseline,3,2025,0.065,0.133,0.0014,0.0027,0.0065,0.0,0.0,0.0
SSP5-8.5,baseline,3,2026,0.078,0.1489,0.0016,0.003,0.0073,0.0,0.0,0.0
SSP5-8.5,baseline,3,2027,0.091,0.1666,0.0018,0.0034,0.0081,0.0,0.0,0.0
SSP5-8.5,baseline,3,2028,0.104,0.1863,0.002,0.0038,0.0091,0.0,0.0,0.0
SSP5-8.5,baseline,3,2029,0.117,0.2082,0.0023,0.0043,0.0102,0.0,0.0,0.0
SSP5-8.5,baseline,3,2030,0.13,0.2327,0.0025,0.0048,0.0114,0.0,0.0,0.0001
SSP5-8.5,baseline,3,2031,0.144,0.2621,0.0028,0.0054,0.0128,0.0,0.0,0.0001
SSP5-8.5,baseline,3,2032,0.158,0.2951,0.0032,0.006,0.0144,0.0,0.0,0.0001
SSP5-8.5,baseline,3,2033,0.172,0.3321,0.0036,0.0068,0.0162,0.0,0.0,0.0001
SSP5-8.5,baseline,3,2034,0.186,0.3735,0.0041,0.0076,0.0182,0.0,0.0,0.0001
SSP5-8.5,baseline,3,2035,0.2,0.42,0.0046,0.0086,0.0205,0.0,0.0001,0.0001
SSP5-8.5,baseline,3,2036,0.214,0.4721,0.0051,0.0097,0.023,0.0,0.0001,0.0002
SSP5-8.5,baseline,3,2037,0.228,0.5304,0.0058,0.0109,0.0259,0.0,0.0001,0.0002
SSP5-8.5,baseline,3,2038,0.242,0.5956,0.0065,0.0122,0.0291,0.0,0.0001,0.0002
SSP5-8.5,baseline,3,2039,0.256,0.6687,0.0073,0.0137,0.0327,0.0001,0.0001,0.0002
SSP5-8.5,baseline,3,2040,0.27,0.7505,0.0082,0.0154,0.0366,0.0001,0.0001,0.0003
SSP5-8.5,baseline,3,2041,0.283,0.8352,0.0091,0.0171,0.0408,0.0001,0.0001,0.0003
SSP5-8.5,baseline,3,2042,0.296,0.9291,0.0101,0.019,0.0454,0.0001,0.0002,0.0004
SSP5-8.5,baseline,3,2043,0.309,1.0333,0.0112,0.0212,0.0505,0.0001,0.0002,0.0004
SSP5-8.5,baseline,3,2044,0.322,1.1489,0.0125,0.0235,0.0561,0.0001,0.0002,0.0005
SSP5-8.5,baseline,3,2045,0.335,1.2771,0.0139,0.0261,0.0624,0.0001,0.0002,0.0005
SSP5-8.5,baseline,3,2046,0.348,1.4193,0.0154,0.0291,0.0693,0.0001,0.0003,0.0006
SSP5-8.5,baseline,3,2047,0.361,1.5769,0.0171,0.0323,0.077,0.0002,0.0003,0.0007
SSP5-8.5,baseline,3,2048,0.374,1.7517,0.019,0.0359,0.0855,0.0002,0.0003,0.0008
SSP5-8.5,baseline,3,2049,0.387,1.9454,0.0211,0.0398,0.095,0.0002,0.0004,0.0009
SSP5-8.5,baseline,3,2050,0.4,2.16,0.0235,0.0442,0.1055,0.0002,0.0004,0.001
SSP5-8.5,baseline,3,2051,0.412,2.3786,0.0258,0.0487,0.1161,0.0002,0.0005,0.0011
SSP5-8.5,baseline,3,2052,0.424,2.619,0.0285,0.0536,0.1279,0.0003,0.0005,0.0012
SSP5-8.5,baseline,3,2053,0.436,2.8831,0.0313,0.059,0.1408,0.0003,0.0006,0.0014
SSP5-8.5,baseline,3,2054,0.448,3.1733,0.0345,0.065,0.1549,0.0003,0.0006,0.0015
SSP5-8.5,baseline,3,2055,0.46,3.4922,0.038,0.0715,0.1705,0.0004,0.0007,0.0017
SSP5-8.5,baseline,3,2056,0.472,3.8425,0.0418,0.0787,0.1876,0.0004,0.0008,0.0019
SSP5-8.5,baseline,3,2057,0.484,4.2274,0.0459,0.0866,0.2064,0.0005,0.0009,0.0021
SSP5-8.5,baseline,3,2058,0.496,4.6501,0.0505,0.0952,0.227,0.0005,0.001,0.0023
SSP5-8.5,baseline,3,2059,0.508,5.1143,0.0556,0.1047,0.2497,0.0006,0.0011,0.0026
SSP5-8.5,baseline,3,2060,0.52,5.624,0.0611,0.1152,0.2746,0.0006,0.0012,0.0028
SSP5-8.5,baseline,3,2061,0.532,6.1837,0.0672,0.1266,0.3019,0.0007,0.0013,0.0031
SSP5-8.5,baseline,3,2062,0.544,6.7982,0.0739,0.1392,0.3319,0.0008,0.0015,0.0035
SSP5-8.5,baseline,3,2063,0.556,7.4728,0.0812,0.153,0.3649,0.0009,0.0016,0.0038
SSP5-8.5,baseline,3,2064,0.568,8.2132,0.0893,0.1682,0.401,0.0009,0.0018,0.0042
SSP5-8.5,baseline,3,2065,0.58,9.0259,0.0981,0.1848,0.4407,0.001,0.002,0.0047
SSP5-8.5,baseline,3,2066,0.592,9.9177,0.1078,0.2031,0.4842,0.0011,0.0022,0.0051
SSP5-8.5,baseline,3,2067,0.604,10.8964,0.1184,0.2231,0.532,0.0013,0.0024,0.0057
SSP5-8.5,baseline,3,2068,0.616,11.9702,0.1301,0.2451,0.5844,0.0014,0.0026,0.0063
SSP5-8.5,baseline,3,2069,0.628,13.1483,0.1429,0.2692,0.642,0.0015,0.0029,0.0069
SSP5-8.5,baseline,3,2070,0.64,14.4407,0.1569,0.2957,0.7051,0.0017,0.0032,0.0076
SSP5-8.5,baseline,3,2071,0.652,15.8584,0.1723,0.3247,0.7743,0.0019,0.0035,0.0084
SSP5-8.5,baseline,3,2072,0.664,17.4134,0.1892,0.3565,0.8502,0.0021,0.0039,0.0092
SSP5-8.5,baseline,3,2073,0.676,19.1188,0.2078,0.3915,0.9335,0.0023,0.0043,0.0102
SSP5-8.5,baseline,3,2074,0.688,20.9891,0.2281,0.4298,1.0248,0.0025,0.0047,0.0112
SSP5-8.5,baseline,3,2075,0.7,23.04,0.2504,0.4717,1.1249,0.0027,0.0052,0.0123
SSP5-8.5,baseline,3,2076,0.712,25.2888,0.2748,0.5178,1.2347,0.003,0.0057,0.0136
SSP5-8.5,baseline,3,2077,0.724,27.7543,0.3016,0.5683,1.3551,0.0033,0.0063,0.0149
SSP5-8.5,baseline,3,2078,0.736,30.4572,0.331,0.6236,1.4871,0.0036,0.0069,0.0164
SSP5-8.5,baseline,3,2079,0.748,33.4203,0.3632,0.6843,1.6317,0.004,0.0076,0.018
SSP5-8.5,baseline,3,2080,0.76,36.6682,0.3985,0.7508,1.7903,0.0044,0.0083,0.0198
SSP5-8.5,baseline,3,2081,0.772,40.2281,0.4372,0.8237,1.9641,0.0048,0.0091,0.0218
SSP5-8.5,baseline,3,2082,0.784,44.1297,0.4796,0.9036,2.1546,0.0053,0.01,0.0239
SSP5-8.5,baseline,3,2083,0.796,48.4055,0.526,0.9911,2.3634,0.0059,0.011,0.0263
SSP5-8.5,baseline,3,2084,0.808,53.0911,0.577,1.087,2.5922,0.0064,0.0121,0.0289
SSP5-8.5,baseline,3,2085,0.82,58.2252,0.6328,1.1922,2.8428,0.0071,0.0133,0.0317
SSP5-8.5,baseline,3,2086,0.832,63.8506,0.6939,1.3073,3.1175,0.0078,0.0146,0.0349
SSP5-8.5,baseline,3,2087,0.844,70.0138,0.7609,1.4335,3.4184,0.0085,0.016,0.0383
SSP5-8.5,baseline,3,2088,0.856,76.7658,0.8343,1.5718,3.7481,0.0094,0.0176,0.042
SSP5-8.5,baseline,3,2089,0.868,84.1623,0.9146,1.7232,4.1092,0.0103,0.0193,0.0461
SSP5-8.5,baseline,3,2090,0.88,92.2644,1.0027,1.8891,4.5048,0.0113,0.0212,0.0506
SSP5-8.5,baseline,3,2091,0.892,101.1389,1.0991,2.0708,4.9381,0.0124,0.0233,0.0556
SSP5-8.5,baseline,3,2092,0.904,110.8586,1.2048,2.2698,5.4127,0.0136,0.0256,0.061
SSP5-8.5,baseline,3,2093,0.916,121.5036,1.3204,2.4878,5.9324,0.0149,0.0281,0.0669
SSP5-8.5,baseline,3,2094,0.928,133.1612,1.4471,2.7265,6.5016,0.0163,0.0308,0.0734
SSP5-8.5,baseline,3,2095,0.94,145.927,1.5859,2.9879,7.1249,0.0179,0.0338,0.0805
SSP5-8.5,baseline,3,2096,0.952,159.9055,1.7378,3.2741,7.8074,0.0197,0.0371,0.0884
SSP5-8.5,baseline,3,2097,0.964,175.2111,1.9041,3.5874,8.5547,0.0216,0.0406,0.0969
SSP5-8.5,baseline,3,2098,0.976,191.9687,2.0862,3.9306,9.3729,0.0237,0.0446,0.1063
SSP5-8.5,baseline,3,2099,0.988,210.3151,2.2856,4.3062,10.2686,0.0259,0.0489,0.1165
SSP5-8.5,baseline,3,2100,1.0,230.4,2.5039,4.7174,11.2493,0.0284,0.0536,0.1278
SSP5-8.5,+geoid,1a,2025,0.215,0.476,0.0052,0.0097,0.0232,0.0,0.0,0.0
SSP5-8.5,+geoid,1a,2026,0.228,0.5304,0.0058,0.0109,0.0259,0.0,0.0,0.0
SSP5-8.5,+geoid,1a,2027,0.241,0.5907,0.0064,0.0121,0.0288,0.0,0.0,0.0001
SSP5-8.5,+geoid,1a,2028,0.254,0.6578,0.0071,0.0135,0.0321,0.0,0.0,0.0001
SSP5-8.5,+geoid,1a,2029,0.267,0.7322,0.008,0.015,0.0358,0.0,0.0001,0.0001
SSP5-8.5,+geoid,1a,2030,0.28,0.8148,0.0089,0.0167,0.0398,0.0,0.0001,0.0002
SSP5-8.5,+geoid,1a,2031,0.294,0.914,0.0099,0.0187,0.0446,0.0001,0.0001,0.0002
SSP5-8.5,+geoid,1a,2032,0.308,1.0249,0.0111,0.021,0.05,0.0001,0.0001,0.0003
SSP5-8.5,+geoid,1a,2033,0.322,1.1489,0.0125,0.0235,0.0561,0.0001,0.0001,0.0003
SSP5-8.5,+geoid,1a,2034,0.336,1.2875,0.014,0.0264,0.0629,0.0001,0.0002,0.0004
SSP5-8.5,+geoid,1a,2035,0.35,1.4425,0.0157,0.0295,0.0704,0.0001,0.0002,0.0005
SSP5-8.5,+geoid,1a,2036,0.364,1.6157,0.0176,0.0331,0.0789,0.0001,0.0002,0.0005
SSP5-8.5,+geoid,1a,2037,0.378,1.8092,0.0197,0.037,0.0883,0.0001,0.0003,0.0006
SSP5-8.5,+geoid,1a,2038,0.392,2.0253,0.022,0.0415,0.0989,0.0002,0.0003,0.0007
SSP5-8.5,+geoid,1a,2039,0.406,2.2667,0.0246,0.0464,0.1107,0.0002,0.0004,0.0008
SSP5-8.5,+geoid,1a,2040,0.42,2.5363,0.0276,0.0519,0.1238,0.0002,0.0004,0.001
SSP5-8.5,+geoid,1a,2041,0.433,2.8147,0.0306,0.0576,0.1374,0.0002,0.0005,0.0011
SSP5-8.5,+geoid,1a,2042,0.446,3.123,0.0339,0.0639,0.1525,0.0003,0.0005,0.0013
SSP5-8.5,+geoid,1a,2043,0.459,3.4645,0.0377,0.0709,0.1692,0.0003,0.0006,0.0014
SSP5-8.5,+geoid,1a,2044,0.472,3.8425,0.0418,0.0787,0.1876,0.0004,0.0007,0.0016
SSP5-8.5,+geoid,1a,2045,0.485,4.2611,0.0463,0.0872,0.208,0.0004,0.0008,0.0018
SSP5-8.5,+geoid,1a,2046,0.498,4.7244,0.0513,0.0967,0.2307,0.0005,0.0009,0.0021
SSP5-8.5,+geoid,1a,2047,0.511,5.2373,0.0569,0.1072,0.2557,0.0005,0.001,0.0023
SSP5-8.5,+geoid,1a,2048,0.524,5.8048,0.0631,0.1189,0.2834,0.0006,0.0011,0.0026
SSP5-8.5,+geoid,1a,2049,0.537,6.4328,0.0699,0.1317,0.3141,0.0006,0.0012,0.0029
SSP5-8.5,+geoid,1a,2050,0.55,7.1276,0.0775,0.1459,0.348,0.0007,0.0014,0.0033
SSP5-8.5,+geoid,1a,2051,0.562,7.8344,0.0851,0.1604,0.3825,0.0008,0.0015,0.0036
SSP5-8.5,+geoid,1a,2052,0.574,8.6101,0.0936,0.1763,0.4204,0.0009,0.0017,0.0041
SSP5-8.5,+geoid,1a,2053,0.586,9.4614,0.1028,0.1937,0.462,0.001,0.0019,0.0045
SSP5-8.5,+geoid,1a,2054,0.598,10.3957,0.113,0.2129,0.5076,0.0011,0.0021,0.005
SSP5-8.5,+geoid,1a,2055,0.61,11.4208,0.1241,0.2338,0.5576,0.0012,0.0023,0.0056
SSP5-8.5,+geoid,1a,2056,0.622,12.5456,0.1363,0.2569,0.6125,0.0014,0.0026,0.0062
SSP5-8.5,+geoid,1a,2057,0.634,13.7795,0.1497,0.2821,0.6728,0.0015,0.0029,0.0069
SSP5-8.5,+geoid,1a,2058,0.646,15.1332,0.1645,0.3099,0.7389,0.0017,0.0032,0.0076
SSP5-8.5,+geoid,1a,2059,0.658,16.6179,0.1806,0.3403,0.8114,0.0019,0.0035,0.0084
SSP5-8.5,+geoid,1a,2060,0.67,18.2464,0.1983,0.3736,0.8909,0.0021,0.0039,0.0093
SSP5-8.5,+geoid,1a,2061,0.682,20.0324,0.2177,0.4102,0.9781,0.0023,0.0043,0.0103
SSP5-8.5,+geoid,1a,2062,0.694,21.9909,0.239,0.4503,1.0737,0.0025,0.0048,0.0114
SSP5-8.5,+geoid,1a,2063,0.706,24.1385,0.2623,0.4942,1.1786,0.0028,0.0053,0.0125
SSP5-8.5,+geoid,1a,2064,0.718,26.4932,0.2879,0.5424,1.2935,0.0031,0.0058,0.0138
SSP5-8.5,+geoid,1a,2065,0.73,29.0747,0.316,0.5953,1.4196,0.0034,0.0064,0.0153
SSP5-8.5,+geoid,1a,2066,0.742,31.9048,0.3467,0.6532,1.5577,0.0037,0.0071,0.0168
SSP5-8.5,+geoid,1a,2067,0.754,35.007,0.3804,0.7168,1.7092,0.0041,0.0078,0.0185
SSP5-8.5,+geoid,1a,2068,0.766,38.4074,0.4174,0.7864,1.8752,0.0045,0.0086,0.0204
SSP5-8.5,+geoid,1a,2069,0.778,42.1343,0.4579,0.8627,2.0572,0.005,0.0094,0.0225
SSP5-8.5,+geoid,1a,2070,0.79,46.2187,0.5023,0.9463,2.2566,0.0055,0.0104,0.0247
SSP5-8.5,+geoid,1a,2071,0.802,50.6947,0.5509,1.038,2.4752,0.0061,0.0114,0.0272
SSP5-8.5,+geoid,1a,2072,0.814,55.5995,0.6042,1.1384,2.7146,0.0067,0.0125,0.0299
SSP5-8.5,+geoid,1a,2073,0.826,60.9737,0.6626,1.2484,2.977,0.0073,0.0138,0.0329
SSP5-8.5,+geoid,1a,2074,0.838,66.8619,0.7266,1.369,3.2645,0.008,0.0152,0.0361
SSP5-8.5,+geoid,1a,2075,0.85,73.3128,0.7967,1.5011,3.5795,0.0088,0.0167,0.0397
SSP5-8.5,+geoid,1a,2076,0.862,80.3798,0.8735,1.6458,3.9245,0.0097,0.0183,0.0436
SSP5-8.5,+geoid,1a,2077,0.874,88.1211,0.9577,1.8043,4.3025,0.0107,0.0201,0.048
SSP5-8.5,+geoid,1a,2078,0.886,96.6007,1.0498,1.9779,4.7165,0.0117,0.0221,0.0527
SSP5-8.5,+geoid,1a,2079,0.898,105.8883,1.1507,2.1681,5.17,0.0129,0.0243,0.0578
SSP5-8.5,+geoid,1a,2080,0.91,116.0602,1.2613,2.3763,5.6666,0.0141,0.0266,0.0635
SSP5-8.5,+geoid,1a,2081,0.922,127.2001,1.3823,2.6044,6.2105,0.0155,0.0292,0.0697
SSP5-8.5,+geoid,1a,2082,0.934,139.3993,1.5149,2.8542,6.8062,0.017,0.0321,0.0765
SSP5-8.5,+geoid,1a,2083,0.946,152.7578,1.6601,3.1277,7.4584,0.0187,0.0352,0.084
SSP5-8.5,+geoid,1a,2084,0.958,167.3848,1.8191,3.4272,8.1726,0.0205,0.0386,0.0922
SSP5-8.5,+geoid,1a,2085,0.97,183.4001,1.9931,3.7551,8.9545,0.0225,0.0424,0.1011
SSP5-8.5,+geoid,1a,2086,0.982,200.9343,2.1837,4.1141,9.8106,0.0247,0.0465,0.1109
SSP5-8.5,+geoid,1a,2087,0.994,220.1304,2.3923,4.5072,10.7479,0.0271,0.051,0.1217
SSP5-8.5,+geoid,1a,2088,1.006,241.1448,2.6206,4.9374,11.7739,0.0297,0.056,0.1334
SSP5-8.5,+geoid,1a,2089,1.018,264.1486,2.8706,5.4084,12.8971,0.0326,0.0614,0.1463
SSP5-8.5,+geoid,1a,2090,1.03,289.3288,3.1443,5.924,14.1265,0.0357,0.0673,0.1605
SSP5-8.5,+geoid,1a,2091,1.042,316.8897,3.4438,6.4883,15.4721,0.0392,0.0738,0.1759
SSP5-8.5,+geoid,1a,2092,1.054,347.0551,3.7716,7.106,16.945,0.0429,0.0809,0.1929
SSP5-8.5,+geoid,1a,2093,1.066,365.0,3.9666,7.4734,17.8211,0.0469,0.0884,0.2107
SSP5-8.5,+geoid,1a,2094,1.078,365.0,3.9666,7.4734,17.8211,0.0509,0.0958,0.2285
SSP5-8.5,+geoid,1a,2095,1.09,365.0,3.9666,7.4734,17.8211,0.0548,0.1033,0.2463
SSP5-8.5,+geoid,1a,2096,1.102,365.0,3.9666,7.4734,17.8211,0.0588,0.1108,0.2642
SSP5-8.5,+geoid,1a,2097,1.114,365.0,3.9666,7.4734,17.8211,0.0628,0.1183,0.282
SSP5-8.5,+geoid,1a,2098,1.126,365.0,3.9666,7.4734,17.8211,0.0667,0.1257,0.2998
SSP5-8.5,+geoid,1a,2099,1.138,365.0,3.9666,7.4734,17.8211,0.0707,0.1332,0.3176
SSP5-8.5,+geoid,1a,2100,1.15,365.0,3.9666,7.4734,17.8211,0.0747,0.1407,0.3354
SSP5-8.5,+geoid,1b,2025,0.215,0.476,0.0052,0.0097,0.0232,0.0,0.0,0.0
SSP5-8.5,+geoid,1b,2026,0.228,0.5304,0.0058,0.0109,0.0259,0.0,0.0,0.0
SSP5-8.5,+geoid,1b,2027,0.241,0.5907,0.0064,0.0121,0.0288,0.0,0.0,0.0001
SSP5-8.5,+geoid,1b,2028,0.254,0.6578,0.0071,0.0135,0.0321,0.0,0.0,0.0001
SSP5-8.5,+geoid,1b,2029,0.267,0.7322,0.008,0.015,0.0358,0.0,0.0001,0.0001
SSP5-8.5,+geoid,1b,2030,0.28,0.8148,0.0089,0.0167,0.0398,0.0,0.0001,0.0002
SSP5-8.5,+geoid,1b,2031,0.294,0.914,0.0099,0.0187,0.0446,0.0001,0.0001,0.0002
SSP5-8.5,+geoid,1b,2032,0.308,1.0249,0.0111,0.021,0.05,0.0001,0.0001,0.0003
SSP5-8.5,+geoid,1b,2033,0.322,1.1489,0.0125,0.0235,0.0561,0.0001,0.0001,0.0003
SSP5-8.5,+geoid,1b,2034,0.336,1.2875,0.014,0.0264,0.0629,0.0001,0.0002,0.0004
SSP5-8.5,+geoid,1b,2035,0.35,1.4425,0.0157,0.0295,0.0704,0.0001,0.0002,0.0005
SSP5-8.5,+geoid,1b,2036,0.364,1.6157,0.0176,0.0331,0.0789,0.0001,0.0002,0.0005
SSP5-8.5,+geoid,1b,2037,0.378,1.8092,0.0197,0.037,0.0883,0.0001,0.0003,0.0006
SSP5-8.5,+geoid,1b,2038,0.392,2.0253,0.022,0.0415,0.0989,0.0002,0.0003,0.0007
SSP5-8.5,+geoid,1b,2039,0.406,2.2667,0.0246,0.0464,0.1107,0.0002,0.0004,0.0008
SSP5-8.5,+geoid,1b,2040,0.42,2.5363,0.0276,0.0519,0.1238,0.0002,0.0004,0.001
SSP5-8.5,+geoid,1b,2041,0.433,2.8147,0.0306,0.0576,0.1374,0.0002,0.0005,0.0011
SSP5-8.5,+geoid,1b,2042,0.446,3.123,0.0339,0.0639,0.1525,0.0003,0.0005,0.0013
SSP5-8.5,+geoid,1b,2043,0.459,3.4645,0.0377,0.0709,0.1692,0.0003,0.0006,0.0014
SSP5-8.5,+geoid,1b,2044,0.472,3.8425,0.0418,0.0787,0.1876,0.0004,0.0007,0.0016
SSP5-8.5,+geoid,1b,2045,0.485,4.2611,0.0463,0.0872,0.208,0.0004,0.0008,0.0018
SSP5-8.5,+geoid,1b,2046,0.498,4.7244,0.0513,0.0967,0.2307,0.0005,0.0009,0.0021
SSP5-8.5,+geoid,1b,2047,0.511,5.2373,0.0569,0.1072,0.2557,0.0005,0.001,0.0023
SSP5-8.5,+geoid,1b,2048,0.524,5.8048,0.0631,0.1189,0.2834,0.0006,0.0011,0.0026
SSP5-8.5,+geoid,1b,2049,0.537,6.4328,0.0699,0.1317,0.3141,0.0006,0.0012,0.0029
SSP5-8.5,+geoid,1b,2050,0.55,7.1276,0.0775,0.1459,0.348,0.0007,0.0014,0.0033
SSP5-8.5,+geoid,1b,2051,0.562,7.8344,0.0851,0.1604,0.3825,0.0008,0.0015,0.0036
SSP5-8.5,+geoid,1b,2052,0.574,8.6101,0.0936,0.1763,0.4204,0.0009,0.0017,0.0041
SSP5-8.5,+geoid,1b,2053,0.586,9.4614,0.1028,0.1937,0.462,0.001,0.0019,0.0045
SSP5-8.5,+geoid,1b,2054,0.598,10.3957,0.113,0.2129,0.5076,0.0011,0.0021,0.005
SSP5-8.5,+geoid,1b,2055,0.61,11.4208,0.1241,0.2338,0.5576,0.0012,0.0023,0.0056
SSP5-8.5,+geoid,1b,2056,0.622,12.5456,0.1363,0.2569,0.6125,0.0014,0.0026,0.0062
SSP5-8.5,+geoid,1b,2057,0.634,13.7795,0.1497,0.2821,0.6728,0.0015,0.0029,0.0069
SSP5-8.5,+geoid,1b,2058,0.646,15.1332,0.1645,0.3099,0.7389,0.0017,0.0032,0.0076
SSP5-8.5,+geoid,1b,2059,0.658,16.6179,0.1806,0.3403,0.8114,0.0019,0.0035,0.0084
SSP5-8.5,+geoid,1b,2060,0.67,18.2464,0.1983,0.3736,0.8909,0.0021,0.0039,0.0093
SSP5-8.5,+geoid,1b,2061,0.682,20.0324,0.2177,0.4102,0.9781,0.0023,0.0043,0.0103
SSP5-8.5,+geoid,1b,2062,0.694,21.9909,0.239,0.4503,1.0737,0.0025,0.0048,0.0114
SSP5-8.5,+geoid,1b,2063,0.706,24.1385,0.2623,0.4942,1.1786,0.0028,0.0053,0.0125
SSP5-8.5,+geoid,1b,2064,0.718,26.4932,0.2879,0.5424,1.2935,0.0031,0.0058,0.0138
SSP5-8.5,+geoid,1b,2065,0.73,29.0747,0.316,0.5953,1.4196,0.0034,0.0064,0.0153
SSP5-8.5,+geoid,1b,2066,0.742,31.9048,0.3467,0.6532,1.5577,0.0037,0.0071,0.0168
SSP5-8.5,+geoid,1b,2067,0.754,35.007,0.3804,0.7168,1.7092,0.0041,0.0078,0.0185
SSP5-8.5,+geoid,1b,2068,0.766,38.4074,0.4174,0.7864,1.8752,0.0045,0.0086,0.0204
SSP5-8.5,+geoid,1b,2069,0.778,42.1343,0.4579,0.8627,2.0572,0.005,0.0094,0.0225
SSP5-8.5,+geoid,1b,2070,0.79,46.2187,0.5023,0.9463,2.2566,0.0055,0.0104,0.0247
SSP5-8.5,+geoid,1b,2071,0.802,50.6947,0.5509,1.038,2.4752,0.0061,0.0114,0.0272
SSP5-8.5,+geoid,1b,2072,0.814,55.5995,0.6042,1.1384,2.7146,0.0067,0.0125,0.0299
SSP5-8.5,+geoid,1b,2073,0.826,60.9737,0.6626,1.2484,2.977,0.0073,0.0138,0.0329
SSP5-8.5,+geoid,1b,2074,0.838,66.8619,0.7266,1.369,3.2645,0.008,0.0152,0.0361
SSP5-8.5,+geoid,1b,2075,0.85,73.3128,0.7967,1.5011,3.5795,0.0088,0.0167,0.0397
SSP5-8.5,+geoid,1b,2076,0.862,80.3798,0.8735,1.6458,3.9245,0.0097,0.0183,0.0436
SSP5-8.5,+geoid,1b,2077,0.874,88.1211,0.9577,1.8043,4.3025,0.0107,0.0201,0.048
SSP5-8.5,+geoid,1b,2078,0.886,96.6007,1.0498,1.9779,4.7165,0.0117,0.0221,0.0527
SSP5-8.5,+geoid,1b,2079,0.898,105.8883,1.1507,2.1681,5.17,0.0129,0.0243,0.0578
SSP5-8.5,+geoid,1b,2080,0.91,116.0602,1.2613,2.3763,5.6666,0.0141,0.0266,0.0635
SSP5-8.5,+geoid,1b,2081,0.922,127.2001,1.3823,2.6044,6.2105,0.0155,0.0292,0.0697
SSP5-8.5,+geoid,1b,2082,0.934,139.3993,1.5149,2.8542,6.8062,0.017,0.0321,0.0765
SSP5-8.5,+geoid,1b,2083,0.946,152.7578,1.6601,3.1277,7.4584,0.0187,0.0352,0.084
SSP5-8.5,+geoid,1b,2084,0.958,167.3848,1.8191,3.4272,8.1726,0.0205,0.0386,0.0922
SSP5-8.5,+geoid,1b,2085,0.97,183.4001,1.9931,3.7551,8.9545,0.0225,0.0424,0.1011
SSP5-8.5,+geoid,1b,2086,0.982,200.9343,2.1837,4.1141,9.8106,0.0247,0.0465,0.1109
SSP5-8.5,+geoid,1b,2087,0.994,220.1304,2.3923,4.5072,10.7479,0.0271,0.051,0.1217
SSP5-8.5,+geoid,1b,2088,1.006,241.1448,2.6206,4.9374,11.7739,0.0297,0.056,0.1334
SSP5-8.5,+geoid,1b,2089,1.018,264.1486,2.8706,5.4084,12.8971,0.0326,0.0614,0.1463
SSP5-8.5,+geoid,1b,2090,1.03,289.3288,3.1443,5.924,14.1265,0.0357,0.0673,0.1605
SSP5-8.5,+geoid,1b,2091,1.042,316.8897,3.4438,6.4883,15.4721,0.0392,0.0738,0.1759
SSP5-8.5,+geoid,1b,2092,1.054,347.0551,3.7716,7.106,16.945,0.0429,0.0809,0.1929
SSP5-8.5,+geoid,1b,2093,1.066,365.0,3.9666,7.4734,17.8211,0.0469,0.0884,0.2107
SSP5-8.5,+geoid,1b,2094,1.078,365.0,3.9666,7.4734,17.8211,0.0509,0.0958,0.2285
SSP5-8.5,+geoid,1b,2095,1.09,365.0,3.9666,7.4734,17.8211,0.0548,0.1033,0.2463
SSP5-8.5,+geoid,1b,2096,1.102,365.0,3.9666,7.4734,17.8211,0.0588,0.1108,0.2642
SSP5-8.5,+geoid,1b,2097,1.114,365.0,3.9666,7.4734,17.8211,0.0628,0.1183,0.282
SSP5-8.5,+geoid,1b,2098,1.126,365.0,3.9666,7.4734,17.8211,0.0667,0.1257,0.2998
SSP5-8.5,+geoid,1b,2099,1.138,365.0,3.9666,7.4734,17.8211,0.0707,0.1332,0.3176
SSP5-8.5,+geoid,1b,2100,1.15,365.0,3.9666,7.4734,17.8211,0.0747,0.1407,0.3354
SSP5-8.5,+geoid,2,2025,0.215,0.5289,0.0057,0.0108,0.0258,0.0,0.0,0.0
SSP5-8.5,+geoid,2,2026,0.228,0.5893,0.0064,0.0121,0.0288,0.0,0.0,0.0001
SSP5-8.5,+geoid,2,2027,0.241,0.6564,0.0071,0.0134,0.032,0.0,0.0,0.0001
SSP5-8.5,+geoid,2,2028,0.254,0.7309,0.0079,0.015,0.0357,0.0,0.0001,0.0001
SSP5-8.5,+geoid,2,2029,0.267,0.8136,0.0088,0.0167,0.0397,0.0,0.0001,0.0002
SSP5-8.5,+geoid,2,2030,0.28,0.9054,0.0098,0.0185,0.0442,0.0,0.0001,0.0002
SSP5-8.5,+geoid,2,2031,0.294,1.0155,0.011,0.0208,0.0496,0.0001,0.0001,0.0003
SSP5-8.5,+geoid,2,2032,0.308,1.1388,0.0124,0.0233,0.0556,0.0001,0.0001,0.0003
SSP5-8.5,+geoid,2,2033,0.322,1.2765,0.0139,0.0261,0.0623,0.0001,0.0002,0.0004
SSP5-8.5,+geoid,2,2034,0.336,1.4306,0.0155,0.0293,0.0698,0.0001,0.0002,0.0004
SSP5-8.5,+geoid,2,2035,0.35,1.6028,0.0174,0.0328,0.0783,0.0001,0.0002,0.0005
SSP5-8.5,+geoid,2,2036,0.364,1.7952,0.0195,0.0368,0.0877,0.0001,0.0003,0.0006
SSP5-8.5,+geoid,2,2037,0.378,2.0102,0.0218,0.0412,0.0981,0.0002,0.0003,0.0007
SSP5-8.5,+geoid,2,2038,0.392,2.2504,0.0245,0.0461,0.1099,0.0002,0.0003,0.0008
SSP5-8.5,+geoid,2,2039,0.406,2.5186,0.0274,0.0516,0.123,0.0002,0.0004,0.0009
SSP5-8.5,+geoid,2,2040,0.42,2.8181,0.0306,0.0577,0.1376,0.0002,0.0005,0.0011
SSP5-8.5,+geoid,2,2041,0.433,3.1274,0.034,0.064,0.1527,0.0003,0.0005,0.0012
SSP5-8.5,+geoid,2,2042,0.446,3.47,0.0377,0.071,0.1694,0.0003,0.0006,0.0014
SSP5-8.5,+geoid,2,2043,0.459,3.8494,0.0418,0.0788,0.1879,0.0004,0.0007,0.0016
SSP5-8.5,+geoid,2,2044,0.472,4.2695,0.0464,0.0874,0.2085,0.0004,0.0008,0.0018
SSP5-8.5,+geoid,2,2045,0.485,4.7346,0.0515,0.0969,0.2312,0.0005,0.0009,0.002
SSP5-8.5,+geoid,2,2046,0.498,5.2494,0.057,0.1075,0.2563,0.0005,0.001,0.0023
SSP5-8.5,+geoid,2,2047,0.511,5.8192,0.0632,0.1191,0.2841,0.0006,0.0011,0.0026
SSP5-8.5,+geoid,2,2048,0.524,6.4498,0.0701,0.1321,0.3149,0.0006,0.0012,0.0029
SSP5-8.5,+geoid,2,2049,0.537,7.1476,0.0777,0.1463,0.349,0.0007,0.0014,0.0032
SSP5-8.5,+geoid,2,2050,0.55,7.9196,0.0861,0.1622,0.3867,0.0008,0.0015,0.0036
SSP5-8.5,+geoid,2,2051,0.562,8.7049,0.0946,0.1782,0.425,0.0009,0.0017,0.004
SSP5-8.5,+geoid,2,2052,0.574,9.5668,0.104,0.1959,0.4671,0.001,0.0019,0.0045
SSP5-8.5,+geoid,2,2053,0.586,10.5127,0.1142,0.2152,0.5133,0.0011,0.0021,0.005
SSP5-8.5,+geoid,2,2054,0.598,11.5508,0.1255,0.2365,0.564,0.0012,0.0023,0.0056
SSP5-8.5,+geoid,2,2055,0.61,12.6898,0.1379,0.2598,0.6196,0.0014,0.0026,0.0062
SSP5-8.5,+geoid,2,2056,0.622,13.9395,0.1515,0.2854,0.6806,0.0015,0.0029,0.0069
SSP5-8.5,+geoid,2,2057,0.634,15.3106,0.1664,0.3135,0.7475,0.0017,0.0032,0.0076
SSP5-8.5,+geoid,2,2058,0.646,16.8146,0.1827,0.3443,0.821,0.0019,0.0035,0.0085
SSP5-8.5,+geoid,2,2059,0.658,18.4644,0.2007,0.3781,0.9015,0.0021,0.0039,0.0094
SSP5-8.5,+geoid,2,2060,0.67,20.2738,0.2203,0.4151,0.9899,0.0023,0.0043,0.0103
SSP5-8.5,+geoid,2,2061,0.682,22.2582,0.2419,0.4557,1.0868,0.0025,0.0048,0.0114
SSP5-8.5,+geoid,2,2062,0.694,24.4344,0.2655,0.5003,1.193,0.0028,0.0053,0.0126
SSP5-8.5,+geoid,2,2063,0.706,26.8206,0.2915,0.5492,1.3095,0.0031,0.0058,0.0139
SSP5-8.5,+geoid,2,2064,0.718,29.4369,0.3199,0.6027,1.4373,0.0034,0.0064,0.0154
SSP5-8.5,+geoid,2,2065,0.73,32.3052,0.3511,0.6614,1.5773,0.0038,0.0071,0.017
SSP5-8.5,+geoid,2,2066,0.742,35.4497,0.3852,0.7258,1.7308,0.0042,0.0078,0.0187
SSP5-8.5,+geoid,2,2067,0.754,38.8967,0.4227,0.7964,1.8991,0.0046,0.0086,0.0206
SSP5-8.5,+geoid,2,2068,0.766,42.6749,0.4638,0.8738,2.0836,0.005,0.0095,0.0227
SSP5-8.5,+geoid,2,2069,0.778,46.8159,0.5088,0.9586,2.2858,0.0056,0.0105,0.025
SSP5-8.5,+geoid,2,2070,0.79,51.3541,0.5581,1.0515,2.5074,0.0061,0.0115,0.0275
SSP5-8.5,+geoid,2,2071,0.802,56.3275,0.6121,1.1533,2.7502,0.0067,0.0127,0.0302
SSP5-8.5,+geoid,2,2072,0.814,61.7772,0.6714,1.2649,3.0163,0.0074,0.0139,0.0332
SSP5-8.5,+geoid,2,2073,0.826,67.7486,0.7363,1.3872,3.3078,0.0081,0.0153,0.0365
SSP5-8.5,+geoid,2,2074,0.838,74.291,0.8074,1.5211,3.6273,0.0089,0.0168,0.0402
SSP5-8.5,+geoid,2,2075,0.85,81.4587,0.8853,1.6679,3.9772,0.0098,0.0185,0.0441
SSP5-8.5,+geoid,2,2076,0.862,89.3109,0.9706,1.8286,4.3606,0.0108,0.0203,0.0485
SSP5-8.5,+geoid,2,2077,0.874,97.9124,1.0641,2.0048,4.7806,0.0119,0.0223,0.0533
SSP5-8.5,+geoid,2,2078,0.886,107.3341,1.1665,2.1977,5.2406,0.013,0.0245,0.0585
SSP5-8.5,+geoid,2,2079,0.898,117.6536,1.2786,2.409,5.7444,0.0143,0.0269,0.0643
SSP5-8.5,+geoid,2,2080,0.91,128.9558,1.4014,2.6404,6.2963,0.0157,0.0296,0.0706
SSP5-8.5,+geoid,2,2081,0.922,141.3334,1.5359,2.8938,6.9006,0.0172,0.0325,0.0775
SSP5-8.5,+geoid,2,2082,0.934,154.8881,1.6832,3.1713,7.5624,0.0189,0.0357,0.085
SSP5-8.5,+geoid,2,2083,0.946,169.7309,1.8446,3.4752,8.2871,0.0208,0.0391,0.0933
SSP5-8.5,+geoid,2,2084,0.958,185.9832,2.0212,3.808,9.0806,0.0228,0.0429,0.1024
SSP5-8.5,+geoid,2,2085,0.97,203.7779,2.2146,4.1724,9.9495,0.025,0.0471,0.1123
SSP5-8.5,+geoid,2,2086,0.982,223.2603,2.4263,4.5713,10.9007,0.0274,0.0517,0.1232
SSP5-8.5,+geoid,2,2087,0.994,244.5893,2.6581,5.008,11.9421,0.0301,0.0567,0.1352
SSP5-8.5,+geoid,2,2088,1.006,267.9387,2.9118,5.486,13.0821,0.033,0.0622,0.1483
SSP5-8.5,+geoid,2,2089,1.018,293.4985,3.1896,6.0094,14.3301,0.0362,0.0682,0.1626
SSP5-8.5,+geoid,2,2090,1.03,321.4764,3.4936,6.5822,15.6961,0.0397,0.0748,0.1783
SSP5-8.5,+geoid,2,2091,1.042,352.0997,3.8264,7.2092,17.1913,0.0435,0.082,0.1955
SSP5-8.5,+geoid,2,2092,1.054,365.0,3.9666,7.4734,17.8211,0.0475,0.0894,0.2133
SSP5-8.5,+geoid,2,2093,1.066,365.0,3.9666,7.4734,17.8211,0.0514,0.0969,0.2311
SSP5-8.5,+geoid,2,2094,1.078,365.0,3.9666,7.4734,17.8211,0.0554,0.1044,0.2489
SSP5-8.5,+geoid,2,2095,1.09,365.0,3.9666,7.4734,17.8211,0.0594,0.1119,0.2668
SSP5-8.5,+geoid,2,2096,1.102,365.0,3.9666,7.4734,17.8211,0.0633,0.1193,0.2846
SSP5-8.5,+geoid,2,2097,1.114,365.0,3.9666,7.4734,17.8211,0.0673,0.1268,0.3024
SSP5-8.5,+geoid,2,2098,1.126,365.0,3.9666,7.4734,17.8211,0.0713,0.1343,0.3202
SSP5-8.5,+geoid,2,2099,1.138,365.0,3.9666,7.4734,17.8211,0.0752,0.1418,0.3381
SSP5-8.5,+geoid,2,2100,1.15,365.0,3.9666,7.4734,17.8211,0.0792,0.1492,0.3559
SSP5-8.5,+geoid,3,2025,0.215,0.476,0.0052,0.0097,0.0232,0.0,0.0,0.0
SSP5-8.5,+geoid,3,2026,0.228,0.5304,0.0058,0.0109,0.0259,0.0,0.0,0.0
SSP5-8.5,+geoid,3,2027,0.241,0.5907,0.0064,0.0121,0.0288,0.0,0.0,0.0001
SSP5-8.5,+geoid,3,2028,0.254,0.6578,0.0071,0.0135,0.0321,0.0,0.0,0.0001
SSP5-8.5,+geoid,3,2029,0.267,0.7322,0.008,0.015,0.0358,0.0,0.0001,0.0001
SSP5-8.5,+geoid,3,2030,0.28,0.8148,0.0089,0.0167,0.0398,0.0,0.0001,0.0002
SSP5-8.5,+geoid,3,2031,0.294,0.914,0.0099,0.0187,0.0446,0.0001,0.0001,0.0002
SSP5-8.5,+geoid,3,2032,0.308,1.0249,0.0111,0.021,0.05,0.0001,0.0001,0.0003
SSP5-8.5,+geoid,3,2033,0.322,1.1489,0.0125,0.0235,0.0561,0.0001,0.0001,0.0003
SSP5-8.5,+geoid,3,2034,0.336,1.2875,0.014,0.0264,0.0629,0.0001,0.0002,0.0004
SSP5-8.5,+geoid,3,2035,0.35,1.4425,0.0157,0.0295,0.0704,0.0001,0.0002,0.0005
SSP5-8.5,+geoid,3,2036,0.364,1.6157,0.0176,0.0331,0.0789,0.0001,0.0002,0.0005
SSP5-8.5,+geoid,3,2037,0.378,1.8092,0.0197,0.037,0.0883,0.0001,0.0003,0.0006
SSP5-8.5,+geoid,3,2038,0.392,2.0253,0.022,0.0415,0.0989,0.0002,0.0003,0.0007
SSP5-8.5,+geoid,3,2039,0.406,2.2667,0.0246,0.0464,0.1107,0.0002,0.0004,0.0008
SSP5-8.5,+geoid,3,2040,0.42,2.5363,0.0276,0.0519,0.1238,0.0002,0.0004,0.001
SSP5-8.5,+geoid,3,2041,0.433,2.8147,0.0306,0.0576,0.1374,0.0002,0.0005,0.0011
SSP5-8.5,+geoid,3,2042,0.446,3.123,0.0339,0.0639,0.1525,0.0003,0.0005,0.0013
SSP5-8.5,+geoid,3,2043,0.459,3.4645,0.0377,0.0709,0.1692,0.0003,0.0006,0.0014
SSP5-8.5,+geoid,3,2044,0.472,3.8425,0.0418,0.0787,0.1876,0.0004,0.0007,0.0016
SSP5-8.5,+geoid,3,2045,0.485,4.2611,0.0463,0.0872,0.208,0.0004,0.0008,0.0018
SSP5-8.5,+geoid,3,2046,0.498,4.7244,0.0513,0.0967,0.2307,0.0005,0.0009,0.0021
SSP5-8.5,+geoid,3,2047,0.511,5.2373,0.0569,0.1072,0.2557,0.0005,0.001,0.0023
SSP5-8.5,+geoid,3,2048,0.524,5.8048,0.0631,0.1189,0.2834,0.0006,0.0011,0.0026
SSP5-8.5,+geoid,3,2049,0.537,6.4328,0.0699,0.1317,0.3141,0.0006,0.0012,0.0029
SSP5-8.5,+geoid,3,2050,0.55,7.1276,0.0775,0.1459,0.348,0.0007,0.0014,0.0033
SSP5-8.5,+geoid,3,2051,0.562,7.8344,0.0851,0.1604,0.3825,0.0008,0.0015,0.0036
SSP5-8.5,+geoid,3,2052,0.574,8.6101,0.0936,0.1763,0.4204,0.0009,0.0017,0.0041
SSP5-8.5,+geoid,3,2053,0.586,9.4614,0.1028,0.1937,0.462,0.001,0.0019,0.0045
SSP5-8.5,+geoid,3,2054,0.598,10.3957,0.113,0.2129,0.5076,0.0011,0.0021,0.005
SSP5-8.5,+geoid,3,2055,0.61,11.4208,0.1241,0.2338,0.5576,0.0012,0.0023,0.0056
SSP5-8.5,+geoid,3,2056,0.622,12.5456,0.1363,0.2569,0.6125,0.0014,0.0026,0.0062
SSP5-8.5,+geoid,3,2057,0.634,13.7795,0.1497,0.2821,0.6728,0.0015,0.0029,0.0069
SSP5-8.5,+geoid,3,2058,0.646,15.1332,0.1645,0.3099,0.7389,0.0017,0.0032,0.0076
SSP5-8.5,+geoid,3,2059,0.658,16.6179,0.1806,0.3403,0.8114,0.0019,0.0035,0.0084
SSP5-8.5,+geoid,3,2060,0.67,18.2464,0.1983,0.3736,0.8909,0.0021,0.0039,0.0093
SSP5-8.5,+geoid,3,2061,0.682,20.0324,0.2177,0.4102,0.9781,0.0023,0.0043,0.0103
SSP5-8.5,+geoid,3,2062,0.694,21.9909,0.239,0.4503,1.0737,0.0025,0.0048,0.0114
SSP5-8.5,+geoid,3,2063,0.706,24.1385,0.2623,0.4942,1.1786,0.0028,0.0053,0.0125
SSP5-8.5,+geoid,3,2064,0.718,26.4932,0.2879,0.5424,1.2935,0.0031,0.0058,0.0138
SSP5-8.5,+geoid,3,2065,0.73,29.0747,0.316,0.5953,1.4196,0.0034,0.0064,0.0153
SSP5-8.5,+geoid,3,2066,0.742,31.9048,0.3467,0.6532,1.5577,0.0037,0.0071,0.0168
SSP5-8.5,+geoid,3,2067,0.754,35.007,0.3804,0.7168,1.7092,0.0041,0.0078,0.0185
SSP5-8.5,+geoid,3,2068,0.766,38.4074,0.4174,0.7864,1.8752,0.0045,0.0086,0.0204
SSP5-8.5,+geoid,3,2069,0.778,42.1343,0.4579,0.8627,2.0572,0.005,0.0094,0.0225
SSP5-8.5,+geoid,3,2070,0.79,46.2187,0.5023,0.9463,2.2566,0.0055,0.0104,0.0247
SSP5-8.5,+geoid,3,2071,0.802,50.6947,0.5509,1.038,2.4752,0.0061,0.0114,0.0272
SSP5-8.5,+geoid,3,2072,0.814,55.5995,0.6042,1.1384,2.7146,0.0067,0.0125,0.0299
SSP5-8.5,+geoid,3,2073,0.826,60.9737,0.6626,1.2484,2.977,0.0073,0.0138,0.0329
SSP5-8.5,+geoid,3,2074,0.838,66.8619,0.7266,1.369,3.2645,0.008,0.0152,0.0361
SSP5-8.5,+geoid,3,2075,0.85,73.3128,0.7967,1.5011,3.5795,0.0088,0.0167,0.0397
SSP5-8.5,+geoid,3,2076,0.862,80.3798,0.8735,1.6458,3.9245,0.0097,0.0183,0.0436
SSP5-8.5,+geoid,3,2077,0.874,88.1211,0.9577,1.8043,4.3025,0.0107,0.0201,0.048
SSP5-8.5,+geoid,3,2078,0.886,96.6007,1.0498,1.9779,4.7165,0.0117,0.0221,0.0527
SSP5-8.5,+geoid,3,2079,0.898,105.8883,1.1507,2.1681,5.17,0.0129,0.0243,0.0578
SSP5-8.5,+geoid,3,2080,0.91,116.0602,1.2613,2.3763,5.6666,0.0141,0.0266,0.0635
SSP5-8.5,+geoid,3,2081,0.922,127.2001,1.3823,2.6044,6.2105,0.0155,0.0292,0.0697
SSP5-8.5,+geoid,3,2082,0.934,139.3993,1.5149,2.8542,6.8062,0.017,0.0321,0.0765
SSP5-8.5,+geoid,3,2083,0.946,152.7578,1.6601,3.1277,7.4584,0.0187,0.0352,0.084
SSP5-8.5,+geoid,3,2084,0.958,167.3848,1.8191,3.4272,8.1726,0.0205,0.0386,0.0922
SSP5-8.5,+geoid,3,2085,0.97,183.4001,1.9931,3.7551,8.9545,0.0225,0.0424,0.1011
SSP5-8.5,+geoid,3,2086,0.982,200.9343,2.1837,4.1141,9.8106,0.0247,0.0465,0.1109
SSP5-8.5,+geoid,3,2087,0.994,220.1304,2.3923,4.5072,10.7479,0.0271,0.051,0.1217
SSP5-8.5,+geoid,3,2088,1.006,241.1448,2.6206,4.9374,11.7739,0.0297,0.056,0.1334
SSP5-8.5,+geoid,3,2089,1.018,264.1486,2.8706,5.4084,12.8971,0.0326,0.0614,0.1463
SSP5-8.5,+geoid,3,2090,1.03,289.3288,3.1443,5.924,14.1265,0.0357,0.0673,0.1605
SSP5-8.5,+geoid,3,2091,1.042,316.8897,3.4438,6.4883,15.4721,0.0392,0.0738,0.1759
SSP5-8.5,+geoid,3,2092,1.054,347.0551,3.7716,7.106,16.945,0.0429,0.0809,0.1929
SSP5-8.5,+geoid,3,2093,1.066,365.0,3.9666,7.4734,17.8211,0.0469,0.0884,0.2107
SSP5-8.5,+geoid,3,2094,1.078,365.0,3.9666,7.4734,17.8211,0.0509,0.0958,0.2285
SSP5-8.5,+geoid,3,2095,1.09,365.0,3.9666,7.4734,17.8211,0.0548,0.1033,0.2463
SSP5-8.5,+geoid,3,2096,1.102,365.0,3.9666,7.4734,17.8211,0.0588,0.1108,0.2642
SSP5-8.5,+geoid,3,2097,1.114,365.0,3.9666,7.4734,17.8211,0.0628,0.1183,0.282
SSP5-8.5,+geoid,3,2098,1.126,365.0,3.9666,7.4734,17.8211,0.0667,0.1257,0.2998
SSP5-8.5,+geoid,3,2099,1.138,365.0,3.9666,7.4734,17.8211,0.0707,0.1332,0.3176
SSP5-8.5,+geoid,3,2100,1.15,365.0,3.9666,7.4734,17.8211,0.0747,0.1407,0.3354
