idx,lat,lon,elev_m,below_threshold
0,38.887071,-9.037125,8.008,False
1,38.8857,-9.038621,5.146,False
2,38.884315,-9.040095,4.393,True
3,38.88289,-9.041504,6.51,False
4,38.881506,-9.04298,5.77,False
5,38.880135,-9.044475,4.527,True
6,38.878761,-9.045966,2.643,True
7,38.877388,-9.047459,3.364,True
8,38.876016,-9.048953,1.698,True
9,38.874646,-9.05045,1.543,True
10,38.873265,-9.051929,8.348,False
11,38.871664,-9.052893,5.059,False
12,38.869947,-9.053578,5.71,False
13,38.868229,-9.054263,8.731,False
14,38.866512,-9.054948,7.103,False
15,38.864794,-9.055633,5.76,False
16,38.863077,-9.056319,7.572,False
17,38.861359,-9.057004,2.536,True
18,38.859641,-9.057689,2.628,True
19,38.857924,-9.058374,0.77,True
20,38.856206,-9.059059,1.964,True
21,38.854489,-9.059744,0.97,True
22,38.852771,-9.060429,0.415,True
23,38.851054,-9.061114,-1.335,True
24,38.849336,-9.0618,-0.788,True
25,38.847618,-9.062485,-0.19,True
26,38.845901,-9.06317,-2.733,True
27,38.844183,-9.063855,-2.23,True
28,38.842466,-9.06454,-0.901,True
29,38.840748,-9.065225,-0.493,True
30,38.839031,-9.06591,-0.033,True
31,38.837313,-9.066595,-1.989,True
32,38.835595,-9.067281,-0.06,True
33,38.833878,-9.067966,-0.005,True
34,38.83216,-9.068651,-0.611,True
35,38.830443,-9.069336,2.002,True
36,38.828725,-9.070021,1.483,True
37,38.827008,-9.070706,-0.356,True
38,38.82529,-9.071391,0.075,True
39,38.823572,-9.072076,0.0,True
40,38.821855,-9.072762,9.06,False
41,38.820137,-9.073447,11.6,False
42,38.81842,-9.074132,16.042,False
43,38.816702,-9.074817,13.593,False
44,38.814985,-9.075502,0.0,True
45,38.813267,-9.076187,6.511,False
46,38.811549,-9.076872,6.977,False
47,38.809832,-9.077557,8.591,False
48,38.808114,-9.078243,21.12,False
49,38.806397,-9.078928,17.72,False
50,38.804679,-9.079613,19.16,False
51,38.802962,-9.080298,20.854,False
52,38.801244,-9.080983,30.651,False
53,38.799526,-9.081668,26.383,False
54,38.797809,-9.082353,28.571,False
55,38.796091,-9.083038,26.965,False
56,38.794374,-9.083724,27.853,False
57,38.792656,-9.084409,18.11,False
58,38.790939,-9.085094,23.82,False
59,38.789221,-9.085779,26.541,False
60,38.787503,-9.086464,25.874,False
61,38.785786,-9.087149,29.045,False
62,38.784068,-9.087834,27.712,False
63,38.782351,-9.088519,26.102,False
64,38.780633,-9.089205,27.85,False
65,38.778916,-9.08989,27.407,False
66,38.777198,-9.090575,25.781,False
67,38.77548,-9.09126,26.247,False
68,38.773763,-9.091945,22.908,False
69,38.772045,-9.09263,18.819,False
70,38.770328,-9.093315,28.953,False
71,38.76861,-9.094,29.731,False
72,38.766893,-9.094686,32.87,False
73,38.765175,-9.095371,28.219,False
74,38.763457,-9.096056,30.998,False
75,38.76174,-9.096741,28.076,False
76,38.760022,-9.097426,23.108,False
77,38.758305,-9.098111,21.529,False
78,38.756587,-9.098796,22.342,False
79,38.75487,-9.099481,11.27,False
80,38.753152,-9.100167,9.73,False
81,38.751434,-9.100852,8.679,False
82,38.749717,-9.101537,11.967,False
83,38.747999,-9.102222,10.449,False
84,38.746282,-9.102907,15.638,False
85,38.744564,-9.103592,16.644,False
86,38.742847,-9.104277,7.704,False
87,38.741129,-9.104962,12.643,False
88,38.739411,-9.105648,9.83,False
89,38.737694,-9.106333,5.518,False
90,38.735976,-9.107018,0.361,True
91,38.734479,-9.107606,0.0,True
92,38.736183,-9.106873,0.0,True
93,38.737908,-9.106219,0.119,True
94,38.739632,-9.105563,1.073,True
95,38.741357,-9.104908,0.242,True
96,38.743084,-9.104265,0.948,True
97,38.744821,-9.103664,0.709,True
98,38.746558,-9.103064,0.059,True
99,38.748294,-9.102464,-1.065,True
100,38.750031,-9.101864,1.145,True
101,38.751768,-9.101264,3.314,True
102,38.753505,-9.100664,5.105,False
103,38.755242,-9.100064,7.025,False
104,38.756978,-9.099464,10.037,False
105,38.758715,-9.098864,10.051,False
106,38.760452,-9.098264,8.849,False
107,38.762189,-9.097664,6.873,False
108,38.763925,-9.097064,7.771,False
109,38.765662,-9.096463,9.758,False
110,38.767399,-9.095863,8.286,False
111,38.769136,-9.095263,4.935,True
112,38.770873,-9.094663,8.264,False
113,38.772609,-9.094063,10.768,False
114,38.774346,-9.093463,10.305,False
115,38.776083,-9.092863,8.911,False
116,38.77782,-9.092263,9.516,False
117,38.779557,-9.091663,5.01,False
118,38.781293,-9.091063,7.493,False
119,38.78303,-9.090463,4.792,True
120,38.784767,-9.089863,2.541,True
121,38.786504,-9.089262,5.46,False
122,38.78824,-9.088662,5.249,False
123,38.789977,-9.088062,2.654,True
124,38.791714,-9.087462,9.806,False
125,38.793451,-9.086862,2.299,True
126,38.795188,-9.086262,1.053,True
127,38.796924,-9.085662,0.047,True
128,38.798661,-9.085062,-0.025,True
129,38.800398,-9.084462,3.285,True
130,38.802135,-9.083862,2.058,True
131,38.803871,-9.083262,3.11,True
132,38.805608,-9.082661,1.672,True
133,38.807345,-9.082061,2.744,True
134,38.809082,-9.081461,1.77,True
135,38.810819,-9.080861,-0.023,True
136,38.812555,-9.080261,0.165,True
137,38.814292,-9.079661,-0.229,True
138,38.816029,-9.079061,1.001,True
139,38.817766,-9.078461,1.082,True
140,38.819502,-9.077861,2.172,True
141,38.821239,-9.077261,2.919,True
142,38.822976,-9.076661,2.879,True
143,38.824713,-9.076061,3.152,True
144,38.82645,-9.07546,6.57,False
145,38.828186,-9.07486,15.649,False
146,38.829923,-9.07426,18.782,False
147,38.83166,-9.07366,7.924,False
148,38.833397,-9.07306,11.167,False
149,38.835134,-9.07246,9.017,False
150,38.83687,-9.07186,8.751,False
151,38.838607,-9.07126,12.785,False
152,38.840344,-9.07066,13.283,False
153,38.842081,-9.07006,12.582,False
154,38.843817,-9.06946,16.107,False
155,38.845554,-9.06886,17.922,False
156,38.847291,-9.068259,18.65,False
157,38.849028,-9.067659,21.737,False
158,38.850765,-9.067059,21.374,False
159,38.852501,-9.066459,22.932,False
160,38.854238,-9.065859,22.95,False
161,38.855975,-9.065259,21.186,False
162,38.857712,-9.064659,25.541,False
163,38.858987,-9.064379,23.578,False
164,38.857746,-9.066047,21.884,False
165,38.856603,-9.06783,18.69,False
166,38.855466,-9.06962,14.185,False
167,38.854193,-9.071248,15.28,False
168,38.852758,-9.072637,16.182,False
169,38.851196,-9.07378,15.517,False
170,38.849605,-9.074856,15.75,False
171,38.848002,-9.075904,15.065,False
172,38.846376,-9.076891,14.998,False
173,38.844734,-9.077834,8.603,False
174,38.843087,-9.078762,14.422,False
175,38.841442,-9.079696,13.716,False
176,38.839779,-9.080555,15.386,False
177,38.838017,-9.081023,16.584,False
178,38.836256,-9.081491,17.227,False
179,38.834495,-9.08196,20.298,False
180,38.832734,-9.082428,27.508,False
181,38.830972,-9.082896,27.212,False
182,38.829211,-9.083365,34.315,False
183,38.82745,-9.083833,39.118,False
184,38.825689,-9.084301,39.668,False
185,38.823927,-9.084769,39.919,False
186,38.822166,-9.085238,39.981,False
187,38.820405,-9.085706,32.088,False
188,38.818644,-9.086174,31.4,False
189,38.816882,-9.086642,29.701,False
190,38.815121,-9.087111,40.756,False
191,38.81336,-9.087579,41.625,False
192,38.811599,-9.088047,42.491,False
193,38.809837,-9.088515,59.485,False
194,38.808076,-9.088984,66.53,False
195,38.806315,-9.089452,61.897,False
196,38.804554,-9.08992,57.905,False
197,38.802793,-9.090388,51.813,False
198,38.801031,-9.090857,63.518,False
199,38.79927,-9.091325,53.556,False
200,38.797509,-9.091793,61.587,False
201,38.795748,-9.092261,76.31,False
202,38.793986,-9.09273,75.341,False
203,38.792225,-9.093198,66.406,False
204,38.790464,-9.093666,57.988,False
205,38.788703,-9.094135,58.486,False
206,38.786941,-9.094603,46.172,False
207,38.78518,-9.095071,41.202,False
208,38.783419,-9.095539,50.02,False
209,38.781658,-9.096008,57.074,False
210,38.779896,-9.096476,23.623,False
211,38.778135,-9.096944,20.379,False
212,38.776374,-9.097412,34.703,False
213,38.774613,-9.097881,49.634,False
214,38.772851,-9.098349,50.375,False
215,38.77109,-9.098817,39.206,False
216,38.769329,-9.099285,19.461,False
217,38.770923,-9.099155,21.655,False
218,38.772718,-9.099029,17.942,False
219,38.774513,-9.099151,8.535,False
220,38.776301,-9.099405,17.597,False
221,38.778088,-9.099664,20.653,False
222,38.779875,-9.099931,26.379,False
223,38.781662,-9.100187,13.411,False
224,38.783449,-9.100446,15.368,False
225,38.785237,-9.100704,43.217,False
226,38.787025,-9.100952,47.327,False
227,38.788819,-9.101108,50.292,False
228,38.790614,-9.101021,43.057,False
229,38.79239,-9.100662,43.393,False
230,38.794145,-9.100161,35.666,False
231,38.795896,-9.099633,42.738,False
232,38.794148,-9.100071,60.27,False
233,38.792383,-9.100513,41.997,False
234,38.790618,-9.100955,34.45,False
235,38.788853,-9.101397,26.303,False
236,38.787087,-9.10184,26.569,False
237,38.785322,-9.102282,37.071,False
238,38.783557,-9.102724,43.245,False
239,38.781791,-9.103166,49.734,False
240,38.780026,-9.103608,46.346,False
241,38.778261,-9.104051,39.369,False
242,38.776496,-9.104493,32.95,False
243,38.77473,-9.104935,23.571,False
244,38.772965,-9.105377,18.175,False
245,38.7712,-9.105819,17.4,False
246,38.769434,-9.106262,21.938,False
247,38.767669,-9.106704,34.02,False
248,38.765904,-9.107146,41.085,False
249,38.764139,-9.107588,64.549,False
250,38.762373,-9.10803,63.961,False
251,38.760608,-9.108473,68.786,False
252,38.758843,-9.108915,69.624,False
253,38.757078,-9.109357,79.521,False
254,38.755312,-9.109799,83.052,False
255,38.753547,-9.110241,57.923,False
256,38.751782,-9.110684,79.676,False
257,38.750016,-9.111126,90.102,False
258,38.748251,-9.111568,104.908,False
259,38.746486,-9.11201,97.771,False
260,38.744721,-9.112452,63.103,False
261,38.742955,-9.112895,72.64,False
262,38.74119,-9.113337,73.386,False
263,38.739425,-9.113779,89.908,False
264,38.737659,-9.114221,97.647,False
265,38.735894,-9.114663,93.033,False
266,38.734129,-9.115106,95.615,False
267,38.732364,-9.115548,88.353,False
268,38.730598,-9.11599,80.586,False
269,38.728833,-9.116432,79.505,False
270,38.727068,-9.116874,82.93,False
271,38.725303,-9.117317,83.602,False
272,38.723537,-9.117759,87.193,False
273,38.721772,-9.118201,92.879,False
274,38.720007,-9.118643,82.734,False
275,38.718241,-9.119085,77.116,False
276,38.717715,-9.118762,82.624,False
277,38.719113,-9.117313,93.281,False
278,38.720724,-9.11634,93.365,False
279,38.722444,-9.115663,90.231,False
280,38.724163,-9.114986,88.454,False
281,38.725882,-9.114308,82.709,False
282,38.727602,-9.113631,82.136,False
283,38.729321,-9.112954,85.817,False
284,38.73104,-9.112277,81.186,False
285,38.732759,-9.111599,76.51,False
286,38.734479,-9.110922,74.283,False
287,38.736198,-9.110245,77.691,False
288,38.737917,-9.109567,95.206,False
289,38.739637,-9.10889,98.159,False
290,38.741356,-9.108213,92.179,False
291,38.743075,-9.107536,92.831,False
292,38.744795,-9.106858,77.608,False
293,38.746514,-9.106181,81.988,False
294,38.748233,-9.105504,108.427,False
295,38.749953,-9.104826,122.982,False
296,38.751672,-9.104149,109.517,False
297,38.753391,-9.103472,112.161,False
298,38.755111,-9.102795,109.977,False
299,38.75683,-9.102117,103.498,False
300,38.758549,-9.10144,84.175,False
301,38.760269,-9.100763,78.651,False
302,38.761988,-9.100086,71.629,False
303,38.761851,-9.099926,56.452,False
304,38.760227,-9.100396,55.034,False
305,38.759539,-9.102527,53.384,False
306,38.758852,-9.104658,38.541,False
307,38.758164,-9.10679,31.462,False
308,38.757477,-9.108921,38.338,False
309,38.756789,-9.111052,46.237,False
310,38.756102,-9.113183,58.243,False
311,38.755414,-9.115314,64.099,False
312,38.754727,-9.117446,72.794,False
313,38.754039,-9.119577,83.442,False
314,38.753351,-9.121708,85.662,False
315,38.752664,-9.123839,94.679,False
316,38.751976,-9.125971,95.155,False
317,38.751289,-9.128102,93.721,False
318,38.750601,-9.130233,90.797,False
319,38.749914,-9.132364,87.624,False
320,38.749226,-9.134495,81.608,False
321,38.748539,-9.136627,84.877,False
322,38.747851,-9.138758,83.473,False
323,38.747164,-9.140889,84.482,False
324,38.746476,-9.14302,87.435,False
325,38.745789,-9.145152,89.373,False
326,38.745101,-9.147283,84.058,False
327,38.744472,-9.149248,84.592,False
328,38.744831,-9.147016,76.917,False
329,38.74502,-9.144723,77.873,False
330,38.745208,-9.142429,84.266,False
331,38.745396,-9.140136,83.326,False
332,38.745585,-9.137842,89.769,False
333,38.745768,-9.135548,85.867,False
334,38.745607,-9.13778,83.708,False
335,38.745442,-9.140076,84.516,False
336,38.745482,-9.139287,84.762,False
337,38.744479,-9.141013,89.148,False
338,38.743435,-9.14289,88.472,False
339,38.74239,-9.144767,84.204,False
340,38.741345,-9.146644,83.554,False
341,38.7403,-9.148521,83.913,False
342,38.739255,-9.150398,88.408,False
343,38.73821,-9.152275,93.671,False
344,38.737166,-9.154152,90.754,False
345,38.736121,-9.156029,93.354,False
346,38.735076,-9.157906,93.412,False
347,38.734031,-9.159783,80.861,False
348,38.732986,-9.16166,74.209,False
349,38.731941,-9.163537,68.477,False
350,38.730897,-9.165414,61.981,False
351,38.729798,-9.165435,57.41,False
352,38.728649,-9.163662,52.748,False
353,38.727499,-9.161889,57.399,False
354,38.72635,-9.160116,79.071,False
355,38.7252,-9.158342,76.337,False
356,38.724051,-9.156569,77.403,False
357,38.722901,-9.154796,77.089,False
358,38.721752,-9.153023,82.624,False
359,38.720602,-9.151249,84.415,False
360,38.719453,-9.149476,78.478,False
361,38.718303,-9.147704,72.221,False
362,38.717153,-9.145931,68.826,False
363,38.716003,-9.144158,58.381,False
364,38.716202,-9.143282,59.46,False
365,38.717993,-9.143499,50.28,False
366,38.719784,-9.143716,50.062,False
367,38.721574,-9.143932,59.195,False
368,38.723365,-9.144149,58.494,False
369,38.725156,-9.144366,68.302,False
370,38.726946,-9.144583,72.114,False
371,38.728737,-9.144799,75.044,False
372,38.730528,-9.145016,76.87,False
373,38.732318,-9.145233,80.697,False
374,38.734109,-9.14545,51.798,False
375,38.7359,-9.145666,52.031,False
376,38.73769,-9.145883,63.642,False
377,38.739481,-9.1461,58.96,False
378,38.741272,-9.146317,69.323,False
379,38.743062,-9.146533,71.677,False
380,38.744853,-9.14675,74.665,False
381,38.745133,-9.144725,76.95,False
382,38.745282,-9.142427,81.814,False
383,38.745316,-9.141529,55.734,False
384,38.745082,-9.143815,54.615,False
385,38.744847,-9.146102,52.029,False
386,38.744613,-9.148388,45.6,False
387,38.744593,-9.14813,41.731,False
388,38.744831,-9.145844,26.107,False
389,38.745069,-9.143558,26.837,False
390,38.745306,-9.141272,24.358,False
391,38.745233,-9.142651,24.597,False
392,38.745083,-9.144949,32.517,False
393,38.744953,-9.146308,49.007,False
394,38.745109,-9.144011,41.266,False
395,38.74526,-9.141713,36.928,False
396,38.745199,-9.142117,43.112,False
397,38.745048,-9.144415,37.566,False
398,38.744826,-9.146702,27.754,False
399,38.745016,-9.144444,43.343,False
400,38.74521,-9.142152,42.15,False
401,38.745403,-9.139859,35.873,False
402,38.745335,-9.140805,44.828,False
403,38.745346,-9.139866,47.405,False
404,38.745411,-9.139401,31.235,False
405,38.745618,-9.13711,54.674,False
406,38.745825,-9.134819,57.948,False
407,38.745993,-9.132523,61.629,False
408,38.746055,-9.130223,64.65,False
409,38.745416,-9.128088,44.68,False
410,38.744474,-9.126123,48.503,False
411,38.7442,-9.126417,37.446,False
412,38.744511,-9.128689,28.553,False
413,38.744822,-9.13096,40.65,False
414,38.745133,-9.133232,50.91,False
415,38.745444,-9.135503,47.06,False
416,38.745554,-9.137783,36.306,False
417,38.745514,-9.138321,25.624,False
418,38.745657,-9.136022,32.636,False
419,38.745826,-9.133727,32.774,False
420,38.74599,-9.131431,28.14,False
421,38.745766,-9.129166,31.399,False
422,38.744882,-9.127161,29.347,False
423,38.743942,-9.125195,31.636,False
424,38.74402,-9.125261,28.866,False
425,38.744957,-9.127229,33.375,False
426,38.74583,-9.12924,33.056,False
427,38.746024,-9.131512,25.482,False
428,38.745874,-9.13381,27.547,False
429,38.745393,-9.132266,41.201,False
430,38.744858,-9.130064,50.909,False
431,38.744322,-9.127863,43.28,False
432,38.743786,-9.125661,36.325,False
433,38.743764,-9.124924,36.733,False
434,38.744526,-9.12701,50.112,False
435,38.745514,-9.128933,62.606,False
436,38.745925,-9.131157,77.755,False
437,38.745789,-9.133456,72.861,False
438,38.745393,-9.13287,55.826,False
439,38.744904,-9.130651,40.785,False
440,38.744415,-9.128431,44.434,False
441,38.743925,-9.126212,43.968,False
442,38.74338,-9.124025,67.903,False
443,38.742175,-9.122339,70.841,False
444,38.740725,-9.12098,70.27,False
445,38.739456,-9.119348,77.211,False
446,38.73824,-9.117649,87.107,False
447,38.737609,-9.116264,86.596,False
448,38.737811,-9.1168,97.033,False
449,38.737921,-9.117141,97.203,False
450,38.737385,-9.115587,79.679,False
451,38.737257,-9.11331,59.483,False
452,38.737844,-9.111145,45.368,False
453,38.738816,-9.109206,55.966,False
454,38.739965,-9.107442,59.454,False
455,38.741446,-9.106139,67.219,False
456,38.742553,-9.105193,53.578,False
457,38.741032,-9.106422,27.859,False
458,38.739607,-9.107817,52.807,False
459,38.738538,-9.109666,55.59,False
460,38.73761,-9.111638,56.42,False
461,38.737176,-9.113861,69.493,False
462,38.737598,-9.115736,78.681,False
463,38.739135,-9.11454,83.376,False
464,38.740673,-9.113343,101.807,False
465,38.742211,-9.112147,109.413,False
466,38.743748,-9.11095,111.953,False
467,38.745286,-9.109754,109.663,False
468,38.746824,-9.108557,122.748,False
469,38.748361,-9.107361,110.356,False
470,38.749899,-9.106164,82.886,False
471,38.751437,-9.104968,79.738,False
472,38.752974,-9.103771,105.757,False
473,38.754512,-9.102575,122.932,False
474,38.756049,-9.101378,109.343,False
475,38.757158,-9.100357,112.183,False
476,38.755364,-9.10052,110.454,False
477,38.753582,-9.100825,104.96,False
478,38.751806,-9.101192,84.414,False
479,38.750061,-9.101746,79.938,False
480,38.748437,-9.102402,74.57,False
481,38.750163,-9.101757,57.743,False
482,38.751912,-9.101221,56.192,False
483,38.753687,-9.10085,55.693,False
484,38.75547,-9.100555,45.995,False
485,38.757264,-9.100392,72.684,False
486,38.757814,-9.100852,68.736,False
487,38.756408,-9.102291,51.602,False
488,38.755002,-9.10373,20.199,False
489,38.753597,-9.105169,7.421,False
490,38.752191,-9.106607,6.504,False
491,38.750786,-9.108046,5.018,False
492,38.74938,-9.109485,7.281,False
493,38.747975,-9.110924,14.956,False
494,38.746569,-9.112363,37.725,False
495,38.745163,-9.113801,49.588,False
496,38.743758,-9.11524,60.386,False
497,38.742352,-9.116679,33.621,False
498,38.740947,-9.118118,29.426,False
499,38.739541,-9.119556,50.316,False
500,38.738136,-9.120995,49.262,False
501,38.73673,-9.122434,41.121,False
502,38.735325,-9.123873,36.372,False
503,38.733919,-9.125311,48.557,False
504,38.732513,-9.12675,63.116,False
505,38.731108,-9.128189,82.191,False
506,38.729702,-9.129628,95.027,False
507,38.728297,-9.131067,100.25,False
508,38.726891,-9.132505,85.604,False
509,38.725486,-9.133944,88.788,False
510,38.72408,-9.135383,95.398,False
511,38.722674,-9.136822,83.205,False
512,38.721269,-9.13826,94.047,False
513,38.719863,-9.139699,99.24,False
514,38.718458,-9.141138,66.916,False
515,38.717052,-9.142577,45.812,False
516,38.715876,-9.144046,73.618,False
517,38.717026,-9.145819,75.141,False
518,38.718177,-9.14759,60.672,False
519,38.719328,-9.149362,58.35,False
520,38.720479,-9.151134,66.778,False
521,38.721629,-9.152906,75.538,False
522,38.722779,-9.154679,71.297,False
523,38.723929,-9.156452,68.142,False
524,38.725079,-9.158224,72.722,False
525,38.726229,-9.159997,68.058,False
526,38.727379,-9.16177,64.494,False
527,38.728529,-9.163542,64.571,False
528,38.729679,-9.165315,46.018,False
529,38.72989,-9.16564,43.603,False
530,38.72874,-9.163868,32.265,False
531,38.727589,-9.162096,25.944,False
532,38.726439,-9.160324,22.908,False
533,38.725288,-9.158551,37.096,False
534,38.724138,-9.156779,37.905,False
535,38.722987,-9.155007,33.795,False
536,38.721837,-9.153235,29.24,False
537,38.720686,-9.151463,23.382,False
538,38.719536,-9.149691,21.643,False
539,38.718385,-9.147919,18.713,False
540,38.717235,-9.146147,14.016,False
541,38.716084,-9.144375,15.26,False
542,38.714822,-9.143411,16.244,False
543,38.713049,-9.143794,15.257,False
544,38.711275,-9.144177,15.574,False
545,38.709501,-9.14456,14.717,False
546,38.707728,-9.144943,14.741,False
547,38.705958,-9.145331,11.901,False
548,38.706013,-9.147634,11.747,False
549,38.706108,-9.14825,11.045,False
550,38.705996,-9.145952,11.379,False
551,38.707155,-9.144574,15.234,False
552,38.708764,-9.143543,12.719,False
553,38.710374,-9.142513,16.218,False
554,38.711983,-9.141483,21.35,False
555,38.713592,-9.140452,24.493,False
556,38.715201,-9.139422,27.878,False
557,38.71681,-9.138392,25.966,False
558,38.718419,-9.137362,29.643,False
559,38.720028,-9.136331,29.69,False
560,38.721638,-9.135301,25.372,False
561,38.723247,-9.134271,13.289,False
562,38.724856,-9.13324,15.604,False
563,38.726465,-9.13221,16.679,False
564,38.728074,-9.13118,16.485,False
565,38.729683,-9.130149,16.114,False
566,38.731292,-9.129119,16.989,False
567,38.732902,-9.128089,20.664,False
568,38.734511,-9.127058,27.926,False
569,38.73612,-9.126028,36.134,False
570,38.737729,-9.124998,40.773,False
571,38.739338,-9.123967,47.467,False
572,38.740947,-9.122937,49.521,False
573,38.742556,-9.121907,43.573,False
574,38.744165,-9.120877,37.399,False
575,38.745775,-9.119846,26.792,False
576,38.747384,-9.118816,25.048,False
577,38.748993,-9.117786,31.757,False
578,38.750602,-9.116755,38.039,False
579,38.752211,-9.115725,60.707,False
580,38.75382,-9.114695,42.092,False
581,38.755429,-9.113664,35.794,False
582,38.757039,-9.112634,41.563,False
583,38.758648,-9.111604,40.549,False
584,38.760257,-9.110573,42.53,False
585,38.761866,-9.109543,41.245,False
586,38.763475,-9.108513,38.527,False
587,38.765084,-9.107482,17.35,False
588,38.766693,-9.106452,6.076,False
589,38.768302,-9.105422,9.329,False
590,38.769912,-9.104392,12.019,False
591,38.771521,-9.103361,16.02,False
592,38.77313,-9.102331,11.801,False
593,38.774739,-9.101301,9.228,False
594,38.776348,-9.10027,5.781,False
595,38.778008,-9.099606,7.93,False
596,38.779795,-9.099871,10.118,False
597,38.781582,-9.100127,8.23,False
598,38.783369,-9.100386,22.648,False
599,38.785158,-9.100633,21.46,False
600,38.786945,-9.100896,24.535,False
601,38.788738,-9.101064,12.636,False
602,38.790535,-9.10099,21.421,False
603,38.792312,-9.100645,22.464,False
604,38.794067,-9.100139,20.181,False
605,38.79304,-9.100015,25.866,False
606,38.791241,-9.100006,29.378,False
607,38.789443,-9.099998,26.905,False
608,38.787644,-9.099989,25.773,False
609,38.785845,-9.09998,36.11,False
610,38.784047,-9.099971,39.493,False
611,38.782248,-9.099962,25.994,False
612,38.78045,-9.099953,12.518,False
613,38.778651,-9.099945,34.792,False
614,38.776852,-9.099936,49.278,False
615,38.775054,-9.099927,49.785,False
616,38.773255,-9.099918,45.165,False
617,38.771456,-9.099909,40.455,False
618,38.769658,-9.0999,35.716,False
619,38.767859,-9.099892,35.777,False
620,38.76606,-9.099883,43.344,False
621,38.764262,-9.099874,32.121,False
622,38.763666,-9.099813,24.481,False
623,38.765461,-9.09965,19.018,False
624,38.763942,-9.100183,30.476,False
625,38.762201,-9.100762,27.345,False
626,38.76046,-9.101342,29.013,False
627,38.758719,-9.101921,28.698,False
628,38.756978,-9.102501,31.384,False
629,38.755237,-9.10308,32.205,False
630,38.753497,-9.10366,32.613,False
631,38.751756,-9.104239,36.915,False
632,38.750015,-9.104819,30.306,False
633,38.748274,-9.105398,36.179,False
634,38.746533,-9.105978,31.797,False
635,38.744792,-9.106557,27.805,False
636,38.743051,-9.107137,30.525,False
637,38.74131,-9.107716,21.952,False
638,38.739569,-9.108296,20.856,False
639,38.737828,-9.108875,27.039,False
640,38.736087,-9.109455,32.154,False
641,38.734346,-9.110034,30.291,False
642,38.732605,-9.110613,31.134,False
643,38.730864,-9.111193,28.462,False
644,38.729123,-9.111772,26.122,False
645,38.727382,-9.112352,24.256,False
646,38.725637,-9.112907,25.171,False
647,38.723903,-9.113502,30.02,False
648,38.722328,-9.114605,33.606,False
649,38.721006,-9.115747,36.488,False
650,38.722522,-9.114506,35.196,False
651,38.724116,-9.11345,48.212,False
652,38.725859,-9.1129,46.625,False
653,38.726647,-9.112659,42.9,False
654,38.72687,-9.112628,28.445,False
655,38.725792,-9.11348,35.869,False
656,38.724223,-9.114605,30.121,False
657,38.722653,-9.115731,33.236,False
658,38.721083,-9.116856,39.559,False
659,38.719514,-9.117982,52.02,False
660,38.717944,-9.119107,54.79,False
661,38.716374,-9.120233,49.296,False
662,38.71495,-9.121634,43.507,False
663,38.715834,-9.121291,35.463,False
664,38.71747,-9.120333,29.591,False
665,38.719106,-9.119375,24.88,False
666,38.720742,-9.118417,20.824,False
667,38.722378,-9.117458,20.013,False
668,38.724014,-9.1165,32.464,False
669,38.72565,-9.115542,42.004,False
670,38.727286,-9.114584,35.536,False
671,38.728922,-9.113626,35.589,False
672,38.730558,-9.112668,33.599,False
673,38.732194,-9.11171,30.935,False
674,38.73383,-9.110752,24.07,False
675,38.735466,-9.109794,19.806,False
676,38.737102,-9.108836,16.187,False
677,38.738738,-9.107878,16.83,False
678,38.740374,-9.10692,13.778,False
679,38.74201,-9.105962,13.528,False
680,38.743646,-9.105004,11.285,False
681,38.745282,-9.104046,12.913,False
682,38.746918,-9.103088,9.517,False
683,38.748565,-9.102166,6.724,False
684,38.750297,-9.101549,9.285,False
685,38.752056,-9.101069,11.378,False
686,38.75383,-9.100689,10.245,False
687,38.755616,-9.100418,12.64,False
688,38.755087,-9.100696,12.606,False
689,38.753333,-9.101207,16.604,False
690,38.75158,-9.101718,16.08,False
691,38.749826,-9.102229,19.765,False
692,38.748072,-9.10274,23.55,False
693,38.746318,-9.103251,30.607,False
694,38.747059,-9.102925,32.344,False
695,38.745455,-9.10357,34.589,False
696,38.743738,-9.104258,34.703,False
697,38.742022,-9.104947,42.471,False
698,38.740305,-9.105635,33.634,False
699,38.738589,-9.106324,20.034,False
700,38.736872,-9.107013,19.11,False
701,38.735155,-9.107701,23.854,False
702,38.733439,-9.10839,29.215,False
703,38.731722,-9.109078,35.231,False
704,38.731365,-9.109287,41.381,False
705,38.733151,-9.109019,45.268,False
706,38.734938,-9.108751,53.489,False
707,38.736724,-9.108483,50.983,False
708,38.738511,-9.108215,40.581,False
709,38.740297,-9.107947,34.616,False
710,38.742084,-9.10768,27.751,False
711,38.74387,-9.107412,30.583,False
712,38.745656,-9.107144,27.346,False
713,38.747443,-9.106876,38.196,False
714,38.749229,-9.106608,43.977,False
715,38.751016,-9.10634,43.644,False
716,38.752802,-9.106072,35.107,False
717,38.754589,-9.105804,34.682,False
718,38.756375,-9.105536,30.772,False
719,38.758162,-9.105269,24.359,False
720,38.759948,-9.105001,25.996,False
721,38.761735,-9.104733,22.464,False
722,38.763521,-9.104465,23.94,False
723,38.765308,-9.104197,23.901,False
724,38.767094,-9.103929,26.538,False
725,38.768881,-9.103661,27.898,False
726,38.770667,-9.103393,30.981,False
727,38.772454,-9.103125,28.571,False
728,38.77424,-9.102857,29.216,False
729,38.776026,-9.10259,25.563,False
730,38.777813,-9.102322,18.254,False
731,38.779599,-9.102054,20.401,False
732,38.781386,-9.101786,25.683,False
733,38.783172,-9.101518,31.153,False
734,38.784959,-9.10125,33.005,False
735,38.786745,-9.100982,30.03,False
736,38.788532,-9.100714,35.007,False
737,38.790318,-9.100446,31.933,False
738,38.792105,-9.100178,28.692,False
739,38.793891,-9.099911,29.291,False
740,38.795678,-9.099643,30.008,False
741,38.796134,-9.099376,25.898,False
742,38.795548,-9.099369,28.176,False
743,38.793761,-9.09963,29.746,False
744,38.791974,-9.099891,25.056,False
745,38.790187,-9.100152,19.157,False
746,38.7884,-9.100413,22.725,False
747,38.786612,-9.100674,35.594,False
748,38.784825,-9.100935,40.322,False
749,38.783038,-9.101196,43.215,False
750,38.781251,-9.101457,50.507,False
751,38.779464,-9.101717,48.504,False
752,38.777677,-9.101978,44.349,False
753,38.77589,-9.102239,39.206,False
754,38.774103,-9.1025,35.875,False
755,38.772316,-9.102761,29.433,False
756,38.770529,-9.103022,22.08,False
757,38.768741,-9.103283,19.284,False
758,38.766954,-9.103544,17.762,False
759,38.765167,-9.103805,36.661,False
760,38.76338,-9.104066,40.758,False
761,38.761593,-9.104327,37.294,False
762,38.759806,-9.104588,34.094,False
763,38.758019,-9.104849,30.688,False
764,38.756232,-9.10511,30.236,False
765,38.754445,-9.105371,28.044,False
766,38.752658,-9.105632,21.228,False
767,38.750871,-9.105893,15.263,False
768,38.749083,-9.106154,14.843,False
769,38.747296,-9.106415,13.346,False
770,38.745509,-9.106676,12.433,False
771,38.743722,-9.106937,12.989,False
772,38.741935,-9.107198,11.107,False
773,38.740148,-9.107459,13.243,False
774,38.738361,-9.10772,13.03,False
775,38.736574,-9.10798,14.301,False
776,38.734787,-9.108241,15.137,False
777,38.733,-9.108502,15.025,False
778,38.733782,-9.107951,14.792,False
779,38.732724,-9.108447,13.516,False
780,38.731038,-9.109249,17.273,False
781,38.73199,-9.108901,21.095,False
782,38.733701,-9.108189,20.717,False
783,38.735411,-9.107477,26.961,False
784,38.737122,-9.106765,27.177,False
785,38.738833,-9.106054,31.925,False
786,38.740544,-9.105342,37.344,False
787,38.742255,-9.10463,36.892,False
788,38.743965,-9.103918,18.078,False
789,38.745055,-9.103455,18.091,False
790,38.745792,-9.103295,22.851,False
791,38.747548,-9.102794,29.221,False
792,38.749304,-9.102294,38.035,False
793,38.75106,-9.101794,38.927,False
794,38.752816,-9.101294,47.014,False
795,38.754571,-9.100793,51.343,False
796,38.756214,-9.100314,43.257,False
797,38.754424,-9.10053,39.396,False
798,38.752647,-9.100884,28.88,False
799,38.75088,-9.101312,29.472,False
800,38.749142,-9.101903,31.422,False
801,38.747431,-9.102611,38.375,False
802,38.745733,-9.103371,44.035,False
803,38.744211,-9.104102,60.288,False
804,38.746006,-9.10395,40.837,False
805,38.747801,-9.103798,35.889,False
806,38.749595,-9.103645,41.406,False
807,38.75139,-9.103493,41.047,False
808,38.753185,-9.103341,37.37,False
809,38.75498,-9.103188,38.046,False
810,38.756774,-9.103036,31.987,False
811,38.758569,-9.102884,31.152,False
812,38.760364,-9.102732,27.051,False
813,38.762158,-9.102579,34.056,False
814,38.763953,-9.102427,35.271,False
815,38.765748,-9.102275,35.183,False
816,38.767543,-9.102123,37.054,False
817,38.769337,-9.10197,56.239,False
818,38.771132,-9.101818,41.476,False
819,38.772927,-9.101666,41.104,False
820,38.774721,-9.101513,28.932,False
821,38.776516,-9.101361,32.635,False
822,38.778311,-9.101209,29.126,False
823,38.780106,-9.101057,35.49,False
824,38.7819,-9.100904,42.887,False
825,38.783695,-9.100752,54.771,False
826,38.78549,-9.1006,54.477,False
827,38.787284,-9.100448,44.847,False
828,38.789079,-9.100295,41.314,False
829,38.790874,-9.100143,33.606,False
830,38.792669,-9.099991,29.214,False
831,38.794374,-9.099855,23.249,False
832,38.792621,-9.100373,19.046,False
833,38.79085,-9.100771,22.777,False
834,38.789055,-9.1009,36.774,False
835,38.787258,-9.100807,39.895,False
836,38.785471,-9.100553,34.482,False
837,38.783683,-9.100301,33.962,False
838,38.781895,-9.100045,32.077,False
839,38.780109,-9.099781,29.217,False
840,38.778326,-9.099472,22.843,False
841,38.776551,-9.099586,16.337,False
842,38.774784,-9.100018,15.249,False
843,38.773017,-9.10045,14.319,False
844,38.77125,-9.100882,12.665,False
845,38.769483,-9.101314,12.967,False
846,38.767716,-9.101746,10.332,False
847,38.76595,-9.102178,11.661,False
848,38.764183,-9.10261,6.115,False
849,38.762416,-9.103042,9.491,False
850,38.760649,-9.103474,10.996,False
851,38.758882,-9.103906,8.768,False
852,38.757116,-9.104337,8.901,False
853,38.755349,-9.104769,9.354,False
854,38.753582,-9.105201,13.475,False
855,38.751815,-9.105633,11.752,False
856,38.750048,-9.106065,12.65,False
857,38.748281,-9.106497,17.871,False
858,38.746515,-9.106929,18.589,False
859,38.744748,-9.107361,22.876,False
860,38.742981,-9.107793,20.587,False
861,38.741214,-9.108225,19.769,False
862,38.739447,-9.108657,15.395,False
863,38.73768,-9.109089,15.136,False
864,38.735914,-9.109521,16.624,False
865,38.734147,-9.109953,14.573,False
866,38.73238,-9.110385,15.196,False
867,38.730613,-9.110817,13.617,False
868,38.728846,-9.111248,13.68,False
869,38.730172,-9.109855,11.089,False
870,38.73189,-9.109306,12.048,False
871,38.733675,-9.109027,11.11,False
872,38.73546,-9.108747,12.15,False
873,38.737246,-9.108467,13.222,False
874,38.739031,-9.108187,13.45,False
875,38.740816,-9.107907,15.215,False
876,38.742602,-9.107628,15.874,False
877,38.744387,-9.107348,22.341,False
878,38.746172,-9.107068,27.149,False
879,38.747958,-9.106788,31.257,False
880,38.749743,-9.106509,32.87,False
881,38.751529,-9.106229,33.828,False
882,38.753314,-9.105949,37.468,False
883,38.755099,-9.105669,42.102,False
884,38.756885,-9.10539,28.525,False
885,38.75867,-9.10511,17.179,False
886,38.760455,-9.10483,20.374,False
887,38.762241,-9.10455,26.365,False
888,38.764026,-9.10427,31.085,False
889,38.765811,-9.103991,38.631,False
890,38.767597,-9.103711,40.172,False
891,38.769382,-9.103431,48.845,False
892,38.771168,-9.103151,51.472,False
893,38.772953,-9.102872,43.264,False
894,38.774738,-9.102592,40.162,False
895,38.776524,-9.102312,32.168,False
896,38.778309,-9.102032,26.691,False
897,38.780094,-9.101752,25.56,False
898,38.78188,-9.101473,30.653,False
899,38.783665,-9.101193,33.05,False
900,38.785451,-9.100913,47.641,False
901,38.787236,-9.100633,39.78,False
902,38.789021,-9.100354,34.376,False
903,38.790807,-9.100074,29.708,False
904,38.792592,-9.099794,26.394,False
905,38.794377,-9.099514,30.475,False
906,38.796163,-9.099235,34.77,False
907,38.795499,-9.099361,41.786,False
908,38.793701,-9.099365,45.449,False
909,38.791902,-9.099369,32.751,False
910,38.790104,-9.099373,28.034,False
911,38.788305,-9.099377,26.757,False
912,38.786506,-9.099381,26.41,False
913,38.784708,-9.099385,34.905,False
914,38.782909,-9.099389,41.542,False
915,38.78111,-9.099393,46.4,False
916,38.779312,-9.099397,51.713,False
917,38.777513,-9.099401,45.747,False
918,38.779296,-9.09969,40.286,False
919,38.78108,-9.099977,36.577,False
920,38.782868,-9.100233,29.913,False
921,38.784656,-9.100488,24.854,False
922,38.786443,-9.100745,19.009,False
923,38.788235,-9.100936,17.189,False
924,38.790032,-9.100906,30.679,False
925,38.791817,-9.100634,44.637,False
926,38.793574,-9.100144,35.904,False
927,38.795326,-9.099619,34.058,False
928,38.794739,-9.0996,32.59,False
929,38.792951,-9.099841,30.833,False
930,38.791162,-9.100083,25.325,False
931,38.789373,-9.100325,21.974,False
932,38.787584,-9.100567,16.062,False
933,38.785796,-9.100808,15.974,False
934,38.784007,-9.10105,13.184,False
935,38.782218,-9.101292,13.44,False
936,38.780429,-9.101534,11.278,False
937,38.778641,-9.101775,11.454,False
938,38.776852,-9.102017,11.62,False
939,38.775063,-9.102259,5.187,False
940,38.773275,-9.102501,12.294,False
941,38.771486,-9.102742,10.979,False
942,38.769697,-9.102984,12.006,False
943,38.767908,-9.103226,11.873,False
944,38.76612,-9.103468,12.377,False
945,38.764331,-9.103709,14.9,False
946,38.762542,-9.103951,14.833,False
947,38.760753,-9.104193,20.722,False
948,38.758965,-9.104435,26.113,False
949,38.757176,-9.104676,30.159,False
950,38.755387,-9.104918,29.946,False
951,38.753598,-9.10516,33.585,False
952,38.75181,-9.105402,35.334,False
953,38.750021,-9.105643,42.487,False
954,38.748232,-9.105885,36.14,False
955,38.746443,-9.106127,18.146,False
956,38.744655,-9.106369,18.021,False
957,38.742866,-9.10661,22.004,False
958,38.741077,-9.106852,28.383,False
959,38.739288,-9.107094,35.955,False
960,38.7375,-9.107336,38.12,False
961,38.735711,-9.107577,42.707,False
962,38.734258,-9.107714,47.872,False
963,38.736039,-9.107436,49.562,False
964,38.737828,-9.107197,43.511,False
965,38.739617,-9.106959,40.927,False
966,38.741406,-9.106721,37.67,False
967,38.743195,-9.106482,24.319,False
968,38.744984,-9.106244,18.702,False
969,38.746773,-9.106005,22.205,False
970,38.748562,-9.105767,20.424,False
971,38.750351,-9.105528,26.38,False
972,38.75214,-9.10529,29.427,False
973,38.753929,-9.105051,28.364,False
974,38.755719,-9.104813,29.792,False
975,38.757508,-9.104574,26.451,False
976,38.759297,-9.104336,23.954,False
977,38.761086,-9.104097,22.708,False
978,38.762875,-9.103859,22.419,False
979,38.764664,-9.10362,26.329,False
980,38.766453,-9.103382,22.463,False
981,38.768242,-9.103143,25.752,False
982,38.770031,-9.102905,32.536,False
983,38.77182,-9.102666,34.189,False
984,38.773609,-9.102428,30.238,False
985,38.775398,-9.102189,32.161,False
986,38.777187,-9.101951,31.55,False
987,38.778976,-9.101712,33.768,False
988,38.780765,-9.101474,34.447,False
989,38.782554,-9.101235,36.11,False
990,38.784343,-9.100997,27.007,False
991,38.786132,-9.100758,19.593,False
992,38.787921,-9.10052,25.001,False
993,38.78971,-9.100281,29.597,False
994,38.791499,-9.100043,29.451,False
995,38.793288,-9.099804,32.308,False
996,38.795077,-9.099566,38.418,False
997,38.79649,-9.099409,34.078,False
998,38.794707,-9.099662,43.557,False
999,38.792913,-9.099821,36.521,False
1000,38.791118,-9.09998,27.547,False
1001,38.789324,-9.10014,25.456,False
1002,38.78753,-9.100299,19.7,False
1003,38.785735,-9.100458,16.58,False
1004,38.783941,-9.100617,17.115,False
1005,38.782146,-9.100776,20.463,False
1006,38.780352,-9.100936,19.815,False
1007,38.778558,-9.101095,21.091,False
1008,38.776763,-9.101254,17.845,False
1009,38.774969,-9.101413,16.829,False
1010,38.773175,-9.101572,16.075,False
1011,38.77138,-9.101732,12.926,False
1012,38.769586,-9.101891,9.192,False
1013,38.767792,-9.10205,13.819,False
1014,38.765997,-9.102209,10.691,False
1015,38.764203,-9.102369,9.583,False
1016,38.762409,-9.102528,11.043,False
1017,38.760614,-9.102687,7.661,False
1018,38.75882,-9.102846,10.44,False
1019,38.757026,-9.103005,17.292,False
1020,38.755231,-9.103165,13.513,False
1021,38.753437,-9.103324,3.992,True
1022,38.751642,-9.103483,0.611,True
1023,38.749848,-9.103642,4.579,True
1024,38.748054,-9.103801,3.217,True
1025,38.746259,-9.103961,2.568,True
1026,38.744465,-9.10412,1.444,True
1027,38.745462,-9.103538,1.159,True
1028,38.743737,-9.104188,0.748,True
1029,38.742011,-9.104837,1.23,True
1030,38.740285,-9.105487,1.427,True
1031,38.738559,-9.106137,4.226,True
1032,38.736834,-9.106786,4.414,True
1033,38.735108,-9.107436,2.269,True
1034,38.733386,-9.1081,2.664,True
1035,38.731705,-9.108921,1.397,True
1036,38.732958,-9.108305,2.389,True
1037,38.734075,-9.107761,2.459,True
1038,38.732398,-9.108593,3.127,True
1039,38.73072,-9.109425,5.161,False
1040,38.729242,-9.110718,3.912,True
1041,38.73052,-9.110273,2.793,True
1042,38.732218,-9.109514,0.563,True
1043,38.733917,-9.108755,4.362,True
1044,38.735615,-9.107996,5.177,False
1045,38.737314,-9.107237,3.305,True
1046,38.739012,-9.106478,9.318,False
1047,38.74071,-9.105719,9.245,False
1048,38.742409,-9.10496,2.672,True
1049,38.744107,-9.104201,2.861,True
1050,38.745806,-9.103442,4.602,True
1051,38.7467,-9.103015,4.143,True
1052,38.746672,-9.103169,4.642,True
1053,38.748446,-9.102788,5.646,False
1054,38.75022,-9.102407,5.489,False
1055,38.751994,-9.102026,0.253,True
1056,38.753768,-9.101645,3.556,True
1057,38.755542,-9.101264,4.123,True
1058,38.757316,-9.100883,9.988,False
1059,38.75909,-9.100502,12.301,False
1060,38.760864,-9.100121,5.547,False
1061,38.762638,-9.09974,10.861,False
1062,38.764412,-9.099359,6.313,False
1063,38.766186,-9.098978,12.359,False
1064,38.767959,-9.098597,16.765,False
1065,38.769733,-9.098216,14.481,False
1066,38.771507,-9.097835,20.53,False
1067,38.773281,-9.097454,21.433,False
1068,38.775055,-9.097073,24.829,False
1069,38.776829,-9.096692,27.938,False
1070,38.778603,-9.096311,27.856,False
1071,38.780377,-9.09593,17.364,False
1072,38.782151,-9.095549,13.128,False
1073,38.783925,-9.095168,15.094,False
1074,38.785699,-9.094787,19.738,False
1075,38.787473,-9.094406,27.02,False
1076,38.789247,-9.094025,29.21,False
1077,38.791021,-9.093644,35.451,False
1078,38.792795,-9.093263,39.369,False
1079,38.794569,-9.092882,46.873,False
1080,38.796343,-9.092501,40.328,False
1081,38.798117,-9.09212,40.07,False
1082,38.799891,-9.091739,33.886,False
1083,38.801665,-9.091358,30.385,False
1084,38.803439,-9.090977,19.914,False
1085,38.805213,-9.090596,19.291,False
1086,38.806987,-9.090215,25.468,False
1087,38.80876,-9.089834,39.418,False
1088,38.810534,-9.089453,54.708,False
1089,38.812308,-9.089072,43.495,False
1090,38.814082,-9.088691,54.344,False
1091,38.815856,-9.08831,44.927,False
1092,38.81763,-9.087929,31.823,False
1093,38.819404,-9.087548,43.277,False
1094,38.821178,-9.087167,49.772,False
1095,38.822952,-9.086786,46.98,False
1096,38.824726,-9.086405,28.613,False
1097,38.824537,-9.086622,29.836,False
1098,38.822807,-9.087253,30.439,False
1099,38.821083,-9.087911,17.181,False
1100,38.819355,-9.088553,29.732,False
1101,38.817633,-9.08922,33.812,False
1102,38.815935,-9.089978,23.636,False
1103,38.814256,-9.090807,33.715,False
1104,38.81259,-9.091676,29.889,False
1105,38.810918,-9.092527,16.459,False
1106,38.80924,-9.093358,38.026,False
1107,38.807561,-9.094185,42.688,False
1108,38.805838,-9.094777,47.342,False
1109,38.804051,-9.095037,42.243,False
1110,38.802264,-9.095297,43.747,False
1111,38.800477,-9.095557,35.866,False
1112,38.79869,-9.095817,42.123,False
1113,38.796902,-9.096076,58.913,False
1114,38.795115,-9.096336,45.737,False
1115,38.793328,-9.096596,37.572,False
1116,38.791541,-9.096856,32.296,False
1117,38.789754,-9.097116,29.051,False
1118,38.787966,-9.097375,29.887,False
1119,38.786179,-9.097635,40.253,False
1120,38.784392,-9.097895,42.767,False
1121,38.782605,-9.098155,51.524,False
1122,38.780818,-9.098415,44.709,False
1123,38.77903,-9.098674,38.749,False
1124,38.777243,-9.098934,36.554,False
1125,38.775456,-9.099194,28.211,False
1126,38.773669,-9.099454,20.065,False
1127,38.771881,-9.099714,15.714,False
1128,38.770094,-9.099973,16.195,False
1129,38.768307,-9.100233,29.64,False
1130,38.76652,-9.100493,29.019,False
1131,38.764733,-9.100753,25.743,False
1132,38.762945,-9.101012,20.604,False
1133,38.761158,-9.101272,18.07,False
1134,38.759371,-9.101532,13.962,False
1135,38.757584,-9.101792,16.065,False
1136,38.755797,-9.102052,16.529,False
1137,38.754009,-9.102311,9.855,False
1138,38.752222,-9.102571,8.974,False
1139,38.750435,-9.102831,10.531,False
1140,38.748648,-9.103091,8.232,False
1141,38.746861,-9.103351,20.2,False
1142,38.745073,-9.10361,16.714,False
1143,38.745111,-9.103817,7.5,False
1144,38.743973,-9.105602,3.749,True
1145,38.742834,-9.107388,3.467,True
1146,38.741696,-9.109173,3.429,True
1147,38.740558,-9.110959,3.426,True
1148,38.73942,-9.112744,1.521,True
1149,38.738281,-9.11453,1.135,True
1150,38.737257,-9.115634,-0.28,True
1151,38.735916,-9.114097,1.0,True
1152,38.734575,-9.11256,-0.117,True
1153,38.733235,-9.111023,2.209,True
1154,38.731894,-9.109486,3.193,True
1155,38.730381,-9.109764,2.205,True
1156,38.728881,-9.111036,3.397,True
1157,38.72738,-9.112308,2.158,True
1158,38.728435,-9.111613,3.436,True
1159,38.729901,-9.110277,0.12,True
1160,38.731435,-9.109099,0.041,True
1161,38.730021,-9.110193,0.94,True
1162,38.728531,-9.111474,2.309,True
1163,38.727294,-9.112426,10.055,False
1164,38.72905,-9.111926,2.54,True
1165,38.730806,-9.111425,5.132,False
1166,38.732562,-9.110924,5.927,False
1167,38.734317,-9.110423,2.654,True
1168,38.736073,-9.109922,4.648,True
1169,38.737829,-9.109422,6.447,False
1170,38.739585,-9.108921,5.239,False
1171,38.741341,-9.10842,9.63,False
1172,38.743096,-9.107919,9.171,False
1173,38.744852,-9.107418,10.718,False
1174,38.746608,-9.106918,12.281,False
1175,38.748364,-9.106417,9.68,False
1176,38.750119,-9.105916,5.99,False
1177,38.751875,-9.105415,8.994,False
1178,38.753631,-9.104914,10.6,False
1179,38.755387,-9.104413,8.26,False
1180,38.757142,-9.103913,7.645,False
1181,38.758898,-9.103412,8.907,False
1182,38.760654,-9.102911,10.305,False
1183,38.76241,-9.10241,8.773,False
1184,38.764165,-9.101909,7.985,False
1185,38.765921,-9.101409,5.394,False
1186,38.767677,-9.100908,0.646,True
1187,38.769433,-9.100407,2.398,True
1188,38.771189,-9.099906,2.565,True
1189,38.772944,-9.099405,0.481,True
1190,38.7747,-9.098905,3.281,True
1191,38.776456,-9.098404,3.253,True
1192,38.778212,-9.097903,7.255,False
1193,38.779967,-9.097402,2.514,True
1194,38.781723,-9.096901,1.359,True
1195,38.783479,-9.096401,5.111,False
1196,38.785235,-9.0959,4.546,True
1197,38.78699,-9.095399,2.911,True
1198,38.788746,-9.094898,8.355,False
1199,38.790502,-9.094397,5.557,False
1200,38.792258,-9.093897,2.225,True
1201,38.794014,-9.093396,7.96,False
1202,38.795769,-9.092895,2.39,True
1203,38.797525,-9.092394,2.594,True
1204,38.799281,-9.091893,1.446,True
1205,38.801037,-9.091393,1.25,True
1206,38.802792,-9.090892,4.206,True
1207,38.804548,-9.090391,5.238,False
1208,38.806304,-9.08989,8.759,False
1209,38.80806,-9.089389,5.13,False
1210,38.809815,-9.088889,3.33,True
1211,38.811571,-9.088388,6.469,False
1212,38.813327,-9.087887,4.394,True
1213,38.815083,-9.087386,1.847,True
1214,38.816838,-9.086885,4.23,True
1215,38.818594,-9.086384,2.465,True
1216,38.82035,-9.085884,3.679,True
1217,38.822106,-9.085383,4.244,True
1218,38.823862,-9.084882,5.649,False
1219,38.825617,-9.084381,1.537,True
1220,38.827373,-9.08388,1.814,True
1221,38.829129,-9.08338,3.056,True
1222,38.830885,-9.082879,4.231,True
1223,38.83264,-9.082378,5.619,False
1224,38.834396,-9.081877,5.122,False
1225,38.836152,-9.081376,4.437,True
1226,38.837908,-9.080876,1.575,True
1227,38.839663,-9.080375,1.177,True
1228,38.841394,-9.079777,5.924,False
1229,38.84304,-9.078846,4.251,True
1230,38.844689,-9.077923,8.08,False
1231,38.846335,-9.076993,7.222,False
1232,38.847975,-9.076045,5.237,False
1233,38.84959,-9.075029,5.089,False
1234,38.851173,-9.073933,3.342,True
1235,38.852732,-9.072782,0.88,True
1236,38.854164,-9.071389,2.67,True
1237,38.855432,-9.069753,1.119,True
1238,38.856572,-9.067966,6.52,False
1239,38.857714,-9.066184,4.333,True
1240,38.858941,-9.064499,4.645,True
1241,38.857942,-9.065022,8.16,False
1242,38.856342,-9.066077,2.597,True
1243,38.854742,-9.067132,1.534,True
1244,38.853142,-9.068187,5.671,False
1245,38.851542,-9.069242,3.32,True
1246,38.849942,-9.070297,4.11,True
1247,38.848342,-9.071351,6.061,False
1248,38.846742,-9.072406,7.13,False
1249,38.845142,-9.073461,5.632,False
1250,38.843542,-9.074516,5.546,False
1251,38.841942,-9.075571,9.835,False
1252,38.840342,-9.076626,11.049,False
1253,38.838742,-9.077681,10.985,False
1254,38.837142,-9.078735,12.737,False
1255,38.835542,-9.07979,11.299,False
1256,38.833942,-9.080845,6.416,False
1257,38.832342,-9.0819,7.444,False
1258,38.830742,-9.082955,8.872,False
1259,38.829142,-9.08401,15.469,False
1260,38.827542,-9.085064,19.953,False
1261,38.825932,-9.086089,15.073,False
1262,38.826674,-9.085368,15.642,False
1263,38.828231,-9.084211,17.046,False
1264,38.829788,-9.083054,16.577,False
1265,38.831344,-9.081898,13.994,False
1266,38.832901,-9.080741,12.157,False
1267,38.834458,-9.079584,8.971,False
1268,38.836015,-9.078427,6.29,False
1269,38.837571,-9.07727,8.943,False
1270,38.839128,-9.076113,5.546,False
1271,38.840685,-9.074956,9.741,False
1272,38.842241,-9.073799,9.788,False
1273,38.843798,-9.072643,9.879,False
1274,38.845355,-9.071486,9.237,False
1275,38.846912,-9.070329,9.22,False
1276,38.848468,-9.069172,10.577,False
1277,38.850025,-9.068015,7.741,False
1278,38.851582,-9.066858,8.814,False
1279,38.853139,-9.065701,5.463,False
1280,38.854695,-9.064545,6.042,False
1281,38.856252,-9.063388,3.651,True
1282,38.857809,-9.062231,6.126,False
1283,38.859366,-9.061074,4.17,True
1284,38.860922,-9.059917,6.29,False
1285,38.862479,-9.05876,9.824,False
1286,38.864036,-9.057603,9.053,False
1287,38.865592,-9.056447,8.246,False
1288,38.867149,-9.05529,8.801,False
1289,38.868706,-9.054133,10.003,False
1290,38.870263,-9.052976,4.8,True
1291,38.871819,-9.051819,1.934,True
1292,38.873376,-9.050662,2.356,True
1293,38.874933,-9.049505,3.267,True
1294,38.876353,-9.048472,5.019,False
1295,38.874981,-9.049966,6.042,False
1296,38.87361,-9.05146,4.991,True
1297,38.872237,-9.052953,8.097,False
1298,38.872472,-9.052888,6.463,False
1299,38.873995,-9.05166,2.782,True
1300,38.875519,-9.050431,5.885,False
1301,38.877042,-9.049202,4.38,True
1302,38.878566,-9.047974,5.002,False
1303,38.880089,-9.046745,1.226,True
1304,38.881613,-9.045517,1.576,True
1305,38.883136,-9.044288,2.812,True
1306,38.884659,-9.04306,0.852,True
1307,38.886183,-9.041831,2.602,True
1308,38.887706,-9.040603,5.912,False
1309,38.88923,-9.039374,4.885,True
1310,38.890753,-9.038145,8.348,False
1311,38.892277,-9.036917,7.631,False
1312,38.8938,-9.035688,5.881,False
1313,38.895324,-9.03446,5.792,False
1314,38.896847,-9.033231,3.573,True
1315,38.898371,-9.032003,4.273,True
1316,38.899894,-9.030774,6.582,False
1317,38.901417,-9.029545,8.641,False
1318,38.902941,-9.028317,10.399,False
1319,38.904464,-9.027088,6.324,False
1320,38.905988,-9.02586,1.485,True
1321,38.907511,-9.024631,0.758,True
1322,38.909035,-9.023403,4.719,True
1323,38.910558,-9.022174,0.896,True
1324,38.912082,-9.020945,3.008,True
1325,38.913605,-9.019717,4.602,True
1326,38.915128,-9.018488,6.331,False
1327,38.916652,-9.01726,5.444,False
1328,38.918175,-9.016031,4.237,True
1329,38.919699,-9.014803,6.84,False
1330,38.921222,-9.013574,7.55,False
1331,38.922746,-9.012346,8.108,False
1332,38.923545,-9.011529,8.185,False
1333,38.921844,-9.012275,8.053,False
1334,38.920182,-9.013159,7.097,False
1335,38.918521,-9.014045,5.315,False
1336,38.916859,-9.01493,2.291,True
1337,38.915198,-9.015817,2.372,True
1338,38.913537,-9.016703,2.966,True
1339,38.911876,-9.017591,5.665,False
1340,38.910216,-9.018479,4.251,True
1341,38.908554,-9.019362,2.001,True
1342,38.90689,-9.020241,1.736,True
1343,38.905229,-9.021127,5.51,False
1344,38.903625,-9.022144,4.969,True
1345,38.902163,-9.023492,5.841,False
1346,38.900702,-9.024839,13.423,False
1347,38.899241,-9.026187,4.581,True
1348,38.89778,-9.027534,4.018,True
1349,38.896319,-9.028882,5.395,False
1350,38.894858,-9.030229,2.673,True
1351,38.893397,-9.031577,1.344,True
1352,38.891936,-9.032924,4.069,True
1353,38.890475,-9.034272,5.151,False
1354,38.889014,-9.035619,3.787,True
1355,38.887553,-9.036967,2.205,True
1356,38.886092,-9.038314,3.019,True
1357,38.884631,-9.039661,-0.244,True
1358,38.88317,-9.041009,-0.073,True
1359,38.881709,-9.042356,1.205,True
1360,38.880248,-9.043704,2.875,True
1361,38.878787,-9.045051,1.792,True
1362,38.877326,-9.046399,0.235,True
1363,38.875865,-9.047746,3.619,True
1364,38.874404,-9.049094,5.425,False
1365,38.872943,-9.050441,2.916,True
1366,38.871482,-9.051789,2.213,True
1367,38.870021,-9.053136,3.163,True
1368,38.86856,-9.054484,-0.047,True
1369,38.867099,-9.055831,1.975,True
1370,38.865638,-9.057178,1.712,True
1371,38.864177,-9.058526,1.573,True
1372,38.862716,-9.059873,2.032,True
1373,38.861255,-9.061221,0.262,True
1374,38.859794,-9.062568,2.762,True
1375,38.858333,-9.063916,1.0,True
1376,38.856872,-9.065263,-0.982,True
1377,38.855411,-9.066611,-1.0,True
1378,38.85395,-9.067958,6.41,False
1379,38.852489,-9.069306,6.238,False
1380,38.851028,-9.070653,7.067,False
1381,38.849567,-9.072001,5.805,False
1382,38.848106,-9.073348,7.823,False
1383,38.846645,-9.074695,6.836,False
1384,38.845184,-9.076043,6.553,False
1385,38.843723,-9.07739,5.66,False
1386,38.842262,-9.078738,5.271,False
1387,38.840801,-9.080085,5.084,False
1388,38.83922,-9.081147,5.525,False
1389,38.837538,-9.081967,6.754,False
1390,38.835852,-9.08277,5.975,False
1391,38.834146,-9.0835,4.878,True
1392,38.832409,-9.084098,6.091,False
1393,38.830677,-9.084721,2.191,True
1394,38.828944,-9.085341,0.142,True
1395,38.827206,-9.085934,-1.199,True
1396,38.825471,-9.086543,2.031,True
1397,38.823737,-9.087157,-1.185,True
1398,38.822003,-9.087767,2.603,True
1399,38.820272,-9.088395,0.772,True
1400,38.818538,-9.089009,3.239,True
1401,38.816821,-9.089696,3.37,True
1402,38.815135,-9.0905,4.628,True
1403,38.813466,-9.091359,3.998,True
1404,38.811795,-9.092214,5.599,False
1405,38.810125,-9.093071,6.625,False
1406,38.808456,-9.093932,6.282,False
1407,38.806784,-9.094783,7.177,False
1408,38.80812,-9.093746,2.506,True
1409,38.80967,-9.092574,3.287,True
1410,38.81122,-9.091401,1.383,True
1411,38.81277,-9.090229,1.954,True
1412,38.814319,-9.089057,2.724,True
1413,38.815869,-9.087885,1.658,True
1414,38.817419,-9.086713,4.445,True
1415,38.818969,-9.08554,6.77,False
1416,38.820518,-9.084368,3.198,True
1417,38.822068,-9.083196,4.66,True
1418,38.823618,-9.082024,8.272,False
1419,38.825168,-9.080852,4.383,True
1420,38.826717,-9.079679,7.22,False
1421,38.828267,-9.078507,1.268,True
1422,38.829817,-9.077335,1.597,True
1423,38.831367,-9.076163,2.64,True
1424,38.832916,-9.074991,7.518,False
1425,38.834466,-9.073818,4.984,True
1426,38.836016,-9.072646,3.862,True
1427,38.837566,-9.071474,1.668,True
1428,38.839116,-9.070302,7.544,False
1429,38.840665,-9.06913,6.692,False
1430,38.842215,-9.067957,4.787,True
1431,38.843765,-9.066785,13.012,False
1432,38.845315,-9.065613,8.829,False
1433,38.846864,-9.064441,3.201,True
1434,38.848414,-9.063268,3.036,True
1435,38.849964,-9.062096,2.833,True
1436,38.851514,-9.060924,8.584,False
1437,38.853063,-9.059752,10.688,False
1438,38.854613,-9.05858,3.559,True
1439,38.856163,-9.057407,5.526,False
1440,38.857713,-9.056235,4.97,True
1441,38.859262,-9.055063,0.567,True
1442,38.860812,-9.053891,2.728,True
1443,38.862362,-9.052719,4.237,True
1444,38.863912,-9.051546,6.457,False
1445,38.865461,-9.050374,3.876,True
1446,38.867011,-9.049202,5.078,False
1447,38.868561,-9.04803,5.146,False
1448,38.870111,-9.046858,3.337,True
1449,38.871661,-9.045685,6.676,False
1450,38.87321,-9.044513,8.561,False
1451,38.87476,-9.043341,7.923,False
1452,38.87631,-9.042169,8.07,False
1453,38.87786,-9.040997,11.436,False
1454,38.879409,-9.039824,7.535,False
1455,38.880959,-9.038652,11.75,False
1456,38.882509,-9.03748,12.224,False
1457,38.884059,-9.036308,11.487,False
1458,38.885608,-9.035136,18.869,False
1459,38.887158,-9.033963,17.056,False
1460,38.888708,-9.032791,10.093,False
1461,38.890258,-9.031619,1.903,True
1462,38.891807,-9.030447,9.8,False
1463,38.893357,-9.029275,24.466,False
1464,38.894907,-9.028102,24.426,False
1465,38.895673,-9.027643,25.111,False
1466,38.894302,-9.02914,19.267,False
1467,38.892932,-9.030638,26.821,False
1468,38.891571,-9.032146,35.047,False
1469,38.890238,-9.033696,33.537,False
1470,38.888757,-9.034999,36.439,False
1471,38.887236,-9.036232,52.284,False
1472,38.885716,-9.037466,55.176,False
1473,38.884195,-9.038699,56.187,False
1474,38.882674,-9.039933,48.047,False
1475,38.881154,-9.041166,54.604,False
1476,38.879633,-9.0424,62.849,False
1477,38.878112,-9.043633,65.09,False
1478,38.876592,-9.044867,50.708,False
1479,38.875071,-9.0461,57.007,False
1480,38.87355,-9.047334,80.85,False
1481,38.872029,-9.048567,90.647,False
1482,38.870509,-9.049801,92.719,False
1483,38.868988,-9.051034,97.805,False
1484,38.867467,-9.052268,98.235,False
1485,38.865947,-9.053501,87.515,False
1486,38.864426,-9.054735,89.601,False
1487,38.862905,-9.055968,72.939,False
1488,38.861385,-9.057202,83.028,False
1489,38.859864,-9.058435,86.043,False
1490,38.858343,-9.059669,90.998,False
1491,38.856823,-9.060902,80.017,False
1492,38.855302,-9.062136,71.255,False
1493,38.853781,-9.063369,56.793,False
1494,38.852261,-9.064603,88.44,False
1495,38.85074,-9.065836,87.188,False
1496,38.849219,-9.06707,91.226,False
1497,38.847698,-9.068303,94.308,False
1498,38.846178,-9.069537,81.499,False
1499,38.844657,-9.07077,75.765,False
1500,38.843136,-9.072004,73.535,False
1501,38.841616,-9.073237,74.957,False
1502,38.840095,-9.074471,63.874,False
1503,38.838574,-9.075704,53.673,False
1504,38.837054,-9.076938,53.341,False
1505,38.835533,-9.078171,50.249,False
1506,38.834012,-9.079405,59.325,False
1507,38.832492,-9.080638,55.245,False
1508,38.830971,-9.081872,58.47,False
1509,38.82945,-9.083105,55.625,False
1510,38.82793,-9.084339,23.176,False
1511,38.826409,-9.085572,33.411,False
1512,38.825894,-9.086166,40.668,False
1513,38.824193,-9.086917,32.2,False
1514,38.822492,-9.087668,23.795,False
1515,38.820791,-9.088418,56.328,False
1516,38.81909,-9.089169,54.769,False
1517,38.817389,-9.089919,50.289,False
1518,38.815688,-9.09067,50.777,False
1519,38.813987,-9.091421,45.067,False
1520,38.812286,-9.092171,56.113,False
1521,38.810586,-9.092922,68.672,False
1522,38.808885,-9.093673,91.997,False
1523,38.807408,-9.094316,102.149,False
1524,38.809087,-9.093487,78.541,False
1525,38.810765,-9.092658,88.18,False
1526,38.812435,-9.0918,104.624,False
1527,38.814105,-9.090943,90.611,False
1528,38.81578,-9.0901,96.705,False
1529,38.817478,-9.089341,100.262,False
1530,38.819198,-9.088667,69.693,False
1531,38.820925,-9.08802,47.826,False
1532,38.822649,-9.087366,76.054,False
1533,38.824379,-9.08673,78.106,False
1534,38.824946,-9.086578,69.88,False
1535,38.823268,-9.087409,61.199,False
1536,38.82159,-9.08824,54.461,False
1537,38.819912,-9.08907,74.741,False
1538,38.818234,-9.089901,81.575,False
1539,38.816556,-9.090731,73.213,False
1540,38.814878,-9.091562,76.326,False
1541,38.8132,-9.092392,73.432,False
1542,38.811522,-9.093223,69.2,False
1543,38.809844,-9.094053,65.884,False
1544,38.808166,-9.094884,53.565,False
1545,38.806488,-9.095714,43.536,False
1546,38.80481,-9.096545,33.897,False
1547,38.803132,-9.097375,32.905,False
1548,38.801454,-9.098206,28.698,False
1549,38.799776,-9.099036,38.195,False
1550,38.798098,-9.099867,39.766,False
1551,38.79642,-9.100698,35.525,False
1552,38.794741,-9.101528,30.717,False
1553,38.793063,-9.102359,28.492,False
1554,38.791385,-9.103189,20.149,False
1555,38.789707,-9.10402,17.695,False
1556,38.788029,-9.10485,9.481,False
1557,38.786351,-9.105681,7.27,False
1558,38.784673,-9.106511,12.077,False
1559,38.782995,-9.107342,6.816,False
1560,38.781317,-9.108172,15.814,False
1561,38.779639,-9.109003,10.316,False
1562,38.777961,-9.109833,2.665,True
1563,38.776283,-9.110664,0.0,True
1564,38.774605,-9.111494,0.0,True
1565,38.772927,-9.112325,0.739,True
1566,38.771249,-9.113156,-0.258,True
1567,38.769571,-9.113986,1.277,True
1568,38.767893,-9.114817,0.686,True
1569,38.766215,-9.115647,0.722,True
1570,38.764537,-9.116478,1.04,True
1571,38.762859,-9.117308,1.526,True
1572,38.761181,-9.118139,0.741,True
1573,38.759503,-9.118969,1.026,True
1574,38.757825,-9.1198,1.396,True
1575,38.756147,-9.12063,-0.041,True
1576,38.754469,-9.121461,-1.114,True
1577,38.752791,-9.122291,-0.9,True
1578,38.751113,-9.123122,-0.499,True
1579,38.749434,-9.123952,-1.134,True
1580,38.747756,-9.124783,-0.294,True
1581,38.746078,-9.125614,0.724,True
1582,38.7444,-9.126444,-0.118,True
1583,38.742722,-9.127275,0.502,True
1584,38.741044,-9.128105,-1.312,True
1585,38.739366,-9.128936,-0.44,True
1586,38.737688,-9.129766,-0.513,True
1587,38.73601,-9.130597,0.058,True
1588,38.734332,-9.131427,1.095,True
1589,38.732654,-9.132258,2.003,True
1590,38.730976,-9.133088,-0.559,True
1591,38.729298,-9.133919,0.571,True
1592,38.72762,-9.134749,1.193,True
1593,38.725942,-9.13558,1.856,True
1594,38.724264,-9.13641,3.426,True
1595,38.722586,-9.137241,3.384,True
1596,38.720908,-9.138072,1.406,True
1597,38.71923,-9.138902,3.445,True
1598,38.717552,-9.139733,1.747,True
1599,38.715874,-9.140563,0.773,True
1600,38.714196,-9.141394,-0.312,True
1601,38.715315,-9.143193,1.549,True
1602,38.714412,-9.141407,2.247,True
1603,38.715795,-9.140322,6.302,False
1604,38.717408,-9.1393,5.364,False
1605,38.719021,-9.138278,8.144,False
1606,38.720634,-9.137256,6.867,False
1607,38.722247,-9.136234,5.797,False
1608,38.72386,-9.135212,8.141,False
1609,38.725473,-9.13419,7.284,False
1610,38.727086,-9.133168,6.137,False
1611,38.728699,-9.132146,6.05,False
1612,38.730312,-9.131124,5.04,False
1613,38.731925,-9.130103,7.733,False
1614,38.733537,-9.129081,8.731,False
1615,38.73515,-9.128059,5.098,False
1616,38.736763,-9.127037,4.175,True
1617,38.738376,-9.126015,6.692,False
1618,38.739989,-9.124993,4.259,True
1619,38.741602,-9.123971,9.705,False
1620,38.743215,-9.122949,16.616,False
1621,38.744828,-9.121927,17.941,False
1622,38.746441,-9.120905,7.67,False
1623,38.748054,-9.119883,8.132,False
1624,38.749667,-9.118861,7.595,False
1625,38.75128,-9.117839,5.197,False
1626,38.752893,-9.116817,8.48,False
1627,38.754506,-9.115795,9.853,False
1628,38.756118,-9.114774,11.165,False
1629,38.757731,-9.113752,9.163,False
1630,38.759344,-9.11273,13.871,False
1631,38.760957,-9.111708,21.933,False
1632,38.76257,-9.110686,16.683,False
1633,38.764183,-9.109664,24.06,False
1634,38.765796,-9.108642,11.924,False
1635,38.767409,-9.10762,13.081,False
1636,38.769022,-9.106598,13.029,False
1637,38.770635,-9.105576,13.343,False
1638,38.772248,-9.104554,7.91,False
1639,38.773861,-9.103532,8.433,False
1640,38.775474,-9.10251,6.455,False
1641,38.777086,-9.101488,7.246,False
1642,38.778699,-9.100466,6.493,False
1643,38.780312,-9.099445,6.804,False
1644,38.781925,-9.098423,5.748,False
1645,38.783538,-9.097401,5.952,False
1646,38.785151,-9.096379,5.987,False
1647,38.786764,-9.095357,6.956,False
1648,38.788377,-9.094335,7.926,False
1649,38.78999,-9.093313,7.059,False
1650,38.791603,-9.092291,7.632,False
1651,38.793216,-9.091269,5.689,False
1652,38.794829,-9.090247,6.421,False
1653,38.796442,-9.089225,6.779,False
1654,38.798055,-9.088203,6.262,False
1655,38.799667,-9.087181,8.961,False
1656,38.80128,-9.086159,7.294,False
1657,38.802893,-9.085137,5.426,False
1658,38.804506,-9.084116,6.222,False
1659,38.806119,-9.083094,6.12,False
1660,38.807732,-9.082072,7.743,False
1661,38.809345,-9.08105,6.681,False
1662,38.810958,-9.080028,7.232,False
1663,38.812571,-9.079006,7.585,False
1664,38.814184,-9.077984,9.838,False
1665,38.815797,-9.076962,10.991,False
1666,38.81741,-9.07594,14.673,False
1667,38.819023,-9.074918,15.133,False
1668,38.820635,-9.073896,13.616,False
1669,38.822248,-9.072874,16.08,False
1670,38.823861,-9.071852,33.717,False
1671,38.825474,-9.07083,29.502,False
1672,38.827087,-9.069808,41.547,False
1673,38.8287,-9.068787,33.801,False
1674,38.830313,-9.067765,16.88,False
1675,38.831926,-9.066743,12.19,False
1676,38.833539,-9.065721,12.279,False
1677,38.835152,-9.064699,9.554,False
1678,38.836765,-9.063677,8.9,False
1679,38.838378,-9.062655,9.518,False
1680,38.839991,-9.061633,9.443,False
1681,38.841604,-9.060611,7.476,False
1682,38.843216,-9.059589,7.109,False
1683,38.844829,-9.058567,6.999,False
1684,38.846442,-9.057545,5.915,False
1685,38.848055,-9.056523,8.357,False
1686,38.849668,-9.055501,8.739,False
1687,38.851281,-9.054479,5.879,False
1688,38.852894,-9.053458,8.582,False
1689,38.854507,-9.052436,10.305,False
1690,38.85612,-9.051414,10.128,False
1691,38.857733,-9.050392,11.151,False
1692,38.859346,-9.04937,7.715,False
1693,38.860959,-9.048348,13.006,False
1694,38.862572,-9.047326,10.943,False
1695,38.864184,-9.046304,8.639,False
1696,38.865797,-9.045282,5.543,False
1697,38.86741,-9.04426,4.381,True
1698,38.869023,-9.043238,6.867,False
1699,38.870636,-9.042216,7.021,False
1700,38.872249,-9.041194,7.548,False
1701,38.873862,-9.040172,6.246,False
1702,38.875475,-9.03915,5.873,False
1703,38.877088,-9.038129,5.115,False
1704,38.878701,-9.037107,6.651,False
1705,38.880314,-9.036085,7.847,False
1706,38.881927,-9.035063,6.111,False
1707,38.88354,-9.034041,6.859,False
1708,38.885153,-9.033019,6.918,False
1709,38.886765,-9.031997,4.876,True
1710,38.888378,-9.030975,7.486,False
1711,38.889991,-9.029953,7.272,False
1712,38.891604,-9.028931,6.624,False
1713,38.893217,-9.027909,7.363,False
1714,38.89483,-9.026887,6.255,False
1715,38.896443,-9.025865,5.273,False
1716,38.898056,-9.024843,5.655,False
1717,38.899669,-9.023821,6.34,False
1718,38.901282,-9.0228,7.137,False
1719,38.902895,-9.021778,7.42,False
1720,38.904508,-9.020756,7.271,False
1721,38.906121,-9.019734,6.08,False
1722,38.907733,-9.018712,5.128,False
1723,38.909346,-9.01769,6.362,False
1724,38.910959,-9.016668,8.092,False
1725,38.912572,-9.015646,7.586,False
1726,38.914185,-9.014624,5.947,False
1727,38.915798,-9.013602,5.899,False
1728,38.917411,-9.01258,6.22,False
1729,38.919024,-9.011558,7.324,False
1730,38.920637,-9.010536,6.755,False
1731,38.92225,-9.009514,6.165,False
1732,38.923863,-9.008492,5.963,False
1733,38.925476,-9.007471,11.4,False
1734,38.927089,-9.006449,12.171,False
1735,38.928702,-9.005427,12.138,False
1736,38.930314,-9.004405,8.094,False
1737,38.931927,-9.003383,12.934,False
1738,38.93354,-9.002361,9.035,False
1739,38.935153,-9.001339,10.077,False
1740,38.936766,-9.000317,7.638,False
1741,38.938379,-8.999295,4.785,True
1742,38.939992,-8.998273,8.995,False
1743,38.941605,-8.997251,7.518,False
1744,38.943218,-8.996229,5.798,False
1745,38.944831,-8.995207,8.666,False
1746,38.946444,-8.994185,6.976,False
1747,38.948057,-8.993163,8.08,False
1748,38.94967,-8.992142,9.412,False
1749,38.951283,-8.99112,12.661,False
1750,38.952895,-8.990098,15.872,False
1751,38.954508,-8.989076,9.475,False
1752,38.956121,-8.988054,8.997,False
1753,38.957734,-8.987032,11.426,False
1754,38.959347,-8.98601,9.835,False
1755,38.96096,-8.984988,8.818,False
1756,38.962573,-8.983966,7.688,False
1757,38.964186,-8.982944,7.884,False
1758,38.965799,-8.981922,7.367,False
1759,38.967379,-8.980818,6.99,False
1760,38.968959,-8.979711,6.553,False
1761,38.970536,-8.978599,10.876,False
1762,38.972113,-8.977486,12.045,False
1763,38.97369,-8.976373,12.287,False
1764,38.975266,-8.975259,13.06,False
1765,38.976842,-8.974144,15.301,False
1766,38.978418,-8.97303,11.476,False
1767,38.979994,-8.971915,13.934,False
1768,38.979424,-8.972314,10.392,False
1769,38.977846,-8.973424,7.865,False
1770,38.976268,-8.974534,4.368,True
1771,38.97469,-8.975644,3.444,True
1772,38.973112,-8.976754,5.747,False
1773,38.971534,-8.977864,6.502,False
1774,38.969956,-8.978974,3.936,True
1775,38.968378,-8.980084,4.729,True
1776,38.9668,-8.981194,9.915,False
1777,38.965222,-8.982304,6.181,False
1778,38.963644,-8.983414,3.111,True
1779,38.962066,-8.984524,2.509,True
1780,38.960488,-8.985634,0.579,True
1781,38.95891,-8.986744,2.089,True
1782,38.957332,-8.987854,-0.43,True
1783,38.955754,-8.988964,1.368,True
1784,38.954176,-8.990074,0.461,True
1785,38.952598,-8.991184,3.054,True
1786,38.95102,-8.992294,3.444,True
1787,38.949442,-8.993404,4.564,True
1788,38.947864,-8.994514,3.032,True
1789,38.946286,-8.995624,4.772,True
1790,38.944709,-8.996735,6.608,False
1791,38.943131,-8.997845,5.557,False
1792,38.941553,-8.998955,4.9,True
1793,38.939975,-9.000065,2.995,True
1794,38.938397,-9.001175,0.103,True
1795,38.936819,-9.002285,2.667,True
1796,38.935241,-9.003395,3.211,True
1797,38.933674,-9.004493,2.614,True
1798,38.934923,-9.002836,2.58,True
1799,38.936331,-9.001398,3.171,True
1800,38.937754,-8.999983,3.7,True
1801,38.939177,-8.998569,3.32,True
1802,38.9406,-8.997155,2.905,True
1803,38.942077,-8.995838,2.663,True
1804,38.943654,-8.994728,3.642,True
1805,38.945259,-8.993683,3.571,True
1806,38.946864,-8.992638,9.133,False
1807,38.948468,-8.991593,12.19,False
1808,38.950059,-8.990515,4.152,True
1809,38.951553,-8.989229,5.98,False
1810,38.953042,-8.987963,5.726,False
1811,38.954728,-8.987157,0.715,True
1812,38.956414,-8.986351,3.183,True
1813,38.9581,-8.985545,4.868,True
1814,38.959786,-8.984738,8.793,False
1815,38.961472,-8.983932,3.058,True
1816,38.963157,-8.983126,2.02,True
1817,38.964843,-8.98232,3.992,True
1818,38.966398,-8.981445,5.982,False
1819,38.967973,-8.980328,7.792,False
1820,38.969549,-8.979211,7.953,False
1821,38.971124,-8.978094,8.525,False
1822,38.972699,-8.976977,7.533,False
1823,38.974274,-8.97586,9.655,False
1824,38.975849,-8.974743,6.406,False
1825,38.977424,-8.973627,8.214,False
1826,38.979,-8.97251,7.292,False
1827,38.980339,-8.971566,9.125,False
1828,38.978781,-8.972721,3.302,True
1829,38.977205,-8.973835,3.56,True
1830,38.975629,-8.97495,1.785,True
1831,38.974052,-8.976064,3.238,True
1832,38.972475,-8.977176,2.416,True
1833,38.970897,-8.978286,3.184,True
1834,38.969321,-8.979402,5.234,False
1835,38.967744,-8.980513,11.103,False
1836,38.966163,-8.981615,17.092,False
1837,38.96459,-8.982739,20.039,False
1838,38.96299,-8.983791,24.168,False
1839,38.961272,-8.984453,16.354,False
1840,38.959486,-8.98471,15.257,False
1841,38.957715,-8.9851,21.971,False
1842,38.956017,-8.98586,20.969,False
1843,38.956612,-8.985621,19.307,False
1844,38.958334,-8.984969,26.935,False
1845,38.960119,-8.984704,21.078,False
1846,38.961892,-8.984342,13.507,False
1847,38.963568,-8.983513,8.147,False
1848,38.962725,-8.983768,5.685,False
1849,38.961019,-8.984501,10.351,False
1850,38.959313,-8.985235,2.941,True
1851,38.957608,-8.985968,3.6,True
1852,38.955902,-8.986702,5.09,False
1853,38.954196,-8.987435,6.023,False
1854,38.952517,-8.988233,6.432,False
1855,38.951076,-8.989617,6.509,False
1856,38.949548,-8.990835,9.881,False
1857,38.947945,-8.991885,17.103,False
1858,38.946341,-8.99293,13.654,False
1859,38.944737,-8.993975,13.822,False
1860,38.943133,-8.995023,12.22,False
1861,38.941581,-8.996189,10.048,False
1862,38.940134,-8.997562,9.172,False
1863,38.938711,-8.998976,9.705,False
1864,38.937288,-9.00039,14.821,False
1865,38.935865,-9.001804,20.94,False
1866,38.93448,-9.003277,16.963,False
1867,38.933164,-9.00481,15.848,False
1868,38.931591,-9.005931,19.045,False
1869,38.930019,-9.007053,17.443,False
1870,38.928446,-9.008174,15.159,False
1871,38.926874,-9.009296,15.92,False
1872,38.925301,-9.010417,8.976,False
1873,38.923729,-9.011539,5.87,False
1874,38.922156,-9.01266,9.141,False
1875,38.920584,-9.013782,5.539,False
1876,38.919011,-9.014903,9.153,False
1877,38.917439,-9.016025,15.347,False
1878,38.915866,-9.017146,21.333,False
1879,38.914294,-9.018268,21.783,False
1880,38.912721,-9.019389,11.716,False
1881,38.911149,-9.020511,12.158,False
1882,38.909576,-9.021632,23.215,False
1883,38.908004,-9.022754,12.564,False
1884,38.906431,-9.023875,8.378,False
1885,38.904859,-9.024997,7.912,False
1886,38.903286,-9.026118,9.052,False
1887,38.901714,-9.02724,12.346,False
1888,38.900141,-9.028361,16.947,False
1889,38.898569,-9.029483,9.543,False
1890,38.896996,-9.030604,9.387,False
1891,38.895424,-9.031726,12.422,False
1892,38.893851,-9.032847,13.35,False
1893,38.892279,-9.033969,10.358,False
1894,38.890706,-9.03509,19.089,False
1895,38.889134,-9.036212,23.097,False
1896,38.887561,-9.037333,15.048,False
1897,38.885989,-9.038455,8.879,False
1898,38.884416,-9.039576,8.845,False
1899,38.882844,-9.040697,14.955,False
1900,38.881271,-9.041819,22.165,False
1901,38.879699,-9.04294,18.455,False
1902,38.878126,-9.044062,10.571,False
1903,38.876554,-9.045183,12.565,False
1904,38.874981,-9.046305,11.199,False
1905,38.873409,-9.047426,9.895,False
1906,38.871837,-9.048548,9.154,False
1907,38.870264,-9.049669,8.187,False
1908,38.868692,-9.050791,8.37,False
1909,38.867119,-9.051912,7.237,False
1910,38.865547,-9.053034,6.108,False
1911,38.863974,-9.054155,6.326,False
1912,38.862402,-9.055277,10.047,False
1913,38.860829,-9.056398,10.035,False
1914,38.859257,-9.05752,9.299,False
1915,38.857684,-9.058641,13.174,False
1916,38.856112,-9.059763,13.768,False
1917,38.854539,-9.060884,11.281,False
1918,38.852967,-9.062006,12.106,False
1919,38.851394,-9.063127,9.699,False
1920,38.849822,-9.064249,7.282,False
1921,38.848249,-9.06537,2.572,True
1922,38.846677,-9.066492,2.156,True
1923,38.845104,-9.067613,3.252,True
1924,38.843532,-9.068735,5.181,False
1925,38.841959,-9.069856,6.164,False
1926,38.840387,-9.070978,4.717,True
1927,38.838814,-9.072099,5.378,False
1928,38.837242,-9.073221,6.022,False
1929,38.835669,-9.074342,4.619,True
1930,38.834097,-9.075463,5.368,False
1931,38.832524,-9.076585,6.853,False
1932,38.830952,-9.077706,5.5,False
1933,38.829379,-9.078828,6.455,False
1934,38.827807,-9.079949,6.293,False
1935,38.826234,-9.081071,2.907,True
1936,38.824662,-9.082192,6.457,False
1937,38.823089,-9.083314,5.09,False
1938,38.821517,-9.084435,5.644,False
1939,38.819944,-9.085557,2.074,True
1940,38.818372,-9.086678,3.198,True
1941,38.816799,-9.0878,3.155,True
1942,38.815227,-9.088921,3.593,True
1943,38.813654,-9.090043,2.054,True
1944,38.812082,-9.091164,5.469,False
1945,38.810509,-9.092286,4.993,True
1946,38.808937,-9.093407,5.91,False
1947,38.807364,-9.094529,2.538,True
1948,38.808991,-9.093706,6.337,False
1949,38.810661,-9.092847,5.319,False
1950,38.812331,-9.09199,5.931,False
1951,38.814001,-9.091132,6.485,False
1952,38.815673,-9.090283,5.456,False
1953,38.817369,-9.089516,6.063,False
1954,38.819094,-9.088862,6.471,False
1955,38.820826,-9.088242,5.442,False
1956,38.822558,-9.087616,4.58,True
1957,38.824293,-9.087008,5.005,False
1958,38.826025,-9.086387,4.906,True
1959,38.827763,-9.08579,5.547,False
1960,38.829499,-9.085188,7.076,False
1961,38.83123,-9.084563,6.193,False
1962,38.832964,-9.083948,6.977,False
1963,38.834696,-9.083326,9.019,False
1964,38.836395,-9.08257,10.021,False
1965,38.838077,-9.081753,5.634,False
1966,38.839757,-9.080929,4.2,True
1967,38.841401,-9.080011,5.548,False
1968,38.842919,-9.07877,3.865,True
1969,38.844436,-9.077529,5.965,False
1970,38.845953,-9.076288,5.542,False
1971,38.84747,-9.075047,8.999,False
1972,38.848988,-9.073806,7.875,False
1973,38.850505,-9.072565,10.828,False
1974,38.852022,-9.071324,9.711,False
1975,38.853539,-9.070083,10.867,False
1976,38.855057,-9.068842,9.624,False
1977,38.856574,-9.067601,10.366,False
1978,38.858091,-9.06636,8.21,False
1979,38.859608,-9.065119,9.338,False
1980,38.861126,-9.063878,6.276,False
1981,38.862643,-9.062637,5.642,False
1982,38.86416,-9.061396,4.618,True
1983,38.865677,-9.060155,4.047,True
1984,38.867195,-9.058914,4.944,True
1985,38.868712,-9.057673,3.679,True
1986,38.870229,-9.056432,9.768,False
1987,38.871746,-9.055191,9.189,False
1988,38.873264,-9.05395,8.248,False
1989,38.874781,-9.052709,5.526,False
1990,38.876298,-9.051468,8.268,False
1991,38.877815,-9.050227,6.816,False
1992,38.879333,-9.048986,4.626,True
1993,38.88085,-9.047745,5.025,False
1994,38.882367,-9.046504,3.975,True
1995,38.883884,-9.045263,4.266,True
1996,38.885402,-9.044022,4.366,True
1997,38.886919,-9.042781,5.584,False
1998,38.888436,-9.04154,4.531,True
1999,38.889953,-9.040299,7.992,False
2000,38.891471,-9.039058,9.119,False
2001,38.892988,-9.037817,5.24,False
2002,38.894505,-9.036576,8.665,False
2003,38.896022,-9.035335,8.826,False
2004,38.89754,-9.034094,5.169,False
2005,38.899057,-9.032853,6.492,False
2006,38.900574,-9.031612,6.902,False
2007,38.902091,-9.030371,7.389,False
2008,38.903609,-9.02913,7.92,False
2009,38.905126,-9.027889,5.081,False
2010,38.906643,-9.026648,8.592,False
2011,38.90816,-9.025407,8.946,False
2012,38.909677,-9.024166,6.188,False
2013,38.911195,-9.022925,6.982,False
2014,38.912712,-9.021684,7.467,False
2015,38.914229,-9.020443,5.617,False
2016,38.915746,-9.019202,5.457,False
2017,38.917264,-9.017961,4.939,True
2018,38.918781,-9.01672,4.991,True
2019,38.920298,-9.015479,5.482,False
2020,38.921815,-9.014238,6.772,False
2021,38.923333,-9.012997,5.652,False
2022,38.92485,-9.011756,6.366,False
2023,38.926367,-9.010515,6.414,False
2024,38.927884,-9.009274,2.783,True
2025,38.929402,-9.008033,6.67,False
2026,38.930919,-9.006792,5.302,False
2027,38.932436,-9.005551,5.862,False
2028,38.933394,-9.004696,2.179,True
2029,38.93182,-9.005817,3.583,True
2030,38.930247,-9.006938,2.536,True
2031,38.928674,-9.008058,1.132,True
2032,38.927101,-9.009179,7.638,False
2033,38.925527,-9.0103,9.008,False
2034,38.923954,-9.011421,1.33,True
2035,38.925679,-9.010956,1.756,True
2036,38.927445,-9.010514,3.551,True
2037,38.929168,-9.00987,2.648,True
2038,38.930741,-9.008757,4.715,True
2039,38.932084,-9.007228,5.806,False
2040,38.933165,-9.005383,6.773,False
2041,38.933097,-9.005435,4.249,True
2042,38.932009,-9.007273,5.36,False
2043,38.930653,-9.008784,7.348,False
2044,38.929072,-9.009875,3.497,True
2045,38.927342,-9.010493,5.972,False
2046,38.925577,-9.010936,5.494,False
2047,38.923829,-9.011458,5.252,False
2048,38.922231,-9.01252,3.122,True
2049,38.920634,-9.013582,3.692,True
2050,38.919036,-9.014645,3.771,True
2051,38.917439,-9.015707,1.129,True
2052,38.915841,-9.016769,3.863,True
2053,38.914244,-9.017832,6.86,False
2054,38.912647,-9.018894,8.826,False
2055,38.911049,-9.019956,3.689,True
2056,38.909452,-9.021019,5.971,False
2057,38.907854,-9.022081,6.758,False
2058,38.906257,-9.023143,7.925,False
2059,38.904659,-9.024206,3.65,True
2060,38.903062,-9.025268,6.283,False
2061,38.901465,-9.02633,2.872,True
2062,38.899867,-9.027392,3.136,True
2063,38.89827,-9.028455,4.009,True
2064,38.896672,-9.029517,1.149,True
2065,38.895075,-9.030579,-0.286,True
2066,38.893477,-9.031642,-1.099,True
2067,38.89188,-9.032704,0.059,True
2068,38.8908,-9.033327,-0.474,True
2069,38.892142,-9.03179,-2.555,True
2070,38.891585,-9.032313,-1.875,True
2071,38.890776,-9.033162,-0.659,True
2072,38.892158,-9.031684,0.638,True
2073,38.891529,-9.032359,-0.856,True
2074,38.890133,-9.033816,-1.365,True
2075,38.888738,-9.035274,-0.192,True
2076,38.887342,-9.036732,-0.447,True
2077,38.885958,-9.038208,-1.017,True
2078,38.884594,-9.039713,0.79,True
2079,38.883185,-9.041149,3.027,True
2080,38.881777,-9.042586,-0.017,True
2081,38.880399,-9.044072,0.86,True
2082,38.879024,-9.04556,0.031,True
2083,38.87765,-9.04705,3.372,True
2084,38.876554,-9.048256,5.045,False
2085,38.877932,-9.046772,13.552,False
2086,38.879311,-9.045288,16.614,False
2087,38.88069,-9.043804,15.131,False
2088,38.882069,-9.04232,8.84,False
2089,38.883447,-9.040836,7.271,False
2090,38.884826,-9.039352,9.772,False
2091,38.886205,-9.037868,10.523,False
2092,38.887584,-9.036384,18.198,False
2093,38.888962,-9.034901,22.075,False
2094,38.890341,-9.033417,22.722,False
2095,38.89172,-9.031933,27.226,False
2096,38.890655,-9.033054,30.671,False
2097,38.890345,-9.033404,30.632,False
2098,38.891734,-9.031937,34.104,False
2099,38.893124,-9.03047,31.731,False
2100,38.894514,-9.029003,31.429,False
2101,38.895904,-9.027536,19.19,False
2102,38.897293,-9.026069,23.393,False
2103,38.898793,-9.024798,24.269,False
2104,38.900397,-9.023755,23.366,False
2105,38.902064,-9.022889,32.393,False
2106,38.903719,-9.021983,51.502,False
2107,38.905379,-9.021094,40.179,False
2108,38.907041,-9.020209,38.801,False
2109,38.908702,-9.019324,47.709,False
2110,38.910364,-9.018439,45.088,False
2111,38.912026,-9.017554,47.524,False
2112,38.913687,-9.016669,23.557,False
2113,38.915349,-9.015785,33.121,False
2114,38.91701,-9.014898,66.245,False
2115,38.918672,-9.014012,80.702,False
2116,38.920333,-9.013127,70.398,False
2117,38.921996,-9.012245,74.238,False
2118,38.923702,-9.01152,77.801,False
2119,38.922499,-9.012182,83.303,False
2120,38.920832,-9.013051,91.429,False
2121,38.919166,-9.01392,69.74,False
2122,38.917499,-9.01479,64.93,False
2123,38.915832,-9.015659,44.095,False
2124,38.914165,-9.016528,31.782,False
2125,38.912499,-9.017397,44.424,False
2126,38.910832,-9.018266,25.174,False
2127,38.909165,-9.019135,41.142,False
2128,38.907499,-9.020004,66.05,False
2129,38.905832,-9.020873,63.47,False
2130,38.904165,-9.021742,44.895,False
2131,38.902681,-9.022656,21.889,False
2132,38.901062,-9.023663,7.819,False
2133,38.899443,-9.024669,7.407,False
2134,38.897824,-9.025676,17.522,False
2135,38.896598,-9.026843,47.335,False
2136,38.895231,-9.028345,45.385,False
2137,38.893864,-9.029847,64.234,False
2138,38.89259,-9.031243,83.268,False
2139,38.893906,-9.029667,59.131,False
2140,38.895262,-9.02815,38.361,False
2141,38.896727,-9.026828,44.007,False
2142,38.898309,-9.025729,44.941,False
2143,38.899892,-9.02463,54.267,False
2144,38.901474,-9.023531,75.295,False
2145,38.903056,-9.022432,79.927,False
2146,38.903261,-9.022187,80.666,False
2147,38.901599,-9.023071,86.98,False
2148,38.899946,-9.023978,85.757,False
2149,38.898363,-9.025075,94.418,False
2150,38.898159,-9.025395,93.407,False
2151,38.89978,-9.024393,94.095,False
2152,38.901401,-9.023392,89.74,False
2153,38.903022,-9.02239,94.065,False
2154,38.903437,-9.022127,90.269,False
2155,38.901817,-9.02313,90.496,False
2156,38.900196,-9.024133,79.933,False
2157,38.898576,-9.025136,75.87,False
2158,38.897027,-9.026284,69.816,False
2159,38.895651,-9.027772,64.973,False
2160,38.894275,-9.02926,67.56,False
2161,38.892899,-9.030748,99.6,False
2162,38.891523,-9.032236,105.869,False
2163,38.890147,-9.033723,98.817,False
2164,38.88877,-9.035211,79.098,False
2165,38.887394,-9.036699,89.606,False
2166,38.886018,-9.038187,83.162,False
2167,38.884642,-9.039675,85.951,False
2168,38.883266,-9.041163,83.459,False
2169,38.88189,-9.04265,77.308,False
2170,38.880514,-9.044138,69.206,False
2171,38.879137,-9.045626,66.712,False
2172,38.877761,-9.047114,44.371,False
2173,38.876385,-9.048602,36.148,False
2174,38.875009,-9.05009,23.989,False
2175,38.873633,-9.051578,17.193,False
2176,38.873338,-9.051944,16.06,False
2177,38.874722,-9.050468,19.874,False
2178,38.876095,-9.048976,16.04,False
2179,38.877468,-9.047483,20.316,False
2180,38.87884,-9.045989,20.973,False
2181,38.880209,-9.044491,17.906,False
2182,38.881583,-9.043,21.261,False
2183,38.882969,-9.041527,16.074,False
2184,38.884385,-9.040103,16.973,False
2185,38.885766,-9.038622,18.118,False
2186,38.886706,-9.037599,15.911,False
2187,38.885322,-9.039075,18.338,False
2188,38.883938,-9.04055,23.401,False
2189,38.882554,-9.042026,27.985,False
2190,38.88117,-9.043501,35.47,False
2191,38.879786,-9.044977,42.424,False
2192,38.878402,-9.046452,40.141,False
2193,38.877017,-9.047928,36.254,False
2194,38.875633,-9.049403,34.599,False
2195,38.874249,-9.050879,32.538,False
2196,38.872865,-9.052354,21.748,False
2197,38.871733,-9.053408,19.756,False
2198,38.872289,-9.052692,24.935,False
2199,38.870574,-9.053386,26.031,False
2200,38.868859,-9.05408,26.298,False
2201,38.867143,-9.054774,28.741,False
2202,38.865428,-9.055467,25.104,False
2203,38.863712,-9.056161,26.597,False
2204,38.861997,-9.056855,31.055,False
2205,38.860281,-9.057549,31.479,False
2206,38.858566,-9.058243,37.337,False
2207,38.85685,-9.058937,28.406,False
2208,38.855135,-9.05963,21.214,False
2209,38.853419,-9.060324,19.856,False
2210,38.851704,-9.061018,34.558,False
2211,38.849988,-9.061712,38.595,False
2212,38.848273,-9.062406,37.756,False
2213,38.846558,-9.063099,43.887,False
2214,38.844842,-9.063793,43.044,False
2215,38.843127,-9.064487,35.161,False
2216,38.841411,-9.065181,27.975,False
2217,38.839696,-9.065875,22.492,False
2218,38.83798,-9.066569,17.181,False
2219,38.836265,-9.067262,15.976,False
2220,38.834549,-9.067956,17.514,False
2221,38.832834,-9.06865,16.546,False
2222,38.831118,-9.069344,20.165,False
2223,38.829403,-9.070038,22.818,False
2224,38.827688,-9.070731,20.54,False
2225,38.825972,-9.071425,18.322,False
2226,38.824257,-9.072119,17.671,False
2227,38.822541,-9.072813,16.392,False
2228,38.820826,-9.073507,14.611,False
2229,38.81911,-9.074201,17.521,False
2230,38.817395,-9.074894,10.568,False
2231,38.815679,-9.075588,5.856,False
2232,38.813964,-9.076282,10.545,False
2233,38.812248,-9.076976,7.89,False
2234,38.810533,-9.07767,15.275,False
2235,38.808817,-9.078364,8.739,False
2236,38.807102,-9.079057,3.052,True
2237,38.805387,-9.079751,2.996,True
2238,38.803671,-9.080445,1.755,True
2239,38.801956,-9.081139,5.428,False
2240,38.80024,-9.081833,6.918,False
2241,38.798525,-9.082526,4.219,True
2242,38.796809,-9.08322,4.736,True
2243,38.795094,-9.083914,5.748,False
2244,38.793378,-9.084608,6.84,False
2245,38.791663,-9.085302,9.539,False
2246,38.789947,-9.085996,12.615,False
2247,38.788232,-9.086689,10.877,False
2248,38.786516,-9.087383,5.997,False
2249,38.784801,-9.088077,4.497,True
2250,38.783086,-9.088771,13.544,False
2251,38.78137,-9.089465,16.37,False
2252,38.779655,-9.090158,16.304,False
2253,38.777939,-9.090852,16.703,False
2254,38.776224,-9.091546,18.543,False
2255,38.774508,-9.09224,23.689,False
2256,38.772793,-9.092934,24.087,False
2257,38.771077,-9.093628,27.207,False
2258,38.769362,-9.094321,33.239,False
2259,38.767646,-9.095015,38.793,False
2260,38.765931,-9.095709,43.372,False
2261,38.764215,-9.096403,43.833,False
2262,38.7625,-9.097097,41.115,False
2263,38.760785,-9.09779,35.292,False
2264,38.759069,-9.098484,43.373,False
2265,38.757354,-9.099178,43.672,False
2266,38.755638,-9.099872,41.826,False
2267,38.753923,-9.100566,51.398,False
2268,38.752207,-9.10126,62.205,False
2269,38.750492,-9.101953,69.89,False
2270,38.748776,-9.102647,74.302,False
2271,38.747061,-9.103341,72.864,False
2272,38.745345,-9.104035,73.772,False
2273,38.74363,-9.104729,72.308,False
2274,38.743286,-9.104641,72.848,False
2275,38.743362,-9.104524,75.587,False
2276,38.74199,-9.106001,63.753,False
2277,38.740693,-9.107598,54.132,False
2278,38.739396,-9.109195,46.74,False
2279,38.738099,-9.110793,49.077,False
2280,38.736802,-9.11239,57.42,False
2281,38.735505,-9.113987,51.711,False
2282,38.734208,-9.115584,45.029,False
2283,38.732911,-9.117182,48.985,False
2284,38.731614,-9.118779,51.852,False
2285,38.730317,-9.120376,52.475,False
2286,38.72902,-9.121973,74.823,False
2287,38.727723,-9.12357,76.139,False
2288,38.726426,-9.125168,53.491,False
2289,38.725128,-9.126765,53.518,False
2290,38.723831,-9.128362,65.685,False
2291,38.722534,-9.129959,58.218,False
2292,38.721237,-9.131556,61.834,False
2293,38.71994,-9.133154,48.297,False
2294,38.718643,-9.134751,42.574,False
2295,38.717346,-9.136348,50.452,False
2296,38.716049,-9.137945,48.962,False
2297,38.714752,-9.139543,36.883,False
2298,38.713455,-9.14114,24.855,False
2299,38.712158,-9.142737,22.776,False
2300,38.710861,-9.144334,26.706,False
2301,38.709564,-9.145931,33.809,False
2302,38.708267,-9.147529,42.865,False
2303,38.70697,-9.149126,47.177,False
2304,38.70667,-9.149271,42.977,False
2305,38.708431,-9.148803,39.57,False
2306,38.710192,-9.148335,28.565,False
2307,38.711953,-9.147867,21.414,False
2308,38.713715,-9.1474,28.646,False
2309,38.715476,-9.146932,34.744,False
2310,38.717237,-9.146464,59.034,False
2311,38.718998,-9.145996,40.454,False
2312,38.72076,-9.145529,35.828,False
2313,38.722521,-9.145061,42.254,False
2314,38.724282,-9.144593,41.822,False
2315,38.726043,-9.144125,48.19,False
2316,38.727804,-9.143658,44.241,False
2317,38.729566,-9.14319,40.356,False
2318,38.731327,-9.142722,15.789,False
2319,38.733088,-9.142254,10.547,False
2320,38.734849,-9.141787,20.243,False
2321,38.736611,-9.141319,16.606,False
2322,38.738372,-9.140851,14.626,False
2323,38.740133,-9.140383,8.183,False
2324,38.741894,-9.139916,15.354,False
2325,38.743656,-9.139448,12.75,False
2326,38.745417,-9.13898,27.336,False
2327,38.745637,-9.136736,27.46,False
2328,38.746753,-9.134927,26.883,False
2329,38.747869,-9.133119,12.383,False
2330,38.748986,-9.13131,26.79,False
2331,38.750102,-9.129502,49.801,False
2332,38.751219,-9.127693,50.496,False
2333,38.752335,-9.125885,48.285,False
2334,38.753451,-9.124076,40.408,False
2335,38.754568,-9.122268,39.902,False
2336,38.755684,-9.120459,36.506,False
2337,38.7568,-9.118651,51.114,False
2338,38.757917,-9.116842,46.854,False
2339,38.759033,-9.115034,37.738,False
2340,38.76015,-9.113226,24.84,False
2341,38.761266,-9.111417,25.885,False
2342,38.762382,-9.109609,31.096,False
2343,38.763499,-9.1078,41.552,False
2344,38.764615,-9.105992,44.643,False
2345,38.765732,-9.104183,46.948,False
2346,38.766848,-9.102375,37.563,False
2347,38.767964,-9.100566,27.016,False
2348,38.768696,-9.099018,25.062,False
2349,38.768496,-9.099379,27.958,False
2350,38.768143,-9.098676,45.32,False
2351,38.768855,-9.098946,53.752,False
2352,38.767057,-9.098934,54.513,False
2353,38.76526,-9.09896,54.788,False
2354,38.763497,-9.099411,57.759,False
2355,38.76431,-9.099419,69.852,False
2356,38.765048,-9.099358,77.596,False
2357,38.763266,-9.099674,53.328,False
2358,38.761495,-9.100073,76.174,False
2359,38.759724,-9.100476,81.665,False
2360,38.757953,-9.10088,98.41,False
2361,38.756182,-9.101283,92.25,False
2362,38.754411,-9.101686,69.973,False
2363,38.75264,-9.102089,65.575,False
2364,38.750869,-9.102493,74.92,False
2365,38.749098,-9.102896,84.728,False
2366,38.747327,-9.103299,86.283,False
2367,38.745556,-9.103703,91.989,False
2368,38.743785,-9.104106,92.367,False
2369,38.742032,-9.104606,89.331,False
2370,38.740308,-9.105263,83.449,False
2371,38.738584,-9.105919,77.42,False
2372,38.73686,-9.106577,81.004,False
2373,38.735138,-9.107243,83.004,False
2374,38.735297,-9.107351,83.884,False
2375,38.737053,-9.106851,91.272,False
2376,38.738808,-9.10635,84.351,False
2377,38.740564,-9.10585,88.153,False
2378,38.74232,-9.105349,86.566,False
2379,38.744076,-9.104849,90.321,False
2380,38.745831,-9.104348,84.519,False
2381,38.747587,-9.103848,79.989,False
2382,38.749343,-9.103347,76.209,False
2383,38.751099,-9.102847,68.606,False
2384,38.752855,-9.102346,69.033,False
2385,38.75461,-9.101846,78.168,False
2386,38.756366,-9.101345,99.417,False
2387,38.758122,-9.100845,91.279,False
2388,38.759878,-9.100344,91.369,False
2389,38.761637,-9.099873,85.207,False
2390,38.763426,-9.099643,81.162,False
2391,38.765218,-9.099444,83.491,False
2392,38.76701,-9.099245,78.709,False
2393,38.768802,-9.099046,61.827,False
2394,38.770594,-9.098847,47.533,False
2395,38.772386,-9.098648,31.324,False
2396,38.774178,-9.098449,22.589,False
2397,38.77597,-9.09825,22.912,False
2398,38.777762,-9.098051,22.726,False
2399,38.779553,-9.097852,20.999,False
2400,38.781345,-9.097653,39.413,False
2401,38.783137,-9.097454,47.731,False
2402,38.784929,-9.097255,40.647,False
2403,38.786721,-9.097056,24.04,False
2404,38.788513,-9.096857,17.266,False
2405,38.790305,-9.096658,34.692,False
2406,38.792097,-9.096459,61.121,False
2407,38.793889,-9.09626,53.323,False
2408,38.795681,-9.096061,45.04,False
2409,38.797473,-9.095862,49.542,False
2410,38.799265,-9.095663,51.46,False
2411,38.801057,-9.095464,48.198,False
2412,38.802849,-9.095265,62.351,False
2413,38.804641,-9.095066,56.809,False
2414,38.806433,-9.094867,55.759,False
2415,38.805229,-9.095584,53.26,False
2416,38.80356,-9.096446,40.824,False
2417,38.801888,-9.097295,35.503,False
2418,38.800209,-9.098123,43.636,False
2419,38.798489,-9.098794,55.666,False
2420,38.79674,-9.099334,57.627,False
2421,38.795006,-9.099947,53.98,False
2422,38.793273,-9.100564,43.155,False
2423,38.79154,-9.10118,34.437,False
2424,38.789806,-9.101797,28.837,False
2425,38.788073,-9.102413,22.512,False
2426,38.78634,-9.10303,17.433,False
2427,38.784607,-9.103647,33.612,False
2428,38.782874,-9.104263,36.978,False
2429,38.78114,-9.10488,36.458,False
2430,38.779407,-9.105496,32.688,False
2431,38.777674,-9.106113,27.951,False
2432,38.775941,-9.10673,22.634,False
2433,38.774208,-9.107346,20.761,False
2434,38.772474,-9.107963,19.46,False
2435,38.770741,-9.10858,20.806,False
2436,38.769008,-9.109196,22.79,False
2437,38.767275,-9.109813,22.543,False
2438,38.765542,-9.110429,20.977,False
2439,38.763808,-9.111046,20.886,False
2440,38.762075,-9.111663,21.656,False
2441,38.760342,-9.112279,24.861,False
2442,38.758609,-9.112896,24.031,False
2443,38.756876,-9.113513,20.372,False
2444,38.755142,-9.114129,21.802,False
2445,38.753409,-9.114746,22.729,False
2446,38.751676,-9.115362,19.778,False
2447,38.749943,-9.115979,18.073,False
2448,38.74821,-9.116596,17.038,False
2449,38.746477,-9.117212,26.143,False
2450,38.744743,-9.117829,38.993,False
2451,38.74301,-9.118446,45.499,False
2452,38.741277,-9.119062,66.664,False
2453,38.739647,-9.119714,72.377,False
2454,38.740954,-9.121296,81.914,False
2455,38.742415,-9.122637,88.384,False
2456,38.743552,-9.123829,92.008,False
2457,38.74463,-9.121983,80.947,False
2458,38.745707,-9.120136,89.698,False
2459,38.746785,-9.118289,87.02,False
2460,38.747862,-9.116442,105.75,False
2461,38.748939,-9.114596,103.719,False
2462,38.750017,-9.112749,92.629,False
2463,38.751094,-9.110902,62.612,False
2464,38.752172,-9.109055,71.967,False
2465,38.753249,-9.107209,78.43,False
2466,38.754327,-9.105362,82.858,False
2467,38.755404,-9.103515,83.29,False
2468,38.756481,-9.101668,92.345,False
2469,38.757731,-9.100227,83.416,False
2470,38.759526,-9.100065,84.176,False
2471,38.758312,-9.100633,72.435,False
2472,38.756596,-9.101323,70.333,False
2473,38.754879,-9.102013,65.693,False
2474,38.753163,-9.102703,98.409,False
2475,38.751447,-9.103393,97.984,False
2476,38.749731,-9.104083,109.071,False
2477,38.748015,-9.104773,77.488,False
2478,38.746298,-9.105463,101.468,False
2479,38.744582,-9.106153,90.803,False
2480,38.742866,-9.106843,94.835,False
2481,38.74115,-9.107533,90.106,False
2482,38.739433,-9.108223,83.572,False
2483,38.737717,-9.108913,73.084,False
2484,38.736001,-9.109603,60.561,False
2485,38.734285,-9.110293,45.884,False
2486,38.732568,-9.110983,36.392,False
2487,38.730852,-9.111673,26.236,False
2488,38.729136,-9.112363,20.063,False
2489,38.72742,-9.113053,34.46,False
2490,38.725704,-9.113743,32.299,False
2491,38.723987,-9.114433,21.427,False
2492,38.722271,-9.115123,20.096,False
2493,38.720626,-9.116008,23.279,False
2494,38.719113,-9.117255,24.012,False
2495,38.718275,-9.118292,22.755,False
2496,38.719973,-9.117531,24.877,False
2497,38.721671,-9.116771,25.188,False
2498,38.723369,-9.116011,23.636,False
2499,38.725067,-9.115251,14.902,False
2500,38.726766,-9.114491,15.631,False
2501,38.728464,-9.113731,16.741,False
2502,38.730162,-9.112971,18.535,False
2503,38.73186,-9.11221,21.054,False
2504,38.733558,-9.11145,16.712,False
2505,38.735256,-9.11069,16.327,False
2506,38.736954,-9.10993,19.719,False
2507,38.738652,-9.10917,24.679,False
2508,38.74035,-9.10841,26.678,False
2509,38.742048,-9.107649,35.2,False
2510,38.743747,-9.106889,40.244,False
2511,38.745445,-9.106129,31.296,False
2512,38.747143,-9.105369,35.108,False
2513,38.748841,-9.104609,29.335,False
2514,38.750539,-9.103849,28.713,False
2515,38.752237,-9.103088,26.798,False
2516,38.753935,-9.102328,29.215,False
2517,38.755633,-9.101568,29.476,False
2518,38.757331,-9.100808,25.028,False
2519,38.758222,-9.100247,29.911,False
2520,38.757136,-9.10088,30.465,False
2521,38.756554,-9.103063,27.738,False
2522,38.755972,-9.105245,36.112,False
2523,38.755391,-9.107427,54.62,False
2524,38.754809,-9.10961,66.701,False
2525,38.754227,-9.111792,75.585,False
2526,38.753645,-9.113975,51.599,False
2527,38.753064,-9.116157,58.456,False
2528,38.752482,-9.118339,80.65,False
2529,38.7519,-9.120522,76.934,False
2530,38.751318,-9.122704,76.636,False
2531,38.750737,-9.124886,61.306,False
2532,38.750155,-9.127069,59.177,False
2533,38.749573,-9.129251,67.553,False
2534,38.748991,-9.131433,73.778,False
2535,38.74841,-9.133616,80.289,False
2536,38.747828,-9.135798,94.504,False
2537,38.747246,-9.137981,89.412,False
2538,38.746665,-9.140163,85.933,False
2539,38.746083,-9.142345,84.744,False
2540,38.745501,-9.144528,82.62,False
2541,38.744919,-9.14671,83.257,False
2542,38.744313,-9.14888,83.25,False
2543,38.744404,-9.147415,87.563,False
2544,38.744704,-9.145141,92.8,False
2545,38.745004,-9.142867,82.59,False
2546,38.745304,-9.140593,89.658,False
2547,38.745547,-9.13831,86.472,False
2548,38.745164,-9.138825,87.276,False
2549,38.743511,-9.137917,87.749,False
2550,38.741857,-9.137009,82.338,False
2551,38.740204,-9.136102,77.845,False
2552,38.73855,-9.135194,75.759,False
2553,38.736897,-9.134287,88.11,False
2554,38.735243,-9.133379,91.639,False
2555,38.73359,-9.132471,87.803,False
2556,38.731937,-9.131564,78.988,False
2557,38.730283,-9.130656,76.845,False
2558,38.72863,-9.129748,71.069,False
2559,38.726976,-9.128841,56.628,False
2560,38.725323,-9.127933,62.272,False
2561,38.72367,-9.127025,62.682,False
2562,38.722016,-9.126118,41.66,False
2563,38.720363,-9.12521,16.85,False
2564,38.718709,-9.124303,15.751,False
2565,38.717056,-9.123395,14.675,False
2566,38.715402,-9.122487,12.156,False
2567,38.715404,-9.121264,5.862,False
2568,38.716782,-9.119785,13.415,False
2569,38.71851,-9.119169,27.503,False
2570,38.72025,-9.118585,28.901,False
2571,38.721989,-9.118,23.386,False
2572,38.723729,-9.117416,26.016,False
2573,38.725469,-9.116831,35.319,False
2574,38.727209,-9.116247,41.143,False
2575,38.728949,-9.115663,45.473,False
2576,38.730689,-9.115078,38.569,False
2577,38.732429,-9.114494,24.306,False
2578,38.734169,-9.113909,36.765,False
2579,38.735909,-9.113325,44.435,False
2580,38.737649,-9.112741,28.78,False
2581,38.739389,-9.112156,35.409,False
2582,38.741129,-9.111572,47.798,False
2583,38.742869,-9.110987,61.973,False
2584,38.744609,-9.110403,50.103,False
2585,38.746349,-9.109819,66.714,False
2586,38.748089,-9.109234,77.864,False
2587,38.749828,-9.10865,81.056,False
2588,38.751568,-9.108065,87.097,False
2589,38.753308,-9.107481,92.941,False
2590,38.755048,-9.106897,85.456,False
2591,38.756788,-9.106312,55.056,False
2592,38.758528,-9.105728,45.021,False
2593,38.760268,-9.105143,36.166,False
2594,38.762008,-9.104559,41.239,False
2595,38.763748,-9.103975,49.289,False
2596,38.765488,-9.10339,32.516,False
2597,38.767228,-9.102806,31.134,False
2598,38.768968,-9.102221,63.041,False
2599,38.770708,-9.101637,64.428,False
2600,38.772448,-9.101053,54.076,False
2601,38.774188,-9.100468,23.667,False
2602,38.775928,-9.099884,8.87,False
2603,38.777362,-9.099326,6.4,False
2604,38.775576,-9.099057,6.533,False
2605,38.773789,-9.098795,12.023,False
2606,38.771997,-9.098733,31.237,False
2607,38.770201,-9.098854,44.487,False
2608,38.770011,-9.098849,40.883,False
2609,38.771809,-9.098803,23.116,False
2610,38.773599,-9.099002,33.062,False
2611,38.775388,-9.099245,65.873,False
2612,38.777176,-9.099489,73.251,False
2613,38.776038,-9.099301,56.772,False
2614,38.774253,-9.099022,68.434,False
2615,38.77246,-9.098859,43.674,False
2616,38.770661,-9.098864,36.797,False
2617,38.769002,-9.099325,24.302,False
2618,38.767914,-9.101161,24.482,False
2619,38.766826,-9.102998,17.071,False
2620,38.765738,-9.104835,21.741,False
2621,38.76465,-9.106672,27.668,False
2622,38.763563,-9.108509,29.83,False
2623,38.762475,-9.110346,18.684,False
2624,38.761387,-9.112182,11.82,False
2625,38.760299,-9.114019,34.876,False
2626,38.759211,-9.115856,45.337,False
2627,38.758123,-9.117693,42.796,False
2628,38.757036,-9.11953,41.45,False
2629,38.755948,-9.121367,35.251,False
2630,38.75486,-9.123204,34.633,False
2631,38.753772,-9.12504,35.329,False
2632,38.752684,-9.126877,35.569,False
2633,38.751596,-9.128714,26.886,False
2634,38.750508,-9.130551,20.252,False
2635,38.749421,-9.132388,17.934,False
2636,38.748333,-9.134225,25.499,False
2637,38.747245,-9.136061,33.851,False
2638,38.746157,-9.137898,35.362,False
2639,38.745626,-9.139003,34.41,False
2640,38.746788,-9.137242,34.753,False
2641,38.747949,-9.13548,38.922,False
2642,38.74911,-9.133719,39.133,False
2643,38.750271,-9.131957,42.823,False
2644,38.751433,-9.130196,41.719,False
2645,38.752594,-9.128434,16.69,False
2646,38.753755,-9.126673,13.547,False
2647,38.754916,-9.124912,29.738,False
2648,38.756078,-9.12315,26.401,False
2649,38.757239,-9.121389,27.111,False
2650,38.7584,-9.119627,14.285,False
2651,38.759561,-9.117866,22.231,False
2652,38.760723,-9.116104,21.334,False
2653,38.761884,-9.114343,18.796,False
2654,38.763045,-9.112582,21.703,False
2655,38.764206,-9.11082,23.665,False
2656,38.765368,-9.109059,22.201,False
2657,38.766529,-9.107297,40.886,False
2658,38.76769,-9.105536,53.059,False
2659,38.768851,-9.103774,52.192,False
2660,38.770013,-9.102013,37.077,False
2661,38.771174,-9.100251,21.522,False
2662,38.772448,-9.098803,23.209,False
2663,38.774241,-9.098967,55.686,False
2664,38.776031,-9.099198,49.335,False
2665,38.777203,-9.099405,40.725,False
2666,38.775405,-9.099428,45.464,False
2667,38.773606,-9.099451,59.025,False
2668,38.771808,-9.099474,58.2,False
2669,38.770009,-9.099497,66.859,False
2670,38.76821,-9.09952,75.521,False
2671,38.767047,-9.09951,76.391,False
2672,38.767087,-9.099165,61.217,False
2673,38.767798,-9.098707,53.962,False
2674,38.76601,-9.09894,63.627,False
2675,38.764232,-9.099287,51.92,False
2676,38.762454,-9.099633,58.065,False
2677,38.760675,-9.099979,62.139,False
2678,38.758897,-9.100325,66.52,False
2679,38.757119,-9.100671,58.714,False
2680,38.755341,-9.101017,42.222,False
2681,38.753562,-9.101364,41.475,False
2682,38.751784,-9.10171,40.342,False
2683,38.750006,-9.102056,29.363,False
2684,38.748233,-9.102432,30.975,False
2685,38.746508,-9.103089,32.417,False
2686,38.745965,-9.103154,39.707,False
2687,38.747689,-9.102497,39.824,False
2688,38.747347,-9.102581,39.583,False
2689,38.745622,-9.103238,38.72,False
2690,38.746772,-9.103034,33.707,False
2691,38.748399,-9.102531,26.966,False
2692,38.748224,-9.104826,27.178,False
2693,38.748049,-9.107121,19.524,False
2694,38.747875,-9.109417,17.187,False
2695,38.7477,-9.111712,15.913,False
2696,38.747525,-9.114007,14.434,False
2697,38.74735,-9.116302,12.314,False
2698,38.747175,-9.118598,12.965,False
2699,38.747,-9.120893,7.985,False
2700,38.746825,-9.123188,4.603,True
2701,38.746651,-9.125484,10.841,False
2702,38.746476,-9.127779,8.953,False
2703,38.746301,-9.130074,8.758,False
2704,38.746126,-9.132369,7.501,False
2705,38.745951,-9.134665,10.151,False
2706,38.745776,-9.13696,13.827,False
2707,38.745602,-9.139255,10.85,False
2708,38.745427,-9.14155,15.461,False
2709,38.745252,-9.143846,19.548,False
2710,38.745077,-9.146141,18.202,False
2711,38.744935,-9.147013,24.289,False
2712,38.744765,-9.146913,21.507,False
2713,38.744942,-9.144619,23.92,False
2714,38.74512,-9.142324,22.897,False
2715,38.745298,-9.140029,21.573,False
2716,38.745475,-9.137734,15.429,False
2717,38.745411,-9.138885,18.959,False
2718,38.744107,-9.138061,18.31,False
2719,38.742626,-9.136753,20.48,False
2720,38.741145,-9.135445,15.853,False
2721,38.739664,-9.134137,13.686,False
2722,38.738182,-9.132829,11.555,False
2723,38.736701,-9.131521,9.771,False
2724,38.73522,-9.130213,15.271,False
2725,38.733738,-9.128905,9.934,False
2726,38.732257,-9.127597,3.953,True
2727,38.730776,-9.126289,0.0,True
2728,38.729295,-9.124981,3.094,True
2729,38.727813,-9.123674,0.853,True
2730,38.726332,-9.122366,0.529,True
2731,38.724851,-9.121058,1.314,True
2732,38.723369,-9.11975,0.408,True
2733,38.721888,-9.118442,2.571,True
2734,38.720407,-9.117134,4.209,True
2735,38.720861,-9.115866,1.923,True
2736,38.722468,-9.11483,1.041,True
2737,38.724078,-9.113802,2.392,True
2738,38.725688,-9.112775,1.8,True
2739,38.727298,-9.111748,0.169,True
2740,38.728908,-9.11072,0.892,True
2741,38.730519,-9.109693,-0.538,True
2742,38.732158,-9.108752,1.183,True
2743,38.733827,-9.107892,0.114,True
2744,38.73402,-9.109041,-0.608,True
2745,38.734966,-9.111002,0.334,True
2746,38.735913,-9.112962,-0.411,True
2747,38.736859,-9.114923,1.034,True
2748,38.737806,-9.116884,2.452,True
2749,38.738882,-9.118723,0.533,True
2750,38.739723,-9.119746,0.099,True
2751,38.73848,-9.118081,1.353,True
2752,38.737144,-9.118551,1.638,True
2753,38.735707,-9.119937,0.501,True
2754,38.734269,-9.121322,4.881,True
2755,38.732832,-9.122708,1.402,True
2756,38.731394,-9.124093,1.672,True
2757,38.729956,-9.125479,2.86,True
2758,38.728519,-9.126865,1.158,True
2759,38.727081,-9.12825,2.358,True
2760,38.725644,-9.129636,-1.0,True
2761,38.724206,-9.131021,1.874,True
2762,38.722769,-9.132407,4.512,True
2763,38.721331,-9.133792,5.956,False
2764,38.719893,-9.135178,5.486,False
2765,38.718456,-9.136563,8.2,False
2766,38.717018,-9.137949,7.139,False
2767,38.715581,-9.139334,6.825,False
2768,38.714143,-9.14072,5.434,False
2769,38.712706,-9.142105,5.574,False
2770,38.711268,-9.143491,7.629,False
2771,38.70983,-9.144876,6.309,False
2772,38.708393,-9.146262,6.667,False
2773,38.706955,-9.147647,8.715,False
2774,38.70621,-9.149392,8.723,False
2775,38.706789,-9.148479,4.296,True
2776,38.707499,-9.146361,4.647,True
2777,38.708209,-9.144244,7.189,False
2778,38.70892,-9.142126,5.757,False
2779,38.70963,-9.140008,5.653,False
2780,38.71034,-9.137891,12.922,False
2781,38.711051,-9.135773,18.11,False
2782,38.711761,-9.133655,6.625,False
2783,38.712471,-9.131538,6.31,False
2784,38.713182,-9.12942,4.812,True
2785,38.713892,-9.127302,7.396,False
2786,38.714602,-9.125184,1.165,True
2787,38.715312,-9.123067,2.342,True
2788,38.716023,-9.120949,0.008,True
2789,38.717367,-9.119579,0.036,True
2790,38.718996,-9.118602,11.416,False
2791,38.720625,-9.117626,7.489,False
2792,38.722255,-9.116649,11.056,False
2793,38.723884,-9.115673,8.312,False
2794,38.725514,-9.114697,7.448,False
2795,38.727143,-9.11372,5.132,False
2796,38.728772,-9.112744,4.899,True
2797,38.730402,-9.111767,7.158,False
2798,38.732031,-9.110791,7.454,False
2799,38.733661,-9.109815,6.441,False
2800,38.73529,-9.108838,7.048,False
2801,38.736919,-9.107862,5.495,False
2802,38.738549,-9.106885,7.739,False
2803,38.740178,-9.105909,7.891,False
2804,38.741808,-9.104933,12.635,False
2805,38.74348,-9.1041,14.0,False
2806,38.743958,-9.103873,11.509,False
2807,38.742259,-9.104613,10.947,False
2808,38.740629,-9.105588,21.998,False
2809,38.738999,-9.106563,12.307,False
2810,38.737369,-9.107538,13.559,False
2811,38.735739,-9.108512,7.18,False
2812,38.734109,-9.109487,7.953,False
2813,38.732479,-9.110462,9.364,False
2814,38.730849,-9.111437,5.4,False
2815,38.729219,-9.112411,1.627,True
2816,38.727589,-9.113386,2.471,True
2817,38.725959,-9.114361,5.476,False
2818,38.724329,-9.115336,3.25,True
2819,38.722699,-9.11631,3.094,True
2820,38.721069,-9.117285,4.575,True
2821,38.719439,-9.11826,4.217,True
2822,38.717809,-9.119235,5.535,False
2823,38.716233,-9.120318,1.326,True
2824,38.717504,-9.118932,2.555,True
2825,38.717056,-9.119423,2.219,True
2826,38.718312,-9.119288,2.309,True
2827,38.720076,-9.118836,1.817,True
2828,38.72184,-9.118384,2.896,True
2829,38.723603,-9.117932,2.075,True
2830,38.725367,-9.11748,2.144,True
2831,38.727131,-9.117028,1.766,True
2832,38.728895,-9.116576,0.888,True
2833,38.730659,-9.116124,3.855,True
2834,38.732422,-9.115672,1.78,True
2835,38.734186,-9.115221,0.828,True
2836,38.73595,-9.114769,1.158,True
2837,38.737714,-9.114317,1.057,True
2838,38.739478,-9.113865,1.084,True
2839,38.741241,-9.113413,0.875,True
2840,38.743005,-9.112961,1.109,True
2841,38.744769,-9.112509,1.203,True
2842,38.746533,-9.112057,1.602,True
2843,38.748296,-9.111605,-0.142,True
2844,38.75006,-9.111153,-2.125,True
2845,38.751824,-9.110702,1.923,True
2846,38.753588,-9.11025,0.308,True
2847,38.755352,-9.109798,-0.109,True
2848,38.757115,-9.109346,1.36,True
2849,38.758879,-9.108894,2.104,True
2850,38.760643,-9.108442,1.264,True
2851,38.762407,-9.10799,0.748,True
2852,38.764171,-9.107538,0.472,True
2853,38.765934,-9.107086,1.171,True
2854,38.767698,-9.106634,0.784,True
2855,38.769462,-9.106182,1.28,True
2856,38.771226,-9.105731,1.55,True
2857,38.772989,-9.105279,2.66,True
2858,38.774753,-9.104827,0.271,True
2859,38.776517,-9.104375,0.0,True
2860,38.778281,-9.103923,7.125,False
2861,38.780045,-9.103471,10.914,False
2862,38.781808,-9.103019,11.786,False
2863,38.783572,-9.102567,9.901,False
2864,38.785336,-9.102115,12.59,False
2865,38.7871,-9.101663,14.744,False
2866,38.788863,-9.101212,18.447,False
2867,38.790627,-9.10076,18.909,False
2868,38.792391,-9.100308,17.317,False
2869,38.794155,-9.099856,16.597,False
2870,38.795919,-9.099404,21.204,False
2871,38.796396,-9.099104,16.914,False
2872,38.794598,-9.099112,15.124,False
2873,38.792799,-9.099121,12.046,False
2874,38.791001,-9.099129,9.582,False
2875,38.789202,-9.099138,15.984,False
2876,38.787403,-9.099147,9.911,False
2877,38.785605,-9.099155,4.035,True
2878,38.783806,-9.099164,0.0,True
2879,38.782007,-9.099173,0.0,True
2880,38.780209,-9.099181,2.084,True
2881,38.77841,-9.09919,1.927,True
2882,38.776612,-9.099198,1.28,True
2883,38.774813,-9.099207,1.252,True
2884,38.773014,-9.099216,0.544,True
2885,38.771216,-9.099224,1.847,True
2886,38.769417,-9.099233,0.744,True
2887,38.767618,-9.099242,2.298,True
2888,38.76582,-9.09925,1.015,True
2889,38.767027,-9.098843,1.926,True
2890,38.768679,-9.097927,0.596,True
2891,38.77033,-9.097011,0.833,True
2892,38.771981,-9.096096,1.732,True
2893,38.773632,-9.09518,-0.478,True
2894,38.775283,-9.094264,-1.371,True
2895,38.776934,-9.093349,0.7,True
2896,38.778586,-9.092433,0.846,True
2897,38.780237,-9.091518,1.765,True
2898,38.781888,-9.090602,-0.295,True
2899,38.783539,-9.089686,1.158,True
2900,38.78519,-9.088771,1.469,True
2901,38.786842,-9.087855,0.982,True
2902,38.788493,-9.08694,1.513,True
2903,38.790144,-9.086024,0.911,True
2904,38.791795,-9.085108,2.612,True
2905,38.793446,-9.084193,1.634,True
2906,38.795097,-9.083277,1.167,True
2907,38.796749,-9.082361,3.303,True
2908,38.7984,-9.081446,2.248,True
2909,38.800051,-9.08053,0.816,True
2910,38.801702,-9.079615,2.532,True
2911,38.803353,-9.078699,3.203,True
2912,38.805004,-9.077783,1.981,True
2913,38.806656,-9.076868,3.299,True
2914,38.808307,-9.075952,1.687,True
2915,38.809958,-9.075037,3.338,True
2916,38.811609,-9.074121,6.17,False
2917,38.81326,-9.073205,4.556,True
2918,38.814911,-9.07229,2.858,True
2919,38.816563,-9.071374,3.655,True
2920,38.818214,-9.070458,5.417,False
2921,38.819865,-9.069543,2.493,True
2922,38.821516,-9.068627,0.865,True
2923,38.823167,-9.067712,4.498,True
2924,38.824819,-9.066796,8.224,False
2925,38.82647,-9.06588,9.095,False
2926,38.828121,-9.064965,6.397,False
2927,38.829772,-9.064049,10.294,False
2928,38.831423,-9.063134,15.633,False
2929,38.833074,-9.062218,15.21,False
2930,38.834726,-9.061302,15.815,False
2931,38.836377,-9.060387,10.299,False
2932,38.838028,-9.059471,14.55,False
2933,38.839679,-9.058555,12.484,False
2934,38.84133,-9.05764,10.765,False
2935,38.842981,-9.056724,7.206,False
2936,38.844633,-9.055809,6.134,False
2937,38.846284,-9.054893,7.267,False
2938,38.847935,-9.053977,7.226,False
2939,38.849586,-9.053062,6.676,False
2940,38.851237,-9.052146,7.143,False
2941,38.852888,-9.05123,4.858,True
2942,38.85454,-9.050315,5.542,False
2943,38.856191,-9.049399,6.187,False
2944,38.857842,-9.048484,7.839,False
2945,38.859493,-9.047568,10.27,False
2946,38.861144,-9.046652,8.23,False
2947,38.862796,-9.045737,9.942,False
2948,38.864447,-9.044821,4.113,True
2949,38.866098,-9.043906,0.345,True
2950,38.867749,-9.04299,2.025,True
2951,38.8694,-9.042074,2.068,True
2952,38.871051,-9.041159,1.702,True
2953,38.872703,-9.040243,5.093,False
2954,38.874354,-9.039327,6.398,False
2955,38.876005,-9.038412,7.641,False
2956,38.877656,-9.037496,12.724,False
2957,38.879307,-9.036581,17.013,False
2958,38.880958,-9.035665,7.815,False
2959,38.88261,-9.034749,8.861,False
2960,38.884261,-9.033834,4.76,True
2961,38.885912,-9.032918,6.276,False
2962,38.887563,-9.032003,3.92,True
2963,38.889214,-9.031087,7.439,False
2964,38.890865,-9.030171,8.861,False
2965,38.892517,-9.029256,7.748,False
2966,38.894168,-9.02834,5.5,False
2967,38.895819,-9.027424,7.608,False
2968,38.897263,-9.026066,6.926,False
2969,38.898839,-9.024955,4.858,True
2970,38.900427,-9.023869,5.738,False
2971,38.902015,-9.022783,4.933,True
2972,38.903603,-9.021697,5.854,False
2973,38.905191,-9.020611,6.001,False
2974,38.906779,-9.019525,5.291,False
2975,38.908366,-9.018439,4.554,True
2976,38.909954,-9.017353,5.175,False
2977,38.911542,-9.016267,2.369,True
2978,38.91313,-9.015181,2.744,True
2979,38.914718,-9.014095,1.196,True
2980,38.916306,-9.013009,3.599,True
2981,38.917894,-9.011923,1.991,True
2982,38.919482,-9.010838,1.836,True
2983,38.921069,-9.009752,1.686,True
2984,38.922657,-9.008666,1.343,True
2985,38.924245,-9.00758,1.104,True
2986,38.925833,-9.006494,3.716,True
2987,38.927421,-9.005408,5.296,False
2988,38.929009,-9.004322,6.198,False
2989,38.930597,-9.003236,7.601,False
2990,38.932185,-9.00215,5.818,False
2991,38.933773,-9.001064,8.244,False
2992,38.93536,-8.999978,4.918,True
2993,38.936948,-8.998892,6.473,False
2994,38.938536,-8.997806,13.026,False
2995,38.940124,-8.99672,10.314,False
2996,38.941712,-8.995634,11.668,False
2997,38.9433,-8.994548,13.058,False
2998,38.944888,-8.993462,7.677,False
2999,38.946476,-8.992377,6.319,False
3000,38.948064,-8.991291,9.05,False
3001,38.949651,-8.990205,8.673,False
3002,38.951239,-8.989119,5.969,False
3003,38.952811,-8.988,10.172,False
3004,38.954324,-8.986761,9.46,False
3005,38.955999,-8.985918,5.876,False
3006,38.957734,-8.985311,8.409,False
3007,38.959475,-8.98473,8.453,False
3008,38.961216,-8.98415,6.344,False
3009,38.962957,-8.983569,7.302,False
3010,38.964628,-8.982764,12.55,False
3011,38.965386,-8.982165,11.134,False
3012,38.963751,-8.983126,12.049,False
3013,38.962115,-8.984088,13.838,False
3014,38.96048,-8.985049,11.193,False
3015,38.958844,-8.986011,7.555,False
3016,38.957209,-8.986972,6.572,False
3017,38.955574,-8.987934,12.65,False
3018,38.953938,-8.988895,12.209,False
3019,38.952303,-8.989857,9.79,False
3020,38.950667,-8.990818,12.276,False
3021,38.949032,-8.99178,7.779,False
3022,38.947396,-8.992741,4.226,True
3023,38.945761,-8.993703,1.154,True
3024,38.944126,-8.994664,3.858,True
3025,38.94249,-8.995626,3.944,True
3026,38.940855,-8.996587,2.825,True
3027,38.939219,-8.997549,4.583,True
3028,38.937584,-8.998511,5.295,False
3029,38.935948,-8.999472,6.245,False
3030,38.934313,-9.000434,3.359,True
3031,38.932678,-9.001395,5.145,False
3032,38.931042,-9.002357,4.694,True
3033,38.929407,-9.003318,6.651,False
3034,38.927771,-9.00428,5.886,False
3035,38.926136,-9.005241,4.383,True
3036,38.9245,-9.006203,2.513,True
3037,38.922865,-9.007164,2.752,True
3038,38.92123,-9.008126,1.741,True
3039,38.919594,-9.009087,1.762,True
3040,38.917959,-9.010049,4.396,True
3041,38.916323,-9.01101,5.318,False
3042,38.914688,-9.011972,6.678,False
3043,38.913052,-9.012933,7.684,False
3044,38.911417,-9.013895,9.488,False
3045,38.909781,-9.014856,7.868,False
3046,38.908146,-9.015818,6.869,False
3047,38.906511,-9.016779,9.062,False
3048,38.904875,-9.017741,13.961,False
3049,38.90324,-9.018702,11.225,False
3050,38.901604,-9.019664,8.645,False
3051,38.899969,-9.020625,9.393,False
3052,38.898333,-9.021587,6.553,False
3053,38.896698,-9.022548,1.704,True
3054,38.895063,-9.02351,1.126,True
3055,38.893427,-9.024471,2.402,True
3056,38.891792,-9.025433,3.131,True
3057,38.890156,-9.026394,3.507,True
3058,38.888521,-9.027356,3.281,True
3059,38.886885,-9.028317,3.733,True
3060,38.88525,-9.029279,2.406,True
3061,38.883615,-9.03024,2.234,True
3062,38.881979,-9.031202,4.664,True
3063,38.880344,-9.032163,6.778,False
3064,38.878708,-9.033125,2.206,True
3065,38.877073,-9.034087,4.848,True
3066,38.875437,-9.035048,6.422,False
3067,38.873802,-9.03601,3.425,True
3068,38.872167,-9.036971,0.861,True
3069,38.870531,-9.037933,3.117,True
3070,38.868896,-9.038894,1.191,True
3071,38.86726,-9.039856,-0.164,True
3072,38.865625,-9.040817,0.094,True
3073,38.863989,-9.041779,3.406,True
3074,38.862354,-9.04274,2.132,True
3075,38.860719,-9.043702,2.857,True
3076,38.859083,-9.044663,3.037,True
3077,38.857448,-9.045625,3.56,True
3078,38.855812,-9.046586,4.26,True
3079,38.854177,-9.047548,-0.495,True
3080,38.852541,-9.048509,2.867,True
3081,38.850906,-9.049471,2.071,True
3082,38.84927,-9.050432,3.438,True
3083,38.847635,-9.051394,4.709,True
3084,38.846,-9.052355,6.393,False
3085,38.844364,-9.053317,9.167,False
3086,38.842729,-9.054278,10.276,False
3087,38.841093,-9.05524,5.65,False
3088,38.839458,-9.056201,9.706,False
3089,38.837822,-9.057163,12.123,False
3090,38.836187,-9.058124,9.507,False
3091,38.834552,-9.059086,11.202,False
3092,38.832916,-9.060047,8.836,False
3093,38.831281,-9.061009,9.092,False
3094,38.829645,-9.06197,8.92,False
3095,38.82801,-9.062932,12.608,False
3096,38.826374,-9.063893,11.486,False
3097,38.824739,-9.064855,12.295,False
3098,38.823104,-9.065816,16.986,False
3099,38.821468,-9.066778,16.713,False
3100,38.819833,-9.067739,19.385,False
3101,38.818197,-9.068701,20.07,False
3102,38.816562,-9.069663,18.912,False
3103,38.814926,-9.070624,20.322,False
3104,38.813291,-9.071586,23.038,False
3105,38.811656,-9.072547,21.303,False
3106,38.81002,-9.073509,18.889,False
3107,38.808385,-9.07447,21.612,False
3108,38.806749,-9.075432,19.604,False
3109,38.805114,-9.076393,19.544,False
3110,38.803478,-9.077355,17.215,False
3111,38.801843,-9.078316,15.843,False
3112,38.800208,-9.079278,15.083,False
3113,38.798572,-9.080239,11.204,False
3114,38.796937,-9.081201,7.654,False
3115,38.795301,-9.082162,14.816,False
3116,38.793666,-9.083124,12.161,False
3117,38.79203,-9.084085,9.561,False
3118,38.790395,-9.085047,10.187,False
3119,38.78876,-9.086008,7.868,False
3120,38.787124,-9.08697,7.541,False
3121,38.785489,-9.087931,13.428,False
3122,38.783853,-9.088893,8.936,False
3123,38.782218,-9.089854,4.045,True
3124,38.780582,-9.090816,0.0,True
3125,38.778947,-9.091777,0.445,True
3126,38.777311,-9.092739,0.212,True
3127,38.775676,-9.0937,0.0,True
3128,38.774041,-9.094662,0.174,True
3129,38.772405,-9.095623,0.0,True
3130,38.77077,-9.096585,0.0,True
3131,38.769134,-9.097546,0.0,True
3132,38.767499,-9.098508,0.0,True
3133,38.765863,-9.099469,0.67,True
3134,38.766996,-9.099243,2.118,True
3135,38.768631,-9.098278,-0.542,True
3136,38.770265,-9.097313,0.141,True
3137,38.771899,-9.096348,1.679,True
3138,38.773533,-9.095383,2.738,True
3139,38.775168,-9.094419,6.212,False
3140,38.776802,-9.093454,4.153,True
3141,38.778436,-9.092489,6.519,False
3142,38.78007,-9.091524,5.263,False
3143,38.781705,-9.090559,2.065,True
3144,38.783339,-9.089594,5.298,False
3145,38.784973,-9.08863,8.298,False
3146,38.786607,-9.087665,5.812,False
3147,38.788242,-9.0867,7.186,False
3148,38.789876,-9.085735,6.465,False
3149,38.79151,-9.08477,7.096,False
3150,38.793144,-9.083805,5.33,False
3151,38.794779,-9.08284,3.708,True
3152,38.796413,-9.081876,1.883,True
3153,38.798047,-9.080911,2.267,True
3154,38.799681,-9.079946,1.869,True
3155,38.801316,-9.078981,2.531,True
3156,38.80295,-9.078016,5.09,False
3157,38.804584,-9.077051,6.763,False
3158,38.806218,-9.076087,7.217,False
3159,38.807853,-9.075122,7.274,False
3160,38.809487,-9.074157,6.686,False
3161,38.811121,-9.073192,7.762,False
3162,38.812755,-9.072227,7.201,False
3163,38.81439,-9.071262,10.383,False
3164,38.816024,-9.070297,11.67,False
3165,38.817658,-9.069333,10.59,False
3166,38.819292,-9.068368,12.411,False
3167,38.820927,-9.067403,11.68,False
3168,38.822561,-9.066438,8.1,False
3169,38.824195,-9.065473,8.176,False
3170,38.825829,-9.064508,12.266,False
3171,38.827464,-9.063544,9.736,False
3172,38.829098,-9.062579,10.25,False
3173,38.830732,-9.061614,8.359,False
3174,38.832366,-9.060649,10.716,False
3175,38.834,-9.059684,10.215,False
3176,38.835635,-9.058719,8.042,False
3177,38.837269,-9.057754,10.002,False
3178,38.838903,-9.05679,9.152,False
3179,38.840537,-9.055825,11.747,False
3180,38.842172,-9.05486,7.09,False
3181,38.843806,-9.053895,7.534,False
3182,38.84544,-9.05293,10.855,False
3183,38.847074,-9.051965,11.133,False
3184,38.848709,-9.051001,10.15,False
3185,38.850343,-9.050036,11.521,False
3186,38.851977,-9.049071,9.486,False
3187,38.853611,-9.048106,7.779,False
3188,38.855246,-9.047141,7.483,False
3189,38.85688,-9.046176,6.957,False
3190,38.858514,-9.045211,6.925,False
3191,38.860148,-9.044247,7.401,False
3192,38.861783,-9.043282,6.796,False
3193,38.863417,-9.042317,5.549,False
3194,38.865051,-9.041352,2.975,True
3195,38.866685,-9.040387,3.508,True
3196,38.86832,-9.039422,5.747,False
3197,38.869954,-9.038458,9.021,False
3198,38.871588,-9.037493,7.675,False
3199,38.873222,-9.036528,5.584,False
3200,38.874857,-9.035563,5.188,False
3201,38.876491,-9.034598,9.194,False
3202,38.878125,-9.033633,8.558,False
3203,38.879759,-9.032668,5.925,False
3204,38.881394,-9.031704,12.994,False
3205,38.883028,-9.030739,8.364,False
3206,38.884662,-9.029774,9.324,False
3207,38.886296,-9.028809,6.609,False
3208,38.887931,-9.027844,7.643,False
3209,38.889565,-9.026879,9.774,False
3210,38.891199,-9.025915,10.773,False
3211,38.892833,-9.02495,10.574,False
3212,38.894468,-9.023985,5.783,False
3213,38.896102,-9.02302,4.622,True
3214,38.897736,-9.022055,5.621,False
3215,38.89937,-9.02109,10.907,False
3216,38.901004,-9.020125,13.209,False
3217,38.902639,-9.019161,10.044,False
3218,38.904273,-9.018196,7.134,False
3219,38.905907,-9.017231,5.304,False
3220,38.907541,-9.016266,5.998,False
3221,38.909176,-9.015301,8.023,False
3222,38.91081,-9.014336,9.195,False
3223,38.912444,-9.013372,9.445,False
3224,38.914078,-9.012407,11.359,False
3225,38.915713,-9.011442,5.708,False
3226,38.917347,-9.010477,5.111,False
3227,38.918981,-9.009512,10.66,False
3228,38.920615,-9.008547,11.129,False
3229,38.92225,-9.007582,9.649,False
3230,38.923884,-9.006618,6.855,False
3231,38.925518,-9.005653,5.159,False
3232,38.927152,-9.004688,5.346,False
3233,38.928787,-9.003723,7.678,False
3234,38.930421,-9.002758,10.209,False
3235,38.932055,-9.001793,10.718,False
3236,38.933689,-9.000829,10.831,False
3237,38.935324,-8.999864,5.023,False
3238,38.936958,-8.998899,6.362,False
3239,38.938592,-8.997934,10.985,False
3240,38.940226,-8.996969,8.023,False
3241,38.941861,-8.996004,8.276,False
3242,38.943495,-8.995039,7.776,False
3243,38.945129,-8.994075,10.99,False
3244,38.946763,-8.99311,12.492,False
3245,38.948398,-8.992145,11.244,False
3246,38.950032,-8.99118,15.879,False
3247,38.951666,-8.990215,19.488,False
3248,38.9533,-8.98925,19.503,False
3249,38.954935,-8.988286,23.869,False
3250,38.956569,-8.987321,21.361,False
3251,38.958203,-8.986356,24.164,False
3252,38.959837,-8.985391,23.061,False
3253,38.961472,-8.984426,20.609,False
3254,38.963106,-8.983461,15.983,False
3255,38.96474,-8.982496,18.617,False
3256,38.965215,-8.982289,15.043,False
3257,38.963603,-8.983286,20.886,False
3258,38.961867,-8.983892,24.33,False
3259,38.960131,-8.984498,26.547,False
3260,38.958395,-8.985104,23.429,False
3261,38.95666,-8.98571,26.883,False
3262,38.954941,-8.986383,22.577,False
3263,38.953345,-8.987437,20.865,False
3264,38.951828,-8.988663,16.602,False
3265,38.95024,-8.989749,11.416,False
3266,38.948652,-8.990835,14.222,False
3267,38.947064,-8.991921,11.604,False
3268,38.945476,-8.993007,10.127,False
3269,38.943888,-8.994093,12.51,False
3270,38.942301,-8.99518,10.939,False
3271,38.940713,-8.996266,14.29,False
3272,38.939125,-8.997352,8.2,False
3273,38.937537,-8.998438,21.248,False
3274,38.935949,-8.999524,24.33,False
3275,38.934361,-9.00061,27.274,False
3276,38.932774,-9.001696,27.673,False
3277,38.931186,-9.002782,31.999,False
3278,38.929598,-9.003868,45.714,False
3279,38.92801,-9.004954,51.42,False
3280,38.926422,-9.00604,58.213,False
3281,38.924834,-9.007126,65.56,False
3282,38.923247,-9.008212,68.895,False
3283,38.921659,-9.009298,69.427,False
3284,38.920071,-9.010384,59.696,False
3285,38.918483,-9.01147,73.066,False
3286,38.916895,-9.012557,74.158,False
3287,38.915307,-9.013643,83.773,False
3288,38.91372,-9.014729,86.614,False
3289,38.912132,-9.015815,76.969,False
3290,38.910544,-9.016901,79.795,False
3291,38.908956,-9.017987,87.273,False
3292,38.907368,-9.019073,96.948,False
3293,38.90578,-9.020159,101.32,False
3294,38.904192,-9.021245,96.441,False
3295,38.902605,-9.022331,91.796,False
3296,38.901017,-9.023417,102.711,False
3297,38.899429,-9.024503,99.627,False
3298,38.897841,-9.025589,99.289,False
3299,38.896365,-9.026899,95.165,False
3300,38.894956,-9.028333,93.362,False
3301,38.893538,-9.029755,90.655,False
3302,38.89212,-9.031177,89.398,False
3303,38.890703,-9.032599,94.653,False
3304,38.889285,-9.034021,95.373,False
3305,38.887867,-9.035443,98.99,False
3306,38.88645,-9.036865,89.863,False
3307,38.885032,-9.038287,82.082,False
3308,38.883615,-9.039709,77.824,False
3309,38.882197,-9.041131,77.667,False
3310,38.880779,-9.042553,79.887,False
3311,38.879362,-9.043975,80.846,False
3312,38.877944,-9.045397,79.477,False
3313,38.876526,-9.046819,83.577,False
3314,38.875109,-9.048241,82.732,False
3315,38.873691,-9.049663,90.606,False
3316,38.872273,-9.051085,86.563,False
3317,38.870856,-9.052507,79.303,False
3318,38.869438,-9.053929,80.097,False
3319,38.868021,-9.055351,73.366,False
3320,38.866603,-9.056773,74.845,False
3321,38.865185,-9.058195,77.046,False
3322,38.863768,-9.059617,78.841,False
3323,38.86235,-9.061039,81.039,False
3324,38.860932,-9.062461,81.131,False
3325,38.859515,-9.063883,73.882,False
3326,38.860349,-9.06309,79.575,False
3327,38.861847,-9.061811,79.657,False
3328,38.863346,-9.060535,80.395,False
3329,38.864836,-9.059241,50.357,False
3330,38.866338,-9.05797,53.458,False
3331,38.867848,-9.056716,55.92,False
3332,38.869351,-9.055447,72.527,False
3333,38.870848,-9.054165,97.733,False
3334,38.87083,-9.054118,96.728,False
3335,38.869334,-9.055401,82.966,False
3336,38.867828,-9.056665,62.586,False
3337,38.86632,-9.057923,53.839,False
3338,38.864819,-9.059196,76.459,False
3339,38.86333,-9.060491,74.684,False
3340,38.861834,-9.061775,60.515,False
3341,38.860331,-9.063042,51.469,False
3342,38.859445,-9.064191,56.846,False
3343,38.860868,-9.062779,74.56,False
3344,38.862358,-9.061487,80.47,False
3345,38.863862,-9.06022,49.351,False
3346,38.865378,-9.058978,46.836,False
3347,38.86689,-9.057725,30.38,False
3348,38.868391,-9.056453,20.502,False
3349,38.869891,-9.055179,23.26,False
3350,38.871396,-9.053913,46.437,False
3351,38.872861,-9.052574,71.825,False
3352,38.874234,-9.051081,70.774,False
3353,38.875604,-9.049583,66.426,False
3354,38.87697,-9.048082,48.934,False
3355,38.878342,-9.046587,33.311,False
3356,38.879714,-9.045093,29.246,False
3357,38.881084,-9.043597,32.917,False
3358,38.882464,-9.042114,42.599,False
3359,38.88388,-9.040691,77.17,False
3360,38.885308,-9.039285,81.875,False
3361,38.885749,-9.03878,60.585,False
3362,38.88433,-9.040198,49.281,False
3363,38.88291,-9.041617,15.187,False
3364,38.88149,-9.043035,9.071,False
3365,38.88007,-9.044453,6.777,False
3366,38.87865,-9.045872,8.831,False
3367,38.87723,-9.04729,16.654,False
3368,38.87581,-9.048708,32.743,False
3369,38.874391,-9.050127,44.971,False
3370,38.872971,-9.051545,26.648,False
3371,38.871551,-9.052963,24.062,False
3372,38.870131,-9.054382,44.169,False
3373,38.868711,-9.0558,79.206,False
3374,38.867291,-9.057218,61.277,False
3375,38.865805,-9.058517,60.255,False
3376,38.864301,-9.059783,61.379,False
3377,38.862799,-9.061054,46.537,False
3378,38.861303,-9.062336,31.977,False
3379,38.859848,-9.063694,23.981,False
3380,38.85831,-9.064844,21.14,False
3381,38.85666,-9.065765,15.964,False
3382,38.855011,-9.066686,23.11,False
3383,38.853362,-9.067607,29.648,False
3384,38.851712,-9.068528,34.438,False
3385,38.850063,-9.069448,21.898,False
3386,38.848413,-9.070369,12.547,False
3387,38.846764,-9.07129,37.83,False
3388,38.845115,-9.072211,49.521,False
3389,38.843465,-9.073132,51.411,False
3390,38.841816,-9.074053,45.117,False
3391,38.840166,-9.074973,42.045,False
3392,38.838517,-9.075894,35.947,False
3393,38.836867,-9.076815,38.503,False
3394,38.835218,-9.077736,57.541,False
3395,38.833569,-9.078657,35.853,False
3396,38.831919,-9.079577,29.794,False
3397,38.83027,-9.080498,20.259,False
3398,38.82862,-9.081419,30.611,False
3399,38.826971,-9.08234,39.848,False
3400,38.825322,-9.083261,38.986,False
3401,38.823672,-9.084182,40.411,False
3402,38.822023,-9.085102,38.58,False
3403,38.820373,-9.086023,30.87,False
3404,38.818724,-9.086944,24.928,False
3405,38.817075,-9.087865,25.214,False
3406,38.815425,-9.088786,23.731,False
3407,38.813776,-9.089706,19.047,False
3408,38.812126,-9.090627,17.016,False
3409,38.810477,-9.091548,26.845,False
3410,38.808828,-9.092469,34.571,False
3411,38.807178,-9.09339,39.63,False
3412,38.805529,-9.094311,54.591,False
3413,38.803879,-9.095231,57.173,False
3414,38.80223,-9.096152,45.967,False
3415,38.800581,-9.097073,51.898,False
3416,38.798931,-9.097994,62.228,False
3417,38.797282,-9.098915,55.784,False
3418,38.795546,-9.099502,70.741,False
3419,38.795044,-9.099675,64.26,False
3420,38.795627,-9.099569,43.296,False
3421,38.79383,-9.099497,41.84,False
3422,38.792032,-9.099426,60.534,False
3423,38.790234,-9.099355,41.103,False
3424,38.788436,-9.099284,67.336,False
3425,38.786638,-9.099213,90.013,False
3426,38.784841,-9.099142,85.924,False
3427,38.783043,-9.09907,84.317,False
3428,38.781245,-9.098999,96.493,False
3429,38.779447,-9.098928,83.19,False
3430,38.777649,-9.098857,88.77,False
3431,38.775852,-9.098786,107.343,False
3432,38.774054,-9.098714,76.513,False
3433,38.772258,-9.098598,56.74,False
3434,38.770463,-9.098484,49.407,False
3435,38.768668,-9.098628,54.105,False
3436,38.766874,-9.098791,62.818,False
3437,38.76598,-9.098814,62.663,False
3438,38.767746,-9.098377,64.142,False
3439,38.769512,-9.09794,28.35,False
3440,38.771279,-9.097503,41.808,False
3441,38.773045,-9.097065,44.961,False
3442,38.774811,-9.096628,28.279,False
3443,38.776577,-9.096191,54.782,False
3444,38.778343,-9.095754,65.371,False
3445,38.780109,-9.095317,72.649,False
3446,38.781875,-9.09488,71.446,False
3447,38.783641,-9.094443,62.917,False
3448,38.785407,-9.094006,59.122,False
3449,38.787173,-9.093569,55.563,False
3450,38.788939,-9.093132,62.106,False
3451,38.790706,-9.092695,62.54,False
3452,38.792472,-9.092258,68.064,False
3453,38.794238,-9.09182,76.533,False
3454,38.796004,-9.091383,78.77,False
3455,38.79777,-9.090946,99.318,False
3456,38.799536,-9.090509,88.527,False
3457,38.801302,-9.090072,93.761,False
3458,38.803068,-9.089635,66.688,False
3459,38.804834,-9.089198,57.329,False
3460,38.8066,-9.088761,77.05,False
3461,38.808367,-9.088324,79.546,False
3462,38.810133,-9.087887,85.291,False
3463,38.811899,-9.08745,78.562,False
3464,38.813665,-9.087012,66.55,False
3465,38.815431,-9.086575,77.189,False
3466,38.817197,-9.086138,81.758,False
3467,38.818963,-9.085701,91.921,False
3468,38.820729,-9.085264,89.963,False
3469,38.822495,-9.084827,87.28,False
3470,38.824261,-9.08439,80.311,False
3471,38.826027,-9.083953,79.245,False
3472,38.827794,-9.083516,64.952,False
3473,38.82956,-9.083079,45.256,False
3474,38.831326,-9.082642,54.12,False
3475,38.833092,-9.082204,48.73,False
3476,38.834858,-9.081767,35.361,False
3477,38.836624,-9.08133,42.104,False
3478,38.83839,-9.080893,42.828,False
3479,38.83999,-9.080522,39.391,False
3480,38.838328,-9.081405,37.219,False
3481,38.836645,-9.082218,29.823,False
3482,38.834941,-9.082956,25.996,False
3483,38.833213,-9.083599,16.254,False
3484,38.831474,-9.084186,14.888,False
3485,38.829737,-9.084784,10.858,False
3486,38.828,-9.085383,7.106,False
3487,38.826261,-9.085974,9.499,False
3488,38.827553,-9.085588,8.144,False
3489,38.82929,-9.084991,4.825,True
3490,38.831028,-9.084393,3.953,True
3491,38.832766,-9.083799,0.34,True
3492,38.834499,-9.083186,4.586,True
3493,38.836209,-9.082468,3.682,True
3494,38.837898,-9.081675,0.705,True
3495,38.839565,-9.08081,0.161,True
3496,38.841083,-9.080238,0.0,True
3497,38.842709,-9.079333,-0.07,True
3498,38.844338,-9.078353,-1.717,True
3499,38.845955,-9.077341,0.463,True
3500,38.847597,-9.076399,-1.08,True
3501,38.849236,-9.07545,-1.143,True
3502,38.850821,-9.074359,1.691,True
3503,38.852383,-9.073213,-0.356,True
3504,38.853856,-9.071892,-0.908,True
3505,38.855169,-9.070317,1.308,True
3506,38.856329,-9.068553,-0.232,True
3507,38.85746,-9.066757,-0.086,True
3508,38.858692,-9.065074,-0.081,True
3509,38.858616,-9.065099,0.475,True
3510,38.857388,-9.066786,0.005,True
3511,38.856262,-9.068587,-0.497,True
3512,38.855092,-9.07034,-1.161,True
3513,38.853764,-9.071894,0.967,True
3514,38.852281,-9.073198,0.624,True
3515,38.850712,-9.074325,1.096,True
3516,38.849116,-9.075391,2.108,True
3517,38.847493,-9.076386,1.974,True
3518,38.84586,-9.077352,-0.18,True
3519,38.844238,-9.07835,3.763,True
3520,38.842612,-9.079339,3.187,True
3521,38.84097,-9.080279,3.502,True
3522,38.839279,-9.081063,2.268,True
3523,38.837574,-9.081797,2.543,True
3524,38.835868,-9.082531,3.685,True
3525,38.834163,-9.083265,1.874,True
3526,38.832458,-9.083999,2.951,True
3527,38.830752,-9.084733,1.058,True
3528,38.829047,-9.085467,3.482,True
3529,38.827342,-9.086201,-1.806,True
3530,38.825636,-9.086935,2.178,True
3531,38.823931,-9.087669,-1.478,True
3532,38.822226,-9.088403,1.486,True
3533,38.82052,-9.089136,2.766,True
3534,38.818815,-9.08987,6.499,False
3535,38.81711,-9.090604,7.565,False
3536,38.815405,-9.091338,5.312,False
3537,38.813699,-9.092072,6.85,False
3538,38.811994,-9.092806,5.659,False
3539,38.810289,-9.09354,4.878,True
3540,38.808583,-9.094274,5.58,False
3541,38.806878,-9.095008,5.752,False
3542,38.805173,-9.095742,6.648,False
3543,38.803467,-9.096476,5.791,False
3544,38.801762,-9.09721,6.085,False
3545,38.800057,-9.097944,6.489,False
3546,38.798351,-9.098678,5.697,False
3547,38.796723,-9.099384,5.706,False
3548,38.798473,-9.098847,4.064,True
3549,38.800192,-9.098173,6.584,False
3550,38.801872,-9.09735,5.691,False
3551,38.803547,-9.096507,5.857,False
3552,38.805214,-9.095643,3.567,True
3553,38.806883,-9.09478,7.096,False
3554,38.80611,-9.09509,3.044,True
3555,38.80441,-9.095842,1.978,True
3556,38.802709,-9.096594,1.653,True
3557,38.801009,-9.097346,2.649,True
3558,38.799309,-9.098099,2.204,True
3559,38.797608,-9.098851,1.35,True
3560,38.798215,-9.098748,0.941,True
3561,38.799948,-9.098131,2.399,True
3562,38.801638,-9.097343,0.892,True
3563,38.80331,-9.096492,-0.674,True
3564,38.804969,-9.095601,2.436,True
3565,38.80663,-9.094716,0.898,True
3566,38.806281,-9.094841,3.298,True
3567,38.804623,-9.095737,2.165,True
3568,38.802956,-9.096602,0.857,True
3569,38.80129,-9.097471,0.348,True
3570,38.79959,-9.098225,-0.544,True
3571,38.797849,-9.098804,-1.022,True
3572,38.796073,-9.099058,0.88,True
3573,38.794275,-9.099068,0.449,True
3574,38.792476,-9.099078,1.048,True
3575,38.790678,-9.099088,-0.307,True
3576,38.788879,-9.099098,-0.767,True
3577,38.78708,-9.099108,-1.224,True
3578,38.785282,-9.099118,-0.85,True
3579,38.783483,-9.099128,-1.448,True
3580,38.781684,-9.099139,1.114,True
3581,38.779886,-9.099149,3.025,True
3582,38.778087,-9.099159,3.164,True
3583,38.776289,-9.099169,0.56,True
3584,38.77449,-9.099179,1.199,True
3585,38.772691,-9.099189,0.48,True
3586,38.770893,-9.099199,-0.077,True
3587,38.769094,-9.099209,0.264,True
3588,38.767295,-9.099219,0.0,True
3589,38.765611,-9.099305,3.225,True
3590,38.767409,-9.09935,10.027,False
3591,38.769207,-9.099394,6.759,False
3592,38.771006,-9.099439,16.272,False
3593,38.772804,-9.099484,14.296,False
3594,38.774602,-9.099528,8.537,False
3595,38.776401,-9.099573,17.701,False
3596,38.778199,-9.099618,16.732,False
3597,38.779997,-9.099663,15.622,False
3598,38.781796,-9.099707,13.914,False
3599,38.783594,-9.099752,18.188,False
3600,38.785392,-9.099797,23.307,False
3601,38.787191,-9.099842,24.983,False
3602,38.788989,-9.099886,26.03,False
3603,38.790787,-9.099931,24.057,False
3604,38.792585,-9.099976,24.623,False
3605,38.794384,-9.100021,37.379,False
3606,38.795976,-9.099611,45.213,False
3607,38.794521,-9.100966,64.124,False
3608,38.793066,-9.102322,61.398,False
3609,38.791611,-9.103678,68.553,False
3610,38.790155,-9.105034,67.239,False
3611,38.7887,-9.10639,81.542,False
3612,38.787245,-9.107745,79.384,False
3613,38.78579,-9.109101,60.231,False
3614,38.784334,-9.110457,82.035,False
3615,38.782879,-9.111813,90.566,False
3616,38.781424,-9.113169,105.249,False
3617,38.779969,-9.114524,86.635,False
3618,38.778513,-9.11588,62.849,False
3619,38.777058,-9.117236,72.061,False
3620,38.775603,-9.118592,76.288,False
3621,38.774148,-9.119948,92.014,False
3622,38.772693,-9.121303,94.942,False
3623,38.771237,-9.122659,91.954,False
3624,38.769782,-9.124015,94.651,False
3625,38.768327,-9.125371,84.601,False
3626,38.766872,-9.126727,79.72,False
3627,38.765416,-9.128082,77.021,False
3628,38.763961,-9.129438,82.18,False
3629,38.762506,-9.130794,90.687,False
3630,38.761051,-9.13215,94.83,False
3631,38.759595,-9.133506,92.714,False
3632,38.75814,-9.134861,93.04,False
3633,38.756685,-9.136217,87.185,False
3634,38.75523,-9.137573,73.789,False
3635,38.753774,-9.138929,72.201,False
3636,38.752319,-9.140285,66.751,False
3637,38.750864,-9.14164,95.995,False
3638,38.749409,-9.142996,103.1,False
3639,38.747953,-9.144352,81.614,False
3640,38.746498,-9.145708,76.566,False
3641,38.745043,-9.147064,54.31,False
3642,38.74486,-9.147901,80.735,False
3643,38.744304,-9.148941,72.094,False
3644,38.744107,-9.14967,65.333,False
3645,38.744145,-9.14997,62.202,False
3646,38.744571,-9.147777,59.312,False
3647,38.744764,-9.145484,56.019,False
3648,38.744956,-9.143191,42.725,False
3649,38.745149,-9.140898,32.915,False
3650,38.745341,-9.138605,23.768,False
3651,38.745534,-9.136312,23.612,False
3652,38.745552,-9.136734,22.059,False
3653,38.745847,-9.134465,19.572,False
3654,38.745674,-9.135002,20.817,False
3655,38.74562,-9.135499,28.378,False
3656,38.745601,-9.136148,33.892,False
3657,38.745595,-9.137158,41.702,False
3658,38.745516,-9.137131,48.325,False
3659,38.745233,-9.134853,44.066,False
3660,38.74495,-9.132576,40.384,False
3661,38.744667,-9.130299,28.471,False
3662,38.744384,-9.128021,23.422,False
3663,38.7441,-9.125744,25.503,False
3664,38.743678,-9.12464,33.479,False
3665,38.743374,-9.124229,53.379,False
3666,38.741576,-9.124158,43.107,False
3667,38.739778,-9.124087,35.087,False
3668,38.73798,-9.124015,39.654,False
3669,38.736183,-9.123944,38.53,False
3670,38.734385,-9.123872,40.421,False
3671,38.732587,-9.123801,40.41,False
3672,38.730789,-9.12373,40.666,False
3673,38.728992,-9.123658,20.499,False
3674,38.727194,-9.123587,5.772,False
3675,38.725396,-9.123516,14.817,False
3676,38.723598,-9.123444,27.704,False
3677,38.7218,-9.123373,37.363,False
3678,38.720003,-9.123302,46.827,False
3679,38.718205,-9.12323,26.009,False
3680,38.716407,-9.123159,27.537,False
3681,38.714609,-9.123087,35.901,False
3682,38.714506,-9.122239,44.553,False
3683,38.713775,-9.123454,44.508,False
3684,38.713983,-9.125744,53.635,False
3685,38.714191,-9.128033,38.401,False
3686,38.714399,-9.130323,49.953,False
3687,38.714607,-9.132613,74.25,False
3688,38.714815,-9.134902,65.145,False
3689,38.715023,-9.137192,56.128,False
3690,38.715231,-9.139482,64.361,False
3691,38.715439,-9.141772,50.311,False
3692,38.715435,-9.143366,50.51,False
3693,38.71461,-9.144695,60.66,False
3694,38.713059,-9.145861,62.439,False
3695,38.711508,-9.147028,46.457,False
3696,38.709957,-9.148195,35.666,False
3697,38.708405,-9.149361,27.798,False
3698,38.706854,-9.150528,20.632,False
3699,38.706252,-9.149422,13.286,False
3700,38.706848,-9.1473,13.753,False
3701,38.7076,-9.145206,21.042,False
3702,38.708352,-9.143112,20.01,False
3703,38.709104,-9.141018,17.683,False
3704,38.709856,-9.138924,17.282,False
3705,38.710608,-9.13683,16.201,False
3706,38.71136,-9.134736,21.252,False
3707,38.712111,-9.132642,14.869,False
3708,38.712863,-9.130548,17.193,False
3709,38.713615,-9.128454,16.799,False
3710,38.714367,-9.12636,16.293,False
3711,38.715119,-9.124266,16.797,False
3712,38.715871,-9.122172,16.693,False
3713,38.716622,-9.120078,16.116,False
3714,38.717338,-9.119273,16.57,False
3715,38.71902,-9.118455,22.002,False
3716,38.720701,-9.117638,19.691,False
3717,38.722383,-9.11682,17.289,False
3718,38.724065,-9.116003,14.606,False
3719,38.725747,-9.115185,12.929,False
3720,38.727428,-9.114367,10.777,False
3721,38.72911,-9.11355,11.377,False
3722,38.730792,-9.112732,11.845,False
3723,38.732474,-9.111914,10.881,False
3724,38.734155,-9.111097,5.478,False
3725,38.735837,-9.110279,0.445,True
3726,38.737519,-9.109461,0.0,True
3727,38.739201,-9.108644,-0.002,True
3728,38.740883,-9.107826,2.061,True
3729,38.742564,-9.107008,1.766,True
3730,38.744246,-9.106191,-0.103,True
3731,38.745928,-9.105373,0.899,True
3732,38.74761,-9.104556,1.833,True
3733,38.749291,-9.103738,-0.506,True
3734,38.750973,-9.10292,-1.673,True
3735,38.752655,-9.102103,-2.247,True
3736,38.754337,-9.101285,1.885,True
3737,38.756018,-9.100467,0.711,True
3738,38.7578,-9.100261,0.266,True
3739,38.757467,-9.10033,0.095,True
3740,38.759263,-9.100208,0.067,True
3741,38.761057,-9.100049,3.774,True
3742,38.762751,-9.099935,3.312,True
3743,38.761303,-9.101303,3.646,True
3744,38.759856,-9.102671,4.778,True
3745,38.758408,-9.104039,5.076,False
3746,38.75696,-9.105407,8.155,False
3747,38.755512,-9.106775,5.854,False
3748,38.754064,-9.108143,9.563,False
3749,38.752616,-9.109511,10.599,False
3750,38.751168,-9.110879,11.0,False
3751,38.74972,-9.112247,9.723,False
