idx,lat,lon,elev_m,below_threshold,flood_zone,note
0,38.644686,-8.995774,8.816,False,Rail south approach (Fertagus) (tidal/SLR exposure),
1,38.644815,-8.996326,8.294,False,Rail south approach (Fertagus) (tidal/SLR exposure),
2,38.644944,-8.996878,7.482,False,Rail south approach (Fertagus) (tidal/SLR exposure),
3,38.645073,-8.997429,6.849,False,Rail south approach (Fertagus) (tidal/SLR exposure),
4,38.645202,-8.997981,7.02,False,Rail south approach (Fertagus) (tidal/SLR exposure),
5,38.645329,-8.998533,7.803,False,Rail south approach (Fertagus) (tidal/SLR exposure),
6,38.645455,-8.999086,8.23,False,Rail south approach (Fertagus) (tidal/SLR exposure),
7,38.645583,-8.999638,7.291,False,Rail south approach (Fertagus) (tidal/SLR exposure),
8,38.645719,-9.000186,7.119,False,Rail south approach (Fertagus) (tidal/SLR exposure),
9,38.645849,-9.000737,7.809,False,Rail south approach (Fertagus) (tidal/SLR exposure),
10,38.64598,-9.001288,8.356,False,Rail south approach (Fertagus) (tidal/SLR exposure),
11,38.646111,-9.001839,8.03,False,Rail south approach (Fertagus) (tidal/SLR exposure),
12,38.646241,-9.00239,7.883,False,Rail south approach (Fertagus) (tidal/SLR exposure),
13,38.646371,-9.002942,9.346,False,Rail south approach (Fertagus) (tidal/SLR exposure),
14,38.646499,-9.003493,10.256,False,Rail south approach (Fertagus) (tidal/SLR exposure),
15,38.646627,-9.004045,10.317,False,Rail south approach (Fertagus) (tidal/SLR exposure),
16,38.646755,-9.004597,10.272,False,Rail south approach (Fertagus) (tidal/SLR exposure),
17,38.646883,-9.005149,10.385,False,Rail south approach (Fertagus) (tidal/SLR exposure),
18,38.647011,-9.005701,10.785,False,Rail south approach (Fertagus) (tidal/SLR exposure),
19,38.64714,-9.006253,10.854,False,Rail south approach (Fertagus) (tidal/SLR exposure),
20,38.647268,-9.006804,10.81,False,Rail south approach (Fertagus) (tidal/SLR exposure),
21,38.647396,-9.007356,11.309,False,Rail south approach (Fertagus) (tidal/SLR exposure),
22,38.647525,-9.007908,12.17,False,Rail south approach (Fertagus) (tidal/SLR exposure),
23,38.647653,-9.00846,12.909,False,Rail south approach (Fertagus) (tidal/SLR exposure),
24,38.647782,-9.009011,13.305,False,Rail south approach (Fertagus) (tidal/SLR exposure),
25,38.64791,-9.009563,13.776,False,Rail south approach (Fertagus) (tidal/SLR exposure),
26,38.648039,-9.010115,13.584,False,Rail south approach (Fertagus) (tidal/SLR exposure),
27,38.648167,-9.010667,12.711,False,Rail south approach (Fertagus) (tidal/SLR exposure),
28,38.648296,-9.011218,12.045,False,Rail south approach (Fertagus) (tidal/SLR exposure),
29,38.648426,-9.01177,12.164,False,Rail south approach (Fertagus) (tidal/SLR exposure),
30,38.648556,-9.012321,12.668,False,Rail south approach (Fertagus) (tidal/SLR exposure),
31,38.648686,-9.012872,12.298,False,Rail south approach (Fertagus) (tidal/SLR exposure),
32,38.648817,-9.013422,11.886,False,Rail south approach (Fertagus) (tidal/SLR exposure),
33,38.648948,-9.013973,12.024,False,Rail south approach (Fertagus) (tidal/SLR exposure),
34,38.649079,-9.014524,12.031,False,Rail south approach (Fertagus) (tidal/SLR exposure),
35,38.649208,-9.015076,11.271,False,Rail south approach (Fertagus) (tidal/SLR exposure),
36,38.649336,-9.015628,9.762,False,Rail south approach (Fertagus) (tidal/SLR exposure),
37,38.649464,-9.01618,8.897,False,Rail south approach (Fertagus) (tidal/SLR exposure),
38,38.64959,-9.016732,9.435,False,Rail south approach (Fertagus) (tidal/SLR exposure),
39,38.649714,-9.017286,11.036,False,Rail south approach (Fertagus) (tidal/SLR exposure),
40,38.649839,-9.017839,11.632,False,Rail south approach (Fertagus) (tidal/SLR exposure),
41,38.649963,-9.018392,12.104,False,Rail south approach (Fertagus) (tidal/SLR exposure),
42,38.650087,-9.018946,12.45,False,Bridge south approach viaduct (structural SLR exposure),
43,38.650212,-9.019499,11.093,False,Bridge south approach viaduct (structural SLR exposure),
44,38.650336,-9.020052,9.877,False,Bridge south approach viaduct (structural SLR exposure),
45,38.65046,-9.020606,9.831,False,Bridge south approach viaduct (structural SLR exposure),
46,38.650582,-9.02116,9.666,False,Bridge south approach viaduct (structural SLR exposure),
47,38.650704,-9.021714,9.416,False,Bridge south approach viaduct (structural SLR exposure),
48,38.650826,-9.022268,9.423,False,Bridge south approach viaduct (structural SLR exposure),
49,38.65095,-9.022822,10.354,False,Bridge south approach viaduct (structural SLR exposure),
50,38.651076,-9.023374,11.08,False,Bridge south approach viaduct (structural SLR exposure),
51,38.651201,-9.023927,10.504,False,Bridge south approach viaduct (structural SLR exposure),
52,38.651326,-9.02448,8.681,False,Bridge south approach viaduct (structural SLR exposure),
53,38.65145,-9.025034,6.785,False,Bridge south approach viaduct (structural SLR exposure),
54,38.651573,-9.025588,6.657,False,Bridge south approach viaduct (structural SLR exposure),
55,38.651696,-9.026141,6.924,False,Bridge south approach viaduct (structural SLR exposure),
56,38.651756,-9.026393,7.117,False,Bridge south approach viaduct (structural SLR exposure),
57,38.651643,-9.025836,6.728,False,Bridge south approach viaduct (structural SLR exposure),
58,38.65153,-9.025279,6.642,False,Bridge south approach viaduct (structural SLR exposure),
59,38.651417,-9.024722,7.548,False,Bridge south approach viaduct (structural SLR exposure),
60,38.651304,-9.024164,9.773,False,Bridge south approach viaduct (structural SLR exposure),
61,38.651191,-9.023607,10.877,False,Bridge south approach viaduct (structural SLR exposure),
62,38.651078,-9.02305,10.778,False,Bridge south approach viaduct (structural SLR exposure),
63,38.650965,-9.022492,9.674,False,Bridge south approach viaduct (structural SLR exposure),
64,38.650852,-9.021935,9.427,False,Bridge south approach viaduct (structural SLR exposure),
65,38.650739,-9.021378,9.661,False,Bridge south approach viaduct (structural SLR exposure),
66,38.650626,-9.020821,9.931,False,Bridge south approach viaduct (structural SLR exposure),
67,38.650514,-9.020263,9.627,False,Bridge south approach viaduct (structural SLR exposure),
68,38.650401,-9.019706,10.002,False,Bridge south approach viaduct (structural SLR exposure),
69,38.650288,-9.019149,11.692,False,Bridge south approach viaduct (structural SLR exposure),
70,38.650175,-9.018592,12.438,False,Bridge south approach viaduct (structural SLR exposure),
71,38.650062,-9.018034,12.067,False,Bridge south approach viaduct (structural SLR exposure),
72,38.649949,-9.017477,11.622,False,Rail south approach (Fertagus) (tidal/SLR exposure),
73,38.649836,-9.01692,10.186,False,Rail south approach (Fertagus) (tidal/SLR exposure),
74,38.649723,-9.016363,8.64,False,Rail south approach (Fertagus) (tidal/SLR exposure),
75,38.64961,-9.015805,8.958,False,Rail south approach (Fertagus) (tidal/SLR exposure),
76,38.649497,-9.015248,10.315,False,Rail south approach (Fertagus) (tidal/SLR exposure),
77,38.649384,-9.014691,11.648,False,Rail south approach (Fertagus) (tidal/SLR exposure),
78,38.649272,-9.014134,11.63,False,Rail south approach (Fertagus) (tidal/SLR exposure),
79,38.649159,-9.013576,11.365,False,Rail south approach (Fertagus) (tidal/SLR exposure),
80,38.649046,-9.013019,11.521,False,Rail south approach (Fertagus) (tidal/SLR exposure),
81,38.648933,-9.012462,12.22,False,Rail south approach (Fertagus) (tidal/SLR exposure),
82,38.64882,-9.011905,12.615,False,Rail south approach (Fertagus) (tidal/SLR exposure),
83,38.648707,-9.011347,12.731,False,Rail south approach (Fertagus) (tidal/SLR exposure),
84,38.648594,-9.01079,13.03,False,Rail south approach (Fertagus) (tidal/SLR exposure),
85,38.648481,-9.010233,13.45,False,Rail south approach (Fertagus) (tidal/SLR exposure),
86,38.648368,-9.009676,13.887,False,Rail south approach (Fertagus) (tidal/SLR exposure),
87,38.648255,-9.009118,13.862,False,Rail south approach (Fertagus) (tidal/SLR exposure),
88,38.648143,-9.008561,13.822,False,Rail south approach (Fertagus) (tidal/SLR exposure),
89,38.64803,-9.008004,13.027,False,Rail south approach (Fertagus) (tidal/SLR exposure),
90,38.647917,-9.007447,11.508,False,Rail south approach (Fertagus) (tidal/SLR exposure),
91,38.647804,-9.006889,10.35,False,Rail south approach (Fertagus) (tidal/SLR exposure),
92,38.647691,-9.006332,10.14,False,Rail south approach (Fertagus) (tidal/SLR exposure),
93,38.647578,-9.005775,10.692,False,Rail south approach (Fertagus) (tidal/SLR exposure),
94,38.647465,-9.005218,10.373,False,Rail south approach (Fertagus) (tidal/SLR exposure),
95,38.647352,-9.00466,10.006,False,Rail south approach (Fertagus) (tidal/SLR exposure),
96,38.647239,-9.004103,9.991,False,Rail south approach (Fertagus) (tidal/SLR exposure),
97,38.647126,-9.003546,9.689,False,Rail south approach (Fertagus) (tidal/SLR exposure),
98,38.647013,-9.002989,8.677,False,Rail south approach (Fertagus) (tidal/SLR exposure),
99,38.646901,-9.002431,6.462,False,Rail south approach (Fertagus) (tidal/SLR exposure),
100,38.646788,-9.001874,6.45,False,Rail south approach (Fertagus) (tidal/SLR exposure),
101,38.646675,-9.001317,7.448,False,Rail south approach (Fertagus) (tidal/SLR exposure),
102,38.646562,-9.00076,8.408,False,Rail south approach (Fertagus) (tidal/SLR exposure),
103,38.646449,-9.000202,8.233,False,Rail south approach (Fertagus) (tidal/SLR exposure),
104,38.646336,-8.999645,7.447,False,Rail south approach (Fertagus) (tidal/SLR exposure),
105,38.646223,-8.999088,7.042,False,Rail south approach (Fertagus) (tidal/SLR exposure),
106,38.64611,-8.998531,7.22,False,Rail south approach (Fertagus) (tidal/SLR exposure),
107,38.645997,-8.997973,6.762,False,Rail south approach (Fertagus) (tidal/SLR exposure),
108,38.645884,-8.997416,5.832,False,Rail south approach (Fertagus) (tidal/SLR exposure),
109,38.645771,-8.996859,6.378,False,Rail south approach (Fertagus) (tidal/SLR exposure),
110,38.645659,-8.996302,7.343,False,Rail south approach (Fertagus) (tidal/SLR exposure),
111,38.645546,-8.995744,8.275,False,Rail south approach (Fertagus) (tidal/SLR exposure),
112,38.645433,-8.995187,9.072,False,Rail south approach (Fertagus) (tidal/SLR exposure),
113,38.64532,-8.99463,8.666,False,Rail south approach (Fertagus) (tidal/SLR exposure),
114,38.645207,-8.994073,6.75,False,Rail south approach (Fertagus) (tidal/SLR exposure),
115,38.645094,-8.993515,4.831,False,Rail south approach (Fertagus) (tidal/SLR exposure),
116,38.644981,-8.992958,3.686,False,Rail south approach (Fertagus) (tidal/SLR exposure),
117,38.644868,-8.992401,3.313,False,Rail south approach (Fertagus) (tidal/SLR exposure),
118,38.644755,-8.991844,3.456,False,Rail south approach (Fertagus) (tidal/SLR exposure),
119,38.644642,-8.991286,4.578,False,Rail south approach (Fertagus) (tidal/SLR exposure),
120,38.64453,-8.990729,6.143,False,Rail south approach (Fertagus) (tidal/SLR exposure),
121,38.644417,-8.990172,7.897,False,Rail south approach (Fertagus) (tidal/SLR exposure),
122,38.644304,-8.989615,9.487,False,Rail south approach (Fertagus) (tidal/SLR exposure),
123,38.644191,-8.989057,10.855,False,Rail south approach (Fertagus) (tidal/SLR exposure),
124,38.644078,-8.9885,10.706,False,Rail south approach (Fertagus) (tidal/SLR exposure),
125,38.643965,-8.987943,10.771,False,Rail south approach (Fertagus) (tidal/SLR exposure),
126,38.643852,-8.987386,11.498,False,Rail south approach (Fertagus) (tidal/SLR exposure),
127,38.643739,-8.986828,11.326,False,Rail south approach (Fertagus) (tidal/SLR exposure),
128,38.643626,-8.986271,11.365,False,Rail south approach (Fertagus) (tidal/SLR exposure),
129,38.643513,-8.985714,12.145,False,Rail south approach (Fertagus) (tidal/SLR exposure),
130,38.6434,-8.985157,14.095,False,Rail south approach (Fertagus) (tidal/SLR exposure),
131,38.643288,-8.984599,15.556,False,Rail south approach (Fertagus) (tidal/SLR exposure),
132,38.643175,-8.984042,16.591,False,Rail south approach (Fertagus) (tidal/SLR exposure),
133,38.643062,-8.983485,18.084,False,Rail south approach (Fertagus) (tidal/SLR exposure),
134,38.642949,-8.982928,19.032,False,Rail south approach (Fertagus) (tidal/SLR exposure),
135,38.642836,-8.98237,20.762,False,Rail south approach (Fertagus) (tidal/SLR exposure),
136,38.642723,-8.981813,21.903,False,Rail south approach (Fertagus) (tidal/SLR exposure),
137,38.64261,-8.981256,22.832,False,Rail south approach (Fertagus) (tidal/SLR exposure),
138,38.642497,-8.980699,26.074,False,Rail south approach (Fertagus) (tidal/SLR exposure),
139,38.642384,-8.980141,27.924,False,Rail south approach (Fertagus) (tidal/SLR exposure),
140,38.642271,-8.979584,26.018,False,Rail south approach (Fertagus) (tidal/SLR exposure),
141,38.642158,-8.979027,24.277,False,Rail south approach (Fertagus) (tidal/SLR exposure),
142,38.642046,-8.97847,23.584,False,Rail south approach (Fertagus) (tidal/SLR exposure),
143,38.641933,-8.977912,23.197,False,Rail south approach (Fertagus) (tidal/SLR exposure),
144,38.64182,-8.977355,22.958,False,Rail south approach (Fertagus) (tidal/SLR exposure),
145,38.641707,-8.976798,21.586,False,Rail south approach (Fertagus) (tidal/SLR exposure),
146,38.641594,-8.976241,20.426,False,Rail south approach (Fertagus) (tidal/SLR exposure),
147,38.641481,-8.975683,20.268,False,Rail south approach (Fertagus) (tidal/SLR exposure),
148,38.641368,-8.975126,20.107,False,Rail south approach (Fertagus) (tidal/SLR exposure),
149,38.641255,-8.974569,20.129,False,Rail south approach (Fertagus) (tidal/SLR exposure),
150,38.641142,-8.974012,20.283,False,Rail south approach (Fertagus) (tidal/SLR exposure),
151,38.641029,-8.973454,20.435,False,Rail south approach (Fertagus) (tidal/SLR exposure),
152,38.640917,-8.972897,21.038,False,Rail south approach (Fertagus) (tidal/SLR exposure),
153,38.640804,-8.97234,21.85,False,Rail south approach (Fertagus) (tidal/SLR exposure),
154,38.640691,-8.971783,22.912,False,Rail south approach (Fertagus) (tidal/SLR exposure),
155,38.640578,-8.971225,24.065,False,Rail south approach (Fertagus) (tidal/SLR exposure),
156,38.640465,-8.970668,25.03,False,Rail south approach (Fertagus) (tidal/SLR exposure),
157,38.640352,-8.970111,25.915,False,Rail south approach (Fertagus) (tidal/SLR exposure),
158,38.640239,-8.969554,26.871,False,Rail south approach (Fertagus) (tidal/SLR exposure),
159,38.640126,-8.968996,27.975,False,Rail south approach (Fertagus) (tidal/SLR exposure),
160,38.640013,-8.968439,29.241,False,Rail south approach (Fertagus) (tidal/SLR exposure),
161,38.6399,-8.967882,30.53,False,Rail south approach (Fertagus) (tidal/SLR exposure),
162,38.639787,-8.967325,31.785,False,Rail south approach (Fertagus) (tidal/SLR exposure),
163,38.639675,-8.966767,32.501,False,Rail south approach (Fertagus) (tidal/SLR exposure),
164,38.639562,-8.96621,32.6,False,Rail south approach (Fertagus) (tidal/SLR exposure),
165,38.639449,-8.965653,31.841,False,Rail south approach (Fertagus) (tidal/SLR exposure),
166,38.639336,-8.965096,32.072,False,Rail south approach (Fertagus) (tidal/SLR exposure),
167,38.639223,-8.964538,32.624,False,Rail south approach (Fertagus) (tidal/SLR exposure),
168,38.63911,-8.963981,34.253,False,Rail south approach (Fertagus) (tidal/SLR exposure),
169,38.638997,-8.963424,36.002,False,Rail south approach (Fertagus) (tidal/SLR exposure),
170,38.638884,-8.962867,35.965,False,Rail south approach (Fertagus) (tidal/SLR exposure),
171,38.638771,-8.962309,33.582,False,Rail south approach (Fertagus) (tidal/SLR exposure),
172,38.638658,-8.961752,31.421,False,Rail south approach (Fertagus) (tidal/SLR exposure),
173,38.638545,-8.961195,30.33,False,Rail south approach (Fertagus) (tidal/SLR exposure),
174,38.638433,-8.960638,29.298,False,Rail south approach (Fertagus) (tidal/SLR exposure),
175,38.63832,-8.96008,27.935,False,Rail south approach (Fertagus) (tidal/SLR exposure),
176,38.638207,-8.959523,27.475,False,Rail south approach (Fertagus) (tidal/SLR exposure),
177,38.638094,-8.958966,27.793,False,Rail south approach (Fertagus) (tidal/SLR exposure),
178,38.637981,-8.958409,27.844,False,Rail south approach (Fertagus) (tidal/SLR exposure),
179,38.637868,-8.957851,27.812,False,Rail south approach (Fertagus) (tidal/SLR exposure),
180,38.637755,-8.957294,28.303,False,Rail south approach (Fertagus) (tidal/SLR exposure),
181,38.637642,-8.956737,28.26,False,Rail south approach (Fertagus) (tidal/SLR exposure),
182,38.637529,-8.95618,27.905,False,Rail south approach (Fertagus) (tidal/SLR exposure),
183,38.637416,-8.955622,27.421,False,Rail south approach (Fertagus) (tidal/SLR exposure),
184,38.637304,-8.955065,25.594,False,Rail south approach (Fertagus) (tidal/SLR exposure),
185,38.637191,-8.954508,23.951,False,Rail south approach (Fertagus) (tidal/SLR exposure),
186,38.637078,-8.953951,23.317,False,Rail south approach (Fertagus) (tidal/SLR exposure),
187,38.636965,-8.953393,24.255,False,Rail south approach (Fertagus) (tidal/SLR exposure),
188,38.636852,-8.952836,24.119,False,Rail south approach (Fertagus) (tidal/SLR exposure),
189,38.636739,-8.952279,23.548,False,Rail south approach (Fertagus) (tidal/SLR exposure),
190,38.636626,-8.951722,24.356,False,Rail south approach (Fertagus) (tidal/SLR exposure),
191,38.636513,-8.951164,25.23,False,Rail south approach (Fertagus) (tidal/SLR exposure),
192,38.6364,-8.950607,24.819,False,Rail south approach (Fertagus) (tidal/SLR exposure),
193,38.636287,-8.95005,22.657,False,Rail south approach (Fertagus) (tidal/SLR exposure),
194,38.636174,-8.949493,21.743,False,Rail south approach (Fertagus) (tidal/SLR exposure),
195,38.636062,-8.948935,21.263,False,Rail south approach (Fertagus) (tidal/SLR exposure),
196,38.635949,-8.948378,21.22,False,Rail south approach (Fertagus) (tidal/SLR exposure),
197,38.635836,-8.947821,21.572,False,Rail south approach (Fertagus) (tidal/SLR exposure),
198,38.635723,-8.947264,22.142,False,Rail south approach (Fertagus) (tidal/SLR exposure),
199,38.63561,-8.946706,22.36,False,Rail south approach (Fertagus) (tidal/SLR exposure),
200,38.635497,-8.946149,22.154,False,Rail south approach (Fertagus) (tidal/SLR exposure),
201,38.635384,-8.945592,21.841,False,Rail south approach (Fertagus) (tidal/SLR exposure),
202,38.635271,-8.945035,20.259,False,Rail south approach (Fertagus) (tidal/SLR exposure),
203,38.635158,-8.944477,17.804,False,Rail south approach (Fertagus) (tidal/SLR exposure),
204,38.635045,-8.94392,19.712,False,Rail south approach (Fertagus) (tidal/SLR exposure),
205,38.634932,-8.943363,21.076,False,Rail south approach (Fertagus) (tidal/SLR exposure),
206,38.63482,-8.942806,22.497,False,Rail south approach (Fertagus) (tidal/SLR exposure),
207,38.634707,-8.942248,22.778,False,Rail south approach (Fertagus) (tidal/SLR exposure),
208,38.634594,-8.941691,22.025,False,Rail south approach (Fertagus) (tidal/SLR exposure),
209,38.634481,-8.941134,22.878,False,Rail south approach (Fertagus) (tidal/SLR exposure),
210,38.634368,-8.940577,24.835,False,Rail south approach (Fertagus) (tidal/SLR exposure),
211,38.634255,-8.940019,26.786,False,Rail south approach (Fertagus) (tidal/SLR exposure),
212,38.634142,-8.939462,27.608,False,Rail south approach (Fertagus) (tidal/SLR exposure),
213,38.634029,-8.938905,27.368,False,Rail south approach (Fertagus) (tidal/SLR exposure),
214,38.633916,-8.938348,26.257,False,Rail south approach (Fertagus) (tidal/SLR exposure),
215,38.633803,-8.93779,25.247,False,Rail south approach (Fertagus) (tidal/SLR exposure),
216,38.633691,-8.937233,24.634,False,Rail south approach (Fertagus) (tidal/SLR exposure),
217,38.633578,-8.936676,24.696,False,Rail south approach (Fertagus) (tidal/SLR exposure),
218,38.633465,-8.936119,25.31,False,Rail south approach (Fertagus) (tidal/SLR exposure),
219,38.633352,-8.935561,25.82,False,Rail south approach (Fertagus) (tidal/SLR exposure),
220,38.633239,-8.935004,26.25,False,Rail south approach (Fertagus) (tidal/SLR exposure),
221,38.633126,-8.934447,27.325,False,Rail south approach (Fertagus) (tidal/SLR exposure),
222,38.633013,-8.93389,28.79,False,Rail south approach (Fertagus) (tidal/SLR exposure),
223,38.6329,-8.933332,30.792,False,Rail south approach (Fertagus) (tidal/SLR exposure),
224,38.632787,-8.932775,30.946,False,Rail south approach (Fertagus) (tidal/SLR exposure),
225,38.632674,-8.932218,29.926,False,Rail south approach (Fertagus) (tidal/SLR exposure),
226,38.632561,-8.931661,28.981,False,Rail south approach (Fertagus) (tidal/SLR exposure),
227,38.632449,-8.931103,29.333,False,Rail south approach (Fertagus) (tidal/SLR exposure),
228,38.632336,-8.930546,29.936,False,Rail south approach (Fertagus) (tidal/SLR exposure),
229,38.632223,-8.929989,29.747,False,Rail south approach (Fertagus) (tidal/SLR exposure),
230,38.63211,-8.929432,30.025,False,Rail south approach (Fertagus) (tidal/SLR exposure),
231,38.631997,-8.928874,30.856,False,Rail south approach (Fertagus) (tidal/SLR exposure),
232,38.631884,-8.928317,31.717,False,Rail south approach (Fertagus) (tidal/SLR exposure),
233,38.631771,-8.92776,32.6,False,Rail south approach (Fertagus) (tidal/SLR exposure),
234,38.631658,-8.927202,33.558,False,Rail south approach (Fertagus) (tidal/SLR exposure),
235,38.631545,-8.926645,34.569,False,Rail south approach (Fertagus) (tidal/SLR exposure),
236,38.631432,-8.926088,34.812,False,Rail south approach (Fertagus) (tidal/SLR exposure),
237,38.631319,-8.925531,34.552,False,Rail south approach (Fertagus) (tidal/SLR exposure),
238,38.631207,-8.924973,34.697,False,Rail south approach (Fertagus) (tidal/SLR exposure),
239,38.631094,-8.924416,35.306,False,Rail south approach (Fertagus) (tidal/SLR exposure),
240,38.630981,-8.923859,36.154,False,Rail south approach (Fertagus) (tidal/SLR exposure),
241,38.630868,-8.923302,37.31,False,Rail south approach (Fertagus) (tidal/SLR exposure),
242,38.630755,-8.922744,37.806,False,Rail south approach (Fertagus) (tidal/SLR exposure),
243,38.630642,-8.922187,37.564,False,Rail south approach (Fertagus) (tidal/SLR exposure),
244,38.630529,-8.92163,37.203,False,Rail south approach (Fertagus) (tidal/SLR exposure),
245,38.630416,-8.921073,37.361,False,Rail south approach (Fertagus) (tidal/SLR exposure),
246,38.630303,-8.920515,37.873,False,Rail south approach (Fertagus) (tidal/SLR exposure),
247,38.63019,-8.919958,38.477,False,Rail south approach (Fertagus) (tidal/SLR exposure),
248,38.630078,-8.919401,39.076,False,Rail south approach (Fertagus) (tidal/SLR exposure),
249,38.629999,-8.919246,39.372,False,Rail south approach (Fertagus) (tidal/SLR exposure),
250,38.629983,-8.919821,38.503,False,Rail south approach (Fertagus) (tidal/SLR exposure),
251,38.629967,-8.920396,38.082,False,Rail south approach (Fertagus) (tidal/SLR exposure),
252,38.629953,-8.920972,37.679,False,Rail south approach (Fertagus) (tidal/SLR exposure),
253,38.62994,-8.921547,37.039,False,Rail south approach (Fertagus) (tidal/SLR exposure),
254,38.629926,-8.922122,36.112,False,Rail south approach (Fertagus) (tidal/SLR exposure),
255,38.629914,-8.922698,36.046,False,Rail south approach (Fertagus) (tidal/SLR exposure),
256,38.629901,-8.923273,36.271,False,Rail south approach (Fertagus) (tidal/SLR exposure),
257,38.629862,-8.923846,35.044,False,Rail south approach (Fertagus) (tidal/SLR exposure),
258,38.629821,-8.92442,34.439,False,Rail south approach (Fertagus) (tidal/SLR exposure),
259,38.629777,-8.924992,34.448,False,Rail south approach (Fertagus) (tidal/SLR exposure),
260,38.629706,-8.925561,34.559,False,Rail south approach (Fertagus) (tidal/SLR exposure),
261,38.629626,-8.926127,34.261,False,Rail south approach (Fertagus) (tidal/SLR exposure),
262,38.629534,-8.92669,34.247,False,Rail south approach (Fertagus) (tidal/SLR exposure),
263,38.629419,-8.927247,35.243,False,Rail south approach (Fertagus) (tidal/SLR exposure),
264,38.629293,-8.927799,36.266,False,Rail south approach (Fertagus) (tidal/SLR exposure),
265,38.62915,-8.928345,36.483,False,Rail south approach (Fertagus) (tidal/SLR exposure),
266,38.629008,-8.928891,35.458,False,Rail south approach (Fertagus) (tidal/SLR exposure),
267,38.62884,-8.929425,34.695,False,Rail south approach (Fertagus) (tidal/SLR exposure),
268,38.628669,-8.929957,34.714,False,Rail south approach (Fertagus) (tidal/SLR exposure),
269,38.628479,-8.930479,34.434,False,Rail south approach (Fertagus) (tidal/SLR exposure),
270,38.628282,-8.930996,33.56,False,Rail south approach (Fertagus) (tidal/SLR exposure),
271,38.628062,-8.931498,32.984,False,Rail south approach (Fertagus) (tidal/SLR exposure),
272,38.627841,-8.931999,33.027,False,Rail south approach (Fertagus) (tidal/SLR exposure),
273,38.627604,-8.932489,33.268,False,Rail south approach (Fertagus) (tidal/SLR exposure),
274,38.627351,-8.932964,33.511,False,Rail south approach (Fertagus) (tidal/SLR exposure),
275,38.627091,-8.933434,34.851,False,Rail south approach (Fertagus) (tidal/SLR exposure),
276,38.626823,-8.933896,36.246,False,Rail south approach (Fertagus) (tidal/SLR exposure),
277,38.626551,-8.934355,37.303,False,Rail south approach (Fertagus) (tidal/SLR exposure),
278,38.62628,-8.934813,38.653,False,Rail south approach (Fertagus) (tidal/SLR exposure),
279,38.626008,-8.935272,39.305,False,Rail south approach (Fertagus) (tidal/SLR exposure),
280,38.625737,-8.935731,39.404,False,Rail south approach (Fertagus) (tidal/SLR exposure),
281,38.625465,-8.93619,39.42,False,Rail south approach (Fertagus) (tidal/SLR exposure),
282,38.625193,-8.936648,38.074,False,Rail south approach (Fertagus) (tidal/SLR exposure),
283,38.624922,-8.937107,35.682,False,Rail south approach (Fertagus) (tidal/SLR exposure),
284,38.62465,-8.937566,33.309,False,Rail south approach (Fertagus) (tidal/SLR exposure),
285,38.624379,-8.938025,31.398,False,Rail south approach (Fertagus) (tidal/SLR exposure),
286,38.624107,-8.938483,31.021,False,Rail south approach (Fertagus) (tidal/SLR exposure),
287,38.623836,-8.938942,31.695,False,Rail south approach (Fertagus) (tidal/SLR exposure),
288,38.623564,-8.939401,31.673,False,Rail south approach (Fertagus) (tidal/SLR exposure),
289,38.623293,-8.93986,32.203,False,Rail south approach (Fertagus) (tidal/SLR exposure),
290,38.623021,-8.940318,33.111,False,Rail south approach (Fertagus) (tidal/SLR exposure),
291,38.622749,-8.940777,33.351,False,Rail south approach (Fertagus) (tidal/SLR exposure),
292,38.622478,-8.941236,33.006,False,Rail south approach (Fertagus) (tidal/SLR exposure),
293,38.622206,-8.941695,33.584,False,Rail south approach (Fertagus) (tidal/SLR exposure),
294,38.621935,-8.942153,35.047,False,Rail south approach (Fertagus) (tidal/SLR exposure),
295,38.621663,-8.942612,36.455,False,Rail south approach (Fertagus) (tidal/SLR exposure),
296,38.621392,-8.943071,37.398,False,Rail south approach (Fertagus) (tidal/SLR exposure),
297,38.621126,-8.943535,37.385,False,Rail south approach (Fertagus) (tidal/SLR exposure),
298,38.62086,-8.943999,35.651,False,Rail south approach (Fertagus) (tidal/SLR exposure),
299,38.620594,-8.944464,32.346,False,Rail south approach (Fertagus) (tidal/SLR exposure),
300,38.620328,-8.944928,29.683,False,Rail south approach (Fertagus) (tidal/SLR exposure),
301,38.620062,-8.945392,28.665,False,Rail south approach (Fertagus) (tidal/SLR exposure),
302,38.619797,-8.945856,27.807,False,Rail south approach (Fertagus) (tidal/SLR exposure),
303,38.619531,-8.94632,27.026,False,Rail south approach (Fertagus) (tidal/SLR exposure),
304,38.619283,-8.946799,27.201,False,Rail south approach (Fertagus) (tidal/SLR exposure),
305,38.61906,-8.947299,27.126,False,Rail south approach (Fertagus) (tidal/SLR exposure),
306,38.618837,-8.947799,27.279,False,Rail south approach (Fertagus) (tidal/SLR exposure),
307,38.618615,-8.948299,28.492,False,Rail south approach (Fertagus) (tidal/SLR exposure),
308,38.618402,-8.948806,30.351,False,Rail south approach (Fertagus) (tidal/SLR exposure),
309,38.618189,-8.949313,31.997,False,Rail south approach (Fertagus) (tidal/SLR exposure),
310,38.617977,-8.94982,33.069,False,Rail south approach (Fertagus) (tidal/SLR exposure),
311,38.617765,-8.950328,33.791,False,Rail south approach (Fertagus) (tidal/SLR exposure),
312,38.617552,-8.950835,33.904,False,Rail south approach (Fertagus) (tidal/SLR exposure),
313,38.61734,-8.951342,34.144,False,Rail south approach (Fertagus) (tidal/SLR exposure),
314,38.617127,-8.951849,34.77,False,Rail south approach (Fertagus) (tidal/SLR exposure),
315,38.616915,-8.952357,35.113,False,Rail south approach (Fertagus) (tidal/SLR exposure),
316,38.616703,-8.952864,35.424,False,Rail south approach (Fertagus) (tidal/SLR exposure),
317,38.616492,-8.953372,35.999,False,Rail south approach (Fertagus) (tidal/SLR exposure),
318,38.61628,-8.95388,37.322,False,Rail south approach (Fertagus) (tidal/SLR exposure),
319,38.616069,-8.954388,38.041,False,Rail south approach (Fertagus) (tidal/SLR exposure),
320,38.615859,-8.954897,38.546,False,Rail south approach (Fertagus) (tidal/SLR exposure),
321,38.615648,-8.955405,40.28,False,Rail south approach (Fertagus) (tidal/SLR exposure),
322,38.615438,-8.955914,43.404,False,Rail south approach (Fertagus) (tidal/SLR exposure),
323,38.615227,-8.956422,45.819,False,Rail south approach (Fertagus) (tidal/SLR exposure),
324,38.615017,-8.956931,47.24,False,Rail south approach (Fertagus) (tidal/SLR exposure),
325,38.614806,-8.957439,48.528,False,Rail south approach (Fertagus) (tidal/SLR exposure),
326,38.614596,-8.957948,48.785,False,Rail south approach (Fertagus) (tidal/SLR exposure),
327,38.614386,-8.958457,47.404,False,Rail south approach (Fertagus) (tidal/SLR exposure),
328,38.614175,-8.958965,46.121,False,Rail south approach (Fertagus) (tidal/SLR exposure),
329,38.613965,-8.959474,46.351,False,Rail south approach (Fertagus) (tidal/SLR exposure),
330,38.613754,-8.959982,47.178,False,Rail south approach (Fertagus) (tidal/SLR exposure),
331,38.613544,-8.960491,47.792,False,Rail south approach (Fertagus) (tidal/SLR exposure),
332,38.613333,-8.960999,46.921,False,Rail south approach (Fertagus) (tidal/SLR exposure),
333,38.613123,-8.961508,44.706,False,Rail south approach (Fertagus) (tidal/SLR exposure),
334,38.612913,-8.962016,40.72,False,Rail south approach (Fertagus) (tidal/SLR exposure),
335,38.612702,-8.962525,37.928,False,Rail south approach (Fertagus) (tidal/SLR exposure),
336,38.612492,-8.963033,37.208,False,Rail south approach (Fertagus) (tidal/SLR exposure),
337,38.612281,-8.963542,35.458,False,Rail south approach (Fertagus) (tidal/SLR exposure),
338,38.612071,-8.964051,34.578,False,Rail south approach (Fertagus) (tidal/SLR exposure),
339,38.61186,-8.964559,37.219,False,Rail south approach (Fertagus) (tidal/SLR exposure),
340,38.61165,-8.965068,40.018,False,Rail south approach (Fertagus) (tidal/SLR exposure),
341,38.61144,-8.965576,41.884,False,Rail south approach (Fertagus) (tidal/SLR exposure),
342,38.611229,-8.966085,42.429,False,Rail south approach (Fertagus) (tidal/SLR exposure),
343,38.611019,-8.966593,42.425,False,Rail south approach (Fertagus) (tidal/SLR exposure),
344,38.610808,-8.967102,42.412,False,Rail south approach (Fertagus) (tidal/SLR exposure),
345,38.610598,-8.96761,42.88,False,Rail south approach (Fertagus) (tidal/SLR exposure),
346,38.610387,-8.968119,44.006,False,Rail south approach (Fertagus) (tidal/SLR exposure),
347,38.610177,-8.968628,44.162,False,Rail south approach (Fertagus) (tidal/SLR exposure),
348,38.609967,-8.969136,43.58,False,Rail south approach (Fertagus) (tidal/SLR exposure),
349,38.609756,-8.969645,43.1,False,Rail south approach (Fertagus) (tidal/SLR exposure),
350,38.609546,-8.970153,42.847,False,Rail south approach (Fertagus) (tidal/SLR exposure),
351,38.609335,-8.970662,43.144,False,Rail south approach (Fertagus) (tidal/SLR exposure),
352,38.609125,-8.97117,42.741,False,Rail south approach (Fertagus) (tidal/SLR exposure),
353,38.608914,-8.971679,41.505,False,Rail south approach (Fertagus) (tidal/SLR exposure),
354,38.608704,-8.972187,40.499,False,Rail south approach (Fertagus) (tidal/SLR exposure),
355,38.608494,-8.972696,40.462,False,Rail south approach (Fertagus) (tidal/SLR exposure),
356,38.608283,-8.973204,40.62,False,Rail south approach (Fertagus) (tidal/SLR exposure),
357,38.608073,-8.973713,41.369,False,Rail south approach (Fertagus) (tidal/SLR exposure),
358,38.607862,-8.974222,42.161,False,Rail south approach (Fertagus) (tidal/SLR exposure),
359,38.607652,-8.97473,42.823,False,Rail south approach (Fertagus) (tidal/SLR exposure),
360,38.607441,-8.975239,42.272,False,Rail south approach (Fertagus) (tidal/SLR exposure),
361,38.607231,-8.975747,41.662,False,Rail south approach (Fertagus) (tidal/SLR exposure),
362,38.607021,-8.976256,41.682,False,Rail south approach (Fertagus) (tidal/SLR exposure),
363,38.60681,-8.976764,41.703,False,Rail south approach (Fertagus) (tidal/SLR exposure),
364,38.6066,-8.977273,41.936,False,Rail south approach (Fertagus) (tidal/SLR exposure),
365,38.606389,-8.977781,41.8,False,Rail south approach (Fertagus) (tidal/SLR exposure),
366,38.606179,-8.97829,41.023,False,Rail south approach (Fertagus) (tidal/SLR exposure),
367,38.605968,-8.978799,40.354,False,Rail south approach (Fertagus) (tidal/SLR exposure),
368,38.605758,-8.979307,40.355,False,Rail south approach (Fertagus) (tidal/SLR exposure),
369,38.605547,-8.979816,40.374,False,Rail south approach (Fertagus) (tidal/SLR exposure),
370,38.605337,-8.980324,41.071,False,Rail south approach (Fertagus) (tidal/SLR exposure),
371,38.605127,-8.980833,41.508,False,Rail south approach (Fertagus) (tidal/SLR exposure),
372,38.604916,-8.981341,41.132,False,Rail south approach (Fertagus) (tidal/SLR exposure),
373,38.604694,-8.981841,40.415,False,Rail south approach (Fertagus) (tidal/SLR exposure),
374,38.604458,-8.982331,39.347,False,Rail south approach (Fertagus) (tidal/SLR exposure),
375,38.604221,-8.98282,39.062,False,Rail south approach (Fertagus) (tidal/SLR exposure),
376,38.603984,-8.983309,38.658,False,Rail south approach (Fertagus) (tidal/SLR exposure),
377,38.603736,-8.983788,37.831,False,Rail south approach (Fertagus) (tidal/SLR exposure),
378,38.60347,-8.984252,37.183,False,Rail south approach (Fertagus) (tidal/SLR exposure),
379,38.603202,-8.984714,36.607,False,Rail south approach (Fertagus) (tidal/SLR exposure),
380,38.602912,-8.985154,35.53,False,Rail south approach (Fertagus) (tidal/SLR exposure),
381,38.602623,-8.985595,33.872,False,Rail south approach (Fertagus) (tidal/SLR exposure),
382,38.6023,-8.985995,33.198,False,Rail south approach (Fertagus) (tidal/SLR exposure),
383,38.601977,-8.986395,34.447,False,Rail south approach (Fertagus) (tidal/SLR exposure),
384,38.601653,-8.986795,35.3,False,Rail south approach (Fertagus) (tidal/SLR exposure),
385,38.601294,-8.987141,35.515,False,Rail south approach (Fertagus) (tidal/SLR exposure),
386,38.600934,-8.987486,35.496,False,Rail south approach (Fertagus) (tidal/SLR exposure),
387,38.600561,-8.987806,35.408,False,Rail south approach (Fertagus) (tidal/SLR exposure),
388,38.60018,-8.98811,35.61,False,Rail south approach (Fertagus) (tidal/SLR exposure),
389,38.599798,-8.988415,35.963,False,,
390,38.599397,-8.988675,36.567,False,,
391,38.598994,-8.988929,37.258,False,,
392,38.59859,-8.989181,37.443,False,,
393,38.598182,-8.989425,37.272,False,,
394,38.597775,-8.989669,36.676,False,,
395,38.597368,-8.989913,36.331,False,,
396,38.596961,-8.990157,36.154,False,,
397,38.596553,-8.990401,35.924,False,,
398,38.596146,-8.990644,35.996,False,,
399,38.595739,-8.990889,36.166,False,,
400,38.595333,-8.991137,36.218,False,,
401,38.594928,-8.991386,36.065,False,,
402,38.594522,-8.991634,36.326,False,,
403,38.594117,-8.991883,36.603,False,,
404,38.593707,-8.99212,35.632,False,,
405,38.593299,-8.992362,34.547,False,,
406,38.592898,-8.992621,34.146,False,,
407,38.5925,-8.992889,33.24,False,,
408,38.592111,-8.993178,32.037,False,,
409,38.59173,-8.993483,30.971,False,,
410,38.591363,-8.993816,31.597,False,,
411,38.591001,-8.994157,33.958,False,,
412,38.590956,-8.993904,34.468,False,,
413,38.591064,-8.993346,33.707,False,,
414,38.591173,-8.992788,32.319,False,,
415,38.591282,-8.992229,32.14,False,,
416,38.591391,-8.991671,33.024,False,,
417,38.5915,-8.991112,33.485,False,,
418,38.591608,-8.990554,34.206,False,,
419,38.591717,-8.989996,35.875,False,,
420,38.591826,-8.989437,37.496,False,,
421,38.591935,-8.988879,38.947,False,,
422,38.592044,-8.988321,39.25,False,,
423,38.592152,-8.987762,40.039,False,,
424,38.592261,-8.987204,41.391,False,,
425,38.59237,-8.986646,42.553,False,,
426,38.592479,-8.986087,42.766,False,,
427,38.592588,-8.985529,42.847,False,,
428,38.592696,-8.98497,43.423,False,,
429,38.592805,-8.984412,43.348,False,,
430,38.592914,-8.983854,43.526,False,,
431,38.593023,-8.983295,44.579,False,,
432,38.593132,-8.982737,46.304,False,,
433,38.59324,-8.982179,47.889,False,,
434,38.593349,-8.98162,46.452,False,,
435,38.593458,-8.981062,47.667,False,,
436,38.593567,-8.980504,48.944,False,,
437,38.593676,-8.979945,48.598,False,,
438,38.593784,-8.979387,48.097,False,,
439,38.593893,-8.978828,48.7,False,,
440,38.594002,-8.97827,50.337,False,,
441,38.594111,-8.977712,50.705,False,,
442,38.59422,-8.977153,50.412,False,,
443,38.594328,-8.976595,49.744,False,,
444,38.594437,-8.976037,48.763,False,,
445,38.594546,-8.975478,48.232,False,,
446,38.594655,-8.97492,48.654,False,,
447,38.594764,-8.974362,49.583,False,,
448,38.594872,-8.973803,50.307,False,,
449,38.594981,-8.973245,50.741,False,,
450,38.59509,-8.972686,51.349,False,,
451,38.595199,-8.972128,52.003,False,,
452,38.595308,-8.97157,52.483,False,,
453,38.595416,-8.971011,52.871,False,,
454,38.595525,-8.970453,52.973,False,,
455,38.595634,-8.969895,52.328,False,,
456,38.595743,-8.969336,52.178,False,,
457,38.595852,-8.968778,52.976,False,,
458,38.59596,-8.96822,55.192,False,,
459,38.596069,-8.967661,56.989,False,,
460,38.596178,-8.967103,59.169,False,,
461,38.596287,-8.966544,64.473,False,,
462,38.596396,-8.965986,65.408,False,,
463,38.596504,-8.965428,63.228,False,,
464,38.596613,-8.964869,61.689,False,,
465,38.596722,-8.964311,57.664,False,,
466,38.596831,-8.963753,56.281,False,,
467,38.59694,-8.963194,56.887,False,,
468,38.597049,-8.962636,58.439,False,,
469,38.597157,-8.962077,59.739,False,,
470,38.597266,-8.961519,60.917,False,,
471,38.597375,-8.960961,61.677,False,,
472,38.597484,-8.960402,62.299,False,,
473,38.597593,-8.959844,62.695,False,,
474,38.597701,-8.959286,62.812,False,,
475,38.59781,-8.958727,63.587,False,,
476,38.597919,-8.958169,64.311,False,,
477,38.598028,-8.957611,65.08,False,,
478,38.598137,-8.957052,64.511,False,,
479,38.598245,-8.956494,63.688,False,,
480,38.598354,-8.955935,63.338,False,,
481,38.598463,-8.955377,63.329,False,,
482,38.598572,-8.954819,64.127,False,,
483,38.598681,-8.95426,65.748,False,,
484,38.598789,-8.953702,66.645,False,,
485,38.598898,-8.953144,66.741,False,,
486,38.599007,-8.952585,66.891,False,,
487,38.599116,-8.952027,65.886,False,,
488,38.599225,-8.951469,64.647,False,,
489,38.599333,-8.95091,64.234,False,,
490,38.599442,-8.950352,63.897,False,,
491,38.599551,-8.949793,62.827,False,,
492,38.59966,-8.949235,61.679,False,,
493,38.599769,-8.948677,60.865,False,,
494,38.599877,-8.948118,60.165,False,,
495,38.599986,-8.94756,59.338,False,,
496,38.600095,-8.947002,59.435,False,Rail south approach (Fertagus) (tidal/SLR exposure),
497,38.600204,-8.946443,59.967,False,Rail south approach (Fertagus) (tidal/SLR exposure),
498,38.600313,-8.945885,59.697,False,Rail south approach (Fertagus) (tidal/SLR exposure),
499,38.600421,-8.945327,59.018,False,Rail south approach (Fertagus) (tidal/SLR exposure),
500,38.60053,-8.944768,58.311,False,Rail south approach (Fertagus) (tidal/SLR exposure),
501,38.600639,-8.94421,57.721,False,Rail south approach (Fertagus) (tidal/SLR exposure),
502,38.600748,-8.943651,57.773,False,Rail south approach (Fertagus) (tidal/SLR exposure),
503,38.600857,-8.943093,58.199,False,Rail south approach (Fertagus) (tidal/SLR exposure),
504,38.600965,-8.942535,58.658,False,Rail south approach (Fertagus) (tidal/SLR exposure),
505,38.601074,-8.941976,59.07,False,Rail south approach (Fertagus) (tidal/SLR exposure),
506,38.601183,-8.941418,59.512,False,Rail south approach (Fertagus) (tidal/SLR exposure),
507,38.601292,-8.94086,60.638,False,Rail south approach (Fertagus) (tidal/SLR exposure),
508,38.601401,-8.940301,61.052,False,Rail south approach (Fertagus) (tidal/SLR exposure),
509,38.601509,-8.939743,60.631,False,Rail south approach (Fertagus) (tidal/SLR exposure),
510,38.601618,-8.939185,59.718,False,Rail south approach (Fertagus) (tidal/SLR exposure),
511,38.601727,-8.938626,59.804,False,Rail south approach (Fertagus) (tidal/SLR exposure),
512,38.601836,-8.938068,60.142,False,Rail south approach (Fertagus) (tidal/SLR exposure),
513,38.601945,-8.937509,59.75,False,Rail south approach (Fertagus) (tidal/SLR exposure),
514,38.602053,-8.936951,59.713,False,Rail south approach (Fertagus) (tidal/SLR exposure),
515,38.602162,-8.936393,60.26,False,Rail south approach (Fertagus) (tidal/SLR exposure),
516,38.602271,-8.935834,60.317,False,Rail south approach (Fertagus) (tidal/SLR exposure),
517,38.60238,-8.935276,60.004,False,Rail south approach (Fertagus) (tidal/SLR exposure),
518,38.602489,-8.934718,59.756,False,Rail south approach (Fertagus) (tidal/SLR exposure),
519,38.602597,-8.934159,59.398,False,Rail south approach (Fertagus) (tidal/SLR exposure),
520,38.602706,-8.933601,59.047,False,Rail south approach (Fertagus) (tidal/SLR exposure),
521,38.602815,-8.933043,59.187,False,Rail south approach (Fertagus) (tidal/SLR exposure),
522,38.602924,-8.932484,59.471,False,Rail south approach (Fertagus) (tidal/SLR exposure),
523,38.603033,-8.931926,60.228,False,Rail south approach (Fertagus) (tidal/SLR exposure),
524,38.603141,-8.931367,60.787,False,Rail south approach (Fertagus) (tidal/SLR exposure),
525,38.60325,-8.930809,60.516,False,Rail south approach (Fertagus) (tidal/SLR exposure),
526,38.603359,-8.930251,59.709,False,Rail south approach (Fertagus) (tidal/SLR exposure),
527,38.603468,-8.929692,59.248,False,Rail south approach (Fertagus) (tidal/SLR exposure),
528,38.603577,-8.929134,59.505,False,Rail south approach (Fertagus) (tidal/SLR exposure),
529,38.603686,-8.928576,59.613,False,Rail south approach (Fertagus) (tidal/SLR exposure),
530,38.603794,-8.928017,59.443,False,Rail south approach (Fertagus) (tidal/SLR exposure),
531,38.603903,-8.927459,59.317,False,Rail south approach (Fertagus) (tidal/SLR exposure),
532,38.604012,-8.926901,59.17,False,Rail south approach (Fertagus) (tidal/SLR exposure),
533,38.604121,-8.926342,58.487,False,Rail south approach (Fertagus) (tidal/SLR exposure),
534,38.60423,-8.925784,57.071,False,Rail south approach (Fertagus) (tidal/SLR exposure),
535,38.604338,-8.925225,56.314,False,Rail south approach (Fertagus) (tidal/SLR exposure),
536,38.604447,-8.924667,56.155,False,Rail south approach (Fertagus) (tidal/SLR exposure),
537,38.604556,-8.924109,56.1,False,Rail south approach (Fertagus) (tidal/SLR exposure),
538,38.604665,-8.92355,55.545,False,Rail south approach (Fertagus) (tidal/SLR exposure),
539,38.604774,-8.922992,54.533,False,Rail south approach (Fertagus) (tidal/SLR exposure),
540,38.604882,-8.922434,53.244,False,Rail south approach (Fertagus) (tidal/SLR exposure),
541,38.604991,-8.921875,50.937,False,Rail south approach (Fertagus) (tidal/SLR exposure),
542,38.6051,-8.921317,49.41,False,Rail south approach (Fertagus) (tidal/SLR exposure),
543,38.605209,-8.920759,49.624,False,Rail south approach (Fertagus) (tidal/SLR exposure),
544,38.605318,-8.9202,49.578,False,Rail south approach (Fertagus) (tidal/SLR exposure),
545,38.605426,-8.919642,48.978,False,Rail south approach (Fertagus) (tidal/SLR exposure),
546,38.605535,-8.919083,48.061,False,Rail south approach (Fertagus) (tidal/SLR exposure),
547,38.605644,-8.918525,47.599,False,Rail south approach (Fertagus) (tidal/SLR exposure),
548,38.605753,-8.917967,46.952,False,Rail south approach (Fertagus) (tidal/SLR exposure),
549,38.605862,-8.917408,46.062,False,Rail south approach (Fertagus) (tidal/SLR exposure),
550,38.60597,-8.91685,44.7,False,Rail south approach (Fertagus) (tidal/SLR exposure),
551,38.606079,-8.916292,44.017,False,Rail south approach (Fertagus) (tidal/SLR exposure),
552,38.606188,-8.915733,44.332,False,Rail south approach (Fertagus) (tidal/SLR exposure),
553,38.606297,-8.915175,43.829,False,Rail south approach (Fertagus) (tidal/SLR exposure),
554,38.606406,-8.914617,43.973,False,Rail south approach (Fertagus) (tidal/SLR exposure),
555,38.606514,-8.914058,45.416,False,Rail south approach (Fertagus) (tidal/SLR exposure),
556,38.606623,-8.9135,47.734,False,Rail south approach (Fertagus) (tidal/SLR exposure),
557,38.606732,-8.912941,49.122,False,Rail south approach (Fertagus) (tidal/SLR exposure),
558,38.606841,-8.912383,47.031,False,Rail south approach (Fertagus) (tidal/SLR exposure),
559,38.60695,-8.911825,46.177,False,Rail south approach (Fertagus) (tidal/SLR exposure),
560,38.607058,-8.911266,45.77,False,Rail south approach (Fertagus) (tidal/SLR exposure),
561,38.607167,-8.910708,45.883,False,Rail south approach (Fertagus) (tidal/SLR exposure),
562,38.607276,-8.91015,46.101,False,Rail south approach (Fertagus) (tidal/SLR exposure),
563,38.607385,-8.909591,46.584,False,Rail south approach (Fertagus) (tidal/SLR exposure),
564,38.607494,-8.909033,47.196,False,Rail south approach (Fertagus) (tidal/SLR exposure),
565,38.607602,-8.908475,47.218,False,Rail south approach (Fertagus) (tidal/SLR exposure),
566,38.607711,-8.907916,46.438,False,Rail south approach (Fertagus) (tidal/SLR exposure),
567,38.60782,-8.907358,45.41,False,Rail south approach (Fertagus) (tidal/SLR exposure),
568,38.607929,-8.906799,45.613,False,Rail south approach (Fertagus) (tidal/SLR exposure),
569,38.608038,-8.906241,47.07,False,Rail south approach (Fertagus) (tidal/SLR exposure),
570,38.608146,-8.905683,49.019,False,Rail south approach (Fertagus) (tidal/SLR exposure),
571,38.608255,-8.905124,50.962,False,Rail south approach (Fertagus) (tidal/SLR exposure),
572,38.608364,-8.904566,53.287,False,Rail south approach (Fertagus) (tidal/SLR exposure),
573,38.608473,-8.904008,55.86,False,Rail south approach (Fertagus) (tidal/SLR exposure),
574,38.608582,-8.903449,57.959,False,Rail south approach (Fertagus) (tidal/SLR exposure),
575,38.60869,-8.902891,58.756,False,Rail south approach (Fertagus) (tidal/SLR exposure),
576,38.608799,-8.902332,57.988,False,Rail south approach (Fertagus) (tidal/SLR exposure),
577,38.608908,-8.901774,56.427,False,Rail south approach (Fertagus) (tidal/SLR exposure),
578,38.609017,-8.901216,55.275,False,Rail south approach (Fertagus) (tidal/SLR exposure),
579,38.609126,-8.900657,54.402,False,Rail south approach (Fertagus) (tidal/SLR exposure),
580,38.609234,-8.900099,54.441,False,Rail south approach (Fertagus) (tidal/SLR exposure),
581,38.609343,-8.899541,53.917,False,Rail south approach (Fertagus) (tidal/SLR exposure),
582,38.609452,-8.898982,52.146,False,Rail south approach (Fertagus) (tidal/SLR exposure),
583,38.609561,-8.898424,50.011,False,Rail south approach (Fertagus) (tidal/SLR exposure),
584,38.60967,-8.897866,49.232,False,Rail south approach (Fertagus) (tidal/SLR exposure),
585,38.609778,-8.897307,46.931,False,Rail south approach (Fertagus) (tidal/SLR exposure),
586,38.609887,-8.896749,45.226,False,Rail south approach (Fertagus) (tidal/SLR exposure),
587,38.609996,-8.89619,44.19,False,Rail south approach (Fertagus) (tidal/SLR exposure),
588,38.610105,-8.895632,43.723,False,Rail south approach (Fertagus) (tidal/SLR exposure),
589,38.610214,-8.895074,44.229,False,Rail south approach (Fertagus) (tidal/SLR exposure),
590,38.610322,-8.894515,43.842,False,Rail south approach (Fertagus) (tidal/SLR exposure),
591,38.610431,-8.893957,42.98,False,Rail south approach (Fertagus) (tidal/SLR exposure),
592,38.61054,-8.893399,43.016,False,Rail south approach (Fertagus) (tidal/SLR exposure),
593,38.610649,-8.89284,42.352,False,Rail south approach (Fertagus) (tidal/SLR exposure),
594,38.610758,-8.892282,41.248,False,Rail south approach (Fertagus) (tidal/SLR exposure),
595,38.610867,-8.891724,40.872,False,Rail south approach (Fertagus) (tidal/SLR exposure),
596,38.610975,-8.891165,41.609,False,Rail south approach (Fertagus) (tidal/SLR exposure),
597,38.611084,-8.890607,42.346,False,Rail south approach (Fertagus) (tidal/SLR exposure),
598,38.611193,-8.890048,41.812,False,Rail south approach (Fertagus) (tidal/SLR exposure),
599,38.611302,-8.88949,40.222,False,Rail south approach (Fertagus) (tidal/SLR exposure),
600,38.611411,-8.888932,38.536,False,Rail south approach (Fertagus) (tidal/SLR exposure),
601,38.611519,-8.888373,38.977,False,Rail south approach (Fertagus) (tidal/SLR exposure),
602,38.611628,-8.887815,39.881,False,Rail south approach (Fertagus) (tidal/SLR exposure),
603,38.611737,-8.887257,40.516,False,Rail south approach (Fertagus) (tidal/SLR exposure),
604,38.611846,-8.886698,39.746,False,Rail south approach (Fertagus) (tidal/SLR exposure),
605,38.611955,-8.88614,38.92,False,Rail south approach (Fertagus) (tidal/SLR exposure),
606,38.612063,-8.885582,38.51,False,Rail south approach (Fertagus) (tidal/SLR exposure),
607,38.612172,-8.885023,39.302,False,Rail south approach (Fertagus) (tidal/SLR exposure),
608,38.612281,-8.884465,39.801,False,Rail south approach (Fertagus) (tidal/SLR exposure),
609,38.61239,-8.883906,40.16,False,Rail south approach (Fertagus) (tidal/SLR exposure),
610,38.612499,-8.883348,40.619,False,Rail south approach (Fertagus) (tidal/SLR exposure),
611,38.612607,-8.88279,40.165,False,Rail south approach (Fertagus) (tidal/SLR exposure),
612,38.612716,-8.882231,39.452,False,Rail south approach (Fertagus) (tidal/SLR exposure),
613,38.612825,-8.881673,39.295,False,Rail south approach (Fertagus) (tidal/SLR exposure),
614,38.612934,-8.881115,38.981,False,Rail south approach (Fertagus) (tidal/SLR exposure),
615,38.613043,-8.880556,38.533,False,Rail south approach (Fertagus) (tidal/SLR exposure),
616,38.613151,-8.879998,38.169,False,Rail south approach (Fertagus) (tidal/SLR exposure),
617,38.61326,-8.87944,38.363,False,Rail south approach (Fertagus) (tidal/SLR exposure),
618,38.613369,-8.878881,38.214,False,Rail south approach (Fertagus) (tidal/SLR exposure),
619,38.613478,-8.878323,37.045,False,Rail south approach (Fertagus) (tidal/SLR exposure),
620,38.613587,-8.877764,35.602,False,Rail south approach (Fertagus) (tidal/SLR exposure),
621,38.613695,-8.877206,34.188,False,Rail south approach (Fertagus) (tidal/SLR exposure),
622,38.613804,-8.876648,34.062,False,Rail south approach (Fertagus) (tidal/SLR exposure),
623,38.613913,-8.876089,33.328,False,Rail south approach (Fertagus) (tidal/SLR exposure),
624,38.614022,-8.875531,32.725,False,Rail south approach (Fertagus) (tidal/SLR exposure),
625,38.614131,-8.874973,32.806,False,Rail south approach (Fertagus) (tidal/SLR exposure),
626,38.614239,-8.874414,32.08,False,Rail south approach (Fertagus) (tidal/SLR exposure),
627,38.614348,-8.873856,31.206,False,Rail south approach (Fertagus) (tidal/SLR exposure),
628,38.614457,-8.873298,30.408,False,Rail south approach (Fertagus) (tidal/SLR exposure),
629,38.614566,-8.872739,30.308,False,Rail south approach (Fertagus) (tidal/SLR exposure),
630,38.614675,-8.872181,31.166,False,Rail south approach (Fertagus) (tidal/SLR exposure),
631,38.614783,-8.871622,33.062,False,Rail south approach (Fertagus) (tidal/SLR exposure),
632,38.614892,-8.871064,33.825,False,Rail south approach (Fertagus) (tidal/SLR exposure),
633,38.615001,-8.870506,34.03,False,Rail south approach (Fertagus) (tidal/SLR exposure),
634,38.61511,-8.869947,34.186,False,Rail south approach (Fertagus) (tidal/SLR exposure),
635,38.615219,-8.869389,33.034,False,Rail south approach (Fertagus) (tidal/SLR exposure),
636,38.615327,-8.868831,32.034,False,Rail south approach (Fertagus) (tidal/SLR exposure),
637,38.615436,-8.868272,31.687,False,Rail south approach (Fertagus) (tidal/SLR exposure),
638,38.615545,-8.867714,30.482,False,Rail south approach (Fertagus) (tidal/SLR exposure),
639,38.615654,-8.867156,29.277,False,Rail south approach (Fertagus) (tidal/SLR exposure),
640,38.615763,-8.866597,28.736,False,Rail south approach (Fertagus) (tidal/SLR exposure),
641,38.615871,-8.866039,28.012,False,Rail south approach (Fertagus) (tidal/SLR exposure),
642,38.61598,-8.86548,27.139,False,Rail south approach (Fertagus) (tidal/SLR exposure),
643,38.616089,-8.864922,26.582,False,Rail south approach (Fertagus) (tidal/SLR exposure),
644,38.616198,-8.864364,25.878,False,Rail south approach (Fertagus) (tidal/SLR exposure),
645,38.616307,-8.863805,25.381,False,Rail south approach (Fertagus) (tidal/SLR exposure),
646,38.616415,-8.863247,25.567,False,Rail south approach (Fertagus) (tidal/SLR exposure),
647,38.616524,-8.862689,26.498,False,Rail south approach (Fertagus) (tidal/SLR exposure),
648,38.616633,-8.86213,27.827,False,Rail south approach (Fertagus) (tidal/SLR exposure),
649,38.616742,-8.861572,29.458,False,Rail south approach (Fertagus) (tidal/SLR exposure),
650,38.616851,-8.861014,31.176,False,Rail south approach (Fertagus) (tidal/SLR exposure),
651,38.616959,-8.860455,31.94,False,Rail south approach (Fertagus) (tidal/SLR exposure),
652,38.617068,-8.859897,31.689,False,Rail south approach (Fertagus) (tidal/SLR exposure),
653,38.617177,-8.859338,30.971,False,Rail south approach (Fertagus) (tidal/SLR exposure),
654,38.617286,-8.85878,30.785,False,Rail south approach (Fertagus) (tidal/SLR exposure),
655,38.617395,-8.858222,31.359,False,Rail south approach (Fertagus) (tidal/SLR exposure),
656,38.617504,-8.857663,30.929,False,Rail south approach (Fertagus) (tidal/SLR exposure),
657,38.617612,-8.857105,30.897,False,Rail south approach (Fertagus) (tidal/SLR exposure),
658,38.617721,-8.856547,31.513,False,Rail south approach (Fertagus) (tidal/SLR exposure),
659,38.61783,-8.855988,31.177,False,Rail south approach (Fertagus) (tidal/SLR exposure),
660,38.617939,-8.85543,30.33,False,Rail south approach (Fertagus) (tidal/SLR exposure),
661,38.618048,-8.854872,29.456,False,Rail south approach (Fertagus) (tidal/SLR exposure),
662,38.618156,-8.854313,29.285,False,Rail south approach (Fertagus) (tidal/SLR exposure),
663,38.618265,-8.853755,29.614,False,Rail south approach (Fertagus) (tidal/SLR exposure),
664,38.618374,-8.853196,29.832,False,Rail south approach (Fertagus) (tidal/SLR exposure),
665,38.618483,-8.852638,28.766,False,Rail south approach (Fertagus) (tidal/SLR exposure),
666,38.618592,-8.85208,27.784,False,Rail south approach (Fertagus) (tidal/SLR exposure),
667,38.6187,-8.851521,26.977,False,Rail south approach (Fertagus) (tidal/SLR exposure),
668,38.618809,-8.850963,26.503,False,Rail south approach (Fertagus) (tidal/SLR exposure),
669,38.618918,-8.850405,26.931,False,Rail south approach (Fertagus) (tidal/SLR exposure),
670,38.619027,-8.849846,27.861,False,Rail south approach (Fertagus) (tidal/SLR exposure),
671,38.619136,-8.849288,27.872,False,Rail south approach (Fertagus) (tidal/SLR exposure),
672,38.619244,-8.84873,27.771,False,Rail south approach (Fertagus) (tidal/SLR exposure),
673,38.619353,-8.848171,28.136,False,Rail south approach (Fertagus) (tidal/SLR exposure),
674,38.619462,-8.847613,28.791,False,Rail south approach (Fertagus) (tidal/SLR exposure),
675,38.619571,-8.847054,29.455,False,Rail south approach (Fertagus) (tidal/SLR exposure),
676,38.61968,-8.846496,29.97,False,Rail south approach (Fertagus) (tidal/SLR exposure),
677,38.619788,-8.845938,29.971,False,Rail south approach (Fertagus) (tidal/SLR exposure),
678,38.619897,-8.845379,29.756,False,Rail south approach (Fertagus) (tidal/SLR exposure),
679,38.620006,-8.844821,29.95,False,Rail south approach (Fertagus) (tidal/SLR exposure),
680,38.620115,-8.844263,31.016,False,Rail south approach (Fertagus) (tidal/SLR exposure),
681,38.620224,-8.843704,31.698,False,Rail south approach (Fertagus) (tidal/SLR exposure),
682,38.620332,-8.843146,32.173,False,Rail south approach (Fertagus) (tidal/SLR exposure),
683,38.620441,-8.842587,32.454,False,Rail south approach (Fertagus) (tidal/SLR exposure),
684,38.62055,-8.842029,33.025,False,Rail south approach (Fertagus) (tidal/SLR exposure),
685,38.620659,-8.841471,34.032,False,Rail south approach (Fertagus) (tidal/SLR exposure),
686,38.620768,-8.840912,35.399,False,Rail south approach (Fertagus) (tidal/SLR exposure),
687,38.620876,-8.840354,36.086,False,Rail south approach (Fertagus) (tidal/SLR exposure),
688,38.620985,-8.839796,35.843,False,Rail south approach (Fertagus) (tidal/SLR exposure),
689,38.621094,-8.839237,36.224,False,Rail south approach (Fertagus) (tidal/SLR exposure),
690,38.621203,-8.838679,36.322,False,Rail south approach (Fertagus) (tidal/SLR exposure),
691,38.621312,-8.838121,36.211,False,Rail south approach (Fertagus) (tidal/SLR exposure),
692,38.62142,-8.837562,36.397,False,Rail south approach (Fertagus) (tidal/SLR exposure),
693,38.621529,-8.837004,36.328,False,Rail south approach (Fertagus) (tidal/SLR exposure),
694,38.621638,-8.836445,36.205,False,Rail south approach (Fertagus) (tidal/SLR exposure),
695,38.621747,-8.835887,35.639,False,Rail south approach (Fertagus) (tidal/SLR exposure),
696,38.621856,-8.835329,34.531,False,Rail south approach (Fertagus) (tidal/SLR exposure),
697,38.621964,-8.83477,33.351,False,Rail south approach (Fertagus) (tidal/SLR exposure),
698,38.622073,-8.834212,34.276,False,Rail south approach (Fertagus) (tidal/SLR exposure),
699,38.622182,-8.833654,34.981,False,Rail south approach (Fertagus) (tidal/SLR exposure),
700,38.622291,-8.833095,35.274,False,Rail south approach (Fertagus) (tidal/SLR exposure),
701,38.6224,-8.832537,35.789,False,Rail south approach (Fertagus) (tidal/SLR exposure),
702,38.622508,-8.831979,35.855,False,Rail south approach (Fertagus) (tidal/SLR exposure),
703,38.622617,-8.83142,35.808,False,Rail south approach (Fertagus) (tidal/SLR exposure),
704,38.622726,-8.830862,35.973,False,Rail south approach (Fertagus) (tidal/SLR exposure),
705,38.622835,-8.830303,35.554,False,Rail south approach (Fertagus) (tidal/SLR exposure),
706,38.622944,-8.829745,34.513,False,Rail south approach (Fertagus) (tidal/SLR exposure),
707,38.623052,-8.829187,33.508,False,Rail south approach (Fertagus) (tidal/SLR exposure),
708,38.623161,-8.828628,32.705,False,Rail south approach (Fertagus) (tidal/SLR exposure),
709,38.62327,-8.82807,32.203,False,Rail south approach (Fertagus) (tidal/SLR exposure),
710,38.623379,-8.827512,32.256,False,Rail south approach (Fertagus) (tidal/SLR exposure),
711,38.623488,-8.826953,31.91,False,Rail south approach (Fertagus) (tidal/SLR exposure),
712,38.623596,-8.826395,31.255,False,Rail south approach (Fertagus) (tidal/SLR exposure),
713,38.623705,-8.825837,31.116,False,Rail south approach (Fertagus) (tidal/SLR exposure),
714,38.623814,-8.825278,30.417,False,Rail south approach (Fertagus) (tidal/SLR exposure),
715,38.623923,-8.82472,29.545,False,Rail south approach (Fertagus) (tidal/SLR exposure),
716,38.624032,-8.824161,29.214,False,Rail south approach (Fertagus) (tidal/SLR exposure),
717,38.62414,-8.823603,29.701,False,Rail south approach (Fertagus) (tidal/SLR exposure),
718,38.624249,-8.823045,30.157,False,Rail south approach (Fertagus) (tidal/SLR exposure),
719,38.624358,-8.822486,29.971,False,Rail south approach (Fertagus) (tidal/SLR exposure),
720,38.624467,-8.821928,29.865,False,Rail south approach (Fertagus) (tidal/SLR exposure),
721,38.624576,-8.82137,29.595,False,Rail south approach (Fertagus) (tidal/SLR exposure),
722,38.624685,-8.820811,29.105,False,Rail south approach (Fertagus) (tidal/SLR exposure),
723,38.624793,-8.820253,28.278,False,Rail south approach (Fertagus) (tidal/SLR exposure),
724,38.624902,-8.819695,27.824,False,Rail south approach (Fertagus) (tidal/SLR exposure),
725,38.625011,-8.819136,27.872,False,Rail south approach (Fertagus) (tidal/SLR exposure),
726,38.62512,-8.818578,26.981,False,Rail south approach (Fertagus) (tidal/SLR exposure),
727,38.625229,-8.818019,26.275,False,Rail south approach (Fertagus) (tidal/SLR exposure),
728,38.625337,-8.817461,25.767,False,Rail south approach (Fertagus) (tidal/SLR exposure),
729,38.625446,-8.816903,25.329,False,Rail south approach (Fertagus) (tidal/SLR exposure),
730,38.625555,-8.816344,24.777,False,Rail south approach (Fertagus) (tidal/SLR exposure),
731,38.625664,-8.815786,24.305,False,Rail south approach (Fertagus) (tidal/SLR exposure),
732,38.625773,-8.815228,24.616,False,Rail south approach (Fertagus) (tidal/SLR exposure),
733,38.625881,-8.814669,25.239,False,Rail south approach (Fertagus) (tidal/SLR exposure),
734,38.62599,-8.814111,25.455,False,Rail south approach (Fertagus) (tidal/SLR exposure),
735,38.626099,-8.813553,24.162,False,Rail south approach (Fertagus) (tidal/SLR exposure),
736,38.626208,-8.812994,23.38,False,Rail south approach (Fertagus) (tidal/SLR exposure),
737,38.626317,-8.812436,23.84,False,Rail south approach (Fertagus) (tidal/SLR exposure),
738,38.626425,-8.811877,23.375,False,Rail south approach (Fertagus) (tidal/SLR exposure),
739,38.626534,-8.811319,22.769,False,Rail south approach (Fertagus) (tidal/SLR exposure),
740,38.626643,-8.810761,22.233,False,Rail south approach (Fertagus) (tidal/SLR exposure),
741,38.626752,-8.810202,22.077,False,Rail south approach (Fertagus) (tidal/SLR exposure),
742,38.626861,-8.809644,21.621,False,Rail south approach (Fertagus) (tidal/SLR exposure),
743,38.626969,-8.809086,21.048,False,Rail south approach (Fertagus) (tidal/SLR exposure),
744,38.627078,-8.808527,22.644,False,Rail south approach (Fertagus) (tidal/SLR exposure),
745,38.627187,-8.807969,24.201,False,Rail south approach (Fertagus) (tidal/SLR exposure),
746,38.627296,-8.807411,23.45,False,Rail south approach (Fertagus) (tidal/SLR exposure),
747,38.627405,-8.806852,20.779,False,Rail south approach (Fertagus) (tidal/SLR exposure),
748,38.627513,-8.806294,21.815,False,Rail south approach (Fertagus) (tidal/SLR exposure),
749,38.627622,-8.805735,22.808,False,Rail south approach (Fertagus) (tidal/SLR exposure),
750,38.627731,-8.805177,23.979,False,Rail south approach (Fertagus) (tidal/SLR exposure),
751,38.62784,-8.804619,24.782,False,Rail south approach (Fertagus) (tidal/SLR exposure),
752,38.627949,-8.80406,25.141,False,Rail south approach (Fertagus) (tidal/SLR exposure),
753,38.628057,-8.803502,24.569,False,Rail south approach (Fertagus) (tidal/SLR exposure),
754,38.628166,-8.802944,24.617,False,Rail south approach (Fertagus) (tidal/SLR exposure),
755,38.628275,-8.802385,25.416,False,Rail south approach (Fertagus) (tidal/SLR exposure),
756,38.628384,-8.801827,26.349,False,Rail south approach (Fertagus) (tidal/SLR exposure),
757,38.628493,-8.801269,26.792,False,Rail south approach (Fertagus) (tidal/SLR exposure),
758,38.628601,-8.80071,27.038,False,Rail south approach (Fertagus) (tidal/SLR exposure),
759,38.62871,-8.800152,27.302,False,Rail south approach (Fertagus) (tidal/SLR exposure),
760,38.628819,-8.799593,27.664,False,Rail south approach (Fertagus) (tidal/SLR exposure),
761,38.628928,-8.799035,28.206,False,Rail south approach (Fertagus) (tidal/SLR exposure),
762,38.629037,-8.798477,28.566,False,Rail south approach (Fertagus) (tidal/SLR exposure),
763,38.629145,-8.797918,28.56,False,Rail south approach (Fertagus) (tidal/SLR exposure),
764,38.629254,-8.79736,28.332,False,Rail south approach (Fertagus) (tidal/SLR exposure),
765,38.629363,-8.796802,28.168,False,Rail south approach (Fertagus) (tidal/SLR exposure),
766,38.629472,-8.796243,27.697,False,Rail south approach (Fertagus) (tidal/SLR exposure),
767,38.629581,-8.795685,27.224,False,Rail south approach (Fertagus) (tidal/SLR exposure),
768,38.629689,-8.795127,27.613,False,Rail south approach (Fertagus) (tidal/SLR exposure),
769,38.629798,-8.794568,28.637,False,Rail south approach (Fertagus) (tidal/SLR exposure),
770,38.629907,-8.79401,29.785,False,Rail south approach (Fertagus) (tidal/SLR exposure),
771,38.630016,-8.793451,30.474,False,Rail south approach (Fertagus) (tidal/SLR exposure),
772,38.630125,-8.792893,30.936,False,Rail south approach (Fertagus) (tidal/SLR exposure),
773,38.630233,-8.792335,31.408,False,Rail south approach (Fertagus) (tidal/SLR exposure),
774,38.630342,-8.791776,31.619,False,Rail south approach (Fertagus) (tidal/SLR exposure),
775,38.630451,-8.791218,32.111,False,Rail south approach (Fertagus) (tidal/SLR exposure),
776,38.63056,-8.79066,32.612,False,Rail south approach (Fertagus) (tidal/SLR exposure),
777,38.630669,-8.790101,32.231,False,Rail south approach (Fertagus) (tidal/SLR exposure),
778,38.630777,-8.789543,32.422,False,Rail south approach (Fertagus) (tidal/SLR exposure),
779,38.630886,-8.788985,33.228,False,Rail south approach (Fertagus) (tidal/SLR exposure),
780,38.630995,-8.788426,33.559,False,Rail south approach (Fertagus) (tidal/SLR exposure),
781,38.631104,-8.787868,33.137,False,Rail south approach (Fertagus) (tidal/SLR exposure),
782,38.631213,-8.787309,32.624,False,Rail south approach (Fertagus) (tidal/SLR exposure),
783,38.631321,-8.786751,33.017,False,Rail south approach (Fertagus) (tidal/SLR exposure),
784,38.63143,-8.786193,33.966,False,Rail south approach (Fertagus) (tidal/SLR exposure),
785,38.631539,-8.785634,34.704,False,Rail south approach (Fertagus) (tidal/SLR exposure),
786,38.631648,-8.785076,34.274,False,Rail south approach (Fertagus) (tidal/SLR exposure),
787,38.631757,-8.784518,34.184,False,Rail south approach (Fertagus) (tidal/SLR exposure),
788,38.631866,-8.783959,34.477,False,Rail south approach (Fertagus) (tidal/SLR exposure),
789,38.631974,-8.783401,35.364,False,Rail south approach (Fertagus) (tidal/SLR exposure),
790,38.632083,-8.782842,35.555,False,Rail south approach (Fertagus) (tidal/SLR exposure),
791,38.632192,-8.782284,35.201,False,Rail south approach (Fertagus) (tidal/SLR exposure),
792,38.632301,-8.781726,34.987,False,Rail south approach (Fertagus) (tidal/SLR exposure),
793,38.63241,-8.781167,35.416,False,Rail south approach (Fertagus) (tidal/SLR exposure),
794,38.632518,-8.780609,36.244,False,Rail south approach (Fertagus) (tidal/SLR exposure),
795,38.632627,-8.780051,36.834,False,Rail south approach (Fertagus) (tidal/SLR exposure),
796,38.632736,-8.779492,36.979,False,Rail south approach (Fertagus) (tidal/SLR exposure),
797,38.632845,-8.778934,36.932,False,Rail south approach (Fertagus) (tidal/SLR exposure),
798,38.632954,-8.778376,36.221,False,Rail south approach (Fertagus) (tidal/SLR exposure),
799,38.633062,-8.777817,36.391,False,Rail south approach (Fertagus) (tidal/SLR exposure),
800,38.633171,-8.777259,37.292,False,Rail south approach (Fertagus) (tidal/SLR exposure),
801,38.63328,-8.7767,38.502,False,Rail south approach (Fertagus) (tidal/SLR exposure),
802,38.633389,-8.776142,39.34,False,Rail south approach (Fertagus) (tidal/SLR exposure),
803,38.633498,-8.775584,39.286,False,Rail south approach (Fertagus) (tidal/SLR exposure),
804,38.633539,-8.775648,39.4,False,Rail south approach (Fertagus) (tidal/SLR exposure),
805,38.633524,-8.776223,39.643,False,Rail south approach (Fertagus) (tidal/SLR exposure),
806,38.633508,-8.776799,38.975,False,Rail south approach (Fertagus) (tidal/SLR exposure),
807,38.633492,-8.777374,37.987,False,Rail south approach (Fertagus) (tidal/SLR exposure),
808,38.633476,-8.777949,37.424,False,Rail south approach (Fertagus) (tidal/SLR exposure),
809,38.63346,-8.778525,37.915,False,Rail south approach (Fertagus) (tidal/SLR exposure),
810,38.633444,-8.7791,38.639,False,Rail south approach (Fertagus) (tidal/SLR exposure),
811,38.633428,-8.779675,38.174,False,Rail south approach (Fertagus) (tidal/SLR exposure),
812,38.633414,-8.78025,37.368,False,Rail south approach (Fertagus) (tidal/SLR exposure),
813,38.633401,-8.780826,36.447,False,Rail south approach (Fertagus) (tidal/SLR exposure),
814,38.633388,-8.781401,35.35,False,Rail south approach (Fertagus) (tidal/SLR exposure),
815,38.633375,-8.781977,34.898,False,Rail south approach (Fertagus) (tidal/SLR exposure),
816,38.633362,-8.782552,34.74,False,Rail south approach (Fertagus) (tidal/SLR exposure),
817,38.63335,-8.783127,34.58,False,Rail south approach (Fertagus) (tidal/SLR exposure),
818,38.633337,-8.783703,34.11,False,Rail south approach (Fertagus) (tidal/SLR exposure),
819,38.633323,-8.784278,33.637,False,Rail south approach (Fertagus) (tidal/SLR exposure),
820,38.633309,-8.784854,33.411,False,Rail south approach (Fertagus) (tidal/SLR exposure),
821,38.633294,-8.785429,33.998,False,Rail south approach (Fertagus) (tidal/SLR exposure),
822,38.63328,-8.786004,33.918,False,Rail south approach (Fertagus) (tidal/SLR exposure),
823,38.633266,-8.78658,33.395,False,Rail south approach (Fertagus) (tidal/SLR exposure),
824,38.633251,-8.787155,33.673,False,Rail south approach (Fertagus) (tidal/SLR exposure),
825,38.633237,-8.78773,33.459,False,Rail south approach (Fertagus) (tidal/SLR exposure),
826,38.633223,-8.788306,32.825,False,Rail south approach (Fertagus) (tidal/SLR exposure),
827,38.633209,-8.788881,32.276,False,Rail south approach (Fertagus) (tidal/SLR exposure),
828,38.633195,-8.789456,32.489,False,Rail south approach (Fertagus) (tidal/SLR exposure),
829,38.633181,-8.790032,32.904,False,Rail south approach (Fertagus) (tidal/SLR exposure),
830,38.633167,-8.790607,32.932,False,Rail south approach (Fertagus) (tidal/SLR exposure),
831,38.633153,-8.791182,32.895,False,Rail south approach (Fertagus) (tidal/SLR exposure),
832,38.63314,-8.791758,32.661,False,Rail south approach (Fertagus) (tidal/SLR exposure),
833,38.633126,-8.792333,32.451,False,Rail south approach (Fertagus) (tidal/SLR exposure),
834,38.633112,-8.792908,33.077,False,Rail south approach (Fertagus) (tidal/SLR exposure),
835,38.633099,-8.793484,33.401,False,Rail south approach (Fertagus) (tidal/SLR exposure),
836,38.633085,-8.794059,33.207,False,Rail south approach (Fertagus) (tidal/SLR exposure),
837,38.633072,-8.794635,33.164,False,Rail south approach (Fertagus) (tidal/SLR exposure),
838,38.633059,-8.79521,33.038,False,Rail south approach (Fertagus) (tidal/SLR exposure),
839,38.633045,-8.795785,32.789,False,Rail south approach (Fertagus) (tidal/SLR exposure),
840,38.63303,-8.796361,32.307,False,Rail south approach (Fertagus) (tidal/SLR exposure),
841,38.633015,-8.796936,32.374,False,Rail south approach (Fertagus) (tidal/SLR exposure),
842,38.633001,-8.797511,32.488,False,Rail south approach (Fertagus) (tidal/SLR exposure),
843,38.632986,-8.798087,32.323,False,Rail south approach (Fertagus) (tidal/SLR exposure),
844,38.632972,-8.798662,31.418,False,Rail south approach (Fertagus) (tidal/SLR exposure),
845,38.632957,-8.799237,30.435,False,Rail south approach (Fertagus) (tidal/SLR exposure),
846,38.632943,-8.799813,29.348,False,Rail south approach (Fertagus) (tidal/SLR exposure),
847,38.632929,-8.800388,29.054,False,Rail south approach (Fertagus) (tidal/SLR exposure),
848,38.632915,-8.800963,29.275,False,Rail south approach (Fertagus) (tidal/SLR exposure),
849,38.632901,-8.801539,29.637,False,Rail south approach (Fertagus) (tidal/SLR exposure),
850,38.632886,-8.802114,29.678,False,Rail south approach (Fertagus) (tidal/SLR exposure),
851,38.632872,-8.802689,29.577,False,Rail south approach (Fertagus) (tidal/SLR exposure),
852,38.632858,-8.803265,29.494,False,Rail south approach (Fertagus) (tidal/SLR exposure),
853,38.632844,-8.80384,29.657,False,Rail south approach (Fertagus) (tidal/SLR exposure),
854,38.63283,-8.804415,30.564,False,Rail south approach (Fertagus) (tidal/SLR exposure),
855,38.632816,-8.804991,31.418,False,Rail south approach (Fertagus) (tidal/SLR exposure),
856,38.632801,-8.805566,31.176,False,Rail south approach (Fertagus) (tidal/SLR exposure),
857,38.632787,-8.806141,31.051,False,Rail south approach (Fertagus) (tidal/SLR exposure),
858,38.632773,-8.806717,30.941,False,Rail south approach (Fertagus) (tidal/SLR exposure),
859,38.63276,-8.807292,30.454,False,Rail south approach (Fertagus) (tidal/SLR exposure),
860,38.632747,-8.807868,29.337,False,Rail south approach (Fertagus) (tidal/SLR exposure),
861,38.632734,-8.808443,28.235,False,Rail south approach (Fertagus) (tidal/SLR exposure),
862,38.63272,-8.809018,26.95,False,Rail south approach (Fertagus) (tidal/SLR exposure),
863,38.632707,-8.809594,25.26,False,Rail south approach (Fertagus) (tidal/SLR exposure),
864,38.632694,-8.810169,23.724,False,Rail south approach (Fertagus) (tidal/SLR exposure),
865,38.632681,-8.810744,22.132,False,Rail south approach (Fertagus) (tidal/SLR exposure),
866,38.632667,-8.81132,20.813,False,Rail south approach (Fertagus) (tidal/SLR exposure),
867,38.632653,-8.811895,20.515,False,Rail south approach (Fertagus) (tidal/SLR exposure),
868,38.632639,-8.812471,21.521,False,Rail south approach (Fertagus) (tidal/SLR exposure),
869,38.632625,-8.813046,22.383,False,Rail south approach (Fertagus) (tidal/SLR exposure),
870,38.632611,-8.813621,24.053,False,Rail south approach (Fertagus) (tidal/SLR exposure),
871,38.632598,-8.814197,25.392,False,Rail south approach (Fertagus) (tidal/SLR exposure),
872,38.632584,-8.814772,26.355,False,Rail south approach (Fertagus) (tidal/SLR exposure),
873,38.63257,-8.815347,26.283,False,Rail south approach (Fertagus) (tidal/SLR exposure),
874,38.632557,-8.815923,26.229,False,Rail south approach (Fertagus) (tidal/SLR exposure),
875,38.632542,-8.816498,26.584,False,Rail south approach (Fertagus) (tidal/SLR exposure),
876,38.632527,-8.817073,27.215,False,Rail south approach (Fertagus) (tidal/SLR exposure),
877,38.632513,-8.817649,27.831,False,Rail south approach (Fertagus) (tidal/SLR exposure),
878,38.632498,-8.818224,28.211,False,Rail south approach (Fertagus) (tidal/SLR exposure),
879,38.632484,-8.818799,27.948,False,Rail south approach (Fertagus) (tidal/SLR exposure),
880,38.63247,-8.819375,28.028,False,Rail south approach (Fertagus) (tidal/SLR exposure),
881,38.632456,-8.81995,28.02,False,Rail south approach (Fertagus) (tidal/SLR exposure),
882,38.632442,-8.820525,26.941,False,Rail south approach (Fertagus) (tidal/SLR exposure),
883,38.632428,-8.821101,26.999,False,Rail south approach (Fertagus) (tidal/SLR exposure),
884,38.632415,-8.821676,27.389,False,Rail south approach (Fertagus) (tidal/SLR exposure),
885,38.632401,-8.822251,27.38,False,Rail south approach (Fertagus) (tidal/SLR exposure),
886,38.632387,-8.822827,27.491,False,Rail south approach (Fertagus) (tidal/SLR exposure),
887,38.632374,-8.823402,27.857,False,Rail south approach (Fertagus) (tidal/SLR exposure),
888,38.63236,-8.823978,28.458,False,Rail south approach (Fertagus) (tidal/SLR exposure),
889,38.632347,-8.824553,28.765,False,Rail south approach (Fertagus) (tidal/SLR exposure),
890,38.632333,-8.825128,28.632,False,Rail south approach (Fertagus) (tidal/SLR exposure),
891,38.632319,-8.825704,28.027,False,Rail south approach (Fertagus) (tidal/SLR exposure),
892,38.632305,-8.826279,27.48,False,Rail south approach (Fertagus) (tidal/SLR exposure),
893,38.632291,-8.826854,27.845,False,Rail south approach (Fertagus) (tidal/SLR exposure),
894,38.632277,-8.82743,28.621,False,Rail south approach (Fertagus) (tidal/SLR exposure),
895,38.632263,-8.828005,28.34,False,Rail south approach (Fertagus) (tidal/SLR exposure),
896,38.632249,-8.82858,28.099,False,Rail south approach (Fertagus) (tidal/SLR exposure),
897,38.632234,-8.829156,28.48,False,Rail south approach (Fertagus) (tidal/SLR exposure),
898,38.632219,-8.829731,30.035,False,Rail south approach (Fertagus) (tidal/SLR exposure),
899,38.632204,-8.830306,31.027,False,Rail south approach (Fertagus) (tidal/SLR exposure),
900,38.63219,-8.830882,31.418,False,Rail south approach (Fertagus) (tidal/SLR exposure),
901,38.632175,-8.831457,31.506,False,Rail south approach (Fertagus) (tidal/SLR exposure),
902,38.632162,-8.832032,31.303,False,Rail south approach (Fertagus) (tidal/SLR exposure),
903,38.632149,-8.832608,31.715,False,Rail south approach (Fertagus) (tidal/SLR exposure),
904,38.632136,-8.833183,32.706,False,Rail south approach (Fertagus) (tidal/SLR exposure),
905,38.632123,-8.833758,33.551,False,Rail south approach (Fertagus) (tidal/SLR exposure),
906,38.63211,-8.834334,34.092,False,Rail south approach (Fertagus) (tidal/SLR exposure),
907,38.632097,-8.834909,34.23,False,Rail south approach (Fertagus) (tidal/SLR exposure),
908,38.632084,-8.835485,34.314,False,Rail south approach (Fertagus) (tidal/SLR exposure),
909,38.63207,-8.83606,33.979,False,Rail south approach (Fertagus) (tidal/SLR exposure),
910,38.632056,-8.836635,33.476,False,Rail south approach (Fertagus) (tidal/SLR exposure),
911,38.632042,-8.837211,32.873,False,Rail south approach (Fertagus) (tidal/SLR exposure),
912,38.632027,-8.837786,32.413,False,Rail south approach (Fertagus) (tidal/SLR exposure),
913,38.632013,-8.838361,32.103,False,Rail south approach (Fertagus) (tidal/SLR exposure),
914,38.631999,-8.838937,31.713,False,Rail south approach (Fertagus) (tidal/SLR exposure),
915,38.631984,-8.839512,31.377,False,Rail south approach (Fertagus) (tidal/SLR exposure),
916,38.63197,-8.840087,30.922,False,Rail south approach (Fertagus) (tidal/SLR exposure),
917,38.631955,-8.840663,30.495,False,Rail south approach (Fertagus) (tidal/SLR exposure),
918,38.63194,-8.841238,30.18,False,Rail south approach (Fertagus) (tidal/SLR exposure),
919,38.631925,-8.841813,29.81,False,Rail south approach (Fertagus) (tidal/SLR exposure),
920,38.631911,-8.842388,29.521,False,Rail south approach (Fertagus) (tidal/SLR exposure),
921,38.631896,-8.842964,29.777,False,Rail south approach (Fertagus) (tidal/SLR exposure),
922,38.631881,-8.843539,29.924,False,Rail south approach (Fertagus) (tidal/SLR exposure),
923,38.631867,-8.844114,29.892,False,Rail south approach (Fertagus) (tidal/SLR exposure),
924,38.631853,-8.84469,30.142,False,Rail south approach (Fertagus) (tidal/SLR exposure),
925,38.631838,-8.845265,30.345,False,Rail south approach (Fertagus) (tidal/SLR exposure),
926,38.631824,-8.84584,30.607,False,Rail south approach (Fertagus) (tidal/SLR exposure),
927,38.63181,-8.846416,31.069,False,Rail south approach (Fertagus) (tidal/SLR exposure),
928,38.631796,-8.846991,31.332,False,Rail south approach (Fertagus) (tidal/SLR exposure),
929,38.631781,-8.847566,31.495,False,Rail south approach (Fertagus) (tidal/SLR exposure),
930,38.631767,-8.848142,31.66,False,Rail south approach (Fertagus) (tidal/SLR exposure),
931,38.631753,-8.848717,30.93,False,Rail south approach (Fertagus) (tidal/SLR exposure),
932,38.631739,-8.849292,30.154,False,Rail south approach (Fertagus) (tidal/SLR exposure),
933,38.631725,-8.849868,29.958,False,Rail south approach (Fertagus) (tidal/SLR exposure),
934,38.631712,-8.850443,30.275,False,Rail south approach (Fertagus) (tidal/SLR exposure),
935,38.631699,-8.851019,30.155,False,Rail south approach (Fertagus) (tidal/SLR exposure),
936,38.631686,-8.851594,29.535,False,Rail south approach (Fertagus) (tidal/SLR exposure),
937,38.631674,-8.852169,28.47,False,Rail south approach (Fertagus) (tidal/SLR exposure),
938,38.63166,-8.852745,27.922,False,Rail south approach (Fertagus) (tidal/SLR exposure),
939,38.631643,-8.85332,27.676,False,Rail south approach (Fertagus) (tidal/SLR exposure),
940,38.631627,-8.853895,27.487,False,Rail south approach (Fertagus) (tidal/SLR exposure),
941,38.631611,-8.85447,26.848,False,Rail south approach (Fertagus) (tidal/SLR exposure),
942,38.631597,-8.855046,26.052,False,Rail south approach (Fertagus) (tidal/SLR exposure),
943,38.631584,-8.855621,25.565,False,Rail south approach (Fertagus) (tidal/SLR exposure),
944,38.631571,-8.856197,25.707,False,Rail south approach (Fertagus) (tidal/SLR exposure),
945,38.631558,-8.856772,26.005,False,Rail south approach (Fertagus) (tidal/SLR exposure),
946,38.631545,-8.857347,26.342,False,Rail south approach (Fertagus) (tidal/SLR exposure),
947,38.631532,-8.857923,27.355,False,Rail south approach (Fertagus) (tidal/SLR exposure),
948,38.631517,-8.858498,27.368,False,Rail south approach (Fertagus) (tidal/SLR exposure),
949,38.631502,-8.859073,26.25,False,Rail south approach (Fertagus) (tidal/SLR exposure),
950,38.631487,-8.859649,25.112,False,Rail south approach (Fertagus) (tidal/SLR exposure),
951,38.631472,-8.860224,24.671,False,Rail south approach (Fertagus) (tidal/SLR exposure),
952,38.631458,-8.860799,24.995,False,Rail south approach (Fertagus) (tidal/SLR exposure),
953,38.631443,-8.861374,25.023,False,Rail south approach (Fertagus) (tidal/SLR exposure),
954,38.631427,-8.86195,24.436,False,Rail south approach (Fertagus) (tidal/SLR exposure),
955,38.631412,-8.862525,23.923,False,Rail south approach (Fertagus) (tidal/SLR exposure),
956,38.631397,-8.8631,21.686,False,Rail south approach (Fertagus) (tidal/SLR exposure),
957,38.631382,-8.863676,24.383,False,Rail south approach (Fertagus) (tidal/SLR exposure),
958,38.631367,-8.864251,25.979,False,Rail south approach (Fertagus) (tidal/SLR exposure),
959,38.631355,-8.864826,26.759,False,Rail south approach (Fertagus) (tidal/SLR exposure),
960,38.631343,-8.865402,27.368,False,Rail south approach (Fertagus) (tidal/SLR exposure),
961,38.631331,-8.865977,28.391,False,Rail south approach (Fertagus) (tidal/SLR exposure),
962,38.631319,-8.866553,29.212,False,Rail south approach (Fertagus) (tidal/SLR exposure),
963,38.631306,-8.867128,28.278,False,Rail south approach (Fertagus) (tidal/SLR exposure),
964,38.631292,-8.867703,26.522,False,Rail south approach (Fertagus) (tidal/SLR exposure),
965,38.631278,-8.868279,25.571,False,Rail south approach (Fertagus) (tidal/SLR exposure),
966,38.631264,-8.868854,27.582,False,Rail south approach (Fertagus) (tidal/SLR exposure),
967,38.63125,-8.869429,29.088,False,Rail south approach (Fertagus) (tidal/SLR exposure),
968,38.631236,-8.870005,29.944,False,Rail south approach (Fertagus) (tidal/SLR exposure),
969,38.631221,-8.87058,30.685,False,Rail south approach (Fertagus) (tidal/SLR exposure),
970,38.631206,-8.871155,31.138,False,Rail south approach (Fertagus) (tidal/SLR exposure),
971,38.63119,-8.871731,31.496,False,Rail south approach (Fertagus) (tidal/SLR exposure),
972,38.631175,-8.872306,31.919,False,Rail south approach (Fertagus) (tidal/SLR exposure),
973,38.63116,-8.872881,32.108,False,Rail south approach (Fertagus) (tidal/SLR exposure),
974,38.631145,-8.873456,32.14,False,Rail south approach (Fertagus) (tidal/SLR exposure),
975,38.631131,-8.874032,32.279,False,Rail south approach (Fertagus) (tidal/SLR exposure),
976,38.631117,-8.874607,33.182,False,Rail south approach (Fertagus) (tidal/SLR exposure),
977,38.631102,-8.875182,34.228,False,Rail south approach (Fertagus) (tidal/SLR exposure),
978,38.631087,-8.875758,34.811,False,Rail south approach (Fertagus) (tidal/SLR exposure),
979,38.631071,-8.876333,33.972,False,Rail south approach (Fertagus) (tidal/SLR exposure),
980,38.631056,-8.876908,33.434,False,Rail south approach (Fertagus) (tidal/SLR exposure),
981,38.631042,-8.877484,33.212,False,Rail south approach (Fertagus) (tidal/SLR exposure),
982,38.631029,-8.878059,32.898,False,Rail south approach (Fertagus) (tidal/SLR exposure),
983,38.631015,-8.878634,33.163,False,Rail south approach (Fertagus) (tidal/SLR exposure),
984,38.631002,-8.87921,33.146,False,Rail south approach (Fertagus) (tidal/SLR exposure),
985,38.630989,-8.879785,32.386,False,Rail south approach (Fertagus) (tidal/SLR exposure),
986,38.630975,-8.88036,32.303,False,Rail south approach (Fertagus) (tidal/SLR exposure),
987,38.630962,-8.880936,31.83,False,Rail south approach (Fertagus) (tidal/SLR exposure),
988,38.630949,-8.881511,30.565,False,Rail south approach (Fertagus) (tidal/SLR exposure),
989,38.630935,-8.882086,29.434,False,Rail south approach (Fertagus) (tidal/SLR exposure),
990,38.630921,-8.882662,29.244,False,Rail south approach (Fertagus) (tidal/SLR exposure),
991,38.630907,-8.883237,29.626,False,Rail south approach (Fertagus) (tidal/SLR exposure),
992,38.630892,-8.883812,29.157,False,Rail south approach (Fertagus) (tidal/SLR exposure),
993,38.630882,-8.884388,28.8,False,Rail south approach (Fertagus) (tidal/SLR exposure),
994,38.630872,-8.884963,28.693,False,Rail south approach (Fertagus) (tidal/SLR exposure),
995,38.630862,-8.885539,28.648,False,Rail south approach (Fertagus) (tidal/SLR exposure),
996,38.630851,-8.886114,28.154,False,Rail south approach (Fertagus) (tidal/SLR exposure),
997,38.630836,-8.88669,27.761,False,Rail south approach (Fertagus) (tidal/SLR exposure),
998,38.630822,-8.887265,28.278,False,Rail south approach (Fertagus) (tidal/SLR exposure),
999,38.630807,-8.88784,29.135,False,Rail south approach (Fertagus) (tidal/SLR exposure),
1000,38.630792,-8.888415,29.697,False,Rail south approach (Fertagus) (tidal/SLR exposure),
1001,38.630778,-8.888991,29.755,False,Rail south approach (Fertagus) (tidal/SLR exposure),
1002,38.630763,-8.889566,29.668,False,Rail south approach (Fertagus) (tidal/SLR exposure),
1003,38.630747,-8.890141,29.119,False,Rail south approach (Fertagus) (tidal/SLR exposure),
1004,38.630732,-8.890717,28.568,False,Rail south approach (Fertagus) (tidal/SLR exposure),
1005,38.630718,-8.891292,29.477,False,Rail south approach (Fertagus) (tidal/SLR exposure),
1006,38.630705,-8.891867,30.067,False,Rail south approach (Fertagus) (tidal/SLR exposure),
1007,38.63069,-8.892443,30.32,False,Rail south approach (Fertagus) (tidal/SLR exposure),
1008,38.630675,-8.893018,30.937,False,Rail south approach (Fertagus) (tidal/SLR exposure),
1009,38.630661,-8.893593,31.247,False,Rail south approach (Fertagus) (tidal/SLR exposure),
1010,38.630646,-8.894169,31.497,False,Rail south approach (Fertagus) (tidal/SLR exposure),
1011,38.630631,-8.894744,31.87,False,Rail south approach (Fertagus) (tidal/SLR exposure),
1012,38.630617,-8.895319,31.329,False,Rail south approach (Fertagus) (tidal/SLR exposure),
1013,38.630602,-8.895894,30.592,False,Rail south approach (Fertagus) (tidal/SLR exposure),
1014,38.630585,-8.89647,30.393,False,Rail south approach (Fertagus) (tidal/SLR exposure),
1015,38.630565,-8.897045,30.051,False,Rail south approach (Fertagus) (tidal/SLR exposure),
1016,38.630546,-8.89762,30.276,False,Rail south approach (Fertagus) (tidal/SLR exposure),
1017,38.630529,-8.898195,31.107,False,Rail south approach (Fertagus) (tidal/SLR exposure),
1018,38.630513,-8.89877,31.825,False,Rail south approach (Fertagus) (tidal/SLR exposure),
1019,38.630497,-8.899345,31.872,False,Rail south approach (Fertagus) (tidal/SLR exposure),
1020,38.630482,-8.899921,31.606,False,Rail south approach (Fertagus) (tidal/SLR exposure),
1021,38.630467,-8.900496,32.14,False,Rail south approach (Fertagus) (tidal/SLR exposure),
1022,38.630454,-8.901071,32.183,False,Rail south approach (Fertagus) (tidal/SLR exposure),
1023,38.630442,-8.901647,32.102,False,Rail south approach (Fertagus) (tidal/SLR exposure),
1024,38.63043,-8.902222,32.415,False,Rail south approach (Fertagus) (tidal/SLR exposure),
1025,38.630416,-8.902798,32.502,False,Rail south approach (Fertagus) (tidal/SLR exposure),
1026,38.630401,-8.903373,32.669,False,Rail south approach (Fertagus) (tidal/SLR exposure),
1027,38.630387,-8.903948,33.124,False,Rail south approach (Fertagus) (tidal/SLR exposure),
1028,38.630372,-8.904523,33.755,False,Rail south approach (Fertagus) (tidal/SLR exposure),
1029,38.63036,-8.905099,34.451,False,Rail south approach (Fertagus) (tidal/SLR exposure),
1030,38.630408,-8.905667,34.955,False,Rail south approach (Fertagus) (tidal/SLR exposure),
1031,38.630507,-8.906229,34.569,False,Rail south approach (Fertagus) (tidal/SLR exposure),
1032,38.630606,-8.90679,34.838,False,Rail south approach (Fertagus) (tidal/SLR exposure),
1033,38.630706,-8.907351,36.063,False,Rail south approach (Fertagus) (tidal/SLR exposure),
1034,38.630805,-8.907913,36.853,False,Rail south approach (Fertagus) (tidal/SLR exposure),
1035,38.630905,-8.908474,37.036,False,Rail south approach (Fertagus) (tidal/SLR exposure),
1036,38.631004,-8.909036,37.288,False,Rail south approach (Fertagus) (tidal/SLR exposure),
1037,38.631104,-8.909597,39.06,False,Rail south approach (Fertagus) (tidal/SLR exposure),
1038,38.631203,-8.910159,40.14,False,Rail south approach (Fertagus) (tidal/SLR exposure),
1039,38.631303,-8.91072,40.885,False,Rail south approach (Fertagus) (tidal/SLR exposure),
1040,38.631402,-8.911281,41.365,False,Rail south approach (Fertagus) (tidal/SLR exposure),
1041,38.631502,-8.911843,41.597,False,Rail south approach (Fertagus) (tidal/SLR exposure),
1042,38.631601,-8.912404,42.024,False,Rail south approach (Fertagus) (tidal/SLR exposure),
1043,38.631701,-8.912966,42.025,False,Rail south approach (Fertagus) (tidal/SLR exposure),
1044,38.6318,-8.913527,42.339,False,Rail south approach (Fertagus) (tidal/SLR exposure),
1045,38.6319,-8.914089,43.129,False,Rail south approach (Fertagus) (tidal/SLR exposure),
1046,38.631999,-8.91465,43.571,False,Rail south approach (Fertagus) (tidal/SLR exposure),
1047,38.632099,-8.915211,43.711,False,Rail south approach (Fertagus) (tidal/SLR exposure),
1048,38.632198,-8.915773,43.711,False,Rail south approach (Fertagus) (tidal/SLR exposure),
1049,38.632298,-8.916334,43.801,False,Rail south approach (Fertagus) (tidal/SLR exposure),
1050,38.632397,-8.916896,43.879,False,Rail south approach (Fertagus) (tidal/SLR exposure),
1051,38.632496,-8.917457,43.669,False,Rail south approach (Fertagus) (tidal/SLR exposure),
1052,38.632596,-8.918019,43.075,False,Rail south approach (Fertagus) (tidal/SLR exposure),
1053,38.632695,-8.91858,42.034,False,Rail south approach (Fertagus) (tidal/SLR exposure),
1054,38.632795,-8.919141,42.23,False,Rail south approach (Fertagus) (tidal/SLR exposure),
1055,38.632894,-8.919703,42.465,False,Rail south approach (Fertagus) (tidal/SLR exposure),
1056,38.632994,-8.920264,41.756,False,Rail south approach (Fertagus) (tidal/SLR exposure),
1057,38.633093,-8.920826,39.551,False,Rail south approach (Fertagus) (tidal/SLR exposure),
1058,38.633193,-8.921387,37.132,False,Rail south approach (Fertagus) (tidal/SLR exposure),
1059,38.633292,-8.921949,36.399,False,Rail south approach (Fertagus) (tidal/SLR exposure),
1060,38.633392,-8.92251,36.055,False,Rail south approach (Fertagus) (tidal/SLR exposure),
1061,38.633491,-8.923072,35.596,False,Rail south approach (Fertagus) (tidal/SLR exposure),
1062,38.633591,-8.923633,34.887,False,Rail south approach (Fertagus) (tidal/SLR exposure),
1063,38.63369,-8.924194,34.044,False,Rail south approach (Fertagus) (tidal/SLR exposure),
1064,38.63379,-8.924756,33.424,False,Rail south approach (Fertagus) (tidal/SLR exposure),
1065,38.633889,-8.925317,34.389,False,Rail south approach (Fertagus) (tidal/SLR exposure),
1066,38.633989,-8.925879,35.031,False,Rail south approach (Fertagus) (tidal/SLR exposure),
1067,38.634088,-8.92644,34.649,False,Rail south approach (Fertagus) (tidal/SLR exposure),
1068,38.634188,-8.927002,33.528,False,Rail south approach (Fertagus) (tidal/SLR exposure),
1069,38.634287,-8.927563,32.316,False,Rail south approach (Fertagus) (tidal/SLR exposure),
1070,38.634386,-8.928124,31.574,False,Rail south approach (Fertagus) (tidal/SLR exposure),
1071,38.634486,-8.928686,29.78,False,Rail south approach (Fertagus) (tidal/SLR exposure),
1072,38.634585,-8.929247,28.873,False,Rail south approach (Fertagus) (tidal/SLR exposure),
1073,38.634685,-8.929809,29.647,False,Rail south approach (Fertagus) (tidal/SLR exposure),
1074,38.634784,-8.93037,29.002,False,Rail south approach (Fertagus) (tidal/SLR exposure),
1075,38.634884,-8.930932,27.466,False,Rail south approach (Fertagus) (tidal/SLR exposure),
1076,38.634983,-8.931493,25.786,False,Rail south approach (Fertagus) (tidal/SLR exposure),
1077,38.635083,-8.932054,25.786,False,Rail south approach (Fertagus) (tidal/SLR exposure),
1078,38.635182,-8.932616,26.311,False,Rail south approach (Fertagus) (tidal/SLR exposure),
1079,38.635282,-8.933177,26.542,False,Rail south approach (Fertagus) (tidal/SLR exposure),
1080,38.635381,-8.933739,25.972,False,Rail south approach (Fertagus) (tidal/SLR exposure),
1081,38.635481,-8.9343,24.698,False,Rail south approach (Fertagus) (tidal/SLR exposure),
1082,38.63558,-8.934862,23.409,False,Rail south approach (Fertagus) (tidal/SLR exposure),
1083,38.63568,-8.935423,22.203,False,Rail south approach (Fertagus) (tidal/SLR exposure),
1084,38.635779,-8.935984,21.19,False,Rail south approach (Fertagus) (tidal/SLR exposure),
1085,38.635879,-8.936546,21.139,False,Rail south approach (Fertagus) (tidal/SLR exposure),
1086,38.635978,-8.937107,21.917,False,Rail south approach (Fertagus) (tidal/SLR exposure),
1087,38.636078,-8.937669,23.315,False,Rail south approach (Fertagus) (tidal/SLR exposure),
1088,38.636177,-8.93823,25.477,False,Rail south approach (Fertagus) (tidal/SLR exposure),
1089,38.636277,-8.938792,27.658,False,Rail south approach (Fertagus) (tidal/SLR exposure),
1090,38.636376,-8.939353,27.458,False,Rail south approach (Fertagus) (tidal/SLR exposure),
1091,38.636475,-8.939914,24.485,False,Rail south approach (Fertagus) (tidal/SLR exposure),
1092,38.636575,-8.940476,22.449,False,Rail south approach (Fertagus) (tidal/SLR exposure),
1093,38.636674,-8.941037,21.258,False,Rail south approach (Fertagus) (tidal/SLR exposure),
1094,38.636774,-8.941599,20.359,False,Rail south approach (Fertagus) (tidal/SLR exposure),
1095,38.636873,-8.94216,20.116,False,Rail south approach (Fertagus) (tidal/SLR exposure),
1096,38.636973,-8.942722,18.918,False,Rail south approach (Fertagus) (tidal/SLR exposure),
1097,38.637072,-8.943283,16.59,False,Rail south approach (Fertagus) (tidal/SLR exposure),
1098,38.637172,-8.943845,16.852,False,Rail south approach (Fertagus) (tidal/SLR exposure),
1099,38.637271,-8.944406,18.685,False,Rail south approach (Fertagus) (tidal/SLR exposure),
1100,38.637371,-8.944967,21.152,False,Rail south approach (Fertagus) (tidal/SLR exposure),
1101,38.63747,-8.945529,23.401,False,Rail south approach (Fertagus) (tidal/SLR exposure),
1102,38.63757,-8.94609,23.496,False,Rail south approach (Fertagus) (tidal/SLR exposure),
1103,38.637669,-8.946652,22.695,False,Rail south approach (Fertagus) (tidal/SLR exposure),
1104,38.637769,-8.947213,21.968,False,Rail south approach (Fertagus) (tidal/SLR exposure),
1105,38.637868,-8.947775,21.521,False,Rail south approach (Fertagus) (tidal/SLR exposure),
1106,38.637968,-8.948336,21.24,False,Rail south approach (Fertagus) (tidal/SLR exposure),
1107,38.638067,-8.948897,20.887,False,Rail south approach (Fertagus) (tidal/SLR exposure),
1108,38.638167,-8.949459,20.187,False,Rail south approach (Fertagus) (tidal/SLR exposure),
1109,38.638266,-8.95002,20.153,False,Rail south approach (Fertagus) (tidal/SLR exposure),
1110,38.638365,-8.950582,21.004,False,Rail south approach (Fertagus) (tidal/SLR exposure),
1111,38.638465,-8.951143,20.673,False,Rail south approach (Fertagus) (tidal/SLR exposure),
1112,38.638564,-8.951705,20.624,False,Rail south approach (Fertagus) (tidal/SLR exposure),
1113,38.638664,-8.952266,21.424,False,Rail south approach (Fertagus) (tidal/SLR exposure),
1114,38.638763,-8.952827,22.099,False,Rail south approach (Fertagus) (tidal/SLR exposure),
1115,38.638863,-8.953389,22.635,False,Rail south approach (Fertagus) (tidal/SLR exposure),
1116,38.638962,-8.95395,22.722,False,Rail south approach (Fertagus) (tidal/SLR exposure),
1117,38.639062,-8.954512,23.472,False,Rail south approach (Fertagus) (tidal/SLR exposure),
1118,38.639161,-8.955073,24.603,False,Rail south approach (Fertagus) (tidal/SLR exposure),
1119,38.639261,-8.955635,25.914,False,Rail south approach (Fertagus) (tidal/SLR exposure),
1120,38.63936,-8.956196,26.342,False,Rail south approach (Fertagus) (tidal/SLR exposure),
1121,38.63946,-8.956757,25.538,False,Rail south approach (Fertagus) (tidal/SLR exposure),
1122,38.639559,-8.957319,24.165,False,Rail south approach (Fertagus) (tidal/SLR exposure),
1123,38.639659,-8.95788,24.563,False,Rail south approach (Fertagus) (tidal/SLR exposure),
1124,38.639758,-8.958442,25.662,False,Rail south approach (Fertagus) (tidal/SLR exposure),
1125,38.639858,-8.959003,26.496,False,Rail south approach (Fertagus) (tidal/SLR exposure),
1126,38.639957,-8.959565,27.47,False,Rail south approach (Fertagus) (tidal/SLR exposure),
1127,38.640057,-8.960126,27.879,False,Rail south approach (Fertagus) (tidal/SLR exposure),
1128,38.640156,-8.960688,28.164,False,Rail south approach (Fertagus) (tidal/SLR exposure),
1129,38.640255,-8.961249,28.242,False,Rail south approach (Fertagus) (tidal/SLR exposure),
1130,38.640355,-8.96181,28.028,False,Rail south approach (Fertagus) (tidal/SLR exposure),
1131,38.640454,-8.962372,27.947,False,Rail south approach (Fertagus) (tidal/SLR exposure),
1132,38.640554,-8.962933,28.657,False,Rail south approach (Fertagus) (tidal/SLR exposure),
1133,38.640653,-8.963495,28.904,False,Rail south approach (Fertagus) (tidal/SLR exposure),
1134,38.640753,-8.964056,28.472,False,Rail south approach (Fertagus) (tidal/SLR exposure),
1135,38.640852,-8.964618,28.302,False,Rail south approach (Fertagus) (tidal/SLR exposure),
1136,38.640952,-8.965179,29.007,False,Rail south approach (Fertagus) (tidal/SLR exposure),
1137,38.641051,-8.96574,30.077,False,Rail south approach (Fertagus) (tidal/SLR exposure),
1138,38.641151,-8.966302,30.688,False,Rail south approach (Fertagus) (tidal/SLR exposure),
1139,38.64125,-8.966863,31.905,False,Rail south approach (Fertagus) (tidal/SLR exposure),
1140,38.64135,-8.967425,33.0,False,Rail south approach (Fertagus) (tidal/SLR exposure),
1141,38.641449,-8.967986,33.583,False,Rail south approach (Fertagus) (tidal/SLR exposure),
1142,38.641549,-8.968548,32.586,False,Rail south approach (Fertagus) (tidal/SLR exposure),
1143,38.641648,-8.969109,31.247,False,Rail south approach (Fertagus) (tidal/SLR exposure),
1144,38.641748,-8.96967,29.394,False,Rail south approach (Fertagus) (tidal/SLR exposure),
1145,38.641847,-8.970232,27.406,False,Rail south approach (Fertagus) (tidal/SLR exposure),
1146,38.641947,-8.970793,26.051,False,Rail south approach (Fertagus) (tidal/SLR exposure),
1147,38.642046,-8.971355,24.924,False,Rail south approach (Fertagus) (tidal/SLR exposure),
1148,38.642145,-8.971916,23.696,False,Rail south approach (Fertagus) (tidal/SLR exposure),
1149,38.642245,-8.972478,22.675,False,Rail south approach (Fertagus) (tidal/SLR exposure),
1150,38.642344,-8.973039,22.409,False,Rail south approach (Fertagus) (tidal/SLR exposure),
1151,38.642444,-8.9736,22.621,False,Rail south approach (Fertagus) (tidal/SLR exposure),
1152,38.642543,-8.974162,22.759,False,Rail south approach (Fertagus) (tidal/SLR exposure),
1153,38.642643,-8.974723,22.383,False,Rail south approach (Fertagus) (tidal/SLR exposure),
1154,38.642742,-8.975285,21.706,False,Rail south approach (Fertagus) (tidal/SLR exposure),
1155,38.642842,-8.975846,21.451,False,Rail south approach (Fertagus) (tidal/SLR exposure),
1156,38.642941,-8.976408,22.075,False,Rail south approach (Fertagus) (tidal/SLR exposure),
1157,38.643041,-8.976969,22.804,False,Rail south approach (Fertagus) (tidal/SLR exposure),
1158,38.64314,-8.97753,23.801,False,Rail south approach (Fertagus) (tidal/SLR exposure),
1159,38.64324,-8.978092,25.435,False,Rail south approach (Fertagus) (tidal/SLR exposure),
1160,38.643339,-8.978653,27.521,False,Rail south approach (Fertagus) (tidal/SLR exposure),
1161,38.643439,-8.979215,29.101,False,Rail south approach (Fertagus) (tidal/SLR exposure),
1162,38.643538,-8.979776,30.649,False,Rail south approach (Fertagus) (tidal/SLR exposure),
1163,38.643638,-8.980338,30.866,False,Rail south approach (Fertagus) (tidal/SLR exposure),
1164,38.643737,-8.980899,28.96,False,Rail south approach (Fertagus) (tidal/SLR exposure),
1165,38.643837,-8.981461,26.505,False,Rail south approach (Fertagus) (tidal/SLR exposure),
1166,38.643936,-8.982022,24.043,False,Rail south approach (Fertagus) (tidal/SLR exposure),
1167,38.644036,-8.982583,22.397,False,Rail south approach (Fertagus) (tidal/SLR exposure),
1168,38.644135,-8.983145,20.462,False,Rail south approach (Fertagus) (tidal/SLR exposure),
1169,38.644234,-8.983706,18.798,False,Rail south approach (Fertagus) (tidal/SLR exposure),
1170,38.644334,-8.984268,16.806,False,Rail south approach (Fertagus) (tidal/SLR exposure),
1171,38.644433,-8.984829,14.603,False,Rail south approach (Fertagus) (tidal/SLR exposure),
1172,38.644533,-8.985391,13.23,False,Rail south approach (Fertagus) (tidal/SLR exposure),
1173,38.644632,-8.985952,12.224,False,Rail south approach (Fertagus) (tidal/SLR exposure),
1174,38.644732,-8.986513,11.376,False,Rail south approach (Fertagus) (tidal/SLR exposure),
1175,38.644831,-8.987075,10.802,False,Rail south approach (Fertagus) (tidal/SLR exposure),
1176,38.644931,-8.987636,10.769,False,Rail south approach (Fertagus) (tidal/SLR exposure),
1177,38.64503,-8.988198,11.292,False,Rail south approach (Fertagus) (tidal/SLR exposure),
1178,38.64513,-8.988759,11.315,False,Rail south approach (Fertagus) (tidal/SLR exposure),
1179,38.645229,-8.989321,10.635,False,Rail south approach (Fertagus) (tidal/SLR exposure),
1180,38.645329,-8.989882,9.133,False,Rail south approach (Fertagus) (tidal/SLR exposure),
1181,38.645428,-8.990443,7.082,False,Rail south approach (Fertagus) (tidal/SLR exposure),
1182,38.645528,-8.991005,5.057,False,Rail south approach (Fertagus) (tidal/SLR exposure),
1183,38.645627,-8.991566,2.805,True,Rail south approach (Fertagus) (tidal/SLR exposure),
1184,38.645727,-8.992128,2.307,True,Rail south approach (Fertagus) (tidal/SLR exposure),
1185,38.645826,-8.992689,2.43,True,Rail south approach (Fertagus) (tidal/SLR exposure),
1186,38.645926,-8.993251,3.214,False,Rail south approach (Fertagus) (tidal/SLR exposure),
1187,38.646025,-8.993812,5.357,False,Rail south approach (Fertagus) (tidal/SLR exposure),
1188,38.646124,-8.994373,6.863,False,Rail south approach (Fertagus) (tidal/SLR exposure),
1189,38.646224,-8.994935,7.481,False,Rail south approach (Fertagus) (tidal/SLR exposure),
1190,38.646323,-8.995496,6.294,False,Rail south approach (Fertagus) (tidal/SLR exposure),
1191,38.646423,-8.996058,5.498,False,Rail south approach (Fertagus) (tidal/SLR exposure),
1192,38.646522,-8.996619,5.356,False,Rail south approach (Fertagus) (tidal/SLR exposure),
1193,38.646622,-8.997181,5.652,False,Rail south approach (Fertagus) (tidal/SLR exposure),
1194,38.646721,-8.997742,5.984,False,Rail south approach (Fertagus) (tidal/SLR exposure),
1195,38.646821,-8.998304,6.02,False,Rail south approach (Fertagus) (tidal/SLR exposure),
1196,38.64692,-8.998865,5.824,False,Rail south approach (Fertagus) (tidal/SLR exposure),
1197,38.64702,-8.999426,6.56,False,Rail south approach (Fertagus) (tidal/SLR exposure),
1198,38.647119,-8.999988,7.342,False,Rail south approach (Fertagus) (tidal/SLR exposure),
1199,38.647219,-9.000549,6.719,False,Rail south approach (Fertagus) (tidal/SLR exposure),
1200,38.647318,-9.001111,6.324,False,Rail south approach (Fertagus) (tidal/SLR exposure),
1201,38.647418,-9.001672,5.813,False,Rail south approach (Fertagus) (tidal/SLR exposure),
1202,38.647517,-9.002234,5.015,False,Rail south approach (Fertagus) (tidal/SLR exposure),
1203,38.647617,-9.002795,6.685,False,Rail south approach (Fertagus) (tidal/SLR exposure),
1204,38.647716,-9.003356,7.718,False,Rail south approach (Fertagus) (tidal/SLR exposure),
1205,38.647816,-9.003918,7.838,False,Rail south approach (Fertagus) (tidal/SLR exposure),
1206,38.647915,-9.004479,8.189,False,Rail south approach (Fertagus) (tidal/SLR exposure),
1207,38.648014,-9.005041,8.908,False,Rail south approach (Fertagus) (tidal/SLR exposure),
1208,38.648114,-9.005602,9.84,False,Rail south approach (Fertagus) (tidal/SLR exposure),
1209,38.648213,-9.006164,9.55,False,Rail south approach (Fertagus) (tidal/SLR exposure),
1210,38.648313,-9.006725,9.535,False,Rail south approach (Fertagus) (tidal/SLR exposure),
1211,38.648412,-9.007286,11.088,False,Rail south approach (Fertagus) (tidal/SLR exposure),
1212,38.648512,-9.007848,12.48,False,Rail south approach (Fertagus) (tidal/SLR exposure),
1213,38.648611,-9.008409,13.161,False,Rail south approach (Fertagus) (tidal/SLR exposure),
1214,38.648711,-9.008971,13.008,False,Rail south approach (Fertagus) (tidal/SLR exposure),
1215,38.64881,-9.009532,13.228,False,Rail south approach (Fertagus) (tidal/SLR exposure),
1216,38.64891,-9.010094,13.598,False,Rail south approach (Fertagus) (tidal/SLR exposure),
1217,38.649009,-9.010655,13.928,False,Rail south approach (Fertagus) (tidal/SLR exposure),
1218,38.649109,-9.011216,13.645,False,Rail south approach (Fertagus) (tidal/SLR exposure),
1219,38.649208,-9.011778,12.995,False,Rail south approach (Fertagus) (tidal/SLR exposure),
1220,38.649308,-9.012339,11.992,False,Rail south approach (Fertagus) (tidal/SLR exposure),
1221,38.649407,-9.012901,10.91,False,Rail south approach (Fertagus) (tidal/SLR exposure),
1222,38.649507,-9.013462,10.457,False,Rail south approach (Fertagus) (tidal/SLR exposure),
1223,38.649606,-9.014024,10.819,False,Rail south approach (Fertagus) (tidal/SLR exposure),
1224,38.649706,-9.014585,11.149,False,Rail south approach (Fertagus) (tidal/SLR exposure),
1225,38.649805,-9.015146,10.205,False,Rail south approach (Fertagus) (tidal/SLR exposure),
1226,38.649905,-9.015708,8.563,False,Rail south approach (Fertagus) (tidal/SLR exposure),
1227,38.650004,-9.016269,8.534,False,Bridge south approach viaduct (structural SLR exposure),
1228,38.650103,-9.016831,10.295,False,Bridge south approach viaduct (structural SLR exposure),
1229,38.650203,-9.017392,12.127,False,Bridge south approach viaduct (structural SLR exposure),
1230,38.650302,-9.017954,12.817,False,Bridge south approach viaduct (structural SLR exposure),
1231,38.650402,-9.018515,12.653,False,Bridge south approach viaduct (structural SLR exposure),
1232,38.650501,-9.019077,11.321,False,Bridge south approach viaduct (structural SLR exposure),
1233,38.650601,-9.019638,9.684,False,Bridge south approach viaduct (structural SLR exposure),
1234,38.6507,-9.020199,9.409,False,Bridge south approach viaduct (structural SLR exposure),
1235,38.6508,-9.020761,10.144,False,Bridge south approach viaduct (structural SLR exposure),
1236,38.650899,-9.021322,9.943,False,Bridge south approach viaduct (structural SLR exposure),
1237,38.650999,-9.021884,9.632,False,Bridge south approach viaduct (structural SLR exposure),
1238,38.651098,-9.022445,9.641,False,Bridge south approach viaduct (structural SLR exposure),
1239,38.651198,-9.023007,10.7,False,Bridge south approach viaduct (structural SLR exposure),
1240,38.651297,-9.023568,10.744,False,Bridge south approach viaduct (structural SLR exposure),
1241,38.651397,-9.024129,9.604,False,Bridge south approach viaduct (structural SLR exposure),
1242,38.651496,-9.024691,7.514,False,Bridge south approach viaduct (structural SLR exposure),
1243,38.651596,-9.025252,6.628,False,Bridge south approach viaduct (structural SLR exposure),
1244,38.651695,-9.025814,6.71,False,Bridge south approach viaduct (structural SLR exposure),
1245,38.651795,-9.026375,7.112,False,Bridge south approach viaduct (structural SLR exposure),
1246,38.651734,-9.026133,6.905,False,Bridge south approach viaduct (structural SLR exposure),
1247,38.651611,-9.025579,6.623,False,Bridge south approach viaduct (structural SLR exposure),
1248,38.651489,-9.025025,6.729,False,Bridge south approach viaduct (structural SLR exposure),
1249,38.651366,-9.024471,8.585,False,Bridge south approach viaduct (structural SLR exposure),
1250,38.651241,-9.023918,10.414,False,Bridge south approach viaduct (structural SLR exposure),
1251,38.651116,-9.023365,11.05,False,Bridge south approach viaduct (structural SLR exposure),
1252,38.65099,-9.022812,10.326,False,Bridge south approach viaduct (structural SLR exposure),
1253,38.650866,-9.022258,9.422,False,Bridge south approach viaduct (structural SLR exposure),
1254,38.650745,-9.021704,9.457,False,Bridge south approach viaduct (structural SLR exposure),
1255,38.650624,-9.021149,9.717,False,Bridge south approach viaduct (structural SLR exposure),
1256,38.650503,-9.020595,9.831,False,Bridge south approach viaduct (structural SLR exposure),
1257,38.650378,-9.020042,9.771,False,Bridge south approach viaduct (structural SLR exposure),
1258,38.650253,-9.019489,10.97,False,Bridge south approach viaduct (structural SLR exposure),
1259,38.650127,-9.018936,12.404,False,Bridge south approach viaduct (structural SLR exposure),
1260,38.650002,-9.018383,12.139,False,Bridge south approach viaduct (structural SLR exposure),
1261,38.649877,-9.01783,11.647,False,Rail south approach (Fertagus) (tidal/SLR exposure),
1262,38.649752,-9.017277,11.055,False,Rail south approach (Fertagus) (tidal/SLR exposure),
1263,38.649627,-9.016724,9.405,False,Rail south approach (Fertagus) (tidal/SLR exposure),
1264,38.6495,-9.016171,8.841,False,Rail south approach (Fertagus) (tidal/SLR exposure),
1265,38.649372,-9.015619,9.704,False,Rail south approach (Fertagus) (tidal/SLR exposure),
1266,38.649244,-9.015067,11.24,False,Rail south approach (Fertagus) (tidal/SLR exposure),
1267,38.649115,-9.014516,11.99,False,Rail south approach (Fertagus) (tidal/SLR exposure),
1268,38.648985,-9.013965,11.974,False,Rail south approach (Fertagus) (tidal/SLR exposure),
1269,38.648855,-9.013413,11.813,False,Rail south approach (Fertagus) (tidal/SLR exposure),
1270,38.648725,-9.012862,12.23,False,Rail south approach (Fertagus) (tidal/SLR exposure),
1271,38.648595,-9.012311,12.631,False,Rail south approach (Fertagus) (tidal/SLR exposure),
1272,38.648464,-9.01176,12.205,False,Rail south approach (Fertagus) (tidal/SLR exposure),
1273,38.648334,-9.011209,12.101,False,Rail south approach (Fertagus) (tidal/SLR exposure),
1274,38.648205,-9.010658,12.738,False,Rail south approach (Fertagus) (tidal/SLR exposure),
1275,38.648076,-9.010106,13.592,False,Rail south approach (Fertagus) (tidal/SLR exposure),
1276,38.647947,-9.009554,13.808,False,Rail south approach (Fertagus) (tidal/SLR exposure),
1277,38.647819,-9.009003,13.374,False,Rail south approach (Fertagus) (tidal/SLR exposure),
1278,38.64769,-9.008451,12.995,False,Rail south approach (Fertagus) (tidal/SLR exposure),
1279,38.647561,-9.0079,12.195,False,Rail south approach (Fertagus) (tidal/SLR exposure),
1280,38.647433,-9.007348,11.283,False,Rail south approach (Fertagus) (tidal/SLR exposure),
1281,38.647304,-9.006796,10.742,False,Rail south approach (Fertagus) (tidal/SLR exposure),
1282,38.647174,-9.006245,10.823,False,Rail south approach (Fertagus) (tidal/SLR exposure),
1283,38.647045,-9.005693,10.808,False,Rail south approach (Fertagus) (tidal/SLR exposure),
1284,38.646918,-9.005141,10.385,False,Rail south approach (Fertagus) (tidal/SLR exposure),
1285,38.64679,-9.004589,10.25,False,Rail south approach (Fertagus) (tidal/SLR exposure),
1286,38.64666,-9.004038,10.281,False,Rail south approach (Fertagus) (tidal/SLR exposure),
1287,38.646531,-9.003487,10.22,False,Rail south approach (Fertagus) (tidal/SLR exposure),
1288,38.6464,-9.002936,9.307,False,Rail south approach (Fertagus) (tidal/SLR exposure),
1289,38.646271,-9.002384,7.797,False,Rail south approach (Fertagus) (tidal/SLR exposure),
1290,38.646143,-9.001832,7.946,False,Rail south approach (Fertagus) (tidal/SLR exposure),
1291,38.646014,-9.001281,8.323,False,Rail south approach (Fertagus) (tidal/SLR exposure),
1292,38.645885,-9.000729,7.827,False,Rail south approach (Fertagus) (tidal/SLR exposure),
1293,38.645756,-9.000178,7.111,False,Rail south approach (Fertagus) (tidal/SLR exposure),
1294,38.645627,-8.999626,7.246,False,Rail south approach (Fertagus) (tidal/SLR exposure),
1295,38.645495,-8.999076,8.169,False,Rail south approach (Fertagus) (tidal/SLR exposure),
1296,38.645364,-8.998525,7.769,False,Rail south approach (Fertagus) (tidal/SLR exposure),
1297,38.645235,-8.997974,6.989,False,Rail south approach (Fertagus) (tidal/SLR exposure),
1298,38.64511,-8.997421,6.791,False,Rail south approach (Fertagus) (tidal/SLR exposure),
1299,38.644982,-8.996869,7.462,False,Rail south approach (Fertagus) (tidal/SLR exposure),
1300,38.644852,-8.996317,8.324,False,Rail south approach (Fertagus) (tidal/SLR exposure),
1301,38.644722,-8.995766,8.929,False,Rail south approach (Fertagus) (tidal/SLR exposure),
1302,38.644613,-8.995208,8.887,False,Rail south approach (Fertagus) (tidal/SLR exposure),
1303,38.644503,-8.994649,7.96,False,Rail south approach (Fertagus) (tidal/SLR exposure),
1304,38.644394,-8.994091,5.438,False,Rail south approach (Fertagus) (tidal/SLR exposure),
1305,38.644285,-8.993533,4.693,False,Rail south approach (Fertagus) (tidal/SLR exposure),
1306,38.644175,-8.992974,4.131,False,Rail south approach (Fertagus) (tidal/SLR exposure),
1307,38.644066,-8.992416,3.986,False,Rail south approach (Fertagus) (tidal/SLR exposure),
1308,38.643956,-8.991858,4.418,False,Rail south approach (Fertagus) (tidal/SLR exposure),
1309,38.643847,-8.991299,5.051,False,Rail south approach (Fertagus) (tidal/SLR exposure),
1310,38.643738,-8.990741,5.865,False,Rail south approach (Fertagus) (tidal/SLR exposure),
1311,38.643628,-8.990183,7.04,False,Rail south approach (Fertagus) (tidal/SLR exposure),
1312,38.643519,-8.989624,8.368,False,Rail south approach (Fertagus) (tidal/SLR exposure),
1313,38.643409,-8.989066,10.539,False,Rail south approach (Fertagus) (tidal/SLR exposure),
1314,38.6433,-8.988508,10.526,False,Rail south approach (Fertagus) (tidal/SLR exposure),
1315,38.643191,-8.987949,10.227,False,Rail south approach (Fertagus) (tidal/SLR exposure),
1316,38.643081,-8.987391,10.33,False,Rail south approach (Fertagus) (tidal/SLR exposure),
1317,38.642972,-8.986833,10.678,False,Rail south approach (Fertagus) (tidal/SLR exposure),
1318,38.642862,-8.986274,11.783,False,Rail south approach (Fertagus) (tidal/SLR exposure),
1319,38.642753,-8.985716,13.853,False,Rail south approach (Fertagus) (tidal/SLR exposure),
1320,38.642644,-8.985157,15.306,False,Rail south approach (Fertagus) (tidal/SLR exposure),
1321,38.642534,-8.984599,15.549,False,Rail south approach (Fertagus) (tidal/SLR exposure),
1322,38.642425,-8.984041,14.878,False,Rail south approach (Fertagus) (tidal/SLR exposure),
1323,38.642315,-8.983482,15.367,False,Rail south approach (Fertagus) (tidal/SLR exposure),
1324,38.642206,-8.982924,15.817,False,Rail south approach (Fertagus) (tidal/SLR exposure),
1325,38.642096,-8.982366,16.928,False,Rail south approach (Fertagus) (tidal/SLR exposure),
1326,38.641987,-8.981807,19.179,False,Rail south approach (Fertagus) (tidal/SLR exposure),
1327,38.641878,-8.981249,22.239,False,Rail south approach (Fertagus) (tidal/SLR exposure),
1328,38.641768,-8.980691,25.291,False,Rail south approach (Fertagus) (tidal/SLR exposure),
1329,38.641659,-8.980132,26.466,False,Rail south approach (Fertagus) (tidal/SLR exposure),
1330,38.641549,-8.979574,24.375,False,Rail south approach (Fertagus) (tidal/SLR exposure),
1331,38.64144,-8.979016,22.224,False,Rail south approach (Fertagus) (tidal/SLR exposure),
1332,38.641331,-8.978457,21.655,False,Rail south approach (Fertagus) (tidal/SLR exposure),
1333,38.641221,-8.977899,21.96,False,Rail south approach (Fertagus) (tidal/SLR exposure),
1334,38.641112,-8.977341,21.876,False,Rail south approach (Fertagus) (tidal/SLR exposure),
1335,38.641002,-8.976782,20.234,False,Rail south approach (Fertagus) (tidal/SLR exposure),
1336,38.640893,-8.976224,19.647,False,Rail south approach (Fertagus) (tidal/SLR exposure),
1337,38.640784,-8.975665,19.855,False,Rail south approach (Fertagus) (tidal/SLR exposure),
1338,38.640674,-8.975107,19.406,False,Rail south approach (Fertagus) (tidal/SLR exposure),
1339,38.640565,-8.974549,19.139,False,Rail south approach (Fertagus) (tidal/SLR exposure),
1340,38.640455,-8.97399,19.318,False,Rail south approach (Fertagus) (tidal/SLR exposure),
1341,38.640346,-8.973432,19.928,False,Rail south approach (Fertagus) (tidal/SLR exposure),
1342,38.640237,-8.972874,20.589,False,Rail south approach (Fertagus) (tidal/SLR exposure),
1343,38.640127,-8.972315,21.498,False,Rail south approach (Fertagus) (tidal/SLR exposure),
1344,38.640018,-8.971757,23.15,False,Rail south approach (Fertagus) (tidal/SLR exposure),
1345,38.639908,-8.971199,24.128,False,Rail south approach (Fertagus) (tidal/SLR exposure),
1346,38.639799,-8.97064,24.433,False,Rail south approach (Fertagus) (tidal/SLR exposure),
1347,38.639689,-8.970082,25.19,False,Rail south approach (Fertagus) (tidal/SLR exposure),
1348,38.63958,-8.969524,26.372,False,Rail south approach (Fertagus) (tidal/SLR exposure),
1349,38.639471,-8.968965,27.801,False,Rail south approach (Fertagus) (tidal/SLR exposure),
1350,38.639361,-8.968407,29.414,False,Rail south approach (Fertagus) (tidal/SLR exposure),
1351,38.639252,-8.967849,31.661,False,Rail south approach (Fertagus) (tidal/SLR exposure),
1352,38.639142,-8.96729,34.012,False,Rail south approach (Fertagus) (tidal/SLR exposure),
1353,38.639033,-8.966732,34.951,False,Rail south approach (Fertagus) (tidal/SLR exposure),
1354,38.638924,-8.966173,34.424,False,Rail south approach (Fertagus) (tidal/SLR exposure),
1355,38.638814,-8.965615,33.608,False,Rail south approach (Fertagus) (tidal/SLR exposure),
1356,38.638705,-8.965057,33.772,False,Rail south approach (Fertagus) (tidal/SLR exposure),
1357,38.638595,-8.964498,35.337,False,Rail south approach (Fertagus) (tidal/SLR exposure),
1358,38.638486,-8.96394,39.813,False,Rail south approach (Fertagus) (tidal/SLR exposure),
1359,38.638377,-8.963382,38.542,False,Rail south approach (Fertagus) (tidal/SLR exposure),
1360,38.638267,-8.962823,36.87,False,Rail south approach (Fertagus) (tidal/SLR exposure),
1361,38.638158,-8.962265,34.253,False,Rail south approach (Fertagus) (tidal/SLR exposure),
1362,38.638048,-8.961707,31.695,False,Rail south approach (Fertagus) (tidal/SLR exposure),
1363,38.637939,-8.961148,29.811,False,Rail south approach (Fertagus) (tidal/SLR exposure),
1364,38.63783,-8.96059,28.204,False,Rail south approach (Fertagus) (tidal/SLR exposure),
1365,38.63772,-8.960032,26.583,False,Rail south approach (Fertagus) (tidal/SLR exposure),
1366,38.637611,-8.959473,26.649,False,Rail south approach (Fertagus) (tidal/SLR exposure),
1367,38.637501,-8.958915,27.489,False,Rail south approach (Fertagus) (tidal/SLR exposure),
1368,38.637392,-8.958356,27.846,False,Rail south approach (Fertagus) (tidal/SLR exposure),
1369,38.637283,-8.957798,29.294,False,Rail south approach (Fertagus) (tidal/SLR exposure),
1370,38.637173,-8.95724,29.97,False,Rail south approach (Fertagus) (tidal/SLR exposure),
1371,38.637064,-8.956681,29.266,False,Rail south approach (Fertagus) (tidal/SLR exposure),
1372,38.636954,-8.956123,28.46,False,Rail south approach (Fertagus) (tidal/SLR exposure),
1373,38.636845,-8.955565,26.963,False,Rail south approach (Fertagus) (tidal/SLR exposure),
1374,38.636735,-8.955006,25.123,False,Rail south approach (Fertagus) (tidal/SLR exposure),
1375,38.636626,-8.954448,24.225,False,Rail south approach (Fertagus) (tidal/SLR exposure),
1376,38.636517,-8.95389,24.606,False,Rail south approach (Fertagus) (tidal/SLR exposure),
1377,38.636407,-8.953331,25.157,False,Rail south approach (Fertagus) (tidal/SLR exposure),
1378,38.636298,-8.952773,24.773,False,Rail south approach (Fertagus) (tidal/SLR exposure),
1379,38.636188,-8.952215,24.661,False,Rail south approach (Fertagus) (tidal/SLR exposure),
1380,38.636079,-8.951656,25.124,False,Rail south approach (Fertagus) (tidal/SLR exposure),
1381,38.63597,-8.951098,25.045,False,Rail south approach (Fertagus) (tidal/SLR exposure),
1382,38.63586,-8.95054,24.004,False,Rail south approach (Fertagus) (tidal/SLR exposure),
1383,38.635751,-8.949981,22.593,False,Rail south approach (Fertagus) (tidal/SLR exposure),
1384,38.635641,-8.949423,21.797,False,Rail south approach (Fertagus) (tidal/SLR exposure),
1385,38.635532,-8.948864,21.397,False,Rail south approach (Fertagus) (tidal/SLR exposure),
1386,38.635423,-8.948306,21.319,False,Rail south approach (Fertagus) (tidal/SLR exposure),
1387,38.635313,-8.947748,21.973,False,Rail south approach (Fertagus) (tidal/SLR exposure),
1388,38.635204,-8.947189,22.731,False,Rail south approach (Fertagus) (tidal/SLR exposure),
1389,38.635094,-8.946631,22.835,False,Rail south approach (Fertagus) (tidal/SLR exposure),
1390,38.634985,-8.946073,22.669,False,Rail south approach (Fertagus) (tidal/SLR exposure),
1391,38.634876,-8.945514,21.467,False,Rail south approach (Fertagus) (tidal/SLR exposure),
1392,38.634766,-8.944956,17.849,False,Rail south approach (Fertagus) (tidal/SLR exposure),
1393,38.634657,-8.944398,19.495,False,Rail south approach (Fertagus) (tidal/SLR exposure),
1394,38.634547,-8.943839,20.228,False,Rail south approach (Fertagus) (tidal/SLR exposure),
1395,38.634438,-8.943281,20.71,False,Rail south approach (Fertagus) (tidal/SLR exposure),
1396,38.634328,-8.942723,20.75,False,Rail south approach (Fertagus) (tidal/SLR exposure),
1397,38.634219,-8.942164,20.594,False,Rail south approach (Fertagus) (tidal/SLR exposure),
1398,38.63411,-8.941606,20.432,False,Rail south approach (Fertagus) (tidal/SLR exposure),
1399,38.634,-8.941048,21.949,False,Rail south approach (Fertagus) (tidal/SLR exposure),
1400,38.633891,-8.940489,24.147,False,Rail south approach (Fertagus) (tidal/SLR exposure),
1401,38.633781,-8.939931,26.422,False,Rail south approach (Fertagus) (tidal/SLR exposure),
1402,38.633672,-8.939372,27.87,False,Rail south approach (Fertagus) (tidal/SLR exposure),
1403,38.633563,-8.938814,28.048,False,Rail south approach (Fertagus) (tidal/SLR exposure),
1404,38.633453,-8.938256,26.991,False,Rail south approach (Fertagus) (tidal/SLR exposure),
1405,38.633344,-8.937697,26.041,False,Rail south approach (Fertagus) (tidal/SLR exposure),
1406,38.633234,-8.937139,25.726,False,Rail south approach (Fertagus) (tidal/SLR exposure),
1407,38.633125,-8.936581,26.096,False,Rail south approach (Fertagus) (tidal/SLR exposure),
1408,38.633016,-8.936022,26.078,False,Rail south approach (Fertagus) (tidal/SLR exposure),
1409,38.632906,-8.935464,26.05,False,Rail south approach (Fertagus) (tidal/SLR exposure),
1410,38.632797,-8.934906,26.666,False,Rail south approach (Fertagus) (tidal/SLR exposure),
1411,38.632687,-8.934347,27.692,False,Rail south approach (Fertagus) (tidal/SLR exposure),
1412,38.632578,-8.933789,29.329,False,Rail south approach (Fertagus) (tidal/SLR exposure),
1413,38.632469,-8.933231,31.442,False,Rail south approach (Fertagus) (tidal/SLR exposure),
1414,38.632359,-8.932672,30.991,False,Rail south approach (Fertagus) (tidal/SLR exposure),
1415,38.63225,-8.932114,30.187,False,Rail south approach (Fertagus) (tidal/SLR exposure),
1416,38.63214,-8.931556,29.465,False,Rail south approach (Fertagus) (tidal/SLR exposure),
1417,38.632031,-8.930997,30.058,False,Rail south approach (Fertagus) (tidal/SLR exposure),
1418,38.631922,-8.930439,30.552,False,Rail south approach (Fertagus) (tidal/SLR exposure),
1419,38.631812,-8.92988,30.613,False,Rail south approach (Fertagus) (tidal/SLR exposure),
1420,38.631703,-8.929322,31.334,False,Rail south approach (Fertagus) (tidal/SLR exposure),
1421,38.631593,-8.928764,32.039,False,Rail south approach (Fertagus) (tidal/SLR exposure),
1422,38.631484,-8.928205,32.6,False,Rail south approach (Fertagus) (tidal/SLR exposure),
1423,38.631374,-8.927647,33.36,False,Rail south approach (Fertagus) (tidal/SLR exposure),
1424,38.631265,-8.927089,34.172,False,Rail south approach (Fertagus) (tidal/SLR exposure),
1425,38.631156,-8.92653,34.574,False,Rail south approach (Fertagus) (tidal/SLR exposure),
1426,38.631046,-8.925972,33.855,False,Rail south approach (Fertagus) (tidal/SLR exposure),
1427,38.630937,-8.925414,33.43,False,Rail south approach (Fertagus) (tidal/SLR exposure),
1428,38.630827,-8.924855,33.834,False,Rail south approach (Fertagus) (tidal/SLR exposure),
1429,38.630718,-8.924297,34.739,False,Rail south approach (Fertagus) (tidal/SLR exposure),
1430,38.630609,-8.923739,36.051,False,Rail south approach (Fertagus) (tidal/SLR exposure),
1431,38.630499,-8.92318,37.375,False,Rail south approach (Fertagus) (tidal/SLR exposure),
1432,38.63039,-8.922622,37.192,False,Rail south approach (Fertagus) (tidal/SLR exposure),
1433,38.63028,-8.922064,36.858,False,Rail south approach (Fertagus) (tidal/SLR exposure),
1434,38.630171,-8.921505,37.163,False,Rail south approach (Fertagus) (tidal/SLR exposure),
1435,38.630062,-8.920947,37.67,False,Rail south approach (Fertagus) (tidal/SLR exposure),
1436,38.629952,-8.920388,38.087,False,Rail south approach (Fertagus) (tidal/SLR exposure),
1437,38.629843,-8.91983,38.458,False,Rail south approach (Fertagus) (tidal/SLR exposure),
1438,38.629733,-8.919272,39.486,False,Rail south approach (Fertagus) (tidal/SLR exposure),
1439,38.629624,-8.918713,39.736,False,Rail south approach (Fertagus) (tidal/SLR exposure),
1440,38.629515,-8.918155,39.646,False,Rail south approach (Fertagus) (tidal/SLR exposure),
1441,38.629405,-8.917597,40.439,False,Rail south approach (Fertagus) (tidal/SLR exposure),
1442,38.629296,-8.917038,41.088,False,Rail south approach (Fertagus) (tidal/SLR exposure),
1443,38.629186,-8.91648,41.84,False,Rail south approach (Fertagus) (tidal/SLR exposure),
1444,38.629077,-8.915922,42.869,False,Rail south approach (Fertagus) (tidal/SLR exposure),
1445,38.628968,-8.915363,43.952,False,Rail south approach (Fertagus) (tidal/SLR exposure),
1446,38.628858,-8.914805,44.559,False,Rail south approach (Fertagus) (tidal/SLR exposure),
1447,38.628749,-8.914247,44.217,False,Rail south approach (Fertagus) (tidal/SLR exposure),
1448,38.628639,-8.913688,43.484,False,Rail south approach (Fertagus) (tidal/SLR exposure),
1449,38.62853,-8.91313,42.692,False,Rail south approach (Fertagus) (tidal/SLR exposure),
1450,38.62842,-8.912572,43.553,False,Rail south approach (Fertagus) (tidal/SLR exposure),
1451,38.628311,-8.912013,44.713,False,Rail south approach (Fertagus) (tidal/SLR exposure),
1452,38.628202,-8.911455,45.225,False,Rail south approach (Fertagus) (tidal/SLR exposure),
1453,38.628092,-8.910896,45.315,False,Rail south approach (Fertagus) (tidal/SLR exposure),
1454,38.627983,-8.910338,44.691,False,Rail south approach (Fertagus) (tidal/SLR exposure),
1455,38.627873,-8.90978,42.782,False,Rail south approach (Fertagus) (tidal/SLR exposure),
1456,38.627764,-8.909221,40.739,False,Rail south approach (Fertagus) (tidal/SLR exposure),
1457,38.627655,-8.908663,39.558,False,Rail south approach (Fertagus) (tidal/SLR exposure),
1458,38.627545,-8.908105,38.641,False,Rail south approach (Fertagus) (tidal/SLR exposure),
1459,38.627436,-8.907546,37.63,False,Rail south approach (Fertagus) (tidal/SLR exposure),
1460,38.627326,-8.906988,37.435,False,Rail south approach (Fertagus) (tidal/SLR exposure),
1461,38.627217,-8.90643,37.603,False,Rail south approach (Fertagus) (tidal/SLR exposure),
1462,38.627108,-8.905871,37.778,False,Rail south approach (Fertagus) (tidal/SLR exposure),
1463,38.626998,-8.905313,37.634,False,Rail south approach (Fertagus) (tidal/SLR exposure),
1464,38.626889,-8.904755,36.828,False,Rail south approach (Fertagus) (tidal/SLR exposure),
1465,38.626779,-8.904196,35.396,False,Rail south approach (Fertagus) (tidal/SLR exposure),
1466,38.62667,-8.903638,35.039,False,Rail south approach (Fertagus) (tidal/SLR exposure),
1467,38.626317,-8.903317,34.879,False,Rail south approach (Fertagus) (tidal/SLR exposure),
1468,38.625926,-8.903034,34.498,False,Rail south approach (Fertagus) (tidal/SLR exposure),
1469,38.625534,-8.902752,34.762,False,Rail south approach (Fertagus) (tidal/SLR exposure),
1470,38.625143,-8.902468,35.518,False,Rail south approach (Fertagus) (tidal/SLR exposure),
1471,38.624753,-8.90218,35.728,False,Rail south approach (Fertagus) (tidal/SLR exposure),
1472,38.624364,-8.901892,35.297,False,Rail south approach (Fertagus) (tidal/SLR exposure),
1473,38.623974,-8.901604,35.19,False,Rail south approach (Fertagus) (tidal/SLR exposure),
1474,38.623585,-8.901317,35.489,False,Rail south approach (Fertagus) (tidal/SLR exposure),
1475,38.623196,-8.901029,35.447,False,Rail south approach (Fertagus) (tidal/SLR exposure),
1476,38.622806,-8.900741,35.056,False,Rail south approach (Fertagus) (tidal/SLR exposure),
1477,38.622417,-8.900453,35.365,False,Rail south approach (Fertagus) (tidal/SLR exposure),
1478,38.622028,-8.900165,36.552,False,Rail south approach (Fertagus) (tidal/SLR exposure),
1479,38.621638,-8.899878,37.319,False,Rail south approach (Fertagus) (tidal/SLR exposure),
1480,38.621247,-8.899593,37.696,False,Rail south approach (Fertagus) (tidal/SLR exposure),
1481,38.620857,-8.899308,37.957,False,Rail south approach (Fertagus) (tidal/SLR exposure),
1482,38.620466,-8.899023,38.096,False,Rail south approach (Fertagus) (tidal/SLR exposure),
1483,38.620075,-8.898738,38.146,False,Rail south approach (Fertagus) (tidal/SLR exposure),
1484,38.619685,-8.898452,38.205,False,Rail south approach (Fertagus) (tidal/SLR exposure),
1485,38.619295,-8.898165,38.073,False,Rail south approach (Fertagus) (tidal/SLR exposure),
1486,38.618906,-8.897877,37.782,False,Rail south approach (Fertagus) (tidal/SLR exposure),
1487,38.618517,-8.897589,38.131,False,Rail south approach (Fertagus) (tidal/SLR exposure),
1488,38.618128,-8.897301,39.041,False,Rail south approach (Fertagus) (tidal/SLR exposure),
1489,38.617738,-8.897013,39.793,False,Rail south approach (Fertagus) (tidal/SLR exposure),
1490,38.617346,-8.896731,40.351,False,Rail south approach (Fertagus) (tidal/SLR exposure),
1491,38.616954,-8.896449,39.935,False,Rail south approach (Fertagus) (tidal/SLR exposure),
1492,38.616562,-8.896167,39.107,False,Rail south approach (Fertagus) (tidal/SLR exposure),
1493,38.61617,-8.895885,39.103,False,Rail south approach (Fertagus) (tidal/SLR exposure),
1494,38.615778,-8.895603,39.115,False,Rail south approach (Fertagus) (tidal/SLR exposure),
1495,38.615388,-8.895317,39.047,False,Rail south approach (Fertagus) (tidal/SLR exposure),
1496,38.614998,-8.895031,39.181,False,Rail south approach (Fertagus) (tidal/SLR exposure),
1497,38.614607,-8.894745,39.094,False,Rail south approach (Fertagus) (tidal/SLR exposure),
1498,38.614217,-8.89446,38.918,False,Rail south approach (Fertagus) (tidal/SLR exposure),
1499,38.613827,-8.894174,39.539,False,Rail south approach (Fertagus) (tidal/SLR exposure),
1500,38.613437,-8.893887,40.603,False,Rail south approach (Fertagus) (tidal/SLR exposure),
1501,38.613047,-8.893601,41.663,False,Rail south approach (Fertagus) (tidal/SLR exposure),
1502,38.612657,-8.893315,41.983,False,Rail south approach (Fertagus) (tidal/SLR exposure),
1503,38.612267,-8.893028,41.791,False,Rail south approach (Fertagus) (tidal/SLR exposure),
1504,38.611877,-8.892742,41.246,False,Rail south approach (Fertagus) (tidal/SLR exposure),
1505,38.611487,-8.892455,40.682,False,Rail south approach (Fertagus) (tidal/SLR exposure),
1506,38.611097,-8.892169,40.575,False,Rail south approach (Fertagus) (tidal/SLR exposure),
1507,38.610707,-8.891882,41.174,False,Rail south approach (Fertagus) (tidal/SLR exposure),
1508,38.610317,-8.891595,42.078,False,Rail south approach (Fertagus) (tidal/SLR exposure),
1509,38.609928,-8.891308,42.691,False,Rail south approach (Fertagus) (tidal/SLR exposure),
1510,38.609538,-8.89102,42.749,False,Rail south approach (Fertagus) (tidal/SLR exposure),
1511,38.609149,-8.890732,43.028,False,Rail south approach (Fertagus) (tidal/SLR exposure),
1512,38.60876,-8.890444,43.63,False,Rail south approach (Fertagus) (tidal/SLR exposure),
1513,38.60837,-8.890156,44.176,False,Rail south approach (Fertagus) (tidal/SLR exposure),
1514,38.607981,-8.889868,44.264,False,Rail south approach (Fertagus) (tidal/SLR exposure),
1515,38.607592,-8.88958,44.178,False,Rail south approach (Fertagus) (tidal/SLR exposure),
1516,38.607244,-8.889413,44.336,False,Rail south approach (Fertagus) (tidal/SLR exposure),
1517,38.607149,-8.889975,45.653,False,Rail south approach (Fertagus) (tidal/SLR exposure),
1518,38.607055,-8.890538,46.408,False,Rail south approach (Fertagus) (tidal/SLR exposure),
1519,38.60696,-8.8911,47.337,False,Rail south approach (Fertagus) (tidal/SLR exposure),
1520,38.606865,-8.891663,48.1,False,Rail south approach (Fertagus) (tidal/SLR exposure),
1521,38.606771,-8.892225,48.487,False,Rail south approach (Fertagus) (tidal/SLR exposure),
1522,38.606676,-8.892788,48.971,False,Rail south approach (Fertagus) (tidal/SLR exposure),
1523,38.606581,-8.89335,49.729,False,Rail south approach (Fertagus) (tidal/SLR exposure),
1524,38.606487,-8.893913,51.225,False,Rail south approach (Fertagus) (tidal/SLR exposure),
1525,38.606392,-8.894475,51.594,False,Rail south approach (Fertagus) (tidal/SLR exposure),
1526,38.606298,-8.895038,51.601,False,Rail south approach (Fertagus) (tidal/SLR exposure),
1527,38.606203,-8.8956,52.659,False,Rail south approach (Fertagus) (tidal/SLR exposure),
1528,38.606108,-8.896162,53.403,False,Rail south approach (Fertagus) (tidal/SLR exposure),
1529,38.606014,-8.896725,53.387,False,Rail south approach (Fertagus) (tidal/SLR exposure),
1530,38.605919,-8.897287,53.302,False,Rail south approach (Fertagus) (tidal/SLR exposure),
1531,38.605824,-8.89785,54.044,False,Rail south approach (Fertagus) (tidal/SLR exposure),
1532,38.60573,-8.898412,54.338,False,Rail south approach (Fertagus) (tidal/SLR exposure),
1533,38.605635,-8.898975,53.534,False,Rail south approach (Fertagus) (tidal/SLR exposure),
1534,38.60554,-8.899537,53.357,False,Rail south approach (Fertagus) (tidal/SLR exposure),
1535,38.605446,-8.9001,53.336,False,Rail south approach (Fertagus) (tidal/SLR exposure),
1536,38.605351,-8.900662,53.026,False,Rail south approach (Fertagus) (tidal/SLR exposure),
1537,38.605256,-8.901225,52.169,False,Rail south approach (Fertagus) (tidal/SLR exposure),
1538,38.605162,-8.901787,51.047,False,Rail south approach (Fertagus) (tidal/SLR exposure),
1539,38.605067,-8.90235,50.099,False,Rail south approach (Fertagus) (tidal/SLR exposure),
1540,38.604972,-8.902912,49.893,False,Rail south approach (Fertagus) (tidal/SLR exposure),
1541,38.604878,-8.903474,49.197,False,Rail south approach (Fertagus) (tidal/SLR exposure),
1542,38.604783,-8.904037,47.989,False,Rail south approach (Fertagus) (tidal/SLR exposure),
1543,38.604689,-8.904599,47.484,False,Rail south approach (Fertagus) (tidal/SLR exposure),
1544,38.604594,-8.905162,47.198,False,Rail south approach (Fertagus) (tidal/SLR exposure),
1545,38.604499,-8.905724,47.037,False,Rail south approach (Fertagus) (tidal/SLR exposure),
1546,38.604405,-8.906287,47.209,False,Rail south approach (Fertagus) (tidal/SLR exposure),
1547,38.60431,-8.906849,47.314,False,Rail south approach (Fertagus) (tidal/SLR exposure),
1548,38.604215,-8.907412,47.142,False,Rail south approach (Fertagus) (tidal/SLR exposure),
1549,38.604121,-8.907974,47.067,False,Rail south approach (Fertagus) (tidal/SLR exposure),
1550,38.604026,-8.908537,47.937,False,Rail south approach (Fertagus) (tidal/SLR exposure),
1551,38.603931,-8.909099,48.846,False,Rail south approach (Fertagus) (tidal/SLR exposure),
1552,38.603837,-8.909662,48.054,False,Rail south approach (Fertagus) (tidal/SLR exposure),
1553,38.603742,-8.910224,48.492,False,Rail south approach (Fertagus) (tidal/SLR exposure),
1554,38.603647,-8.910786,49.539,False,Rail south approach (Fertagus) (tidal/SLR exposure),
1555,38.603553,-8.911349,49.557,False,Rail south approach (Fertagus) (tidal/SLR exposure),
1556,38.603458,-8.911911,49.314,False,Rail south approach (Fertagus) (tidal/SLR exposure),
1557,38.603363,-8.912474,49.413,False,Rail south approach (Fertagus) (tidal/SLR exposure),
1558,38.603269,-8.913036,50.3,False,Rail south approach (Fertagus) (tidal/SLR exposure),
1559,38.603174,-8.913599,50.268,False,Rail south approach (Fertagus) (tidal/SLR exposure),
1560,38.60308,-8.914161,48.403,False,Rail south approach (Fertagus) (tidal/SLR exposure),
1561,38.602985,-8.914724,45.952,False,Rail south approach (Fertagus) (tidal/SLR exposure),
1562,38.60289,-8.915286,45.428,False,Rail south approach (Fertagus) (tidal/SLR exposure),
1563,38.602796,-8.915849,45.499,False,Rail south approach (Fertagus) (tidal/SLR exposure),
1564,38.602701,-8.916411,45.264,False,Rail south approach (Fertagus) (tidal/SLR exposure),
1565,38.602606,-8.916974,45.86,False,Rail south approach (Fertagus) (tidal/SLR exposure),
1566,38.602512,-8.917536,46.734,False,Rail south approach (Fertagus) (tidal/SLR exposure),
1567,38.602417,-8.918098,47.184,False,Rail south approach (Fertagus) (tidal/SLR exposure),
1568,38.602322,-8.918661,48.196,False,Rail south approach (Fertagus) (tidal/SLR exposure),
1569,38.602228,-8.919223,49.535,False,Rail south approach (Fertagus) (tidal/SLR exposure),
1570,38.602133,-8.919786,50.967,False,Rail south approach (Fertagus) (tidal/SLR exposure),
1571,38.602038,-8.920348,51.206,False,Rail south approach (Fertagus) (tidal/SLR exposure),
1572,38.601944,-8.920911,50.783,False,Rail south approach (Fertagus) (tidal/SLR exposure),
1573,38.601849,-8.921473,50.936,False,Rail south approach (Fertagus) (tidal/SLR exposure),
1574,38.601755,-8.922036,51.747,False,Rail south approach (Fertagus) (tidal/SLR exposure),
1575,38.60166,-8.922598,52.838,False,Rail south approach (Fertagus) (tidal/SLR exposure),
1576,38.601565,-8.923161,53.916,False,Rail south approach (Fertagus) (tidal/SLR exposure),
1577,38.601471,-8.923723,54.814,False,Rail south approach (Fertagus) (tidal/SLR exposure),
1578,38.601376,-8.924286,56.087,False,Rail south approach (Fertagus) (tidal/SLR exposure),
1579,38.601281,-8.924848,57.326,False,Rail south approach (Fertagus) (tidal/SLR exposure),
1580,38.601187,-8.925411,57.822,False,Rail south approach (Fertagus) (tidal/SLR exposure),
1581,38.601092,-8.925973,58.122,False,Rail south approach (Fertagus) (tidal/SLR exposure),
1582,38.600997,-8.926535,58.274,False,Rail south approach (Fertagus) (tidal/SLR exposure),
1583,38.600903,-8.927098,59.102,False,Rail south approach (Fertagus) (tidal/SLR exposure),
1584,38.600808,-8.92766,60.019,False,Rail south approach (Fertagus) (tidal/SLR exposure),
1585,38.600713,-8.928223,60.852,False,Rail south approach (Fertagus) (tidal/SLR exposure),
1586,38.600619,-8.928785,62.153,False,Rail south approach (Fertagus) (tidal/SLR exposure),
1587,38.600524,-8.929348,61.787,False,Rail south approach (Fertagus) (tidal/SLR exposure),
1588,38.600429,-8.92991,60.524,False,Rail south approach (Fertagus) (tidal/SLR exposure),
1589,38.600335,-8.930473,59.959,False,Rail south approach (Fertagus) (tidal/SLR exposure),
1590,38.60024,-8.931035,60.211,False,Rail south approach (Fertagus) (tidal/SLR exposure),
1591,38.600146,-8.931598,61.075,False,Rail south approach (Fertagus) (tidal/SLR exposure),
1592,38.600051,-8.93216,61.358,False,Rail south approach (Fertagus) (tidal/SLR exposure),
1593,38.599956,-8.932723,61.762,False,,
1594,38.599862,-8.933285,62.027,False,,
1595,38.599767,-8.933847,61.652,False,,
1596,38.599672,-8.93441,61.725,False,,
1597,38.599578,-8.934972,62.141,False,,
1598,38.599483,-8.935535,63.287,False,,
1599,38.599388,-8.936097,64.499,False,,
1600,38.599294,-8.93666,66.279,False,,
1601,38.599199,-8.937222,67.995,False,,
1602,38.599104,-8.937785,67.164,False,,
1603,38.59901,-8.938347,64.784,False,,
1604,38.598915,-8.93891,63.256,False,,
1605,38.59882,-8.939472,63.128,False,,
1606,38.598726,-8.940035,62.572,False,,
1607,38.598631,-8.940597,61.503,False,,
1608,38.598537,-8.941159,62.066,False,,
1609,38.598442,-8.941722,62.623,False,,
1610,38.598347,-8.942284,62.562,False,,
1611,38.598253,-8.942847,62.81,False,,
1612,38.598158,-8.943409,62.126,False,,
1613,38.598063,-8.943972,60.794,False,,
1614,38.597969,-8.944534,61.201,False,,
1615,38.597874,-8.945097,62.498,False,,
1616,38.597779,-8.945659,63.396,False,,
1617,38.597685,-8.946222,63.395,False,,
1618,38.59759,-8.946784,63.125,False,,
1619,38.597495,-8.947347,62.726,False,,
1620,38.597401,-8.947909,63.035,False,,
1621,38.597306,-8.948472,63.166,False,,
1622,38.597211,-8.949034,62.852,False,,
1623,38.597117,-8.949596,61.829,False,,
1624,38.597022,-8.950159,61.759,False,,
1625,38.596928,-8.950721,62.577,False,,
1626,38.596833,-8.951284,63.726,False,,
1627,38.596738,-8.951846,65.314,False,,
1628,38.596644,-8.952409,67.017,False,,
1629,38.596549,-8.952971,68.816,False,,
1630,38.596454,-8.953534,69.693,False,,
1631,38.59636,-8.954096,68.888,False,,
1632,38.596265,-8.954659,67.682,False,,
1633,38.59617,-8.955221,66.224,False,,
1634,38.596076,-8.955784,65.162,False,,
1635,38.595981,-8.956346,66.727,False,,
1636,38.595886,-8.956908,67.963,False,,
1637,38.595792,-8.957471,68.861,False,,
1638,38.595697,-8.958033,69.168,False,,
1639,38.595602,-8.958596,69.923,False,,
1640,38.595508,-8.959158,70.195,False,,
1641,38.595413,-8.959721,69.05,False,,
1642,38.595319,-8.960283,67.54,False,,
1643,38.595224,-8.960846,64.909,False,,
1644,38.595129,-8.961408,63.742,False,,
1645,38.595035,-8.961971,63.035,False,,
1646,38.59494,-8.962533,61.247,False,,
1647,38.594845,-8.963096,59.719,False,,
1648,38.594751,-8.963658,60.269,False,,
1649,38.594656,-8.96422,61.161,False,,
1650,38.594561,-8.964783,61.543,False,,
1651,38.594467,-8.965345,62.68,False,,
1652,38.594372,-8.965908,62.869,False,,
1653,38.594277,-8.96647,61.057,False,,
1654,38.594183,-8.967033,57.683,False,,
1655,38.594088,-8.967595,54.494,False,,
1656,38.593994,-8.968158,53.31,False,,
1657,38.593899,-8.96872,52.017,False,,
1658,38.593804,-8.969283,51.792,False,,
1659,38.59371,-8.969845,52.745,False,,
1660,38.593615,-8.970408,51.866,False,,
1661,38.59352,-8.97097,50.793,False,,
1662,38.593426,-8.971533,50.135,False,,
1663,38.593331,-8.972095,49.707,False,,
1664,38.593236,-8.972657,49.159,False,,
1665,38.593142,-8.97322,48.556,False,,
1666,38.593047,-8.973782,48.346,False,,
1667,38.592952,-8.974345,48.62,False,,
1668,38.592858,-8.974907,49.209,False,,
1669,38.592763,-8.97547,48.592,False,,
1670,38.592668,-8.976032,48.46,False,,
1671,38.592574,-8.976595,49.152,False,,
1672,38.592479,-8.977157,50.522,False,,
1673,38.592385,-8.97772,50.305,False,,
1674,38.59229,-8.978282,49.326,False,,
1675,38.592195,-8.978845,48.597,False,,
1676,38.592101,-8.979407,48.433,False,,
1677,38.592006,-8.979969,47.842,False,,
1678,38.591911,-8.980532,45.837,False,,
1679,38.591817,-8.981094,44.368,False,,
1680,38.591722,-8.981657,43.524,False,,
1681,38.591627,-8.982219,43.709,False,,
1682,38.591533,-8.982782,45.753,False,,
1683,38.591438,-8.983344,46.532,False,,
1684,38.591343,-8.983907,44.377,False,,
1685,38.591249,-8.984469,43.248,False,,
1686,38.591154,-8.985032,44.025,False,,
1687,38.591059,-8.985594,44.6,False,,
1688,38.590965,-8.986157,44.306,False,,
1689,38.59087,-8.986719,41.999,False,,
1690,38.590776,-8.987281,39.949,False,,
1691,38.590681,-8.987844,39.221,False,,
1692,38.590586,-8.988406,37.052,False,,
1693,38.590492,-8.988969,34.512,False,,
1694,38.590397,-8.989531,34.353,False,,
1695,38.590302,-8.990094,35.058,False,,
1696,38.590208,-8.990656,35.607,False,,
1697,38.590113,-8.991219,33.431,False,,
1698,38.590018,-8.991781,32.041,False,,
1699,38.589924,-8.992344,32.734,False,,
1700,38.589829,-8.992906,34.972,False,,
1701,38.589734,-8.993469,35.562,False,,
1702,38.58964,-8.994031,35.313,False,,
1703,38.589545,-8.994594,36.551,False,,
1704,38.58945,-8.995156,37.202,False,,
1705,38.589356,-8.995718,37.283,False,,
1706,38.589253,-8.996276,38.055,False,,
1707,38.588969,-8.996721,38.452,False,,
1708,38.588695,-8.997178,38.367,False,,
1709,38.588431,-8.997643,38.255,False,,
1710,38.588181,-8.998122,39.101,False,,
1711,38.587958,-8.998621,39.79,False,,
1712,38.587742,-8.999125,39.663,False,,
1713,38.587525,-8.999629,39.725,False,,
1714,38.587308,-9.000133,40.696,False,,
1715,38.587095,-9.000639,41.881,False,,
1716,38.586886,-9.001149,42.05,False,,
1717,38.586678,-9.001659,41.934,False,,
1718,38.58647,-9.002169,42.334,False,,
1719,38.586264,-9.00268,43.154,False,,
1720,38.586072,-9.0032,43.709,False,,
1721,38.585886,-9.003724,44.402,False,,
1722,38.585723,-9.00426,43.941,False,,
1723,38.585573,-9.004802,42.547,False,,
1724,38.585429,-9.005347,43.163,False,,
1725,38.585316,-9.005904,43.767,False,,
1726,38.585222,-9.006466,42.717,False,,
1727,38.585136,-9.007031,41.366,False,,
1728,38.585059,-9.007597,40.825,False,,
1729,38.58501,-9.008169,41.445,False,,
1730,38.584972,-9.008742,41.256,False,,
1731,38.584949,-9.009317,41.13,False,,
1732,38.584947,-9.009892,41.186,False,,
1733,38.584952,-9.010467,40.532,False,,
1734,38.584956,-9.011042,40.483,False,,
1735,38.584961,-9.011617,41.102,False,,
1736,38.584965,-9.012193,41.922,False,,
1737,38.584969,-9.012768,42.038,False,,
1738,38.584974,-9.013343,41.93,False,,
1739,38.584954,-9.013917,42.204,False,,
1740,38.584926,-9.014491,43.722,False,,
1741,38.584897,-9.015066,45.418,False,,
1742,38.584844,-9.015637,46.813,False,,
1743,38.584773,-9.016205,48.086,False,,
1744,38.584687,-9.016769,48.767,False,,
1745,38.584633,-9.017187,49.0,False,,
1746,38.584844,-9.016679,48.938,False,,
1747,38.585056,-9.016171,48.239,False,,
1748,38.585267,-9.015664,46.757,False,,
1749,38.585479,-9.015156,45.278,False,,
1750,38.585691,-9.014648,43.842,False,,
1751,38.585902,-9.014141,42.81,False,,
1752,38.586114,-9.013633,43.305,False,,
1753,38.586326,-9.013125,43.27,False,,
1754,38.586537,-9.012618,41.191,False,,
1755,38.586749,-9.01211,39.908,False,,
1756,38.586961,-9.011602,40.451,False,,
1757,38.587172,-9.011094,40.589,False,,
1758,38.587384,-9.010587,41.082,False,,
1759,38.587596,-9.010079,41.719,False,,
1760,38.587807,-9.009571,41.75,False,,
1761,38.588019,-9.009064,42.055,False,,
1762,38.588231,-9.008556,42.798,False,,
1763,38.588442,-9.008048,42.698,False,,
1764,38.588654,-9.007541,41.603,False,,
1765,38.588865,-9.007033,40.817,False,,
1766,38.589077,-9.006525,40.362,False,,
1767,38.589289,-9.006017,38.906,False,,
1768,38.5895,-9.00551,37.585,False,,
1769,38.589712,-9.005002,37.442,False,,
1770,38.589924,-9.004494,38.192,False,,
1771,38.590135,-9.003987,39.09,False,,
1772,38.590347,-9.003479,39.391,False,,
1773,38.590559,-9.002971,39.166,False,,
1774,38.59077,-9.002463,38.743,False,,
1775,38.590982,-9.001956,38.042,False,,
1776,38.591194,-9.001448,38.05,False,,
1777,38.591405,-9.00094,38.604,False,,
1778,38.591617,-9.000433,38.376,False,,
1779,38.591828,-8.999925,37.646,False,,
1780,38.59204,-8.999417,36.748,False,,
1781,38.592252,-8.99891,37.122,False,,
1782,38.592463,-8.998402,37.854,False,,
1783,38.592675,-8.997894,38.06,False,,
1784,38.592887,-8.997386,36.869,False,,
1785,38.593098,-8.996879,35.196,False,,
1786,38.59331,-8.996371,34.624,False,,
1787,38.593522,-8.995863,34.478,False,,
1788,38.593733,-8.995356,34.181,False,,
1789,38.593945,-8.994848,33.31,False,,
1790,38.594157,-8.99434,33.184,False,,
1791,38.594368,-8.993833,32.75,False,,
1792,38.59458,-8.993325,32.03,False,,
1793,38.594791,-8.992817,32.623,False,,
1794,38.595003,-8.992309,34.364,False,,
1795,38.595215,-8.991802,34.798,False,,
1796,38.595426,-8.991294,35.451,False,,
1797,38.595638,-8.990786,36.859,False,,
1798,38.59585,-8.990279,38.162,False,,
1799,38.596061,-8.989771,38.688,False,,
1800,38.596273,-8.989263,40.386,False,,
1801,38.596485,-8.988756,41.748,False,,
1802,38.596696,-8.988248,41.561,False,,
1803,38.596908,-8.98774,40.811,False,,
1804,38.59712,-8.987232,40.339,False,,
1805,38.597331,-8.986725,39.647,False,,
1806,38.597543,-8.986217,39.31,False,,
1807,38.597755,-8.985709,39.5,False,,
1808,38.597966,-8.985202,39.266,False,,
1809,38.598178,-8.984694,39.453,False,,
1810,38.598389,-8.984186,39.827,False,,
1811,38.598601,-8.983678,40.057,False,,
1812,38.598813,-8.983171,40.683,False,,
1813,38.599024,-8.982663,40.908,False,,
1814,38.599236,-8.982155,40.464,False,,
1815,38.599448,-8.981648,39.623,False,,
1816,38.599659,-8.98114,40.77,False,,
1817,38.599871,-8.980632,42.21,False,,
1818,38.600083,-8.980125,42.646,False,Rail south approach (Fertagus) (tidal/SLR exposure),
1819,38.600294,-8.979617,42.28,False,Rail south approach (Fertagus) (tidal/SLR exposure),
1820,38.600506,-8.979109,41.766,False,Rail south approach (Fertagus) (tidal/SLR exposure),
1821,38.600718,-8.978601,42.843,False,Rail south approach (Fertagus) (tidal/SLR exposure),
1822,38.600929,-8.978094,45.485,False,Rail south approach (Fertagus) (tidal/SLR exposure),
1823,38.601141,-8.977586,46.872,False,Rail south approach (Fertagus) (tidal/SLR exposure),
1824,38.601352,-8.977078,46.887,False,Rail south approach (Fertagus) (tidal/SLR exposure),
1825,38.601564,-8.976571,46.703,False,Rail south approach (Fertagus) (tidal/SLR exposure),
1826,38.601776,-8.976063,46.786,False,Rail south approach (Fertagus) (tidal/SLR exposure),
1827,38.601987,-8.975555,47.11,False,Rail south approach (Fertagus) (tidal/SLR exposure),
1828,38.602199,-8.975048,47.063,False,Rail south approach (Fertagus) (tidal/SLR exposure),
1829,38.602411,-8.97454,46.357,False,Rail south approach (Fertagus) (tidal/SLR exposure),
1830,38.602622,-8.974032,45.644,False,Rail south approach (Fertagus) (tidal/SLR exposure),
1831,38.602834,-8.973524,46.743,False,Rail south approach (Fertagus) (tidal/SLR exposure),
1832,38.603046,-8.973017,48.28,False,Rail south approach (Fertagus) (tidal/SLR exposure),
1833,38.603257,-8.972509,49.012,False,Rail south approach (Fertagus) (tidal/SLR exposure),
1834,38.603469,-8.972001,49.302,False,Rail south approach (Fertagus) (tidal/SLR exposure),
1835,38.603681,-8.971494,49.54,False,Rail south approach (Fertagus) (tidal/SLR exposure),
1836,38.603892,-8.970986,48.873,False,Rail south approach (Fertagus) (tidal/SLR exposure),
1837,38.604104,-8.970478,47.991,False,Rail south approach (Fertagus) (tidal/SLR exposure),
1838,38.604316,-8.969971,47.1,False,Rail south approach (Fertagus) (tidal/SLR exposure),
1839,38.604527,-8.969463,46.06,False,Rail south approach (Fertagus) (tidal/SLR exposure),
1840,38.604739,-8.968955,46.445,False,Rail south approach (Fertagus) (tidal/SLR exposure),
1841,38.60495,-8.968447,48.108,False,Rail south approach (Fertagus) (tidal/SLR exposure),
1842,38.605162,-8.96794,50.508,False,Rail south approach (Fertagus) (tidal/SLR exposure),
1843,38.605374,-8.967432,51.803,False,Rail south approach (Fertagus) (tidal/SLR exposure),
1844,38.605585,-8.966924,51.636,False,Rail south approach (Fertagus) (tidal/SLR exposure),
1845,38.605797,-8.966417,50.952,False,Rail south approach (Fertagus) (tidal/SLR exposure),
1846,38.606009,-8.965909,49.856,False,Rail south approach (Fertagus) (tidal/SLR exposure),
1847,38.60622,-8.965401,49.496,False,Rail south approach (Fertagus) (tidal/SLR exposure),
1848,38.606432,-8.964894,49.002,False,Rail south approach (Fertagus) (tidal/SLR exposure),
1849,38.606644,-8.964386,46.902,False,Rail south approach (Fertagus) (tidal/SLR exposure),
1850,38.606855,-8.963878,43.068,False,Rail south approach (Fertagus) (tidal/SLR exposure),
1851,38.607067,-8.96337,40.336,False,Rail south approach (Fertagus) (tidal/SLR exposure),
1852,38.607279,-8.962863,40.491,False,Rail south approach (Fertagus) (tidal/SLR exposure),
1853,38.60749,-8.962355,41.982,False,Rail south approach (Fertagus) (tidal/SLR exposure),
1854,38.607702,-8.961847,42.458,False,Rail south approach (Fertagus) (tidal/SLR exposure),
1855,38.607913,-8.96134,41.558,False,Rail south approach (Fertagus) (tidal/SLR exposure),
1856,38.608125,-8.960832,40.0,False,Rail south approach (Fertagus) (tidal/SLR exposure),
1857,38.608337,-8.960324,40.296,False,Rail south approach (Fertagus) (tidal/SLR exposure),
1858,38.608548,-8.959816,42.367,False,Rail south approach (Fertagus) (tidal/SLR exposure),
1859,38.60876,-8.959309,44.713,False,Rail south approach (Fertagus) (tidal/SLR exposure),
1860,38.608972,-8.958801,46.296,False,Rail south approach (Fertagus) (tidal/SLR exposure),
1861,38.609183,-8.958293,47.605,False,Rail south approach (Fertagus) (tidal/SLR exposure),
1862,38.609395,-8.957786,48.396,False,Rail south approach (Fertagus) (tidal/SLR exposure),
1863,38.609607,-8.957278,47.326,False,Rail south approach (Fertagus) (tidal/SLR exposure),
1864,38.609818,-8.95677,46.225,False,Rail south approach (Fertagus) (tidal/SLR exposure),
1865,38.61003,-8.956263,45.794,False,Rail south approach (Fertagus) (tidal/SLR exposure),
1866,38.610242,-8.955755,45.465,False,Rail south approach (Fertagus) (tidal/SLR exposure),
1867,38.610453,-8.955247,43.884,False,Rail south approach (Fertagus) (tidal/SLR exposure),
1868,38.610665,-8.954739,42.681,False,Rail south approach (Fertagus) (tidal/SLR exposure),
1869,38.610877,-8.954232,42.804,False,Rail south approach (Fertagus) (tidal/SLR exposure),
1870,38.611088,-8.953724,42.98,False,Rail south approach (Fertagus) (tidal/SLR exposure),
1871,38.6113,-8.953216,42.364,False,Rail south approach (Fertagus) (tidal/SLR exposure),
1872,38.611511,-8.952709,41.726,False,Rail south approach (Fertagus) (tidal/SLR exposure),
1873,38.611723,-8.952201,41.269,False,Rail south approach (Fertagus) (tidal/SLR exposure),
1874,38.611935,-8.951693,41.484,False,Rail south approach (Fertagus) (tidal/SLR exposure),
1875,38.612146,-8.951186,40.259,False,Rail south approach (Fertagus) (tidal/SLR exposure),
1876,38.612358,-8.950678,38.311,False,Rail south approach (Fertagus) (tidal/SLR exposure),
1877,38.61257,-8.95017,38.615,False,Rail south approach (Fertagus) (tidal/SLR exposure),
1878,38.612781,-8.949662,38.044,False,Rail south approach (Fertagus) (tidal/SLR exposure),
1879,38.612993,-8.949155,36.637,False,Rail south approach (Fertagus) (tidal/SLR exposure),
1880,38.613205,-8.948647,35.57,False,Rail south approach (Fertagus) (tidal/SLR exposure),
1881,38.613416,-8.948139,35.23,False,Rail south approach (Fertagus) (tidal/SLR exposure),
1882,38.613628,-8.947632,35.408,False,Rail south approach (Fertagus) (tidal/SLR exposure),
1883,38.61384,-8.947124,34.085,False,Rail south approach (Fertagus) (tidal/SLR exposure),
1884,38.614051,-8.946616,31.598,False,Rail south approach (Fertagus) (tidal/SLR exposure),
1885,38.614263,-8.946109,31.954,False,Rail south approach (Fertagus) (tidal/SLR exposure),
1886,38.614474,-8.945601,33.461,False,Rail south approach (Fertagus) (tidal/SLR exposure),
1887,38.614686,-8.945093,34.705,False,Rail south approach (Fertagus) (tidal/SLR exposure),
1888,38.614898,-8.944585,35.71,False,Rail south approach (Fertagus) (tidal/SLR exposure),
1889,38.615109,-8.944078,36.637,False,Rail south approach (Fertagus) (tidal/SLR exposure),
1890,38.615321,-8.94357,37.286,False,Rail south approach (Fertagus) (tidal/SLR exposure),
1891,38.615533,-8.943062,37.464,False,Rail south approach (Fertagus) (tidal/SLR exposure),
1892,38.615744,-8.942555,37.73,False,Rail south approach (Fertagus) (tidal/SLR exposure),
1893,38.615956,-8.942047,37.972,False,Rail south approach (Fertagus) (tidal/SLR exposure),
1894,38.616168,-8.941539,38.182,False,Rail south approach (Fertagus) (tidal/SLR exposure),
1895,38.616379,-8.941032,38.786,False,Rail south approach (Fertagus) (tidal/SLR exposure),
1896,38.616591,-8.940524,39.534,False,Rail south approach (Fertagus) (tidal/SLR exposure),
1897,38.616803,-8.940016,40.144,False,Rail south approach (Fertagus) (tidal/SLR exposure),
1898,38.617014,-8.939508,39.598,False,Rail south approach (Fertagus) (tidal/SLR exposure),
1899,38.617226,-8.939001,38.628,False,Rail south approach (Fertagus) (tidal/SLR exposure),
1900,38.617437,-8.938493,37.627,False,Rail south approach (Fertagus) (tidal/SLR exposure),
1901,38.617649,-8.937985,37.462,False,Rail south approach (Fertagus) (tidal/SLR exposure),
1902,38.617861,-8.937478,38.042,False,Rail south approach (Fertagus) (tidal/SLR exposure),
1903,38.618072,-8.93697,38.655,False,Rail south approach (Fertagus) (tidal/SLR exposure),
1904,38.618284,-8.936462,38.989,False,Rail south approach (Fertagus) (tidal/SLR exposure),
1905,38.618496,-8.935954,38.812,False,Rail south approach (Fertagus) (tidal/SLR exposure),
1906,38.618707,-8.935447,38.856,False,Rail south approach (Fertagus) (tidal/SLR exposure),
1907,38.618919,-8.934939,39.405,False,Rail south approach (Fertagus) (tidal/SLR exposure),
1908,38.619131,-8.934431,40.699,False,Rail south approach (Fertagus) (tidal/SLR exposure),
1909,38.619342,-8.933924,41.155,False,Rail south approach (Fertagus) (tidal/SLR exposure),
1910,38.619554,-8.933416,41.348,False,Rail south approach (Fertagus) (tidal/SLR exposure),
1911,38.619766,-8.932908,41.57,False,Rail south approach (Fertagus) (tidal/SLR exposure),
1912,38.619977,-8.932401,40.69,False,Rail south approach (Fertagus) (tidal/SLR exposure),
1913,38.620189,-8.931893,39.003,False,Rail south approach (Fertagus) (tidal/SLR exposure),
1914,38.620401,-8.931385,37.776,False,Rail south approach (Fertagus) (tidal/SLR exposure),
1915,38.620612,-8.930877,38.037,False,Rail south approach (Fertagus) (tidal/SLR exposure),
1916,38.620824,-8.93037,38.356,False,Rail south approach (Fertagus) (tidal/SLR exposure),
1917,38.621035,-8.929862,38.357,False,Rail south approach (Fertagus) (tidal/SLR exposure),
1918,38.621247,-8.929354,38.985,False,Rail south approach (Fertagus) (tidal/SLR exposure),
1919,38.621459,-8.928847,39.508,False,Rail south approach (Fertagus) (tidal/SLR exposure),
1920,38.62167,-8.928339,39.796,False,Rail south approach (Fertagus) (tidal/SLR exposure),
1921,38.621882,-8.927831,39.106,False,Rail south approach (Fertagus) (tidal/SLR exposure),
1922,38.622094,-8.927324,38.226,False,Rail south approach (Fertagus) (tidal/SLR exposure),
1923,38.622305,-8.926816,38.695,False,Rail south approach (Fertagus) (tidal/SLR exposure),
1924,38.622517,-8.926308,38.892,False,Rail south approach (Fertagus) (tidal/SLR exposure),
1925,38.622729,-8.9258,38.402,False,Rail south approach (Fertagus) (tidal/SLR exposure),
1926,38.62294,-8.925293,38.468,False,Rail south approach (Fertagus) (tidal/SLR exposure),
1927,38.623152,-8.924785,39.145,False,Rail south approach (Fertagus) (tidal/SLR exposure),
1928,38.623364,-8.924277,39.199,False,Rail south approach (Fertagus) (tidal/SLR exposure),
1929,38.623575,-8.92377,38.629,False,Rail south approach (Fertagus) (tidal/SLR exposure),
1930,38.623787,-8.923262,38.488,False,Rail south approach (Fertagus) (tidal/SLR exposure),
1931,38.623998,-8.922754,38.797,False,Rail south approach (Fertagus) (tidal/SLR exposure),
1932,38.62421,-8.922247,39.116,False,Rail south approach (Fertagus) (tidal/SLR exposure),
1933,38.624422,-8.921739,39.421,False,Rail south approach (Fertagus) (tidal/SLR exposure),
1934,38.624633,-8.921231,39.338,False,Rail south approach (Fertagus) (tidal/SLR exposure),
1935,38.624845,-8.920723,39.33,False,Rail south approach (Fertagus) (tidal/SLR exposure),
1936,38.625057,-8.920216,40.59,False,Rail south approach (Fertagus) (tidal/SLR exposure),
1937,38.625268,-8.919708,40.975,False,Rail south approach (Fertagus) (tidal/SLR exposure),
1938,38.62548,-8.9192,40.547,False,Rail south approach (Fertagus) (tidal/SLR exposure),
1939,38.625692,-8.918693,40.812,False,Rail south approach (Fertagus) (tidal/SLR exposure),
1940,38.625903,-8.918185,41.319,False,Rail south approach (Fertagus) (tidal/SLR exposure),
1941,38.626115,-8.917677,42.322,False,Rail south approach (Fertagus) (tidal/SLR exposure),
1942,38.626327,-8.91717,45.669,False,Rail south approach (Fertagus) (tidal/SLR exposure),
1943,38.626538,-8.916662,47.858,False,Rail south approach (Fertagus) (tidal/SLR exposure),
1944,38.62675,-8.916154,46.697,False,Rail south approach (Fertagus) (tidal/SLR exposure),
1945,38.626962,-8.915646,46.597,False,Rail south approach (Fertagus) (tidal/SLR exposure),
1946,38.627173,-8.915139,46.049,False,Rail south approach (Fertagus) (tidal/SLR exposure),
1947,38.627385,-8.914631,45.223,False,Rail south approach (Fertagus) (tidal/SLR exposure),
1948,38.627596,-8.914123,45.133,False,Rail south approach (Fertagus) (tidal/SLR exposure),
1949,38.627808,-8.913616,44.904,False,Rail south approach (Fertagus) (tidal/SLR exposure),
1950,38.62802,-8.913108,44.278,False,Rail south approach (Fertagus) (tidal/SLR exposure),
1951,38.628231,-8.9126,44.244,False,Rail south approach (Fertagus) (tidal/SLR exposure),
1952,38.628443,-8.912092,44.158,False,Rail south approach (Fertagus) (tidal/SLR exposure),
1953,38.628655,-8.911585,43.949,False,Rail south approach (Fertagus) (tidal/SLR exposure),
1954,38.628866,-8.911077,43.524,False,Rail south approach (Fertagus) (tidal/SLR exposure),
1955,38.629078,-8.910569,42.776,False,Rail south approach (Fertagus) (tidal/SLR exposure),
1956,38.62929,-8.910062,41.252,False,Rail south approach (Fertagus) (tidal/SLR exposure),
1957,38.629501,-8.909554,39.821,False,Rail south approach (Fertagus) (tidal/SLR exposure),
1958,38.629713,-8.909046,39.09,False,Rail south approach (Fertagus) (tidal/SLR exposure),
1959,38.629925,-8.908539,38.347,False,Rail south approach (Fertagus) (tidal/SLR exposure),
1960,38.630136,-8.908031,37.465,False,Rail south approach (Fertagus) (tidal/SLR exposure),
1961,38.630342,-8.907521,36.43,False,Rail south approach (Fertagus) (tidal/SLR exposure),
1962,38.630357,-8.906946,35.159,False,Rail south approach (Fertagus) (tidal/SLR exposure),
1963,38.630371,-8.906371,34.456,False,Rail south approach (Fertagus) (tidal/SLR exposure),
1964,38.630386,-8.905795,34.945,False,Rail south approach (Fertagus) (tidal/SLR exposure),
1965,38.6304,-8.90522,34.599,False,Rail south approach (Fertagus) (tidal/SLR exposure),
1966,38.630414,-8.904645,33.9,False,Rail south approach (Fertagus) (tidal/SLR exposure),
1967,38.630425,-8.904069,33.227,False,Rail south approach (Fertagus) (tidal/SLR exposure),
1968,38.630436,-8.903494,32.72,False,Rail south approach (Fertagus) (tidal/SLR exposure),
1969,38.630449,-8.902918,32.47,False,Rail south approach (Fertagus) (tidal/SLR exposure),
1970,38.630464,-8.902343,32.384,False,Rail south approach (Fertagus) (tidal/SLR exposure),
1971,38.63048,-8.901768,32.078,False,Rail south approach (Fertagus) (tidal/SLR exposure),
1972,38.630497,-8.901193,32.012,False,Rail south approach (Fertagus) (tidal/SLR exposure),
1973,38.630512,-8.900617,32.033,False,Rail south approach (Fertagus) (tidal/SLR exposure),
1974,38.630526,-8.900042,31.605,False,Rail south approach (Fertagus) (tidal/SLR exposure),
1975,38.630541,-8.899467,31.748,False,Rail south approach (Fertagus) (tidal/SLR exposure),
1976,38.630556,-8.898891,31.91,False,Rail south approach (Fertagus) (tidal/SLR exposure),
1977,38.630571,-8.898316,31.255,False,Rail south approach (Fertagus) (tidal/SLR exposure),
1978,38.630585,-8.897741,30.405,False,Rail south approach (Fertagus) (tidal/SLR exposure),
1979,38.630602,-8.897166,29.947,False,Rail south approach (Fertagus) (tidal/SLR exposure),
1980,38.630622,-8.89659,30.293,False,Rail south approach (Fertagus) (tidal/SLR exposure),
1981,38.630641,-8.896015,30.526,False,Rail south approach (Fertagus) (tidal/SLR exposure),
1982,38.630656,-8.89544,31.059,False,Rail south approach (Fertagus) (tidal/SLR exposure),
1983,38.63067,-8.894865,31.846,False,Rail south approach (Fertagus) (tidal/SLR exposure),
1984,38.630685,-8.894289,31.522,False,Rail south approach (Fertagus) (tidal/SLR exposure),
1985,38.630699,-8.893714,31.205,False,Rail south approach (Fertagus) (tidal/SLR exposure),
1986,38.630714,-8.893139,31.006,False,Rail south approach (Fertagus) (tidal/SLR exposure),
1987,38.630728,-8.892564,30.373,False,Rail south approach (Fertagus) (tidal/SLR exposure),
1988,38.630743,-8.891988,30.041,False,Rail south approach (Fertagus) (tidal/SLR exposure),
1989,38.630757,-8.891413,29.624,False,Rail south approach (Fertagus) (tidal/SLR exposure),
1990,38.630771,-8.890838,28.619,False,Rail south approach (Fertagus) (tidal/SLR exposure),
1991,38.630785,-8.890262,28.92,False,Rail south approach (Fertagus) (tidal/SLR exposure),
1992,38.6308,-8.889687,29.529,False,Rail south approach (Fertagus) (tidal/SLR exposure),
1993,38.630815,-8.889112,29.715,False,Rail south approach (Fertagus) (tidal/SLR exposure),
1994,38.630829,-8.888536,29.672,False,Rail south approach (Fertagus) (tidal/SLR exposure),
1995,38.630844,-8.887961,29.279,False,Rail south approach (Fertagus) (tidal/SLR exposure),
1996,38.630858,-8.887386,28.47,False,Rail south approach (Fertagus) (tidal/SLR exposure),
1997,38.630873,-8.88681,27.909,False,Rail south approach (Fertagus) (tidal/SLR exposure),
1998,38.630887,-8.886235,28.013,False,Rail south approach (Fertagus) (tidal/SLR exposure),
1999,38.6309,-8.88566,28.52,False,Rail south approach (Fertagus) (tidal/SLR exposure),
2000,38.630911,-8.885084,28.614,False,Rail south approach (Fertagus) (tidal/SLR exposure),
2001,38.630922,-8.884509,28.701,False,Rail south approach (Fertagus) (tidal/SLR exposure),
2002,38.630932,-8.883933,29.004,False,Rail south approach (Fertagus) (tidal/SLR exposure),
2003,38.630943,-8.883358,29.551,False,Rail south approach (Fertagus) (tidal/SLR exposure),
2004,38.630954,-8.882782,29.333,False,Rail south approach (Fertagus) (tidal/SLR exposure),
2005,38.630964,-8.882207,29.21,False,Rail south approach (Fertagus) (tidal/SLR exposure),
2006,38.630976,-8.881632,30.265,False,Rail south approach (Fertagus) (tidal/SLR exposure),
2007,38.630994,-8.881056,31.511,False,Rail south approach (Fertagus) (tidal/SLR exposure),
2008,38.631009,-8.880481,32.27,False,Rail south approach (Fertagus) (tidal/SLR exposure),
2009,38.631024,-8.879906,32.286,False,Rail south approach (Fertagus) (tidal/SLR exposure),
2010,38.631038,-8.87933,33.044,False,Rail south approach (Fertagus) (tidal/SLR exposure),
2011,38.631053,-8.878755,33.297,False,Rail south approach (Fertagus) (tidal/SLR exposure),
2012,38.631067,-8.87818,32.836,False,Rail south approach (Fertagus) (tidal/SLR exposure),
2013,38.631082,-8.877605,33.059,False,Rail south approach (Fertagus) (tidal/SLR exposure),
2014,38.631097,-8.877029,33.341,False,Rail south approach (Fertagus) (tidal/SLR exposure),
2015,38.631111,-8.876454,33.832,False,Rail south approach (Fertagus) (tidal/SLR exposure),
2016,38.631126,-8.875879,34.732,False,Rail south approach (Fertagus) (tidal/SLR exposure),
2017,38.63114,-8.875303,34.41,False,Rail south approach (Fertagus) (tidal/SLR exposure),
2018,38.631155,-8.874728,33.359,False,Rail south approach (Fertagus) (tidal/SLR exposure),
2019,38.631169,-8.874153,32.42,False,Rail south approach (Fertagus) (tidal/SLR exposure),
2020,38.631183,-8.873577,32.136,False,Rail south approach (Fertagus) (tidal/SLR exposure),
2021,38.631197,-8.873002,32.085,False,Rail south approach (Fertagus) (tidal/SLR exposure),
2022,38.631211,-8.872427,31.897,False,Rail south approach (Fertagus) (tidal/SLR exposure),
2023,38.631225,-8.871851,31.458,False,Rail south approach (Fertagus) (tidal/SLR exposure),
2024,38.631239,-8.871276,31.111,False,Rail south approach (Fertagus) (tidal/SLR exposure),
2025,38.631252,-8.870701,30.743,False,Rail south approach (Fertagus) (tidal/SLR exposure),
2026,38.631266,-8.870125,30.114,False,Rail south approach (Fertagus) (tidal/SLR exposure),
2027,38.63128,-8.86955,29.321,False,Rail south approach (Fertagus) (tidal/SLR exposure),
2028,38.631294,-8.868975,28.002,False,Rail south approach (Fertagus) (tidal/SLR exposure),
2029,38.631309,-8.868399,25.88,False,Rail south approach (Fertagus) (tidal/SLR exposure),
2030,38.631323,-8.867824,26.095,False,Rail south approach (Fertagus) (tidal/SLR exposure),
2031,38.631337,-8.867249,27.961,False,Rail south approach (Fertagus) (tidal/SLR exposure),
2032,38.631352,-8.866673,29.097,False,Rail south approach (Fertagus) (tidal/SLR exposure),
2033,38.631366,-8.866098,28.593,False,Rail south approach (Fertagus) (tidal/SLR exposure),
2034,38.63138,-8.865523,27.446,False,Rail south approach (Fertagus) (tidal/SLR exposure),
2035,38.631394,-8.864947,26.907,False,Rail south approach (Fertagus) (tidal/SLR exposure),
2036,38.631409,-8.864372,26.191,False,Rail south approach (Fertagus) (tidal/SLR exposure),
2037,38.631423,-8.863797,25.258,False,Rail south approach (Fertagus) (tidal/SLR exposure),
2038,38.631438,-8.863221,21.306,False,Rail south approach (Fertagus) (tidal/SLR exposure),
2039,38.631452,-8.862646,23.8,False,Rail south approach (Fertagus) (tidal/SLR exposure),
2040,38.631467,-8.862071,24.271,False,Rail south approach (Fertagus) (tidal/SLR exposure),
2041,38.631481,-8.861495,24.953,False,Rail south approach (Fertagus) (tidal/SLR exposure),
2042,38.631495,-8.86092,25.059,False,Rail south approach (Fertagus) (tidal/SLR exposure),
2043,38.631509,-8.860345,24.815,False,Rail south approach (Fertagus) (tidal/SLR exposure),
2044,38.631523,-8.859769,25.041,False,Rail south approach (Fertagus) (tidal/SLR exposure),
2045,38.631537,-8.859194,26.11,False,Rail south approach (Fertagus) (tidal/SLR exposure),
2046,38.631551,-8.858619,27.171,False,Rail south approach (Fertagus) (tidal/SLR exposure),
2047,38.631565,-8.858043,27.476,False,Rail south approach (Fertagus) (tidal/SLR exposure),
2048,38.631579,-8.857468,26.542,False,Rail south approach (Fertagus) (tidal/SLR exposure),
2049,38.631593,-8.856893,26.057,False,Rail south approach (Fertagus) (tidal/SLR exposure),
2050,38.631607,-8.856317,25.784,False,Rail south approach (Fertagus) (tidal/SLR exposure),
2051,38.63162,-8.855742,25.595,False,Rail south approach (Fertagus) (tidal/SLR exposure),
2052,38.631634,-8.855167,26.014,False,Rail south approach (Fertagus) (tidal/SLR exposure),
2053,38.631648,-8.854591,26.753,False,Rail south approach (Fertagus) (tidal/SLR exposure),
2054,38.631664,-8.854016,27.512,False,Rail south approach (Fertagus) (tidal/SLR exposure),
2055,38.63168,-8.853441,27.739,False,Rail south approach (Fertagus) (tidal/SLR exposure),
2056,38.631696,-8.852865,27.98,False,Rail south approach (Fertagus) (tidal/SLR exposure),
2057,38.631711,-8.85229,28.425,False,Rail south approach (Fertagus) (tidal/SLR exposure),
2058,38.631723,-8.851715,29.467,False,Rail south approach (Fertagus) (tidal/SLR exposure),
2059,38.631735,-8.851139,30.146,False,Rail south approach (Fertagus) (tidal/SLR exposure),
2060,38.631747,-8.850564,30.433,False,Rail south approach (Fertagus) (tidal/SLR exposure),
2061,38.631759,-8.849989,30.086,False,Rail south approach (Fertagus) (tidal/SLR exposure),
2062,38.631771,-8.849413,30.169,False,Rail south approach (Fertagus) (tidal/SLR exposure),
2063,38.631786,-8.848838,30.842,False,Rail south approach (Fertagus) (tidal/SLR exposure),
2064,38.631801,-8.848262,31.728,False,Rail south approach (Fertagus) (tidal/SLR exposure),
2065,38.631815,-8.847687,31.632,False,Rail south approach (Fertagus) (tidal/SLR exposure),
2066,38.63183,-8.847112,31.506,False,Rail south approach (Fertagus) (tidal/SLR exposure),
2067,38.631845,-8.846537,31.262,False,Rail south approach (Fertagus) (tidal/SLR exposure),
2068,38.631859,-8.845961,30.777,False,Rail south approach (Fertagus) (tidal/SLR exposure),
2069,38.631874,-8.845386,30.455,False,Rail south approach (Fertagus) (tidal/SLR exposure),
2070,38.631889,-8.844811,30.316,False,Rail south approach (Fertagus) (tidal/SLR exposure),
2071,38.631903,-8.844235,30.008,False,Rail south approach (Fertagus) (tidal/SLR exposure),
2072,38.631918,-8.84366,30.014,False,Rail south approach (Fertagus) (tidal/SLR exposure),
2073,38.631932,-8.843085,29.935,False,Rail south approach (Fertagus) (tidal/SLR exposure),
2074,38.631947,-8.842509,29.668,False,Rail south approach (Fertagus) (tidal/SLR exposure),
2075,38.631961,-8.841934,29.83,False,Rail south approach (Fertagus) (tidal/SLR exposure),
2076,38.631976,-8.841359,30.209,False,Rail south approach (Fertagus) (tidal/SLR exposure),
2077,38.63199,-8.840783,30.553,False,Rail south approach (Fertagus) (tidal/SLR exposure),
2078,38.632005,-8.840208,30.951,False,Rail south approach (Fertagus) (tidal/SLR exposure),
2079,38.632019,-8.839633,31.421,False,Rail south approach (Fertagus) (tidal/SLR exposure),
2080,38.632034,-8.839057,31.716,False,Rail south approach (Fertagus) (tidal/SLR exposure),
2081,38.632047,-8.838482,32.096,False,Rail south approach (Fertagus) (tidal/SLR exposure),
2082,38.63206,-8.837907,32.45,False,Rail south approach (Fertagus) (tidal/SLR exposure),
2083,38.632073,-8.837331,32.824,False,Rail south approach (Fertagus) (tidal/SLR exposure),
2084,38.632086,-8.836756,33.481,False,Rail south approach (Fertagus) (tidal/SLR exposure),
2085,38.632099,-8.83618,33.974,False,Rail south approach (Fertagus) (tidal/SLR exposure),
2086,38.632113,-8.835605,34.487,False,Rail south approach (Fertagus) (tidal/SLR exposure),
2087,38.632128,-8.83503,34.372,False,Rail south approach (Fertagus) (tidal/SLR exposure),
2088,38.632142,-8.834454,34.248,False,Rail south approach (Fertagus) (tidal/SLR exposure),
2089,38.632156,-8.833879,33.852,False,Rail south approach (Fertagus) (tidal/SLR exposure),
2090,38.63217,-8.833304,33.036,False,Rail south approach (Fertagus) (tidal/SLR exposure),
2091,38.632185,-8.832728,32.0,False,Rail south approach (Fertagus) (tidal/SLR exposure),
2092,38.632199,-8.832153,31.306,False,Rail south approach (Fertagus) (tidal/SLR exposure),
2093,38.632213,-8.831578,31.557,False,Rail south approach (Fertagus) (tidal/SLR exposure),
2094,38.632227,-8.831002,31.536,False,Rail south approach (Fertagus) (tidal/SLR exposure),
2095,38.632241,-8.830427,31.232,False,Rail south approach (Fertagus) (tidal/SLR exposure),
2096,38.632255,-8.829852,30.41,False,Rail south approach (Fertagus) (tidal/SLR exposure),
2097,38.632269,-8.829276,28.822,False,Rail south approach (Fertagus) (tidal/SLR exposure),
2098,38.632283,-8.828701,28.161,False,Rail south approach (Fertagus) (tidal/SLR exposure),
2099,38.632296,-8.828126,28.29,False,Rail south approach (Fertagus) (tidal/SLR exposure),
2100,38.63231,-8.82755,28.596,False,Rail south approach (Fertagus) (tidal/SLR exposure),
2101,38.632324,-8.826975,28.049,False,Rail south approach (Fertagus) (tidal/SLR exposure),
2102,38.632338,-8.8264,27.455,False,Rail south approach (Fertagus) (tidal/SLR exposure),
2103,38.632352,-8.825824,27.937,False,Rail south approach (Fertagus) (tidal/SLR exposure),
2104,38.632366,-8.825249,28.566,False,Rail south approach (Fertagus) (tidal/SLR exposure),
2105,38.63238,-8.824674,28.883,False,Rail south approach (Fertagus) (tidal/SLR exposure),
2106,38.632394,-8.824098,28.661,False,Rail south approach (Fertagus) (tidal/SLR exposure),
2107,38.632408,-8.823523,28.134,False,Rail south approach (Fertagus) (tidal/SLR exposure),
2108,38.632422,-8.822948,27.621,False,Rail south approach (Fertagus) (tidal/SLR exposure),
2109,38.632436,-8.822372,27.452,False,Rail south approach (Fertagus) (tidal/SLR exposure),
2110,38.63245,-8.821797,27.479,False,Rail south approach (Fertagus) (tidal/SLR exposure),
2111,38.632464,-8.821221,27.217,False,Rail south approach (Fertagus) (tidal/SLR exposure),
2112,38.632478,-8.820646,26.847,False,Rail south approach (Fertagus) (tidal/SLR exposure),
2113,38.632492,-8.820071,27.989,False,Rail south approach (Fertagus) (tidal/SLR exposure),
2114,38.632505,-8.819495,28.207,False,Rail south approach (Fertagus) (tidal/SLR exposure),
2115,38.632519,-8.81892,28.048,False,Rail south approach (Fertagus) (tidal/SLR exposure),
2116,38.632532,-8.818345,28.304,False,Rail south approach (Fertagus) (tidal/SLR exposure),
2117,38.632546,-8.817769,28.055,False,Rail south approach (Fertagus) (tidal/SLR exposure),
2118,38.632559,-8.817194,27.429,False,Rail south approach (Fertagus) (tidal/SLR exposure),
2119,38.632573,-8.816619,26.786,False,Rail south approach (Fertagus) (tidal/SLR exposure),
2120,38.632586,-8.816043,26.301,False,Rail south approach (Fertagus) (tidal/SLR exposure),
2121,38.632599,-8.815468,26.25,False,Rail south approach (Fertagus) (tidal/SLR exposure),
2122,38.632613,-8.814892,26.475,False,Rail south approach (Fertagus) (tidal/SLR exposure),
2123,38.632626,-8.814317,25.653,False,Rail south approach (Fertagus) (tidal/SLR exposure),
2124,38.63264,-8.813742,24.354,False,Rail south approach (Fertagus) (tidal/SLR exposure),
2125,38.632655,-8.813166,22.545,False,Rail south approach (Fertagus) (tidal/SLR exposure),
2126,38.63267,-8.812591,21.513,False,Rail south approach (Fertagus) (tidal/SLR exposure),
2127,38.632685,-8.812016,20.569,False,Rail south approach (Fertagus) (tidal/SLR exposure),
2128,38.632699,-8.81144,20.586,False,Rail south approach (Fertagus) (tidal/SLR exposure),
2129,38.632714,-8.810865,21.815,False,Rail south approach (Fertagus) (tidal/SLR exposure),
2130,38.632729,-8.81029,23.467,False,Rail south approach (Fertagus) (tidal/SLR exposure),
2131,38.632744,-8.809714,25.025,False,Rail south approach (Fertagus) (tidal/SLR exposure),
2132,38.632758,-8.809139,26.709,False,Rail south approach (Fertagus) (tidal/SLR exposure),
2133,38.632773,-8.808564,28.186,False,Rail south approach (Fertagus) (tidal/SLR exposure),
2134,38.632788,-8.807989,29.231,False,Rail south approach (Fertagus) (tidal/SLR exposure),
2135,38.632802,-8.807413,30.448,False,Rail south approach (Fertagus) (tidal/SLR exposure),
2136,38.632817,-8.806838,31.031,False,Rail south approach (Fertagus) (tidal/SLR exposure),
2137,38.632831,-8.806263,31.155,False,Rail south approach (Fertagus) (tidal/SLR exposure),
2138,38.632845,-8.805687,31.232,False,Rail south approach (Fertagus) (tidal/SLR exposure),
2139,38.632859,-8.805112,31.586,False,Rail south approach (Fertagus) (tidal/SLR exposure),
2140,38.632872,-8.804536,30.976,False,Rail south approach (Fertagus) (tidal/SLR exposure),
2141,38.632886,-8.803961,29.788,False,Rail south approach (Fertagus) (tidal/SLR exposure),
2142,38.6329,-8.803386,29.499,False,Rail south approach (Fertagus) (tidal/SLR exposure),
2143,38.632914,-8.80281,29.543,False,Rail south approach (Fertagus) (tidal/SLR exposure),
2144,38.632928,-8.802235,29.722,False,Rail south approach (Fertagus) (tidal/SLR exposure),
2145,38.632941,-8.80166,29.726,False,Rail south approach (Fertagus) (tidal/SLR exposure),
2146,38.632955,-8.801084,29.388,False,Rail south approach (Fertagus) (tidal/SLR exposure),
2147,38.632969,-8.800509,29.086,False,Rail south approach (Fertagus) (tidal/SLR exposure),
2148,38.632983,-8.799934,29.252,False,Rail south approach (Fertagus) (tidal/SLR exposure),
2149,38.632997,-8.799358,30.281,False,Rail south approach (Fertagus) (tidal/SLR exposure),
2150,38.633011,-8.798783,31.263,False,Rail south approach (Fertagus) (tidal/SLR exposure),
2151,38.633025,-8.798208,32.249,False,Rail south approach (Fertagus) (tidal/SLR exposure),
2152,38.633039,-8.797632,32.564,False,Rail south approach (Fertagus) (tidal/SLR exposure),
2153,38.633052,-8.797057,32.502,False,Rail south approach (Fertagus) (tidal/SLR exposure),
2154,38.633065,-8.796481,32.318,False,Rail south approach (Fertagus) (tidal/SLR exposure),
2155,38.633078,-8.795906,32.736,False,Rail south approach (Fertagus) (tidal/SLR exposure),
2156,38.633091,-8.795331,33.066,False,Rail south approach (Fertagus) (tidal/SLR exposure),
2157,38.633105,-8.794755,33.184,False,Rail south approach (Fertagus) (tidal/SLR exposure),
2158,38.633119,-8.79418,33.243,False,Rail south approach (Fertagus) (tidal/SLR exposure),
2159,38.633133,-8.793605,33.431,False,Rail south approach (Fertagus) (tidal/SLR exposure),
2160,38.633148,-8.793029,33.318,False,Rail south approach (Fertagus) (tidal/SLR exposure),
2161,38.633162,-8.792454,32.562,False,Rail south approach (Fertagus) (tidal/SLR exposure),
2162,38.633177,-8.791879,32.638,False,Rail south approach (Fertagus) (tidal/SLR exposure),
2163,38.633191,-8.791303,32.923,False,Rail south approach (Fertagus) (tidal/SLR exposure),
2164,38.633206,-8.790728,32.935,False,Rail south approach (Fertagus) (tidal/SLR exposure),
2165,38.633221,-8.790153,32.927,False,Rail south approach (Fertagus) (tidal/SLR exposure),
2166,38.633235,-8.789577,32.652,False,Rail south approach (Fertagus) (tidal/SLR exposure),
2167,38.633249,-8.789002,32.26,False,Rail south approach (Fertagus) (tidal/SLR exposure),
2168,38.633263,-8.788427,32.729,False,Rail south approach (Fertagus) (tidal/SLR exposure),
2169,38.633277,-8.787851,33.365,False,Rail south approach (Fertagus) (tidal/SLR exposure),
2170,38.633291,-8.787276,33.763,False,Rail south approach (Fertagus) (tidal/SLR exposure),
2171,38.633305,-8.7867,33.479,False,Rail south approach (Fertagus) (tidal/SLR exposure),
2172,38.633319,-8.786125,33.883,False,Rail south approach (Fertagus) (tidal/SLR exposure),
2173,38.633332,-8.78555,34.137,False,Rail south approach (Fertagus) (tidal/SLR exposure),
2174,38.633346,-8.784974,33.515,False,Rail south approach (Fertagus) (tidal/SLR exposure),
2175,38.63336,-8.784399,33.554,False,Rail south approach (Fertagus) (tidal/SLR exposure),
2176,38.633374,-8.783824,33.959,False,Rail south approach (Fertagus) (tidal/SLR exposure),
2177,38.633387,-8.783248,34.431,False,Rail south approach (Fertagus) (tidal/SLR exposure),
2178,38.6334,-8.782673,34.663,False,Rail south approach (Fertagus) (tidal/SLR exposure),
2179,38.633414,-8.782097,34.838,False,Rail south approach (Fertagus) (tidal/SLR exposure),
2180,38.633427,-8.781522,35.196,False,Rail south approach (Fertagus) (tidal/SLR exposure),
2181,38.633441,-8.780947,36.185,False,Rail south approach (Fertagus) (tidal/SLR exposure),
2182,38.633455,-8.780371,37.239,False,Rail south approach (Fertagus) (tidal/SLR exposure),
2183,38.633469,-8.779796,38.156,False,Rail south approach (Fertagus) (tidal/SLR exposure),
2184,38.633484,-8.779221,38.756,False,Rail south approach (Fertagus) (tidal/SLR exposure),
2185,38.633499,-8.778645,38.303,False,Rail south approach (Fertagus) (tidal/SLR exposure),
2186,38.633514,-8.77807,37.527,False,Rail south approach (Fertagus) (tidal/SLR exposure),
2187,38.633529,-8.777495,37.989,False,Rail south approach (Fertagus) (tidal/SLR exposure),
2188,38.633544,-8.776919,38.875,False,Rail south approach (Fertagus) (tidal/SLR exposure),
2189,38.633559,-8.776344,39.727,False,Rail south approach (Fertagus) (tidal/SLR exposure),
2190,38.633573,-8.775769,39.542,False,Rail south approach (Fertagus) (tidal/SLR exposure),
2191,38.633588,-8.775193,39.177,False,Rail south approach (Fertagus) (tidal/SLR exposure),
2192,38.633549,-8.775023,39.017,False,Rail south approach (Fertagus) (tidal/SLR exposure),
2193,38.633411,-8.775571,39.155,False,Rail south approach (Fertagus) (tidal/SLR exposure),
2194,38.633274,-8.776119,39.097,False,Rail south approach (Fertagus) (tidal/SLR exposure),
2195,38.633137,-8.776667,38.179,False,Rail south approach (Fertagus) (tidal/SLR exposure),
2196,38.633,-8.777215,37.011,False,Rail south approach (Fertagus) (tidal/SLR exposure),
2197,38.632863,-8.777764,36.135,False,Rail south approach (Fertagus) (tidal/SLR exposure),
2198,38.632726,-8.778312,35.76,False,Rail south approach (Fertagus) (tidal/SLR exposure),
2199,38.632589,-8.77886,36.302,False,Rail south approach (Fertagus) (tidal/SLR exposure),
2200,38.632452,-8.779408,36.604,False,Rail south approach (Fertagus) (tidal/SLR exposure),
2201,38.632315,-8.779956,36.659,False,Rail south approach (Fertagus) (tidal/SLR exposure),
2202,38.632177,-8.780504,35.862,False,Rail south approach (Fertagus) (tidal/SLR exposure),
2203,38.63204,-8.781052,34.975,False,Rail south approach (Fertagus) (tidal/SLR exposure),
2204,38.631903,-8.7816,34.667,False,Rail south approach (Fertagus) (tidal/SLR exposure),
2205,38.631766,-8.782148,35.354,False,Rail south approach (Fertagus) (tidal/SLR exposure),
2206,38.631629,-8.782697,36.134,False,Rail south approach (Fertagus) (tidal/SLR exposure),
2207,38.631492,-8.783245,36.345,False,Rail south approach (Fertagus) (tidal/SLR exposure),
2208,38.631355,-8.783793,35.25,False,Rail south approach (Fertagus) (tidal/SLR exposure),
2209,38.631218,-8.784341,34.403,False,Rail south approach (Fertagus) (tidal/SLR exposure),
2210,38.63108,-8.784889,34.24,False,Rail south approach (Fertagus) (tidal/SLR exposure),
2211,38.630943,-8.785437,35.121,False,Rail south approach (Fertagus) (tidal/SLR exposure),
2212,38.630806,-8.785985,35.051,False,Rail south approach (Fertagus) (tidal/SLR exposure),
2213,38.630669,-8.786533,33.909,False,Rail south approach (Fertagus) (tidal/SLR exposure),
2214,38.630532,-8.787081,33.252,False,Rail south approach (Fertagus) (tidal/SLR exposure),
2215,38.630395,-8.78763,33.362,False,Rail south approach (Fertagus) (tidal/SLR exposure),
2216,38.630258,-8.788178,33.794,False,Rail south approach (Fertagus) (tidal/SLR exposure),
2217,38.630121,-8.788726,32.962,False,Rail south approach (Fertagus) (tidal/SLR exposure),
2218,38.629983,-8.789274,31.973,False,Rail south approach (Fertagus) (tidal/SLR exposure),
2219,38.629846,-8.789822,31.413,False,Rail south approach (Fertagus) (tidal/SLR exposure),
2220,38.629709,-8.79037,31.501,False,Rail south approach (Fertagus) (tidal/SLR exposure),
2221,38.629572,-8.790918,31.151,False,Rail south approach (Fertagus) (tidal/SLR exposure),
2222,38.629435,-8.791466,30.586,False,Rail south approach (Fertagus) (tidal/SLR exposure),
2223,38.629298,-8.792014,30.361,False,Rail south approach (Fertagus) (tidal/SLR exposure),
2224,38.629161,-8.792563,30.169,False,Rail south approach (Fertagus) (tidal/SLR exposure),
2225,38.629024,-8.793111,29.963,False,Rail south approach (Fertagus) (tidal/SLR exposure),
2226,38.628887,-8.793659,29.319,False,Rail south approach (Fertagus) (tidal/SLR exposure),
2227,38.628749,-8.794207,28.343,False,Rail south approach (Fertagus) (tidal/SLR exposure),
2228,38.628612,-8.794755,27.295,False,Rail south approach (Fertagus) (tidal/SLR exposure),
2229,38.628475,-8.795303,27.038,False,Rail south approach (Fertagus) (tidal/SLR exposure),
2230,38.628338,-8.795851,26.916,False,Rail south approach (Fertagus) (tidal/SLR exposure),
2231,38.628201,-8.796399,26.409,False,Rail south approach (Fertagus) (tidal/SLR exposure),
2232,38.628064,-8.796947,26.399,False,Rail south approach (Fertagus) (tidal/SLR exposure),
2233,38.627927,-8.797496,26.444,False,Rail south approach (Fertagus) (tidal/SLR exposure),
2234,38.62779,-8.798044,26.511,False,Rail south approach (Fertagus) (tidal/SLR exposure),
2235,38.627652,-8.798592,27.4,False,Rail south approach (Fertagus) (tidal/SLR exposure),
2236,38.627515,-8.79914,28.4,False,Rail south approach (Fertagus) (tidal/SLR exposure),
2237,38.627378,-8.799688,29.264,False,Rail south approach (Fertagus) (tidal/SLR exposure),
2238,38.627241,-8.800236,28.923,False,Rail south approach (Fertagus) (tidal/SLR exposure),
2239,38.627104,-8.800784,27.452,False,Rail south approach (Fertagus) (tidal/SLR exposure),
2240,38.626967,-8.801332,26.291,False,Rail south approach (Fertagus) (tidal/SLR exposure),
2241,38.62683,-8.80188,25.206,False,Rail south approach (Fertagus) (tidal/SLR exposure),
2242,38.626693,-8.802429,24.222,False,Rail south approach (Fertagus) (tidal/SLR exposure),
2243,38.626555,-8.802977,23.61,False,Rail south approach (Fertagus) (tidal/SLR exposure),
2244,38.626418,-8.803525,21.629,False,Rail south approach (Fertagus) (tidal/SLR exposure),
2245,38.626281,-8.804073,21.208,False,Rail south approach (Fertagus) (tidal/SLR exposure),
2246,38.626144,-8.804621,22.279,False,Rail south approach (Fertagus) (tidal/SLR exposure),
2247,38.626007,-8.805169,22.526,False,Rail south approach (Fertagus) (tidal/SLR exposure),
2248,38.62587,-8.805717,21.838,False,Rail south approach (Fertagus) (tidal/SLR exposure),
2249,38.625733,-8.806265,21.382,False,Rail south approach (Fertagus) (tidal/SLR exposure),
2250,38.625596,-8.806813,21.416,False,Rail south approach (Fertagus) (tidal/SLR exposure),
2251,38.625459,-8.807362,21.626,False,Rail south approach (Fertagus) (tidal/SLR exposure),
2252,38.625321,-8.80791,22.381,False,Rail south approach (Fertagus) (tidal/SLR exposure),
2253,38.625184,-8.808458,23.298,False,Rail south approach (Fertagus) (tidal/SLR exposure),
2254,38.625047,-8.809006,24.096,False,Rail south approach (Fertagus) (tidal/SLR exposure),
2255,38.62491,-8.809554,24.297,False,Rail south approach (Fertagus) (tidal/SLR exposure),
2256,38.624773,-8.810102,24.281,False,Rail south approach (Fertagus) (tidal/SLR exposure),
2257,38.624636,-8.81065,24.305,False,Rail south approach (Fertagus) (tidal/SLR exposure),
2258,38.624499,-8.811198,24.146,False,Rail south approach (Fertagus) (tidal/SLR exposure),
2259,38.624362,-8.811746,23.81,False,Rail south approach (Fertagus) (tidal/SLR exposure),
2260,38.624224,-8.812295,23.108,False,Rail south approach (Fertagus) (tidal/SLR exposure),
2261,38.624087,-8.812843,23.121,False,Rail south approach (Fertagus) (tidal/SLR exposure),
2262,38.62395,-8.813391,23.27,False,Rail south approach (Fertagus) (tidal/SLR exposure),
2263,38.623813,-8.813939,23.248,False,Rail south approach (Fertagus) (tidal/SLR exposure),
2264,38.623676,-8.814487,23.911,False,Rail south approach (Fertagus) (tidal/SLR exposure),
2265,38.623539,-8.815035,24.913,False,Rail south approach (Fertagus) (tidal/SLR exposure),
2266,38.623402,-8.815583,25.941,False,Rail south approach (Fertagus) (tidal/SLR exposure),
2267,38.623265,-8.816131,26.087,False,Rail south approach (Fertagus) (tidal/SLR exposure),
2268,38.623127,-8.816679,26.44,False,Rail south approach (Fertagus) (tidal/SLR exposure),
2269,38.62299,-8.817228,27.585,False,Rail south approach (Fertagus) (tidal/SLR exposure),
2270,38.622853,-8.817776,27.767,False,Rail south approach (Fertagus) (tidal/SLR exposure),
2271,38.622716,-8.818324,27.5,False,Rail south approach (Fertagus) (tidal/SLR exposure),
2272,38.622579,-8.818872,27.345,False,Rail south approach (Fertagus) (tidal/SLR exposure),
2273,38.622442,-8.81942,26.897,False,Rail south approach (Fertagus) (tidal/SLR exposure),
2274,38.622305,-8.819968,26.38,False,Rail south approach (Fertagus) (tidal/SLR exposure),
2275,38.622168,-8.820516,26.414,False,Rail south approach (Fertagus) (tidal/SLR exposure),
2276,38.622031,-8.821064,26.372,False,Rail south approach (Fertagus) (tidal/SLR exposure),
2277,38.621893,-8.821612,26.183,False,Rail south approach (Fertagus) (tidal/SLR exposure),
2278,38.621756,-8.822161,26.801,False,Rail south approach (Fertagus) (tidal/SLR exposure),
2279,38.621619,-8.822709,28.006,False,Rail south approach (Fertagus) (tidal/SLR exposure),
2280,38.621482,-8.823257,29.188,False,Rail south approach (Fertagus) (tidal/SLR exposure),
2281,38.621345,-8.823805,29.903,False,Rail south approach (Fertagus) (tidal/SLR exposure),
2282,38.621208,-8.824353,30.852,False,Rail south approach (Fertagus) (tidal/SLR exposure),
2283,38.621071,-8.824901,31.808,False,Rail south approach (Fertagus) (tidal/SLR exposure),
2284,38.620934,-8.825449,31.609,False,Rail south approach (Fertagus) (tidal/SLR exposure),
2285,38.620796,-8.825997,31.528,False,Rail south approach (Fertagus) (tidal/SLR exposure),
2286,38.620659,-8.826545,31.951,False,Rail south approach (Fertagus) (tidal/SLR exposure),
2287,38.620522,-8.827094,32.273,False,Rail south approach (Fertagus) (tidal/SLR exposure),
2288,38.620385,-8.827642,33.322,False,Rail south approach (Fertagus) (tidal/SLR exposure),
2289,38.620248,-8.82819,34.816,False,Rail south approach (Fertagus) (tidal/SLR exposure),
2290,38.620111,-8.828738,35.275,False,Rail south approach (Fertagus) (tidal/SLR exposure),
2291,38.619974,-8.829286,35.717,False,Rail south approach (Fertagus) (tidal/SLR exposure),
2292,38.619837,-8.829834,36.585,False,Rail south approach (Fertagus) (tidal/SLR exposure),
2293,38.619699,-8.830382,36.92,False,Rail south approach (Fertagus) (tidal/SLR exposure),
2294,38.619562,-8.83093,36.865,False,Rail south approach (Fertagus) (tidal/SLR exposure),
2295,38.619425,-8.831478,36.757,False,Rail south approach (Fertagus) (tidal/SLR exposure),
2296,38.619288,-8.832027,37.115,False,Rail south approach (Fertagus) (tidal/SLR exposure),
2297,38.619151,-8.832575,36.959,False,Rail south approach (Fertagus) (tidal/SLR exposure),
2298,38.619014,-8.833123,36.388,False,Rail south approach (Fertagus) (tidal/SLR exposure),
2299,38.618877,-8.833671,36.304,False,Rail south approach (Fertagus) (tidal/SLR exposure),
2300,38.61874,-8.834219,36.682,False,Rail south approach (Fertagus) (tidal/SLR exposure),
2301,38.618603,-8.834767,37.505,False,Rail south approach (Fertagus) (tidal/SLR exposure),
2302,38.618465,-8.835315,38.464,False,Rail south approach (Fertagus) (tidal/SLR exposure),
2303,38.618328,-8.835863,38.874,False,Rail south approach (Fertagus) (tidal/SLR exposure),
2304,38.618191,-8.836411,38.273,False,Rail south approach (Fertagus) (tidal/SLR exposure),
2305,38.618054,-8.83696,36.892,False,Rail south approach (Fertagus) (tidal/SLR exposure),
2306,38.617917,-8.837508,35.828,False,Rail south approach (Fertagus) (tidal/SLR exposure),
2307,38.61778,-8.838056,35.649,False,Rail south approach (Fertagus) (tidal/SLR exposure),
2308,38.617643,-8.838604,34.932,False,Rail south approach (Fertagus) (tidal/SLR exposure),
2309,38.617506,-8.839152,34.324,False,Rail south approach (Fertagus) (tidal/SLR exposure),
2310,38.617368,-8.8397,34.109,False,Rail south approach (Fertagus) (tidal/SLR exposure),
2311,38.617231,-8.840248,33.816,False,Rail south approach (Fertagus) (tidal/SLR exposure),
2312,38.617094,-8.840796,33.334,False,Rail south approach (Fertagus) (tidal/SLR exposure),
2313,38.616957,-8.841344,32.734,False,Rail south approach (Fertagus) (tidal/SLR exposure),
2314,38.61682,-8.841893,32.584,False,Rail south approach (Fertagus) (tidal/SLR exposure),
2315,38.616683,-8.842441,32.322,False,Rail south approach (Fertagus) (tidal/SLR exposure),
2316,38.616546,-8.842989,31.455,False,Rail south approach (Fertagus) (tidal/SLR exposure),
2317,38.616409,-8.843537,30.463,False,Rail south approach (Fertagus) (tidal/SLR exposure),
2318,38.616271,-8.844085,29.966,False,Rail south approach (Fertagus) (tidal/SLR exposure),
2319,38.616134,-8.844633,30.446,False,Rail south approach (Fertagus) (tidal/SLR exposure),
2320,38.615997,-8.845181,30.314,False,Rail south approach (Fertagus) (tidal/SLR exposure),
2321,38.61586,-8.845729,30.197,False,Rail south approach (Fertagus) (tidal/SLR exposure),
2322,38.615723,-8.846277,30.706,False,Rail south approach (Fertagus) (tidal/SLR exposure),
2323,38.615586,-8.846826,30.854,False,Rail south approach (Fertagus) (tidal/SLR exposure),
2324,38.615449,-8.847374,30.596,False,Rail south approach (Fertagus) (tidal/SLR exposure),
2325,38.615312,-8.847922,29.708,False,Rail south approach (Fertagus) (tidal/SLR exposure),
2326,38.615174,-8.84847,28.959,False,Rail south approach (Fertagus) (tidal/SLR exposure),
2327,38.615037,-8.849018,28.83,False,Rail south approach (Fertagus) (tidal/SLR exposure),
2328,38.6149,-8.849566,28.482,False,Rail south approach (Fertagus) (tidal/SLR exposure),
2329,38.614763,-8.850114,28.43,False,Rail south approach (Fertagus) (tidal/SLR exposure),
2330,38.614626,-8.850662,29.042,False,Rail south approach (Fertagus) (tidal/SLR exposure),
2331,38.614489,-8.85121,29.911,False,Rail south approach (Fertagus) (tidal/SLR exposure),
2332,38.614352,-8.851759,31.085,False,Rail south approach (Fertagus) (tidal/SLR exposure),
2333,38.614215,-8.852307,31.791,False,Rail south approach (Fertagus) (tidal/SLR exposure),
2334,38.614078,-8.852855,32.131,False,Rail south approach (Fertagus) (tidal/SLR exposure),
2335,38.61394,-8.853403,32.328,False,Rail south approach (Fertagus) (tidal/SLR exposure),
2336,38.613803,-8.853951,32.461,False,Rail south approach (Fertagus) (tidal/SLR exposure),
2337,38.613666,-8.854499,33.099,False,Rail south approach (Fertagus) (tidal/SLR exposure),
2338,38.613529,-8.855047,33.621,False,Rail south approach (Fertagus) (tidal/SLR exposure),
2339,38.613392,-8.855595,33.392,False,Rail south approach (Fertagus) (tidal/SLR exposure),
2340,38.613255,-8.856143,32.826,False,Rail south approach (Fertagus) (tidal/SLR exposure),
2341,38.613118,-8.856692,32.765,False,Rail south approach (Fertagus) (tidal/SLR exposure),
2342,38.612981,-8.85724,33.488,False,Rail south approach (Fertagus) (tidal/SLR exposure),
2343,38.612843,-8.857788,33.738,False,Rail south approach (Fertagus) (tidal/SLR exposure),
2344,38.612706,-8.858336,33.187,False,Rail south approach (Fertagus) (tidal/SLR exposure),
2345,38.612569,-8.858884,31.844,False,Rail south approach (Fertagus) (tidal/SLR exposure),
2346,38.612432,-8.859432,30.854,False,Rail south approach (Fertagus) (tidal/SLR exposure),
2347,38.612295,-8.85998,30.408,False,Rail south approach (Fertagus) (tidal/SLR exposure),
2348,38.612158,-8.860528,29.715,False,Rail south approach (Fertagus) (tidal/SLR exposure),
2349,38.612021,-8.861076,29.043,False,Rail south approach (Fertagus) (tidal/SLR exposure),
2350,38.611884,-8.861625,28.541,False,Rail south approach (Fertagus) (tidal/SLR exposure),
2351,38.611746,-8.862173,27.831,False,Rail south approach (Fertagus) (tidal/SLR exposure),
2352,38.611609,-8.862721,28.737,False,Rail south approach (Fertagus) (tidal/SLR exposure),
2353,38.611472,-8.863269,30.408,False,Rail south approach (Fertagus) (tidal/SLR exposure),
2354,38.611335,-8.863817,31.006,False,Rail south approach (Fertagus) (tidal/SLR exposure),
2355,38.611198,-8.864365,30.287,False,Rail south approach (Fertagus) (tidal/SLR exposure),
2356,38.611061,-8.864913,29.156,False,Rail south approach (Fertagus) (tidal/SLR exposure),
2357,38.610924,-8.865461,29.33,False,Rail south approach (Fertagus) (tidal/SLR exposure),
2358,38.610787,-8.866009,30.47,False,Rail south approach (Fertagus) (tidal/SLR exposure),
2359,38.61065,-8.866558,31.933,False,Rail south approach (Fertagus) (tidal/SLR exposure),
2360,38.610512,-8.867106,32.704,False,Rail south approach (Fertagus) (tidal/SLR exposure),
2361,38.610375,-8.867654,33.674,False,Rail south approach (Fertagus) (tidal/SLR exposure),
2362,38.610238,-8.868202,34.451,False,Rail south approach (Fertagus) (tidal/SLR exposure),
2363,38.610101,-8.86875,34.551,False,Rail south approach (Fertagus) (tidal/SLR exposure),
2364,38.609964,-8.869298,34.569,False,Rail south approach (Fertagus) (tidal/SLR exposure),
2365,38.609827,-8.869846,34.938,False,Rail south approach (Fertagus) (tidal/SLR exposure),
2366,38.60969,-8.870394,35.005,False,Rail south approach (Fertagus) (tidal/SLR exposure),
2367,38.609553,-8.870942,35.687,False,Rail south approach (Fertagus) (tidal/SLR exposure),
2368,38.609415,-8.871491,36.571,False,Rail south approach (Fertagus) (tidal/SLR exposure),
2369,38.609278,-8.872039,36.967,False,Rail south approach (Fertagus) (tidal/SLR exposure),
2370,38.609141,-8.872587,37.253,False,Rail south approach (Fertagus) (tidal/SLR exposure),
2371,38.609004,-8.873135,37.882,False,Rail south approach (Fertagus) (tidal/SLR exposure),
2372,38.608867,-8.873683,38.365,False,Rail south approach (Fertagus) (tidal/SLR exposure),
2373,38.60873,-8.874231,38.113,False,Rail south approach (Fertagus) (tidal/SLR exposure),
2374,38.608593,-8.874779,37.569,False,Rail south approach (Fertagus) (tidal/SLR exposure),
2375,38.608456,-8.875327,36.766,False,Rail south approach (Fertagus) (tidal/SLR exposure),
2376,38.608318,-8.875876,36.202,False,Rail south approach (Fertagus) (tidal/SLR exposure),
2377,38.608181,-8.876424,36.486,False,Rail south approach (Fertagus) (tidal/SLR exposure),
2378,38.608044,-8.876972,37.533,False,Rail south approach (Fertagus) (tidal/SLR exposure),
2379,38.607907,-8.87752,38.977,False,Rail south approach (Fertagus) (tidal/SLR exposure),
2380,38.60777,-8.878068,40.119,False,Rail south approach (Fertagus) (tidal/SLR exposure),
2381,38.607633,-8.878616,39.598,False,Rail south approach (Fertagus) (tidal/SLR exposure),
2382,38.607496,-8.879164,38.524,False,Rail south approach (Fertagus) (tidal/SLR exposure),
2383,38.607359,-8.879712,38.389,False,Rail south approach (Fertagus) (tidal/SLR exposure),
2384,38.607222,-8.88026,38.897,False,Rail south approach (Fertagus) (tidal/SLR exposure),
2385,38.607084,-8.880809,39.646,False,Rail south approach (Fertagus) (tidal/SLR exposure),
2386,38.606947,-8.881357,41.163,False,Rail south approach (Fertagus) (tidal/SLR exposure),
2387,38.60681,-8.881905,42.061,False,Rail south approach (Fertagus) (tidal/SLR exposure),
2388,38.606673,-8.882453,42.882,False,Rail south approach (Fertagus) (tidal/SLR exposure),
2389,38.606536,-8.883001,43.845,False,Rail south approach (Fertagus) (tidal/SLR exposure),
2390,38.606399,-8.883549,45.136,False,Rail south approach (Fertagus) (tidal/SLR exposure),
2391,38.606262,-8.884097,46.342,False,Rail south approach (Fertagus) (tidal/SLR exposure),
2392,38.606125,-8.884645,45.867,False,Rail south approach (Fertagus) (tidal/SLR exposure),
2393,38.605987,-8.885193,45.24,False,Rail south approach (Fertagus) (tidal/SLR exposure),
2394,38.60585,-8.885742,44.919,False,Rail south approach (Fertagus) (tidal/SLR exposure),
2395,38.605713,-8.88629,46.288,False,Rail south approach (Fertagus) (tidal/SLR exposure),
2396,38.605576,-8.886838,46.912,False,Rail south approach (Fertagus) (tidal/SLR exposure),
2397,38.605439,-8.887386,46.841,False,Rail south approach (Fertagus) (tidal/SLR exposure),
2398,38.605286,-8.887883,47.101,False,Rail south approach (Fertagus) (tidal/SLR exposure),
2399,38.604892,-8.887605,47.663,False,Rail south approach (Fertagus) (tidal/SLR exposure),
2400,38.604501,-8.887323,48.128,False,Rail south approach (Fertagus) (tidal/SLR exposure),
2401,38.604112,-8.887033,48.487,False,Rail south approach (Fertagus) (tidal/SLR exposure),
2402,38.603723,-8.886744,49.336,False,Rail south approach (Fertagus) (tidal/SLR exposure),
2403,38.603335,-8.886455,50.385,False,Rail south approach (Fertagus) (tidal/SLR exposure),
2404,38.602946,-8.886165,50.789,False,Rail south approach (Fertagus) (tidal/SLR exposure),
2405,38.602557,-8.885876,50.957,False,Rail south approach (Fertagus) (tidal/SLR exposure),
2406,38.602168,-8.885589,51.461,False,Rail south approach (Fertagus) (tidal/SLR exposure),
2407,38.601777,-8.885303,51.497,False,Rail south approach (Fertagus) (tidal/SLR exposure),
2408,38.601387,-8.885018,51.055,False,Rail south approach (Fertagus) (tidal/SLR exposure),
2409,38.600996,-8.884732,51.357,False,Rail south approach (Fertagus) (tidal/SLR exposure),
2410,38.600606,-8.884447,51.746,False,Rail south approach (Fertagus) (tidal/SLR exposure),
2411,38.600216,-8.884161,51.923,False,Rail south approach (Fertagus) (tidal/SLR exposure),
2412,38.599825,-8.883876,52.865,False,,
2413,38.599434,-8.883592,53.677,False,,
2414,38.599043,-8.883307,53.208,False,,
2415,38.598653,-8.883023,51.15,False,,
2416,38.598262,-8.882738,50.267,False,,
2417,38.597871,-8.882454,50.489,False,,
2418,38.597479,-8.882171,50.727,False,,
2419,38.597088,-8.881888,51.321,False,,
2420,38.596696,-8.881606,51.495,False,,
2421,38.596304,-8.881323,51.692,False,,
2422,38.595914,-8.881038,52.181,False,,
2423,38.595526,-8.880746,52.616,False,,
2424,38.595139,-8.880454,52.85,False,,
2425,38.594751,-8.880162,52.177,False,,
2426,38.594364,-8.87987,51.614,False,,
2427,38.593977,-8.879577,51.474,False,,
2428,38.593583,-8.8793,51.746,False,,
2429,38.593184,-8.879034,52.431,False,,
2430,38.592786,-8.878767,53.798,False,,
2431,38.592387,-8.878501,55.577,False,,
2432,38.591988,-8.878237,55.343,False,,
2433,38.591576,-8.878005,54.604,False,,
2434,38.591165,-8.877772,53.636,False,,
2435,38.590754,-8.87754,53.057,False,,
2436,38.590338,-8.877321,53.908,False,,
2437,38.589914,-8.877131,54.401,False,,
2438,38.589489,-8.876941,54.701,False,,
2439,38.589065,-8.876751,54.914,False,,
2440,38.588632,-8.876594,54.217,False,,
2441,38.588199,-8.87644,53.322,False,,
2442,38.587766,-8.876286,52.933,False,,
2443,38.587328,-8.876159,53.021,False,,
2444,38.586886,-8.876048,53.185,False,,
2445,38.586445,-8.875938,53.409,False,,
2446,38.586004,-8.875828,53.633,False,,
2447,38.585562,-8.875718,53.276,False,,
2448,38.58512,-8.875617,52.205,False,,
2449,38.584677,-8.875516,51.76,False,,
2450,38.584234,-8.875416,51.757,False,,
2451,38.583792,-8.875315,51.644,False,,
2452,38.583349,-8.875214,51.809,False,,
2453,38.582905,-8.875123,53.488,False,,
2454,38.582461,-8.875034,55.679,False,,
2455,38.582016,-8.874945,55.614,False,,
2456,38.581572,-8.874856,54.097,False,,
2457,38.581128,-8.874768,53.757,False,,
2458,38.580684,-8.874677,53.946,False,,
2459,38.58024,-8.874583,53.973,False,,
2460,38.579796,-8.87449,55.278,False,,
2461,38.579353,-8.874396,56.515,False,,
2462,38.578909,-8.874302,57.045,False,,
2463,38.578466,-8.874208,56.582,False,,
2464,38.578022,-8.874113,56.286,False,,
2465,38.577579,-8.874017,56.199,False,,
2466,38.577135,-8.87392,55.998,False,,
2467,38.576692,-8.873824,55.623,False,,
2468,38.576249,-8.873728,55.02,False,,
2469,38.575805,-8.873633,54.267,False,,
2470,38.575362,-8.87354,53.243,False,,
2471,38.574918,-8.873447,53.024,False,,
2472,38.574474,-8.873355,53.282,False,,
2473,38.574031,-8.873259,52.614,False,,
2474,38.573587,-8.873162,51.45,False,,
2475,38.573144,-8.873065,50.9,False,,
2476,38.572701,-8.872968,50.22,False,,
2477,38.573094,-8.873159,50.88,False,,
2478,38.573515,-8.873359,51.955,False,,
2479,38.573937,-8.873559,53.442,False,,
2480,38.574358,-8.873759,54.165,False,,
2481,38.57478,-8.873959,54.138,False,,
2482,38.575202,-8.87416,54.667,False,,
2483,38.575623,-8.87436,55.658,False,,
2484,38.576045,-8.87456,56.239,False,,
2485,38.576466,-8.87476,56.391,False,,
2486,38.576888,-8.87496,57.275,False,,
2487,38.577309,-8.87516,58.253,False,,
2488,38.577731,-8.875361,58.627,False,,
2489,38.578153,-8.875561,58.834,False,,
2490,38.578574,-8.875761,59.243,False,,
2491,38.578996,-8.875961,59.432,False,,
2492,38.579417,-8.876161,59.486,False,,
2493,38.579839,-8.876362,60.124,False,,
2494,38.58026,-8.876562,59.948,False,,
2495,38.580682,-8.876762,58.938,False,,
2496,38.581103,-8.876962,57.998,False,,
2497,38.581525,-8.877162,57.345,False,,
2498,38.581947,-8.877362,57.658,False,,
2499,38.582368,-8.877563,58.347,False,,
2500,38.58279,-8.877763,58.948,False,,
2501,38.583211,-8.877963,59.658,False,,
2502,38.583633,-8.878163,59.578,False,,
2503,38.584054,-8.878363,58.471,False,,
2504,38.584476,-8.878563,57.789,False,,
2505,38.584897,-8.878764,57.611,False,,
2506,38.585319,-8.878964,57.647,False,,
2507,38.585741,-8.879164,57.681,False,,
2508,38.586162,-8.879364,58.431,False,,
2509,38.586584,-8.879564,59.368,False,,
2510,38.587005,-8.879765,61.969,False,,
2511,38.587427,-8.879965,64.171,False,,
2512,38.587848,-8.880165,65.07,False,,
2513,38.58827,-8.880365,66.079,False,,
2514,38.588692,-8.880565,66.437,False,,
2515,38.589113,-8.880765,65.53,False,,
2516,38.589535,-8.880966,64.439,False,,
2517,38.589956,-8.881166,63.589,False,,
2518,38.590378,-8.881366,62.803,False,,
2519,38.590799,-8.881566,62.187,False,,
2520,38.591221,-8.881766,62.944,False,,
2521,38.591642,-8.881967,63.785,False,,
2522,38.592064,-8.882167,63.554,False,,
2523,38.592486,-8.882367,62.498,False,,
2524,38.592907,-8.882567,61.087,False,,
2525,38.593329,-8.882767,59.671,False,,
2526,38.59375,-8.882967,57.913,False,,
2527,38.594172,-8.883168,56.616,False,,
2528,38.594593,-8.883368,55.23,False,,
2529,38.595015,-8.883568,53.732,False,,
2530,38.595436,-8.883768,53.256,False,,
2531,38.595858,-8.883968,52.515,False,,
2532,38.59628,-8.884169,51.214,False,,
2533,38.596701,-8.884369,50.813,False,,
2534,38.597123,-8.884569,51.471,False,,
2535,38.597544,-8.884769,52.37,False,,
2536,38.597966,-8.884969,53.306,False,,
2537,38.598387,-8.885169,54.006,False,,
2538,38.598809,-8.88537,54.395,False,,
2539,38.599231,-8.88557,54.831,False,,
2540,38.599652,-8.88577,55.507,False,,
2541,38.600074,-8.88597,55.344,False,Rail south approach (Fertagus) (tidal/SLR exposure),
2542,38.600495,-8.88617,54.57,False,Rail south approach (Fertagus) (tidal/SLR exposure),
2543,38.600917,-8.88637,54.118,False,Rail south approach (Fertagus) (tidal/SLR exposure),
2544,38.601338,-8.886571,53.226,False,Rail south approach (Fertagus) (tidal/SLR exposure),
2545,38.60176,-8.886771,51.805,False,Rail south approach (Fertagus) (tidal/SLR exposure),
2546,38.602181,-8.886971,50.756,False,Rail south approach (Fertagus) (tidal/SLR exposure),
2547,38.602603,-8.887171,49.886,False,Rail south approach (Fertagus) (tidal/SLR exposure),
2548,38.603025,-8.887371,48.886,False,Rail south approach (Fertagus) (tidal/SLR exposure),
2549,38.603446,-8.887572,48.349,False,Rail south approach (Fertagus) (tidal/SLR exposure),
2550,38.603868,-8.887772,48.2,False,Rail south approach (Fertagus) (tidal/SLR exposure),
2551,38.604289,-8.887972,47.913,False,Rail south approach (Fertagus) (tidal/SLR exposure),
2552,38.604711,-8.888172,47.501,False,Rail south approach (Fertagus) (tidal/SLR exposure),
2553,38.605132,-8.888372,47.197,False,Rail south approach (Fertagus) (tidal/SLR exposure),
2554,38.605554,-8.888572,46.816,False,Rail south approach (Fertagus) (tidal/SLR exposure),
2555,38.605975,-8.888773,46.013,False,Rail south approach (Fertagus) (tidal/SLR exposure),
2556,38.606397,-8.888973,45.026,False,Rail south approach (Fertagus) (tidal/SLR exposure),
2557,38.606819,-8.889173,44.433,False,Rail south approach (Fertagus) (tidal/SLR exposure),
2558,38.60724,-8.889373,44.247,False,Rail south approach (Fertagus) (tidal/SLR exposure),
2559,38.607629,-8.889661,44.32,False,Rail south approach (Fertagus) (tidal/SLR exposure),
2560,38.608019,-8.889949,44.351,False,Rail south approach (Fertagus) (tidal/SLR exposure),
2561,38.608408,-8.890237,44.187,False,Rail south approach (Fertagus) (tidal/SLR exposure),
2562,38.608797,-8.890525,43.578,False,Rail south approach (Fertagus) (tidal/SLR exposure),
2563,38.609187,-8.890813,42.996,False,Rail south approach (Fertagus) (tidal/SLR exposure),
2564,38.609576,-8.891101,42.786,False,Rail south approach (Fertagus) (tidal/SLR exposure),
2565,38.609966,-8.891389,42.699,False,Rail south approach (Fertagus) (tidal/SLR exposure),
2566,38.610355,-8.891676,41.965,False,Rail south approach (Fertagus) (tidal/SLR exposure),
2567,38.610745,-8.891963,41.095,False,Rail south approach (Fertagus) (tidal/SLR exposure),
2568,38.611134,-8.89225,40.64,False,Rail south approach (Fertagus) (tidal/SLR exposure),
2569,38.611524,-8.892537,40.844,False,Rail south approach (Fertagus) (tidal/SLR exposure),
2570,38.611914,-8.892824,41.465,False,Rail south approach (Fertagus) (tidal/SLR exposure),
2571,38.612304,-8.893111,41.937,False,Rail south approach (Fertagus) (tidal/SLR exposure),
2572,38.612694,-8.893397,41.986,False,Rail south approach (Fertagus) (tidal/SLR exposure),
2573,38.613084,-8.893684,41.542,False,Rail south approach (Fertagus) (tidal/SLR exposure),
2574,38.613473,-8.893971,40.483,False,Rail south approach (Fertagus) (tidal/SLR exposure),
2575,38.613863,-8.894258,39.437,False,Rail south approach (Fertagus) (tidal/SLR exposure),
2576,38.614254,-8.894544,38.851,False,Rail south approach (Fertagus) (tidal/SLR exposure),
2577,38.614644,-8.894829,39.125,False,Rail south approach (Fertagus) (tidal/SLR exposure),
2578,38.615034,-8.895115,39.22,False,Rail south approach (Fertagus) (tidal/SLR exposure),
2579,38.615425,-8.895401,39.104,False,Rail south approach (Fertagus) (tidal/SLR exposure),
2580,38.615815,-8.895686,39.171,False,Rail south approach (Fertagus) (tidal/SLR exposure),
2581,38.616207,-8.895968,39.052,False,Rail south approach (Fertagus) (tidal/SLR exposure),
2582,38.616599,-8.89625,39.074,False,Rail south approach (Fertagus) (tidal/SLR exposure),
2583,38.616991,-8.896532,39.953,False,Rail south approach (Fertagus) (tidal/SLR exposure),
2584,38.617383,-8.896814,40.212,False,Rail south approach (Fertagus) (tidal/SLR exposure),
2585,38.617775,-8.897097,39.638,False,Rail south approach (Fertagus) (tidal/SLR exposure),
2586,38.618164,-8.897385,38.881,False,Rail south approach (Fertagus) (tidal/SLR exposure),
2587,38.618553,-8.897673,38.006,False,Rail south approach (Fertagus) (tidal/SLR exposure),
2588,38.618942,-8.897961,37.841,False,Rail south approach (Fertagus) (tidal/SLR exposure),
2589,38.619331,-8.89825,38.149,False,Rail south approach (Fertagus) (tidal/SLR exposure),
2590,38.619721,-8.898536,38.227,False,Rail south approach (Fertagus) (tidal/SLR exposure),
2591,38.620112,-8.898821,38.142,False,Rail south approach (Fertagus) (tidal/SLR exposure),
2592,38.620503,-8.899107,38.048,False,Rail south approach (Fertagus) (tidal/SLR exposure),
2593,38.620893,-8.899392,37.856,False,Rail south approach (Fertagus) (tidal/SLR exposure),
2594,38.621284,-8.899677,37.561,False,Rail south approach (Fertagus) (tidal/SLR exposure),
2595,38.621674,-8.899962,37.128,False,Rail south approach (Fertagus) (tidal/SLR exposure),
2596,38.622064,-8.900249,36.24,False,Rail south approach (Fertagus) (tidal/SLR exposure),
2597,38.622453,-8.900537,35.164,False,Rail south approach (Fertagus) (tidal/SLR exposure),
2598,38.622843,-8.900825,35.093,False,Rail south approach (Fertagus) (tidal/SLR exposure),
2599,38.623232,-8.901113,35.544,False,Rail south approach (Fertagus) (tidal/SLR exposure),
2600,38.623622,-8.901401,35.471,False,Rail south approach (Fertagus) (tidal/SLR exposure),
2601,38.624011,-8.901689,35.125,False,Rail south approach (Fertagus) (tidal/SLR exposure),
2602,38.6244,-8.901976,35.313,False,Rail south approach (Fertagus) (tidal/SLR exposure),
2603,38.62479,-8.902264,35.701,False,Rail south approach (Fertagus) (tidal/SLR exposure),
2604,38.625179,-8.902552,35.344,False,Rail south approach (Fertagus) (tidal/SLR exposure),
2605,38.625571,-8.902835,34.651,False,Rail south approach (Fertagus) (tidal/SLR exposure),
2606,38.625962,-8.903118,34.533,False,Rail south approach (Fertagus) (tidal/SLR exposure),
2607,38.626354,-8.9034,34.96,False,Rail south approach (Fertagus) (tidal/SLR exposure),
2608,38.626681,-8.903755,35.015,False,Rail south approach (Fertagus) (tidal/SLR exposure),
2609,38.62684,-8.904293,35.582,False,Rail south approach (Fertagus) (tidal/SLR exposure),
2610,38.627,-8.904831,36.952,False,Rail south approach (Fertagus) (tidal/SLR exposure),
2611,38.62716,-8.905369,37.486,False,Rail south approach (Fertagus) (tidal/SLR exposure),
2612,38.62732,-8.905907,37.476,False,Rail south approach (Fertagus) (tidal/SLR exposure),
2613,38.62748,-8.906445,37.273,False,Rail south approach (Fertagus) (tidal/SLR exposure),
2614,38.62764,-8.906983,36.976,False,Rail south approach (Fertagus) (tidal/SLR exposure),
2615,38.6278,-8.907521,37.112,False,Rail south approach (Fertagus) (tidal/SLR exposure),
2616,38.62796,-8.908059,38.064,False,Rail south approach (Fertagus) (tidal/SLR exposure),
2617,38.62812,-8.908597,39.096,False,Rail south approach (Fertagus) (tidal/SLR exposure),
2618,38.628279,-8.909135,40.471,False,Rail south approach (Fertagus) (tidal/SLR exposure),
2619,38.628439,-8.909673,42.216,False,Rail south approach (Fertagus) (tidal/SLR exposure),
2620,38.628599,-8.910211,43.467,False,Rail south approach (Fertagus) (tidal/SLR exposure),
2621,38.628759,-8.910749,43.821,False,Rail south approach (Fertagus) (tidal/SLR exposure),
2622,38.628919,-8.911287,43.312,False,Rail south approach (Fertagus) (tidal/SLR exposure),
2623,38.629079,-8.911825,41.961,False,Rail south approach (Fertagus) (tidal/SLR exposure),
2624,38.629239,-8.912363,40.545,False,Rail south approach (Fertagus) (tidal/SLR exposure),
2625,38.629399,-8.912901,40.116,False,Rail south approach (Fertagus) (tidal/SLR exposure),
2626,38.629559,-8.913439,40.185,False,Rail south approach (Fertagus) (tidal/SLR exposure),
2627,38.629718,-8.913977,40.649,False,Rail south approach (Fertagus) (tidal/SLR exposure),
2628,38.629878,-8.914514,41.69,False,Rail south approach (Fertagus) (tidal/SLR exposure),
2629,38.629962,-8.915072,42.083,False,Rail south approach (Fertagus) (tidal/SLR exposure),
2630,38.62999,-8.915647,41.22,False,Rail south approach (Fertagus) (tidal/SLR exposure),
2631,38.630024,-8.916221,40.644,False,Rail south approach (Fertagus) (tidal/SLR exposure),
2632,38.630048,-8.916795,40.467,False,Rail south approach (Fertagus) (tidal/SLR exposure),
2633,38.630058,-8.91696,40.451,False,Rail south approach (Fertagus) (tidal/SLR exposure),
2634,38.630072,-8.916384,40.583,False,Rail south approach (Fertagus) (tidal/SLR exposure),
2635,38.630081,-8.915809,40.917,False,Rail south approach (Fertagus) (tidal/SLR exposure),
2636,38.630069,-8.915234,41.797,False,Rail south approach (Fertagus) (tidal/SLR exposure),
2637,38.630032,-8.91466,41.833,False,Rail south approach (Fertagus) (tidal/SLR exposure),
2638,38.629998,-8.914265,40.86,False,Rail south approach (Fertagus) (tidal/SLR exposure),
2639,38.63,-8.91484,42.085,False,Rail south approach (Fertagus) (tidal/SLR exposure),
2640,38.630002,-8.915416,41.551,False,Rail south approach (Fertagus) (tidal/SLR exposure),
2641,38.630004,-8.915991,40.833,False,Rail south approach (Fertagus) (tidal/SLR exposure),
2642,38.630005,-8.916567,40.501,False,Rail south approach (Fertagus) (tidal/SLR exposure),
2643,38.630007,-8.917143,40.417,False,Rail south approach (Fertagus) (tidal/SLR exposure),
2644,38.630009,-8.917718,39.832,False,Rail south approach (Fertagus) (tidal/SLR exposure),
2645,38.630011,-8.918294,39.297,False,Rail south approach (Fertagus) (tidal/SLR exposure),
2646,38.630013,-8.918869,39.561,False,Rail south approach (Fertagus) (tidal/SLR exposure),
2647,38.630014,-8.919445,39.052,False,Rail south approach (Fertagus) (tidal/SLR exposure),
2648,38.630016,-8.920021,38.332,False,Rail south approach (Fertagus) (tidal/SLR exposure),
2649,38.630029,-8.919636,38.764,False,Rail south approach (Fertagus) (tidal/SLR exposure),
2650,38.630044,-8.919061,39.469,False,Rail south approach (Fertagus) (tidal/SLR exposure),
2651,38.630033,-8.919478,38.994,False,Rail south approach (Fertagus) (tidal/SLR exposure),
2652,38.630019,-8.920053,38.303,False,Rail south approach (Fertagus) (tidal/SLR exposure),
2653,38.629806,-8.919943,38.32,False,Rail south approach (Fertagus) (tidal/SLR exposure),
2654,38.629427,-8.919632,38.74,False,Rail south approach (Fertagus) (tidal/SLR exposure),
2655,38.629049,-8.919321,39.341,False,Rail south approach (Fertagus) (tidal/SLR exposure),
2656,38.62867,-8.91901,39.345,False,Rail south approach (Fertagus) (tidal/SLR exposure),
2657,38.628292,-8.918699,39.169,False,Rail south approach (Fertagus) (tidal/SLR exposure),
2658,38.627914,-8.918388,39.368,False,Rail south approach (Fertagus) (tidal/SLR exposure),
2659,38.627535,-8.918078,39.308,False,Rail south approach (Fertagus) (tidal/SLR exposure),
2660,38.627157,-8.917767,39.688,False,Rail south approach (Fertagus) (tidal/SLR exposure),
2661,38.626778,-8.917456,41.093,False,Rail south approach (Fertagus) (tidal/SLR exposure),
2662,38.6264,-8.917145,45.608,False,Rail south approach (Fertagus) (tidal/SLR exposure),
2663,38.626022,-8.916834,48.922,False,Rail south approach (Fertagus) (tidal/SLR exposure),
2664,38.625643,-8.916523,48.412,False,Rail south approach (Fertagus) (tidal/SLR exposure),
2665,38.625265,-8.916212,48.347,False,Rail south approach (Fertagus) (tidal/SLR exposure),
2666,38.624886,-8.915902,48.429,False,Rail south approach (Fertagus) (tidal/SLR exposure),
2667,38.624508,-8.915591,49.012,False,Rail south approach (Fertagus) (tidal/SLR exposure),
2668,38.62413,-8.91528,49.515,False,Rail south approach (Fertagus) (tidal/SLR exposure),
2669,38.623751,-8.914969,49.464,False,Rail south approach (Fertagus) (tidal/SLR exposure),
2670,38.623373,-8.914658,49.483,False,Rail south approach (Fertagus) (tidal/SLR exposure),
2671,38.622994,-8.914347,50.504,False,Rail south approach (Fertagus) (tidal/SLR exposure),
2672,38.622616,-8.914037,51.897,False,Rail south approach (Fertagus) (tidal/SLR exposure),
2673,38.622238,-8.913726,51.986,False,Rail south approach (Fertagus) (tidal/SLR exposure),
2674,38.621859,-8.913415,50.713,False,Rail south approach (Fertagus) (tidal/SLR exposure),
2675,38.621481,-8.913104,48.909,False,Rail south approach (Fertagus) (tidal/SLR exposure),
2676,38.621102,-8.912793,46.495,False,Rail south approach (Fertagus) (tidal/SLR exposure),
2677,38.620724,-8.912482,44.798,False,Rail south approach (Fertagus) (tidal/SLR exposure),
2678,38.620346,-8.912171,44.228,False,Rail south approach (Fertagus) (tidal/SLR exposure),
2679,38.619967,-8.911861,43.788,False,Rail south approach (Fertagus) (tidal/SLR exposure),
2680,38.619589,-8.91155,43.447,False,Rail south approach (Fertagus) (tidal/SLR exposure),
2681,38.61921,-8.911239,43.294,False,Rail south approach (Fertagus) (tidal/SLR exposure),
2682,38.618832,-8.910928,42.903,False,Rail south approach (Fertagus) (tidal/SLR exposure),
2683,38.618454,-8.910617,42.689,False,Rail south approach (Fertagus) (tidal/SLR exposure),
2684,38.618075,-8.910306,41.898,False,Rail south approach (Fertagus) (tidal/SLR exposure),
2685,38.617697,-8.909996,40.487,False,Rail south approach (Fertagus) (tidal/SLR exposure),
2686,38.617319,-8.909685,39.851,False,Rail south approach (Fertagus) (tidal/SLR exposure),
2687,38.61694,-8.909374,40.431,False,Rail south approach (Fertagus) (tidal/SLR exposure),
2688,38.616562,-8.909063,41.229,False,Rail south approach (Fertagus) (tidal/SLR exposure),
2689,38.616183,-8.908752,42.158,False,Rail south approach (Fertagus) (tidal/SLR exposure),
2690,38.615805,-8.908441,42.987,False,Rail south approach (Fertagus) (tidal/SLR exposure),
2691,38.615427,-8.90813,43.602,False,Rail south approach (Fertagus) (tidal/SLR exposure),
2692,38.615048,-8.90782,44.652,False,Rail south approach (Fertagus) (tidal/SLR exposure),
2693,38.61467,-8.907509,45.264,False,Rail south approach (Fertagus) (tidal/SLR exposure),
2694,38.614291,-8.907198,44.337,False,Rail south approach (Fertagus) (tidal/SLR exposure),
2695,38.613913,-8.906887,44.053,False,Rail south approach (Fertagus) (tidal/SLR exposure),
2696,38.613535,-8.906576,44.784,False,Rail south approach (Fertagus) (tidal/SLR exposure),
2697,38.613156,-8.906265,45.538,False,Rail south approach (Fertagus) (tidal/SLR exposure),
2698,38.612778,-8.905955,46.326,False,Rail south approach (Fertagus) (tidal/SLR exposure),
2699,38.612399,-8.905644,47.171,False,Rail south approach (Fertagus) (tidal/SLR exposure),
2700,38.612021,-8.905333,48.166,False,Rail south approach (Fertagus) (tidal/SLR exposure),
2701,38.611643,-8.905022,49.236,False,Rail south approach (Fertagus) (tidal/SLR exposure),
2702,38.611264,-8.904711,50.329,False,Rail south approach (Fertagus) (tidal/SLR exposure),
2703,38.610886,-8.9044,52.314,False,Rail south approach (Fertagus) (tidal/SLR exposure),
2704,38.610507,-8.90409,54.277,False,Rail south approach (Fertagus) (tidal/SLR exposure),
2705,38.610129,-8.903779,57.06,False,Rail south approach (Fertagus) (tidal/SLR exposure),
2706,38.609751,-8.903468,59.388,False,Rail south approach (Fertagus) (tidal/SLR exposure),
2707,38.609372,-8.903157,60.942,False,Rail south approach (Fertagus) (tidal/SLR exposure),
2708,38.608994,-8.902846,60.38,False,Rail south approach (Fertagus) (tidal/SLR exposure),
2709,38.608615,-8.902535,57.87,False,Rail south approach (Fertagus) (tidal/SLR exposure),
2710,38.608237,-8.902224,55.687,False,Rail south approach (Fertagus) (tidal/SLR exposure),
2711,38.607859,-8.901914,53.722,False,Rail south approach (Fertagus) (tidal/SLR exposure),
2712,38.60748,-8.901603,52.978,False,Rail south approach (Fertagus) (tidal/SLR exposure),
2713,38.607102,-8.901292,52.567,False,Rail south approach (Fertagus) (tidal/SLR exposure),
2714,38.606724,-8.900981,52.149,False,Rail south approach (Fertagus) (tidal/SLR exposure),
2715,38.606345,-8.90067,52.556,False,Rail south approach (Fertagus) (tidal/SLR exposure),
2716,38.605967,-8.900359,53.195,False,Rail south approach (Fertagus) (tidal/SLR exposure),
2717,38.605588,-8.900049,53.317,False,Rail south approach (Fertagus) (tidal/SLR exposure),
2718,38.60521,-8.899738,53.664,False,Rail south approach (Fertagus) (tidal/SLR exposure),
2719,38.604832,-8.899427,54.299,False,Rail south approach (Fertagus) (tidal/SLR exposure),
2720,38.604453,-8.899116,55.676,False,Rail south approach (Fertagus) (tidal/SLR exposure),
2721,38.604075,-8.898805,57.445,False,Rail south approach (Fertagus) (tidal/SLR exposure),
2722,38.603696,-8.898494,59.107,False,Rail south approach (Fertagus) (tidal/SLR exposure),
2723,38.603318,-8.898183,59.928,False,Rail south approach (Fertagus) (tidal/SLR exposure),
2724,38.60294,-8.897873,60.227,False,Rail south approach (Fertagus) (tidal/SLR exposure),
2725,38.602561,-8.897562,60.699,False,Rail south approach (Fertagus) (tidal/SLR exposure),
2726,38.602183,-8.897251,61.408,False,Rail south approach (Fertagus) (tidal/SLR exposure),
2727,38.601804,-8.89694,61.486,False,Rail south approach (Fertagus) (tidal/SLR exposure),
2728,38.601426,-8.896629,61.242,False,Rail south approach (Fertagus) (tidal/SLR exposure),
2729,38.601048,-8.896318,61.705,False,Rail south approach (Fertagus) (tidal/SLR exposure),
2730,38.600669,-8.896008,62.706,False,Rail south approach (Fertagus) (tidal/SLR exposure),
2731,38.600291,-8.895697,63.519,False,Rail south approach (Fertagus) (tidal/SLR exposure),
2732,38.599912,-8.895386,63.973,False,,
2733,38.599534,-8.895075,64.807,False,,
2734,38.599156,-8.894764,65.606,False,,
2735,38.598777,-8.894453,66.366,False,,
2736,38.598399,-8.894142,67.775,False,,
2737,38.59802,-8.893832,68.954,False,,
2738,38.597642,-8.893521,69.04,False,,
2739,38.597264,-8.89321,68.791,False,,
2740,38.596885,-8.892899,68.39,False,,
2741,38.596507,-8.892588,68.497,False,,
2742,38.596129,-8.892277,68.53,False,,
2743,38.59575,-8.891967,68.081,False,,
2744,38.595372,-8.891656,67.831,False,,
2745,38.594993,-8.891345,66.963,False,,
2746,38.594615,-8.891034,67.078,False,,
2747,38.594237,-8.890723,67.908,False,,
2748,38.593858,-8.890412,69.196,False,,
2749,38.59348,-8.890101,71.162,False,,
2750,38.593101,-8.889791,73.234,False,,
2751,38.592723,-8.88948,74.358,False,,
2752,38.592345,-8.889169,74.887,False,,
2753,38.591966,-8.888858,75.593,False,,
2754,38.591588,-8.888547,76.169,False,,
2755,38.591209,-8.888236,77.161,False,,
2756,38.590831,-8.887926,78.216,False,,
2757,38.590453,-8.887615,79.736,False,,
2758,38.590074,-8.887304,79.628,False,,
2759,38.589696,-8.886993,78.146,False,,
2760,38.589317,-8.886682,76.173,False,,
2761,38.588939,-8.886371,74.107,False,,
2762,38.588561,-8.886061,72.382,False,,
2763,38.588182,-8.88575,72.076,False,,
2764,38.587804,-8.885439,70.135,False,,
2765,38.587425,-8.885128,70.326,False,,
2766,38.587047,-8.884817,71.695,False,,
2767,38.586669,-8.884506,73.688,False,,
2768,38.58629,-8.884195,75.628,False,,
2769,38.585912,-8.883885,76.436,False,,
2770,38.585534,-8.883574,76.086,False,,
2771,38.585155,-8.883263,75.297,False,,
2772,38.584777,-8.882952,75.097,False,,
2773,38.584398,-8.882641,75.928,False,,
2774,38.58402,-8.88233,76.084,False,,
2775,38.583642,-8.88202,75.081,False,,
2776,38.583263,-8.881709,73.815,False,,
2777,38.582885,-8.881398,73.211,False,,
2778,38.582506,-8.881087,72.629,False,,
2779,38.582128,-8.880776,70.904,False,,
2780,38.58175,-8.880465,69.786,False,,
2781,38.581371,-8.880154,68.981,False,,
2782,38.580993,-8.879844,67.252,False,,
2783,38.580614,-8.879533,65.26,False,,
2784,38.580236,-8.879222,63.7,False,,
2785,38.579858,-8.878911,63.303,False,,
2786,38.579479,-8.8786,63.691,False,,
2787,38.579101,-8.878289,63.489,False,,
2788,38.578722,-8.877979,62.778,False,,
2789,38.578344,-8.877668,61.958,False,,
2790,38.577966,-8.877357,61.466,False,,
2791,38.577587,-8.877046,61.669,False,,
2792,38.577209,-8.876735,61.997,False,,
2793,38.57683,-8.876424,61.685,False,,
2794,38.576452,-8.876113,60.476,False,,
2795,38.576074,-8.875803,58.653,False,,
2796,38.575695,-8.875492,57.413,False,,
2797,38.575317,-8.875181,56.935,False,,
2798,38.574939,-8.87487,55.857,False,,
2799,38.57456,-8.874559,55.325,False,,
2800,38.574182,-8.874248,55.123,False,,
2801,38.573803,-8.873938,54.053,False,,
2802,38.573425,-8.873627,52.614,False,,
2803,38.573047,-8.873316,51.055,False,,
2804,38.572692,-8.873017,50.151,False,,
2805,38.573136,-8.873114,50.918,False,,
2806,38.573579,-8.87321,51.59,False,,
2807,38.574022,-8.873307,52.784,False,,
2808,38.574465,-8.873404,53.392,False,,
2809,38.574909,-8.873498,53.149,False,,
2810,38.575353,-8.873592,53.382,False,,
2811,38.575796,-8.873687,54.404,False,,
2812,38.57624,-8.873782,55.134,False,,
2813,38.576683,-8.873877,55.7,False,,
2814,38.577126,-8.873973,56.033,False,,
2815,38.57757,-8.874068,56.219,False,,
2816,38.578013,-8.874164,56.318,False,,
2817,38.578457,-8.874258,56.661,False,,
2818,38.578901,-8.874352,57.191,False,,
2819,38.579344,-8.874445,56.657,False,,
2820,38.579788,-8.874538,55.322,False,,
2821,38.580232,-8.874632,53.823,False,,
2822,38.580675,-8.874725,53.774,False,,
2823,38.581119,-8.874816,53.668,False,,
2824,38.581564,-8.874905,54.112,False,,
2825,38.582008,-8.874994,55.617,False,,
2826,38.582452,-8.875082,55.818,False,,
2827,38.582896,-8.875171,53.631,False,,
2828,38.58334,-8.875263,51.952,False,,
2829,38.583783,-8.875364,51.819,False,,
2830,38.584226,-8.875464,51.908,False,,
2831,38.584668,-8.875565,51.886,False,,
2832,38.585111,-8.875665,52.299,False,,
2833,38.585554,-8.875766,53.299,False,,
2834,38.585995,-8.875876,53.619,False,,
2835,38.586437,-8.875986,53.339,False,,
2836,38.586878,-8.876097,53.109,False,,
2837,38.587319,-8.876207,53.004,False,,
2838,38.587757,-8.876334,52.995,False,,
2839,38.588191,-8.876488,53.443,False,,
2840,38.588624,-8.876642,54.333,False,,
2841,38.589056,-8.8768,55.023,False,,
2842,38.589481,-8.87699,54.817,False,,
2843,38.589905,-8.87718,54.528,False,,
2844,38.59033,-8.87737,53.996,False,,
2845,38.590745,-8.877589,53.154,False,,
2846,38.591156,-8.877822,53.731,False,,
2847,38.591568,-8.878054,54.643,False,,
2848,38.591979,-8.878286,55.383,False,,
2849,38.592378,-8.878551,55.589,False,,
2850,38.592777,-8.878817,53.831,False,,
2851,38.593175,-8.879084,52.426,False,,
2852,38.593574,-8.87935,51.784,False,,
2853,38.593967,-8.879628,51.626,False,,
2854,38.594355,-8.87992,51.846,False,,
2855,38.594742,-8.880212,52.479,False,,
2856,38.59513,-8.880504,53.126,False,,
2857,38.595517,-8.880796,52.87,False,,
2858,38.595904,-8.881088,52.334,False,,
2859,38.596295,-8.881373,51.735,False,,
2860,38.596687,-8.881656,51.492,False,,
2861,38.597078,-8.881939,51.267,False,,
2862,38.59747,-8.882221,50.641,False,,
2863,38.597862,-8.882504,50.389,False,,
2864,38.598253,-8.882788,50.197,False,,
2865,38.598643,-8.883073,51.198,False,,
2866,38.599034,-8.883358,53.382,False,,
2867,38.599425,-8.883642,53.821,False,,
2868,38.599816,-8.883927,52.945,False,,
2869,38.600206,-8.884212,52.048,False,Rail south approach (Fertagus) (tidal/SLR exposure),
2870,38.600597,-8.884497,51.887,False,Rail south approach (Fertagus) (tidal/SLR exposure),
2871,38.600987,-8.884783,51.437,False,Rail south approach (Fertagus) (tidal/SLR exposure),
2872,38.601378,-8.885068,51.173,False,Rail south approach (Fertagus) (tidal/SLR exposure),
2873,38.601768,-8.885354,51.615,False,Rail south approach (Fertagus) (tidal/SLR exposure),
2874,38.602158,-8.885639,51.507,False,Rail south approach (Fertagus) (tidal/SLR exposure),
2875,38.602548,-8.885926,50.982,False,Rail south approach (Fertagus) (tidal/SLR exposure),
2876,38.602937,-8.886216,50.838,False,Rail south approach (Fertagus) (tidal/SLR exposure),
2877,38.603325,-8.886505,50.347,False,Rail south approach (Fertagus) (tidal/SLR exposure),
2878,38.603714,-8.886795,49.273,False,Rail south approach (Fertagus) (tidal/SLR exposure),
2879,38.604103,-8.887084,48.437,False,Rail south approach (Fertagus) (tidal/SLR exposure),
2880,38.604491,-8.887373,48.1,False,Rail south approach (Fertagus) (tidal/SLR exposure),
2881,38.604883,-8.887655,47.638,False,Rail south approach (Fertagus) (tidal/SLR exposure),
2882,38.605277,-8.887933,47.106,False,Rail south approach (Fertagus) (tidal/SLR exposure),
2883,38.605217,-8.88849,47.173,False,Rail south approach (Fertagus) (tidal/SLR exposure),
2884,38.60514,-8.889057,47.37,False,Rail south approach (Fertagus) (tidal/SLR exposure),
2885,38.605064,-8.889624,47.336,False,Rail south approach (Fertagus) (tidal/SLR exposure),
2886,38.604987,-8.890191,48.498,False,Rail south approach (Fertagus) (tidal/SLR exposure),
2887,38.60491,-8.890758,50.563,False,Rail south approach (Fertagus) (tidal/SLR exposure),
2888,38.604834,-8.891324,52.07,False,Rail south approach (Fertagus) (tidal/SLR exposure),
2889,38.604757,-8.891891,52.628,False,Rail south approach (Fertagus) (tidal/SLR exposure),
2890,38.60468,-8.892458,52.773,False,Rail south approach (Fertagus) (tidal/SLR exposure),
2891,38.604604,-8.893025,52.847,False,Rail south approach (Fertagus) (tidal/SLR exposure),
2892,38.604527,-8.893592,52.814,False,Rail south approach (Fertagus) (tidal/SLR exposure),
2893,38.60445,-8.894159,52.939,False,Rail south approach (Fertagus) (tidal/SLR exposure),
2894,38.604374,-8.894726,53.813,False,Rail south approach (Fertagus) (tidal/SLR exposure),
2895,38.604297,-8.895293,54.924,False,Rail south approach (Fertagus) (tidal/SLR exposure),
2896,38.60422,-8.89586,56.159,False,Rail south approach (Fertagus) (tidal/SLR exposure),
2897,38.604144,-8.896427,57.629,False,Rail south approach (Fertagus) (tidal/SLR exposure),
2898,38.604067,-8.896994,58.585,False,Rail south approach (Fertagus) (tidal/SLR exposure),
2899,38.603991,-8.897561,59.256,False,Rail south approach (Fertagus) (tidal/SLR exposure),
2900,38.603914,-8.898128,59.596,False,Rail south approach (Fertagus) (tidal/SLR exposure),
2901,38.603837,-8.898695,58.247,False,Rail south approach (Fertagus) (tidal/SLR exposure),
2902,38.603761,-8.899261,56.873,False,Rail south approach (Fertagus) (tidal/SLR exposure),
2903,38.603684,-8.899828,55.732,False,Rail south approach (Fertagus) (tidal/SLR exposure),
2904,38.603607,-8.900395,54.968,False,Rail south approach (Fertagus) (tidal/SLR exposure),
2905,38.603531,-8.900962,53.61,False,Rail south approach (Fertagus) (tidal/SLR exposure),
2906,38.603454,-8.901529,51.606,False,Rail south approach (Fertagus) (tidal/SLR exposure),
2907,38.603377,-8.902096,49.663,False,Rail south approach (Fertagus) (tidal/SLR exposure),
2908,38.603301,-8.902663,48.198,False,Rail south approach (Fertagus) (tidal/SLR exposure),
2909,38.603224,-8.90323,48.551,False,Rail south approach (Fertagus) (tidal/SLR exposure),
2910,38.603147,-8.903797,48.925,False,Rail south approach (Fertagus) (tidal/SLR exposure),
2911,38.603071,-8.904364,48.438,False,Rail south approach (Fertagus) (tidal/SLR exposure),
2912,38.602994,-8.904931,47.675,False,Rail south approach (Fertagus) (tidal/SLR exposure),
2913,38.602917,-8.905498,48.221,False,Rail south approach (Fertagus) (tidal/SLR exposure),
2914,38.602841,-8.906065,48.989,False,Rail south approach (Fertagus) (tidal/SLR exposure),
2915,38.602764,-8.906632,49.329,False,Rail south approach (Fertagus) (tidal/SLR exposure),
2916,38.602687,-8.907198,48.5,False,Rail south approach (Fertagus) (tidal/SLR exposure),
2917,38.602611,-8.907765,48.308,False,Rail south approach (Fertagus) (tidal/SLR exposure),
2918,38.602534,-8.908332,48.955,False,Rail south approach (Fertagus) (tidal/SLR exposure),
2919,38.602457,-8.908899,49.793,False,Rail south approach (Fertagus) (tidal/SLR exposure),
2920,38.602381,-8.909466,49.549,False,Rail south approach (Fertagus) (tidal/SLR exposure),
2921,38.602304,-8.910033,49.062,False,Rail south approach (Fertagus) (tidal/SLR exposure),
2922,38.602227,-8.9106,48.937,False,Rail south approach (Fertagus) (tidal/SLR exposure),
2923,38.602151,-8.911167,49.606,False,Rail south approach (Fertagus) (tidal/SLR exposure),
2924,38.602074,-8.911734,50.008,False,Rail south approach (Fertagus) (tidal/SLR exposure),
2925,38.601997,-8.912301,49.952,False,Rail south approach (Fertagus) (tidal/SLR exposure),
2926,38.601921,-8.912868,49.53,False,Rail south approach (Fertagus) (tidal/SLR exposure),
2927,38.601844,-8.913435,49.018,False,Rail south approach (Fertagus) (tidal/SLR exposure),
2928,38.601767,-8.914002,48.728,False,Rail south approach (Fertagus) (tidal/SLR exposure),
2929,38.601691,-8.914569,48.01,False,Rail south approach (Fertagus) (tidal/SLR exposure),
2930,38.601614,-8.915135,47.609,False,Rail south approach (Fertagus) (tidal/SLR exposure),
2931,38.601537,-8.915702,47.699,False,Rail south approach (Fertagus) (tidal/SLR exposure),
2932,38.601461,-8.916269,47.291,False,Rail south approach (Fertagus) (tidal/SLR exposure),
2933,38.601384,-8.916836,46.728,False,Rail south approach (Fertagus) (tidal/SLR exposure),
2934,38.601307,-8.917403,46.287,False,Rail south approach (Fertagus) (tidal/SLR exposure),
2935,38.601231,-8.91797,46.598,False,Rail south approach (Fertagus) (tidal/SLR exposure),
2936,38.601154,-8.918537,47.083,False,Rail south approach (Fertagus) (tidal/SLR exposure),
2937,38.601077,-8.919104,48.128,False,Rail south approach (Fertagus) (tidal/SLR exposure),
2938,38.601001,-8.919671,49.897,False,Rail south approach (Fertagus) (tidal/SLR exposure),
2939,38.600924,-8.920238,50.007,False,Rail south approach (Fertagus) (tidal/SLR exposure),
2940,38.600847,-8.920805,49.375,False,Rail south approach (Fertagus) (tidal/SLR exposure),
2941,38.600771,-8.921372,50.017,False,Rail south approach (Fertagus) (tidal/SLR exposure),
2942,38.600694,-8.921939,51.12,False,Rail south approach (Fertagus) (tidal/SLR exposure),
2943,38.600618,-8.922506,52.318,False,Rail south approach (Fertagus) (tidal/SLR exposure),
2944,38.600541,-8.923073,53.207,False,Rail south approach (Fertagus) (tidal/SLR exposure),
2945,38.600464,-8.923639,54.803,False,Rail south approach (Fertagus) (tidal/SLR exposure),
2946,38.600388,-8.924206,56.25,False,Rail south approach (Fertagus) (tidal/SLR exposure),
2947,38.600311,-8.924773,57.003,False,Rail south approach (Fertagus) (tidal/SLR exposure),
2948,38.600234,-8.92534,58.259,False,Rail south approach (Fertagus) (tidal/SLR exposure),
2949,38.600158,-8.925907,59.333,False,Rail south approach (Fertagus) (tidal/SLR exposure),
2950,38.600081,-8.926474,59.531,False,Rail south approach (Fertagus) (tidal/SLR exposure),
2951,38.600004,-8.927041,59.061,False,Rail south approach (Fertagus) (tidal/SLR exposure),
2952,38.599928,-8.927608,58.814,False,,
2953,38.599851,-8.928175,59.563,False,,
2954,38.599774,-8.928742,61.202,False,,
2955,38.599698,-8.929309,61.788,False,,
2956,38.599621,-8.929876,61.021,False,,
2957,38.599544,-8.930443,60.012,False,,
2958,38.599468,-8.93101,60.342,False,,
2959,38.599391,-8.931576,61.55,False,,
2960,38.599314,-8.932143,61.786,False,,
2961,38.599238,-8.93271,62.018,False,,
2962,38.599161,-8.933277,62.276,False,,
2963,38.599084,-8.933844,62.657,False,,
2964,38.599008,-8.934411,62.243,False,,
2965,38.598931,-8.934978,61.85,False,,
2966,38.598854,-8.935545,62.976,False,,
2967,38.598778,-8.936112,64.604,False,,
2968,38.598701,-8.936679,66.439,False,,
2969,38.598624,-8.937246,68.288,False,,
2970,38.598548,-8.937813,66.955,False,,
2971,38.598471,-8.93838,64.874,False,,
2972,38.598394,-8.938947,63.473,False,,
2973,38.598318,-8.939513,63.244,False,,
2974,38.598241,-8.94008,62.896,False,,
2975,38.598164,-8.940647,62.325,False,,
2976,38.598088,-8.941214,62.854,False,,
2977,38.598011,-8.941781,63.326,False,,
2978,38.597934,-8.942348,63.342,False,,
2979,38.597858,-8.942915,62.712,False,,
2980,38.597781,-8.943482,61.583,False,,
2981,38.597704,-8.944049,60.995,False,,
2982,38.597628,-8.944616,61.966,False,,
2983,38.597551,-8.945183,62.853,False,,
2984,38.597474,-8.94575,63.23,False,,
2985,38.597398,-8.946317,63.625,False,,
2986,38.597321,-8.946884,63.5,False,,
2987,38.597245,-8.94745,63.113,False,,
2988,38.597168,-8.948017,63.292,False,,
2989,38.597091,-8.948584,63.306,False,,
2990,38.597015,-8.949151,62.829,False,,
2991,38.596938,-8.949718,62.106,False,,
2992,38.596861,-8.950285,62.396,False,,
2993,38.596785,-8.950852,63.23,False,,
2994,38.596708,-8.951419,64.34,False,,
2995,38.596631,-8.951986,65.914,False,,
2996,38.596555,-8.952553,67.555,False,,
2997,38.596478,-8.95312,69.402,False,,
2998,38.596401,-8.953687,69.56,False,,
2999,38.596325,-8.954254,68.558,False,,
3000,38.596248,-8.954821,67.305,False,,
3001,38.596171,-8.955387,65.673,False,,
3002,38.596095,-8.955954,65.412,False,,
3003,38.596018,-8.956521,67.028,False,,
3004,38.595941,-8.957088,68.207,False,,
3005,38.595865,-8.957655,68.751,False,,
3006,38.595788,-8.958222,69.015,False,,
3007,38.595711,-8.958789,69.683,False,,
3008,38.595635,-8.959356,69.033,False,,
3009,38.595558,-8.959923,67.12,False,,
3010,38.595481,-8.96049,65.073,False,,
3011,38.595405,-8.961057,63.466,False,,
3012,38.595328,-8.961624,62.857,False,,
3013,38.595251,-8.962191,62.031,False,,
3014,38.595175,-8.962758,59.821,False,,
3015,38.595098,-8.963324,58.951,False,,
3016,38.595021,-8.963891,60.179,False,,
3017,38.594945,-8.964458,61.303,False,,
3018,38.594868,-8.965025,62.75,False,,
3019,38.594791,-8.965592,64.113,False,,
3020,38.594715,-8.966159,63.578,False,,
3021,38.594638,-8.966726,60.414,False,,
3022,38.594561,-8.967293,56.685,False,,
3023,38.594485,-8.96786,54.272,False,,
3024,38.594408,-8.968427,53.037,False,,
3025,38.594331,-8.968994,52.167,False,,
3026,38.594255,-8.969561,52.405,False,,
3027,38.594178,-8.970128,52.536,False,,
3028,38.594101,-8.970695,52.003,False,,
3029,38.594025,-8.971261,51.886,False,,
3030,38.593948,-8.971828,51.639,False,,
3031,38.593872,-8.972395,51.084,False,,
3032,38.593795,-8.972962,49.967,False,,
3033,38.593718,-8.973529,49.38,False,,
3034,38.593642,-8.974096,49.035,False,,
3035,38.593565,-8.974663,48.431,False,,
3036,38.593488,-8.97523,47.988,False,,
3037,38.593412,-8.975797,47.613,False,,
3038,38.593335,-8.976364,48.139,False,,
3039,38.593258,-8.976931,51.137,False,,
3040,38.593182,-8.977498,52.571,False,,
3041,38.593105,-8.978065,52.173,False,,
3042,38.593028,-8.978632,49.61,False,,
3043,38.592952,-8.979198,47.93,False,,
3044,38.592875,-8.979765,48.434,False,,
3045,38.592798,-8.980332,48.022,False,,
3046,38.592722,-8.980899,46.818,False,,
3047,38.592645,-8.981466,45.184,False,,
3048,38.592568,-8.982033,45.604,False,,
3049,38.592492,-8.9826,45.356,False,,
3050,38.592415,-8.983167,44.569,False,,
3051,38.592338,-8.983734,43.584,False,,
3052,38.592262,-8.984301,43.03,False,,
3053,38.592185,-8.984868,43.32,False,,
3054,38.592108,-8.985435,43.339,False,,
3055,38.592032,-8.986002,43.353,False,,
3056,38.591955,-8.986569,42.831,False,,
3057,38.591878,-8.987135,41.39,False,,
3058,38.591802,-8.987702,39.931,False,,
3059,38.591725,-8.988269,39.11,False,,
3060,38.591648,-8.988836,38.262,False,,
3061,38.591572,-8.989403,36.952,False,,
3062,38.591495,-8.98997,35.665,False,,
3063,38.591418,-8.990537,34.258,False,,
3064,38.591342,-8.991104,33.641,False,,
3065,38.591265,-8.991671,33.113,False,,
3066,38.591188,-8.992238,32.272,False,,
3067,38.591112,-8.992805,32.585,False,,
3068,38.591035,-8.993372,33.904,False,,
3069,38.590958,-8.993939,34.41,False,,
3070,38.591028,-8.994195,33.734,False,,
3071,38.591389,-8.993852,31.388,False,,
3072,38.591759,-8.993525,30.91,False,,
3073,38.59214,-8.993221,32.023,False,,
3074,38.592527,-8.992926,33.2,False,,
3075,38.592923,-8.992656,34.091,False,,
3076,38.593326,-8.992399,34.552,False,,
3077,38.593735,-8.99216,35.626,False,,
3078,38.594145,-8.991924,36.459,False,,
3079,38.59455,-8.991676,36.227,False,,
3080,38.594956,-8.991427,35.956,False,,
3081,38.595361,-8.991179,35.996,False,,
3082,38.595767,-8.99093,35.947,False,,
3083,38.596174,-8.990686,35.875,False,,
3084,38.596581,-8.990442,35.799,False,,
3085,38.596989,-8.990198,36.038,False,,
3086,38.597396,-8.989954,36.181,False,,
3087,38.597803,-8.98971,36.516,False,,
3088,38.59821,-8.989467,37.08,False,,
3089,38.598618,-8.989223,37.281,False,,
3090,38.599022,-8.988971,37.094,False,,
3091,38.599425,-8.988716,36.403,False,,
3092,38.599826,-8.988456,35.825,False,,
3093,38.600207,-8.988152,35.491,False,Rail south approach (Fertagus) (tidal/SLR exposure),
3094,38.600589,-8.987847,35.281,False,Rail south approach (Fertagus) (tidal/SLR exposure),
3095,38.600962,-8.987527,35.426,False,Rail south approach (Fertagus) (tidal/SLR exposure),
3096,38.601322,-8.987182,35.471,False,Rail south approach (Fertagus) (tidal/SLR exposure),
3097,38.601682,-8.986837,35.234,False,Rail south approach (Fertagus) (tidal/SLR exposure),
3098,38.602006,-8.986438,34.345,False,Rail south approach (Fertagus) (tidal/SLR exposure),
3099,38.602329,-8.986038,33.115,False,Rail south approach (Fertagus) (tidal/SLR exposure),
3100,38.602653,-8.985638,33.736,False,Rail south approach (Fertagus) (tidal/SLR exposure),
3101,38.602943,-8.985199,35.42,False,Rail south approach (Fertagus) (tidal/SLR exposure),
3102,38.603232,-8.984758,36.467,False,Rail south approach (Fertagus) (tidal/SLR exposure),
3103,38.603501,-8.984298,36.997,False,Rail south approach (Fertagus) (tidal/SLR exposure),
3104,38.603768,-8.983834,37.712,False,Rail south approach (Fertagus) (tidal/SLR exposure),
3105,38.604016,-8.983355,38.584,False,Rail south approach (Fertagus) (tidal/SLR exposure),
3106,38.604251,-8.982864,38.958,False,Rail south approach (Fertagus) (tidal/SLR exposure),
3107,38.604486,-8.982374,39.046,False,Rail south approach (Fertagus) (tidal/SLR exposure),
3108,38.60472,-8.981883,40.107,False,Rail south approach (Fertagus) (tidal/SLR exposure),
3109,38.604942,-8.981383,40.871,False,Rail south approach (Fertagus) (tidal/SLR exposure),
3110,38.605153,-8.980874,41.293,False,Rail south approach (Fertagus) (tidal/SLR exposure),
3111,38.605363,-8.980366,40.959,False,Rail south approach (Fertagus) (tidal/SLR exposure),
3112,38.605574,-8.979857,40.264,False,Rail south approach (Fertagus) (tidal/SLR exposure),
3113,38.605784,-8.979349,40.259,False,Rail south approach (Fertagus) (tidal/SLR exposure),
3114,38.605995,-8.97884,40.28,False,Rail south approach (Fertagus) (tidal/SLR exposure),
3115,38.606205,-8.978332,40.993,False,Rail south approach (Fertagus) (tidal/SLR exposure),
3116,38.606416,-8.977823,41.803,False,Rail south approach (Fertagus) (tidal/SLR exposure),
3117,38.606626,-8.977315,41.963,False,Rail south approach (Fertagus) (tidal/SLR exposure),
3118,38.606837,-8.976806,41.749,False,Rail south approach (Fertagus) (tidal/SLR exposure),
3119,38.607047,-8.976298,41.708,False,Rail south approach (Fertagus) (tidal/SLR exposure),
3120,38.607258,-8.975789,41.66,False,Rail south approach (Fertagus) (tidal/SLR exposure),
3121,38.607468,-8.975281,42.246,False,Rail south approach (Fertagus) (tidal/SLR exposure),
3122,38.607678,-8.974772,42.973,False,Rail south approach (Fertagus) (tidal/SLR exposure),
3123,38.607889,-8.974264,42.299,False,Rail south approach (Fertagus) (tidal/SLR exposure),
3124,38.608099,-8.973755,41.46,False,Rail south approach (Fertagus) (tidal/SLR exposure),
3125,38.60831,-8.973247,40.671,False,Rail south approach (Fertagus) (tidal/SLR exposure),
3126,38.60852,-8.972738,40.441,False,Rail south approach (Fertagus) (tidal/SLR exposure),
3127,38.608731,-8.97223,40.382,False,Rail south approach (Fertagus) (tidal/SLR exposure),
3128,38.608941,-8.971721,41.34,False,Rail south approach (Fertagus) (tidal/SLR exposure),
3129,38.609152,-8.971213,42.62,False,Rail south approach (Fertagus) (tidal/SLR exposure),
3130,38.609362,-8.970704,43.093,False,Rail south approach (Fertagus) (tidal/SLR exposure),
3131,38.609573,-8.970196,42.834,False,Rail south approach (Fertagus) (tidal/SLR exposure),
3132,38.609783,-8.969687,43.038,False,Rail south approach (Fertagus) (tidal/SLR exposure),
3133,38.609994,-8.969179,43.4,False,Rail south approach (Fertagus) (tidal/SLR exposure),
3134,38.610204,-8.96867,43.952,False,Rail south approach (Fertagus) (tidal/SLR exposure),
3135,38.610415,-8.968162,43.774,False,Rail south approach (Fertagus) (tidal/SLR exposure),
3136,38.610625,-8.967653,42.671,False,Rail south approach (Fertagus) (tidal/SLR exposure),
3137,38.610836,-8.967145,42.218,False,Rail south approach (Fertagus) (tidal/SLR exposure),
3138,38.611046,-8.966636,42.245,False,Rail south approach (Fertagus) (tidal/SLR exposure),
3139,38.611257,-8.966128,42.223,False,Rail south approach (Fertagus) (tidal/SLR exposure),
3140,38.611467,-8.965619,41.747,False,Rail south approach (Fertagus) (tidal/SLR exposure),
3141,38.611678,-8.965111,39.996,False,Rail south approach (Fertagus) (tidal/SLR exposure),
3142,38.611888,-8.964602,37.262,False,Rail south approach (Fertagus) (tidal/SLR exposure),
3143,38.612099,-8.964094,34.579,False,Rail south approach (Fertagus) (tidal/SLR exposure),
3144,38.612309,-8.963585,35.342,False,Rail south approach (Fertagus) (tidal/SLR exposure),
3145,38.61252,-8.963077,37.214,False,Rail south approach (Fertagus) (tidal/SLR exposure),
3146,38.61273,-8.962568,37.904,False,Rail south approach (Fertagus) (tidal/SLR exposure),
3147,38.612941,-8.96206,40.716,False,Rail south approach (Fertagus) (tidal/SLR exposure),
3148,38.613151,-8.961551,44.901,False,Rail south approach (Fertagus) (tidal/SLR exposure),
3149,38.613362,-8.961042,47.117,False,Rail south approach (Fertagus) (tidal/SLR exposure),
3150,38.613572,-8.960534,47.986,False,Rail south approach (Fertagus) (tidal/SLR exposure),
3151,38.613783,-8.960025,47.461,False,Rail south approach (Fertagus) (tidal/SLR exposure),
3152,38.613993,-8.959517,46.603,False,Rail south approach (Fertagus) (tidal/SLR exposure),
3153,38.614203,-8.959008,46.394,False,Rail south approach (Fertagus) (tidal/SLR exposure),
3154,38.614414,-8.9585,47.565,False,Rail south approach (Fertagus) (tidal/SLR exposure),
3155,38.614624,-8.957991,48.876,False,Rail south approach (Fertagus) (tidal/SLR exposure),
3156,38.614835,-8.957483,48.699,False,Rail south approach (Fertagus) (tidal/SLR exposure),
3157,38.615045,-8.956974,47.464,False,Rail south approach (Fertagus) (tidal/SLR exposure),
3158,38.615256,-8.956466,46.048,False,Rail south approach (Fertagus) (tidal/SLR exposure),
3159,38.615466,-8.955957,43.677,False,Rail south approach (Fertagus) (tidal/SLR exposure),
3160,38.615677,-8.955449,40.483,False,Rail south approach (Fertagus) (tidal/SLR exposure),
3161,38.615887,-8.95494,38.645,False,Rail south approach (Fertagus) (tidal/SLR exposure),
3162,38.616098,-8.954431,38.13,False,Rail south approach (Fertagus) (tidal/SLR exposure),
3163,38.616309,-8.953923,37.45,False,Rail south approach (Fertagus) (tidal/SLR exposure),
3164,38.61652,-8.953415,36.079,False,Rail south approach (Fertagus) (tidal/SLR exposure),
3165,38.616731,-8.952907,35.435,False,Rail south approach (Fertagus) (tidal/SLR exposure),
3166,38.616942,-8.952399,35.026,False,Rail south approach (Fertagus) (tidal/SLR exposure),
3167,38.617154,-8.951892,34.605,False,Rail south approach (Fertagus) (tidal/SLR exposure),
3168,38.617368,-8.951385,33.989,False,Rail south approach (Fertagus) (tidal/SLR exposure),
3169,38.617582,-8.950879,33.822,False,Rail south approach (Fertagus) (tidal/SLR exposure),
3170,38.617795,-8.950372,33.7,False,Rail south approach (Fertagus) (tidal/SLR exposure),
3171,38.618009,-8.949866,33.007,False,Rail south approach (Fertagus) (tidal/SLR exposure),
3172,38.618222,-8.949359,31.961,False,Rail south approach (Fertagus) (tidal/SLR exposure),
3173,38.618436,-8.948853,30.428,False,Rail south approach (Fertagus) (tidal/SLR exposure),
3174,38.618649,-8.948346,28.511,False,Rail south approach (Fertagus) (tidal/SLR exposure),
3175,38.618872,-8.947846,27.153,False,Rail south approach (Fertagus) (tidal/SLR exposure),
3176,38.619094,-8.947346,27.053,False,Rail south approach (Fertagus) (tidal/SLR exposure),
3177,38.619317,-8.946846,27.074,False,Rail south approach (Fertagus) (tidal/SLR exposure),
3178,38.619562,-8.946365,26.861,False,Rail south approach (Fertagus) (tidal/SLR exposure),
3179,38.619828,-8.945901,27.662,False,Rail south approach (Fertagus) (tidal/SLR exposure),
3180,38.620094,-8.945437,28.644,False,Rail south approach (Fertagus) (tidal/SLR exposure),
3181,38.62036,-8.944972,29.52,False,Rail south approach (Fertagus) (tidal/SLR exposure),
3182,38.620626,-8.944508,32.094,False,Rail south approach (Fertagus) (tidal/SLR exposure),
3183,38.620892,-8.944044,35.572,False,Rail south approach (Fertagus) (tidal/SLR exposure),
3184,38.621158,-8.94358,37.315,False,Rail south approach (Fertagus) (tidal/SLR exposure),
3185,38.621424,-8.943116,37.413,False,Rail south approach (Fertagus) (tidal/SLR exposure),
3186,38.621694,-8.942656,36.492,False,Rail south approach (Fertagus) (tidal/SLR exposure),
3187,38.621966,-8.942198,35.113,False,Rail south approach (Fertagus) (tidal/SLR exposure),
3188,38.622237,-8.941739,33.71,False,Rail south approach (Fertagus) (tidal/SLR exposure),
3189,38.622509,-8.94128,33.242,False,Rail south approach (Fertagus) (tidal/SLR exposure),
3190,38.62278,-8.940821,33.521,False,Rail south approach (Fertagus) (tidal/SLR exposure),
3191,38.623051,-8.940362,33.258,False,Rail south approach (Fertagus) (tidal/SLR exposure),
3192,38.623323,-8.939903,32.3,False,Rail south approach (Fertagus) (tidal/SLR exposure),
3193,38.623594,-8.939444,31.669,False,Rail south approach (Fertagus) (tidal/SLR exposure),
3194,38.623865,-8.938985,31.68,False,Rail south approach (Fertagus) (tidal/SLR exposure),
3195,38.624137,-8.938526,30.976,False,Rail south approach (Fertagus) (tidal/SLR exposure),
3196,38.624408,-8.938067,31.222,False,Rail south approach (Fertagus) (tidal/SLR exposure),
3197,38.624679,-8.937608,33.107,False,Rail south approach (Fertagus) (tidal/SLR exposure),
3198,38.624951,-8.937149,35.533,False,Rail south approach (Fertagus) (tidal/SLR exposure),
3199,38.625222,-8.93669,38.036,False,Rail south approach (Fertagus) (tidal/SLR exposure),
3200,38.625493,-8.936231,39.454,False,Rail south approach (Fertagus) (tidal/SLR exposure),
3201,38.625765,-8.935772,39.405,False,Rail south approach (Fertagus) (tidal/SLR exposure),
3202,38.626036,-8.935314,39.268,False,Rail south approach (Fertagus) (tidal/SLR exposure),
3203,38.626307,-8.934854,38.633,False,Rail south approach (Fertagus) (tidal/SLR exposure),
3204,38.626579,-8.934395,37.332,False,Rail south approach (Fertagus) (tidal/SLR exposure),
3205,38.62685,-8.933936,36.337,False,Rail south approach (Fertagus) (tidal/SLR exposure),
3206,38.627115,-8.933472,34.941,False,Rail south approach (Fertagus) (tidal/SLR exposure),
3207,38.627374,-8.933001,33.515,False,Rail south approach (Fertagus) (tidal/SLR exposure),
3208,38.627627,-8.932525,33.19,False,Rail south approach (Fertagus) (tidal/SLR exposure),
3209,38.62787,-8.932041,32.886,False,Rail south approach (Fertagus) (tidal/SLR exposure),
3210,38.628094,-8.931542,32.836,False,Rail south approach (Fertagus) (tidal/SLR exposure),
3211,38.628311,-8.931037,33.444,False,Rail south approach (Fertagus) (tidal/SLR exposure),
3212,38.628506,-8.930519,34.261,False,Rail south approach (Fertagus) (tidal/SLR exposure),
3213,38.628696,-8.929998,34.521,False,Rail south approach (Fertagus) (tidal/SLR exposure),
3214,38.628869,-8.929466,34.511,False,Rail south approach (Fertagus) (tidal/SLR exposure),
3215,38.629029,-8.928929,35.349,False,Rail south approach (Fertagus) (tidal/SLR exposure),
3216,38.62918,-8.928386,36.422,False,Rail south approach (Fertagus) (tidal/SLR exposure),
3217,38.62933,-8.927844,36.263,False,Rail south approach (Fertagus) (tidal/SLR exposure),
3218,38.629463,-8.927295,35.2,False,Rail south approach (Fertagus) (tidal/SLR exposure),
3219,38.629579,-8.926738,34.18,False,Rail south approach (Fertagus) (tidal/SLR exposure),
3220,38.629671,-8.926175,34.106,False,Rail south approach (Fertagus) (tidal/SLR exposure),
3221,38.629744,-8.925607,34.458,False,Rail south approach (Fertagus) (tidal/SLR exposure),
3222,38.629808,-8.925038,34.378,False,Rail south approach (Fertagus) (tidal/SLR exposure),
3223,38.629863,-8.924466,34.372,False,Rail south approach (Fertagus) (tidal/SLR exposure),
3224,38.629901,-8.923893,34.915,False,Rail south approach (Fertagus) (tidal/SLR exposure),
3225,38.629932,-8.923319,36.225,False,Rail south approach (Fertagus) (tidal/SLR exposure),
3226,38.629949,-8.922744,36.147,False,Rail south approach (Fertagus) (tidal/SLR exposure),
3227,38.629966,-8.922168,36.089,False,Rail south approach (Fertagus) (tidal/SLR exposure),
3228,38.629981,-8.921593,36.997,False,Rail south approach (Fertagus) (tidal/SLR exposure),
3229,38.629995,-8.921018,37.634,False,Rail south approach (Fertagus) (tidal/SLR exposure),
3230,38.630009,-8.920442,38.054,False,Rail south approach (Fertagus) (tidal/SLR exposure),
3231,38.63002,-8.919867,38.477,False,Rail south approach (Fertagus) (tidal/SLR exposure),
3232,38.630029,-8.919291,39.273,False,Rail south approach (Fertagus) (tidal/SLR exposure),
3233,38.630038,-8.918716,39.491,False,Rail south approach (Fertagus) (tidal/SLR exposure),
3234,38.630048,-8.91814,39.388,False,Rail south approach (Fertagus) (tidal/SLR exposure),
3235,38.630057,-8.917565,40.116,False,Rail south approach (Fertagus) (tidal/SLR exposure),
3236,38.630066,-8.91699,40.451,False,Rail south approach (Fertagus) (tidal/SLR exposure),
3237,38.630075,-8.916414,40.573,False,Rail south approach (Fertagus) (tidal/SLR exposure),
3238,38.630076,-8.916222,40.646,False,Rail south approach (Fertagus) (tidal/SLR exposure),
3239,38.630062,-8.916797,40.472,False,Rail south approach (Fertagus) (tidal/SLR exposure),
3240,38.630052,-8.917373,40.304,False,Rail south approach (Fertagus) (tidal/SLR exposure),
3241,38.630049,-8.917948,39.559,False,Rail south approach (Fertagus) (tidal/SLR exposure),
3242,38.630047,-8.918524,39.424,False,Rail south approach (Fertagus) (tidal/SLR exposure),
3243,38.630049,-8.918864,39.533,False,Rail south approach (Fertagus) (tidal/SLR exposure),
3244,38.630064,-8.918289,39.372,False,Rail south approach (Fertagus) (tidal/SLR exposure),
3245,38.630078,-8.917713,39.942,False,Rail south approach (Fertagus) (tidal/SLR exposure),
3246,38.630093,-8.917138,40.461,False,Rail south approach (Fertagus) (tidal/SLR exposure),
3247,38.63004,-8.917629,40.002,False,Rail south approach (Fertagus) (tidal/SLR exposure),
3248,38.630026,-8.918205,39.341,False,Rail south approach (Fertagus) (tidal/SLR exposure),
3249,38.630011,-8.91878,39.527,False,Rail south approach (Fertagus) (tidal/SLR exposure),
3250,38.630014,-8.918728,39.5,False,Rail south approach (Fertagus) (tidal/SLR exposure),
3251,38.63003,-8.918153,39.36,False,Rail south approach (Fertagus) (tidal/SLR exposure),
3252,38.630046,-8.917578,40.083,False,Rail south approach (Fertagus) (tidal/SLR exposure),
3253,38.630062,-8.917002,40.448,False,Rail south approach (Fertagus) (tidal/SLR exposure),
3254,38.630079,-8.916427,40.569,False,Rail south approach (Fertagus) (tidal/SLR exposure),
3255,38.630095,-8.915852,40.861,False,Rail south approach (Fertagus) (tidal/SLR exposure),
3256,38.630111,-8.915277,41.703,False,Rail south approach (Fertagus) (tidal/SLR exposure),
3257,38.630128,-8.914701,41.903,False,Rail south approach (Fertagus) (tidal/SLR exposure),
3258,38.630126,-8.914629,41.759,False,Rail south approach (Fertagus) (tidal/SLR exposure),
3259,38.630102,-8.915203,41.839,False,Rail south approach (Fertagus) (tidal/SLR exposure),
3260,38.630087,-8.915779,40.939,False,Rail south approach (Fertagus) (tidal/SLR exposure),
3261,38.630093,-8.915557,41.234,False,Rail south approach (Fertagus) (tidal/SLR exposure),
3262,38.630108,-8.914981,42.058,False,Rail south approach (Fertagus) (tidal/SLR exposure),
3263,38.630123,-8.914406,41.222,False,Rail south approach (Fertagus) (tidal/SLR exposure),
3264,38.630138,-8.913831,39.901,False,Rail south approach (Fertagus) (tidal/SLR exposure),
3265,38.630153,-8.913255,39.536,False,Rail south approach (Fertagus) (tidal/SLR exposure),
3266,38.630168,-8.91268,39.34,False,Rail south approach (Fertagus) (tidal/SLR exposure),
3267,38.630183,-8.912105,39.836,False,Rail south approach (Fertagus) (tidal/SLR exposure),
3268,38.630198,-8.91153,41.015,False,Rail south approach (Fertagus) (tidal/SLR exposure),
3269,38.630213,-8.910954,40.566,False,Rail south approach (Fertagus) (tidal/SLR exposure),
3270,38.630228,-8.910379,39.792,False,Rail south approach (Fertagus) (tidal/SLR exposure),
3271,38.630243,-8.909804,39.041,False,Rail south approach (Fertagus) (tidal/SLR exposure),
3272,38.630258,-8.909228,38.016,False,Rail south approach (Fertagus) (tidal/SLR exposure),
3273,38.630274,-8.908653,37.637,False,Rail south approach (Fertagus) (tidal/SLR exposure),
3274,38.630289,-8.908078,37.39,False,Rail south approach (Fertagus) (tidal/SLR exposure),
3275,38.630304,-8.907502,36.402,False,Rail south approach (Fertagus) (tidal/SLR exposure),
3276,38.630306,-8.907417,36.23,False,Rail south approach (Fertagus) (tidal/SLR exposure),
3277,38.630292,-8.907993,37.262,False,Rail south approach (Fertagus) (tidal/SLR exposure),
3278,38.630275,-8.908568,37.642,False,Rail south approach (Fertagus) (tidal/SLR exposure),
3279,38.630255,-8.909143,37.929,False,Rail south approach (Fertagus) (tidal/SLR exposure),
3280,38.630231,-8.909718,38.896,False,Rail south approach (Fertagus) (tidal/SLR exposure),
3281,38.630143,-8.910269,39.676,False,Rail south approach (Fertagus) (tidal/SLR exposure),
3282,38.629928,-8.910775,40.355,False,Rail south approach (Fertagus) (tidal/SLR exposure),
3283,38.629713,-8.91128,40.817,False,Rail south approach (Fertagus) (tidal/SLR exposure),
3284,38.629498,-8.911786,40.714,False,Rail south approach (Fertagus) (tidal/SLR exposure),
3285,38.629283,-8.912291,40.484,False,Rail south approach (Fertagus) (tidal/SLR exposure),
3286,38.629068,-8.912796,40.933,False,Rail south approach (Fertagus) (tidal/SLR exposure),
3287,38.628853,-8.913302,41.959,False,Rail south approach (Fertagus) (tidal/SLR exposure),
3288,38.628638,-8.913807,43.817,False,Rail south approach (Fertagus) (tidal/SLR exposure),
3289,38.628424,-8.914313,44.551,False,Rail south approach (Fertagus) (tidal/SLR exposure),
3290,38.628209,-8.914818,44.42,False,Rail south approach (Fertagus) (tidal/SLR exposure),
3291,38.627994,-8.915324,44.763,False,Rail south approach (Fertagus) (tidal/SLR exposure),
3292,38.627779,-8.915829,45.623,False,Rail south approach (Fertagus) (tidal/SLR exposure),
3293,38.627564,-8.916334,45.528,False,Rail south approach (Fertagus) (tidal/SLR exposure),
3294,38.627349,-8.91684,43.521,False,Rail south approach (Fertagus) (tidal/SLR exposure),
3295,38.627134,-8.917345,40.648,False,Rail south approach (Fertagus) (tidal/SLR exposure),
3296,38.626919,-8.917851,40.072,False,Rail south approach (Fertagus) (tidal/SLR exposure),
3297,38.626704,-8.918356,40.032,False,Rail south approach (Fertagus) (tidal/SLR exposure),
3298,38.626489,-8.918862,39.631,False,Rail south approach (Fertagus) (tidal/SLR exposure),
3299,38.626274,-8.919367,39.741,False,Rail south approach (Fertagus) (tidal/SLR exposure),
3300,38.626059,-8.919872,39.916,False,Rail south approach (Fertagus) (tidal/SLR exposure),
3301,38.625844,-8.920378,39.004,False,Rail south approach (Fertagus) (tidal/SLR exposure),
3302,38.625629,-8.920883,38.339,False,Rail south approach (Fertagus) (tidal/SLR exposure),
3303,38.625414,-8.921389,38.499,False,Rail south approach (Fertagus) (tidal/SLR exposure),
3304,38.6252,-8.921894,38.495,False,Rail south approach (Fertagus) (tidal/SLR exposure),
3305,38.624985,-8.9224,38.177,False,Rail south approach (Fertagus) (tidal/SLR exposure),
3306,38.62477,-8.922905,37.729,False,Rail south approach (Fertagus) (tidal/SLR exposure),
3307,38.624555,-8.92341,37.81,False,Rail south approach (Fertagus) (tidal/SLR exposure),
3308,38.62434,-8.923916,37.896,False,Rail south approach (Fertagus) (tidal/SLR exposure),
3309,38.624125,-8.924421,37.939,False,Rail south approach (Fertagus) (tidal/SLR exposure),
3310,38.62391,-8.924927,38.371,False,Rail south approach (Fertagus) (tidal/SLR exposure),
3311,38.623695,-8.925432,38.427,False,Rail south approach (Fertagus) (tidal/SLR exposure),
3312,38.62348,-8.925938,37.979,False,Rail south approach (Fertagus) (tidal/SLR exposure),
3313,38.623265,-8.926443,38.126,False,Rail south approach (Fertagus) (tidal/SLR exposure),
3314,38.62305,-8.926949,38.179,False,Rail south approach (Fertagus) (tidal/SLR exposure),
3315,38.622835,-8.927454,37.817,False,Rail south approach (Fertagus) (tidal/SLR exposure),
3316,38.62262,-8.927959,38.221,False,Rail south approach (Fertagus) (tidal/SLR exposure),
3317,38.622405,-8.928465,38.905,False,Rail south approach (Fertagus) (tidal/SLR exposure),
3318,38.62219,-8.92897,39.161,False,Rail south approach (Fertagus) (tidal/SLR exposure),
3319,38.621975,-8.929476,39.219,False,Rail south approach (Fertagus) (tidal/SLR exposure),
3320,38.621761,-8.929981,38.914,False,Rail south approach (Fertagus) (tidal/SLR exposure),
3321,38.621546,-8.930487,38.914,False,Rail south approach (Fertagus) (tidal/SLR exposure),
3322,38.621331,-8.930992,38.195,False,Rail south approach (Fertagus) (tidal/SLR exposure),
3323,38.621116,-8.931497,36.975,False,Rail south approach (Fertagus) (tidal/SLR exposure),
3324,38.620901,-8.932003,37.17,False,Rail south approach (Fertagus) (tidal/SLR exposure),
3325,38.620686,-8.932508,38.095,False,Rail south approach (Fertagus) (tidal/SLR exposure),
3326,38.620471,-8.933014,38.279,False,Rail south approach (Fertagus) (tidal/SLR exposure),
3327,38.620256,-8.933519,38.434,False,Rail south approach (Fertagus) (tidal/SLR exposure),
3328,38.620041,-8.934025,38.391,False,Rail south approach (Fertagus) (tidal/SLR exposure),
3329,38.619826,-8.93453,38.147,False,Rail south approach (Fertagus) (tidal/SLR exposure),
3330,38.619611,-8.935035,37.481,False,Rail south approach (Fertagus) (tidal/SLR exposure),
3331,38.619396,-8.935541,37.249,False,Rail south approach (Fertagus) (tidal/SLR exposure),
3332,38.619181,-8.936046,37.673,False,Rail south approach (Fertagus) (tidal/SLR exposure),
3333,38.618966,-8.936552,37.946,False,Rail south approach (Fertagus) (tidal/SLR exposure),
3334,38.618751,-8.937057,37.491,False,Rail south approach (Fertagus) (tidal/SLR exposure),
3335,38.618537,-8.937563,37.215,False,Rail south approach (Fertagus) (tidal/SLR exposure),
3336,38.618322,-8.938068,37.143,False,Rail south approach (Fertagus) (tidal/SLR exposure),
3337,38.618107,-8.938574,37.202,False,Rail south approach (Fertagus) (tidal/SLR exposure),
3338,38.617892,-8.939079,37.809,False,Rail south approach (Fertagus) (tidal/SLR exposure),
3339,38.617677,-8.939584,38.952,False,Rail south approach (Fertagus) (tidal/SLR exposure),
3340,38.617462,-8.94009,39.35,False,Rail south approach (Fertagus) (tidal/SLR exposure),
3341,38.617247,-8.940595,39.264,False,Rail south approach (Fertagus) (tidal/SLR exposure),
3342,38.617032,-8.941101,39.263,False,Rail south approach (Fertagus) (tidal/SLR exposure),
3343,38.616817,-8.941606,38.788,False,Rail south approach (Fertagus) (tidal/SLR exposure),
3344,38.616602,-8.942112,37.917,False,Rail south approach (Fertagus) (tidal/SLR exposure),
3345,38.616387,-8.942617,36.861,False,Rail south approach (Fertagus) (tidal/SLR exposure),
3346,38.616172,-8.943122,35.854,False,Rail south approach (Fertagus) (tidal/SLR exposure),
3347,38.615957,-8.943628,35.214,False,Rail south approach (Fertagus) (tidal/SLR exposure),
3348,38.615742,-8.944133,35.0,False,Rail south approach (Fertagus) (tidal/SLR exposure),
3349,38.615527,-8.944639,34.702,False,Rail south approach (Fertagus) (tidal/SLR exposure),
3350,38.615313,-8.945144,34.312,False,Rail south approach (Fertagus) (tidal/SLR exposure),
3351,38.615098,-8.94565,33.609,False,Rail south approach (Fertagus) (tidal/SLR exposure),
3352,38.614883,-8.946155,32.997,False,Rail south approach (Fertagus) (tidal/SLR exposure),
3353,38.614668,-8.94666,32.691,False,Rail south approach (Fertagus) (tidal/SLR exposure),
3354,38.614453,-8.947166,33.674,False,Rail south approach (Fertagus) (tidal/SLR exposure),
3355,38.614238,-8.947671,34.456,False,Rail south approach (Fertagus) (tidal/SLR exposure),
3356,38.614023,-8.948177,34.32,False,Rail south approach (Fertagus) (tidal/SLR exposure),
3357,38.613808,-8.948682,34.225,False,Rail south approach (Fertagus) (tidal/SLR exposure),
3358,38.613593,-8.949188,34.814,False,Rail south approach (Fertagus) (tidal/SLR exposure),
3359,38.613378,-8.949693,36.085,False,Rail south approach (Fertagus) (tidal/SLR exposure),
3360,38.613163,-8.950198,36.537,False,Rail south approach (Fertagus) (tidal/SLR exposure),
3361,38.612948,-8.950704,36.889,False,Rail south approach (Fertagus) (tidal/SLR exposure),
3362,38.612733,-8.951209,38.177,False,Rail south approach (Fertagus) (tidal/SLR exposure),
3363,38.612518,-8.951715,40.106,False,Rail south approach (Fertagus) (tidal/SLR exposure),
3364,38.612303,-8.95222,40.761,False,Rail south approach (Fertagus) (tidal/SLR exposure),
3365,38.612088,-8.952726,40.584,False,Rail south approach (Fertagus) (tidal/SLR exposure),
3366,38.611874,-8.953231,40.841,False,Rail south approach (Fertagus) (tidal/SLR exposure),
3367,38.611659,-8.953737,41.825,False,Rail south approach (Fertagus) (tidal/SLR exposure),
3368,38.611444,-8.954242,42.404,False,Rail south approach (Fertagus) (tidal/SLR exposure),
3369,38.611229,-8.954747,42.783,False,Rail south approach (Fertagus) (tidal/SLR exposure),
3370,38.611014,-8.955253,43.41,False,Rail south approach (Fertagus) (tidal/SLR exposure),
3371,38.610799,-8.955758,44.617,False,Rail south approach (Fertagus) (tidal/SLR exposure),
3372,38.610584,-8.956264,44.778,False,Rail south approach (Fertagus) (tidal/SLR exposure),
3373,38.610369,-8.956769,44.237,False,Rail south approach (Fertagus) (tidal/SLR exposure),
3374,38.610154,-8.957275,43.989,False,Rail south approach (Fertagus) (tidal/SLR exposure),
3375,38.609939,-8.95778,44.159,False,Rail south approach (Fertagus) (tidal/SLR exposure),
3376,38.609724,-8.958285,44.197,False,Rail south approach (Fertagus) (tidal/SLR exposure),
3377,38.609509,-8.958791,43.669,False,Rail south approach (Fertagus) (tidal/SLR exposure),
3378,38.609294,-8.959296,42.361,False,Rail south approach (Fertagus) (tidal/SLR exposure),
3379,38.609079,-8.959802,40.401,False,Rail south approach (Fertagus) (tidal/SLR exposure),
3380,38.608864,-8.960307,39.126,False,Rail south approach (Fertagus) (tidal/SLR exposure),
3381,38.60865,-8.960813,38.877,False,Rail south approach (Fertagus) (tidal/SLR exposure),
3382,38.608435,-8.961318,39.744,False,Rail south approach (Fertagus) (tidal/SLR exposure),
3383,38.60822,-8.961823,40.69,False,Rail south approach (Fertagus) (tidal/SLR exposure),
3384,38.608005,-8.962329,40.887,False,Rail south approach (Fertagus) (tidal/SLR exposure),
3385,38.60779,-8.962834,40.059,False,Rail south approach (Fertagus) (tidal/SLR exposure),
3386,38.607575,-8.96334,39.455,False,Rail south approach (Fertagus) (tidal/SLR exposure),
3387,38.60736,-8.963845,40.488,False,Rail south approach (Fertagus) (tidal/SLR exposure),
3388,38.607145,-8.964351,44.965,False,Rail south approach (Fertagus) (tidal/SLR exposure),
3389,38.60693,-8.964856,48.189,False,Rail south approach (Fertagus) (tidal/SLR exposure),
3390,38.606715,-8.965361,49.309,False,Rail south approach (Fertagus) (tidal/SLR exposure),
3391,38.6065,-8.965867,50.595,False,Rail south approach (Fertagus) (tidal/SLR exposure),
3392,38.606285,-8.966372,52.001,False,Rail south approach (Fertagus) (tidal/SLR exposure),
3393,38.60607,-8.966878,52.736,False,Rail south approach (Fertagus) (tidal/SLR exposure),
3394,38.605855,-8.967383,52.632,False,Rail south approach (Fertagus) (tidal/SLR exposure),
3395,38.60564,-8.967889,51.855,False,Rail south approach (Fertagus) (tidal/SLR exposure),
3396,38.605426,-8.968394,49.766,False,Rail south approach (Fertagus) (tidal/SLR exposure),
3397,38.605211,-8.9689,47.135,False,Rail south approach (Fertagus) (tidal/SLR exposure),
3398,38.604996,-8.969405,46.122,False,Rail south approach (Fertagus) (tidal/SLR exposure),
3399,38.604781,-8.96991,46.072,False,Rail south approach (Fertagus) (tidal/SLR exposure),
3400,38.604566,-8.970416,47.047,False,Rail south approach (Fertagus) (tidal/SLR exposure),
3401,38.604351,-8.970921,48.293,False,Rail south approach (Fertagus) (tidal/SLR exposure),
3402,38.604136,-8.971427,49.545,False,Rail south approach (Fertagus) (tidal/SLR exposure),
3403,38.603921,-8.971932,49.527,False,Rail south approach (Fertagus) (tidal/SLR exposure),
3404,38.603706,-8.972438,49.03,False,Rail south approach (Fertagus) (tidal/SLR exposure),
3405,38.603491,-8.972943,48.431,False,Rail south approach (Fertagus) (tidal/SLR exposure),
3406,38.603276,-8.973448,47.19,False,Rail south approach (Fertagus) (tidal/SLR exposure),
3407,38.603061,-8.973954,45.667,False,Rail south approach (Fertagus) (tidal/SLR exposure),
3408,38.602846,-8.974459,46.194,False,Rail south approach (Fertagus) (tidal/SLR exposure),
3409,38.602631,-8.974965,47.074,False,Rail south approach (Fertagus) (tidal/SLR exposure),
3410,38.602416,-8.97547,47.562,False,Rail south approach (Fertagus) (tidal/SLR exposure),
3411,38.602202,-8.975976,47.621,False,Rail south approach (Fertagus) (tidal/SLR exposure),
3412,38.601987,-8.976481,47.23,False,Rail south approach (Fertagus) (tidal/SLR exposure),
3413,38.601772,-8.976986,46.795,False,Rail south approach (Fertagus) (tidal/SLR exposure),
3414,38.601557,-8.977492,46.345,False,Rail south approach (Fertagus) (tidal/SLR exposure),
3415,38.601342,-8.977997,45.683,False,Rail south approach (Fertagus) (tidal/SLR exposure),
3416,38.601127,-8.978503,43.85,False,Rail south approach (Fertagus) (tidal/SLR exposure),
3417,38.600912,-8.979008,41.762,False,Rail south approach (Fertagus) (tidal/SLR exposure),
3418,38.600697,-8.979514,41.88,False,Rail south approach (Fertagus) (tidal/SLR exposure),
3419,38.600482,-8.980019,42.055,False,Rail south approach (Fertagus) (tidal/SLR exposure),
3420,38.600267,-8.980524,41.926,False,Rail south approach (Fertagus) (tidal/SLR exposure),
3421,38.600052,-8.98103,41.314,False,Rail south approach (Fertagus) (tidal/SLR exposure),
3422,38.599837,-8.981535,40.187,False,,
3423,38.599622,-8.982041,40.436,False,,
3424,38.599407,-8.982546,40.742,False,,
3425,38.599192,-8.983052,40.522,False,,
3426,38.598977,-8.983557,40.151,False,,
3427,38.598763,-8.984063,39.714,False,,
3428,38.598548,-8.984568,39.881,False,,
3429,38.598333,-8.985073,39.447,False,,
3430,38.598118,-8.985579,39.229,False,,
3431,38.597903,-8.986084,38.992,False,,
3432,38.597688,-8.98659,39.111,False,,
3433,38.597473,-8.987095,40.358,False,,
3434,38.597258,-8.987601,40.913,False,,
3435,38.597043,-8.988106,41.256,False,,
3436,38.596828,-8.988611,41.392,False,,
3437,38.596613,-8.989117,40.54,False,,
3438,38.596398,-8.989622,38.513,False,,
3439,38.596183,-8.990128,37.404,False,,
3440,38.595968,-8.990633,36.491,False,,
3441,38.595753,-8.991139,35.348,False,,
3442,38.595539,-8.991644,34.456,False,,
3443,38.595324,-8.992149,33.951,False,,
3444,38.595109,-8.992655,32.855,False,,
3445,38.594894,-8.99316,31.469,False,,
3446,38.594679,-8.993666,31.764,False,,
3447,38.594464,-8.994171,32.522,False,,
3448,38.594249,-8.994677,32.709,False,,
3449,38.594034,-8.995182,32.623,False,,
3450,38.593819,-8.995688,33.441,False,,
3451,38.593604,-8.996193,34.009,False,,
3452,38.593389,-8.996698,34.184,False,,
3453,38.593174,-8.997204,35.184,False,,
3454,38.592959,-8.997709,37.056,False,,
3455,38.592744,-8.998215,37.875,False,,
3456,38.592529,-8.99872,37.235,False,,
3457,38.592315,-8.999226,36.552,False,,
3458,38.5921,-8.999731,36.668,False,,
3459,38.591885,-9.000236,37.504,False,,
3460,38.59167,-9.000742,38.022,False,,
3461,38.591455,-9.001247,37.884,False,,
3462,38.59124,-9.001753,37.522,False,,
3463,38.591025,-9.002258,38.16,False,,
3464,38.59081,-9.002764,38.742,False,,
3465,38.590595,-9.003269,39.113,False,,
3466,38.59038,-9.003774,39.219,False,,
3467,38.590165,-9.00428,38.621,False,,
3468,38.58995,-9.004785,37.645,False,,
3469,38.589735,-9.005291,37.403,False,,
3470,38.58952,-9.005796,37.84,False,,
3471,38.589305,-9.006302,39.565,False,,
3472,38.589091,-9.006807,40.348,False,,
3473,38.588876,-9.007312,40.758,False,,
3474,38.588661,-9.007818,41.742,False,,
3475,38.588446,-9.008323,42.608,False,,
3476,38.588231,-9.008829,42.266,False,,
3477,38.588016,-9.009334,41.645,False,,
3478,38.587801,-9.00984,41.552,False,,
3479,38.587586,-9.010345,41.275,False,,
3480,38.587371,-9.010851,40.721,False,,
3481,38.587156,-9.011356,40.451,False,,
3482,38.586941,-9.011861,40.213,False,,
3483,38.586726,-9.012367,39.933,False,,
3484,38.586511,-9.012872,42.318,False,,
3485,38.586296,-9.013378,43.403,False,,
3486,38.586081,-9.013883,42.966,False,,
3487,38.585866,-9.014389,43.166,False,,
3488,38.585652,-9.014894,44.507,False,,
3489,38.585437,-9.015399,45.951,False,,
3490,38.585222,-9.015905,47.48,False,,
3491,38.585007,-9.01641,48.772,False,,
3492,38.584792,-9.016916,49.041,False,,
3493,38.584673,-9.017095,49.0,False,,
3494,38.584767,-9.016533,48.652,False,,
3495,38.584843,-9.015966,47.602,False,,
3496,38.584906,-9.015396,46.22,False,,
3497,38.584948,-9.014824,44.688,False,,
3498,38.584976,-9.01425,42.958,False,,
3499,38.585004,-9.013675,42.046,False,,
3500,38.58501,-9.013101,42.018,False,,
3501,38.585005,-9.012525,42.152,False,,
3502,38.585001,-9.01195,41.592,False,,
3503,38.584996,-9.011375,40.792,False,,
3504,38.584992,-9.0108,40.367,False,,
3505,38.584987,-9.010224,40.878,False,,
3506,38.584983,-9.009649,41.279,False,,
3507,38.584996,-9.009074,41.075,False,,
3508,38.585018,-9.0085,41.369,False,,
3509,38.585071,-9.007929,41.172,False,,
3510,38.58513,-9.007359,40.832,False,,
3511,38.585213,-9.006793,42.106,False,,
3512,38.585297,-9.006228,43.34,False,,
3513,38.585404,-9.00567,43.884,False,,
3514,38.585534,-9.005119,42.78,False,,
3515,38.585675,-9.004573,43.008,False,,
3516,38.585833,-9.004034,44.497,False,,
3517,38.586004,-9.003503,44.117,False,,
3518,38.586195,-9.002982,43.519,False,,
3519,38.586394,-9.002467,42.768,False,,
3520,38.586606,-9.001959,42.083,False,,
3521,38.586813,-9.001448,42.176,False,,
3522,38.587021,-9.000938,42.254,False,,
3523,38.587229,-9.000429,41.57,False,,
3524,38.587442,-8.999922,40.268,False,,
3525,38.587661,-8.999419,39.763,False,,
3526,38.58788,-8.998917,39.903,False,,
3527,38.588098,-8.998414,39.575,False,,
3528,38.588338,-8.997928,38.698,False,,
3529,38.588592,-8.997453,38.269,False,,
3530,38.588855,-8.996987,38.533,False,,
3531,38.589138,-8.996539,38.313,False,,
3532,38.589405,-8.996077,37.785,False,,
3533,38.58965,-8.995595,37.11,False,,
3534,38.589895,-8.995112,36.507,False,,
3535,38.59014,-8.99463,35.484,False,,
3536,38.590385,-8.994147,34.847,False,,
3537,38.59063,-8.993664,35.141,False,,
3538,38.590875,-8.993182,34.184,False,,
3539,38.59112,-8.992699,32.38,False,,
3540,38.591365,-8.992217,32.035,False,,
3541,38.591609,-8.991734,32.953,False,,
3542,38.591854,-8.991252,33.623,False,,
3543,38.592099,-8.990769,34.557,False,,
3544,38.592344,-8.990287,35.945,False,,
3545,38.592589,-8.989804,37.342,False,,
3546,38.592834,-8.989322,38.754,False,,
3547,38.593079,-8.988839,39.723,False,,
3548,38.593324,-8.988357,40.89,False,,
3549,38.593569,-8.987874,41.754,False,,
3550,38.593814,-8.987391,42.436,False,,
3551,38.594059,-8.986909,42.764,False,,
3552,38.594304,-8.986426,43.142,False,,
3553,38.594549,-8.985944,43.698,False,,
3554,38.594794,-8.985461,43.138,False,,
3555,38.595039,-8.984979,42.262,False,,
3556,38.595284,-8.984496,42.992,False,,
3557,38.595529,-8.984014,44.271,False,,
3558,38.595774,-8.983531,44.923,False,,
3559,38.596019,-8.983049,44.245,False,,
3560,38.596264,-8.982566,42.496,False,,
3561,38.596509,-8.982084,41.713,False,,
3562,38.596754,-8.981601,42.139,False,,
3563,38.596999,-8.981118,42.983,False,,
3564,38.597244,-8.980636,43.84,False,,
3565,38.597489,-8.980153,45.034,False,,
3566,38.597734,-8.979671,44.883,False,,
3567,38.597979,-8.979188,43.569,False,,
3568,38.598224,-8.978706,44.219,False,,
3569,38.598469,-8.978223,44.6,False,,
3570,38.598714,-8.977741,44.905,False,,
3571,38.598959,-8.977258,46.469,False,,
3572,38.599204,-8.976776,47.329,False,,
3573,38.599449,-8.976293,48.397,False,,
3574,38.599694,-8.975811,48.918,False,,
3575,38.599939,-8.975328,47.981,False,,
3576,38.600184,-8.974845,46.861,False,Rail south approach (Fertagus) (tidal/SLR exposure),
3577,38.600429,-8.974363,46.992,False,Rail south approach (Fertagus) (tidal/SLR exposure),
3578,38.600674,-8.97388,47.356,False,Rail south approach (Fertagus) (tidal/SLR exposure),
3579,38.600919,-8.973398,48.119,False,Rail south approach (Fertagus) (tidal/SLR exposure),
3580,38.601164,-8.972915,49.296,False,Rail south approach (Fertagus) (tidal/SLR exposure),
3581,38.601409,-8.972433,50.564,False,Rail south approach (Fertagus) (tidal/SLR exposure),
3582,38.601654,-8.97195,50.597,False,Rail south approach (Fertagus) (tidal/SLR exposure),
3583,38.601899,-8.971468,50.069,False,Rail south approach (Fertagus) (tidal/SLR exposure),
3584,38.602144,-8.970985,49.5,False,Rail south approach (Fertagus) (tidal/SLR exposure),
3585,38.602389,-8.970503,49.206,False,Rail south approach (Fertagus) (tidal/SLR exposure),
3586,38.602634,-8.97002,49.167,False,Rail south approach (Fertagus) (tidal/SLR exposure),
3587,38.602879,-8.969538,49.286,False,Rail south approach (Fertagus) (tidal/SLR exposure),
3588,38.603124,-8.969055,49.241,False,Rail south approach (Fertagus) (tidal/SLR exposure),
3589,38.603369,-8.968572,49.452,False,Rail south approach (Fertagus) (tidal/SLR exposure),
3590,38.603614,-8.96809,50.487,False,Rail south approach (Fertagus) (tidal/SLR exposure),
3591,38.603859,-8.967607,52.101,False,Rail south approach (Fertagus) (tidal/SLR exposure),
3592,38.604104,-8.967125,52.201,False,Rail south approach (Fertagus) (tidal/SLR exposure),
3593,38.604349,-8.966642,50.76,False,Rail south approach (Fertagus) (tidal/SLR exposure),
3594,38.604594,-8.96616,49.508,False,Rail south approach (Fertagus) (tidal/SLR exposure),
3595,38.604839,-8.965677,50.137,False,Rail south approach (Fertagus) (tidal/SLR exposure),
3596,38.605084,-8.965195,51.079,False,Rail south approach (Fertagus) (tidal/SLR exposure),
3597,38.605329,-8.964712,50.812,False,Rail south approach (Fertagus) (tidal/SLR exposure),
3598,38.605574,-8.96423,47.077,False,Rail south approach (Fertagus) (tidal/SLR exposure),
3599,38.605819,-8.963747,44.349,False,Rail south approach (Fertagus) (tidal/SLR exposure),
3600,38.606064,-8.963265,42.657,False,Rail south approach (Fertagus) (tidal/SLR exposure),
3601,38.606309,-8.962782,43.942,False,Rail south approach (Fertagus) (tidal/SLR exposure),
3602,38.606554,-8.962299,45.752,False,Rail south approach (Fertagus) (tidal/SLR exposure),
3603,38.606799,-8.961817,46.594,False,Rail south approach (Fertagus) (tidal/SLR exposure),
3604,38.607044,-8.961334,45.626,False,Rail south approach (Fertagus) (tidal/SLR exposure),
3605,38.607289,-8.960852,43.418,False,Rail south approach (Fertagus) (tidal/SLR exposure),
3606,38.607534,-8.960369,41.94,False,Rail south approach (Fertagus) (tidal/SLR exposure),
3607,38.607779,-8.959887,43.459,False,Rail south approach (Fertagus) (tidal/SLR exposure),
3608,38.608024,-8.959404,46.423,False,Rail south approach (Fertagus) (tidal/SLR exposure),
3609,38.608269,-8.958922,48.4,False,Rail south approach (Fertagus) (tidal/SLR exposure),
3610,38.608514,-8.958439,49.079,False,Rail south approach (Fertagus) (tidal/SLR exposure),
3611,38.608759,-8.957957,50.142,False,Rail south approach (Fertagus) (tidal/SLR exposure),
3612,38.609003,-8.957474,50.767,False,Rail south approach (Fertagus) (tidal/SLR exposure),
3613,38.609248,-8.956992,49.266,False,Rail south approach (Fertagus) (tidal/SLR exposure),
3614,38.609493,-8.956509,47.424,False,Rail south approach (Fertagus) (tidal/SLR exposure),
3615,38.609738,-8.956026,46.312,False,Rail south approach (Fertagus) (tidal/SLR exposure),
3616,38.609983,-8.955544,45.472,False,Rail south approach (Fertagus) (tidal/SLR exposure),
3617,38.610228,-8.955061,43.82,False,Rail south approach (Fertagus) (tidal/SLR exposure),
3618,38.610473,-8.954579,42.68,False,Rail south approach (Fertagus) (tidal/SLR exposure),
3619,38.610718,-8.954096,42.957,False,Rail south approach (Fertagus) (tidal/SLR exposure),
3620,38.610963,-8.953614,43.399,False,Rail south approach (Fertagus) (tidal/SLR exposure),
3621,38.611208,-8.953131,42.654,False,Rail south approach (Fertagus) (tidal/SLR exposure),
3622,38.611453,-8.952649,41.87,False,Rail south approach (Fertagus) (tidal/SLR exposure),
3623,38.611698,-8.952166,41.295,False,Rail south approach (Fertagus) (tidal/SLR exposure),
3624,38.611943,-8.951684,41.487,False,Rail south approach (Fertagus) (tidal/SLR exposure),
3625,38.612188,-8.951201,40.192,False,Rail south approach (Fertagus) (tidal/SLR exposure),
3626,38.612433,-8.950718,38.276,False,Rail south approach (Fertagus) (tidal/SLR exposure),
3627,38.612678,-8.950236,38.175,False,Rail south approach (Fertagus) (tidal/SLR exposure),
3628,38.612923,-8.949753,37.637,False,Rail south approach (Fertagus) (tidal/SLR exposure),
3629,38.613168,-8.949271,36.366,False,Rail south approach (Fertagus) (tidal/SLR exposure),
3630,38.613413,-8.948788,35.182,False,Rail south approach (Fertagus) (tidal/SLR exposure),
3631,38.613658,-8.948306,34.645,False,Rail south approach (Fertagus) (tidal/SLR exposure),
3632,38.613903,-8.947823,34.631,False,Rail south approach (Fertagus) (tidal/SLR exposure),
3633,38.614148,-8.947341,34.031,False,Rail south approach (Fertagus) (tidal/SLR exposure),
3634,38.614393,-8.946858,32.356,False,Rail south approach (Fertagus) (tidal/SLR exposure),
3635,38.614638,-8.946376,32.383,False,Rail south approach (Fertagus) (tidal/SLR exposure),
3636,38.614883,-8.945893,33.191,False,Rail south approach (Fertagus) (tidal/SLR exposure),
3637,38.615128,-8.945411,33.949,False,Rail south approach (Fertagus) (tidal/SLR exposure),
3638,38.615373,-8.944928,34.532,False,Rail south approach (Fertagus) (tidal/SLR exposure),
3639,38.615618,-8.944445,34.827,False,Rail south approach (Fertagus) (tidal/SLR exposure),
3640,38.615863,-8.943963,34.929,False,Rail south approach (Fertagus) (tidal/SLR exposure),
3641,38.616108,-8.94348,35.192,False,Rail south approach (Fertagus) (tidal/SLR exposure),
3642,38.616353,-8.942998,35.979,False,Rail south approach (Fertagus) (tidal/SLR exposure),
3643,38.616598,-8.942515,37.211,False,Rail south approach (Fertagus) (tidal/SLR exposure),
3644,38.616843,-8.942033,38.599,False,Rail south approach (Fertagus) (tidal/SLR exposure),
3645,38.617088,-8.94155,39.475,False,Rail south approach (Fertagus) (tidal/SLR exposure),
3646,38.617333,-8.941068,39.581,False,Rail south approach (Fertagus) (tidal/SLR exposure),
3647,38.617578,-8.940585,39.302,False,Rail south approach (Fertagus) (tidal/SLR exposure),
3648,38.617823,-8.940103,39.501,False,Rail south approach (Fertagus) (tidal/SLR exposure),
3649,38.618068,-8.93962,39.247,False,Rail south approach (Fertagus) (tidal/SLR exposure),
3650,38.618313,-8.939138,37.79,False,Rail south approach (Fertagus) (tidal/SLR exposure),
3651,38.618558,-8.938655,36.959,False,Rail south approach (Fertagus) (tidal/SLR exposure),
3652,38.618803,-8.938172,36.516,False,Rail south approach (Fertagus) (tidal/SLR exposure),
3653,38.619048,-8.93769,36.137,False,Rail south approach (Fertagus) (tidal/SLR exposure),
3654,38.619293,-8.937207,36.189,False,Rail south approach (Fertagus) (tidal/SLR exposure),
3655,38.619538,-8.936725,36.532,False,Rail south approach (Fertagus) (tidal/SLR exposure),
3656,38.619783,-8.936242,36.002,False,Rail south approach (Fertagus) (tidal/SLR exposure),
3657,38.620028,-8.93576,34.855,False,Rail south approach (Fertagus) (tidal/SLR exposure),
3658,38.620273,-8.935277,34.462,False,Rail south approach (Fertagus) (tidal/SLR exposure),
3659,38.620518,-8.934795,34.715,False,Rail south approach (Fertagus) (tidal/SLR exposure),
3660,38.620763,-8.934312,35.01,False,Rail south approach (Fertagus) (tidal/SLR exposure),
3661,38.621008,-8.93383,35.0,False,Rail south approach (Fertagus) (tidal/SLR exposure),
3662,38.621253,-8.933347,35.023,False,Rail south approach (Fertagus) (tidal/SLR exposure),
3663,38.621498,-8.932865,35.743,False,Rail south approach (Fertagus) (tidal/SLR exposure),
3664,38.621743,-8.932382,36.468,False,Rail south approach (Fertagus) (tidal/SLR exposure),
3665,38.621988,-8.931899,37.603,False,Rail south approach (Fertagus) (tidal/SLR exposure),
3666,38.622233,-8.931417,38.897,False,Rail south approach (Fertagus) (tidal/SLR exposure),
3667,38.622478,-8.930934,39.567,False,Rail south approach (Fertagus) (tidal/SLR exposure),
3668,38.622723,-8.930452,39.157,False,Rail south approach (Fertagus) (tidal/SLR exposure),
3669,38.622968,-8.929969,38.178,False,Rail south approach (Fertagus) (tidal/SLR exposure),
3670,38.623213,-8.929487,37.338,False,Rail south approach (Fertagus) (tidal/SLR exposure),
3671,38.623458,-8.929004,37.119,False,Rail south approach (Fertagus) (tidal/SLR exposure),
3672,38.623703,-8.928522,37.591,False,Rail south approach (Fertagus) (tidal/SLR exposure),
3673,38.623948,-8.928039,37.936,False,Rail south approach (Fertagus) (tidal/SLR exposure),
3674,38.624193,-8.927557,37.709,False,Rail south approach (Fertagus) (tidal/SLR exposure),
3675,38.624438,-8.927074,37.525,False,Rail south approach (Fertagus) (tidal/SLR exposure),
3676,38.624683,-8.926592,38.001,False,Rail south approach (Fertagus) (tidal/SLR exposure),
3677,38.624928,-8.926109,38.454,False,Rail south approach (Fertagus) (tidal/SLR exposure),
3678,38.625173,-8.925626,38.211,False,Rail south approach (Fertagus) (tidal/SLR exposure),
3679,38.625418,-8.925144,37.216,False,Rail south approach (Fertagus) (tidal/SLR exposure),
3680,38.625663,-8.924661,36.901,False,Rail south approach (Fertagus) (tidal/SLR exposure),
3681,38.625908,-8.924179,37.769,False,Rail south approach (Fertagus) (tidal/SLR exposure),
3682,38.626153,-8.923696,38.368,False,Rail south approach (Fertagus) (tidal/SLR exposure),
3683,38.626398,-8.923214,37.588,False,Rail south approach (Fertagus) (tidal/SLR exposure),
3684,38.626642,-8.922731,37.008,False,Rail south approach (Fertagus) (tidal/SLR exposure),
3685,38.626887,-8.922249,36.62,False,Rail south approach (Fertagus) (tidal/SLR exposure),
3686,38.627132,-8.921766,36.93,False,Rail south approach (Fertagus) (tidal/SLR exposure),
3687,38.627377,-8.921284,37.257,False,Rail south approach (Fertagus) (tidal/SLR exposure),
3688,38.627622,-8.920801,37.521,False,Rail south approach (Fertagus) (tidal/SLR exposure),
3689,38.627867,-8.920319,38.126,False,Rail south approach (Fertagus) (tidal/SLR exposure),
3690,38.628112,-8.919836,38.285,False,Rail south approach (Fertagus) (tidal/SLR exposure),
3691,38.628357,-8.919353,38.447,False,Rail south approach (Fertagus) (tidal/SLR exposure),
3692,38.628602,-8.918871,39.403,False,Rail south approach (Fertagus) (tidal/SLR exposure),
3693,38.628847,-8.918388,40.547,False,Rail south approach (Fertagus) (tidal/SLR exposure),
3694,38.629092,-8.917906,40.703,False,Rail south approach (Fertagus) (tidal/SLR exposure),
3695,38.629337,-8.917423,40.736,False,Rail south approach (Fertagus) (tidal/SLR exposure),
3696,38.629582,-8.916941,40.694,False,Rail south approach (Fertagus) (tidal/SLR exposure),
3697,38.629827,-8.916458,40.62,False,Rail south approach (Fertagus) (tidal/SLR exposure),
3698,38.630072,-8.915976,40.773,False,Rail south approach (Fertagus) (tidal/SLR exposure),
3699,38.629878,-8.916429,40.609,False,Rail south approach (Fertagus) (tidal/SLR exposure),
3700,38.629633,-8.916912,40.618,False,Rail south approach (Fertagus) (tidal/SLR exposure),
3701,38.629388,-8.917394,40.679,False,Rail south approach (Fertagus) (tidal/SLR exposure),
3702,38.629143,-8.917877,40.662,False,Rail south approach (Fertagus) (tidal/SLR exposure),
3703,38.628898,-8.918359,40.622,False,Rail south approach (Fertagus) (tidal/SLR exposure),
3704,38.628653,-8.918841,39.555,False,Rail south approach (Fertagus) (tidal/SLR exposure),
3705,38.628408,-8.919324,38.522,False,Rail south approach (Fertagus) (tidal/SLR exposure),
3706,38.628162,-8.919806,38.268,False,Rail south approach (Fertagus) (tidal/SLR exposure),
3707,38.627917,-8.920289,38.152,False,Rail south approach (Fertagus) (tidal/SLR exposure),
3708,38.627672,-8.920771,37.577,False,Rail south approach (Fertagus) (tidal/SLR exposure),
3709,38.627427,-8.921253,37.259,False,Rail south approach (Fertagus) (tidal/SLR exposure),
3710,38.627182,-8.921736,36.926,False,Rail south approach (Fertagus) (tidal/SLR exposure),
3711,38.626937,-8.922218,36.534,False,Rail south approach (Fertagus) (tidal/SLR exposure),
3712,38.626692,-8.922701,36.93,False,Rail south approach (Fertagus) (tidal/SLR exposure),
3713,38.626446,-8.923183,37.517,False,Rail south approach (Fertagus) (tidal/SLR exposure),
3714,38.626201,-8.923665,38.377,False,Rail south approach (Fertagus) (tidal/SLR exposure),
3715,38.625956,-8.924148,37.921,False,Rail south approach (Fertagus) (tidal/SLR exposure),
3716,38.625711,-8.92463,36.936,False,Rail south approach (Fertagus) (tidal/SLR exposure),
3717,38.625466,-8.925113,37.084,False,Rail south approach (Fertagus) (tidal/SLR exposure),
3718,38.625221,-8.925595,38.092,False,Rail south approach (Fertagus) (tidal/SLR exposure),
3719,38.624976,-8.926077,38.436,False,Rail south approach (Fertagus) (tidal/SLR exposure),
3720,38.62473,-8.92656,38.028,False,Rail south approach (Fertagus) (tidal/SLR exposure),
3721,38.624485,-8.927042,37.488,False,Rail south approach (Fertagus) (tidal/SLR exposure),
3722,38.62424,-8.927525,37.638,False,Rail south approach (Fertagus) (tidal/SLR exposure),
3723,38.623995,-8.928007,37.906,False,Rail south approach (Fertagus) (tidal/SLR exposure),
3724,38.62375,-8.92849,37.673,False,Rail south approach (Fertagus) (tidal/SLR exposure),
3725,38.623505,-8.928972,37.178,False,Rail south approach (Fertagus) (tidal/SLR exposure),
3726,38.62326,-8.929454,37.367,False,Rail south approach (Fertagus) (tidal/SLR exposure),
3727,38.623014,-8.929937,38.061,False,Rail south approach (Fertagus) (tidal/SLR exposure),
3728,38.622769,-8.930419,39.028,False,Rail south approach (Fertagus) (tidal/SLR exposure),
3729,38.622524,-8.930902,39.535,False,Rail south approach (Fertagus) (tidal/SLR exposure),
3730,38.622279,-8.931384,39.003,False,Rail south approach (Fertagus) (tidal/SLR exposure),
3731,38.622034,-8.931866,37.76,False,Rail south approach (Fertagus) (tidal/SLR exposure),
3732,38.621789,-8.932349,36.559,False,Rail south approach (Fertagus) (tidal/SLR exposure),
3733,38.621544,-8.932831,35.789,False,Rail south approach (Fertagus) (tidal/SLR exposure),
3734,38.621298,-8.933314,35.047,False,Rail south approach (Fertagus) (tidal/SLR exposure),
3735,38.621053,-8.933796,34.911,False,Rail south approach (Fertagus) (tidal/SLR exposure),
3736,38.620808,-8.934278,34.953,False,Rail south approach (Fertagus) (tidal/SLR exposure),
3737,38.620563,-8.934761,34.644,False,Rail south approach (Fertagus) (tidal/SLR exposure),
3738,38.620318,-8.935243,34.353,False,Rail south approach (Fertagus) (tidal/SLR exposure),
3739,38.620073,-8.935726,34.656,False,Rail south approach (Fertagus) (tidal/SLR exposure),
3740,38.619828,-8.936208,35.822,False,Rail south approach (Fertagus) (tidal/SLR exposure),
3741,38.619582,-8.936691,36.474,False,Rail south approach (Fertagus) (tidal/SLR exposure),
3742,38.619337,-8.937173,36.162,False,Rail south approach (Fertagus) (tidal/SLR exposure),
3743,38.619092,-8.937655,36.058,False,Rail south approach (Fertagus) (tidal/SLR exposure),
3744,38.618847,-8.938138,36.435,False,Rail south approach (Fertagus) (tidal/SLR exposure),
3745,38.618602,-8.93862,36.912,False,Rail south approach (Fertagus) (tidal/SLR exposure),
3746,38.618357,-8.939103,37.715,False,Rail south approach (Fertagus) (tidal/SLR exposure),
3747,38.618112,-8.939585,39.171,False,Rail south approach (Fertagus) (tidal/SLR exposure),
3748,38.617866,-8.940067,39.537,False,Rail south approach (Fertagus) (tidal/SLR exposure),
3749,38.617621,-8.94055,39.303,False,Rail south approach (Fertagus) (tidal/SLR exposure),
3750,38.617376,-8.941032,39.583,False,Rail south approach (Fertagus) (tidal/SLR exposure),
3751,38.617131,-8.941515,39.584,False,Rail south approach (Fertagus) (tidal/SLR exposure),
3752,38.616886,-8.941997,38.778,False,Rail south approach (Fertagus) (tidal/SLR exposure),
3753,38.616641,-8.942479,37.331,False,Rail south approach (Fertagus) (tidal/SLR exposure),
3754,38.616396,-8.942962,36.049,False,Rail south approach (Fertagus) (tidal/SLR exposure),
3755,38.61615,-8.943444,35.196,False,Rail south approach (Fertagus) (tidal/SLR exposure),
3756,38.615905,-8.943927,34.873,False,Rail south approach (Fertagus) (tidal/SLR exposure),
3757,38.61566,-8.944409,34.803,False,Rail south approach (Fertagus) (tidal/SLR exposure),
3758,38.615415,-8.944891,34.531,False,Rail south approach (Fertagus) (tidal/SLR exposure),
3759,38.61517,-8.945374,34.015,False,Rail south approach (Fertagus) (tidal/SLR exposure),
3760,38.614925,-8.945856,33.263,False,Rail south approach (Fertagus) (tidal/SLR exposure),
3761,38.61468,-8.946339,32.528,False,Rail south approach (Fertagus) (tidal/SLR exposure),
3762,38.614435,-8.946821,32.364,False,Rail south approach (Fertagus) (tidal/SLR exposure),
3763,38.614189,-8.947304,33.883,False,Rail south approach (Fertagus) (tidal/SLR exposure),
3764,38.613944,-8.947786,34.57,False,Rail south approach (Fertagus) (tidal/SLR exposure),
3765,38.613699,-8.948268,34.604,False,Rail south approach (Fertagus) (tidal/SLR exposure),
3766,38.613454,-8.948751,35.053,False,Rail south approach (Fertagus) (tidal/SLR exposure),
3767,38.613209,-8.949233,36.204,False,Rail south approach (Fertagus) (tidal/SLR exposure),
3768,38.612964,-8.949716,37.504,False,Rail south approach (Fertagus) (tidal/SLR exposure),
3769,38.612719,-8.950198,38.099,False,Rail south approach (Fertagus) (tidal/SLR exposure),
3770,38.612473,-8.95068,38.242,False,Rail south approach (Fertagus) (tidal/SLR exposure),
3771,38.612228,-8.951163,39.913,False,Rail south approach (Fertagus) (tidal/SLR exposure),
3772,38.611983,-8.951645,41.507,False,Rail south approach (Fertagus) (tidal/SLR exposure),
3773,38.611738,-8.952128,41.29,False,Rail south approach (Fertagus) (tidal/SLR exposure),
3774,38.611493,-8.95261,41.762,False,Rail south approach (Fertagus) (tidal/SLR exposure),
3775,38.611248,-8.953092,42.483,False,Rail south approach (Fertagus) (tidal/SLR exposure),
3776,38.611003,-8.953575,43.345,False,Rail south approach (Fertagus) (tidal/SLR exposure),
3777,38.610757,-8.954057,43.011,False,Rail south approach (Fertagus) (tidal/SLR exposure),
3778,38.610512,-8.95454,42.668,False,Rail south approach (Fertagus) (tidal/SLR exposure),
3779,38.610267,-8.955022,43.653,False,Rail south approach (Fertagus) (tidal/SLR exposure),
3780,38.610022,-8.955505,45.339,False,Rail south approach (Fertagus) (tidal/SLR exposure),
3781,38.609777,-8.955987,46.236,False,Rail south approach (Fertagus) (tidal/SLR exposure),
3782,38.609532,-8.956469,47.235,False,Rail south approach (Fertagus) (tidal/SLR exposure),
3783,38.609287,-8.956952,49.045,False,Rail south approach (Fertagus) (tidal/SLR exposure),
3784,38.609041,-8.957434,50.678,False,Rail south approach (Fertagus) (tidal/SLR exposure),
3785,38.608796,-8.957917,50.197,False,Rail south approach (Fertagus) (tidal/SLR exposure),
3786,38.608551,-8.958399,49.108,False,Rail south approach (Fertagus) (tidal/SLR exposure),
3787,38.608306,-8.958881,48.434,False,Rail south approach (Fertagus) (tidal/SLR exposure),
3788,38.608061,-8.959364,46.623,False,Rail south approach (Fertagus) (tidal/SLR exposure),
3789,38.607816,-8.959846,43.706,False,Rail south approach (Fertagus) (tidal/SLR exposure),
3790,38.607571,-8.960329,41.864,False,Rail south approach (Fertagus) (tidal/SLR exposure),
3791,38.607325,-8.960811,43.129,False,Rail south approach (Fertagus) (tidal/SLR exposure),
3792,38.60708,-8.961293,45.369,False,Rail south approach (Fertagus) (tidal/SLR exposure),
3793,38.606835,-8.961776,46.478,False,Rail south approach (Fertagus) (tidal/SLR exposure),
3794,38.60659,-8.962258,45.785,False,Rail south approach (Fertagus) (tidal/SLR exposure),
3795,38.606345,-8.962741,44.121,False,Rail south approach (Fertagus) (tidal/SLR exposure),
3796,38.6061,-8.963223,42.611,False,Rail south approach (Fertagus) (tidal/SLR exposure),
3797,38.605855,-8.963706,44.153,False,Rail south approach (Fertagus) (tidal/SLR exposure),
3798,38.605609,-8.964188,46.746,False,Rail south approach (Fertagus) (tidal/SLR exposure),
3799,38.605364,-8.96467,50.614,False,Rail south approach (Fertagus) (tidal/SLR exposure),
3800,38.605119,-8.965153,51.199,False,Rail south approach (Fertagus) (tidal/SLR exposure),
3801,38.604874,-8.965635,50.179,False,Rail south approach (Fertagus) (tidal/SLR exposure),
3802,38.604629,-8.966118,49.543,False,Rail south approach (Fertagus) (tidal/SLR exposure),
3803,38.604384,-8.9666,50.529,False,Rail south approach (Fertagus) (tidal/SLR exposure),
3804,38.604139,-8.967082,52.113,False,Rail south approach (Fertagus) (tidal/SLR exposure),
3805,38.603893,-8.967565,52.2,False,Rail south approach (Fertagus) (tidal/SLR exposure),
3806,38.603648,-8.968047,50.633,False,Rail south approach (Fertagus) (tidal/SLR exposure),
3807,38.603403,-8.96853,49.468,False,Rail south approach (Fertagus) (tidal/SLR exposure),
3808,38.603158,-8.969012,49.211,False,Rail south approach (Fertagus) (tidal/SLR exposure),
3809,38.602913,-8.969494,49.282,False,Rail south approach (Fertagus) (tidal/SLR exposure),
3810,38.602668,-8.969977,49.178,False,Rail south approach (Fertagus) (tidal/SLR exposure),
3811,38.602423,-8.970459,49.196,False,Rail south approach (Fertagus) (tidal/SLR exposure),
3812,38.602177,-8.970942,49.455,False,Rail south approach (Fertagus) (tidal/SLR exposure),
3813,38.601932,-8.971424,50.017,False,Rail south approach (Fertagus) (tidal/SLR exposure),
3814,38.601687,-8.971906,50.563,False,Rail south approach (Fertagus) (tidal/SLR exposure),
3815,38.601442,-8.972389,50.656,False,Rail south approach (Fertagus) (tidal/SLR exposure),
3816,38.601197,-8.972871,49.423,False,Rail south approach (Fertagus) (tidal/SLR exposure),
3817,38.600952,-8.973354,48.219,False,Rail south approach (Fertagus) (tidal/SLR exposure),
3818,38.600707,-8.973836,47.414,False,Rail south approach (Fertagus) (tidal/SLR exposure),
3819,38.600462,-8.974319,47.028,False,Rail south approach (Fertagus) (tidal/SLR exposure),
3820,38.600216,-8.974801,46.843,False,Rail south approach (Fertagus) (tidal/SLR exposure),
3821,38.599971,-8.975283,47.84,False,,
3822,38.599726,-8.975766,48.91,False,,
3823,38.599481,-8.976248,48.515,False,,
3824,38.599236,-8.976731,47.421,False,,
3825,38.598991,-8.977213,46.554,False,,
3826,38.598746,-8.977695,45.068,False,,
3827,38.5985,-8.978178,44.599,False,,
3828,38.598255,-8.97866,44.28,False,,
3829,38.59801,-8.979143,43.551,False,,
3830,38.597765,-8.979625,44.733,False,,
3831,38.59752,-8.980107,45.137,False,,
3832,38.597275,-8.98059,43.914,False,,
3833,38.59703,-8.981072,43.059,False,,
3834,38.596784,-8.981555,42.215,False,,
3835,38.596539,-8.982037,41.725,False,,
3836,38.596294,-8.98252,42.319,False,,
3837,38.596049,-8.983002,44.076,False,,
3838,38.595804,-8.983484,44.905,False,,
3839,38.595559,-8.983967,44.393,False,,
3840,38.595314,-8.984449,43.107,False,,
3841,38.595068,-8.984932,42.275,False,,
3842,38.594823,-8.985414,42.993,False,,
3843,38.594578,-8.985896,43.672,False,,
3844,38.594333,-8.986379,43.211,False,,
3845,38.594088,-8.986861,42.786,False,,
3846,38.593843,-8.987344,42.491,False,,
3847,38.593598,-8.987826,41.837,False,,
3848,38.593352,-8.988308,41.014,False,,
3849,38.593107,-8.988791,39.834,False,,
3850,38.592862,-8.989273,38.846,False,,
3851,38.592617,-8.989756,37.504,False,,
3852,38.592372,-8.990238,36.091,False,,
3853,38.592127,-8.990721,34.696,False,,
3854,38.591882,-8.991203,33.69,False,,
3855,38.591636,-8.991685,33.056,False,,
3856,38.591391,-8.992168,32.061,False,,
3857,38.591146,-8.99265,32.265,False,,
3858,38.590901,-8.993133,34.002,False,,
3859,38.590656,-8.993615,35.116,False,,
3860,38.590411,-8.994097,34.867,False,,
3861,38.590166,-8.99458,35.364,False,,
3862,38.58992,-8.995062,36.433,False,,
3863,38.589675,-8.995545,37.037,False,,
3864,38.58943,-8.996027,37.712,False,,
3865,38.589431,-8.996097,37.827,False,,
3866,38.589737,-8.995675,37.169,False,,
3867,38.590057,-8.995272,36.4,False,,
3868,38.589759,-8.995574,37.014,False,,
3869,38.589451,-8.995993,37.666,False,,
3870,38.589389,-8.996106,37.828,False,,
3871,38.589714,-8.995708,37.225,False,,
3872,38.590039,-8.99531,36.466,False,,
3873,38.590363,-8.994913,35.201,False,,
3874,38.590688,-8.994515,34.261,False,,
3875,38.590742,-8.994419,34.301,False,,
3876,38.590401,-8.994794,34.959,False,,
3877,38.590071,-8.995185,36.291,False,,
3878,38.590338,-8.994936,35.312,False,,
3879,38.590676,-8.994558,34.218,False,,
3880,38.590986,-8.99415,34.026,False,,
3881,38.591221,-8.99366,32.828,False,,
3882,38.591456,-8.993169,31.548,False,,
3883,38.591691,-8.992679,31.881,False,,
3884,38.591926,-8.992188,33.017,False,,
3885,38.592161,-8.991697,33.942,False,,
3886,38.592397,-8.991207,34.42,False,,
3887,38.592632,-8.990716,34.959,False,,
3888,38.592867,-8.990226,36.168,False,,
3889,38.593102,-8.989735,37.733,False,,
3890,38.593337,-8.989245,39.175,False,,
3891,38.593572,-8.988754,40.647,False,,
3892,38.593807,-8.988263,41.684,False,,
3893,38.594042,-8.987773,42.204,False,,
3894,38.594277,-8.987282,42.245,False,,
3895,38.594512,-8.986792,42.239,False,,
3896,38.594747,-8.986301,42.636,False,,
3897,38.594982,-8.985811,42.622,False,,
3898,38.595217,-8.98532,41.959,False,,
3899,38.595452,-8.984829,42.315,False,,
3900,38.595687,-8.984339,43.387,False,,
3901,38.595922,-8.983848,43.913,False,,
3902,38.596157,-8.983358,43.765,False,,
3903,38.596392,-8.982867,42.602,False,,
3904,38.596628,-8.982377,41.424,False,,
3905,38.596863,-8.981886,41.702,False,,
3906,38.597098,-8.981395,42.417,False,,
3907,38.597333,-8.980905,43.057,False,,
3908,38.597568,-8.980414,43.983,False,,
3909,38.597803,-8.979924,44.548,False,,
3910,38.598038,-8.979433,43.396,False,,
3911,38.598273,-8.978943,43.713,False,,
3912,38.598508,-8.978452,44.437,False,,
3913,38.598743,-8.977962,44.613,False,,
3914,38.598978,-8.977471,45.781,False,,
3915,38.599213,-8.97698,47.038,False,,
3916,38.599448,-8.97649,48.114,False,,
3917,38.599683,-8.975999,48.973,False,,
3918,38.599918,-8.975509,48.494,False,,
3919,38.600153,-8.975018,47.132,False,Rail south approach (Fertagus) (tidal/SLR exposure),
3920,38.600388,-8.974528,46.917,False,Rail south approach (Fertagus) (tidal/SLR exposure),
3921,38.600624,-8.974037,47.229,False,Rail south approach (Fertagus) (tidal/SLR exposure),
3922,38.600859,-8.973546,47.849,False,Rail south approach (Fertagus) (tidal/SLR exposure),
3923,38.601094,-8.973056,48.918,False,Rail south approach (Fertagus) (tidal/SLR exposure),
3924,38.601329,-8.972565,50.305,False,Rail south approach (Fertagus) (tidal/SLR exposure),
3925,38.601564,-8.972075,50.701,False,Rail south approach (Fertagus) (tidal/SLR exposure),
3926,38.601799,-8.971584,50.206,False,Rail south approach (Fertagus) (tidal/SLR exposure),
3927,38.602034,-8.971094,49.609,False,Rail south approach (Fertagus) (tidal/SLR exposure),
3928,38.602269,-8.970603,49.256,False,Rail south approach (Fertagus) (tidal/SLR exposure),
3929,38.602504,-8.970112,49.193,False,Rail south approach (Fertagus) (tidal/SLR exposure),
3930,38.602739,-8.969622,49.307,False,Rail south approach (Fertagus) (tidal/SLR exposure),
3931,38.602974,-8.969131,49.401,False,Rail south approach (Fertagus) (tidal/SLR exposure),
3932,38.603209,-8.968641,49.576,False,Rail south approach (Fertagus) (tidal/SLR exposure),
3933,38.603444,-8.96815,50.403,False,Rail south approach (Fertagus) (tidal/SLR exposure),
3934,38.603679,-8.96766,52.005,False,Rail south approach (Fertagus) (tidal/SLR exposure),
3935,38.603914,-8.967169,52.435,False,Rail south approach (Fertagus) (tidal/SLR exposure),
3936,38.604149,-8.966679,51.24,False,Rail south approach (Fertagus) (tidal/SLR exposure),
3937,38.604384,-8.966188,49.998,False,Rail south approach (Fertagus) (tidal/SLR exposure),
3938,38.604619,-8.965697,50.302,False,Rail south approach (Fertagus) (tidal/SLR exposure),
3939,38.604855,-8.965207,51.01,False,Rail south approach (Fertagus) (tidal/SLR exposure),
3940,38.60509,-8.964716,51.069,False,Rail south approach (Fertagus) (tidal/SLR exposure),
3941,38.605325,-8.964226,47.754,False,Rail south approach (Fertagus) (tidal/SLR exposure),
3942,38.60556,-8.963735,44.921,False,Rail south approach (Fertagus) (tidal/SLR exposure),
3943,38.605795,-8.963245,43.108,False,Rail south approach (Fertagus) (tidal/SLR exposure),
3944,38.60603,-8.962754,44.707,False,Rail south approach (Fertagus) (tidal/SLR exposure),
3945,38.606265,-8.962263,46.997,False,Rail south approach (Fertagus) (tidal/SLR exposure),
3946,38.6065,-8.961773,48.06,False,Rail south approach (Fertagus) (tidal/SLR exposure),
3947,38.606735,-8.961282,47.617,False,Rail south approach (Fertagus) (tidal/SLR exposure),
3948,38.60697,-8.960792,45.469,False,Rail south approach (Fertagus) (tidal/SLR exposure),
3949,38.607205,-8.960301,43.467,False,Rail south approach (Fertagus) (tidal/SLR exposure),
3950,38.60744,-8.959811,43.873,False,Rail south approach (Fertagus) (tidal/SLR exposure),
3951,38.607675,-8.95932,46.664,False,Rail south approach (Fertagus) (tidal/SLR exposure),
3952,38.60791,-8.958829,48.966,False,Rail south approach (Fertagus) (tidal/SLR exposure),
3953,38.608145,-8.958339,50.017,False,Rail south approach (Fertagus) (tidal/SLR exposure),
3954,38.60838,-8.957848,51.109,False,Rail south approach (Fertagus) (tidal/SLR exposure),
3955,38.608615,-8.957358,51.771,False,Rail south approach (Fertagus) (tidal/SLR exposure),
3956,38.608851,-8.956867,50.51,False,Rail south approach (Fertagus) (tidal/SLR exposure),
3957,38.609086,-8.956377,48.451,False,Rail south approach (Fertagus) (tidal/SLR exposure),
3958,38.609321,-8.955886,46.628,False,Rail south approach (Fertagus) (tidal/SLR exposure),
3959,38.609556,-8.955396,45.423,False,Rail south approach (Fertagus) (tidal/SLR exposure),
3960,38.609791,-8.954905,44.131,False,Rail south approach (Fertagus) (tidal/SLR exposure),
3961,38.610026,-8.954414,42.617,False,Rail south approach (Fertagus) (tidal/SLR exposure),
3962,38.610261,-8.953924,42.604,False,Rail south approach (Fertagus) (tidal/SLR exposure),
3963,38.610496,-8.953433,44.308,False,Rail south approach (Fertagus) (tidal/SLR exposure),
3964,38.610731,-8.952943,44.977,False,Rail south approach (Fertagus) (tidal/SLR exposure),
3965,38.610966,-8.952452,43.753,False,Rail south approach (Fertagus) (tidal/SLR exposure),
3966,38.611201,-8.951962,42.752,False,Rail south approach (Fertagus) (tidal/SLR exposure),
3967,38.611436,-8.951471,41.611,False,Rail south approach (Fertagus) (tidal/SLR exposure),
3968,38.611671,-8.95098,40.631,False,Rail south approach (Fertagus) (tidal/SLR exposure),
3969,38.611906,-8.95049,39.818,False,Rail south approach (Fertagus) (tidal/SLR exposure),
3970,38.612141,-8.949999,39.61,False,Rail south approach (Fertagus) (tidal/SLR exposure),
3971,38.612376,-8.949509,38.675,False,Rail south approach (Fertagus) (tidal/SLR exposure),
3972,38.612611,-8.949018,37.04,False,Rail south approach (Fertagus) (tidal/SLR exposure),
3973,38.612846,-8.948528,36.21,False,Rail south approach (Fertagus) (tidal/SLR exposure),
3974,38.613082,-8.948037,35.978,False,Rail south approach (Fertagus) (tidal/SLR exposure),
3975,38.613317,-8.947546,36.401,False,Rail south approach (Fertagus) (tidal/SLR exposure),
3976,38.613552,-8.947056,35.156,False,Rail south approach (Fertagus) (tidal/SLR exposure),
3977,38.613787,-8.946565,33.255,False,Rail south approach (Fertagus) (tidal/SLR exposure),
3978,38.614022,-8.946075,32.417,False,Rail south approach (Fertagus) (tidal/SLR exposure),
3979,38.614257,-8.945584,33.614,False,Rail south approach (Fertagus) (tidal/SLR exposure),
3980,38.614492,-8.945094,34.896,False,Rail south approach (Fertagus) (tidal/SLR exposure),
3981,38.614727,-8.944603,35.916,False,Rail south approach (Fertagus) (tidal/SLR exposure),
3982,38.614962,-8.944113,36.818,False,Rail south approach (Fertagus) (tidal/SLR exposure),
3983,38.615197,-8.943622,37.572,False,Rail south approach (Fertagus) (tidal/SLR exposure),
3984,38.615432,-8.943131,37.759,False,Rail south approach (Fertagus) (tidal/SLR exposure),
3985,38.615667,-8.942641,37.748,False,Rail south approach (Fertagus) (tidal/SLR exposure),
3986,38.615902,-8.94215,37.957,False,Rail south approach (Fertagus) (tidal/SLR exposure),
3987,38.616137,-8.94166,38.083,False,Rail south approach (Fertagus) (tidal/SLR exposure),
3988,38.616372,-8.941169,38.625,False,Rail south approach (Fertagus) (tidal/SLR exposure),
3989,38.616607,-8.940679,39.281,False,Rail south approach (Fertagus) (tidal/SLR exposure),
3990,38.616842,-8.940188,39.918,False,Rail south approach (Fertagus) (tidal/SLR exposure),
3991,38.617078,-8.939697,39.625,False,Rail south approach (Fertagus) (tidal/SLR exposure),
3992,38.617313,-8.939207,38.629,False,Rail south approach (Fertagus) (tidal/SLR exposure),
3993,38.617548,-8.938716,37.693,False,Rail south approach (Fertagus) (tidal/SLR exposure),
3994,38.617783,-8.938226,37.311,False,Rail south approach (Fertagus) (tidal/SLR exposure),
3995,38.618018,-8.937735,37.679,False,Rail south approach (Fertagus) (tidal/SLR exposure),
3996,38.618253,-8.937245,38.07,False,Rail south approach (Fertagus) (tidal/SLR exposure),
3997,38.618488,-8.936754,38.425,False,Rail south approach (Fertagus) (tidal/SLR exposure),
3998,38.618723,-8.936263,38.514,False,Rail south approach (Fertagus) (tidal/SLR exposure),
3999,38.618958,-8.935773,38.213,False,Rail south approach (Fertagus) (tidal/SLR exposure),
4000,38.619193,-8.935282,38.139,False,Rail south approach (Fertagus) (tidal/SLR exposure),
4001,38.619428,-8.934792,38.604,False,Rail south approach (Fertagus) (tidal/SLR exposure),
4002,38.619663,-8.934301,39.311,False,Rail south approach (Fertagus) (tidal/SLR exposure),
4003,38.619898,-8.933811,39.373,False,Rail south approach (Fertagus) (tidal/SLR exposure),
4004,38.620133,-8.93332,39.3,False,Rail south approach (Fertagus) (tidal/SLR exposure),
4005,38.620368,-8.932829,39.103,False,Rail south approach (Fertagus) (tidal/SLR exposure),
4006,38.620603,-8.932339,38.416,False,Rail south approach (Fertagus) (tidal/SLR exposure),
4007,38.620838,-8.931848,37.058,False,Rail south approach (Fertagus) (tidal/SLR exposure),
4008,38.621073,-8.931358,37.098,False,Rail south approach (Fertagus) (tidal/SLR exposure),
4009,38.621309,-8.930867,38.44,False,Rail south approach (Fertagus) (tidal/SLR exposure),
4010,38.621544,-8.930377,38.885,False,Rail south approach (Fertagus) (tidal/SLR exposure),
4011,38.621779,-8.929886,38.909,False,Rail south approach (Fertagus) (tidal/SLR exposure),
4012,38.622014,-8.929396,39.248,False,Rail south approach (Fertagus) (tidal/SLR exposure),
4013,38.622249,-8.928905,39.099,False,Rail south approach (Fertagus) (tidal/SLR exposure),
4014,38.622484,-8.928414,38.753,False,Rail south approach (Fertagus) (tidal/SLR exposure),
4015,38.622719,-8.927924,38.053,False,Rail south approach (Fertagus) (tidal/SLR exposure),
4016,38.622954,-8.927433,37.89,False,Rail south approach (Fertagus) (tidal/SLR exposure),
4017,38.623189,-8.926943,38.175,False,Rail south approach (Fertagus) (tidal/SLR exposure),
4018,38.623424,-8.926452,38.12,False,Rail south approach (Fertagus) (tidal/SLR exposure),
4019,38.623659,-8.925962,38.248,False,Rail south approach (Fertagus) (tidal/SLR exposure),
4020,38.623894,-8.925471,38.643,False,Rail south approach (Fertagus) (tidal/SLR exposure),
4021,38.624129,-8.92498,38.35,False,Rail south approach (Fertagus) (tidal/SLR exposure),
4022,38.624364,-8.92449,38.105,False,Rail south approach (Fertagus) (tidal/SLR exposure),
4023,38.624599,-8.923999,38.327,False,Rail south approach (Fertagus) (tidal/SLR exposure),
4024,38.624834,-8.923509,37.921,False,Rail south approach (Fertagus) (tidal/SLR exposure),
4025,38.625069,-8.923018,37.668,False,Rail south approach (Fertagus) (tidal/SLR exposure),
4026,38.625305,-8.922528,38.069,False,Rail south approach (Fertagus) (tidal/SLR exposure),
4027,38.62554,-8.922037,38.237,False,Rail south approach (Fertagus) (tidal/SLR exposure),
4028,38.625775,-8.921546,38.203,False,Rail south approach (Fertagus) (tidal/SLR exposure),
4029,38.62601,-8.921056,38.174,False,Rail south approach (Fertagus) (tidal/SLR exposure),
4030,38.626245,-8.920565,38.565,False,Rail south approach (Fertagus) (tidal/SLR exposure),
4031,38.62648,-8.920075,39.538,False,Rail south approach (Fertagus) (tidal/SLR exposure),
4032,38.626715,-8.919584,39.545,False,Rail south approach (Fertagus) (tidal/SLR exposure),
4033,38.62695,-8.919094,38.932,False,Rail south approach (Fertagus) (tidal/SLR exposure),
4034,38.627185,-8.918603,39.022,False,Rail south approach (Fertagus) (tidal/SLR exposure),
4035,38.62742,-8.918113,39.342,False,Rail south approach (Fertagus) (tidal/SLR exposure),
4036,38.627655,-8.917622,39.072,False,Rail south approach (Fertagus) (tidal/SLR exposure),
4037,38.62789,-8.917131,39.894,False,Rail south approach (Fertagus) (tidal/SLR exposure),
4038,38.628125,-8.916641,42.487,False,Rail south approach (Fertagus) (tidal/SLR exposure),
4039,38.62836,-8.91615,43.587,False,Rail south approach (Fertagus) (tidal/SLR exposure),
4040,38.628595,-8.91566,43.721,False,Rail south approach (Fertagus) (tidal/SLR exposure),
4041,38.62883,-8.915169,44.302,False,Rail south approach (Fertagus) (tidal/SLR exposure),
4042,38.629065,-8.914679,44.386,False,Rail south approach (Fertagus) (tidal/SLR exposure),
4043,38.6293,-8.914188,43.033,False,Rail south approach (Fertagus) (tidal/SLR exposure),
4044,38.629536,-8.913697,40.801,False,Rail south approach (Fertagus) (tidal/SLR exposure),
4045,38.629771,-8.913207,39.59,False,Rail south approach (Fertagus) (tidal/SLR exposure),
4046,38.629954,-8.912944,39.411,False,Rail south approach (Fertagus) (tidal/SLR exposure),
4047,38.62995,-8.913519,39.544,False,Rail south approach (Fertagus) (tidal/SLR exposure),
4048,38.629947,-8.914095,40.428,False,Rail south approach (Fertagus) (tidal/SLR exposure),
4049,38.629951,-8.914671,41.9,False,Rail south approach (Fertagus) (tidal/SLR exposure),
4050,38.629989,-8.914292,40.949,False,Rail south approach (Fertagus) (tidal/SLR exposure),
4051,38.629989,-8.913718,39.686,False,Rail south approach (Fertagus) (tidal/SLR exposure),
4052,38.629994,-8.913142,39.455,False,Rail south approach (Fertagus) (tidal/SLR exposure),
4053,38.629999,-8.912567,39.372,False,Rail south approach (Fertagus) (tidal/SLR exposure),
4054,38.630006,-8.911991,40.011,False,Rail south approach (Fertagus) (tidal/SLR exposure),
4055,38.630012,-8.911416,40.696,False,Rail south approach (Fertagus) (tidal/SLR exposure),
4056,38.630019,-8.91084,40.377,False,Rail south approach (Fertagus) (tidal/SLR exposure),
4057,38.629974,-8.911357,40.679,False,Rail south approach (Fertagus) (tidal/SLR exposure),
4058,38.629967,-8.911933,40.101,False,Rail south approach (Fertagus) (tidal/SLR exposure),
4059,38.629959,-8.912508,39.417,False,Rail south approach (Fertagus) (tidal/SLR exposure),
4060,38.62998,-8.91256,39.388,False,Rail south approach (Fertagus) (tidal/SLR exposure),
4061,38.630035,-8.911989,40.026,False,Rail south approach (Fertagus) (tidal/SLR exposure),
4062,38.630089,-8.911417,40.799,False,Rail south approach (Fertagus) (tidal/SLR exposure),
4063,38.630144,-8.910846,40.355,False,Rail south approach (Fertagus) (tidal/SLR exposure),
4064,38.630199,-8.910275,39.673,False,Rail south approach (Fertagus) (tidal/SLR exposure),
4065,38.630199,-8.910498,39.939,False,Rail south approach (Fertagus) (tidal/SLR exposure),
4066,38.630179,-8.911073,40.689,False,Rail south approach (Fertagus) (tidal/SLR exposure),
4067,38.630163,-8.911648,40.818,False,Rail south approach (Fertagus) (tidal/SLR exposure),
4068,38.630153,-8.912223,39.603,False,Rail south approach (Fertagus) (tidal/SLR exposure),
4069,38.630143,-8.912799,39.359,False,Rail south approach (Fertagus) (tidal/SLR exposure),
4070,38.630139,-8.913374,39.579,False,Rail south approach (Fertagus) (tidal/SLR exposure),
4071,38.630135,-8.91395,40.035,False,Rail south approach (Fertagus) (tidal/SLR exposure),
4072,38.630132,-8.914526,41.549,False,Rail south approach (Fertagus) (tidal/SLR exposure),
4073,38.630128,-8.915101,41.995,False,Rail south approach (Fertagus) (tidal/SLR exposure),
4074,38.630124,-8.915677,41.009,False,Rail south approach (Fertagus) (tidal/SLR exposure),
4075,38.630133,-8.915666,41.018,False,Rail south approach (Fertagus) (tidal/SLR exposure),
4076,38.630155,-8.915091,42.001,False,Rail south approach (Fertagus) (tidal/SLR exposure),
4077,38.630179,-8.914516,41.575,False,Rail south approach (Fertagus) (tidal/SLR exposure),
4078,38.630201,-8.913942,40.073,False,Rail south approach (Fertagus) (tidal/SLR exposure),
4079,38.630218,-8.913366,39.688,False,Rail south approach (Fertagus) (tidal/SLR exposure),
4080,38.630234,-8.912791,39.36,False,Rail south approach (Fertagus) (tidal/SLR exposure),
4081,38.63025,-8.912216,39.629,False,Rail south approach (Fertagus) (tidal/SLR exposure),
4082,38.630265,-8.911641,41.052,False,Rail south approach (Fertagus) (tidal/SLR exposure),
4083,38.630277,-8.911065,40.826,False,Rail south approach (Fertagus) (tidal/SLR exposure),
4084,38.630284,-8.91049,39.928,False,Rail south approach (Fertagus) (tidal/SLR exposure),
4085,38.630283,-8.910283,39.672,False,Rail south approach (Fertagus) (tidal/SLR exposure),
4086,38.63027,-8.910858,40.465,False,Rail south approach (Fertagus) (tidal/SLR exposure),
4087,38.630257,-8.911433,41.171,False,Rail south approach (Fertagus) (tidal/SLR exposure),
4088,38.630244,-8.912009,40.104,False,Rail south approach (Fertagus) (tidal/SLR exposure),
4089,38.630231,-8.912584,39.333,False,Rail south approach (Fertagus) (tidal/SLR exposure),
4090,38.630218,-8.91316,39.565,False,Rail south approach (Fertagus) (tidal/SLR exposure),
4091,38.630205,-8.913735,39.881,False,Rail south approach (Fertagus) (tidal/SLR exposure),
4092,38.630203,-8.91396,40.092,False,Rail south approach (Fertagus) (tidal/SLR exposure),
4093,38.630219,-8.913385,39.699,False,Rail south approach (Fertagus) (tidal/SLR exposure),
4094,38.630208,-8.912839,39.379,False,Rail south approach (Fertagus) (tidal/SLR exposure),
4095,38.630136,-8.913325,39.552,False,Rail south approach (Fertagus) (tidal/SLR exposure),
4096,38.630129,-8.913901,39.964,False,Rail south approach (Fertagus) (tidal/SLR exposure),
4097,38.630027,-8.91382,39.779,False,Rail south approach (Fertagus) (tidal/SLR exposure),
4098,38.629851,-8.91329,39.529,False,Rail south approach (Fertagus) (tidal/SLR exposure),
4099,38.629675,-8.912761,39.654,False,Rail south approach (Fertagus) (tidal/SLR exposure),
4100,38.629499,-8.912231,40.054,False,Rail south approach (Fertagus) (tidal/SLR exposure),
4101,38.629324,-8.911701,41.336,False,Rail south approach (Fertagus) (tidal/SLR exposure),
4102,38.629148,-8.911171,42.55,False,Rail south approach (Fertagus) (tidal/SLR exposure),
4103,38.628972,-8.910642,43.201,False,Rail south approach (Fertagus) (tidal/SLR exposure),
4104,38.628796,-8.910112,42.856,False,Rail south approach (Fertagus) (tidal/SLR exposure),
4105,38.62862,-8.909582,41.735,False,Rail south approach (Fertagus) (tidal/SLR exposure),
4106,38.628444,-8.909052,40.178,False,Rail south approach (Fertagus) (tidal/SLR exposure),
4107,38.628268,-8.908523,38.854,False,Rail south approach (Fertagus) (tidal/SLR exposure),
4108,38.628093,-8.907993,37.78,False,Rail south approach (Fertagus) (tidal/SLR exposure),
4109,38.627917,-8.907463,36.878,False,Rail south approach (Fertagus) (tidal/SLR exposure),
4110,38.627741,-8.906933,36.927,False,Rail south approach (Fertagus) (tidal/SLR exposure),
4111,38.627565,-8.906404,37.224,False,Rail south approach (Fertagus) (tidal/SLR exposure),
4112,38.627389,-8.905874,37.429,False,Rail south approach (Fertagus) (tidal/SLR exposure),
4113,38.627213,-8.905344,37.425,False,Rail south approach (Fertagus) (tidal/SLR exposure),
4114,38.627037,-8.904814,36.91,False,Rail south approach (Fertagus) (tidal/SLR exposure),
4115,38.626862,-8.904285,35.548,False,Rail south approach (Fertagus) (tidal/SLR exposure),
4116,38.626686,-8.903755,35.014,False,Rail south approach (Fertagus) (tidal/SLR exposure),
4117,38.626916,-8.903806,34.865,False,Rail south approach (Fertagus) (tidal/SLR exposure),
4118,38.627295,-8.904115,34.913,False,Rail south approach (Fertagus) (tidal/SLR exposure),
4119,38.627673,-8.904427,35.78,False,Rail south approach (Fertagus) (tidal/SLR exposure),
4120,38.62804,-8.904758,36.778,False,Rail south approach (Fertagus) (tidal/SLR exposure),
4121,38.628381,-8.905133,37.551,False,Rail south approach (Fertagus) (tidal/SLR exposure),
4122,38.628697,-8.905542,38.396,False,Rail south approach (Fertagus) (tidal/SLR exposure),
4123,38.628988,-8.90598,37.565,False,Rail south approach (Fertagus) (tidal/SLR exposure),
4124,38.629251,-8.906447,35.989,False,Rail south approach (Fertagus) (tidal/SLR exposure),
4125,38.62948,-8.906942,35.605,False,Rail south approach (Fertagus) (tidal/SLR exposure),
4126,38.62967,-8.907464,36.399,False,Rail south approach (Fertagus) (tidal/SLR exposure),
4127,38.629815,-8.908008,37.598,False,Rail south approach (Fertagus) (tidal/SLR exposure),
4128,38.629919,-8.908568,38.383,False,Rail south approach (Fertagus) (tidal/SLR exposure),
4129,38.629977,-8.909138,38.592,False,Rail south approach (Fertagus) (tidal/SLR exposure),
4130,38.629992,-8.909713,39.114,False,Rail south approach (Fertagus) (tidal/SLR exposure),
4131,38.629986,-8.910289,39.796,False,Rail south approach (Fertagus) (tidal/SLR exposure),
4132,38.630019,-8.910768,40.303,False,Rail south approach (Fertagus) (tidal/SLR exposure),
4133,38.630026,-8.910193,39.635,False,Rail south approach (Fertagus) (tidal/SLR exposure),
4134,38.630031,-8.909617,38.961,False,Rail south approach (Fertagus) (tidal/SLR exposure),
4135,38.630011,-8.909042,38.449,False,Rail south approach (Fertagus) (tidal/SLR exposure),
4136,38.629945,-8.908473,38.253,False,Rail south approach (Fertagus) (tidal/SLR exposure),
4137,38.629836,-8.907915,37.389,False,Rail south approach (Fertagus) (tidal/SLR exposure),
4138,38.629681,-8.907375,36.22,False,Rail south approach (Fertagus) (tidal/SLR exposure),
4139,38.629488,-8.906856,35.51,False,Rail south approach (Fertagus) (tidal/SLR exposure),
4140,38.629255,-8.906364,36.08,False,Rail south approach (Fertagus) (tidal/SLR exposure),
4141,38.628987,-8.905902,37.763,False,Rail south approach (Fertagus) (tidal/SLR exposure),
4142,38.628696,-8.905464,38.268,False,Rail south approach (Fertagus) (tidal/SLR exposure),
4143,38.628376,-8.905059,37.375,False,Rail south approach (Fertagus) (tidal/SLR exposure),
4144,38.628032,-8.904689,36.603,False,Rail south approach (Fertagus) (tidal/SLR exposure),
4145,38.627663,-8.904361,35.567,False,Rail south approach (Fertagus) (tidal/SLR exposure),
4146,38.627285,-8.904049,34.806,False,Rail south approach (Fertagus) (tidal/SLR exposure),
4147,38.626905,-8.903741,34.896,False,Rail south approach (Fertagus) (tidal/SLR exposure),
4148,38.626514,-8.903458,35.055,False,Rail south approach (Fertagus) (tidal/SLR exposure),
4149,38.626123,-8.903172,34.646,False,Rail south approach (Fertagus) (tidal/SLR exposure),
4150,38.625733,-8.902887,34.533,False,Rail south approach (Fertagus) (tidal/SLR exposure),
4151,38.625342,-8.902602,35.124,False,Rail south approach (Fertagus) (tidal/SLR exposure),
4152,38.624952,-8.902317,35.721,False,Rail south approach (Fertagus) (tidal/SLR exposure),
4153,38.624561,-8.902031,35.566,False,Rail south approach (Fertagus) (tidal/SLR exposure),
4154,38.62417,-8.901746,35.161,False,Rail south approach (Fertagus) (tidal/SLR exposure),
4155,38.62378,-8.901461,35.348,False,Rail south approach (Fertagus) (tidal/SLR exposure),
4156,38.623389,-8.901176,35.554,False,Rail south approach (Fertagus) (tidal/SLR exposure),
4157,38.622999,-8.900891,35.236,False,Rail south approach (Fertagus) (tidal/SLR exposure),
4158,38.622608,-8.900605,35.055,False,Rail south approach (Fertagus) (tidal/SLR exposure),
4159,38.622218,-8.90032,35.903,False,Rail south approach (Fertagus) (tidal/SLR exposure),
4160,38.621827,-8.900035,36.967,False,Rail south approach (Fertagus) (tidal/SLR exposure),
4161,38.621437,-8.89975,37.511,False,Rail south approach (Fertagus) (tidal/SLR exposure),
4162,38.621046,-8.899464,37.811,False,Rail south approach (Fertagus) (tidal/SLR exposure),
4163,38.620656,-8.899179,38.014,False,Rail south approach (Fertagus) (tidal/SLR exposure),
4164,38.620265,-8.898894,38.122,False,Rail south approach (Fertagus) (tidal/SLR exposure),
4165,38.619874,-8.898609,38.188,False,Rail south approach (Fertagus) (tidal/SLR exposure),
4166,38.619484,-8.898324,38.192,False,Rail south approach (Fertagus) (tidal/SLR exposure),
4167,38.619093,-8.898038,37.927,False,Rail south approach (Fertagus) (tidal/SLR exposure),
4168,38.618703,-8.897753,37.834,False,Rail south approach (Fertagus) (tidal/SLR exposure),
4169,38.618312,-8.897468,38.567,False,Rail south approach (Fertagus) (tidal/SLR exposure),
4170,38.617922,-8.897183,39.416,False,Rail south approach (Fertagus) (tidal/SLR exposure),
4171,38.617531,-8.896897,40.07,False,Rail south approach (Fertagus) (tidal/SLR exposure),
4172,38.617141,-8.896612,40.266,False,Rail south approach (Fertagus) (tidal/SLR exposure),
4173,38.61675,-8.896327,39.392,False,Rail south approach (Fertagus) (tidal/SLR exposure),
4174,38.61636,-8.896042,39.018,False,Rail south approach (Fertagus) (tidal/SLR exposure),
4175,38.615969,-8.895756,39.173,False,Rail south approach (Fertagus) (tidal/SLR exposure),
4176,38.615578,-8.895471,39.071,False,Rail south approach (Fertagus) (tidal/SLR exposure),
4177,38.615188,-8.895186,39.127,False,Rail south approach (Fertagus) (tidal/SLR exposure),
4178,38.614797,-8.894901,39.198,False,Rail south approach (Fertagus) (tidal/SLR exposure),
4179,38.614407,-8.894616,38.896,False,Rail south approach (Fertagus) (tidal/SLR exposure),
4180,38.614016,-8.89433,39.097,False,Rail south approach (Fertagus) (tidal/SLR exposure),
4181,38.613626,-8.894045,40.065,False,Rail south approach (Fertagus) (tidal/SLR exposure),
4182,38.613235,-8.89376,41.218,False,Rail south approach (Fertagus) (tidal/SLR exposure),
4183,38.612845,-8.893475,41.915,False,Rail south approach (Fertagus) (tidal/SLR exposure),
4184,38.612454,-8.893189,41.963,False,Rail south approach (Fertagus) (tidal/SLR exposure),
4185,38.612063,-8.892904,41.605,False,Rail south approach (Fertagus) (tidal/SLR exposure),
4186,38.611673,-8.892619,40.981,False,Rail south approach (Fertagus) (tidal/SLR exposure),
4187,38.611282,-8.892334,40.606,False,Rail south approach (Fertagus) (tidal/SLR exposure),
4188,38.610892,-8.892049,40.83,False,Rail south approach (Fertagus) (tidal/SLR exposure),
4189,38.610501,-8.891763,41.632,False,Rail south approach (Fertagus) (tidal/SLR exposure),
4190,38.610111,-8.891478,42.501,False,Rail south approach (Fertagus) (tidal/SLR exposure),
4191,38.60972,-8.891193,42.778,False,Rail south approach (Fertagus) (tidal/SLR exposure),
4192,38.60933,-8.890908,42.851,False,Rail south approach (Fertagus) (tidal/SLR exposure),
4193,38.608939,-8.890622,43.343,False,Rail south approach (Fertagus) (tidal/SLR exposure),
4194,38.608549,-8.890337,44.012,False,Rail south approach (Fertagus) (tidal/SLR exposure),
4195,38.608158,-8.890052,44.338,False,Rail south approach (Fertagus) (tidal/SLR exposure),
4196,38.607767,-8.889767,44.354,False,Rail south approach (Fertagus) (tidal/SLR exposure),
4197,38.607377,-8.889482,44.27,False,Rail south approach (Fertagus) (tidal/SLR exposure),
4198,38.606986,-8.889196,44.229,False,Rail south approach (Fertagus) (tidal/SLR exposure),
4199,38.606596,-8.888911,44.804,False,Rail south approach (Fertagus) (tidal/SLR exposure),
4200,38.60625,-8.888658,45.802,False,Rail south approach (Fertagus) (tidal/SLR exposure),
4201,38.606641,-8.888941,44.706,False,Rail south approach (Fertagus) (tidal/SLR exposure),
4202,38.607033,-8.889224,44.211,False,Rail south approach (Fertagus) (tidal/SLR exposure),
4203,38.607104,-8.889221,44.114,False,Rail south approach (Fertagus) (tidal/SLR exposure),
4204,38.606714,-8.888936,44.596,False,Rail south approach (Fertagus) (tidal/SLR exposure),
4205,38.606323,-8.888651,45.727,False,Rail south approach (Fertagus) (tidal/SLR exposure),
4206,38.605927,-8.888378,46.701,False,Rail south approach (Fertagus) (tidal/SLR exposure),
4207,38.605531,-8.888107,46.973,False,Rail south approach (Fertagus) (tidal/SLR exposure),
4208,38.605445,-8.888058,47.009,False,Rail south approach (Fertagus) (tidal/SLR exposure),
4209,38.605833,-8.888348,46.781,False,Rail south approach (Fertagus) (tidal/SLR exposure),
4210,38.606222,-8.888638,45.893,False,Rail south approach (Fertagus) (tidal/SLR exposure),
4211,38.605899,-8.888338,46.766,False,Rail south approach (Fertagus) (tidal/SLR exposure),
4212,38.60551,-8.888049,46.968,False,Rail south approach (Fertagus) (tidal/SLR exposure),
4213,38.605461,-8.888103,47.012,False,Rail south approach (Fertagus) (tidal/SLR exposure),
4214,38.605771,-8.88852,46.637,False,Rail south approach (Fertagus) (tidal/SLR exposure),
4215,38.60608,-8.888937,45.575,False,Rail south approach (Fertagus) (tidal/SLR exposure),
4216,38.60639,-8.889354,45.504,False,Rail south approach (Fertagus) (tidal/SLR exposure),
4217,38.6067,-8.889771,46.207,False,Rail south approach (Fertagus) (tidal/SLR exposure),
4218,38.60701,-8.890188,46.18,False,Rail south approach (Fertagus) (tidal/SLR exposure),
4219,38.60732,-8.890605,46.156,False,Rail south approach (Fertagus) (tidal/SLR exposure),
4220,38.60763,-8.891022,46.55,False,Rail south approach (Fertagus) (tidal/SLR exposure),
4221,38.60794,-8.891439,46.616,False,Rail south approach (Fertagus) (tidal/SLR exposure),
4222,38.608249,-8.891856,46.26,False,Rail south approach (Fertagus) (tidal/SLR exposure),
4223,38.608559,-8.892274,45.702,False,Rail south approach (Fertagus) (tidal/SLR exposure),
4224,38.608869,-8.892691,45.095,False,Rail south approach (Fertagus) (tidal/SLR exposure),
4225,38.609179,-8.893108,44.579,False,Rail south approach (Fertagus) (tidal/SLR exposure),
4226,38.609489,-8.893525,43.617,False,Rail south approach (Fertagus) (tidal/SLR exposure),
4227,38.609799,-8.893942,42.75,False,Rail south approach (Fertagus) (tidal/SLR exposure),
4228,38.610108,-8.894359,43.254,False,Rail south approach (Fertagus) (tidal/SLR exposure),
4229,38.610418,-8.894776,44.378,False,Rail south approach (Fertagus) (tidal/SLR exposure),
4230,38.610728,-8.895193,44.455,False,Rail south approach (Fertagus) (tidal/SLR exposure),
4231,38.611038,-8.89561,44.391,False,Rail south approach (Fertagus) (tidal/SLR exposure),
4232,38.611348,-8.896027,45.673,False,Rail south approach (Fertagus) (tidal/SLR exposure),
4233,38.611658,-8.896444,47.138,False,Rail south approach (Fertagus) (tidal/SLR exposure),
4234,38.611967,-8.896861,47.636,False,Rail south approach (Fertagus) (tidal/SLR exposure),
4235,38.612277,-8.897278,47.089,False,Rail south approach (Fertagus) (tidal/SLR exposure),
4236,38.612587,-8.897696,45.993,False,Rail south approach (Fertagus) (tidal/SLR exposure),
4237,38.612897,-8.898113,45.649,False,Rail south approach (Fertagus) (tidal/SLR exposure),
4238,38.613207,-8.89853,46.727,False,Rail south approach (Fertagus) (tidal/SLR exposure),
4239,38.613517,-8.898947,48.164,False,Rail south approach (Fertagus) (tidal/SLR exposure),
4240,38.613827,-8.899364,49.893,False,Rail south approach (Fertagus) (tidal/SLR exposure),
4241,38.614136,-8.899781,51.333,False,Rail south approach (Fertagus) (tidal/SLR exposure),
4242,38.614446,-8.900198,51.582,False,Rail south approach (Fertagus) (tidal/SLR exposure),
4243,38.614756,-8.900615,51.59,False,Rail south approach (Fertagus) (tidal/SLR exposure),
4244,38.615066,-8.901032,50.467,False,Rail south approach (Fertagus) (tidal/SLR exposure),
4245,38.615376,-8.901449,48.345,False,Rail south approach (Fertagus) (tidal/SLR exposure),
4246,38.615686,-8.901866,46.079,False,Rail south approach (Fertagus) (tidal/SLR exposure),
4247,38.615995,-8.902283,45.122,False,Rail south approach (Fertagus) (tidal/SLR exposure),
4248,38.616305,-8.9027,44.734,False,Rail south approach (Fertagus) (tidal/SLR exposure),
4249,38.616615,-8.903118,44.54,False,Rail south approach (Fertagus) (tidal/SLR exposure),
4250,38.616925,-8.903535,44.932,False,Rail south approach (Fertagus) (tidal/SLR exposure),
4251,38.617235,-8.903952,45.592,False,Rail south approach (Fertagus) (tidal/SLR exposure),
4252,38.617545,-8.904369,44.87,False,Rail south approach (Fertagus) (tidal/SLR exposure),
4253,38.617854,-8.904786,43.383,False,Rail south approach (Fertagus) (tidal/SLR exposure),
4254,38.618164,-8.905203,42.433,False,Rail south approach (Fertagus) (tidal/SLR exposure),
4255,38.618474,-8.90562,41.425,False,Rail south approach (Fertagus) (tidal/SLR exposure),
4256,38.618784,-8.906037,39.779,False,Rail south approach (Fertagus) (tidal/SLR exposure),
4257,38.619094,-8.906454,37.994,False,Rail south approach (Fertagus) (tidal/SLR exposure),
4258,38.619404,-8.906871,38.007,False,Rail south approach (Fertagus) (tidal/SLR exposure),
4259,38.619713,-8.907288,38.866,False,Rail south approach (Fertagus) (tidal/SLR exposure),
4260,38.620023,-8.907705,39.272,False,Rail south approach (Fertagus) (tidal/SLR exposure),
4261,38.620333,-8.908122,39.335,False,Rail south approach (Fertagus) (tidal/SLR exposure),
4262,38.620643,-8.90854,39.956,False,Rail south approach (Fertagus) (tidal/SLR exposure),
4263,38.620953,-8.908957,40.995,False,Rail south approach (Fertagus) (tidal/SLR exposure),
4264,38.621263,-8.909374,41.685,False,Rail south approach (Fertagus) (tidal/SLR exposure),
4265,38.621573,-8.909791,42.04,False,Rail south approach (Fertagus) (tidal/SLR exposure),
4266,38.621882,-8.910208,42.896,False,Rail south approach (Fertagus) (tidal/SLR exposure),
4267,38.622192,-8.910625,44.47,False,Rail south approach (Fertagus) (tidal/SLR exposure),
4268,38.622502,-8.911042,46.286,False,Rail south approach (Fertagus) (tidal/SLR exposure),
4269,38.622812,-8.911459,48.407,False,Rail south approach (Fertagus) (tidal/SLR exposure),
4270,38.623122,-8.911876,50.358,False,Rail south approach (Fertagus) (tidal/SLR exposure),
4271,38.623432,-8.912293,51.556,False,Rail south approach (Fertagus) (tidal/SLR exposure),
4272,38.623741,-8.91271,50.951,False,Rail south approach (Fertagus) (tidal/SLR exposure),
4273,38.624051,-8.913127,50.629,False,Rail south approach (Fertagus) (tidal/SLR exposure),
4274,38.624361,-8.913544,51.275,False,Rail south approach (Fertagus) (tidal/SLR exposure),
4275,38.624671,-8.913961,51.928,False,Rail south approach (Fertagus) (tidal/SLR exposure),
4276,38.624981,-8.914379,50.599,False,Rail south approach (Fertagus) (tidal/SLR exposure),
4277,38.625291,-8.914796,49.422,False,Rail south approach (Fertagus) (tidal/SLR exposure),
4278,38.6256,-8.915213,48.981,False,Rail south approach (Fertagus) (tidal/SLR exposure),
4279,38.62591,-8.91563,48.529,False,Rail south approach (Fertagus) (tidal/SLR exposure),
4280,38.62622,-8.916047,47.532,False,Rail south approach (Fertagus) (tidal/SLR exposure),
4281,38.62653,-8.916464,47.653,False,Rail south approach (Fertagus) (tidal/SLR exposure),
4282,38.62684,-8.916881,45.541,False,Rail south approach (Fertagus) (tidal/SLR exposure),
4283,38.62715,-8.917298,40.837,False,Rail south approach (Fertagus) (tidal/SLR exposure),
4284,38.62746,-8.917715,39.255,False,Rail south approach (Fertagus) (tidal/SLR exposure),
4285,38.627769,-8.918132,39.362,False,Rail south approach (Fertagus) (tidal/SLR exposure),
4286,38.628079,-8.918549,39.253,False,Rail south approach (Fertagus) (tidal/SLR exposure),
4287,38.628389,-8.918966,38.874,False,Rail south approach (Fertagus) (tidal/SLR exposure),
4288,38.628699,-8.919383,38.868,False,Rail south approach (Fertagus) (tidal/SLR exposure),
4289,38.629009,-8.919801,38.358,False,Rail south approach (Fertagus) (tidal/SLR exposure),
4290,38.629319,-8.920218,37.897,False,Rail south approach (Fertagus) (tidal/SLR exposure),
4291,38.629628,-8.920635,37.845,False,Rail south approach (Fertagus) (tidal/SLR exposure),
4292,38.629938,-8.921052,37.595,False,Rail south approach (Fertagus) (tidal/SLR exposure),
4293,38.630045,-8.921578,37.046,False,Rail south approach (Fertagus) (tidal/SLR exposure),
4294,38.630061,-8.922153,36.306,False,Rail south approach (Fertagus) (tidal/SLR exposure),
4295,38.630092,-8.922728,36.389,False,Rail south approach (Fertagus) (tidal/SLR exposure),
4296,38.630139,-8.9233,36.425,False,Rail south approach (Fertagus) (tidal/SLR exposure),
4297,38.630209,-8.923868,35.155,False,Rail south approach (Fertagus) (tidal/SLR exposure),
4298,38.6303,-8.924432,34.181,False,Rail south approach (Fertagus) (tidal/SLR exposure),
4299,38.630408,-8.924991,33.46,False,Rail south approach (Fertagus) (tidal/SLR exposure),
4300,38.630538,-8.925542,32.927,False,Rail south approach (Fertagus) (tidal/SLR exposure),
4301,38.630668,-8.926093,33.396,False,Rail south approach (Fertagus) (tidal/SLR exposure),
4302,38.6308,-8.926643,34.314,False,Rail south approach (Fertagus) (tidal/SLR exposure),
4303,38.630937,-8.927191,34.526,False,Rail south approach (Fertagus) (tidal/SLR exposure),
4304,38.631074,-8.92774,34.044,False,Rail south approach (Fertagus) (tidal/SLR exposure),
4305,38.631211,-8.928288,33.297,False,Rail south approach (Fertagus) (tidal/SLR exposure),
4306,38.631345,-8.928837,32.609,False,Rail south approach (Fertagus) (tidal/SLR exposure),
4307,38.631478,-8.929387,31.842,False,Rail south approach (Fertagus) (tidal/SLR exposure),
4308,38.631612,-8.929937,31.047,False,Rail south approach (Fertagus) (tidal/SLR exposure),
4309,38.631746,-8.930486,30.792,False,Rail south approach (Fertagus) (tidal/SLR exposure),
4310,38.63188,-8.931036,30.122,False,Rail south approach (Fertagus) (tidal/SLR exposure),
4311,38.632014,-8.931585,29.537,False,Rail south approach (Fertagus) (tidal/SLR exposure),
4312,38.632154,-8.932132,30.355,False,Rail south approach (Fertagus) (tidal/SLR exposure),
4313,38.632297,-8.932678,31.048,False,Rail south approach (Fertagus) (tidal/SLR exposure),
4314,38.632436,-8.933225,31.465,False,Rail south approach (Fertagus) (tidal/SLR exposure),
4315,38.632571,-8.933774,29.392,False,Rail south approach (Fertagus) (tidal/SLR exposure),
4316,38.632706,-8.934323,27.731,False,Rail south approach (Fertagus) (tidal/SLR exposure),
4317,38.632842,-8.934872,26.676,False,Rail south approach (Fertagus) (tidal/SLR exposure),
4318,38.632977,-8.935421,26.074,False,Rail south approach (Fertagus) (tidal/SLR exposure),
4319,38.633113,-8.93597,25.976,False,Rail south approach (Fertagus) (tidal/SLR exposure),
4320,38.633248,-8.936519,25.785,False,Rail south approach (Fertagus) (tidal/SLR exposure),
4321,38.633384,-8.937068,25.298,False,Rail south approach (Fertagus) (tidal/SLR exposure),
4322,38.633519,-8.937617,25.514,False,Rail south approach (Fertagus) (tidal/SLR exposure),
4323,38.633655,-8.938165,26.297,False,Rail south approach (Fertagus) (tidal/SLR exposure),
4324,38.633791,-8.938714,27.304,False,Rail south approach (Fertagus) (tidal/SLR exposure),
4325,38.633927,-8.939263,27.649,False,Rail south approach (Fertagus) (tidal/SLR exposure),
4326,38.634063,-8.939811,27.044,False,Rail south approach (Fertagus) (tidal/SLR exposure),
4327,38.634199,-8.94036,25.399,False,Rail south approach (Fertagus) (tidal/SLR exposure),
4328,38.634335,-8.940909,23.251,False,Rail south approach (Fertagus) (tidal/SLR exposure),
4329,38.634471,-8.941457,21.919,False,Rail south approach (Fertagus) (tidal/SLR exposure),
4330,38.634607,-8.942006,22.056,False,Rail south approach (Fertagus) (tidal/SLR exposure),
4331,38.634743,-8.942555,22.719,False,Rail south approach (Fertagus) (tidal/SLR exposure),
4332,38.634882,-8.943102,21.831,False,Rail south approach (Fertagus) (tidal/SLR exposure),
4333,38.635021,-8.94365,20.276,False,Rail south approach (Fertagus) (tidal/SLR exposure),
4334,38.635158,-8.944198,18.671,False,Rail south approach (Fertagus) (tidal/SLR exposure),
4335,38.635294,-8.944746,18.509,False,Rail south approach (Fertagus) (tidal/SLR exposure),
4336,38.63543,-8.945295,21.362,False,Rail south approach (Fertagus) (tidal/SLR exposure),
4337,38.635566,-8.945844,21.791,False,Rail south approach (Fertagus) (tidal/SLR exposure),
4338,38.635702,-8.946393,22.228,False,Rail south approach (Fertagus) (tidal/SLR exposure),
4339,38.635838,-8.946941,22.238,False,Rail south approach (Fertagus) (tidal/SLR exposure),
4340,38.635974,-8.94749,21.759,False,Rail south approach (Fertagus) (tidal/SLR exposure),
4341,38.636109,-8.948039,21.317,False,Rail south approach (Fertagus) (tidal/SLR exposure),
4342,38.636245,-8.948588,21.199,False,Rail south approach (Fertagus) (tidal/SLR exposure),
4343,38.636381,-8.949137,21.309,False,Rail south approach (Fertagus) (tidal/SLR exposure),
4344,38.636516,-8.949685,21.709,False,Rail south approach (Fertagus) (tidal/SLR exposure),
4345,38.636652,-8.950234,22.847,False,Rail south approach (Fertagus) (tidal/SLR exposure),
4346,38.636788,-8.950783,24.551,False,Rail south approach (Fertagus) (tidal/SLR exposure),
4347,38.636924,-8.951332,23.985,False,Rail south approach (Fertagus) (tidal/SLR exposure),
4348,38.63706,-8.95188,23.28,False,Rail south approach (Fertagus) (tidal/SLR exposure),
4349,38.637196,-8.952429,23.324,False,Rail south approach (Fertagus) (tidal/SLR exposure),
4350,38.637332,-8.952978,23.782,False,Rail south approach (Fertagus) (tidal/SLR exposure),
4351,38.637467,-8.953527,23.107,False,Rail south approach (Fertagus) (tidal/SLR exposure),
4352,38.637603,-8.954076,22.334,False,Rail south approach (Fertagus) (tidal/SLR exposure),
4353,38.637738,-8.954625,23.949,False,Rail south approach (Fertagus) (tidal/SLR exposure),
4354,38.637874,-8.955173,25.739,False,Rail south approach (Fertagus) (tidal/SLR exposure),
4355,38.638011,-8.955722,26.649,False,Rail south approach (Fertagus) (tidal/SLR exposure),
4356,38.63815,-8.956263,27.035,False,Rail south approach (Fertagus) (tidal/SLR exposure),
4357,38.638051,-8.955739,26.598,False,Rail south approach (Fertagus) (tidal/SLR exposure),
4358,38.637915,-8.95519,25.742,False,Rail south approach (Fertagus) (tidal/SLR exposure),
4359,38.637779,-8.954642,24.008,False,Rail south approach (Fertagus) (tidal/SLR exposure),
4360,38.637643,-8.954093,22.268,False,Rail south approach (Fertagus) (tidal/SLR exposure),
4361,38.637507,-8.953544,22.975,False,Rail south approach (Fertagus) (tidal/SLR exposure),
4362,38.637372,-8.952995,23.715,False,Rail south approach (Fertagus) (tidal/SLR exposure),
4363,38.637237,-8.952446,23.31,False,Rail south approach (Fertagus) (tidal/SLR exposure),
4364,38.637101,-8.951898,23.202,False,Rail south approach (Fertagus) (tidal/SLR exposure),
4365,38.636965,-8.951349,23.866,False,Rail south approach (Fertagus) (tidal/SLR exposure),
4366,38.636829,-8.9508,24.433,False,Rail south approach (Fertagus) (tidal/SLR exposure),
4367,38.636693,-8.950251,22.828,False,Rail south approach (Fertagus) (tidal/SLR exposure),
4368,38.636557,-8.949703,21.635,False,Rail south approach (Fertagus) (tidal/SLR exposure),
4369,38.636421,-8.949154,21.283,False,Rail south approach (Fertagus) (tidal/SLR exposure),
4370,38.636285,-8.948605,21.191,False,Rail south approach (Fertagus) (tidal/SLR exposure),
4371,38.636149,-8.948056,21.299,False,Rail south approach (Fertagus) (tidal/SLR exposure),
4372,38.636013,-8.947508,21.71,False,Rail south approach (Fertagus) (tidal/SLR exposure),
4373,38.635877,-8.946959,22.217,False,Rail south approach (Fertagus) (tidal/SLR exposure),
4374,38.635741,-8.94641,22.231,False,Rail south approach (Fertagus) (tidal/SLR exposure),
4375,38.635606,-8.945861,21.766,False,Rail south approach (Fertagus) (tidal/SLR exposure),
4376,38.63547,-8.945313,21.314,False,Rail south approach (Fertagus) (tidal/SLR exposure),
4377,38.635335,-8.944764,18.799,False,Rail south approach (Fertagus) (tidal/SLR exposure),
4378,38.635199,-8.944215,18.465,False,Rail south approach (Fertagus) (tidal/SLR exposure),
4379,38.635063,-8.943666,20.073,False,Rail south approach (Fertagus) (tidal/SLR exposure),
4380,38.634926,-8.943118,21.64,False,Rail south approach (Fertagus) (tidal/SLR exposure),
4381,38.63479,-8.942569,22.818,False,Rail south approach (Fertagus) (tidal/SLR exposure),
4382,38.634654,-8.942021,22.322,False,Rail south approach (Fertagus) (tidal/SLR exposure),
4383,38.634518,-8.941472,22.048,False,Rail south approach (Fertagus) (tidal/SLR exposure),
4384,38.634382,-8.940923,23.31,False,Rail south approach (Fertagus) (tidal/SLR exposure),
4385,38.634246,-8.940374,25.45,False,Rail south approach (Fertagus) (tidal/SLR exposure),
4386,38.63411,-8.939826,27.056,False,Rail south approach (Fertagus) (tidal/SLR exposure),
4387,38.633973,-8.939278,27.593,False,Rail south approach (Fertagus) (tidal/SLR exposure),
4388,38.633836,-8.938729,27.234,False,Rail south approach (Fertagus) (tidal/SLR exposure),
4389,38.633698,-8.938181,26.226,False,Rail south approach (Fertagus) (tidal/SLR exposure),
4390,38.633561,-8.937633,25.451,False,Rail south approach (Fertagus) (tidal/SLR exposure),
4391,38.633424,-8.937085,25.19,False,Rail south approach (Fertagus) (tidal/SLR exposure),
4392,38.633287,-8.936537,25.687,False,Rail south approach (Fertagus) (tidal/SLR exposure),
4393,38.633149,-8.935989,25.947,False,Rail south approach (Fertagus) (tidal/SLR exposure),
4394,38.633015,-8.935439,26.062,False,Rail south approach (Fertagus) (tidal/SLR exposure),
4395,38.63288,-8.93489,26.62,False,Rail south approach (Fertagus) (tidal/SLR exposure),
4396,38.632746,-8.934341,27.677,False,Rail south approach (Fertagus) (tidal/SLR exposure),
4397,38.632612,-8.933791,29.309,False,Rail south approach (Fertagus) (tidal/SLR exposure),
4398,38.632477,-8.933242,31.407,False,Rail south approach (Fertagus) (tidal/SLR exposure),
4399,38.632342,-8.932693,31.044,False,Rail south approach (Fertagus) (tidal/SLR exposure),
4400,38.632207,-8.932144,30.3,False,Rail south approach (Fertagus) (tidal/SLR exposure),
4401,38.632074,-8.931594,29.511,False,Rail south approach (Fertagus) (tidal/SLR exposure),
4402,38.631938,-8.931046,30.064,False,Rail south approach (Fertagus) (tidal/SLR exposure),
4403,38.6318,-8.930498,30.718,False,Rail south approach (Fertagus) (tidal/SLR exposure),
4404,38.631663,-8.92995,30.933,False,Rail south approach (Fertagus) (tidal/SLR exposure),
4405,38.631526,-8.929401,31.71,False,Rail south approach (Fertagus) (tidal/SLR exposure),
4406,38.631389,-8.928853,32.489,False,Rail south approach (Fertagus) (tidal/SLR exposure),
4407,38.631253,-8.928304,33.166,False,Rail south approach (Fertagus) (tidal/SLR exposure),
4408,38.631116,-8.927756,33.915,False,Rail south approach (Fertagus) (tidal/SLR exposure),
4409,38.630982,-8.927207,34.469,False,Rail south approach (Fertagus) (tidal/SLR exposure),
4410,38.630848,-8.926657,34.363,False,Rail south approach (Fertagus) (tidal/SLR exposure),
4411,38.630716,-8.926107,33.462,False,Rail south approach (Fertagus) (tidal/SLR exposure),
4412,38.630587,-8.925555,32.902,False,Rail south approach (Fertagus) (tidal/SLR exposure),
4413,38.63046,-8.925003,33.428,False,Rail south approach (Fertagus) (tidal/SLR exposure),
4414,38.630349,-8.924446,34.168,False,Rail south approach (Fertagus) (tidal/SLR exposure),
4415,38.630258,-8.923882,35.183,False,Rail south approach (Fertagus) (tidal/SLR exposure),
4416,38.630199,-8.923312,36.501,False,Rail south approach (Fertagus) (tidal/SLR exposure),
4417,38.630154,-8.922739,36.566,False,Rail south approach (Fertagus) (tidal/SLR exposure),
4418,38.630133,-8.922164,36.458,False,Rail south approach (Fertagus) (tidal/SLR exposure),
4419,38.630194,-8.92218,36.576,False,Rail south approach (Fertagus) (tidal/SLR exposure),
4420,38.630322,-8.922732,37.065,False,Rail south approach (Fertagus) (tidal/SLR exposure),
4421,38.630451,-8.923283,37.103,False,Rail south approach (Fertagus) (tidal/SLR exposure),
4422,38.63058,-8.923835,35.708,False,Rail south approach (Fertagus) (tidal/SLR exposure),
4423,38.630708,-8.924386,34.544,False,Rail south approach (Fertagus) (tidal/SLR exposure),
4424,38.630837,-8.924938,33.727,False,Rail south approach (Fertagus) (tidal/SLR exposure),
4425,38.630966,-8.92549,33.473,False,Rail south approach (Fertagus) (tidal/SLR exposure),
4426,38.631094,-8.926041,34.034,False,Rail south approach (Fertagus) (tidal/SLR exposure),
4427,38.631223,-8.926593,34.623,False,Rail south approach (Fertagus) (tidal/SLR exposure),
4428,38.631352,-8.927144,33.997,False,Rail south approach (Fertagus) (tidal/SLR exposure),
4429,38.63148,-8.927696,33.094,False,Rail south approach (Fertagus) (tidal/SLR exposure),
4430,38.631609,-8.928247,32.289,False,Rail south approach (Fertagus) (tidal/SLR exposure),
4431,38.631738,-8.928799,31.646,False,Rail south approach (Fertagus) (tidal/SLR exposure),
4432,38.631866,-8.92935,30.832,False,Rail south approach (Fertagus) (tidal/SLR exposure),
4433,38.631995,-8.929902,30.187,False,Rail south approach (Fertagus) (tidal/SLR exposure),
4434,38.632124,-8.930454,30.239,False,Rail south approach (Fertagus) (tidal/SLR exposure),
4435,38.632253,-8.931005,29.79,False,Rail south approach (Fertagus) (tidal/SLR exposure),
4436,38.632381,-8.931557,29.196,False,Rail south approach (Fertagus) (tidal/SLR exposure),
4437,38.63251,-8.932108,29.856,False,Rail south approach (Fertagus) (tidal/SLR exposure),
4438,38.632639,-8.93266,30.812,False,Rail south approach (Fertagus) (tidal/SLR exposure),
4439,38.632767,-8.933211,31.112,False,Rail south approach (Fertagus) (tidal/SLR exposure),
4440,38.632896,-8.933763,29.285,False,Rail south approach (Fertagus) (tidal/SLR exposure),
4441,38.633025,-8.934315,27.645,False,Rail south approach (Fertagus) (tidal/SLR exposure),
4442,38.633153,-8.934866,26.466,False,Rail south approach (Fertagus) (tidal/SLR exposure),
4443,38.633282,-8.935418,25.953,False,Rail south approach (Fertagus) (tidal/SLR exposure),
4444,38.633411,-8.935969,25.509,False,Rail south approach (Fertagus) (tidal/SLR exposure),
4445,38.633539,-8.936521,24.847,False,Rail south approach (Fertagus) (tidal/SLR exposure),
4446,38.633668,-8.937072,24.533,False,Rail south approach (Fertagus) (tidal/SLR exposure),
4447,38.633797,-8.937624,24.992,False,Rail south approach (Fertagus) (tidal/SLR exposure),
4448,38.633925,-8.938176,25.887,False,Rail south approach (Fertagus) (tidal/SLR exposure),
4449,38.634054,-8.938727,27.111,False,Rail south approach (Fertagus) (tidal/SLR exposure),
4450,38.634183,-8.939279,27.746,False,Rail south approach (Fertagus) (tidal/SLR exposure),
4451,38.634311,-8.93983,27.341,False,Rail south approach (Fertagus) (tidal/SLR exposure),
4452,38.63444,-8.940382,25.849,False,Rail south approach (Fertagus) (tidal/SLR exposure),
4453,38.634569,-8.940933,23.686,False,Rail south approach (Fertagus) (tidal/SLR exposure),
4454,38.634697,-8.941485,22.622,False,Rail south approach (Fertagus) (tidal/SLR exposure),
4455,38.634826,-8.942036,23.163,False,Rail south approach (Fertagus) (tidal/SLR exposure),
4456,38.634955,-8.942588,23.077,False,Rail south approach (Fertagus) (tidal/SLR exposure),
4457,38.635084,-8.94314,20.995,False,Rail south approach (Fertagus) (tidal/SLR exposure),
4458,38.635212,-8.943691,19.438,False,Rail south approach (Fertagus) (tidal/SLR exposure),
4459,38.635341,-8.944243,18.02,False,Rail south approach (Fertagus) (tidal/SLR exposure),
4460,38.63547,-8.944794,19.404,False,Rail south approach (Fertagus) (tidal/SLR exposure),
4461,38.635598,-8.945346,21.168,False,Rail south approach (Fertagus) (tidal/SLR exposure),
4462,38.635727,-8.945897,21.781,False,Rail south approach (Fertagus) (tidal/SLR exposure),
4463,38.635856,-8.946449,22.295,False,Rail south approach (Fertagus) (tidal/SLR exposure),
4464,38.635984,-8.947001,22.157,False,Rail south approach (Fertagus) (tidal/SLR exposure),
4465,38.636113,-8.947552,21.594,False,Rail south approach (Fertagus) (tidal/SLR exposure),
4466,38.636242,-8.948104,21.246,False,Rail south approach (Fertagus) (tidal/SLR exposure),
4467,38.63637,-8.948655,21.139,False,Rail south approach (Fertagus) (tidal/SLR exposure),
4468,38.636499,-8.949207,21.224,False,Rail south approach (Fertagus) (tidal/SLR exposure),
4469,38.636628,-8.949758,21.534,False,Rail south approach (Fertagus) (tidal/SLR exposure),
4470,38.636756,-8.95031,22.919,False,Rail south approach (Fertagus) (tidal/SLR exposure),
4471,38.636885,-8.950862,24.287,False,Rail south approach (Fertagus) (tidal/SLR exposure),
4472,38.637014,-8.951413,23.693,False,Rail south approach (Fertagus) (tidal/SLR exposure),
4473,38.637142,-8.951965,23.119,False,Rail south approach (Fertagus) (tidal/SLR exposure),
4474,38.637271,-8.952516,23.36,False,Rail south approach (Fertagus) (tidal/SLR exposure),
4475,38.6374,-8.953068,23.67,False,Rail south approach (Fertagus) (tidal/SLR exposure),
4476,38.637528,-8.953619,22.782,False,Rail south approach (Fertagus) (tidal/SLR exposure),
4477,38.637657,-8.954171,22.383,False,Rail south approach (Fertagus) (tidal/SLR exposure),
4478,38.637786,-8.954722,24.316,False,Rail south approach (Fertagus) (tidal/SLR exposure),
4479,38.637915,-8.955274,25.947,False,Rail south approach (Fertagus) (tidal/SLR exposure),
4480,38.638043,-8.955826,26.74,False,Rail south approach (Fertagus) (tidal/SLR exposure),
4481,38.638173,-8.956377,27.087,False,Rail south approach (Fertagus) (tidal/SLR exposure),
4482,38.638308,-8.956926,26.808,False,Rail south approach (Fertagus) (tidal/SLR exposure),
4483,38.638444,-8.957475,26.464,False,Rail south approach (Fertagus) (tidal/SLR exposure),
4484,38.638578,-8.958024,26.686,False,Rail south approach (Fertagus) (tidal/SLR exposure),
4485,38.638709,-8.958575,26.387,False,Rail south approach (Fertagus) (tidal/SLR exposure),
4486,38.638846,-8.959123,26.421,False,Rail south approach (Fertagus) (tidal/SLR exposure),
4487,38.638984,-8.959671,27.968,False,Rail south approach (Fertagus) (tidal/SLR exposure),
4488,38.639121,-8.960219,29.296,False,Rail south approach (Fertagus) (tidal/SLR exposure),
4489,38.639255,-8.960769,29.612,False,Rail south approach (Fertagus) (tidal/SLR exposure),
4490,38.639389,-8.961318,29.683,False,Rail south approach (Fertagus) (tidal/SLR exposure),
4491,38.639521,-8.961869,30.109,False,Rail south approach (Fertagus) (tidal/SLR exposure),
4492,38.639652,-8.962419,31.136,False,Rail south approach (Fertagus) (tidal/SLR exposure),
4493,38.63978,-8.962971,31.279,False,Rail south approach (Fertagus) (tidal/SLR exposure),
4494,38.639887,-8.96353,31.207,False,Rail south approach (Fertagus) (tidal/SLR exposure),
4495,38.639971,-8.964095,30.937,False,Rail south approach (Fertagus) (tidal/SLR exposure),
4496,38.640037,-8.964665,30.555,False,Rail south approach (Fertagus) (tidal/SLR exposure),
4497,38.640079,-8.965238,30.379,False,Rail south approach (Fertagus) (tidal/SLR exposure),
4498,38.640121,-8.965811,30.313,False,Rail south approach (Fertagus) (tidal/SLR exposure),
4499,38.640141,-8.966386,30.581,False,Rail south approach (Fertagus) (tidal/SLR exposure),
4500,38.640161,-8.966961,31.087,False,Rail south approach (Fertagus) (tidal/SLR exposure),
4501,38.640181,-8.967536,31.26,False,Rail south approach (Fertagus) (tidal/SLR exposure),
4502,38.640202,-8.968111,30.515,False,Rail south approach (Fertagus) (tidal/SLR exposure),
4503,38.640222,-8.968686,29.054,False,Rail south approach (Fertagus) (tidal/SLR exposure),
4504,38.640241,-8.969262,27.561,False,Rail south approach (Fertagus) (tidal/SLR exposure),
4505,38.640259,-8.969837,26.297,False,Rail south approach (Fertagus) (tidal/SLR exposure),
4506,38.640276,-8.970412,25.218,False,Rail south approach (Fertagus) (tidal/SLR exposure),
4507,38.640296,-8.970987,24.352,False,Rail south approach (Fertagus) (tidal/SLR exposure),
4508,38.640317,-8.971562,23.472,False,Rail south approach (Fertagus) (tidal/SLR exposure),
4509,38.640337,-8.972137,21.908,False,Rail south approach (Fertagus) (tidal/SLR exposure),
4510,38.640357,-8.972713,20.797,False,Rail south approach (Fertagus) (tidal/SLR exposure),
4511,38.640377,-8.973288,20.103,False,Rail south approach (Fertagus) (tidal/SLR exposure),
4512,38.640397,-8.973863,19.436,False,Rail south approach (Fertagus) (tidal/SLR exposure),
4513,38.640428,-8.974437,19.063,False,Rail south approach (Fertagus) (tidal/SLR exposure),
4514,38.640461,-8.975011,19.031,False,Rail south approach (Fertagus) (tidal/SLR exposure),
4515,38.640499,-8.975585,19.212,False,Rail south approach (Fertagus) (tidal/SLR exposure),
4516,38.640546,-8.976157,18.821,False,Rail south approach (Fertagus) (tidal/SLR exposure),
4517,38.6406,-8.976729,19.285,False,Rail south approach (Fertagus) (tidal/SLR exposure),
4518,38.640662,-8.977299,21.006,False,Rail south approach (Fertagus) (tidal/SLR exposure),
4519,38.640731,-8.977868,20.905,False,Rail south approach (Fertagus) (tidal/SLR exposure),
4520,38.640808,-8.978435,20.708,False,Rail south approach (Fertagus) (tidal/SLR exposure),
4521,38.640891,-8.979001,21.728,False,Rail south approach (Fertagus) (tidal/SLR exposure),
4522,38.640982,-8.979565,24.051,False,Rail south approach (Fertagus) (tidal/SLR exposure),
4523,38.641079,-8.980127,26.289,False,Rail south approach (Fertagus) (tidal/SLR exposure),
4524,38.641184,-8.980687,25.893,False,Rail south approach (Fertagus) (tidal/SLR exposure),
4525,38.641297,-8.981244,23.005,False,Rail south approach (Fertagus) (tidal/SLR exposure),
4526,38.641416,-8.981799,20.666,False,Rail south approach (Fertagus) (tidal/SLR exposure),
4527,38.641542,-8.982352,18.683,False,Rail south approach (Fertagus) (tidal/SLR exposure),
4528,38.64167,-8.982903,16.99,False,Rail south approach (Fertagus) (tidal/SLR exposure),
4529,38.6418,-8.983455,16.0,False,Rail south approach (Fertagus) (tidal/SLR exposure),
4530,38.641929,-8.984006,15.442,False,Rail south approach (Fertagus) (tidal/SLR exposure),
4531,38.642059,-8.984557,15.498,False,Rail south approach (Fertagus) (tidal/SLR exposure),
4532,38.642188,-8.985109,15.681,False,Rail south approach (Fertagus) (tidal/SLR exposure),
4533,38.642317,-8.98566,14.776,False,Rail south approach (Fertagus) (tidal/SLR exposure),
4534,38.642446,-8.986212,12.45,False,Rail south approach (Fertagus) (tidal/SLR exposure),
4535,38.642575,-8.986763,10.529,False,Rail south approach (Fertagus) (tidal/SLR exposure),
4536,38.642704,-8.987315,10.228,False,Rail south approach (Fertagus) (tidal/SLR exposure),
4537,38.642834,-8.987866,9.957,False,Rail south approach (Fertagus) (tidal/SLR exposure),
4538,38.642963,-8.988418,9.944,False,Rail south approach (Fertagus) (tidal/SLR exposure),
4539,38.643091,-8.988969,9.858,False,Rail south approach (Fertagus) (tidal/SLR exposure),
4540,38.64322,-8.989521,8.176,False,Rail south approach (Fertagus) (tidal/SLR exposure),
4541,38.64335,-8.990072,6.838,False,Rail south approach (Fertagus) (tidal/SLR exposure),
4542,38.643478,-8.990624,5.779,False,Rail south approach (Fertagus) (tidal/SLR exposure),
4543,38.643608,-8.991175,4.896,False,Rail south approach (Fertagus) (tidal/SLR exposure),
4544,38.643737,-8.991726,4.277,False,Rail south approach (Fertagus) (tidal/SLR exposure),
4545,38.643866,-8.992278,3.899,False,Rail south approach (Fertagus) (tidal/SLR exposure),
4546,38.643996,-8.992829,3.944,False,Rail south approach (Fertagus) (tidal/SLR exposure),
4547,38.644126,-8.99338,4.597,False,Rail south approach (Fertagus) (tidal/SLR exposure),
4548,38.644256,-8.993931,4.712,False,Rail south approach (Fertagus) (tidal/SLR exposure),
4549,38.644384,-8.994483,7.195,False,Rail south approach (Fertagus) (tidal/SLR exposure),
4550,38.644513,-8.995035,8.638,False,Rail south approach (Fertagus) (tidal/SLR exposure),
4551,38.644642,-8.995586,8.861,False,Rail south approach (Fertagus) (tidal/SLR exposure),
4552,38.644647,-8.995443,8.931,False,Rail south approach (Fertagus) (tidal/SLR exposure),
4553,38.644517,-8.994892,8.509,False,Rail south approach (Fertagus) (tidal/SLR exposure),
4554,38.644388,-8.994341,6.563,False,Rail south approach (Fertagus) (tidal/SLR exposure),
4555,38.644259,-8.993789,4.713,False,Rail south approach (Fertagus) (tidal/SLR exposure),
4556,38.64413,-8.993237,4.406,False,Rail south approach (Fertagus) (tidal/SLR exposure),
4557,38.644001,-8.992686,3.913,False,Rail south approach (Fertagus) (tidal/SLR exposure),
4558,38.643871,-8.992135,4.015,False,Rail south approach (Fertagus) (tidal/SLR exposure),
4559,38.643742,-8.991583,4.48,False,Rail south approach (Fertagus) (tidal/SLR exposure),
4560,38.643613,-8.991032,5.152,False,Rail south approach (Fertagus) (tidal/SLR exposure),
4561,38.643484,-8.99048,6.106,False,Rail south approach (Fertagus) (tidal/SLR exposure),
4562,38.643354,-8.989929,7.188,False,Rail south approach (Fertagus) (tidal/SLR exposure),
4563,38.643224,-8.989378,8.757,False,Rail south approach (Fertagus) (tidal/SLR exposure),
4564,38.643096,-8.988826,10.109,False,Rail south approach (Fertagus) (tidal/SLR exposure),
4565,38.642967,-8.988275,9.967,False,Rail south approach (Fertagus) (tidal/SLR exposure),
4566,38.642838,-8.987723,10.029,False,Rail south approach (Fertagus) (tidal/SLR exposure),
4567,38.642709,-8.987172,10.305,False,Rail south approach (Fertagus) (tidal/SLR exposure),
4568,38.642579,-8.98662,10.81,False,Rail south approach (Fertagus) (tidal/SLR exposure),
4569,38.64245,-8.986069,13.084,False,Rail south approach (Fertagus) (tidal/SLR exposure),
4570,38.642321,-8.985517,15.144,False,Rail south approach (Fertagus) (tidal/SLR exposure),
4571,38.642192,-8.984966,15.733,False,Rail south approach (Fertagus) (tidal/SLR exposure),
4572,38.642062,-8.984415,15.358,False,Rail south approach (Fertagus) (tidal/SLR exposure),
4573,38.641933,-8.983863,15.464,False,Rail south approach (Fertagus) (tidal/SLR exposure),
4574,38.641804,-8.983312,16.083,False,Rail south approach (Fertagus) (tidal/SLR exposure),
4575,38.641675,-8.98276,17.247,False,Rail south approach (Fertagus) (tidal/SLR exposure),
4576,38.641546,-8.982209,19.06,False,Rail south approach (Fertagus) (tidal/SLR exposure),
4577,38.641422,-8.981655,21.089,False,Rail south approach (Fertagus) (tidal/SLR exposure),
4578,38.641304,-8.9811,23.552,False,Rail south approach (Fertagus) (tidal/SLR exposure),
4579,38.641193,-8.980542,26.205,False,Rail south approach (Fertagus) (tidal/SLR exposure),
4580,38.641089,-8.979982,25.844,False,Rail south approach (Fertagus) (tidal/SLR exposure),
4581,38.640993,-8.979419,23.426,False,Rail south approach (Fertagus) (tidal/SLR exposure),
4582,38.640904,-8.978855,20.993,False,Rail south approach (Fertagus) (tidal/SLR exposure),
4583,38.640823,-8.978289,20.74,False,Rail south approach (Fertagus) (tidal/SLR exposure),
4584,38.640748,-8.977721,21.055,False,Rail south approach (Fertagus) (tidal/SLR exposure),
4585,38.640681,-8.977152,20.723,False,Rail south approach (Fertagus) (tidal/SLR exposure),
4586,38.640621,-8.976582,19.098,False,Rail south approach (Fertagus) (tidal/SLR exposure),
4587,38.640565,-8.97601,19.032,False,Rail south approach (Fertagus) (tidal/SLR exposure),
4588,38.640521,-8.975438,19.303,False,Rail south approach (Fertagus) (tidal/SLR exposure),
4589,38.640483,-8.974864,19.027,False,Rail south approach (Fertagus) (tidal/SLR exposure),
4590,38.640453,-8.97429,19.141,False,Rail south approach (Fertagus) (tidal/SLR exposure),
4591,38.640427,-8.973715,19.596,False,Rail south approach (Fertagus) (tidal/SLR exposure),
4592,38.640407,-8.97314,20.28,False,Rail south approach (Fertagus) (tidal/SLR exposure),
4593,38.640387,-8.972565,21.021,False,Rail south approach (Fertagus) (tidal/SLR exposure),
4594,38.640367,-8.971989,22.32,False,Rail south approach (Fertagus) (tidal/SLR exposure),
4595,38.640347,-8.971414,23.73,False,Rail south approach (Fertagus) (tidal/SLR exposure),
4596,38.640327,-8.970839,24.597,False,Rail south approach (Fertagus) (tidal/SLR exposure),
4597,38.640307,-8.970264,25.542,False,Rail south approach (Fertagus) (tidal/SLR exposure),
4598,38.640286,-8.969689,26.679,False,Rail south approach (Fertagus) (tidal/SLR exposure),
4599,38.640266,-8.969114,27.981,False,Rail south approach (Fertagus) (tidal/SLR exposure),
4600,38.640247,-8.968539,29.558,False,Rail south approach (Fertagus) (tidal/SLR exposure),
4601,38.640229,-8.967963,30.879,False,Rail south approach (Fertagus) (tidal/SLR exposure),
4602,38.640211,-8.967388,31.389,False,Rail south approach (Fertagus) (tidal/SLR exposure),
4603,38.640189,-8.966813,30.861,False,Rail south approach (Fertagus) (tidal/SLR exposure),
4604,38.640168,-8.966238,30.377,False,Rail south approach (Fertagus) (tidal/SLR exposure),
4605,38.640142,-8.965664,30.262,False,Rail south approach (Fertagus) (tidal/SLR exposure),
4606,38.640102,-8.96509,30.346,False,Rail south approach (Fertagus) (tidal/SLR exposure),
4607,38.640062,-8.964517,30.479,False,Rail south approach (Fertagus) (tidal/SLR exposure),
4608,38.639986,-8.963949,30.907,False,Rail south approach (Fertagus) (tidal/SLR exposure),
4609,38.639893,-8.963386,31.008,False,Rail south approach (Fertagus) (tidal/SLR exposure),
4610,38.639784,-8.962828,31.113,False,Rail south approach (Fertagus) (tidal/SLR exposure),
4611,38.639654,-8.962277,30.709,False,Rail south approach (Fertagus) (tidal/SLR exposure),
4612,38.639524,-8.961726,29.9,False,Rail south approach (Fertagus) (tidal/SLR exposure),
4613,38.639392,-8.961175,29.584,False,Rail south approach (Fertagus) (tidal/SLR exposure),
4614,38.639258,-8.960626,29.526,False,Rail south approach (Fertagus) (tidal/SLR exposure),
4615,38.639124,-8.960077,29.07,False,Rail south approach (Fertagus) (tidal/SLR exposure),
4616,38.638988,-8.959528,27.484,False,Rail south approach (Fertagus) (tidal/SLR exposure),
4617,38.638852,-8.958979,26.146,False,Rail south approach (Fertagus) (tidal/SLR exposure),
4618,38.638716,-8.95843,26.349,False,Rail south approach (Fertagus) (tidal/SLR exposure),
4619,38.63858,-8.957882,26.597,False,Rail south approach (Fertagus) (tidal/SLR exposure),
4620,38.638445,-8.957333,26.456,False,Rail south approach (Fertagus) (tidal/SLR exposure),
4621,38.63831,-8.956784,26.955,False,Rail south approach (Fertagus) (tidal/SLR exposure),
4622,38.638175,-8.956234,26.99,False,Rail south approach (Fertagus) (tidal/SLR exposure),
4623,38.638045,-8.955683,26.526,False,Rail south approach (Fertagus) (tidal/SLR exposure),
4624,38.637916,-8.955132,25.565,False,Rail south approach (Fertagus) (tidal/SLR exposure),
4625,38.637787,-8.95458,23.772,False,Rail south approach (Fertagus) (tidal/SLR exposure),
4626,38.637658,-8.954029,22.123,False,Rail south approach (Fertagus) (tidal/SLR exposure),
4627,38.637529,-8.953478,23.044,False,Rail south approach (Fertagus) (tidal/SLR exposure),
4628,38.637399,-8.952926,23.618,False,Rail south approach (Fertagus) (tidal/SLR exposure),
4629,38.63727,-8.952375,23.207,False,Rail south approach (Fertagus) (tidal/SLR exposure),
4630,38.637141,-8.951824,23.142,False,Rail south approach (Fertagus) (tidal/SLR exposure),
4631,38.637012,-8.951272,23.794,False,Rail south approach (Fertagus) (tidal/SLR exposure),
4632,38.636882,-8.950721,24.091,False,Rail south approach (Fertagus) (tidal/SLR exposure),
4633,38.636753,-8.950169,22.384,False,Rail south approach (Fertagus) (tidal/SLR exposure),
4634,38.636624,-8.949618,21.374,False,Rail south approach (Fertagus) (tidal/SLR exposure),
4635,38.636495,-8.949067,21.147,False,Rail south approach (Fertagus) (tidal/SLR exposure),
4636,38.636366,-8.948515,21.143,False,Rail south approach (Fertagus) (tidal/SLR exposure),
4637,38.636236,-8.947964,21.295,False,Rail south approach (Fertagus) (tidal/SLR exposure),
4638,38.636107,-8.947413,21.708,False,Rail south approach (Fertagus) (tidal/SLR exposure),
4639,38.635978,-8.946861,22.268,False,Rail south approach (Fertagus) (tidal/SLR exposure),
4640,38.635849,-8.94631,22.226,False,Rail south approach (Fertagus) (tidal/SLR exposure),
4641,38.63572,-8.945759,21.608,False,Rail south approach (Fertagus) (tidal/SLR exposure),
4642,38.63559,-8.945207,20.98,False,Rail south approach (Fertagus) (tidal/SLR exposure),
4643,38.635461,-8.944656,18.662,False,Rail south approach (Fertagus) (tidal/SLR exposure),
4644,38.635332,-8.944105,18.488,False,Rail south approach (Fertagus) (tidal/SLR exposure),
4645,38.635203,-8.943553,19.653,False,Rail south approach (Fertagus) (tidal/SLR exposure),
4646,38.635073,-8.943002,21.438,False,Rail south approach (Fertagus) (tidal/SLR exposure),
4647,38.634944,-8.94245,23.311,False,Rail south approach (Fertagus) (tidal/SLR exposure),
4648,38.634815,-8.941899,22.985,False,Rail south approach (Fertagus) (tidal/SLR exposure),
4649,38.634686,-8.941348,22.879,False,Rail south approach (Fertagus) (tidal/SLR exposure),
4650,38.634557,-8.940796,24.262,False,Rail south approach (Fertagus) (tidal/SLR exposure),
4651,38.634427,-8.940245,26.351,False,Rail south approach (Fertagus) (tidal/SLR exposure),
4652,38.634298,-8.939694,27.596,False,Rail south approach (Fertagus) (tidal/SLR exposure),
4653,38.634169,-8.939142,27.739,False,Rail south approach (Fertagus) (tidal/SLR exposure),
4654,38.63404,-8.938591,26.849,False,Rail south approach (Fertagus) (tidal/SLR exposure),
4655,38.633911,-8.93804,25.621,False,Rail south approach (Fertagus) (tidal/SLR exposure),
4656,38.633781,-8.937488,24.801,False,Rail south approach (Fertagus) (tidal/SLR exposure),
4657,38.633652,-8.936937,24.479,False,Rail south approach (Fertagus) (tidal/SLR exposure),
4658,38.633523,-8.936385,24.959,False,Rail south approach (Fertagus) (tidal/SLR exposure),
4659,38.633394,-8.935834,25.596,False,Rail south approach (Fertagus) (tidal/SLR exposure),
4660,38.633265,-8.935283,26.024,False,Rail south approach (Fertagus) (tidal/SLR exposure),
4661,38.633135,-8.934731,26.72,False,Rail south approach (Fertagus) (tidal/SLR exposure),
4662,38.633006,-8.93418,27.978,False,Rail south approach (Fertagus) (tidal/SLR exposure),
4663,38.632877,-8.933629,29.791,False,Rail south approach (Fertagus) (tidal/SLR exposure),
4664,38.632748,-8.933077,31.225,False,Rail south approach (Fertagus) (tidal/SLR exposure),
4665,38.632618,-8.932526,30.572,False,Rail south approach (Fertagus) (tidal/SLR exposure),
4666,38.632489,-8.931975,29.626,False,Rail south approach (Fertagus) (tidal/SLR exposure),
4667,38.63236,-8.931423,29.168,False,Rail south approach (Fertagus) (tidal/SLR exposure),
4668,38.632231,-8.930872,29.981,False,Rail south approach (Fertagus) (tidal/SLR exposure),
4669,38.632102,-8.93032,30.174,False,Rail south approach (Fertagus) (tidal/SLR exposure),
4670,38.631972,-8.929769,30.247,False,Rail south approach (Fertagus) (tidal/SLR exposure),
4671,38.631843,-8.929218,31.051,False,Rail south approach (Fertagus) (tidal/SLR exposure),
4672,38.631714,-8.928666,31.804,False,Rail south approach (Fertagus) (tidal/SLR exposure),
4673,38.631585,-8.928115,32.451,False,Rail south approach (Fertagus) (tidal/SLR exposure),
4674,38.631456,-8.927564,33.28,False,Rail south approach (Fertagus) (tidal/SLR exposure),
4675,38.631326,-8.927012,34.207,False,Rail south approach (Fertagus) (tidal/SLR exposure),
4676,38.631197,-8.926461,34.618,False,Rail south approach (Fertagus) (tidal/SLR exposure),
4677,38.631068,-8.92591,33.866,False,Rail south approach (Fertagus) (tidal/SLR exposure),
4678,38.630939,-8.925358,33.489,False,Rail south approach (Fertagus) (tidal/SLR exposure),
4679,38.630809,-8.924807,33.895,False,Rail south approach (Fertagus) (tidal/SLR exposure),
4680,38.63068,-8.924255,34.784,False,Rail south approach (Fertagus) (tidal/SLR exposure),
4681,38.630551,-8.923704,36.084,False,Rail south approach (Fertagus) (tidal/SLR exposure),
4682,38.630422,-8.923153,37.246,False,Rail south approach (Fertagus) (tidal/SLR exposure),
4683,38.630293,-8.922601,36.896,False,Rail south approach (Fertagus) (tidal/SLR exposure),
4684,38.630163,-8.92205,36.63,False,Rail south approach (Fertagus) (tidal/SLR exposure),
4685,38.630114,-8.921482,37.167,False,Rail south approach (Fertagus) (tidal/SLR exposure),
4686,38.630096,-8.920907,37.683,False,Rail south approach (Fertagus) (tidal/SLR exposure),
4687,38.630077,-8.920331,38.129,False,Rail south approach (Fertagus) (tidal/SLR exposure),
4688,38.63006,-8.919756,38.619,False,Rail south approach (Fertagus) (tidal/SLR exposure),
4689,38.630049,-8.919181,39.384,False,Rail south approach (Fertagus) (tidal/SLR exposure),
4690,38.630036,-8.919358,39.167,False,Rail south approach (Fertagus) (tidal/SLR exposure),
4691,38.630022,-8.919933,38.416,False,Rail south approach (Fertagus) (tidal/SLR exposure),
4692,38.630018,-8.920509,38.014,False,Rail south approach (Fertagus) (tidal/SLR exposure),
4693,38.630031,-8.921084,37.555,False,Rail south approach (Fertagus) (tidal/SLR exposure),
4694,38.630045,-8.920701,37.89,False,Rail south approach (Fertagus) (tidal/SLR exposure),
4695,38.630058,-8.920126,38.255,False,Rail south approach (Fertagus) (tidal/SLR exposure),
4696,38.630071,-8.919551,38.887,False,Rail south approach (Fertagus) (tidal/SLR exposure),
4697,38.630084,-8.918975,39.486,False,Rail south approach (Fertagus) (tidal/SLR exposure),
4698,38.630097,-8.9184,39.441,False,Rail south approach (Fertagus) (tidal/SLR exposure),
4699,38.63011,-8.917825,39.834,False,Rail south approach (Fertagus) (tidal/SLR exposure),
4700,38.630124,-8.917249,40.455,False,Rail south approach (Fertagus) (tidal/SLR exposure),
4701,38.630137,-8.916674,40.516,False,Rail south approach (Fertagus) (tidal/SLR exposure),
4702,38.63015,-8.916099,40.684,False,Rail south approach (Fertagus) (tidal/SLR exposure),
4703,38.630163,-8.915523,41.209,False,Rail south approach (Fertagus) (tidal/SLR exposure),
4704,38.630176,-8.914948,42.104,False,Rail south approach (Fertagus) (tidal/SLR exposure),
4705,38.630189,-8.914372,41.17,False,Rail south approach (Fertagus) (tidal/SLR exposure),
4706,38.630202,-8.913797,39.94,False,Rail south approach (Fertagus) (tidal/SLR exposure),
4707,38.630216,-8.913222,39.598,False,Rail south approach (Fertagus) (tidal/SLR exposure),
4708,38.630229,-8.912646,39.339,False,Rail south approach (Fertagus) (tidal/SLR exposure),
4709,38.630242,-8.912071,39.955,False,Rail south approach (Fertagus) (tidal/SLR exposure),
4710,38.630255,-8.911496,41.145,False,Rail south approach (Fertagus) (tidal/SLR exposure),
4711,38.630268,-8.91092,40.568,False,Rail south approach (Fertagus) (tidal/SLR exposure),
4712,38.630281,-8.910345,39.747,False,Rail south approach (Fertagus) (tidal/SLR exposure),
4713,38.630291,-8.909769,38.948,False,Rail south approach (Fertagus) (tidal/SLR exposure),
4714,38.630302,-8.909194,37.89,False,Rail south approach (Fertagus) (tidal/SLR exposure),
4715,38.630316,-8.908619,37.544,False,Rail south approach (Fertagus) (tidal/SLR exposure),
4716,38.630327,-8.908043,37.298,False,Rail south approach (Fertagus) (tidal/SLR exposure),
4717,38.630342,-8.907468,36.327,False,Rail south approach (Fertagus) (tidal/SLR exposure),
4718,38.630346,-8.906892,35.036,False,Rail south approach (Fertagus) (tidal/SLR exposure),
4719,38.63035,-8.906317,34.457,False,Rail south approach (Fertagus) (tidal/SLR exposure),
4720,38.630354,-8.905741,34.979,False,Rail south approach (Fertagus) (tidal/SLR exposure),
4721,38.630351,-8.905587,34.924,False,Rail south approach (Fertagus) (tidal/SLR exposure),
4722,38.630337,-8.906162,34.621,False,Rail south approach (Fertagus) (tidal/SLR exposure),
4723,38.630322,-8.906738,34.739,False,Rail south approach (Fertagus) (tidal/SLR exposure),
4724,38.630308,-8.907313,36.014,False,Rail south approach (Fertagus) (tidal/SLR exposure),
4725,38.630293,-8.907888,37.098,False,Rail south approach (Fertagus) (tidal/SLR exposure),
4726,38.630278,-8.908464,37.638,False,Rail south approach (Fertagus) (tidal/SLR exposure),
4727,38.630263,-8.909039,37.801,False,Rail south approach (Fertagus) (tidal/SLR exposure),
4728,38.630248,-8.909614,38.705,False,Rail south approach (Fertagus) (tidal/SLR exposure),
4729,38.630233,-8.91019,39.566,False,Rail south approach (Fertagus) (tidal/SLR exposure),
4730,38.630218,-8.910765,40.282,False,Rail south approach (Fertagus) (tidal/SLR exposure),
4731,38.630204,-8.91134,41.063,False,Rail south approach (Fertagus) (tidal/SLR exposure),
4732,38.630189,-8.911915,40.272,False,Rail south approach (Fertagus) (tidal/SLR exposure),
4733,38.630174,-8.912491,39.33,False,Rail south approach (Fertagus) (tidal/SLR exposure),
4734,38.630159,-8.913066,39.468,False,Rail south approach (Fertagus) (tidal/SLR exposure),
4735,38.630144,-8.913641,39.704,False,Rail south approach (Fertagus) (tidal/SLR exposure),
4736,38.630135,-8.914217,40.702,False,Rail south approach (Fertagus) (tidal/SLR exposure),
4737,38.63013,-8.914792,42.069,False,Rail south approach (Fertagus) (tidal/SLR exposure),
4738,38.630121,-8.915367,41.518,False,Rail south approach (Fertagus) (tidal/SLR exposure),
4739,38.630112,-8.915943,40.781,False,Rail south approach (Fertagus) (tidal/SLR exposure),
4740,38.630103,-8.916518,40.544,False,Rail south approach (Fertagus) (tidal/SLR exposure),
4741,38.630094,-8.917094,40.463,False,Rail south approach (Fertagus) (tidal/SLR exposure),
4742,38.630107,-8.916543,40.537,False,Rail south approach (Fertagus) (tidal/SLR exposure),
4743,38.630122,-8.915968,40.759,False,Rail south approach (Fertagus) (tidal/SLR exposure),
4744,38.630108,-8.915392,41.478,False,Rail south approach (Fertagus) (tidal/SLR exposure),
4745,38.630092,-8.914817,42.097,False,Rail south approach (Fertagus) (tidal/SLR exposure),
4746,38.630077,-8.914242,40.773,False,Rail south approach (Fertagus) (tidal/SLR exposure),
4747,38.630062,-8.913667,39.625,False,Rail south approach (Fertagus) (tidal/SLR exposure),
4748,38.630047,-8.913091,39.453,False,Rail south approach (Fertagus) (tidal/SLR exposure),
4749,38.630032,-8.912516,39.358,False,Rail south approach (Fertagus) (tidal/SLR exposure),
4750,38.630017,-8.911941,40.11,False,Rail south approach (Fertagus) (tidal/SLR exposure),
4751,38.630001,-8.911365,40.694,False,Rail south approach (Fertagus) (tidal/SLR exposure),
4752,38.629986,-8.91079,40.333,False,Rail south approach (Fertagus) (tidal/SLR exposure),
4753,38.629978,-8.911063,40.562,False,Rail south approach (Fertagus) (tidal/SLR exposure),
4754,38.630017,-8.910603,40.125,False,Rail south approach (Fertagus) (tidal/SLR exposure),
4755,38.630062,-8.910031,39.412,False,Rail south approach (Fertagus) (tidal/SLR exposure),
4756,38.630107,-8.909458,38.662,False,Rail south approach (Fertagus) (tidal/SLR exposure),
4757,38.630151,-8.908885,38.0,False,Rail south approach (Fertagus) (tidal/SLR exposure),
4758,38.630196,-8.908312,37.734,False,Rail south approach (Fertagus) (tidal/SLR exposure),
4759,38.63024,-8.90774,36.868,False,Rail south approach (Fertagus) (tidal/SLR exposure),
4760,38.630285,-8.907167,35.697,False,Rail south approach (Fertagus) (tidal/SLR exposure),
4761,38.630323,-8.906728,34.721,False,Rail south approach (Fertagus) (tidal/SLR exposure),
