idx,lat,lon,elev_m,below_threshold,flood_zone,note
0,38.721916,-8.964618,21.222,False,"Alcochete / Samouco marshes (2010, 2026)",
1,38.722084,-8.965153,19.16,False,"Alcochete / Samouco marshes (2010, 2026)",
2,38.722252,-8.965688,17.155,False,"Alcochete / Samouco marshes (2010, 2026)",
3,38.72242,-8.966223,15.349,False,"Alcochete / Samouco marshes (2010, 2026)",
4,38.722587,-8.966757,14.92,False,"Alcochete / Samouco marshes (2010, 2026)",
5,38.722755,-8.967292,15.836,False,"Alcochete / Samouco marshes (2010, 2026)",
6,38.722922,-8.967827,15.321,False,"Alcochete / Samouco marshes (2010, 2026)",
7,38.72309,-8.968362,15.196,False,"Alcochete / Samouco marshes (2010, 2026)",
8,38.723258,-8.968897,15.886,False,"Alcochete / Samouco marshes (2010, 2026)",
9,38.723425,-8.969432,15.772,False,"Alcochete / Samouco marshes (2010, 2026)",
10,38.723595,-8.969965,15.036,False,"Alcochete / Samouco marshes (2010, 2026)",
11,38.723765,-8.970499,14.552,False,"Alcochete / Samouco marshes (2010, 2026)",
12,38.723935,-8.971032,13.868,False,"Alcochete / Samouco marshes (2010, 2026)",
13,38.724102,-8.971568,13.053,False,"Alcochete / Samouco marshes (2010, 2026)",
14,38.724264,-8.972105,13.812,False,"Alcochete / Samouco marshes (2010, 2026)",
15,38.72436,-8.972416,14.243,False,"Alcochete / Samouco marshes (2010, 2026)",
16,38.724223,-8.971867,13.379,False,"Alcochete / Samouco marshes (2010, 2026)",
17,38.724086,-8.971318,13.373,False,"Alcochete / Samouco marshes (2010, 2026)",
18,38.723949,-8.970769,14.492,False,"Alcochete / Samouco marshes (2010, 2026)",
19,38.723812,-8.97022,14.939,False,"Alcochete / Samouco marshes (2010, 2026)",
20,38.723675,-8.969671,15.494,False,"Alcochete / Samouco marshes (2010, 2026)",
21,38.723538,-8.969123,16.0,False,"Alcochete / Samouco marshes (2010, 2026)",
22,38.723401,-8.968574,15.546,False,"Alcochete / Samouco marshes (2010, 2026)",
23,38.723264,-8.968025,15.26,False,"Alcochete / Samouco marshes (2010, 2026)",
24,38.723127,-8.967476,15.797,False,"Alcochete / Samouco marshes (2010, 2026)",
25,38.72299,-8.966927,15.246,False,"Alcochete / Samouco marshes (2010, 2026)",
26,38.722853,-8.966378,14.704,False,"Alcochete / Samouco marshes (2010, 2026)",
27,38.722716,-8.965829,16.169,False,"Alcochete / Samouco marshes (2010, 2026)",
28,38.722579,-8.96528,17.966,False,"Alcochete / Samouco marshes (2010, 2026)",
29,38.722442,-8.964732,19.631,False,"Alcochete / Samouco marshes (2010, 2026)",
30,38.722305,-8.964183,20.805,False,"Alcochete / Samouco marshes (2010, 2026)",
31,38.722168,-8.963634,20.137,False,"Alcochete / Samouco marshes (2010, 2026)",
32,38.722031,-8.963085,19.325,False,"Alcochete / Samouco marshes (2010, 2026)",
33,38.721893,-8.962536,20.505,False,"Alcochete / Samouco marshes (2010, 2026)",
34,38.721756,-8.961987,22.357,False,"Alcochete / Samouco marshes (2010, 2026)",
35,38.721619,-8.961438,23.823,False,"Alcochete / Samouco marshes (2010, 2026)",
36,38.721482,-8.960889,24.162,False,"Alcochete / Samouco marshes (2010, 2026)",
37,38.721345,-8.96034,24.43,False,"Alcochete / Samouco marshes (2010, 2026)",
38,38.721208,-8.959792,24.678,False,"Alcochete / Samouco marshes (2010, 2026)",
39,38.721071,-8.959243,25.387,False,"Alcochete / Samouco marshes (2010, 2026)",
40,38.720934,-8.958694,25.796,False,"Alcochete / Samouco marshes (2010, 2026)",
41,38.720797,-8.958145,25.936,False,"Alcochete / Samouco marshes (2010, 2026)",
42,38.72066,-8.957596,27.016,False,"Alcochete / Samouco marshes (2010, 2026)",
43,38.720523,-8.957047,27.77,False,"Alcochete / Samouco marshes (2010, 2026)",
44,38.720386,-8.956498,27.341,False,"Alcochete / Samouco marshes (2010, 2026)",
45,38.720249,-8.955949,25.967,False,"Alcochete / Samouco marshes (2010, 2026)",
46,38.720112,-8.955401,25.589,False,"Alcochete / Samouco marshes (2010, 2026)",
47,38.719975,-8.954852,26.12,False,"Alcochete / Samouco marshes (2010, 2026)",
48,38.719838,-8.954303,25.64,False,"Alcochete / Samouco marshes (2010, 2026)",
49,38.719701,-8.953754,25.493,False,"Alcochete / Samouco marshes (2010, 2026)",
50,38.719564,-8.953205,26.315,False,"Alcochete / Samouco marshes (2010, 2026)",
51,38.719427,-8.952656,28.375,False,"Alcochete / Samouco marshes (2010, 2026)",
52,38.71929,-8.952107,30.218,False,"Alcochete / Samouco marshes (2010, 2026)",
53,38.719153,-8.951558,32.128,False,"Alcochete / Samouco marshes (2010, 2026)",
54,38.719016,-8.951009,34.334,False,"Alcochete / Samouco marshes (2010, 2026)",
55,38.718879,-8.950461,36.056,False,"Alcochete / Samouco marshes (2010, 2026)",
56,38.718741,-8.949912,36.777,False,"Alcochete / Samouco marshes (2010, 2026)",
57,38.718604,-8.949363,35.865,False,"Alcochete / Samouco marshes (2010, 2026)",
58,38.718467,-8.948814,36.094,False,"Alcochete / Samouco marshes (2010, 2026)",
59,38.71833,-8.948265,38.072,False,"Alcochete / Samouco marshes (2010, 2026)",
60,38.718193,-8.947716,38.986,False,"Alcochete / Samouco marshes (2010, 2026)",
61,38.718056,-8.947167,39.197,False,"Alcochete / Samouco marshes (2010, 2026)",
62,38.717919,-8.946618,39.259,False,"Alcochete / Samouco marshes (2010, 2026)",
63,38.717782,-8.94607,39.261,False,"Alcochete / Samouco marshes (2010, 2026)",
64,38.717645,-8.945521,39.734,False,"Alcochete / Samouco marshes (2010, 2026)",
65,38.717508,-8.944972,40.975,False,"Alcochete / Samouco marshes (2010, 2026)",
66,38.717371,-8.944423,41.836,False,"Alcochete / Samouco marshes (2010, 2026)",
67,38.717234,-8.943874,42.444,False,"Alcochete / Samouco marshes (2010, 2026)",
68,38.717097,-8.943325,43.092,False,"Alcochete / Samouco marshes (2010, 2026)",
69,38.71696,-8.942776,42.171,False,"Alcochete / Samouco marshes (2010, 2026)",
70,38.716823,-8.942227,40.438,False,"Alcochete / Samouco marshes (2010, 2026)",
71,38.716686,-8.941678,39.743,False,"Alcochete / Samouco marshes (2010, 2026)",
72,38.716549,-8.94113,39.327,False,"Alcochete / Samouco marshes (2010, 2026)",
73,38.716412,-8.940581,38.933,False,"Alcochete / Samouco marshes (2010, 2026)",
74,38.716275,-8.940032,39.052,False,"Alcochete / Samouco marshes (2010, 2026)",
75,38.716138,-8.939483,39.318,False,"Alcochete / Samouco marshes (2010, 2026)",
76,38.716001,-8.938934,39.888,False,"Alcochete / Samouco marshes (2010, 2026)",
77,38.715864,-8.938385,40.813,False,"Alcochete / Samouco marshes (2010, 2026)",
78,38.715727,-8.937836,41.67,False,"Alcochete / Samouco marshes (2010, 2026)",
79,38.715589,-8.937287,42.05,False,"Alcochete / Samouco marshes (2010, 2026)",
80,38.715452,-8.936738,41.102,False,"Alcochete / Samouco marshes (2010, 2026)",
81,38.715315,-8.93619,40.506,False,"Alcochete / Samouco marshes (2010, 2026)",
82,38.715178,-8.935641,40.828,False,"Alcochete / Samouco marshes (2010, 2026)",
83,38.715041,-8.935092,42.566,False,"Alcochete / Samouco marshes (2010, 2026)",
84,38.714904,-8.934543,43.697,False,"Alcochete / Samouco marshes (2010, 2026)",
85,38.714767,-8.933994,44.38,False,"Alcochete / Samouco marshes (2010, 2026)",
86,38.71463,-8.933445,45.056,False,"Alcochete / Samouco marshes (2010, 2026)",
87,38.714493,-8.932896,46.542,False,"Alcochete / Samouco marshes (2010, 2026)",
88,38.714356,-8.932347,48.042,False,"Alcochete / Samouco marshes (2010, 2026)",
89,38.714219,-8.931799,49.193,False,"Alcochete / Samouco marshes (2010, 2026)",
90,38.714082,-8.93125,50.666,False,"Alcochete / Samouco marshes (2010, 2026)",
91,38.713945,-8.930701,51.488,False,"Alcochete / Samouco marshes (2010, 2026)",
92,38.713808,-8.930152,50.567,False,"Alcochete / Samouco marshes (2010, 2026)",
93,38.713671,-8.929603,49.884,False,"Alcochete / Samouco marshes (2010, 2026)",
94,38.713534,-8.929054,49.324,False,"Alcochete / Samouco marshes (2010, 2026)",
95,38.713397,-8.928505,48.06,False,"Alcochete / Samouco marshes (2010, 2026)",
96,38.71326,-8.927956,45.83,False,"Alcochete / Samouco marshes (2010, 2026)",
97,38.713123,-8.927407,44.841,False,"Alcochete / Samouco marshes (2010, 2026)",
98,38.712986,-8.926859,43.299,False,"Alcochete / Samouco marshes (2010, 2026)",
99,38.712849,-8.92631,42.05,False,"Alcochete / Samouco marshes (2010, 2026)",
100,38.712712,-8.925761,41.746,False,"Alcochete / Samouco marshes (2010, 2026)",
101,38.712574,-8.925212,42.255,False,"Alcochete / Samouco marshes (2010, 2026)",
102,38.712437,-8.924663,43.114,False,"Alcochete / Samouco marshes (2010, 2026)",
103,38.7123,-8.924114,44.047,False,"Alcochete / Samouco marshes (2010, 2026)",
104,38.712163,-8.923565,45.184,False,"Alcochete / Samouco marshes (2010, 2026)",
105,38.712026,-8.923016,47.43,False,"Alcochete / Samouco marshes (2010, 2026)",
106,38.711889,-8.922468,48.905,False,"Alcochete / Samouco marshes (2010, 2026)",
107,38.711752,-8.921919,47.761,False,"Alcochete / Samouco marshes (2010, 2026)",
108,38.711615,-8.92137,45.217,False,"Alcochete / Samouco marshes (2010, 2026)",
109,38.711478,-8.920821,43.815,False,"Alcochete / Samouco marshes (2010, 2026)",
110,38.711341,-8.920272,43.52,False,"Alcochete / Samouco marshes (2010, 2026)",
111,38.711204,-8.919723,42.611,False,"Alcochete / Samouco marshes (2010, 2026)",
112,38.711067,-8.919174,40.342,False,"Alcochete / Samouco marshes (2010, 2026)",
113,38.71093,-8.918625,38.744,False,"Alcochete / Samouco marshes (2010, 2026)",
114,38.710793,-8.918076,37.628,False,"Alcochete / Samouco marshes (2010, 2026)",
115,38.710656,-8.917528,36.408,False,"Alcochete / Samouco marshes (2010, 2026)",
116,38.710519,-8.916979,35.502,False,"Alcochete / Samouco marshes (2010, 2026)",
117,38.710382,-8.91643,35.104,False,"Alcochete / Samouco marshes (2010, 2026)",
118,38.710245,-8.915881,34.476,False,"Alcochete / Samouco marshes (2010, 2026)",
119,38.710108,-8.915332,33.311,False,"Alcochete / Samouco marshes (2010, 2026)",
120,38.709971,-8.914783,31.497,False,"Alcochete / Samouco marshes (2010, 2026)",
121,38.709834,-8.914234,30.194,False,"Alcochete / Samouco marshes (2010, 2026)",
122,38.709697,-8.913685,28.218,False,"Alcochete / Samouco marshes (2010, 2026)",
123,38.70956,-8.913137,26.127,False,"Alcochete / Samouco marshes (2010, 2026)",
124,38.709422,-8.912588,24.707,False,"Alcochete / Samouco marshes (2010, 2026)",
125,38.709285,-8.912039,23.993,False,"Alcochete / Samouco marshes (2010, 2026)",
126,38.709148,-8.91149,23.481,False,"Alcochete / Samouco marshes (2010, 2026)",
127,38.709011,-8.910941,23.01,False,"Alcochete / Samouco marshes (2010, 2026)",
128,38.708874,-8.910392,22.533,False,"Alcochete / Samouco marshes (2010, 2026)",
129,38.708737,-8.909843,21.476,False,"Alcochete / Samouco marshes (2010, 2026)",
130,38.7086,-8.909294,19.629,False,"Alcochete / Samouco marshes (2010, 2026)",
131,38.708463,-8.908745,18.154,False,"Alcochete / Samouco marshes (2010, 2026)",
132,38.708326,-8.908197,16.272,False,"Alcochete / Samouco marshes (2010, 2026)",
133,38.708189,-8.907648,15.51,False,"Alcochete / Samouco marshes (2010, 2026)",
134,38.708052,-8.907099,17.038,False,"Alcochete / Samouco marshes (2010, 2026)",
135,38.707882,-8.906596,18.845,False,"Alcochete / Samouco marshes (2010, 2026)",
136,38.707445,-8.90646,19.775,False,"Alcochete / Samouco marshes (2010, 2026)",
137,38.707007,-8.906331,20.152,False,"Alcochete / Samouco marshes (2010, 2026)",
138,38.706568,-8.906202,19.978,False,"Alcochete / Samouco marshes (2010, 2026)",
139,38.70613,-8.906072,19.845,False,"Alcochete / Samouco marshes (2010, 2026)",
140,38.705692,-8.905943,20.159,False,"Alcochete / Samouco marshes (2010, 2026)",
141,38.705254,-8.905814,20.647,False,"Alcochete / Samouco marshes (2010, 2026)",
142,38.704815,-8.905685,21.064,False,"Alcochete / Samouco marshes (2010, 2026)",
143,38.704377,-8.905556,21.449,False,"Alcochete / Samouco marshes (2010, 2026)",
144,38.703939,-8.905425,20.807,False,"Alcochete / Samouco marshes (2010, 2026)",
145,38.703842,-8.905382,20.426,False,"Alcochete / Samouco marshes (2010, 2026)",
146,38.704283,-8.905495,21.334,False,"Alcochete / Samouco marshes (2010, 2026)",
147,38.704723,-8.905609,21.09,False,"Alcochete / Samouco marshes (2010, 2026)",
148,38.705164,-8.905722,20.56,False,"Alcochete / Samouco marshes (2010, 2026)",
149,38.705605,-8.905836,20.162,False,"Alcochete / Samouco marshes (2010, 2026)",
150,38.706046,-8.905949,19.704,False,"Alcochete / Samouco marshes (2010, 2026)",
151,38.706487,-8.906062,19.557,False,"Alcochete / Samouco marshes (2010, 2026)",
152,38.706928,-8.906176,19.835,False,"Alcochete / Samouco marshes (2010, 2026)",
153,38.707368,-8.906289,19.757,False,"Alcochete / Samouco marshes (2010, 2026)",
154,38.707807,-8.906414,19.119,False,"Alcochete / Samouco marshes (2010, 2026)",
155,38.708244,-8.906552,18.573,False,"Alcochete / Samouco marshes (2010, 2026)",
156,38.708679,-8.906697,18.378,False,"Alcochete / Samouco marshes (2010, 2026)",
157,38.709114,-8.906843,18.321,False,"Alcochete / Samouco marshes (2010, 2026)",
158,38.709544,-8.907009,18.166,False,"Alcochete / Samouco marshes (2010, 2026)",
159,38.70996,-8.907229,17.961,False,"Alcochete / Samouco marshes (2010, 2026)",
160,38.710375,-8.907448,17.385,False,"Alcochete / Samouco marshes (2010, 2026)",
161,38.710787,-8.90768,16.516,False,"Alcochete / Samouco marshes (2010, 2026)",
162,38.711186,-8.907944,16.698,False,"Alcochete / Samouco marshes (2010, 2026)",
163,38.711586,-8.908209,17.376,False,"Alcochete / Samouco marshes (2010, 2026)",
164,38.711974,-8.908496,17.633,False,"Alcochete / Samouco marshes (2010, 2026)",
165,38.712341,-8.908829,18.98,False,"Alcochete / Samouco marshes (2010, 2026)",
166,38.712709,-8.909162,20.361,False,"Alcochete / Samouco marshes (2010, 2026)",
167,38.713076,-8.909494,21.312,False,"Alcochete / Samouco marshes (2010, 2026)",
168,38.713416,-8.90987,22.142,False,"Alcochete / Samouco marshes (2010, 2026)",
169,38.713752,-8.910253,23.054,False,"Alcochete / Samouco marshes (2010, 2026)",
170,38.714088,-8.910637,23.914,False,"Alcochete / Samouco marshes (2010, 2026)",
171,38.714423,-8.91102,23.188,False,"Alcochete / Samouco marshes (2010, 2026)",
172,38.714759,-8.911404,22.254,False,"Alcochete / Samouco marshes (2010, 2026)",
173,38.715092,-8.911791,21.317,False,"Alcochete / Samouco marshes (2010, 2026)",
174,38.715423,-8.912182,21.52,False,"Alcochete / Samouco marshes (2010, 2026)",
175,38.715753,-8.912572,21.822,False,"Alcochete / Samouco marshes (2010, 2026)",
176,38.716084,-8.912963,21.807,False,"Alcochete / Samouco marshes (2010, 2026)",
177,38.716415,-8.913353,22.129,False,"Alcochete / Samouco marshes (2010, 2026)",
178,38.716746,-8.913743,22.425,False,"Alcochete / Samouco marshes (2010, 2026)",
179,38.717076,-8.914134,23.144,False,"Alcochete / Samouco marshes (2010, 2026)",
180,38.717407,-8.914524,24.017,False,"Alcochete / Samouco marshes (2010, 2026)",
181,38.717738,-8.914915,23.94,False,"Alcochete / Samouco marshes (2010, 2026)",
182,38.718038,-8.915341,24.203,False,"Alcochete / Samouco marshes (2010, 2026)",
183,38.718312,-8.915798,24.958,False,"Alcochete / Samouco marshes (2010, 2026)",
184,38.718586,-8.916255,24.081,False,"Alcochete / Samouco marshes (2010, 2026)",
185,38.718823,-8.916744,23.577,False,"Alcochete / Samouco marshes (2010, 2026)",
186,38.719052,-8.91724,23.38,False,"Alcochete / Samouco marshes (2010, 2026)",
187,38.719252,-8.917756,23.303,False,"Alcochete / Samouco marshes (2010, 2026)",
188,38.719428,-8.918285,23.136,False,"Alcochete / Samouco marshes (2010, 2026)",
189,38.719581,-8.918827,22.923,False,"Alcochete / Samouco marshes (2010, 2026)",
190,38.719704,-8.919381,24.102,False,"Alcochete / Samouco marshes (2010, 2026)",
191,38.719818,-8.919939,25.987,False,"Alcochete / Samouco marshes (2010, 2026)",
192,38.7199,-8.920505,27.57,False,"Alcochete / Samouco marshes (2010, 2026)",
193,38.71998,-8.921072,28.252,False,"Alcochete / Samouco marshes (2010, 2026)",
194,38.720011,-8.921646,28.424,False,"Alcochete / Samouco marshes (2010, 2026)",
195,38.720018,-8.922222,28.837,False,"Alcochete / Samouco marshes (2010, 2026)",
196,38.719999,-8.922796,28.563,False,"Alcochete / Samouco marshes (2010, 2026)",
197,38.719945,-8.923369,28.332,False,"Alcochete / Samouco marshes (2010, 2026)",
198,38.719879,-8.923938,28.636,False,"Alcochete / Samouco marshes (2010, 2026)",
199,38.719778,-8.9245,30.057,False,"Alcochete / Samouco marshes (2010, 2026)",
200,38.719677,-8.925061,31.453,False,"Alcochete / Samouco marshes (2010, 2026)",
201,38.719538,-8.925608,32.694,False,"Alcochete / Samouco marshes (2010, 2026)",
202,38.719385,-8.92615,33.54,False,"Alcochete / Samouco marshes (2010, 2026)",
203,38.71923,-8.926691,33.533,False,"Alcochete / Samouco marshes (2010, 2026)",
204,38.71903,-8.927207,33.355,False,"Alcochete / Samouco marshes (2010, 2026)",
205,38.71883,-8.927723,33.262,False,"Alcochete / Samouco marshes (2010, 2026)",
206,38.718629,-8.928239,33.377,False,"Alcochete / Samouco marshes (2010, 2026)",
207,38.718429,-8.928755,33.958,False,"Alcochete / Samouco marshes (2010, 2026)",
208,38.718233,-8.929274,35.016,False,"Alcochete / Samouco marshes (2010, 2026)",
209,38.718038,-8.929793,36.333,False,"Alcochete / Samouco marshes (2010, 2026)",
210,38.717862,-8.930323,37.675,False,"Alcochete / Samouco marshes (2010, 2026)",
211,38.717698,-8.93086,37.79,False,"Alcochete / Samouco marshes (2010, 2026)",
212,38.717534,-8.931396,37.473,False,"Alcochete / Samouco marshes (2010, 2026)",
213,38.71744,-8.931959,37.959,False,"Alcochete / Samouco marshes (2010, 2026)",
214,38.717349,-8.932524,39.3,False,"Alcochete / Samouco marshes (2010, 2026)",
215,38.717258,-8.933088,40.492,False,"Alcochete / Samouco marshes (2010, 2026)",
216,38.717194,-8.933659,41.208,False,"Alcochete / Samouco marshes (2010, 2026)",
217,38.717153,-8.934232,41.077,False,"Alcochete / Samouco marshes (2010, 2026)",
218,38.717362,-8.934699,40.018,False,"Alcochete / Samouco marshes (2010, 2026)",
219,38.717666,-8.935123,39.983,False,"Alcochete / Samouco marshes (2010, 2026)",
220,38.717971,-8.935547,40.643,False,"Alcochete / Samouco marshes (2010, 2026)",
221,38.718275,-8.935971,40.31,False,"Alcochete / Samouco marshes (2010, 2026)",
222,38.71858,-8.936395,39.744,False,"Alcochete / Samouco marshes (2010, 2026)",
223,38.718884,-8.936819,40.133,False,"Alcochete / Samouco marshes (2010, 2026)",
224,38.719188,-8.937243,40.299,False,"Alcochete / Samouco marshes (2010, 2026)",
225,38.719493,-8.937668,40.471,False,"Alcochete / Samouco marshes (2010, 2026)",
226,38.719797,-8.938092,40.719,False,"Alcochete / Samouco marshes (2010, 2026)",
227,38.720102,-8.938516,40.2,False,"Alcochete / Samouco marshes (2010, 2026)",
228,38.720406,-8.93894,39.628,False,"Alcochete / Samouco marshes (2010, 2026)",
229,38.720711,-8.939364,39.368,False,"Alcochete / Samouco marshes (2010, 2026)",
230,38.721015,-8.939788,39.511,False,"Alcochete / Samouco marshes (2010, 2026)",
231,38.72132,-8.940212,41.282,False,"Alcochete / Samouco marshes (2010, 2026)",
232,38.721696,-8.940233,41.544,False,"Alcochete / Samouco marshes (2010, 2026)",
233,38.722118,-8.940034,41.327,False,"Alcochete / Samouco marshes (2010, 2026)",
234,38.722541,-8.939837,40.469,False,"Alcochete / Samouco marshes (2010, 2026)",
235,38.722963,-8.939639,39.429,False,"Alcochete / Samouco marshes (2010, 2026)",
236,38.723385,-8.939442,37.986,False,"Alcochete / Samouco marshes (2010, 2026)",
237,38.723808,-8.939244,36.841,False,"Alcochete / Samouco marshes (2010, 2026)",
238,38.72423,-8.939047,36.245,False,"Alcochete / Samouco marshes (2010, 2026)",
239,38.724653,-8.938849,36.175,False,"Alcochete / Samouco marshes (2010, 2026)",
240,38.725075,-8.938651,36.023,False,"Alcochete / Samouco marshes (2010, 2026)",
241,38.725498,-8.938454,34.859,False,"Alcochete / Samouco marshes (2010, 2026)",
242,38.72592,-8.938256,34.078,False,"Alcochete / Samouco marshes (2010, 2026)",
243,38.726342,-8.938059,34.348,False,"Alcochete / Samouco marshes (2010, 2026)",
244,38.726765,-8.937861,35.286,False,"Alcochete / Samouco marshes (2010, 2026)",
245,38.727187,-8.937664,35.516,False,"Alcochete / Samouco marshes (2010, 2026)",
246,38.72761,-8.937466,34.964,False,"Alcochete / Samouco marshes (2010, 2026)",
247,38.728032,-8.937268,34.322,False,"Alcochete / Samouco marshes (2010, 2026)",
248,38.728455,-8.937071,33.452,False,"Alcochete / Samouco marshes (2010, 2026)",
249,38.728877,-8.936873,32.708,False,"Alcochete / Samouco marshes (2010, 2026)",
250,38.729299,-8.936676,31.793,False,"Alcochete / Samouco marshes (2010, 2026)",
251,38.729722,-8.936478,30.633,False,"Alcochete / Samouco marshes (2010, 2026)",
252,38.730144,-8.936281,30.186,False,"Alcochete / Samouco marshes (2010, 2026)",
253,38.730567,-8.936083,30.547,False,"Alcochete / Samouco marshes (2010, 2026)",
254,38.730989,-8.935885,30.211,False,"Alcochete / Samouco marshes (2010, 2026)",
255,38.731411,-8.935688,28.807,False,"Alcochete / Samouco marshes (2010, 2026)",
256,38.731834,-8.93549,27.955,False,"Alcochete / Samouco marshes (2010, 2026)",
257,38.732256,-8.935293,27.333,False,"Alcochete / Samouco marshes (2010, 2026)",
258,38.732679,-8.935095,26.718,False,"Alcochete / Samouco marshes (2010, 2026)",
259,38.733101,-8.934898,26.248,False,"Alcochete / Samouco marshes (2010, 2026)",
260,38.733524,-8.9347,25.242,False,"Alcochete / Samouco marshes (2010, 2026)",
261,38.733946,-8.934502,23.499,False,"Alcochete / Samouco marshes (2010, 2026)",
262,38.734368,-8.934305,22.187,False,"Alcochete / Samouco marshes (2010, 2026)",
263,38.734791,-8.934107,21.357,False,"Alcochete / Samouco marshes (2010, 2026)",
264,38.735213,-8.93391,20.362,False,"Alcochete / Samouco marshes (2010, 2026)",
265,38.735636,-8.933712,19.529,False,"Alcochete / Samouco marshes (2010, 2026)",
266,38.736058,-8.933515,19.41,False,"Alcochete / Samouco marshes (2010, 2026)",
267,38.736481,-8.933317,20.087,False,"Alcochete / Samouco marshes (2010, 2026)",
268,38.736903,-8.933119,20.048,False,"Alcochete / Samouco marshes (2010, 2026)",
269,38.737325,-8.932922,19.963,False,"Alcochete / Samouco marshes (2010, 2026)",
270,38.737748,-8.932724,20.58,False,"Alcochete / Samouco marshes (2010, 2026)",
271,38.73817,-8.932527,20.609,False,"Alcochete / Samouco marshes (2010, 2026)",
272,38.738593,-8.932329,20.336,False,"Alcochete / Samouco marshes (2010, 2026)",
273,38.739015,-8.932132,19.553,False,"Alcochete / Samouco marshes (2010, 2026)",
274,38.739438,-8.931934,17.71,False,"Alcochete / Samouco marshes (2010, 2026)",
275,38.73986,-8.931736,16.612,False,"Alcochete / Samouco marshes (2010, 2026)",
276,38.740282,-8.931539,15.927,False,"Alcochete / Samouco marshes (2010, 2026)",
277,38.740705,-8.931341,14.989,False,"Alcochete / Samouco marshes (2010, 2026)",
278,38.740863,-8.931321,14.671,False,"Alcochete / Samouco marshes (2010, 2026)",
279,38.740496,-8.931654,16.165,False,"Alcochete / Samouco marshes (2010, 2026)",
280,38.740128,-8.931987,17.124,False,"Alcochete / Samouco marshes (2010, 2026)",
281,38.739761,-8.932319,18.028,False,"Alcochete / Samouco marshes (2010, 2026)",
282,38.739383,-8.932631,20.651,False,"Alcochete / Samouco marshes (2010, 2026)",
283,38.739001,-8.932936,22.66,False,"Alcochete / Samouco marshes (2010, 2026)",
284,38.738618,-8.933237,24.06,False,"Alcochete / Samouco marshes (2010, 2026)",
285,38.738218,-8.933499,24.582,False,"Alcochete / Samouco marshes (2010, 2026)",
286,38.737813,-8.93375,23.959,False,"Alcochete / Samouco marshes (2010, 2026)",
287,38.737403,-8.933988,23.0,False,"Alcochete / Samouco marshes (2010, 2026)",
288,38.736984,-8.934195,22.624,False,"Alcochete / Samouco marshes (2010, 2026)",
289,38.736556,-8.934372,22.683,False,"Alcochete / Samouco marshes (2010, 2026)",
290,38.736122,-8.934524,23.002,False,"Alcochete / Samouco marshes (2010, 2026)",
291,38.735686,-8.934664,23.477,False,"Alcochete / Samouco marshes (2010, 2026)",
292,38.735249,-8.934798,23.375,False,"Alcochete / Samouco marshes (2010, 2026)",
293,38.734811,-8.934932,23.062,False,"Alcochete / Samouco marshes (2010, 2026)",
294,38.734374,-8.935065,23.599,False,"Alcochete / Samouco marshes (2010, 2026)",
295,38.733936,-8.935198,24.792,False,"Alcochete / Samouco marshes (2010, 2026)",
296,38.733499,-8.935331,26.351,False,"Alcochete / Samouco marshes (2010, 2026)",
297,38.733061,-8.935464,27.068,False,"Alcochete / Samouco marshes (2010, 2026)",
298,38.732624,-8.935597,27.673,False,"Alcochete / Samouco marshes (2010, 2026)",
299,38.732186,-8.93573,28.281,False,"Alcochete / Samouco marshes (2010, 2026)",
300,38.731749,-8.935863,28.805,False,"Alcochete / Samouco marshes (2010, 2026)",
301,38.731311,-8.935996,29.666,False,"Alcochete / Samouco marshes (2010, 2026)",
302,38.730874,-8.936129,30.482,False,"Alcochete / Samouco marshes (2010, 2026)",
303,38.730437,-8.936266,30.399,False,"Alcochete / Samouco marshes (2010, 2026)",
304,38.730001,-8.936405,30.277,False,"Alcochete / Samouco marshes (2010, 2026)",
305,38.729564,-8.936544,31.045,False,"Alcochete / Samouco marshes (2010, 2026)",
306,38.72913,-8.936694,32.147,False,"Alcochete / Samouco marshes (2010, 2026)",
307,38.728696,-8.936847,32.814,False,"Alcochete / Samouco marshes (2010, 2026)",
308,38.728269,-8.937025,33.479,False,"Alcochete / Samouco marshes (2010, 2026)",
309,38.727841,-8.937204,34.184,False,"Alcochete / Samouco marshes (2010, 2026)",
310,38.727417,-8.937393,34.759,False,"Alcochete / Samouco marshes (2010, 2026)",
311,38.726999,-8.937607,35.24,False,"Alcochete / Samouco marshes (2010, 2026)",
312,38.726582,-8.937821,34.855,False,"Alcochete / Samouco marshes (2010, 2026)",
313,38.726164,-8.938035,33.922,False,"Alcochete / Samouco marshes (2010, 2026)",
314,38.725747,-8.938248,34.041,False,"Alcochete / Samouco marshes (2010, 2026)",
315,38.725329,-8.938462,35.194,False,"Alcochete / Samouco marshes (2010, 2026)",
316,38.724911,-8.938676,36.133,False,"Alcochete / Samouco marshes (2010, 2026)",
317,38.724494,-8.938892,36.15,False,"Alcochete / Samouco marshes (2010, 2026)",
318,38.724081,-8.939118,36.364,False,"Alcochete / Samouco marshes (2010, 2026)",
319,38.723667,-8.939344,37.257,False,"Alcochete / Samouco marshes (2010, 2026)",
320,38.723254,-8.93957,38.785,False,"Alcochete / Samouco marshes (2010, 2026)",
321,38.72284,-8.939797,40.127,False,"Alcochete / Samouco marshes (2010, 2026)",
322,38.722427,-8.940023,41.064,False,"Alcochete / Samouco marshes (2010, 2026)",
323,38.722017,-8.94026,41.996,False,"Alcochete / Samouco marshes (2010, 2026)",
324,38.721645,-8.940583,43.087,False,"Alcochete / Samouco marshes (2010, 2026)",
325,38.721273,-8.940906,44.227,False,"Alcochete / Samouco marshes (2010, 2026)",
326,38.720901,-8.94123,45.134,False,"Alcochete / Samouco marshes (2010, 2026)",
327,38.720529,-8.941553,45.737,False,"Alcochete / Samouco marshes (2010, 2026)",
328,38.720156,-8.941876,44.667,False,"Alcochete / Samouco marshes (2010, 2026)",
329,38.719784,-8.9422,44.142,False,"Alcochete / Samouco marshes (2010, 2026)",
330,38.719412,-8.942523,44.072,False,"Alcochete / Samouco marshes (2010, 2026)",
331,38.71904,-8.942846,43.731,False,"Alcochete / Samouco marshes (2010, 2026)",
332,38.718668,-8.94317,43.706,False,"Alcochete / Samouco marshes (2010, 2026)",
333,38.718295,-8.943493,44.136,False,"Alcochete / Samouco marshes (2010, 2026)",
334,38.717923,-8.943817,43.85,False,"Alcochete / Samouco marshes (2010, 2026)",
335,38.717551,-8.94414,42.726,False,"Alcochete / Samouco marshes (2010, 2026)",
336,38.717301,-8.944555,41.475,False,"Alcochete / Samouco marshes (2010, 2026)",
337,38.717269,-8.94513,40.324,False,"Alcochete / Samouco marshes (2010, 2026)",
338,38.717243,-8.945705,39.454,False,"Alcochete / Samouco marshes (2010, 2026)",
339,38.71723,-8.946281,39.521,False,"Alcochete / Samouco marshes (2010, 2026)",
340,38.717224,-8.946857,39.408,False,"Alcochete / Samouco marshes (2010, 2026)",
341,38.717252,-8.947433,39.034,False,"Alcochete / Samouco marshes (2010, 2026)",
342,38.717282,-8.948008,38.691,False,"Alcochete / Samouco marshes (2010, 2026)",
343,38.717321,-8.948582,37.964,False,"Alcochete / Samouco marshes (2010, 2026)",
344,38.717375,-8.949154,36.894,False,"Alcochete / Samouco marshes (2010, 2026)",
345,38.717456,-8.94972,36.231,False,"Alcochete / Samouco marshes (2010, 2026)",
346,38.717543,-8.950286,35.165,False,"Alcochete / Samouco marshes (2010, 2026)",
347,38.717653,-8.950843,33.937,False,"Alcochete / Samouco marshes (2010, 2026)",
348,38.7178,-8.951388,32.675,False,"Alcochete / Samouco marshes (2010, 2026)",
349,38.717758,-8.950837,33.939,False,"Alcochete / Samouco marshes (2010, 2026)",
350,38.717711,-8.950264,35.076,False,"Alcochete / Samouco marshes (2010, 2026)",
351,38.717664,-8.949691,35.975,False,"Alcochete / Samouco marshes (2010, 2026)",
352,38.717618,-8.949117,36.689,False,"Alcochete / Samouco marshes (2010, 2026)",
353,38.717571,-8.948544,38.203,False,"Alcochete / Samouco marshes (2010, 2026)",
354,38.717525,-8.947971,39.149,False,"Alcochete / Samouco marshes (2010, 2026)",
355,38.717478,-8.947398,39.212,False,"Alcochete / Samouco marshes (2010, 2026)",
356,38.717431,-8.946825,39.308,False,"Alcochete / Samouco marshes (2010, 2026)",
357,38.717385,-8.946251,39.366,False,"Alcochete / Samouco marshes (2010, 2026)",
358,38.717338,-8.945678,39.483,False,"Alcochete / Samouco marshes (2010, 2026)",
359,38.717292,-8.945105,40.416,False,"Alcochete / Samouco marshes (2010, 2026)",
360,38.717245,-8.944532,41.387,False,"Alcochete / Samouco marshes (2010, 2026)",
361,38.717242,-8.943958,42.293,False,"Alcochete / Samouco marshes (2010, 2026)",
362,38.717267,-8.943383,43.667,False,"Alcochete / Samouco marshes (2010, 2026)",
363,38.717289,-8.942807,43.803,False,"Alcochete / Samouco marshes (2010, 2026)",
364,38.717298,-8.94252,43.242,False,"Alcochete / Samouco marshes (2010, 2026)",
365,38.71727,-8.943095,44.049,False,"Alcochete / Samouco marshes (2010, 2026)",
366,38.717242,-8.94367,42.923,False,"Alcochete / Samouco marshes (2010, 2026)",
367,38.717213,-8.944245,41.702,False,"Alcochete / Samouco marshes (2010, 2026)",
368,38.717187,-8.944787,40.795,False,"Alcochete / Samouco marshes (2010, 2026)",
369,38.717227,-8.944213,41.798,False,"Alcochete / Samouco marshes (2010, 2026)",
370,38.717283,-8.943642,43.126,False,"Alcochete / Samouco marshes (2010, 2026)",
371,38.71734,-8.94307,44.187,False,"Alcochete / Samouco marshes (2010, 2026)",
372,38.717396,-8.942498,43.552,False,"Alcochete / Samouco marshes (2010, 2026)",
373,38.717453,-8.941926,42.263,False,"Alcochete / Samouco marshes (2010, 2026)",
374,38.717496,-8.941555,41.584,False,"Alcochete / Samouco marshes (2010, 2026)",
375,38.717476,-8.942131,42.834,False,"Alcochete / Samouco marshes (2010, 2026)",
376,38.717329,-8.94179,41.755,False,"Alcochete / Samouco marshes (2010, 2026)",
377,38.71733,-8.941215,41.368,False,"Alcochete / Samouco marshes (2010, 2026)",
378,38.717301,-8.94064,42.022,False,"Alcochete / Samouco marshes (2010, 2026)",
379,38.717272,-8.940065,42.797,False,"Alcochete / Samouco marshes (2010, 2026)",
380,38.717243,-8.93949,43.236,False,"Alcochete / Samouco marshes (2010, 2026)",
381,38.717214,-8.938915,43.35,False,"Alcochete / Samouco marshes (2010, 2026)",
382,38.717185,-8.938339,44.468,False,"Alcochete / Samouco marshes (2010, 2026)",
383,38.717156,-8.937764,43.058,False,"Alcochete / Samouco marshes (2010, 2026)",
384,38.717127,-8.937189,41.964,False,"Alcochete / Samouco marshes (2010, 2026)",
385,38.717098,-8.936614,41.358,False,"Alcochete / Samouco marshes (2010, 2026)",
386,38.717069,-8.936039,40.863,False,"Alcochete / Samouco marshes (2010, 2026)",
387,38.71704,-8.935464,40.471,False,"Alcochete / Samouco marshes (2010, 2026)",
388,38.717011,-8.934889,40.296,False,"Alcochete / Samouco marshes (2010, 2026)",
389,38.71699,-8.934314,41.147,False,"Alcochete / Samouco marshes (2010, 2026)",
390,38.717027,-8.933739,41.404,False,"Alcochete / Samouco marshes (2010, 2026)",
391,38.717084,-8.933168,40.939,False,"Alcochete / Samouco marshes (2010, 2026)",
392,38.717165,-8.932601,40.142,False,"Alcochete / Samouco marshes (2010, 2026)",
393,38.717252,-8.932036,38.5,False,"Alcochete / Samouco marshes (2010, 2026)",
394,38.717339,-8.93147,36.939,False,"Alcochete / Samouco marshes (2010, 2026)",
395,38.717484,-8.930927,36.426,False,"Alcochete / Samouco marshes (2010, 2026)",
396,38.717649,-8.93039,36.767,False,"Alcochete / Samouco marshes (2010, 2026)",
397,38.717815,-8.929855,36.105,False,"Alcochete / Samouco marshes (2010, 2026)",
398,38.71801,-8.929336,35.227,False,"Alcochete / Samouco marshes (2010, 2026)",
399,38.718205,-8.928816,34.236,False,"Alcochete / Samouco marshes (2010, 2026)",
400,38.718405,-8.9283,33.446,False,"Alcochete / Samouco marshes (2010, 2026)",
401,38.718605,-8.927784,33.241,False,"Alcochete / Samouco marshes (2010, 2026)",
402,38.718806,-8.927268,33.298,False,"Alcochete / Samouco marshes (2010, 2026)",
403,38.719006,-8.926752,33.43,False,"Alcochete / Samouco marshes (2010, 2026)",
404,38.719175,-8.926219,33.623,False,"Alcochete / Samouco marshes (2010, 2026)",
405,38.719328,-8.925677,33.258,False,"Alcochete / Samouco marshes (2010, 2026)",
406,38.719479,-8.925135,31.799,False,"Alcochete / Samouco marshes (2010, 2026)",
407,38.719581,-8.924573,30.515,False,"Alcochete / Samouco marshes (2010, 2026)",
408,38.719682,-8.924011,29.081,False,"Alcochete / Samouco marshes (2010, 2026)",
409,38.719759,-8.923444,28.853,False,"Alcochete / Samouco marshes (2010, 2026)",
410,38.719812,-8.922872,28.872,False,"Alcochete / Samouco marshes (2010, 2026)",
411,38.719839,-8.922298,29.097,False,"Alcochete / Samouco marshes (2010, 2026)",
412,38.719832,-8.921722,28.585,False,"Alcochete / Samouco marshes (2010, 2026)",
413,38.719808,-8.921148,28.317,False,"Alcochete / Samouco marshes (2010, 2026)",
414,38.719728,-8.920581,27.744,False,"Alcochete / Samouco marshes (2010, 2026)",
415,38.719648,-8.920014,26.204,False,"Alcochete / Samouco marshes (2010, 2026)",
416,38.719533,-8.919456,24.521,False,"Alcochete / Samouco marshes (2010, 2026)",
417,38.719411,-8.918902,23.423,False,"Alcochete / Samouco marshes (2010, 2026)",
418,38.719258,-8.91836,23.848,False,"Alcochete / Samouco marshes (2010, 2026)",
419,38.719081,-8.917831,24.123,False,"Alcochete / Samouco marshes (2010, 2026)",
420,38.718879,-8.917317,24.045,False,"Alcochete / Samouco marshes (2010, 2026)",
421,38.71865,-8.916821,24.006,False,"Alcochete / Samouco marshes (2010, 2026)",
422,38.718408,-8.916336,24.352,False,"Alcochete / Samouco marshes (2010, 2026)",
423,38.718134,-8.915879,25.186,False,"Alcochete / Samouco marshes (2010, 2026)",
424,38.71786,-8.915422,24.579,False,"Alcochete / Samouco marshes (2010, 2026)",
425,38.717553,-8.915005,24.678,False,"Alcochete / Samouco marshes (2010, 2026)",
426,38.717222,-8.914614,24.648,False,"Alcochete / Samouco marshes (2010, 2026)",
427,38.716891,-8.914224,23.496,False,"Alcochete / Samouco marshes (2010, 2026)",
428,38.71656,-8.913834,22.786,False,"Alcochete / Samouco marshes (2010, 2026)",
429,38.716229,-8.913444,22.395,False,"Alcochete / Samouco marshes (2010, 2026)",
430,38.715898,-8.913054,22.06,False,"Alcochete / Samouco marshes (2010, 2026)",
431,38.715567,-8.912664,22.135,False,"Alcochete / Samouco marshes (2010, 2026)",
432,38.715236,-8.912274,22.222,False,"Alcochete / Samouco marshes (2010, 2026)",
433,38.714905,-8.911884,22.443,False,"Alcochete / Samouco marshes (2010, 2026)",
434,38.714571,-8.911497,23.177,False,"Alcochete / Samouco marshes (2010, 2026)",
435,38.714235,-8.911114,23.939,False,"Alcochete / Samouco marshes (2010, 2026)",
436,38.7139,-8.910731,24.133,False,"Alcochete / Samouco marshes (2010, 2026)",
437,38.713564,-8.910347,23.033,False,"Alcochete / Samouco marshes (2010, 2026)",
438,38.713228,-8.909964,22.186,False,"Alcochete / Samouco marshes (2010, 2026)",
439,38.712881,-8.909599,21.546,False,"Alcochete / Samouco marshes (2010, 2026)",
440,38.712513,-8.909267,20.442,False,"Alcochete / Samouco marshes (2010, 2026)",
441,38.712146,-8.908934,18.839,False,"Alcochete / Samouco marshes (2010, 2026)",
442,38.711779,-8.908602,17.525,False,"Alcochete / Samouco marshes (2010, 2026)",
443,38.711382,-8.908333,17.22,False,"Alcochete / Samouco marshes (2010, 2026)",
444,38.710982,-8.908069,16.341,False,"Alcochete / Samouco marshes (2010, 2026)",
445,38.710582,-8.907806,16.569,False,"Alcochete / Samouco marshes (2010, 2026)",
446,38.710166,-8.907587,17.627,False,"Alcochete / Samouco marshes (2010, 2026)",
447,38.70975,-8.907367,17.954,False,"Alcochete / Samouco marshes (2010, 2026)",
448,38.709333,-8.907152,17.879,False,"Alcochete / Samouco marshes (2010, 2026)",
449,38.708904,-8.906981,17.793,False,"Alcochete / Samouco marshes (2010, 2026)",
450,38.708474,-8.906811,17.867,False,"Alcochete / Samouco marshes (2010, 2026)",
451,38.708043,-8.906647,18.491,False,"Alcochete / Samouco marshes (2010, 2026)",
452,38.708026,-8.90702,17.312,False,"Alcochete / Samouco marshes (2010, 2026)",
453,38.708156,-8.907571,15.658,False,"Alcochete / Samouco marshes (2010, 2026)",
454,38.708286,-8.908123,16.145,False,"Alcochete / Samouco marshes (2010, 2026)",
455,38.708416,-8.908675,18.031,False,"Alcochete / Samouco marshes (2010, 2026)",
456,38.708545,-8.909227,19.471,False,"Alcochete / Samouco marshes (2010, 2026)",
457,38.708675,-8.909779,21.255,False,"Alcochete / Samouco marshes (2010, 2026)",
458,38.708805,-8.91033,22.465,False,"Alcochete / Samouco marshes (2010, 2026)",
459,38.708935,-8.910882,23.022,False,"Alcochete / Samouco marshes (2010, 2026)",
460,38.709064,-8.911434,23.613,False,"Alcochete / Samouco marshes (2010, 2026)",
461,38.709194,-8.911986,24.233,False,"Alcochete / Samouco marshes (2010, 2026)",
462,38.709324,-8.912538,24.877,False,"Alcochete / Samouco marshes (2010, 2026)",
463,38.709454,-8.913089,26.146,False,"Alcochete / Samouco marshes (2010, 2026)",
464,38.709583,-8.913641,28.077,False,"Alcochete / Samouco marshes (2010, 2026)",
465,38.709713,-8.914193,30.103,False,"Alcochete / Samouco marshes (2010, 2026)",
466,38.709843,-8.914745,31.557,False,"Alcochete / Samouco marshes (2010, 2026)",
467,38.709973,-8.915296,33.472,False,"Alcochete / Samouco marshes (2010, 2026)",
468,38.710103,-8.915848,34.737,False,"Alcochete / Samouco marshes (2010, 2026)",
469,38.710232,-8.9164,35.46,False,"Alcochete / Samouco marshes (2010, 2026)",
470,38.710362,-8.916952,35.784,False,"Alcochete / Samouco marshes (2010, 2026)",
471,38.710492,-8.917504,36.484,False,"Alcochete / Samouco marshes (2010, 2026)",
472,38.710622,-8.918055,37.653,False,"Alcochete / Samouco marshes (2010, 2026)",
473,38.710751,-8.918607,38.769,False,"Alcochete / Samouco marshes (2010, 2026)",
474,38.710881,-8.919159,40.171,False,"Alcochete / Samouco marshes (2010, 2026)",
475,38.711011,-8.919711,42.298,False,"Alcochete / Samouco marshes (2010, 2026)",
476,38.711141,-8.920263,43.238,False,"Alcochete / Samouco marshes (2010, 2026)",
477,38.71127,-8.920814,43.841,False,"Alcochete / Samouco marshes (2010, 2026)",
478,38.7114,-8.921366,45.468,False,"Alcochete / Samouco marshes (2010, 2026)",
479,38.71153,-8.921918,48.111,False,"Alcochete / Samouco marshes (2010, 2026)",
480,38.71166,-8.92247,49.522,False,"Alcochete / Samouco marshes (2010, 2026)",
481,38.711789,-8.923022,48.273,False,"Alcochete / Samouco marshes (2010, 2026)",
482,38.711919,-8.923573,45.52,False,"Alcochete / Samouco marshes (2010, 2026)",
483,38.712049,-8.924125,44.259,False,"Alcochete / Samouco marshes (2010, 2026)",
484,38.712179,-8.924677,43.619,False,"Alcochete / Samouco marshes (2010, 2026)",
485,38.712309,-8.925229,43.047,False,"Alcochete / Samouco marshes (2010, 2026)",
486,38.712438,-8.925781,42.716,False,"Alcochete / Samouco marshes (2010, 2026)",
487,38.712568,-8.926332,42.957,False,"Alcochete / Samouco marshes (2010, 2026)",
488,38.712698,-8.926884,44.063,False,"Alcochete / Samouco marshes (2010, 2026)",
489,38.712828,-8.927436,45.477,False,"Alcochete / Samouco marshes (2010, 2026)",
490,38.712957,-8.927988,46.48,False,"Alcochete / Samouco marshes (2010, 2026)",
491,38.713087,-8.92854,48.755,False,"Alcochete / Samouco marshes (2010, 2026)",
492,38.713217,-8.929091,50.053,False,"Alcochete / Samouco marshes (2010, 2026)",
493,38.713347,-8.929643,50.202,False,"Alcochete / Samouco marshes (2010, 2026)",
494,38.713476,-8.930195,50.296,False,"Alcochete / Samouco marshes (2010, 2026)",
495,38.713606,-8.930747,50.745,False,"Alcochete / Samouco marshes (2010, 2026)",
496,38.713736,-8.931299,50.92,False,"Alcochete / Samouco marshes (2010, 2026)",
497,38.713866,-8.93185,49.616,False,"Alcochete / Samouco marshes (2010, 2026)",
498,38.713995,-8.932402,48.261,False,"Alcochete / Samouco marshes (2010, 2026)",
499,38.714125,-8.932954,47.226,False,"Alcochete / Samouco marshes (2010, 2026)",
500,38.714255,-8.933506,46.037,False,"Alcochete / Samouco marshes (2010, 2026)",
501,38.714385,-8.934058,45.128,False,"Alcochete / Samouco marshes (2010, 2026)",
502,38.714515,-8.934609,43.984,False,"Alcochete / Samouco marshes (2010, 2026)",
503,38.714644,-8.935161,42.659,False,"Alcochete / Samouco marshes (2010, 2026)",
504,38.714774,-8.935713,41.289,False,"Alcochete / Samouco marshes (2010, 2026)",
505,38.714904,-8.936265,41.052,False,"Alcochete / Samouco marshes (2010, 2026)",
506,38.715034,-8.936817,41.776,False,"Alcochete / Samouco marshes (2010, 2026)",
507,38.715163,-8.937368,42.395,False,"Alcochete / Samouco marshes (2010, 2026)",
508,38.715293,-8.93792,41.472,False,"Alcochete / Samouco marshes (2010, 2026)",
509,38.715423,-8.938472,40.413,False,"Alcochete / Samouco marshes (2010, 2026)",
510,38.715553,-8.939024,39.148,False,"Alcochete / Samouco marshes (2010, 2026)",
511,38.715682,-8.939575,38.519,False,"Alcochete / Samouco marshes (2010, 2026)",
512,38.715812,-8.940127,38.057,False,"Alcochete / Samouco marshes (2010, 2026)",
513,38.715942,-8.940679,37.659,False,"Alcochete / Samouco marshes (2010, 2026)",
514,38.716072,-8.941231,38.009,False,"Alcochete / Samouco marshes (2010, 2026)",
515,38.716201,-8.941783,38.406,False,"Alcochete / Samouco marshes (2010, 2026)",
516,38.716331,-8.942334,38.615,False,"Alcochete / Samouco marshes (2010, 2026)",
517,38.716461,-8.942886,40.035,False,"Alcochete / Samouco marshes (2010, 2026)",
518,38.716591,-8.943438,40.591,False,"Alcochete / Samouco marshes (2010, 2026)",
519,38.71672,-8.94399,40.198,False,"Alcochete / Samouco marshes (2010, 2026)",
520,38.71685,-8.944542,39.933,False,"Alcochete / Samouco marshes (2010, 2026)",
521,38.71698,-8.945093,39.737,False,"Alcochete / Samouco marshes (2010, 2026)",
522,38.71711,-8.945645,39.461,False,"Alcochete / Samouco marshes (2010, 2026)",
523,38.71724,-8.946197,39.477,False,"Alcochete / Samouco marshes (2010, 2026)",
524,38.717369,-8.946749,39.375,False,"Alcochete / Samouco marshes (2010, 2026)",
525,38.717499,-8.947301,39.234,False,"Alcochete / Samouco marshes (2010, 2026)",
526,38.717629,-8.947852,39.223,False,"Alcochete / Samouco marshes (2010, 2026)",
527,38.717759,-8.948404,38.483,False,"Alcochete / Samouco marshes (2010, 2026)",
528,38.717888,-8.948956,36.572,False,"Alcochete / Samouco marshes (2010, 2026)",
529,38.718018,-8.949508,35.639,False,"Alcochete / Samouco marshes (2010, 2026)",
530,38.718148,-8.95006,35.286,False,"Alcochete / Samouco marshes (2010, 2026)",
531,38.718278,-8.950611,34.585,False,"Alcochete / Samouco marshes (2010, 2026)",
532,38.718407,-8.951163,33.364,False,"Alcochete / Samouco marshes (2010, 2026)",
533,38.718537,-8.951715,31.852,False,"Alcochete / Samouco marshes (2010, 2026)",
534,38.718667,-8.952267,30.475,False,"Alcochete / Samouco marshes (2010, 2026)",
535,38.718797,-8.952819,28.922,False,"Alcochete / Samouco marshes (2010, 2026)",
536,38.718926,-8.95337,27.13,False,"Alcochete / Samouco marshes (2010, 2026)",
537,38.719056,-8.953922,25.593,False,"Alcochete / Samouco marshes (2010, 2026)",
538,38.719186,-8.954474,24.586,False,"Alcochete / Samouco marshes (2010, 2026)",
539,38.719316,-8.955026,23.895,False,"Alcochete / Samouco marshes (2010, 2026)",
540,38.719446,-8.955578,23.189,False,"Alcochete / Samouco marshes (2010, 2026)",
541,38.719575,-8.956129,24.047,False,"Alcochete / Samouco marshes (2010, 2026)",
542,38.719705,-8.956681,25.119,False,"Alcochete / Samouco marshes (2010, 2026)",
543,38.719835,-8.957233,25.746,False,"Alcochete / Samouco marshes (2010, 2026)",
544,38.719965,-8.957785,24.745,False,"Alcochete / Samouco marshes (2010, 2026)",
545,38.720094,-8.958337,23.943,False,"Alcochete / Samouco marshes (2010, 2026)",
546,38.720224,-8.958888,24.04,False,"Alcochete / Samouco marshes (2010, 2026)",
547,38.720354,-8.95944,23.353,False,"Alcochete / Samouco marshes (2010, 2026)",
548,38.720484,-8.959992,22.582,False,"Alcochete / Samouco marshes (2010, 2026)",
549,38.720613,-8.960544,22.895,False,"Alcochete / Samouco marshes (2010, 2026)",
550,38.720743,-8.961096,22.134,False,"Alcochete / Samouco marshes (2010, 2026)",
551,38.720873,-8.961647,21.429,False,"Alcochete / Samouco marshes (2010, 2026)",
552,38.721003,-8.962199,21.738,False,"Alcochete / Samouco marshes (2010, 2026)",
553,38.721132,-8.962751,20.292,False,"Alcochete / Samouco marshes (2010, 2026)",
554,38.721262,-8.963303,19.168,False,"Alcochete / Samouco marshes (2010, 2026)",
555,38.721392,-8.963854,20.481,False,"Alcochete / Samouco marshes (2010, 2026)",
556,38.721522,-8.964406,21.526,False,"Alcochete / Samouco marshes (2010, 2026)",
557,38.721652,-8.964958,20.313,False,"Alcochete / Samouco marshes (2010, 2026)",
558,38.721781,-8.96551,17.581,False,"Alcochete / Samouco marshes (2010, 2026)",
559,38.721911,-8.966062,16.053,False,"Alcochete / Samouco marshes (2010, 2026)",
560,38.722041,-8.966613,14.974,False,"Alcochete / Samouco marshes (2010, 2026)",
561,38.722171,-8.967165,15.368,False,"Alcochete / Samouco marshes (2010, 2026)",
562,38.7223,-8.967717,14.88,False,"Alcochete / Samouco marshes (2010, 2026)",
563,38.72243,-8.968269,13.876,False,"Alcochete / Samouco marshes (2010, 2026)",
564,38.72256,-8.968821,14.486,False,"Alcochete / Samouco marshes (2010, 2026)",
565,38.72269,-8.969372,14.897,False,"Alcochete / Samouco marshes (2010, 2026)",
566,38.722819,-8.969924,14.407,False,"Alcochete / Samouco marshes (2010, 2026)",
567,38.722949,-8.970476,12.917,False,"Alcochete / Samouco marshes (2010, 2026)",
568,38.723079,-8.971028,12.493,False,"Alcochete / Samouco marshes (2010, 2026)",
569,38.723209,-8.97158,12.627,False,"Alcochete / Samouco marshes (2010, 2026)",
570,38.723338,-8.972131,12.219,False,"Alcochete / Samouco marshes (2010, 2026)",
571,38.723468,-8.972683,11.945,False,"Alcochete / Samouco marshes (2010, 2026)",
572,38.723598,-8.973235,11.955,False,"Alcochete / Samouco marshes (2010, 2026)",
573,38.723728,-8.973787,12.631,False,"Alcochete / Samouco marshes (2010, 2026)",
574,38.723857,-8.974339,12.292,False,"Alcochete / Samouco marshes (2010, 2026)",
575,38.723987,-8.97489,11.378,False,"Alcochete / Samouco marshes (2010, 2026)",
576,38.724117,-8.975442,10.959,False,"Alcochete / Samouco marshes (2010, 2026)",
577,38.724247,-8.975994,11.846,False,"Alcochete / Samouco marshes (2010, 2026)",
578,38.724377,-8.976546,13.534,False,"Alcochete / Samouco marshes (2010, 2026)",
579,38.724506,-8.977098,14.152,False,"Alcochete / Samouco marshes (2010, 2026)",
580,38.724636,-8.977649,14.373,False,"Alcochete / Samouco marshes (2010, 2026)",
581,38.724766,-8.978201,14.334,False,"Alcochete / Samouco marshes (2010, 2026)",
582,38.724896,-8.978753,13.862,False,"Alcochete / Samouco marshes (2010, 2026)",
583,38.725025,-8.979305,13.682,False,"Alcochete / Samouco marshes (2010, 2026)",
584,38.725155,-8.979857,13.708,False,"Alcochete / Samouco marshes (2010, 2026)",
585,38.725285,-8.980408,13.784,False,"Alcochete / Samouco marshes (2010, 2026)",
586,38.725415,-8.98096,13.395,False,"Alcochete / Samouco marshes (2010, 2026)",
587,38.725544,-8.981512,13.012,False,"Alcochete / Samouco marshes (2010, 2026)",
588,38.725674,-8.982064,12.585,False,"Alcochete / Samouco marshes (2010, 2026)",
589,38.725804,-8.982616,12.192,False,"Alcochete / Samouco marshes (2010, 2026)",
590,38.725934,-8.983167,11.734,False,"Alcochete / Samouco marshes (2010, 2026)",
591,38.726063,-8.983719,11.052,False,"Alcochete / Samouco marshes (2010, 2026)",
592,38.726193,-8.984271,9.851,False,"Alcochete / Samouco marshes (2010, 2026)",
593,38.726323,-8.984823,8.109,False,"Alcochete / Samouco marshes (2010, 2026)",
594,38.726453,-8.985375,6.475,False,"Alcochete / Samouco marshes (2010, 2026)",
595,38.726583,-8.985926,5.679,False,"Alcochete / Samouco marshes (2010, 2026)",
596,38.726712,-8.986478,6.709,False,"Alcochete / Samouco marshes (2010, 2026)",
597,38.726842,-8.98703,8.325,False,"Alcochete / Samouco marshes (2010, 2026)",
598,38.726972,-8.987582,9.441,False,"Alcochete / Samouco marshes (2010, 2026)",
599,38.727102,-8.988133,9.756,False,"Alcochete / Samouco marshes (2010, 2026)",
600,38.727231,-8.988685,9.541,False,"Alcochete / Samouco marshes (2010, 2026)",
601,38.727361,-8.989237,8.227,False,"Alcochete / Samouco marshes (2010, 2026)",
602,38.727491,-8.989789,6.52,False,"Alcochete / Samouco marshes (2010, 2026)",
603,38.727621,-8.990341,6.118,False,"Alcochete / Samouco marshes (2010, 2026)",
604,38.72775,-8.990892,5.629,False,"Alcochete / Samouco marshes (2010, 2026)",
605,38.727751,-8.991044,5.52,False,"Alcochete / Samouco marshes (2010, 2026)",
606,38.727555,-8.990526,6.527,False,"Alcochete / Samouco marshes (2010, 2026)",
607,38.727346,-8.990015,6.549,False,"Alcochete / Samouco marshes (2010, 2026)",
608,38.727146,-8.989499,7.711,False,"Alcochete / Samouco marshes (2010, 2026)",
609,38.726964,-8.988972,9.935,False,"Alcochete / Samouco marshes (2010, 2026)",
610,38.726788,-8.988442,11.127,False,"Alcochete / Samouco marshes (2010, 2026)",
611,38.726626,-8.987904,11.349,False,"Alcochete / Samouco marshes (2010, 2026)",
612,38.726475,-8.987362,10.418,False,"Alcochete / Samouco marshes (2010, 2026)",
613,38.726333,-8.986815,8.447,False,"Alcochete / Samouco marshes (2010, 2026)",
614,38.726213,-8.98626,6.914,False,"Alcochete / Samouco marshes (2010, 2026)",
615,38.726096,-8.985703,6.74,False,"Alcochete / Samouco marshes (2010, 2026)",
616,38.725984,-8.985145,8.038,False,"Alcochete / Samouco marshes (2010, 2026)",
617,38.72589,-8.984581,9.607,False,"Alcochete / Samouco marshes (2010, 2026)",
618,38.725797,-8.984017,11.319,False,"Alcochete / Samouco marshes (2010, 2026)",
619,38.725724,-8.983449,12.024,False,"Alcochete / Samouco marshes (2010, 2026)",
620,38.725656,-8.982879,12.254,False,"Alcochete / Samouco marshes (2010, 2026)",
621,38.725603,-8.982307,12.396,False,"Alcochete / Samouco marshes (2010, 2026)",
622,38.72555,-8.981734,12.847,False,"Alcochete / Samouco marshes (2010, 2026)",
623,38.725497,-8.981162,13.223,False,"Alcochete / Samouco marshes (2010, 2026)",
624,38.725445,-8.980589,13.624,False,"Alcochete / Samouco marshes (2010, 2026)",
625,38.725396,-8.980017,13.897,False,"Alcochete / Samouco marshes (2010, 2026)",
626,38.725357,-8.979442,14.162,False,"Alcochete / Samouco marshes (2010, 2026)",
627,38.725318,-8.978868,14.345,False,"Alcochete / Samouco marshes (2010, 2026)",
628,38.725279,-8.978294,14.244,False,"Alcochete / Samouco marshes (2010, 2026)",
629,38.72524,-8.97772,14.03,False,"Alcochete / Samouco marshes (2010, 2026)",
630,38.725184,-8.977148,13.678,False,"Alcochete / Samouco marshes (2010, 2026)",
631,38.725113,-8.976579,13.29,False,"Alcochete / Samouco marshes (2010, 2026)",
632,38.725026,-8.976013,12.512,False,"Alcochete / Samouco marshes (2010, 2026)",
633,38.724934,-8.975449,12.149,False,"Alcochete / Samouco marshes (2010, 2026)",
634,38.72483,-8.974889,12.786,False,"Alcochete / Samouco marshes (2010, 2026)",
635,38.724725,-8.974328,13.856,False,"Alcochete / Samouco marshes (2010, 2026)",
636,38.724618,-8.973768,14.738,False,"Alcochete / Samouco marshes (2010, 2026)",
637,38.724485,-8.973218,14.678,False,"Alcochete / Samouco marshes (2010, 2026)",
638,38.724402,-8.972654,14.387,False,"Alcochete / Samouco marshes (2010, 2026)",
639,38.724508,-8.972957,14.726,False,"Alcochete / Samouco marshes (2010, 2026)",
640,38.72465,-8.973504,15.088,False,"Alcochete / Samouco marshes (2010, 2026)",
641,38.724791,-8.974052,14.561,False,"Alcochete / Samouco marshes (2010, 2026)",
642,38.724902,-8.97461,13.224,False,"Alcochete / Samouco marshes (2010, 2026)",
643,38.725011,-8.975169,12.179,False,"Alcochete / Samouco marshes (2010, 2026)",
644,38.725113,-8.97573,11.932,False,"Alcochete / Samouco marshes (2010, 2026)",
645,38.725205,-8.976295,12.659,False,"Alcochete / Samouco marshes (2010, 2026)",
646,38.72528,-8.976863,13.172,False,"Alcochete / Samouco marshes (2010, 2026)",
647,38.725346,-8.977433,13.72,False,"Alcochete / Samouco marshes (2010, 2026)",
648,38.725406,-8.978004,14.126,False,"Alcochete / Samouco marshes (2010, 2026)",
649,38.725447,-8.978578,14.451,False,"Alcochete / Samouco marshes (2010, 2026)",
650,38.725488,-8.979152,14.546,False,"Alcochete / Samouco marshes (2010, 2026)",
651,38.725529,-8.979726,14.178,False,"Alcochete / Samouco marshes (2010, 2026)",
652,38.725569,-8.9803,13.758,False,"Alcochete / Samouco marshes (2010, 2026)",
653,38.725608,-8.980874,13.327,False,"Alcochete / Samouco marshes (2010, 2026)",
654,38.725648,-8.981448,13.06,False,"Alcochete / Samouco marshes (2010, 2026)",
655,38.725692,-8.982022,12.619,False,"Alcochete / Samouco marshes (2010, 2026)",
656,38.725743,-8.982594,12.23,False,"Alcochete / Samouco marshes (2010, 2026)",
657,38.725803,-8.983166,11.977,False,"Alcochete / Samouco marshes (2010, 2026)",
658,38.725871,-8.983735,11.559,False,"Alcochete / Samouco marshes (2010, 2026)",
659,38.725952,-8.984302,10.295,False,"Alcochete / Samouco marshes (2010, 2026)",
660,38.726044,-8.984866,8.563,False,"Alcochete / Samouco marshes (2010, 2026)",
661,38.726147,-8.985427,7.051,False,"Alcochete / Samouco marshes (2010, 2026)",
662,38.726261,-8.985985,6.385,False,"Alcochete / Samouco marshes (2010, 2026)",
663,38.726386,-8.986539,7.318,False,"Alcochete / Samouco marshes (2010, 2026)",
664,38.726521,-8.987088,9.248,False,"Alcochete / Samouco marshes (2010, 2026)",
665,38.726666,-8.987634,10.751,False,"Alcochete / Samouco marshes (2010, 2026)",
666,38.726824,-8.988174,10.877,False,"Alcochete / Samouco marshes (2010, 2026)",
667,38.726992,-8.988708,10.301,False,"Alcochete / Samouco marshes (2010, 2026)",
668,38.72717,-8.989237,8.553,False,"Alcochete / Samouco marshes (2010, 2026)",
669,38.727223,-8.989257,8.39,False,"Alcochete / Samouco marshes (2010, 2026)",
670,38.727127,-8.988694,9.798,False,"Alcochete / Samouco marshes (2010, 2026)",
671,38.72703,-8.988131,10.026,False,"Alcochete / Samouco marshes (2010, 2026)",
672,38.726933,-8.987568,9.56,False,"Alcochete / Samouco marshes (2010, 2026)",
673,38.726837,-8.987005,8.258,False,"Alcochete / Samouco marshes (2010, 2026)",
674,38.72674,-8.986442,6.578,False,"Alcochete / Samouco marshes (2010, 2026)",
675,38.726644,-8.985879,5.535,False,"Alcochete / Samouco marshes (2010, 2026)",
676,38.726547,-8.985316,6.389,False,"Alcochete / Samouco marshes (2010, 2026)",
677,38.72645,-8.984754,8.01,False,"Alcochete / Samouco marshes (2010, 2026)",
678,38.726354,-8.984191,9.627,False,"Alcochete / Samouco marshes (2010, 2026)",
679,38.726257,-8.983628,10.661,False,"Alcochete / Samouco marshes (2010, 2026)",
680,38.72616,-8.983065,11.367,False,"Alcochete / Samouco marshes (2010, 2026)",
681,38.726064,-8.982502,12.126,False,"Alcochete / Samouco marshes (2010, 2026)",
682,38.725967,-8.981939,12.615,False,"Alcochete / Samouco marshes (2010, 2026)",
683,38.725871,-8.981376,13.008,False,"Alcochete / Samouco marshes (2010, 2026)",
684,38.725774,-8.980813,13.209,False,"Alcochete / Samouco marshes (2010, 2026)",
685,38.725677,-8.98025,13.761,False,"Alcochete / Samouco marshes (2010, 2026)",
686,38.725581,-8.979687,14.252,False,"Alcochete / Samouco marshes (2010, 2026)",
687,38.725484,-8.979124,14.551,False,"Alcochete / Samouco marshes (2010, 2026)",
688,38.725388,-8.978562,14.387,False,"Alcochete / Samouco marshes (2010, 2026)",
689,38.725291,-8.977999,14.149,False,"Alcochete / Samouco marshes (2010, 2026)",
690,38.725194,-8.977436,13.895,False,"Alcochete / Samouco marshes (2010, 2026)",
691,38.725098,-8.976873,13.619,False,"Alcochete / Samouco marshes (2010, 2026)",
692,38.725001,-8.97631,13.159,False,"Alcochete / Samouco marshes (2010, 2026)",
693,38.724904,-8.975747,12.228,False,"Alcochete / Samouco marshes (2010, 2026)",
694,38.724808,-8.975184,12.371,False,"Alcochete / Samouco marshes (2010, 2026)",
695,38.724711,-8.974621,13.184,False,"Alcochete / Samouco marshes (2010, 2026)",
696,38.724615,-8.974058,14.276,False,"Alcochete / Samouco marshes (2010, 2026)",
697,38.724518,-8.973495,14.673,False,"Alcochete / Samouco marshes (2010, 2026)",
698,38.72441,-8.972937,14.448,False,"Alcochete / Samouco marshes (2010, 2026)",
699,38.724257,-8.972394,14.119,False,"Alcochete / Samouco marshes (2010, 2026)",
700,38.724093,-8.971858,13.22,False,"Alcochete / Samouco marshes (2010, 2026)",
701,38.723924,-8.971324,13.188,False,"Alcochete / Samouco marshes (2010, 2026)",
702,38.723755,-8.97079,14.113,False,"Alcochete / Samouco marshes (2010, 2026)",
703,38.723586,-8.970256,14.528,False,"Alcochete / Samouco marshes (2010, 2026)",
704,38.723416,-8.969722,15.373,False,"Alcochete / Samouco marshes (2010, 2026)",
705,38.723247,-8.969188,15.894,False,"Alcochete / Samouco marshes (2010, 2026)",
706,38.723078,-8.968654,15.43,False,"Alcochete / Samouco marshes (2010, 2026)",
707,38.722908,-8.96812,14.893,False,"Alcochete / Samouco marshes (2010, 2026)",
708,38.722739,-8.967586,15.658,False,"Alcochete / Samouco marshes (2010, 2026)",
709,38.72257,-8.967052,15.468,False,"Alcochete / Samouco marshes (2010, 2026)",
710,38.7224,-8.966518,14.787,False,"Alcochete / Samouco marshes (2010, 2026)",
711,38.722229,-8.965985,16.222,False,"Alcochete / Samouco marshes (2010, 2026)",
712,38.722052,-8.965455,17.953,False,"Alcochete / Samouco marshes (2010, 2026)",
713,38.721873,-8.964927,20.386,False,"Alcochete / Samouco marshes (2010, 2026)",
714,38.721686,-8.964403,21.484,False,"Alcochete / Samouco marshes (2010, 2026)",
715,38.721494,-8.963882,20.601,False,"Alcochete / Samouco marshes (2010, 2026)",
716,38.721296,-8.963364,19.232,False,"Alcochete / Samouco marshes (2010, 2026)",
717,38.721097,-8.962847,20.019,False,"Alcochete / Samouco marshes (2010, 2026)",
718,38.720898,-8.962331,21.572,False,"Alcochete / Samouco marshes (2010, 2026)",
719,38.720699,-8.961814,21.13,False,"Alcochete / Samouco marshes (2010, 2026)",
720,38.7205,-8.961297,21.188,False,"Alcochete / Samouco marshes (2010, 2026)",
721,38.7203,-8.96078,22.297,False,"Alcochete / Samouco marshes (2010, 2026)",
722,38.720101,-8.960264,22.42,False,"Alcochete / Samouco marshes (2010, 2026)",
723,38.719903,-8.959747,22.64,False,"Alcochete / Samouco marshes (2010, 2026)",
724,38.719705,-8.959229,23.17,False,"Alcochete / Samouco marshes (2010, 2026)",
725,38.719497,-8.958718,23.447,False,"Alcochete / Samouco marshes (2010, 2026)",
726,38.719258,-8.958231,23.826,False,"Alcochete / Samouco marshes (2010, 2026)",
727,38.719019,-8.957743,23.4,False,"Alcochete / Samouco marshes (2010, 2026)",
728,38.718779,-8.957255,22.241,False,"Alcochete / Samouco marshes (2010, 2026)",
729,38.71854,-8.956767,21.603,False,"Alcochete / Samouco marshes (2010, 2026)",
730,38.718301,-8.956279,21.641,False,"Alcochete / Samouco marshes (2010, 2026)",
731,38.718062,-8.955791,22.346,False,"Alcochete / Samouco marshes (2010, 2026)",
732,38.717823,-8.955303,24.547,False,"Alcochete / Samouco marshes (2010, 2026)",
733,38.717583,-8.954815,27.148,False,"Alcochete / Samouco marshes (2010, 2026)",
734,38.717344,-8.954327,29.228,False,"Alcochete / Samouco marshes (2010, 2026)",
735,38.717105,-8.953839,30.727,False,"Alcochete / Samouco marshes (2010, 2026)",
736,38.716866,-8.953351,31.995,False,"Alcochete / Samouco marshes (2010, 2026)",
737,38.716626,-8.952864,32.781,False,"Alcochete / Samouco marshes (2010, 2026)",
738,38.716387,-8.952376,33.103,False,"Alcochete / Samouco marshes (2010, 2026)",
739,38.716148,-8.951888,32.893,False,"Alcochete / Samouco marshes (2010, 2026)",
740,38.715909,-8.9514,33.211,False,"Alcochete / Samouco marshes (2010, 2026)",
741,38.71567,-8.950912,33.306,False,"Alcochete / Samouco marshes (2010, 2026)",
742,38.71543,-8.950424,33.271,False,"Alcochete / Samouco marshes (2010, 2026)",
743,38.715191,-8.949936,32.706,False,"Alcochete / Samouco marshes (2010, 2026)",
744,38.714952,-8.949448,32.723,False,"Alcochete / Samouco marshes (2010, 2026)",
745,38.714713,-8.94896,33.011,False,"Alcochete / Samouco marshes (2010, 2026)",
746,38.714474,-8.948472,32.469,False,"Alcochete / Samouco marshes (2010, 2026)",
747,38.714234,-8.947984,31.765,False,"Alcochete / Samouco marshes (2010, 2026)",
748,38.713995,-8.947497,32.063,False,"Alcochete / Samouco marshes (2010, 2026)",
749,38.713756,-8.947009,32.605,False,"Alcochete / Samouco marshes (2010, 2026)",
750,38.713517,-8.946521,32.666,False,"Alcochete / Samouco marshes (2010, 2026)",
751,38.713278,-8.946033,31.756,False,"Alcochete / Samouco marshes (2010, 2026)",
752,38.713038,-8.945545,31.086,False,"Alcochete / Samouco marshes (2010, 2026)",
753,38.712799,-8.945057,30.822,False,"Alcochete / Samouco marshes (2010, 2026)",
754,38.71256,-8.944569,30.864,False,"Alcochete / Samouco marshes (2010, 2026)",
755,38.712321,-8.944081,30.495,False,"Alcochete / Samouco marshes (2010, 2026)",
756,38.712082,-8.943593,29.821,False,"Alcochete / Samouco marshes (2010, 2026)",
757,38.711842,-8.943105,28.475,False,"Alcochete / Samouco marshes (2010, 2026)",
758,38.711603,-8.942617,27.092,False,"Alcochete / Samouco marshes (2010, 2026)",
759,38.711364,-8.942129,27.759,False,"Alcochete / Samouco marshes (2010, 2026)",
760,38.711125,-8.941642,29.3,False,"Alcochete / Samouco marshes (2010, 2026)",
761,38.710886,-8.941154,30.513,False,"Alcochete / Samouco marshes (2010, 2026)",
762,38.710646,-8.940666,31.64,False,"Alcochete / Samouco marshes (2010, 2026)",
763,38.710407,-8.940178,32.776,False,"Alcochete / Samouco marshes (2010, 2026)",
764,38.710168,-8.93969,33.82,False,"Alcochete / Samouco marshes (2010, 2026)",
765,38.709929,-8.939202,35.279,False,"Alcochete / Samouco marshes (2010, 2026)",
766,38.709689,-8.938714,36.169,False,"Alcochete / Samouco marshes (2010, 2026)",
767,38.70945,-8.938226,36.622,False,"Alcochete / Samouco marshes (2010, 2026)",
768,38.709211,-8.937738,37.003,False,"Alcochete / Samouco marshes (2010, 2026)",
769,38.708972,-8.93725,37.732,False,"Alcochete / Samouco marshes (2010, 2026)",
770,38.708733,-8.936762,39.146,False,"Alcochete / Samouco marshes (2010, 2026)",
771,38.708493,-8.936275,40.798,False,"Alcochete / Samouco marshes (2010, 2026)",
772,38.708254,-8.935787,42.523,False,"Alcochete / Samouco marshes (2010, 2026)",
773,38.708015,-8.935299,44.003,False,"Alcochete / Samouco marshes (2010, 2026)",
774,38.707776,-8.934811,44.889,False,"Alcochete / Samouco marshes (2010, 2026)",
775,38.707537,-8.934323,46.176,False,"Alcochete / Samouco marshes (2010, 2026)",
776,38.707297,-8.933835,47.95,False,"Alcochete / Samouco marshes (2010, 2026)",
777,38.707058,-8.933347,49.357,False,"Alcochete / Samouco marshes (2010, 2026)",
778,38.706819,-8.932859,50.557,False,"Alcochete / Samouco marshes (2010, 2026)",
779,38.70658,-8.932371,50.598,False,"Alcochete / Samouco marshes (2010, 2026)",
780,38.706341,-8.931883,49.754,False,"Alcochete / Samouco marshes (2010, 2026)",
781,38.706101,-8.931395,48.81,False,"Alcochete / Samouco marshes (2010, 2026)",
782,38.705862,-8.930908,47.758,False,"Alcochete / Samouco marshes (2010, 2026)",
783,38.705623,-8.93042,48.254,False,"Alcochete / Samouco marshes (2010, 2026)",
784,38.705384,-8.929932,49.892,False,"Alcochete / Samouco marshes (2010, 2026)",
785,38.705145,-8.929444,51.525,False,"Alcochete / Samouco marshes (2010, 2026)",
786,38.704905,-8.928956,53.067,False,"Alcochete / Samouco marshes (2010, 2026)",
787,38.704666,-8.928468,53.578,False,"Alcochete / Samouco marshes (2010, 2026)",
788,38.704427,-8.92798,52.948,False,"Alcochete / Samouco marshes (2010, 2026)",
789,38.704188,-8.927492,51.813,False,"Alcochete / Samouco marshes (2010, 2026)",
790,38.703949,-8.927004,50.603,False,"Alcochete / Samouco marshes (2010, 2026)",
791,38.703709,-8.926516,49.724,False,"Alcochete / Samouco marshes (2010, 2026)",
792,38.70347,-8.926028,49.486,False,"Alcochete / Samouco marshes (2010, 2026)",
793,38.703231,-8.92554,48.446,False,"Alcochete / Samouco marshes (2010, 2026)",
794,38.702992,-8.925053,45.826,False,"Alcochete / Samouco marshes (2010, 2026)",
795,38.702752,-8.924565,43.887,False,"Alcochete / Samouco marshes (2010, 2026)",
796,38.702513,-8.924077,42.158,False,"Alcochete / Samouco marshes (2010, 2026)",
797,38.702274,-8.923589,40.968,False,"Alcochete / Samouco marshes (2010, 2026)",
798,38.702035,-8.923101,40.006,False,"Alcochete / Samouco marshes (2010, 2026)",
799,38.701796,-8.922613,39.327,False,"Alcochete / Samouco marshes (2010, 2026)",
800,38.701556,-8.922125,38.105,False,"Alcochete / Samouco marshes (2010, 2026)",
801,38.701317,-8.921637,37.182,False,"Alcochete / Samouco marshes (2010, 2026)",
802,38.701078,-8.921149,37.075,False,"Alcochete / Samouco marshes (2010, 2026)",
803,38.700839,-8.920661,36.884,False,"Alcochete / Samouco marshes (2010, 2026)",
804,38.7006,-8.920173,35.966,False,"Alcochete / Samouco marshes (2010, 2026)",
805,38.70036,-8.919686,34.875,False,"Alcochete / Samouco marshes (2010, 2026)",
806,38.700121,-8.919198,33.462,False,"Alcochete / Samouco marshes (2010, 2026)",
807,38.699882,-8.91871,33.445,False,Bridge south approach viaduct (structural SLR exposure),
808,38.699643,-8.918222,33.586,False,Bridge south approach viaduct (structural SLR exposure),
809,38.699404,-8.917734,31.652,False,Bridge south approach viaduct (structural SLR exposure),
810,38.699164,-8.917246,29.589,False,Bridge south approach viaduct (structural SLR exposure),
811,38.698925,-8.916758,27.685,False,Bridge south approach viaduct (structural SLR exposure),
812,38.698686,-8.91627,26.274,False,Bridge south approach viaduct (structural SLR exposure),
813,38.698447,-8.915782,25.57,False,Bridge south approach viaduct (structural SLR exposure),
814,38.698208,-8.915294,25.277,False,Bridge south approach viaduct (structural SLR exposure),
815,38.697968,-8.914806,25.047,False,Bridge south approach viaduct (structural SLR exposure),
816,38.697729,-8.914318,24.223,False,Bridge south approach viaduct (structural SLR exposure),
817,38.69749,-8.913831,23.294,False,Bridge south approach viaduct (structural SLR exposure),
818,38.697251,-8.913343,22.705,False,Bridge south approach viaduct (structural SLR exposure),
819,38.697012,-8.912855,22.733,False,Bridge south approach viaduct (structural SLR exposure),
820,38.696772,-8.912367,22.564,False,Bridge south approach viaduct (structural SLR exposure),
821,38.696533,-8.911879,22.483,False,Bridge south approach viaduct (structural SLR exposure),
822,38.696294,-8.911391,21.7,False,Bridge south approach viaduct (structural SLR exposure),
823,38.696055,-8.910903,20.042,False,Bridge south approach viaduct (structural SLR exposure),
824,38.695815,-8.910415,19.025,False,Bridge south approach viaduct (structural SLR exposure),
825,38.695576,-8.909927,19.473,False,Bridge south approach viaduct (structural SLR exposure),
826,38.695337,-8.909439,19.729,False,Bridge south approach viaduct (structural SLR exposure),
827,38.695098,-8.908951,18.747,False,Bridge south approach viaduct (structural SLR exposure),
828,38.694859,-8.908464,17.693,False,Bridge south approach viaduct (structural SLR exposure),
829,38.694619,-8.907976,16.722,False,Bridge south approach viaduct (structural SLR exposure),
830,38.69438,-8.907488,16.417,False,Bridge south approach viaduct (structural SLR exposure),
831,38.694141,-8.907,16.818,False,Bridge south approach viaduct (structural SLR exposure),
832,38.693902,-8.906512,17.122,False,Bridge south approach viaduct (structural SLR exposure),
833,38.693663,-8.906024,17.457,False,Bridge south approach viaduct (structural SLR exposure),
834,38.693423,-8.905536,17.73,False,Bridge south approach viaduct (structural SLR exposure),
835,38.693184,-8.905048,18.009,False,Bridge south approach viaduct (structural SLR exposure),
836,38.692945,-8.90456,17.233,False,Bridge south approach viaduct (structural SLR exposure),
837,38.692706,-8.904072,16.204,False,Bridge south approach viaduct (structural SLR exposure),
838,38.692467,-8.903584,16.739,False,Bridge south approach viaduct (structural SLR exposure),
839,38.692227,-8.903097,17.247,False,Bridge south approach viaduct (structural SLR exposure),
840,38.691988,-8.902609,17.262,False,Bridge south approach viaduct (structural SLR exposure),
841,38.691749,-8.902121,17.671,False,Bridge south approach viaduct (structural SLR exposure),
842,38.69151,-8.901633,17.967,False,Bridge south approach viaduct (structural SLR exposure),
843,38.691271,-8.901145,17.565,False,Bridge south approach viaduct (structural SLR exposure),
844,38.691031,-8.900657,17.497,False,Bridge south approach viaduct (structural SLR exposure),
845,38.690792,-8.900169,18.505,False,Bridge south approach viaduct (structural SLR exposure),
846,38.690553,-8.899681,19.622,False,Bridge south approach viaduct (structural SLR exposure),
847,38.690314,-8.899193,20.767,False,Bridge south approach viaduct (structural SLR exposure),
848,38.69038,-8.899027,20.632,False,Bridge south approach viaduct (structural SLR exposure),
849,38.6908,-8.899232,19.839,False,Bridge south approach viaduct (structural SLR exposure),
850,38.69122,-8.899437,19.406,False,Bridge south approach viaduct (structural SLR exposure),
851,38.691641,-8.899643,19.192,False,Bridge south approach viaduct (structural SLR exposure),
852,38.692061,-8.899848,19.065,False,Bridge south approach viaduct (structural SLR exposure),
853,38.692481,-8.900053,18.967,False,Bridge south approach viaduct (structural SLR exposure),
854,38.692903,-8.900251,19.071,False,Bridge south approach viaduct (structural SLR exposure),
855,38.693325,-8.90045,19.364,False,Bridge south approach viaduct (structural SLR exposure),
856,38.693747,-8.900648,20.004,False,Bridge south approach viaduct (structural SLR exposure),
857,38.69417,-8.900847,20.605,False,Bridge south approach viaduct (structural SLR exposure),
858,38.694592,-8.901045,20.866,False,Bridge south approach viaduct (structural SLR exposure),
859,38.695014,-8.901244,20.487,False,Bridge south approach viaduct (structural SLR exposure),
860,38.695436,-8.901442,20.306,False,Bridge south approach viaduct (structural SLR exposure),
861,38.695858,-8.90164,19.673,False,Bridge south approach viaduct (structural SLR exposure),
862,38.69628,-8.901839,18.436,False,Bridge south approach viaduct (structural SLR exposure),
863,38.696702,-8.902037,17.552,False,Bridge south approach viaduct (structural SLR exposure),
864,38.697125,-8.902236,17.21,False,Bridge south approach viaduct (structural SLR exposure),
865,38.697547,-8.902434,16.961,False,Bridge south approach viaduct (structural SLR exposure),
866,38.697969,-8.902632,16.538,False,Bridge south approach viaduct (structural SLR exposure),
867,38.698391,-8.90283,15.587,False,Bridge south approach viaduct (structural SLR exposure),
868,38.698814,-8.903026,14.953,False,Bridge south approach viaduct (structural SLR exposure),
869,38.699237,-8.903221,15.164,False,Bridge south approach viaduct (structural SLR exposure),
870,38.69966,-8.903417,15.49,False,Bridge south approach viaduct (structural SLR exposure),
871,38.700083,-8.903613,16.003,False,"Alcochete / Samouco marshes (2010, 2026)",
872,38.700506,-8.903809,16.562,False,"Alcochete / Samouco marshes (2010, 2026)",
873,38.700929,-8.904004,16.176,False,"Alcochete / Samouco marshes (2010, 2026)",
874,38.701146,-8.904494,13.367,False,"Alcochete / Samouco marshes (2010, 2026)",
875,38.701345,-8.905011,11.846,False,"Alcochete / Samouco marshes (2010, 2026)",
876,38.701543,-8.905528,13.779,False,"Alcochete / Samouco marshes (2010, 2026)",
877,38.701742,-8.906045,15.825,False,"Alcochete / Samouco marshes (2010, 2026)",
878,38.70194,-8.906562,18.27,False,"Alcochete / Samouco marshes (2010, 2026)",
879,38.702139,-8.907079,19.292,False,"Alcochete / Samouco marshes (2010, 2026)",
880,38.702337,-8.907596,19.358,False,"Alcochete / Samouco marshes (2010, 2026)",
881,38.702536,-8.908113,19.881,False,"Alcochete / Samouco marshes (2010, 2026)",
882,38.702734,-8.90863,21.389,False,"Alcochete / Samouco marshes (2010, 2026)",
883,38.702933,-8.909147,22.928,False,"Alcochete / Samouco marshes (2010, 2026)",
884,38.703131,-8.909664,24.174,False,"Alcochete / Samouco marshes (2010, 2026)",
885,38.70333,-8.910181,23.982,False,"Alcochete / Samouco marshes (2010, 2026)",
886,38.703529,-8.910699,22.841,False,"Alcochete / Samouco marshes (2010, 2026)",
887,38.703727,-8.911216,23.226,False,"Alcochete / Samouco marshes (2010, 2026)",
888,38.703926,-8.911733,23.934,False,"Alcochete / Samouco marshes (2010, 2026)",
889,38.704124,-8.91225,25.84,False,"Alcochete / Samouco marshes (2010, 2026)",
890,38.704323,-8.912767,27.213,False,"Alcochete / Samouco marshes (2010, 2026)",
891,38.704521,-8.913284,28.236,False,"Alcochete / Samouco marshes (2010, 2026)",
892,38.70472,-8.913801,28.943,False,"Alcochete / Samouco marshes (2010, 2026)",
893,38.704918,-8.914318,29.62,False,"Alcochete / Samouco marshes (2010, 2026)",
894,38.705117,-8.914835,30.534,False,"Alcochete / Samouco marshes (2010, 2026)",
895,38.705315,-8.915352,31.628,False,"Alcochete / Samouco marshes (2010, 2026)",
896,38.705514,-8.915869,32.28,False,"Alcochete / Samouco marshes (2010, 2026)",
897,38.705712,-8.916386,32.536,False,"Alcochete / Samouco marshes (2010, 2026)",
898,38.705911,-8.916903,33.654,False,"Alcochete / Samouco marshes (2010, 2026)",
899,38.70611,-8.91742,35.502,False,"Alcochete / Samouco marshes (2010, 2026)",
900,38.706308,-8.917937,37.372,False,"Alcochete / Samouco marshes (2010, 2026)",
901,38.706507,-8.918454,39.248,False,"Alcochete / Samouco marshes (2010, 2026)",
902,38.706705,-8.918971,41.058,False,"Alcochete / Samouco marshes (2010, 2026)",
903,38.706904,-8.919488,45.732,False,"Alcochete / Samouco marshes (2010, 2026)",
904,38.707102,-8.920005,52.736,False,"Alcochete / Samouco marshes (2010, 2026)",
905,38.707301,-8.920522,58.607,False,"Alcochete / Samouco marshes (2010, 2026)",
906,38.707499,-8.921039,63.915,False,"Alcochete / Samouco marshes (2010, 2026)",
907,38.707698,-8.921556,66.065,False,"Alcochete / Samouco marshes (2010, 2026)",
908,38.707896,-8.922073,64.782,False,"Alcochete / Samouco marshes (2010, 2026)",
909,38.708095,-8.92259,61.574,False,"Alcochete / Samouco marshes (2010, 2026)",
910,38.708294,-8.923107,58.156,False,"Alcochete / Samouco marshes (2010, 2026)",
911,38.708492,-8.923624,55.095,False,"Alcochete / Samouco marshes (2010, 2026)",
912,38.708691,-8.924141,53.052,False,"Alcochete / Samouco marshes (2010, 2026)",
913,38.708889,-8.924658,52.688,False,"Alcochete / Samouco marshes (2010, 2026)",
914,38.709088,-8.925175,52.157,False,"Alcochete / Samouco marshes (2010, 2026)",
915,38.709286,-8.925692,51.623,False,"Alcochete / Samouco marshes (2010, 2026)",
916,38.709485,-8.926209,50.309,False,"Alcochete / Samouco marshes (2010, 2026)",
917,38.709683,-8.926726,48.645,False,"Alcochete / Samouco marshes (2010, 2026)",
918,38.709882,-8.927243,48.61,False,"Alcochete / Samouco marshes (2010, 2026)",
919,38.71008,-8.92776,49.142,False,"Alcochete / Samouco marshes (2010, 2026)",
920,38.710279,-8.928277,49.994,False,"Alcochete / Samouco marshes (2010, 2026)",
921,38.710477,-8.928794,51.327,False,"Alcochete / Samouco marshes (2010, 2026)",
922,38.710676,-8.929311,52.181,False,"Alcochete / Samouco marshes (2010, 2026)",
923,38.710875,-8.929828,52.522,False,"Alcochete / Samouco marshes (2010, 2026)",
924,38.711073,-8.930345,53.019,False,"Alcochete / Samouco marshes (2010, 2026)",
925,38.711272,-8.930862,53.158,False,"Alcochete / Samouco marshes (2010, 2026)",
926,38.71147,-8.931379,53.026,False,"Alcochete / Samouco marshes (2010, 2026)",
927,38.711669,-8.931897,51.382,False,"Alcochete / Samouco marshes (2010, 2026)",
928,38.711867,-8.932414,49.987,False,"Alcochete / Samouco marshes (2010, 2026)",
929,38.712066,-8.932931,48.271,False,"Alcochete / Samouco marshes (2010, 2026)",
930,38.712264,-8.933448,46.1,False,"Alcochete / Samouco marshes (2010, 2026)",
931,38.712463,-8.933965,44.974,False,"Alcochete / Samouco marshes (2010, 2026)",
932,38.712661,-8.934482,44.551,False,"Alcochete / Samouco marshes (2010, 2026)",
933,38.71286,-8.934999,43.906,False,"Alcochete / Samouco marshes (2010, 2026)",
934,38.713058,-8.935516,43.354,False,"Alcochete / Samouco marshes (2010, 2026)",
935,38.713257,-8.936033,43.565,False,"Alcochete / Samouco marshes (2010, 2026)",
936,38.713456,-8.93655,43.711,False,"Alcochete / Samouco marshes (2010, 2026)",
937,38.713654,-8.937067,43.135,False,"Alcochete / Samouco marshes (2010, 2026)",
938,38.713853,-8.937584,42.104,False,"Alcochete / Samouco marshes (2010, 2026)",
939,38.714051,-8.938101,40.994,False,"Alcochete / Samouco marshes (2010, 2026)",
940,38.71425,-8.938618,39.825,False,"Alcochete / Samouco marshes (2010, 2026)",
941,38.714448,-8.939135,38.214,False,"Alcochete / Samouco marshes (2010, 2026)",
942,38.714647,-8.939652,36.87,False,"Alcochete / Samouco marshes (2010, 2026)",
943,38.714845,-8.940169,35.783,False,"Alcochete / Samouco marshes (2010, 2026)",
944,38.715044,-8.940686,35.361,False,"Alcochete / Samouco marshes (2010, 2026)",
945,38.715242,-8.941203,36.59,False,"Alcochete / Samouco marshes (2010, 2026)",
946,38.714973,-8.941186,36.246,False,"Alcochete / Samouco marshes (2010, 2026)",
947,38.714549,-8.940994,35.645,False,"Alcochete / Samouco marshes (2010, 2026)",
948,38.714126,-8.940801,35.466,False,"Alcochete / Samouco marshes (2010, 2026)",
949,38.713702,-8.940607,35.114,False,"Alcochete / Samouco marshes (2010, 2026)",
950,38.713278,-8.940414,34.384,False,"Alcochete / Samouco marshes (2010, 2026)",
951,38.712854,-8.940223,33.14,False,"Alcochete / Samouco marshes (2010, 2026)",
952,38.71243,-8.940033,31.857,False,"Alcochete / Samouco marshes (2010, 2026)",
953,38.712005,-8.939843,32.055,False,"Alcochete / Samouco marshes (2010, 2026)",
954,38.711575,-8.939676,33.14,False,"Alcochete / Samouco marshes (2010, 2026)",
955,38.71114,-8.93953,33.818,False,"Alcochete / Samouco marshes (2010, 2026)",
956,38.710697,-8.939438,34.215,False,"Alcochete / Samouco marshes (2010, 2026)",
957,38.71025,-8.939369,34.645,False,"Alcochete / Samouco marshes (2010, 2026)",
958,38.709804,-8.939298,34.934,False,"Alcochete / Samouco marshes (2010, 2026)",
959,38.709355,-8.939274,34.5,False,"Alcochete / Samouco marshes (2010, 2026)",
960,38.708905,-8.939286,34.003,False,"Alcochete / Samouco marshes (2010, 2026)",
961,38.708457,-8.939321,33.528,False,"Alcochete / Samouco marshes (2010, 2026)",
962,38.708586,-8.939638,33.187,False,"Alcochete / Samouco marshes (2010, 2026)",
963,38.708904,-8.940045,32.606,False,"Alcochete / Samouco marshes (2010, 2026)",
964,38.709222,-8.940452,32.508,False,"Alcochete / Samouco marshes (2010, 2026)",
965,38.70954,-8.94086,32.234,False,"Alcochete / Samouco marshes (2010, 2026)",
966,38.709858,-8.941267,31.108,False,"Alcochete / Samouco marshes (2010, 2026)",
967,38.710176,-8.941675,30.235,False,"Alcochete / Samouco marshes (2010, 2026)",
968,38.710494,-8.942082,29.716,False,"Alcochete / Samouco marshes (2010, 2026)",
969,38.710812,-8.94249,28.363,False,"Alcochete / Samouco marshes (2010, 2026)",
970,38.71113,-8.942897,26.263,False,"Alcochete / Samouco marshes (2010, 2026)",
971,38.711448,-8.943304,26.739,False,"Alcochete / Samouco marshes (2010, 2026)",
972,38.711766,-8.943712,29.126,False,"Alcochete / Samouco marshes (2010, 2026)",
973,38.712084,-8.944119,30.031,False,"Alcochete / Samouco marshes (2010, 2026)",
974,38.712402,-8.944527,30.533,False,"Alcochete / Samouco marshes (2010, 2026)",
975,38.71272,-8.944934,30.806,False,"Alcochete / Samouco marshes (2010, 2026)",
976,38.713038,-8.945342,31.102,False,"Alcochete / Samouco marshes (2010, 2026)",
977,38.713356,-8.945749,31.671,False,"Alcochete / Samouco marshes (2010, 2026)",
978,38.713674,-8.946156,32.765,False,"Alcochete / Samouco marshes (2010, 2026)",
979,38.713992,-8.946564,33.912,False,"Alcochete / Samouco marshes (2010, 2026)",
980,38.71431,-8.946971,34.286,False,"Alcochete / Samouco marshes (2010, 2026)",
981,38.714628,-8.947379,34.303,False,"Alcochete / Samouco marshes (2010, 2026)",
982,38.714946,-8.947786,34.67,False,"Alcochete / Samouco marshes (2010, 2026)",
983,38.715264,-8.948194,34.397,False,"Alcochete / Samouco marshes (2010, 2026)",
984,38.715582,-8.948601,34.603,False,"Alcochete / Samouco marshes (2010, 2026)",
985,38.7159,-8.949008,35.322,False,"Alcochete / Samouco marshes (2010, 2026)",
986,38.716218,-8.949416,35.965,False,"Alcochete / Samouco marshes (2010, 2026)",
987,38.716536,-8.949823,36.472,False,"Alcochete / Samouco marshes (2010, 2026)",
988,38.716854,-8.950231,35.593,False,"Alcochete / Samouco marshes (2010, 2026)",
989,38.717172,-8.950638,34.469,False,"Alcochete / Samouco marshes (2010, 2026)",
990,38.71749,-8.951046,33.459,False,"Alcochete / Samouco marshes (2010, 2026)",
991,38.717506,-8.950747,34.171,False,"Alcochete / Samouco marshes (2010, 2026)",
992,38.71741,-8.950184,35.461,False,"Alcochete / Samouco marshes (2010, 2026)",
993,38.717322,-8.949619,36.485,False,"Alcochete / Samouco marshes (2010, 2026)",
994,38.717248,-8.94905,37.057,False,"Alcochete / Samouco marshes (2010, 2026)",
995,38.717193,-8.948478,37.865,False,"Alcochete / Samouco marshes (2010, 2026)",
996,38.717155,-8.947904,38.456,False,"Alcochete / Samouco marshes (2010, 2026)",
997,38.717138,-8.947328,39.004,False,"Alcochete / Samouco marshes (2010, 2026)",
998,38.717125,-8.946752,39.587,False,"Alcochete / Samouco marshes (2010, 2026)",
999,38.717128,-8.946176,39.585,False,"Alcochete / Samouco marshes (2010, 2026)",
1000,38.717146,-8.9456,39.5,False,"Alcochete / Samouco marshes (2010, 2026)",
1001,38.717173,-8.945025,40.331,False,"Alcochete / Samouco marshes (2010, 2026)",
1002,38.717228,-8.945154,40.2,False,"Alcochete / Samouco marshes (2010, 2026)",
1003,38.717297,-8.945724,39.441,False,"Alcochete / Samouco marshes (2010, 2026)",
1004,38.717366,-8.946293,39.387,False,"Alcochete / Samouco marshes (2010, 2026)",
1005,38.717435,-8.946863,39.296,False,"Alcochete / Samouco marshes (2010, 2026)",
1006,38.717504,-8.947432,39.22,False,"Alcochete / Samouco marshes (2010, 2026)",
1007,38.717573,-8.948002,39.153,False,"Alcochete / Samouco marshes (2010, 2026)",
1008,38.717642,-8.948571,38.075,False,"Alcochete / Samouco marshes (2010, 2026)",
1009,38.717711,-8.949141,36.502,False,"Alcochete / Samouco marshes (2010, 2026)",
1010,38.71778,-8.94971,35.771,False,"Alcochete / Samouco marshes (2010, 2026)",
1011,38.717849,-8.950279,34.963,False,"Alcochete / Samouco marshes (2010, 2026)",
1012,38.717918,-8.950849,33.921,False,"Alcochete / Samouco marshes (2010, 2026)",
1013,38.717987,-8.951418,32.605,False,"Alcochete / Samouco marshes (2010, 2026)",
1014,38.718056,-8.951988,31.512,False,"Alcochete / Samouco marshes (2010, 2026)",
1015,38.718125,-8.952557,30.323,False,"Alcochete / Samouco marshes (2010, 2026)",
1016,38.718262,-8.953105,28.792,False,"Alcochete / Samouco marshes (2010, 2026)",
1017,38.718419,-8.953644,27.049,False,"Alcochete / Samouco marshes (2010, 2026)",
1018,38.718584,-8.954181,25.517,False,"Alcochete / Samouco marshes (2010, 2026)",
1019,38.718749,-8.954717,24.143,False,"Alcochete / Samouco marshes (2010, 2026)",
1020,38.718913,-8.955253,22.49,False,"Alcochete / Samouco marshes (2010, 2026)",
1021,38.719087,-8.955785,21.473,False,"Alcochete / Samouco marshes (2010, 2026)",
1022,38.719267,-8.956313,22.799,False,"Alcochete / Samouco marshes (2010, 2026)",
1023,38.719449,-8.95684,24.243,False,"Alcochete / Samouco marshes (2010, 2026)",
1024,38.719634,-8.957365,25.145,False,"Alcochete / Samouco marshes (2010, 2026)",
1025,38.719818,-8.957891,24.338,False,"Alcochete / Samouco marshes (2010, 2026)",
1026,38.719998,-8.958419,23.673,False,"Alcochete / Samouco marshes (2010, 2026)",
1027,38.719937,-8.958394,23.652,False,"Alcochete / Samouco marshes (2010, 2026)",
1028,38.719684,-8.957917,24.262,False,"Alcochete / Samouco marshes (2010, 2026)",
1029,38.719431,-8.957441,24.698,False,"Alcochete / Samouco marshes (2010, 2026)",
1030,38.719178,-8.956965,23.471,False,"Alcochete / Samouco marshes (2010, 2026)",
1031,38.718925,-8.956488,22.085,False,"Alcochete / Samouco marshes (2010, 2026)",
1032,38.718672,-8.956012,21.384,False,"Alcochete / Samouco marshes (2010, 2026)",
1033,38.718419,-8.955535,22.172,False,"Alcochete / Samouco marshes (2010, 2026)",
1034,38.718166,-8.955059,24.273,False,"Alcochete / Samouco marshes (2010, 2026)",
1035,38.717913,-8.954582,26.339,False,"Alcochete / Samouco marshes (2010, 2026)",
1036,38.71766,-8.954106,28.172,False,"Alcochete / Samouco marshes (2010, 2026)",
1037,38.717407,-8.95363,30.178,False,"Alcochete / Samouco marshes (2010, 2026)",
1038,38.717154,-8.953153,32.035,False,"Alcochete / Samouco marshes (2010, 2026)",
1039,38.716901,-8.952677,33.218,False,"Alcochete / Samouco marshes (2010, 2026)",
1040,38.716648,-8.9522,33.617,False,"Alcochete / Samouco marshes (2010, 2026)",
1041,38.716395,-8.951724,33.304,False,"Alcochete / Samouco marshes (2010, 2026)",
1042,38.716142,-8.951248,33.435,False,"Alcochete / Samouco marshes (2010, 2026)",
1043,38.715889,-8.950771,33.562,False,"Alcochete / Samouco marshes (2010, 2026)",
1044,38.715636,-8.950295,33.621,False,"Alcochete / Samouco marshes (2010, 2026)",
1045,38.715383,-8.949818,33.297,False,"Alcochete / Samouco marshes (2010, 2026)",
1046,38.71513,-8.949342,33.387,False,"Alcochete / Samouco marshes (2010, 2026)",
1047,38.714877,-8.948866,33.506,False,"Alcochete / Samouco marshes (2010, 2026)",
1048,38.714624,-8.948389,33.134,False,"Alcochete / Samouco marshes (2010, 2026)",
1049,38.714371,-8.947913,32.451,False,"Alcochete / Samouco marshes (2010, 2026)",
1050,38.714118,-8.947436,32.492,False,"Alcochete / Samouco marshes (2010, 2026)",
1051,38.713865,-8.94696,32.963,False,"Alcochete / Samouco marshes (2010, 2026)",
1052,38.713612,-8.946484,32.912,False,"Alcochete / Samouco marshes (2010, 2026)",
1053,38.713359,-8.946007,31.892,False,"Alcochete / Samouco marshes (2010, 2026)",
1054,38.713106,-8.945531,31.182,False,"Alcochete / Samouco marshes (2010, 2026)",
1055,38.712853,-8.945054,30.911,False,"Alcochete / Samouco marshes (2010, 2026)",
1056,38.7126,-8.944578,30.954,False,"Alcochete / Samouco marshes (2010, 2026)",
1057,38.712347,-8.944102,30.556,False,"Alcochete / Samouco marshes (2010, 2026)",
1058,38.712094,-8.943625,29.889,False,"Alcochete / Samouco marshes (2010, 2026)",
1059,38.711841,-8.943149,28.52,False,"Alcochete / Samouco marshes (2010, 2026)",
1060,38.711588,-8.942672,26.982,False,"Alcochete / Samouco marshes (2010, 2026)",
1061,38.711335,-8.942196,27.697,False,"Alcochete / Samouco marshes (2010, 2026)",
1062,38.711082,-8.94172,29.306,False,"Alcochete / Samouco marshes (2010, 2026)",
1063,38.710829,-8.941243,30.461,False,"Alcochete / Samouco marshes (2010, 2026)",
1064,38.710576,-8.940767,31.588,False,"Alcochete / Samouco marshes (2010, 2026)",
1065,38.710323,-8.94029,32.69,False,"Alcochete / Samouco marshes (2010, 2026)",
1066,38.71007,-8.939814,33.541,False,"Alcochete / Samouco marshes (2010, 2026)",
1067,38.709817,-8.939338,34.809,False,"Alcochete / Samouco marshes (2010, 2026)",
1068,38.709872,-8.939109,35.51,False,"Alcochete / Samouco marshes (2010, 2026)",
1069,38.710317,-8.939193,35.099,False,"Alcochete / Samouco marshes (2010, 2026)",
1070,38.710761,-8.939285,34.631,False,"Alcochete / Samouco marshes (2010, 2026)",
1071,38.711201,-8.939403,34.252,False,"Alcochete / Samouco marshes (2010, 2026)",
1072,38.711639,-8.939528,33.716,False,"Alcochete / Samouco marshes (2010, 2026)",
1073,38.712065,-8.939713,32.505,False,"Alcochete / Samouco marshes (2010, 2026)",
1074,38.712491,-8.9399,32.28,False,"Alcochete / Samouco marshes (2010, 2026)",
1075,38.712918,-8.940076,33.606,False,"Alcochete / Samouco marshes (2010, 2026)",
1076,38.712759,-8.940119,32.892,False,"Alcochete / Samouco marshes (2010, 2026)",
1077,38.712309,-8.940123,31.409,False,"Alcochete / Samouco marshes (2010, 2026)",
1078,38.71186,-8.940126,31.418,False,"Alcochete / Samouco marshes (2010, 2026)",
1079,38.71141,-8.94013,31.85,False,"Alcochete / Samouco marshes (2010, 2026)",
1080,38.71096,-8.940133,32.284,False,"Alcochete / Samouco marshes (2010, 2026)",
1081,38.710511,-8.940137,32.744,False,"Alcochete / Samouco marshes (2010, 2026)",
1082,38.710061,-8.94014,33.06,False,"Alcochete / Samouco marshes (2010, 2026)",
1083,38.709611,-8.940144,32.964,False,"Alcochete / Samouco marshes (2010, 2026)",
1084,38.709162,-8.940148,32.531,False,"Alcochete / Samouco marshes (2010, 2026)",
1085,38.708712,-8.940151,32.806,False,"Alcochete / Samouco marshes (2010, 2026)",
1086,38.708262,-8.940155,33.208,False,"Alcochete / Samouco marshes (2010, 2026)",
1087,38.707813,-8.940158,32.093,False,"Alcochete / Samouco marshes (2010, 2026)",
1088,38.707363,-8.940162,30.984,False,"Alcochete / Samouco marshes (2010, 2026)",
1089,38.706913,-8.940165,30.747,False,"Alcochete / Samouco marshes (2010, 2026)",
1090,38.706464,-8.940169,30.768,False,"Alcochete / Samouco marshes (2010, 2026)",
1091,38.706014,-8.940172,30.468,False,"Alcochete / Samouco marshes (2010, 2026)",
1092,38.705564,-8.940176,30.406,False,"Alcochete / Samouco marshes (2010, 2026)",
1093,38.705115,-8.940179,30.9,False,"Alcochete / Samouco marshes (2010, 2026)",
1094,38.704668,-8.940222,31.374,False,"Alcochete / Samouco marshes (2010, 2026)",
1095,38.704227,-8.940334,31.543,False,"Alcochete / Samouco marshes (2010, 2026)",
1096,38.703786,-8.940447,31.239,False,"Alcochete / Samouco marshes (2010, 2026)",
1097,38.704064,-8.940377,31.491,False,"Alcochete / Samouco marshes (2010, 2026)",
1098,38.704505,-8.940267,31.482,False,"Alcochete / Samouco marshes (2010, 2026)",
1099,38.704946,-8.940156,31.113,False,"Alcochete / Samouco marshes (2010, 2026)",
1100,38.705387,-8.940045,30.888,False,"Alcochete / Samouco marshes (2010, 2026)",
1101,38.705829,-8.939935,31.132,False,"Alcochete / Samouco marshes (2010, 2026)",
1102,38.70627,-8.939824,31.533,False,"Alcochete / Samouco marshes (2010, 2026)",
1103,38.706711,-8.939713,31.609,False,"Alcochete / Samouco marshes (2010, 2026)",
1104,38.707153,-8.939603,31.465,False,"Alcochete / Samouco marshes (2010, 2026)",
1105,38.707594,-8.939492,31.948,False,"Alcochete / Samouco marshes (2010, 2026)",
1106,38.707731,-8.939458,32.285,False,"Alcochete / Samouco marshes (2010, 2026)",
1107,38.70729,-8.939572,31.517,False,"Alcochete / Samouco marshes (2010, 2026)",
1108,38.706849,-8.939685,31.531,False,"Alcochete / Samouco marshes (2010, 2026)",
1109,38.706408,-8.939796,31.596,False,"Alcochete / Samouco marshes (2010, 2026)",
1110,38.705966,-8.939904,31.235,False,"Alcochete / Samouco marshes (2010, 2026)",
1111,38.705524,-8.940011,30.907,False,"Alcochete / Samouco marshes (2010, 2026)",
1112,38.705083,-8.940119,31.022,False,"Alcochete / Samouco marshes (2010, 2026)",
1113,38.70501,-8.940132,31.07,False,"Alcochete / Samouco marshes (2010, 2026)",
1114,38.70545,-8.940015,30.924,False,"Alcochete / Samouco marshes (2010, 2026)",
1115,38.70589,-8.939897,31.249,False,"Alcochete / Samouco marshes (2010, 2026)",
1116,38.706331,-8.939779,31.668,False,"Alcochete / Samouco marshes (2010, 2026)",
1117,38.706771,-8.939662,31.692,False,"Alcochete / Samouco marshes (2010, 2026)",
1118,38.707211,-8.939544,31.634,False,"Alcochete / Samouco marshes (2010, 2026)",
1119,38.707651,-8.939426,32.202,False,"Alcochete / Samouco marshes (2010, 2026)",
1120,38.708091,-8.939309,33.095,False,"Alcochete / Samouco marshes (2010, 2026)",
1121,38.708531,-8.939191,33.795,False,"Alcochete / Samouco marshes (2010, 2026)",
1122,38.708974,-8.939095,34.56,False,"Alcochete / Samouco marshes (2010, 2026)",
1123,38.709422,-8.939064,35.267,False,"Alcochete / Samouco marshes (2010, 2026)",
1124,38.709481,-8.939105,35.24,False,"Alcochete / Samouco marshes (2010, 2026)",
1125,38.709035,-8.93918,34.408,False,"Alcochete / Samouco marshes (2010, 2026)",
1126,38.708589,-8.939256,33.763,False,"Alcochete / Samouco marshes (2010, 2026)",
1127,38.708143,-8.939331,33.147,False,"Alcochete / Samouco marshes (2010, 2026)",
1128,38.707697,-8.939407,32.328,False,"Alcochete / Samouco marshes (2010, 2026)",
1129,38.707252,-8.939483,31.805,False,"Alcochete / Samouco marshes (2010, 2026)",
1130,38.706806,-8.939558,31.94,False,"Alcochete / Samouco marshes (2010, 2026)",
1131,38.70636,-8.939634,32.133,False,"Alcochete / Samouco marshes (2010, 2026)",
1132,38.706458,-8.939599,32.206,False,"Alcochete / Samouco marshes (2010, 2026)",
1133,38.7069,-8.939494,32.013,False,"Alcochete / Samouco marshes (2010, 2026)",
1134,38.707342,-8.939389,32.021,False,"Alcochete / Samouco marshes (2010, 2026)",
1135,38.707784,-8.939284,32.703,False,"Alcochete / Samouco marshes (2010, 2026)",
1136,38.708109,-8.939223,33.213,False,"Alcochete / Samouco marshes (2010, 2026)",
1137,38.707668,-8.939331,32.448,False,"Alcochete / Samouco marshes (2010, 2026)",
1138,38.707226,-8.939438,31.959,False,"Alcochete / Samouco marshes (2010, 2026)",
1139,38.706784,-8.939546,32.009,False,"Alcochete / Samouco marshes (2010, 2026)",
1140,38.706342,-8.939654,32.063,False,"Alcochete / Samouco marshes (2010, 2026)",
1141,38.705901,-8.939761,31.727,False,"Alcochete / Samouco marshes (2010, 2026)",
1142,38.705459,-8.939869,31.381,False,"Alcochete / Samouco marshes (2010, 2026)",
1143,38.705017,-8.939977,31.269,False,"Alcochete / Samouco marshes (2010, 2026)",
1144,38.704576,-8.940085,31.518,False,"Alcochete / Samouco marshes (2010, 2026)",
1145,38.704134,-8.940192,31.697,False,"Alcochete / Samouco marshes (2010, 2026)",
1146,38.703692,-8.9403,31.325,False,"Alcochete / Samouco marshes (2010, 2026)",
1147,38.70325,-8.940408,30.738,False,"Alcochete / Samouco marshes (2010, 2026)",
1148,38.702809,-8.940515,30.543,False,"Alcochete / Samouco marshes (2010, 2026)",
1149,38.702857,-8.9405,30.564,False,"Alcochete / Samouco marshes (2010, 2026)",
1150,38.703298,-8.940387,30.802,False,"Alcochete / Samouco marshes (2010, 2026)",
1151,38.703739,-8.940274,31.401,False,"Alcochete / Samouco marshes (2010, 2026)",
1152,38.70418,-8.940161,31.719,False,"Alcochete / Samouco marshes (2010, 2026)",
1153,38.70462,-8.940048,31.496,False,"Alcochete / Samouco marshes (2010, 2026)",
1154,38.705062,-8.939938,31.291,False,"Alcochete / Samouco marshes (2010, 2026)",
1155,38.705504,-8.93983,31.503,False,"Alcochete / Samouco marshes (2010, 2026)",
1156,38.705945,-8.939722,31.888,False,"Alcochete / Samouco marshes (2010, 2026)",
1157,38.706389,-8.939699,31.893,False,"Alcochete / Samouco marshes (2010, 2026)",
1158,38.706834,-8.939778,31.305,False,"Alcochete / Samouco marshes (2010, 2026)",
1159,38.70728,-8.939856,30.962,False,"Alcochete / Samouco marshes (2010, 2026)",
1160,38.707725,-8.939935,31.709,False,"Alcochete / Samouco marshes (2010, 2026)",
1161,38.70817,-8.940014,33.084,False,"Alcochete / Samouco marshes (2010, 2026)",
1162,38.708616,-8.940093,32.934,False,"Alcochete / Samouco marshes (2010, 2026)",
1163,38.709061,-8.940172,32.462,False,"Alcochete / Samouco marshes (2010, 2026)",
1164,38.709507,-8.940251,32.84,False,"Alcochete / Samouco marshes (2010, 2026)",
1165,38.709952,-8.94033,33.034,False,"Alcochete / Samouco marshes (2010, 2026)",
1166,38.710398,-8.940409,32.441,False,"Alcochete / Samouco marshes (2010, 2026)",
1167,38.710843,-8.940488,31.673,False,"Alcochete / Samouco marshes (2010, 2026)",
1168,38.711288,-8.940567,30.962,False,"Alcochete / Samouco marshes (2010, 2026)",
1169,38.711734,-8.940645,30.394,False,"Alcochete / Samouco marshes (2010, 2026)",
1170,38.712179,-8.940724,30.397,False,"Alcochete / Samouco marshes (2010, 2026)",
1171,38.712625,-8.940803,31.669,False,"Alcochete / Samouco marshes (2010, 2026)",
1172,38.71307,-8.940882,33.124,False,"Alcochete / Samouco marshes (2010, 2026)",
1173,38.713516,-8.940961,34.388,False,"Alcochete / Samouco marshes (2010, 2026)",
1174,38.713961,-8.94104,35.634,False,"Alcochete / Samouco marshes (2010, 2026)",
1175,38.714406,-8.941119,36.064,False,"Alcochete / Samouco marshes (2010, 2026)",
1176,38.714852,-8.941198,36.203,False,"Alcochete / Samouco marshes (2010, 2026)",
1177,38.715297,-8.941277,36.789,False,"Alcochete / Samouco marshes (2010, 2026)",
1178,38.715743,-8.941355,37.444,False,"Alcochete / Samouco marshes (2010, 2026)",
1179,38.716188,-8.941434,38.364,False,"Alcochete / Samouco marshes (2010, 2026)",
1180,38.716633,-8.941513,39.617,False,"Alcochete / Samouco marshes (2010, 2026)",
1181,38.717079,-8.941592,40.896,False,"Alcochete / Samouco marshes (2010, 2026)",
1182,38.717524,-8.941671,41.748,False,"Alcochete / Samouco marshes (2010, 2026)",
1183,38.71797,-8.94175,41.737,False,"Alcochete / Samouco marshes (2010, 2026)",
1184,38.718305,-8.941824,41.793,False,"Alcochete / Samouco marshes (2010, 2026)",
1185,38.717856,-8.941859,41.978,False,"Alcochete / Samouco marshes (2010, 2026)",
1186,38.717407,-8.941873,42.058,False,"Alcochete / Samouco marshes (2010, 2026)",
1187,38.716959,-8.94183,40.766,False,"Alcochete / Samouco marshes (2010, 2026)",
1188,38.716516,-8.941736,39.197,False,"Alcochete / Samouco marshes (2010, 2026)",
1189,38.716075,-8.941626,38.156,False,"Alcochete / Samouco marshes (2010, 2026)",
1190,38.715644,-8.941464,37.363,False,"Alcochete / Samouco marshes (2010, 2026)",
1191,38.715316,-8.941433,36.996,False,"Alcochete / Samouco marshes (2010, 2026)",
1192,38.715448,-8.941984,37.312,False,"Alcochete / Samouco marshes (2010, 2026)",
1193,38.71558,-8.942535,37.702,False,"Alcochete / Samouco marshes (2010, 2026)",
1194,38.715713,-8.943085,37.96,False,"Alcochete / Samouco marshes (2010, 2026)",
1195,38.715845,-8.943636,37.407,False,"Alcochete / Samouco marshes (2010, 2026)",
1196,38.715977,-8.944187,37.296,False,"Alcochete / Samouco marshes (2010, 2026)",
1197,38.716109,-8.944738,37.783,False,"Alcochete / Samouco marshes (2010, 2026)",
1198,38.716241,-8.945289,38.424,False,"Alcochete / Samouco marshes (2010, 2026)",
1199,38.716373,-8.94584,39.326,False,"Alcochete / Samouco marshes (2010, 2026)",
1200,38.716505,-8.946391,40.266,False,"Alcochete / Samouco marshes (2010, 2026)",
1201,38.716638,-8.946941,39.446,False,"Alcochete / Samouco marshes (2010, 2026)",
1202,38.71677,-8.947492,38.137,False,"Alcochete / Samouco marshes (2010, 2026)",
1203,38.716902,-8.948043,37.371,False,"Alcochete / Samouco marshes (2010, 2026)",
1204,38.717034,-8.948594,37.304,False,"Alcochete / Samouco marshes (2010, 2026)",
1205,38.717166,-8.949145,36.938,False,"Alcochete / Samouco marshes (2010, 2026)",
1206,38.717298,-8.949696,36.42,False,"Alcochete / Samouco marshes (2010, 2026)",
1207,38.71743,-8.950247,35.321,False,"Alcochete / Samouco marshes (2010, 2026)",
1208,38.717563,-8.950797,34.047,False,"Alcochete / Samouco marshes (2010, 2026)",
1209,38.717695,-8.951348,32.761,False,"Alcochete / Samouco marshes (2010, 2026)",
1210,38.717827,-8.951899,31.949,False,"Alcochete / Samouco marshes (2010, 2026)",
1211,38.717959,-8.95245,30.948,False,"Alcochete / Samouco marshes (2010, 2026)",
1212,38.718091,-8.953001,29.477,False,"Alcochete / Samouco marshes (2010, 2026)",
1213,38.718223,-8.953552,27.691,False,"Alcochete / Samouco marshes (2010, 2026)",
1214,38.718355,-8.954103,26.03,False,"Alcochete / Samouco marshes (2010, 2026)",
1215,38.718488,-8.954654,24.702,False,"Alcochete / Samouco marshes (2010, 2026)",
1216,38.71862,-8.955204,22.899,False,"Alcochete / Samouco marshes (2010, 2026)",
1217,38.718752,-8.955755,21.316,False,"Alcochete / Samouco marshes (2010, 2026)",
1218,38.718884,-8.956306,21.794,False,"Alcochete / Samouco marshes (2010, 2026)",
1219,38.719016,-8.956857,22.786,False,"Alcochete / Samouco marshes (2010, 2026)",
1220,38.719148,-8.957408,23.859,False,"Alcochete / Samouco marshes (2010, 2026)",
1221,38.719177,-8.957535,24.016,False,"Alcochete / Samouco marshes (2010, 2026)",
1222,38.71904,-8.956987,23.047,False,"Alcochete / Samouco marshes (2010, 2026)",
1223,38.718911,-8.956435,22.0,False,"Alcochete / Samouco marshes (2010, 2026)",
1224,38.718846,-8.955865,21.271,False,"Alcochete / Samouco marshes (2010, 2026)",
1225,38.718781,-8.955295,22.393,False,"Alcochete / Samouco marshes (2010, 2026)",
1226,38.718715,-8.954725,24.168,False,"Alcochete / Samouco marshes (2010, 2026)",
1227,38.71865,-8.954154,25.493,False,"Alcochete / Samouco marshes (2010, 2026)",
1228,38.718585,-8.953584,26.968,False,"Alcochete / Samouco marshes (2010, 2026)",
1229,38.71852,-8.953014,28.52,False,"Alcochete / Samouco marshes (2010, 2026)",
1230,38.718455,-8.952444,30.112,False,"Alcochete / Samouco marshes (2010, 2026)",
1231,38.71839,-8.951873,31.5,False,"Alcochete / Samouco marshes (2010, 2026)",
1232,38.718325,-8.951303,32.954,False,"Alcochete / Samouco marshes (2010, 2026)",
1233,38.71826,-8.950733,34.319,False,"Alcochete / Samouco marshes (2010, 2026)",
1234,38.718195,-8.950163,35.197,False,"Alcochete / Samouco marshes (2010, 2026)",
1235,38.71813,-8.949593,35.59,False,"Alcochete / Samouco marshes (2010, 2026)",
1236,38.718064,-8.949022,36.068,False,"Alcochete / Samouco marshes (2010, 2026)",
1237,38.717999,-8.948452,38.077,False,"Alcochete / Samouco marshes (2010, 2026)",
1238,38.717934,-8.947882,39.225,False,"Alcochete / Samouco marshes (2010, 2026)",
1239,38.717869,-8.947312,39.248,False,"Alcochete / Samouco marshes (2010, 2026)",
1240,38.717804,-8.946741,39.26,False,"Alcochete / Samouco marshes (2010, 2026)",
1241,38.717739,-8.946171,39.262,False,"Alcochete / Samouco marshes (2010, 2026)",
1242,38.717674,-8.945601,39.576,False,"Alcochete / Samouco marshes (2010, 2026)",
1243,38.717609,-8.945031,40.92,False,"Alcochete / Samouco marshes (2010, 2026)",
1244,38.717544,-8.94446,42.113,False,"Alcochete / Samouco marshes (2010, 2026)",
1245,38.717478,-8.94389,43.048,False,"Alcochete / Samouco marshes (2010, 2026)",
1246,38.717413,-8.94332,44.195,False,"Alcochete / Samouco marshes (2010, 2026)",
1247,38.717348,-8.94275,43.909,False,"Alcochete / Samouco marshes (2010, 2026)",
1248,38.717314,-8.942178,42.595,False,"Alcochete / Samouco marshes (2010, 2026)",
1249,38.717376,-8.942685,43.845,False,"Alcochete / Samouco marshes (2010, 2026)",
1250,38.71744,-8.943256,44.375,False,"Alcochete / Samouco marshes (2010, 2026)",
1251,38.717503,-8.943826,43.229,False,"Alcochete / Samouco marshes (2010, 2026)",
1252,38.717567,-8.944397,42.274,False,"Alcochete / Samouco marshes (2010, 2026)",
1253,38.717631,-8.944967,41.09,False,"Alcochete / Samouco marshes (2010, 2026)",
1254,38.717694,-8.945538,39.707,False,"Alcochete / Samouco marshes (2010, 2026)",
1255,38.717758,-8.946108,39.262,False,"Alcochete / Samouco marshes (2010, 2026)",
1256,38.717822,-8.946679,39.26,False,"Alcochete / Samouco marshes (2010, 2026)",
1257,38.717885,-8.947249,39.246,False,"Alcochete / Samouco marshes (2010, 2026)",
1258,38.717949,-8.94782,39.241,False,"Alcochete / Samouco marshes (2010, 2026)",
1259,38.718013,-8.94839,38.266,False,"Alcochete / Samouco marshes (2010, 2026)",
1260,38.718077,-8.948961,36.215,False,"Alcochete / Samouco marshes (2010, 2026)",
1261,38.71814,-8.949531,35.579,False,"Alcochete / Samouco marshes (2010, 2026)",
1262,38.718204,-8.950102,35.273,False,"Alcochete / Samouco marshes (2010, 2026)",
1263,38.718268,-8.950672,34.451,False,"Alcochete / Samouco marshes (2010, 2026)",
1264,38.718331,-8.951243,33.117,False,"Alcochete / Samouco marshes (2010, 2026)",
1265,38.718395,-8.951813,31.635,False,"Alcochete / Samouco marshes (2010, 2026)",
1266,38.718459,-8.952384,30.251,False,"Alcochete / Samouco marshes (2010, 2026)",
1267,38.718522,-8.952954,28.682,False,"Alcochete / Samouco marshes (2010, 2026)",
1268,38.718586,-8.953525,27.129,False,"Alcochete / Samouco marshes (2010, 2026)",
1269,38.71865,-8.954095,25.628,False,"Alcochete / Samouco marshes (2010, 2026)",
1270,38.718713,-8.954666,24.3,False,"Alcochete / Samouco marshes (2010, 2026)",
1271,38.718777,-8.955237,22.581,False,"Alcochete / Samouco marshes (2010, 2026)",
1272,38.718841,-8.955807,21.267,False,"Alcochete / Samouco marshes (2010, 2026)",
1273,38.718905,-8.956378,21.922,False,"Alcochete / Samouco marshes (2010, 2026)",
1274,38.718813,-8.956089,21.387,False,"Alcochete / Samouco marshes (2010, 2026)",
1275,38.718676,-8.95554,21.784,False,"Alcochete / Samouco marshes (2010, 2026)",
1276,38.718537,-8.954992,23.719,False,"Alcochete / Samouco marshes (2010, 2026)",
1277,38.718387,-8.954449,25.295,False,"Alcochete / Samouco marshes (2010, 2026)",
1278,38.718325,-8.953881,26.607,False,"Alcochete / Samouco marshes (2010, 2026)",
1279,38.718289,-8.953307,28.216,False,"Alcochete / Samouco marshes (2010, 2026)",
1280,38.718253,-8.952732,29.704,False,"Alcochete / Samouco marshes (2010, 2026)",
1281,38.718217,-8.952158,31.001,False,"Alcochete / Samouco marshes (2010, 2026)",
1282,38.718181,-8.951583,32.233,False,"Alcochete / Samouco marshes (2010, 2026)",
1283,38.718146,-8.951009,33.633,False,"Alcochete / Samouco marshes (2010, 2026)",
1284,38.71811,-8.950434,34.738,False,"Alcochete / Samouco marshes (2010, 2026)",
1285,38.718074,-8.94986,35.493,False,"Alcochete / Samouco marshes (2010, 2026)",
1286,38.718038,-8.949285,35.683,False,"Alcochete / Samouco marshes (2010, 2026)",
1287,38.718003,-8.948711,37.186,False,"Alcochete / Samouco marshes (2010, 2026)",
1288,38.717967,-8.948136,38.959,False,"Alcochete / Samouco marshes (2010, 2026)",
1289,38.717931,-8.947562,39.243,False,"Alcochete / Samouco marshes (2010, 2026)",
1290,38.717895,-8.946988,39.255,False,"Alcochete / Samouco marshes (2010, 2026)",
1291,38.717859,-8.946413,39.26,False,"Alcochete / Samouco marshes (2010, 2026)",
1292,38.717824,-8.945839,39.344,False,"Alcochete / Samouco marshes (2010, 2026)",
1293,38.717788,-8.945264,40.345,False,"Alcochete / Samouco marshes (2010, 2026)",
1294,38.717752,-8.94469,41.859,False,"Alcochete / Samouco marshes (2010, 2026)",
1295,38.717716,-8.944115,43.081,False,"Alcochete / Samouco marshes (2010, 2026)",
1296,38.71768,-8.943541,44.119,False,"Alcochete / Samouco marshes (2010, 2026)",
1297,38.717645,-8.942966,44.463,False,"Alcochete / Samouco marshes (2010, 2026)",
1298,38.717609,-8.942392,43.489,False,"Alcochete / Samouco marshes (2010, 2026)",
1299,38.717573,-8.941817,42.039,False,"Alcochete / Samouco marshes (2010, 2026)",
1300,38.717537,-8.941243,41.555,False,"Alcochete / Samouco marshes (2010, 2026)",
1301,38.717501,-8.940668,42.224,False,"Alcochete / Samouco marshes (2010, 2026)",
1302,38.717466,-8.940094,43.114,False,"Alcochete / Samouco marshes (2010, 2026)",
1303,38.71743,-8.939519,43.478,False,"Alcochete / Samouco marshes (2010, 2026)",
1304,38.717394,-8.938945,43.657,False,"Alcochete / Samouco marshes (2010, 2026)",
1305,38.717373,-8.938561,44.399,False,"Alcochete / Samouco marshes (2010, 2026)",
1306,38.717425,-8.939133,43.461,False,"Alcochete / Samouco marshes (2010, 2026)",
1307,38.71747,-8.939707,43.536,False,"Alcochete / Samouco marshes (2010, 2026)",
1308,38.717501,-8.940282,42.845,False,"Alcochete / Samouco marshes (2010, 2026)",
1309,38.717502,-8.940858,41.958,False,"Alcochete / Samouco marshes (2010, 2026)",
1310,38.7175,-8.941434,41.468,False,"Alcochete / Samouco marshes (2010, 2026)",
1311,38.717438,-8.940904,41.828,False,"Alcochete / Samouco marshes (2010, 2026)",
1312,38.717375,-8.940334,42.632,False,"Alcochete / Samouco marshes (2010, 2026)",
1313,38.717311,-8.939763,43.271,False,"Alcochete / Samouco marshes (2010, 2026)",
1314,38.71725,-8.939192,43.262,False,"Alcochete / Samouco marshes (2010, 2026)",
1315,38.717198,-8.93862,43.867,False,"Alcochete / Samouco marshes (2010, 2026)",
1316,38.717147,-8.938047,44.028,False,"Alcochete / Samouco marshes (2010, 2026)",
1317,38.717098,-8.937474,42.327,False,"Alcochete / Samouco marshes (2010, 2026)",
1318,38.717049,-8.936901,41.692,False,"Alcochete / Samouco marshes (2010, 2026)",
1319,38.717019,-8.936505,41.274,False,"Alcochete / Samouco marshes (2010, 2026)",
1320,38.717083,-8.937075,41.903,False,"Alcochete / Samouco marshes (2010, 2026)",
1321,38.717148,-8.937646,42.695,False,"Alcochete / Samouco marshes (2010, 2026)",
1322,38.717212,-8.938216,44.606,False,"Alcochete / Samouco marshes (2010, 2026)",
1323,38.717277,-8.938786,43.651,False,"Alcochete / Samouco marshes (2010, 2026)",
1324,38.717341,-8.939357,43.504,False,"Alcochete / Samouco marshes (2010, 2026)",
1325,38.717406,-8.939927,43.315,False,"Alcochete / Samouco marshes (2010, 2026)",
1326,38.71747,-8.940497,42.44,False,"Alcochete / Samouco marshes (2010, 2026)",
1327,38.717535,-8.941068,41.696,False,"Alcochete / Samouco marshes (2010, 2026)",
1328,38.717599,-8.941638,41.736,False,"Alcochete / Samouco marshes (2010, 2026)",
1329,38.717664,-8.942208,43.032,False,"Alcochete / Samouco marshes (2010, 2026)",
1330,38.717728,-8.942779,44.066,False,"Alcochete / Samouco marshes (2010, 2026)",
1331,38.717793,-8.943349,44.385,False,"Alcochete / Samouco marshes (2010, 2026)",
1332,38.717857,-8.943919,43.642,False,"Alcochete / Samouco marshes (2010, 2026)",
1333,38.717922,-8.94449,42.536,False,"Alcochete / Samouco marshes (2010, 2026)",
1334,38.717986,-8.94506,40.954,False,"Alcochete / Samouco marshes (2010, 2026)",
1335,38.718051,-8.945631,39.566,False,"Alcochete / Samouco marshes (2010, 2026)",
1336,38.718115,-8.946201,39.258,False,"Alcochete / Samouco marshes (2010, 2026)",
1337,38.71818,-8.946771,39.181,False,"Alcochete / Samouco marshes (2010, 2026)",
1338,38.718244,-8.947342,38.913,False,"Alcochete / Samouco marshes (2010, 2026)",
1339,38.718309,-8.947912,38.659,False,"Alcochete / Samouco marshes (2010, 2026)",
1340,38.718373,-8.948482,37.359,False,"Alcochete / Samouco marshes (2010, 2026)",
1341,38.718438,-8.949053,35.686,False,"Alcochete / Samouco marshes (2010, 2026)",
1342,38.718502,-8.949623,35.984,False,"Alcochete / Samouco marshes (2010, 2026)",
1343,38.718567,-8.950193,35.931,False,"Alcochete / Samouco marshes (2010, 2026)",
1344,38.718631,-8.950764,34.783,False,"Alcochete / Samouco marshes (2010, 2026)",
1345,38.718696,-8.951334,32.982,False,"Alcochete / Samouco marshes (2010, 2026)",
1346,38.71876,-8.951904,31.336,False,"Alcochete / Samouco marshes (2010, 2026)",
1347,38.718825,-8.952475,29.895,False,"Alcochete / Samouco marshes (2010, 2026)",
1348,38.718889,-8.953045,28.118,False,"Alcochete / Samouco marshes (2010, 2026)",
1349,38.718954,-8.953616,26.432,False,"Alcochete / Samouco marshes (2010, 2026)",
1350,38.719018,-8.954186,25.067,False,"Alcochete / Samouco marshes (2010, 2026)",
1351,38.719083,-8.954756,23.93,False,"Alcochete / Samouco marshes (2010, 2026)",
1352,38.719147,-8.955327,22.602,False,"Alcochete / Samouco marshes (2010, 2026)",
1353,38.719212,-8.955897,22.02,False,"Alcochete / Samouco marshes (2010, 2026)",
1354,38.719276,-8.956467,23.047,False,"Alcochete / Samouco marshes (2010, 2026)",
1355,38.719341,-8.957038,24.155,False,"Alcochete / Samouco marshes (2010, 2026)",
1356,38.719405,-8.957608,24.569,False,"Alcochete / Samouco marshes (2010, 2026)",
1357,38.71947,-8.958178,23.886,False,"Alcochete / Samouco marshes (2010, 2026)",
1358,38.719534,-8.958749,23.426,False,"Alcochete / Samouco marshes (2010, 2026)",
1359,38.719394,-8.958328,23.772,False,"Alcochete / Samouco marshes (2010, 2026)",
1360,38.719241,-8.957786,24.174,False,"Alcochete / Samouco marshes (2010, 2026)",
1361,38.719178,-8.957216,23.809,False,"Alcochete / Samouco marshes (2010, 2026)",
1362,38.719123,-8.956644,22.791,False,"Alcochete / Samouco marshes (2010, 2026)",
1363,38.719068,-8.956072,21.689,False,"Alcochete / Samouco marshes (2010, 2026)",
1364,38.719013,-8.9555,21.767,False,"Alcochete / Samouco marshes (2010, 2026)",
1365,38.718958,-8.954929,23.471,False,"Alcochete / Samouco marshes (2010, 2026)",
1366,38.718902,-8.954357,24.778,False,"Alcochete / Samouco marshes (2010, 2026)",
1367,38.718847,-8.953785,26.133,False,"Alcochete / Samouco marshes (2010, 2026)",
1368,38.718792,-8.953213,27.743,False,"Alcochete / Samouco marshes (2010, 2026)",
1369,38.718737,-8.952641,29.462,False,"Alcochete / Samouco marshes (2010, 2026)",
1370,38.718681,-8.952069,30.96,False,"Alcochete / Samouco marshes (2010, 2026)",
1371,38.718626,-8.951497,32.44,False,"Alcochete / Samouco marshes (2010, 2026)",
1372,38.718571,-8.950925,34.271,False,"Alcochete / Samouco marshes (2010, 2026)",
1373,38.718516,-8.950353,35.488,False,"Alcochete / Samouco marshes (2010, 2026)",
1374,38.718461,-8.949781,35.98,False,"Alcochete / Samouco marshes (2010, 2026)",
1375,38.718405,-8.949209,35.595,False,"Alcochete / Samouco marshes (2010, 2026)",
1376,38.71835,-8.948637,36.86,False,"Alcochete / Samouco marshes (2010, 2026)",
1377,38.718295,-8.948065,38.523,False,"Alcochete / Samouco marshes (2010, 2026)",
1378,38.71824,-8.947493,38.913,False,"Alcochete / Samouco marshes (2010, 2026)",
1379,38.718185,-8.946921,39.123,False,"Alcochete / Samouco marshes (2010, 2026)",
1380,38.718129,-8.946349,39.254,False,"Alcochete / Samouco marshes (2010, 2026)",
1381,38.718074,-8.945777,39.362,False,"Alcochete / Samouco marshes (2010, 2026)",
1382,38.718019,-8.945205,40.537,False,"Alcochete / Samouco marshes (2010, 2026)",
1383,38.717964,-8.944633,42.183,False,"Alcochete / Samouco marshes (2010, 2026)",
1384,38.717908,-8.944061,43.457,False,"Alcochete / Samouco marshes (2010, 2026)",
1385,38.717853,-8.943489,44.196,False,"Alcochete / Samouco marshes (2010, 2026)",
1386,38.717798,-8.942917,44.221,False,"Alcochete / Samouco marshes (2010, 2026)",
1387,38.717743,-8.942345,43.206,False,"Alcochete / Samouco marshes (2010, 2026)",
1388,38.717688,-8.941774,41.912,False,"Alcochete / Samouco marshes (2010, 2026)",
1389,38.717632,-8.941202,41.623,False,"Alcochete / Samouco marshes (2010, 2026)",
1390,38.717577,-8.94063,42.324,False,"Alcochete / Samouco marshes (2010, 2026)",
1391,38.717522,-8.940058,43.191,False,"Alcochete / Samouco marshes (2010, 2026)",
1392,38.717467,-8.939486,43.471,False,"Alcochete / Samouco marshes (2010, 2026)",
1393,38.717412,-8.938914,43.702,False,"Alcochete / Samouco marshes (2010, 2026)",
1394,38.717356,-8.938342,44.987,False,"Alcochete / Samouco marshes (2010, 2026)",
1395,38.717301,-8.93777,43.117,False,"Alcochete / Samouco marshes (2010, 2026)",
1396,38.717246,-8.937198,41.834,False,"Alcochete / Samouco marshes (2010, 2026)",
1397,38.717246,-8.937216,41.848,False,"Alcochete / Samouco marshes (2010, 2026)",
1398,38.717299,-8.937788,43.203,False,"Alcochete / Samouco marshes (2010, 2026)",
1399,38.717354,-8.93836,44.969,False,"Alcochete / Samouco marshes (2010, 2026)",
1400,38.717361,-8.938935,43.606,False,"Alcochete / Samouco marshes (2010, 2026)",
1401,38.717356,-8.939512,43.454,False,"Alcochete / Samouco marshes (2010, 2026)",
1402,38.717352,-8.940088,42.96,False,"Alcochete / Samouco marshes (2010, 2026)",
1403,38.717348,-8.940664,42.043,False,"Alcochete / Samouco marshes (2010, 2026)",
1404,38.717343,-8.941241,41.376,False,"Alcochete / Samouco marshes (2010, 2026)",
1405,38.717339,-8.941061,41.481,False,"Alcochete / Samouco marshes (2010, 2026)",
1406,38.717328,-8.940485,42.294,False,"Alcochete / Samouco marshes (2010, 2026)",
1407,38.7173,-8.93991,43.128,False,"Alcochete / Samouco marshes (2010, 2026)",
1408,38.717262,-8.939336,43.301,False,"Alcochete / Samouco marshes (2010, 2026)",
1409,38.717213,-8.938763,43.602,False,"Alcochete / Samouco marshes (2010, 2026)",
1410,38.717163,-8.93819,44.303,False,"Alcochete / Samouco marshes (2010, 2026)",
1411,38.717113,-8.937618,42.626,False,"Alcochete / Samouco marshes (2010, 2026)",
1412,38.717063,-8.937045,41.867,False,"Alcochete / Samouco marshes (2010, 2026)",
1413,38.717014,-8.936472,41.247,False,"Alcochete / Samouco marshes (2010, 2026)",
1414,38.716976,-8.935898,40.846,False,"Alcochete / Samouco marshes (2010, 2026)",
1415,38.716969,-8.935322,40.47,False,"Alcochete / Samouco marshes (2010, 2026)",
1416,38.716971,-8.934746,40.481,False,"Alcochete / Samouco marshes (2010, 2026)",
1417,38.717143,-8.934403,40.746,False,"Alcochete / Samouco marshes (2010, 2026)",
1418,38.717146,-8.934979,40.052,False,"Alcochete / Samouco marshes (2010, 2026)",
1419,38.717153,-8.935555,40.395,False,"Alcochete / Samouco marshes (2010, 2026)",
1420,38.717169,-8.936131,40.883,False,"Alcochete / Samouco marshes (2010, 2026)",
1421,38.71695,-8.936613,41.39,False,"Alcochete / Samouco marshes (2010, 2026)",
1422,38.716682,-8.937077,41.901,False,"Alcochete / Samouco marshes (2010, 2026)",
1423,38.716415,-8.93754,42.058,False,"Alcochete / Samouco marshes (2010, 2026)",
1424,38.716148,-8.938004,41.47,False,"Alcochete / Samouco marshes (2010, 2026)",
1425,38.715881,-8.938467,40.661,False,"Alcochete / Samouco marshes (2010, 2026)",
1426,38.715614,-8.938931,39.45,False,"Alcochete / Samouco marshes (2010, 2026)",
1427,38.715346,-8.939394,38.032,False,"Alcochete / Samouco marshes (2010, 2026)",
1428,38.715079,-8.939858,36.748,False,"Alcochete / Samouco marshes (2010, 2026)",
1429,38.714812,-8.940321,35.429,False,"Alcochete / Samouco marshes (2010, 2026)",
1430,38.714545,-8.940785,35.218,False,"Alcochete / Samouco marshes (2010, 2026)",
1431,38.714588,-8.940862,35.285,False,"Alcochete / Samouco marshes (2010, 2026)",
1432,38.714147,-8.940748,35.405,False,"Alcochete / Samouco marshes (2010, 2026)",
1433,38.713706,-8.940635,35.088,False,"Alcochete / Samouco marshes (2010, 2026)",
1434,38.713265,-8.940521,34.202,False,"Alcochete / Samouco marshes (2010, 2026)",
1435,38.712824,-8.940408,32.773,False,"Alcochete / Samouco marshes (2010, 2026)",
1436,38.712383,-8.940294,31.362,False,"Alcochete / Samouco marshes (2010, 2026)",
1437,38.711943,-8.940181,31.216,False,"Alcochete / Samouco marshes (2010, 2026)",
1438,38.711502,-8.940067,31.918,False,"Alcochete / Samouco marshes (2010, 2026)",
1439,38.711061,-8.939953,32.613,False,"Alcochete / Samouco marshes (2010, 2026)",
1440,38.71062,-8.93984,33.27,False,"Alcochete / Samouco marshes (2010, 2026)",
1441,38.710179,-8.939726,33.733,False,"Alcochete / Samouco marshes (2010, 2026)",
1442,38.709738,-8.939613,33.919,False,"Alcochete / Samouco marshes (2010, 2026)",
1443,38.709298,-8.939499,33.754,False,"Alcochete / Samouco marshes (2010, 2026)",
1444,38.708857,-8.939386,33.726,False,"Alcochete / Samouco marshes (2010, 2026)",
1445,38.708416,-8.939272,33.543,False,"Alcochete / Samouco marshes (2010, 2026)",
1446,38.708365,-8.93918,33.588,False,"Alcochete / Samouco marshes (2010, 2026)",
1447,38.708812,-8.939115,34.315,False,"Alcochete / Samouco marshes (2010, 2026)",
1448,38.709254,-8.939217,34.537,False,"Alcochete / Samouco marshes (2010, 2026)",
1449,38.709697,-8.939322,34.791,False,"Alcochete / Samouco marshes (2010, 2026)",
1450,38.710139,-8.939426,34.538,False,"Alcochete / Samouco marshes (2010, 2026)",
1451,38.710581,-8.939531,34.043,False,"Alcochete / Samouco marshes (2010, 2026)",
1452,38.711023,-8.939635,33.5,False,"Alcochete / Samouco marshes (2010, 2026)",
1453,38.711466,-8.93974,33.002,False,"Alcochete / Samouco marshes (2010, 2026)",
1454,38.711908,-8.939844,32.156,False,"Alcochete / Samouco marshes (2010, 2026)",
1455,38.71235,-8.939949,31.795,False,"Alcochete / Samouco marshes (2010, 2026)",
1456,38.712792,-8.940053,33.117,False,"Alcochete / Samouco marshes (2010, 2026)",
1457,38.713227,-8.940194,34.503,False,"Alcochete / Samouco marshes (2010, 2026)",
1458,38.713649,-8.940392,35.345,False,"Alcochete / Samouco marshes (2010, 2026)",
1459,38.714071,-8.940591,35.527,False,"Alcochete / Samouco marshes (2010, 2026)",
1460,38.714493,-8.940789,35.227,False,"Alcochete / Samouco marshes (2010, 2026)",
1461,38.714131,-8.940711,35.425,False,"Alcochete / Samouco marshes (2010, 2026)",
1462,38.713689,-8.940605,35.093,False,"Alcochete / Samouco marshes (2010, 2026)",
1463,38.713246,-8.9405,34.181,False,"Alcochete / Samouco marshes (2010, 2026)",
1464,38.712804,-8.940394,32.711,False,"Alcochete / Samouco marshes (2010, 2026)",
1465,38.712362,-8.940289,31.313,False,"Alcochete / Samouco marshes (2010, 2026)",
1466,38.71192,-8.940183,31.232,False,"Alcochete / Samouco marshes (2010, 2026)",
1467,38.711478,-8.940078,31.914,False,"Alcochete / Samouco marshes (2010, 2026)",
1468,38.711036,-8.939972,32.59,False,"Alcochete / Samouco marshes (2010, 2026)",
1469,38.710594,-8.939867,33.229,False,"Alcochete / Samouco marshes (2010, 2026)",
1470,38.710152,-8.939761,33.657,False,"Alcochete / Samouco marshes (2010, 2026)",
1471,38.70971,-8.939656,33.772,False,"Alcochete / Samouco marshes (2010, 2026)",
1472,38.709268,-8.93955,33.576,False,"Alcochete / Samouco marshes (2010, 2026)",
1473,38.708826,-8.939445,33.568,False,"Alcochete / Samouco marshes (2010, 2026)",
1474,38.708384,-8.939339,33.426,False,"Alcochete / Samouco marshes (2010, 2026)",
1475,38.707939,-8.939409,32.76,False,"Alcochete / Samouco marshes (2010, 2026)",
1476,38.708276,-8.939414,33.27,False,"Alcochete / Samouco marshes (2010, 2026)",
1477,38.708725,-8.939407,33.607,False,"Alcochete / Samouco marshes (2010, 2026)",
1478,38.709175,-8.9394,33.908,False,"Alcochete / Samouco marshes (2010, 2026)",
1479,38.709625,-8.939394,34.465,False,"Alcochete / Samouco marshes (2010, 2026)",
1480,38.710074,-8.939387,34.671,False,"Alcochete / Samouco marshes (2010, 2026)",
1481,38.710297,-8.939384,34.575,False,"Alcochete / Samouco marshes (2010, 2026)",
1482,38.710731,-8.939532,33.952,False,"Alcochete / Samouco marshes (2010, 2026)",
1483,38.711166,-8.93968,33.346,False,"Alcochete / Samouco marshes (2010, 2026)",
1484,38.7116,-8.939828,32.567,False,"Alcochete / Samouco marshes (2010, 2026)",
1485,38.712035,-8.939976,31.65,False,"Alcochete / Samouco marshes (2010, 2026)",
1486,38.712469,-8.940125,31.819,False,"Alcochete / Samouco marshes (2010, 2026)",
1487,38.712904,-8.940273,33.272,False,"Alcochete / Samouco marshes (2010, 2026)",
1488,38.713338,-8.940421,34.548,False,"Alcochete / Samouco marshes (2010, 2026)",
1489,38.713773,-8.940569,35.286,False,"Alcochete / Samouco marshes (2010, 2026)",
1490,38.714208,-8.940717,35.417,False,"Alcochete / Samouco marshes (2010, 2026)",
1491,38.714642,-8.940866,35.284,False,"Alcochete / Samouco marshes (2010, 2026)",
1492,38.715068,-8.941048,35.975,False,"Alcochete / Samouco marshes (2010, 2026)",
1493,38.715491,-8.941243,37.002,False,"Alcochete / Samouco marshes (2010, 2026)",
1494,38.715921,-8.941411,37.784,False,"Alcochete / Samouco marshes (2010, 2026)",
1495,38.716357,-8.941552,38.8,False,"Alcochete / Samouco marshes (2010, 2026)",
1496,38.716801,-8.941645,40.124,False,"Alcochete / Samouco marshes (2010, 2026)",
1497,38.717247,-8.941707,41.416,False,"Alcochete / Samouco marshes (2010, 2026)",
1498,38.717695,-8.941721,41.835,False,"Alcochete / Samouco marshes (2010, 2026)",
1499,38.718137,-8.941612,41.519,False,"Alcochete / Samouco marshes (2010, 2026)",
1500,38.718579,-8.941504,41.501,False,"Alcochete / Samouco marshes (2010, 2026)",
1501,38.71902,-8.941395,41.622,False,"Alcochete / Samouco marshes (2010, 2026)",
1502,38.719462,-8.941287,42.534,False,"Alcochete / Samouco marshes (2010, 2026)",
1503,38.719903,-8.941178,43.59,False,"Alcochete / Samouco marshes (2010, 2026)",
1504,38.720345,-8.94107,44.114,False,"Alcochete / Samouco marshes (2010, 2026)",
1505,38.720419,-8.941103,44.292,False,"Alcochete / Samouco marshes (2010, 2026)",
1506,38.720818,-8.940884,43.759,False,"Alcochete / Samouco marshes (2010, 2026)",
1507,38.720717,-8.940933,43.785,False,"Alcochete / Samouco marshes (2010, 2026)",
1508,38.721133,-8.940714,43.798,False,"Alcochete / Samouco marshes (2010, 2026)",
1509,38.721549,-8.940494,42.799,False,"Alcochete / Samouco marshes (2010, 2026)",
1510,38.721964,-8.940274,41.998,False,"Alcochete / Samouco marshes (2010, 2026)",
1511,38.721735,-8.940391,42.314,False,"Alcochete / Samouco marshes (2010, 2026)",
1512,38.721319,-8.94061,43.422,False,"Alcochete / Samouco marshes (2010, 2026)",
1513,38.720905,-8.940836,43.783,False,"Alcochete / Samouco marshes (2010, 2026)",
1514,38.720471,-8.940982,43.867,False,"Alcochete / Samouco marshes (2010, 2026)",
1515,38.720033,-8.941108,43.765,False,"Alcochete / Samouco marshes (2010, 2026)",
1516,38.720434,-8.940906,43.59,False,"Alcochete / Samouco marshes (2010, 2026)",
1517,38.720849,-8.940686,43.276,False,"Alcochete / Samouco marshes (2010, 2026)",
1518,38.720594,-8.940931,43.732,False,"Alcochete / Samouco marshes (2010, 2026)",
1519,38.720202,-8.941203,44.297,False,"Alcochete / Samouco marshes (2010, 2026)",
1520,38.719778,-8.941392,43.524,False,"Alcochete / Samouco marshes (2010, 2026)",
1521,38.719349,-8.941565,42.539,False,"Alcochete / Samouco marshes (2010, 2026)",
1522,38.718913,-8.941706,41.971,False,"Alcochete / Samouco marshes (2010, 2026)",
1523,38.718469,-8.941797,41.804,False,"Alcochete / Samouco marshes (2010, 2026)",
1524,38.718022,-8.94178,41.752,False,"Alcochete / Samouco marshes (2010, 2026)",
1525,38.717699,-8.94173,41.848,False,"Alcochete / Samouco marshes (2010, 2026)",
1526,38.718147,-8.94169,41.603,False,"Alcochete / Samouco marshes (2010, 2026)",
1527,38.718592,-8.941612,41.621,False,"Alcochete / Samouco marshes (2010, 2026)",
1528,38.719034,-8.941506,41.769,False,"Alcochete / Samouco marshes (2010, 2026)",
1529,38.71947,-8.941364,42.595,False,"Alcochete / Samouco marshes (2010, 2026)",
1530,38.719894,-8.941175,43.563,False,"Alcochete / Samouco marshes (2010, 2026)",
1531,38.719727,-8.941232,43.203,False,"Alcochete / Samouco marshes (2010, 2026)",
1532,38.719298,-8.941406,42.17,False,"Alcochete / Samouco marshes (2010, 2026)",
1533,38.71887,-8.94158,41.674,False,"Alcochete / Samouco marshes (2010, 2026)",
1534,38.718441,-8.941754,41.717,False,"Alcochete / Samouco marshes (2010, 2026)",
1535,38.718012,-8.941928,41.978,False,"Alcochete / Samouco marshes (2010, 2026)",
1536,38.717584,-8.942102,42.764,False,"Alcochete / Samouco marshes (2010, 2026)",
1537,38.717444,-8.942575,43.742,False,"Alcochete / Samouco marshes (2010, 2026)",
1538,38.717402,-8.943149,44.363,False,"Alcochete / Samouco marshes (2010, 2026)",
1539,38.71736,-8.943723,43.169,False,"Alcochete / Samouco marshes (2010, 2026)",
1540,38.717318,-8.944297,41.915,False,"Alcochete / Samouco marshes (2010, 2026)",
1541,38.717146,-8.943863,42.189,False,"Alcochete / Samouco marshes (2010, 2026)",
1542,38.716963,-8.943338,42.525,False,"Alcochete / Samouco marshes (2010, 2026)",
1543,38.716779,-8.942812,41.275,False,"Alcochete / Samouco marshes (2010, 2026)",
1544,38.716595,-8.942286,39.412,False,"Alcochete / Samouco marshes (2010, 2026)",
1545,38.716411,-8.94176,38.882,False,"Alcochete / Samouco marshes (2010, 2026)",
1546,38.716227,-8.941234,38.364,False,"Alcochete / Samouco marshes (2010, 2026)",
1547,38.716043,-8.940708,37.805,False,"Alcochete / Samouco marshes (2010, 2026)",
1548,38.715859,-8.940183,38.059,False,"Alcochete / Samouco marshes (2010, 2026)",
1549,38.715675,-8.939657,38.402,False,"Alcochete / Samouco marshes (2010, 2026)",
1550,38.715491,-8.939131,38.812,False,"Alcochete / Samouco marshes (2010, 2026)",
1551,38.715307,-8.938605,39.891,False,"Alcochete / Samouco marshes (2010, 2026)",
1552,38.715123,-8.938079,41.074,False,"Alcochete / Samouco marshes (2010, 2026)",
1553,38.714939,-8.937553,42.371,False,"Alcochete / Samouco marshes (2010, 2026)",
1554,38.714755,-8.937027,42.535,False,"Alcochete / Samouco marshes (2010, 2026)",
1555,38.714572,-8.936502,42.058,False,"Alcochete / Samouco marshes (2010, 2026)",
1556,38.714388,-8.935976,42.538,False,"Alcochete / Samouco marshes (2010, 2026)",
1557,38.714204,-8.93545,43.427,False,"Alcochete / Samouco marshes (2010, 2026)",
1558,38.71402,-8.934924,44.279,False,"Alcochete / Samouco marshes (2010, 2026)",
1559,38.713836,-8.934398,45.425,False,"Alcochete / Samouco marshes (2010, 2026)",
1560,38.713652,-8.933872,46.851,False,"Alcochete / Samouco marshes (2010, 2026)",
1561,38.713468,-8.933347,47.686,False,"Alcochete / Samouco marshes (2010, 2026)",
1562,38.713284,-8.932821,48.143,False,"Alcochete / Samouco marshes (2010, 2026)",
1563,38.7131,-8.932295,48.915,False,"Alcochete / Samouco marshes (2010, 2026)",
1564,38.712916,-8.931769,50.89,False,"Alcochete / Samouco marshes (2010, 2026)",
1565,38.712732,-8.931243,52.162,False,"Alcochete / Samouco marshes (2010, 2026)",
1566,38.712548,-8.930717,52.297,False,"Alcochete / Samouco marshes (2010, 2026)",
1567,38.712365,-8.930191,52.892,False,"Alcochete / Samouco marshes (2010, 2026)",
1568,38.712181,-8.929666,52.773,False,"Alcochete / Samouco marshes (2010, 2026)",
1569,38.711997,-8.92914,52.263,False,"Alcochete / Samouco marshes (2010, 2026)",
1570,38.711813,-8.928614,51.435,False,"Alcochete / Samouco marshes (2010, 2026)",
1571,38.711629,-8.928088,49.792,False,"Alcochete / Samouco marshes (2010, 2026)",
1572,38.711445,-8.927562,48.394,False,"Alcochete / Samouco marshes (2010, 2026)",
1573,38.711261,-8.927036,46.618,False,"Alcochete / Samouco marshes (2010, 2026)",
1574,38.711077,-8.926511,45.481,False,"Alcochete / Samouco marshes (2010, 2026)",
1575,38.710893,-8.925985,45.66,False,"Alcochete / Samouco marshes (2010, 2026)",
1576,38.710709,-8.925459,47.231,False,"Alcochete / Samouco marshes (2010, 2026)",
1577,38.710525,-8.924933,49.043,False,"Alcochete / Samouco marshes (2010, 2026)",
1578,38.710341,-8.924407,49.878,False,"Alcochete / Samouco marshes (2010, 2026)",
1579,38.710157,-8.923881,50.684,False,"Alcochete / Samouco marshes (2010, 2026)",
1580,38.709974,-8.923355,52.397,False,"Alcochete / Samouco marshes (2010, 2026)",
1581,38.70979,-8.92283,53.56,False,"Alcochete / Samouco marshes (2010, 2026)",
1582,38.709606,-8.922304,53.854,False,"Alcochete / Samouco marshes (2010, 2026)",
1583,38.709422,-8.921778,53.234,False,"Alcochete / Samouco marshes (2010, 2026)",
1584,38.709238,-8.921252,53.22,False,"Alcochete / Samouco marshes (2010, 2026)",
1585,38.709054,-8.920726,54.948,False,"Alcochete / Samouco marshes (2010, 2026)",
1586,38.70887,-8.9202,52.858,False,"Alcochete / Samouco marshes (2010, 2026)",
1587,38.708686,-8.919675,47.198,False,"Alcochete / Samouco marshes (2010, 2026)",
1588,38.708502,-8.919149,41.724,False,"Alcochete / Samouco marshes (2010, 2026)",
1589,38.708318,-8.918623,37.81,False,"Alcochete / Samouco marshes (2010, 2026)",
1590,38.708134,-8.918097,36.896,False,"Alcochete / Samouco marshes (2010, 2026)",
1591,38.70795,-8.917571,36.105,False,"Alcochete / Samouco marshes (2010, 2026)",
1592,38.707766,-8.917045,35.609,False,"Alcochete / Samouco marshes (2010, 2026)",
1593,38.707583,-8.916519,35.75,False,"Alcochete / Samouco marshes (2010, 2026)",
1594,38.707399,-8.915994,34.701,False,"Alcochete / Samouco marshes (2010, 2026)",
1595,38.707215,-8.915468,33.011,False,"Alcochete / Samouco marshes (2010, 2026)",
1596,38.707031,-8.914942,31.725,False,"Alcochete / Samouco marshes (2010, 2026)",
1597,38.706847,-8.914416,30.715,False,"Alcochete / Samouco marshes (2010, 2026)",
1598,38.706663,-8.91389,30.589,False,"Alcochete / Samouco marshes (2010, 2026)",
1599,38.706479,-8.913364,30.082,False,"Alcochete / Samouco marshes (2010, 2026)",
1600,38.706295,-8.912839,29.603,False,"Alcochete / Samouco marshes (2010, 2026)",
1601,38.706111,-8.912313,28.515,False,"Alcochete / Samouco marshes (2010, 2026)",
1602,38.705927,-8.911787,26.307,False,"Alcochete / Samouco marshes (2010, 2026)",
1603,38.705743,-8.911261,24.942,False,"Alcochete / Samouco marshes (2010, 2026)",
1604,38.705559,-8.910735,24.195,False,"Alcochete / Samouco marshes (2010, 2026)",
1605,38.705375,-8.910209,24.466,False,"Alcochete / Samouco marshes (2010, 2026)",
1606,38.705192,-8.909683,25.1,False,"Alcochete / Samouco marshes (2010, 2026)",
1607,38.705008,-8.909158,26.431,False,"Alcochete / Samouco marshes (2010, 2026)",
1608,38.704824,-8.908632,26.831,False,"Alcochete / Samouco marshes (2010, 2026)",
1609,38.70464,-8.908106,26.188,False,"Alcochete / Samouco marshes (2010, 2026)",
1610,38.704456,-8.90758,25.859,False,"Alcochete / Samouco marshes (2010, 2026)",
1611,38.704272,-8.907054,25.249,False,"Alcochete / Samouco marshes (2010, 2026)",
1612,38.704088,-8.906528,23.927,False,"Alcochete / Samouco marshes (2010, 2026)",
1613,38.703904,-8.906003,22.262,False,"Alcochete / Samouco marshes (2010, 2026)",
1614,38.70372,-8.905477,20.293,False,"Alcochete / Samouco marshes (2010, 2026)",
1615,38.703352,-8.90523,18.602,False,"Alcochete / Samouco marshes (2010, 2026)",
1616,38.702918,-8.905075,17.682,False,"Alcochete / Samouco marshes (2010, 2026)",
1617,38.702487,-8.904912,17.011,False,"Alcochete / Samouco marshes (2010, 2026)",
1618,38.702057,-8.904744,14.644,False,"Alcochete / Samouco marshes (2010, 2026)",
1619,38.701629,-8.904567,11.583,False,"Alcochete / Samouco marshes (2010, 2026)",
1620,38.701203,-8.904384,13.398,False,"Alcochete / Samouco marshes (2010, 2026)",
1621,38.700912,-8.904242,15.741,False,"Alcochete / Samouco marshes (2010, 2026)",
1622,38.701349,-8.904377,12.35,False,"Alcochete / Samouco marshes (2010, 2026)",
1623,38.701786,-8.904511,12.027,False,"Alcochete / Samouco marshes (2010, 2026)",
1624,38.702223,-8.904646,15.309,False,"Alcochete / Samouco marshes (2010, 2026)",
1625,38.70266,-8.90478,16.695,False,"Alcochete / Samouco marshes (2010, 2026)",
1626,38.703098,-8.904915,17.25,False,"Alcochete / Samouco marshes (2010, 2026)",
1627,38.703535,-8.905049,18.594,False,"Alcochete / Samouco marshes (2010, 2026)",
1628,38.703972,-8.905186,20.326,False,"Alcochete / Samouco marshes (2010, 2026)",
1629,38.704408,-8.905326,21.011,False,"Alcochete / Samouco marshes (2010, 2026)",
1630,38.704844,-8.905466,20.598,False,"Alcochete / Samouco marshes (2010, 2026)",
1631,38.70528,-8.905606,20.101,False,"Alcochete / Samouco marshes (2010, 2026)",
1632,38.705717,-8.905745,19.858,False,"Alcochete / Samouco marshes (2010, 2026)",
1633,38.706153,-8.905885,19.422,False,"Alcochete / Samouco marshes (2010, 2026)",
1634,38.706589,-8.906025,19.394,False,"Alcochete / Samouco marshes (2010, 2026)",
1635,38.707025,-8.906165,19.825,False,"Alcochete / Samouco marshes (2010, 2026)",
1636,38.707461,-8.906305,19.652,False,"Alcochete / Samouco marshes (2010, 2026)",
1637,38.707329,-8.906263,19.786,False,"Alcochete / Samouco marshes (2010, 2026)",
1638,38.706892,-8.906125,19.705,False,"Alcochete / Samouco marshes (2010, 2026)",
1639,38.706455,-8.905988,19.329,False,"Alcochete / Samouco marshes (2010, 2026)",
1640,38.706019,-8.90585,19.584,False,"Alcochete / Samouco marshes (2010, 2026)",
1641,38.705582,-8.905713,19.996,False,"Alcochete / Samouco marshes (2010, 2026)",
1642,38.705145,-8.905576,20.234,False,"Alcochete / Samouco marshes (2010, 2026)",
1643,38.704709,-8.905438,20.826,False,"Alcochete / Samouco marshes (2010, 2026)",
1644,38.704272,-8.905301,20.961,False,"Alcochete / Samouco marshes (2010, 2026)",
1645,38.703835,-8.905163,19.879,False,"Alcochete / Samouco marshes (2010, 2026)",
1646,38.703399,-8.905026,18.158,False,"Alcochete / Samouco marshes (2010, 2026)",
1647,38.702962,-8.904888,17.129,False,"Alcochete / Samouco marshes (2010, 2026)",
1648,38.702525,-8.904751,16.442,False,"Alcochete / Samouco marshes (2010, 2026)",
1649,38.702089,-8.904613,14.281,False,"Alcochete / Samouco marshes (2010, 2026)",
1650,38.701652,-8.904476,11.483,False,"Alcochete / Samouco marshes (2010, 2026)",
1651,38.701215,-8.904338,13.541,False,"Alcochete / Samouco marshes (2010, 2026)",
1652,38.700781,-8.904192,16.135,False,"Alcochete / Samouco marshes (2010, 2026)",
1653,38.700358,-8.903994,16.559,False,"Alcochete / Samouco marshes (2010, 2026)",
1654,38.699936,-8.903797,16.081,False,Bridge south approach viaduct (structural SLR exposure),
1655,38.699513,-8.9036,15.701,False,Bridge south approach viaduct (structural SLR exposure),
1656,38.699091,-8.903402,15.433,False,Bridge south approach viaduct (structural SLR exposure),
1657,38.698669,-8.903205,15.251,False,Bridge south approach viaduct (structural SLR exposure),
1658,38.698246,-8.903008,15.569,False,Bridge south approach viaduct (structural SLR exposure),
1659,38.697824,-8.902809,16.123,False,Bridge south approach viaduct (structural SLR exposure),
1660,38.697402,-8.902611,16.632,False,Bridge south approach viaduct (structural SLR exposure),
1661,38.69698,-8.902413,17.096,False,Bridge south approach viaduct (structural SLR exposure),
1662,38.696557,-8.902214,17.442,False,Bridge south approach viaduct (structural SLR exposure),
1663,38.696135,-8.902016,18.2,False,Bridge south approach viaduct (structural SLR exposure),
1664,38.695713,-8.901817,19.366,False,Bridge south approach viaduct (structural SLR exposure),
1665,38.695291,-8.901619,19.867,False,Bridge south approach viaduct (structural SLR exposure),
1666,38.694869,-8.901421,19.839,False,Bridge south approach viaduct (structural SLR exposure),
1667,38.694447,-8.901222,19.935,False,Bridge south approach viaduct (structural SLR exposure),
1668,38.694024,-8.901024,19.877,False,Bridge south approach viaduct (structural SLR exposure),
1669,38.693602,-8.900825,19.632,False,Bridge south approach viaduct (structural SLR exposure),
1670,38.69318,-8.900627,19.146,False,Bridge south approach viaduct (structural SLR exposure),
1671,38.692758,-8.900428,18.842,False,Bridge south approach viaduct (structural SLR exposure),
1672,38.692336,-8.900229,18.751,False,Bridge south approach viaduct (structural SLR exposure),
1673,38.691916,-8.900023,18.862,False,Bridge south approach viaduct (structural SLR exposure),
1674,38.691496,-8.899817,19.086,False,Bridge south approach viaduct (structural SLR exposure),
1675,38.691076,-8.899611,19.349,False,Bridge south approach viaduct (structural SLR exposure),
1676,38.690656,-8.899406,19.906,False,Bridge south approach viaduct (structural SLR exposure),
1677,38.690236,-8.8992,20.942,False,Bridge south approach viaduct (structural SLR exposure),
1678,38.690578,-8.899352,20.07,False,Bridge south approach viaduct (structural SLR exposure),
1679,38.691003,-8.899543,19.441,False,Bridge south approach viaduct (structural SLR exposure),
1680,38.691427,-8.899733,19.152,False,Bridge south approach viaduct (structural SLR exposure),
1681,38.691851,-8.899924,18.98,False,Bridge south approach viaduct (structural SLR exposure),
1682,38.692276,-8.900115,18.864,False,Bridge south approach viaduct (structural SLR exposure),
1683,38.6927,-8.900305,18.898,False,Bridge south approach viaduct (structural SLR exposure),
1684,38.693124,-8.900496,19.118,False,Bridge south approach viaduct (structural SLR exposure),
1685,38.693549,-8.900687,19.69,False,Bridge south approach viaduct (structural SLR exposure),
1686,38.693973,-8.900878,20.215,False,Bridge south approach viaduct (structural SLR exposure),
1687,38.694397,-8.901068,20.443,False,Bridge south approach viaduct (structural SLR exposure),
1688,38.694822,-8.901259,20.329,False,Bridge south approach viaduct (structural SLR exposure),
1689,38.695246,-8.90145,20.171,False,Bridge south approach viaduct (structural SLR exposure),
1690,38.69567,-8.90164,20.049,False,Bridge south approach viaduct (structural SLR exposure),
1691,38.696094,-8.901831,18.772,False,Bridge south approach viaduct (structural SLR exposure),
1692,38.696519,-8.902022,17.713,False,Bridge south approach viaduct (structural SLR exposure),
1693,38.696943,-8.902213,17.27,False,Bridge south approach viaduct (structural SLR exposure),
1694,38.697367,-8.902403,17.009,False,Bridge south approach viaduct (structural SLR exposure),
1695,38.697792,-8.902594,16.651,False,Bridge south approach viaduct (structural SLR exposure),
1696,38.698216,-8.902785,15.978,False,Bridge south approach viaduct (structural SLR exposure),
1697,38.69864,-8.902975,15.089,False,Bridge south approach viaduct (structural SLR exposure),
1698,38.699065,-8.903166,15.06,False,Bridge south approach viaduct (structural SLR exposure),
1699,38.699489,-8.903357,15.39,False,Bridge south approach viaduct (structural SLR exposure),
1700,38.699913,-8.903548,15.77,False,Bridge south approach viaduct (structural SLR exposure),
1701,38.700338,-8.903738,16.445,False,"Alcochete / Samouco marshes (2010, 2026)",
1702,38.700762,-8.903929,16.533,False,"Alcochete / Samouco marshes (2010, 2026)",
1703,38.701186,-8.904119,14.72,False,"Alcochete / Samouco marshes (2010, 2026)",
1704,38.701613,-8.904302,11.401,False,"Alcochete / Samouco marshes (2010, 2026)",
1705,38.702041,-8.904479,13.338,False,"Alcochete / Samouco marshes (2010, 2026)",
1706,38.70247,-8.90465,15.904,False,"Alcochete / Samouco marshes (2010, 2026)",
1707,38.702901,-8.904816,16.863,False,"Alcochete / Samouco marshes (2010, 2026)",
1708,38.703334,-8.90497,17.838,False,"Alcochete / Samouco marshes (2010, 2026)",
1709,38.703768,-8.905119,19.558,False,"Alcochete / Samouco marshes (2010, 2026)",
1710,38.70404,-8.905558,21.271,False,"Alcochete / Samouco marshes (2010, 2026)",
1711,38.70429,-8.906038,22.617,False,"Alcochete / Samouco marshes (2010, 2026)",
1712,38.704539,-8.906517,23.851,False,"Alcochete / Samouco marshes (2010, 2026)",
1713,38.704788,-8.906997,24.391,False,"Alcochete / Samouco marshes (2010, 2026)",
1714,38.705038,-8.907476,24.198,False,"Alcochete / Samouco marshes (2010, 2026)",
1715,38.705287,-8.907956,23.233,False,"Alcochete / Samouco marshes (2010, 2026)",
1716,38.705536,-8.908435,22.486,False,"Alcochete / Samouco marshes (2010, 2026)",
1717,38.705786,-8.908915,22.428,False,"Alcochete / Samouco marshes (2010, 2026)",
1718,38.706035,-8.909395,23.11,False,"Alcochete / Samouco marshes (2010, 2026)",
1719,38.706284,-8.909874,23.497,False,"Alcochete / Samouco marshes (2010, 2026)",
1720,38.706534,-8.910354,23.813,False,"Alcochete / Samouco marshes (2010, 2026)",
1721,38.706783,-8.910833,24.576,False,"Alcochete / Samouco marshes (2010, 2026)",
1722,38.707032,-8.911313,25.811,False,"Alcochete / Samouco marshes (2010, 2026)",
1723,38.707282,-8.911793,26.826,False,"Alcochete / Samouco marshes (2010, 2026)",
1724,38.707531,-8.912272,27.7,False,"Alcochete / Samouco marshes (2010, 2026)",
1725,38.70778,-8.912752,28.189,False,"Alcochete / Samouco marshes (2010, 2026)",
1726,38.70803,-8.913231,28.36,False,"Alcochete / Samouco marshes (2010, 2026)",
1727,38.708279,-8.913711,28.359,False,"Alcochete / Samouco marshes (2010, 2026)",
1728,38.708528,-8.91419,29.726,False,"Alcochete / Samouco marshes (2010, 2026)",
1729,38.708778,-8.91467,32.623,False,"Alcochete / Samouco marshes (2010, 2026)",
1730,38.709027,-8.91515,34.428,False,"Alcochete / Samouco marshes (2010, 2026)",
1731,38.709276,-8.915629,35.521,False,"Alcochete / Samouco marshes (2010, 2026)",
1732,38.709525,-8.916109,36.009,False,"Alcochete / Samouco marshes (2010, 2026)",
1733,38.709775,-8.916588,36.578,False,"Alcochete / Samouco marshes (2010, 2026)",
1734,38.710024,-8.917068,36.326,False,"Alcochete / Samouco marshes (2010, 2026)",
1735,38.710273,-8.917547,36.6,False,"Alcochete / Samouco marshes (2010, 2026)",
1736,38.710523,-8.918027,37.587,False,"Alcochete / Samouco marshes (2010, 2026)",
1737,38.710772,-8.918507,38.556,False,"Alcochete / Samouco marshes (2010, 2026)",
1738,38.711021,-8.918986,39.677,False,"Alcochete / Samouco marshes (2010, 2026)",
1739,38.711271,-8.919466,41.715,False,"Alcochete / Samouco marshes (2010, 2026)",
1740,38.71152,-8.919945,43.56,False,"Alcochete / Samouco marshes (2010, 2026)",
1741,38.711769,-8.920425,44.108,False,"Alcochete / Samouco marshes (2010, 2026)",
1742,38.712019,-8.920904,44.634,False,"Alcochete / Samouco marshes (2010, 2026)",
1743,38.712268,-8.921384,45.374,False,"Alcochete / Samouco marshes (2010, 2026)",
1744,38.712517,-8.921864,46.623,False,"Alcochete / Samouco marshes (2010, 2026)",
1745,38.712767,-8.922343,47.401,False,"Alcochete / Samouco marshes (2010, 2026)",
1746,38.713016,-8.922823,46.664,False,"Alcochete / Samouco marshes (2010, 2026)",
1747,38.713265,-8.923302,45.434,False,"Alcochete / Samouco marshes (2010, 2026)",
1748,38.713515,-8.923782,43.542,False,"Alcochete / Samouco marshes (2010, 2026)",
1749,38.713764,-8.924262,41.33,False,"Alcochete / Samouco marshes (2010, 2026)",
1750,38.714013,-8.924741,40.226,False,"Alcochete / Samouco marshes (2010, 2026)",
1751,38.714263,-8.925221,38.997,False,"Alcochete / Samouco marshes (2010, 2026)",
1752,38.714512,-8.9257,37.439,False,"Alcochete / Samouco marshes (2010, 2026)",
1753,38.714761,-8.92618,36.727,False,"Alcochete / Samouco marshes (2010, 2026)",
1754,38.715011,-8.926659,37.044,False,"Alcochete / Samouco marshes (2010, 2026)",
1755,38.71526,-8.927139,37.957,False,"Alcochete / Samouco marshes (2010, 2026)",
1756,38.715509,-8.927619,38.78,False,"Alcochete / Samouco marshes (2010, 2026)",
1757,38.715759,-8.928098,39.148,False,"Alcochete / Samouco marshes (2010, 2026)",
1758,38.716008,-8.928578,39.422,False,"Alcochete / Samouco marshes (2010, 2026)",
1759,38.716257,-8.929057,40.021,False,"Alcochete / Samouco marshes (2010, 2026)",
1760,38.716507,-8.929537,41.38,False,"Alcochete / Samouco marshes (2010, 2026)",
1761,38.716756,-8.930016,41.06,False,"Alcochete / Samouco marshes (2010, 2026)",
1762,38.717005,-8.930496,38.093,False,"Alcochete / Samouco marshes (2010, 2026)",
1763,38.717255,-8.930976,35.876,False,"Alcochete / Samouco marshes (2010, 2026)",
1764,38.717504,-8.931455,37.408,False,"Alcochete / Samouco marshes (2010, 2026)",
1765,38.717753,-8.931935,39.221,False,"Alcochete / Samouco marshes (2010, 2026)",
1766,38.718003,-8.932414,40.638,False,"Alcochete / Samouco marshes (2010, 2026)",
1767,38.718252,-8.932894,41.631,False,"Alcochete / Samouco marshes (2010, 2026)",
1768,38.718501,-8.933373,42.123,False,"Alcochete / Samouco marshes (2010, 2026)",
1769,38.71875,-8.933853,41.631,False,"Alcochete / Samouco marshes (2010, 2026)",
1770,38.719,-8.934333,40.027,False,"Alcochete / Samouco marshes (2010, 2026)",
1771,38.719249,-8.934812,38.858,False,"Alcochete / Samouco marshes (2010, 2026)",
1772,38.719498,-8.935292,38.825,False,"Alcochete / Samouco marshes (2010, 2026)",
1773,38.719748,-8.935771,39.328,False,"Alcochete / Samouco marshes (2010, 2026)",
1774,38.719997,-8.936251,40.219,False,"Alcochete / Samouco marshes (2010, 2026)",
1775,38.720246,-8.936731,40.021,False,"Alcochete / Samouco marshes (2010, 2026)",
1776,38.720496,-8.93721,39.033,False,"Alcochete / Samouco marshes (2010, 2026)",
1777,38.720745,-8.93769,38.321,False,"Alcochete / Samouco marshes (2010, 2026)",
1778,38.720994,-8.938169,37.82,False,"Alcochete / Samouco marshes (2010, 2026)",
1779,38.721244,-8.938649,37.342,False,"Alcochete / Samouco marshes (2010, 2026)",
1780,38.721493,-8.939128,36.909,False,"Alcochete / Samouco marshes (2010, 2026)",
1781,38.721742,-8.939608,38.39,False,"Alcochete / Samouco marshes (2010, 2026)",
1782,38.721992,-8.940088,41.408,False,"Alcochete / Samouco marshes (2010, 2026)",
1783,38.722405,-8.939874,40.713,False,"Alcochete / Samouco marshes (2010, 2026)",
1784,38.722821,-8.939653,39.64,False,"Alcochete / Samouco marshes (2010, 2026)",
1785,38.723236,-8.939433,38.149,False,"Alcochete / Samouco marshes (2010, 2026)",
1786,38.723652,-8.939212,36.894,False,"Alcochete / Samouco marshes (2010, 2026)",
1787,38.724067,-8.938991,36.237,False,"Alcochete / Samouco marshes (2010, 2026)",
1788,38.724482,-8.93877,36.1,False,"Alcochete / Samouco marshes (2010, 2026)",
1789,38.724897,-8.938549,36.08,False,"Alcochete / Samouco marshes (2010, 2026)",
1790,38.725313,-8.938328,34.95,False,"Alcochete / Samouco marshes (2010, 2026)",
1791,38.725728,-8.938107,33.719,False,"Alcochete / Samouco marshes (2010, 2026)",
1792,38.726144,-8.937889,33.864,False,"Alcochete / Samouco marshes (2010, 2026)",
1793,38.726561,-8.937672,34.796,False,"Alcochete / Samouco marshes (2010, 2026)",
1794,38.726978,-8.937458,34.949,False,"Alcochete / Samouco marshes (2010, 2026)",
1795,38.727397,-8.937248,34.408,False,"Alcochete / Samouco marshes (2010, 2026)",
1796,38.72782,-8.937052,33.853,False,"Alcochete / Samouco marshes (2010, 2026)",
1797,38.728247,-8.936872,33.106,False,"Alcochete / Samouco marshes (2010, 2026)",
1798,38.728675,-8.936694,32.559,False,"Alcochete / Samouco marshes (2010, 2026)",
1799,38.729109,-8.936546,32.026,False,"Alcochete / Samouco marshes (2010, 2026)",
1800,38.729544,-8.936397,30.934,False,"Alcochete / Samouco marshes (2010, 2026)",
1801,38.72998,-8.936258,30.156,False,"Alcochete / Samouco marshes (2010, 2026)",
1802,38.730417,-8.93612,30.422,False,"Alcochete / Samouco marshes (2010, 2026)",
1803,38.730853,-8.935982,30.459,False,"Alcochete / Samouco marshes (2010, 2026)",
1804,38.731291,-8.935849,29.389,False,"Alcochete / Samouco marshes (2010, 2026)",
1805,38.731728,-8.935717,28.478,False,"Alcochete / Samouco marshes (2010, 2026)",
1806,38.732166,-8.935584,27.998,False,"Alcochete / Samouco marshes (2010, 2026)",
1807,38.732603,-8.93545,27.441,False,"Alcochete / Samouco marshes (2010, 2026)",
1808,38.733041,-8.935317,26.897,False,"Alcochete / Samouco marshes (2010, 2026)",
1809,38.733478,-8.935183,26.178,False,"Alcochete / Samouco marshes (2010, 2026)",
1810,38.733916,-8.93505,24.555,False,"Alcochete / Samouco marshes (2010, 2026)",
1811,38.734353,-8.934916,23.255,False,"Alcochete / Samouco marshes (2010, 2026)",
1812,38.73479,-8.934783,22.696,False,"Alcochete / Samouco marshes (2010, 2026)",
1813,38.735228,-8.934649,22.842,False,"Alcochete / Samouco marshes (2010, 2026)",
1814,38.735665,-8.934514,22.857,False,"Alcochete / Samouco marshes (2010, 2026)",
1815,38.736101,-8.934375,22.471,False,"Alcochete / Samouco marshes (2010, 2026)",
1816,38.736535,-8.934222,22.366,False,"Alcochete / Samouco marshes (2010, 2026)",
1817,38.736962,-8.934042,22.256,False,"Alcochete / Samouco marshes (2010, 2026)",
1818,38.737383,-8.933839,22.454,False,"Alcochete / Samouco marshes (2010, 2026)",
1819,38.737795,-8.93361,23.323,False,"Alcochete / Samouco marshes (2010, 2026)",
1820,38.738204,-8.933372,24.102,False,"Alcochete / Samouco marshes (2010, 2026)",
1821,38.7386,-8.933098,23.57,False,"Alcochete / Samouco marshes (2010, 2026)",
1822,38.738979,-8.932787,22.205,False,"Alcochete / Samouco marshes (2010, 2026)",
1823,38.739355,-8.932472,20.121,False,"Alcochete / Samouco marshes (2010, 2026)",
1824,38.739192,-8.932616,21.241,False,"Alcochete / Samouco marshes (2010, 2026)",
1825,38.738821,-8.932941,22.882,False,"Alcochete / Samouco marshes (2010, 2026)",
1826,38.73845,-8.933267,24.194,False,"Alcochete / Samouco marshes (2010, 2026)",
1827,38.73808,-8.933593,24.446,False,"Alcochete / Samouco marshes (2010, 2026)",
1828,38.737709,-8.933919,24.045,False,"Alcochete / Samouco marshes (2010, 2026)",
1829,38.737338,-8.934244,23.488,False,"Alcochete / Samouco marshes (2010, 2026)",
1830,38.736967,-8.93457,23.333,False,"Alcochete / Samouco marshes (2010, 2026)",
1831,38.736596,-8.934896,23.563,False,"Alcochete / Samouco marshes (2010, 2026)",
1832,38.736225,-8.935222,24.439,False,"Alcochete / Samouco marshes (2010, 2026)",
1833,38.735854,-8.935548,25.675,False,"Alcochete / Samouco marshes (2010, 2026)",
1834,38.735483,-8.935873,26.712,False,"Alcochete / Samouco marshes (2010, 2026)",
1835,38.735112,-8.936199,27.382,False,"Alcochete / Samouco marshes (2010, 2026)",
1836,38.734741,-8.936525,28.042,False,"Alcochete / Samouco marshes (2010, 2026)",
1837,38.73437,-8.936851,29.152,False,"Alcochete / Samouco marshes (2010, 2026)",
1838,38.733999,-8.937176,30.193,False,"Alcochete / Samouco marshes (2010, 2026)",
1839,38.733628,-8.937502,30.366,False,"Alcochete / Samouco marshes (2010, 2026)",
1840,38.733257,-8.937828,30.655,False,"Alcochete / Samouco marshes (2010, 2026)",
1841,38.732886,-8.938154,31.882,False,"Alcochete / Samouco marshes (2010, 2026)",
1842,38.732515,-8.938479,33.23,False,"Alcochete / Samouco marshes (2010, 2026)",
1843,38.732144,-8.938805,33.982,False,"Alcochete / Samouco marshes (2010, 2026)",
1844,38.731773,-8.939131,34.436,False,"Alcochete / Samouco marshes (2010, 2026)",
1845,38.731402,-8.939457,34.689,False,"Alcochete / Samouco marshes (2010, 2026)",
1846,38.731031,-8.939782,34.664,False,"Alcochete / Samouco marshes (2010, 2026)",
1847,38.73066,-8.940108,34.926,False,"Alcochete / Samouco marshes (2010, 2026)",
1848,38.730289,-8.940434,36.438,False,"Alcochete / Samouco marshes (2010, 2026)",
1849,38.729918,-8.94076,38.323,False,"Alcochete / Samouco marshes (2010, 2026)",
1850,38.729547,-8.941085,39.6,False,"Alcochete / Samouco marshes (2010, 2026)",
1851,38.729176,-8.941411,40.203,False,"Alcochete / Samouco marshes (2010, 2026)",
1852,38.728806,-8.941737,40.937,False,"Alcochete / Samouco marshes (2010, 2026)",
1853,38.728435,-8.942063,41.888,False,"Alcochete / Samouco marshes (2010, 2026)",
1854,38.728064,-8.942389,42.254,False,"Alcochete / Samouco marshes (2010, 2026)",
1855,38.727693,-8.942714,42.522,False,"Alcochete / Samouco marshes (2010, 2026)",
1856,38.727322,-8.94304,42.96,False,"Alcochete / Samouco marshes (2010, 2026)",
1857,38.726951,-8.943366,43.351,False,"Alcochete / Samouco marshes (2010, 2026)",
1858,38.72658,-8.943692,43.801,False,"Alcochete / Samouco marshes (2010, 2026)",
1859,38.726209,-8.944017,44.279,False,"Alcochete / Samouco marshes (2010, 2026)",
1860,38.725838,-8.944343,43.691,False,"Alcochete / Samouco marshes (2010, 2026)",
1861,38.725467,-8.944669,42.243,False,"Alcochete / Samouco marshes (2010, 2026)",
1862,38.725096,-8.944995,40.847,False,"Alcochete / Samouco marshes (2010, 2026)",
1863,38.724725,-8.94532,40.095,False,"Alcochete / Samouco marshes (2010, 2026)",
1864,38.724354,-8.945646,40.551,False,"Alcochete / Samouco marshes (2010, 2026)",
1865,38.723983,-8.945972,41.172,False,"Alcochete / Samouco marshes (2010, 2026)",
1866,38.723612,-8.946298,41.617,False,"Alcochete / Samouco marshes (2010, 2026)",
1867,38.723241,-8.946623,42.173,False,"Alcochete / Samouco marshes (2010, 2026)",
1868,38.72287,-8.946949,42.458,False,"Alcochete / Samouco marshes (2010, 2026)",
1869,38.722499,-8.947275,42.182,False,"Alcochete / Samouco marshes (2010, 2026)",
1870,38.722128,-8.947601,41.292,False,"Alcochete / Samouco marshes (2010, 2026)",
1871,38.721757,-8.947926,40.403,False,"Alcochete / Samouco marshes (2010, 2026)",
1872,38.721386,-8.948252,39.197,False,"Alcochete / Samouco marshes (2010, 2026)",
1873,38.721015,-8.948578,37.307,False,"Alcochete / Samouco marshes (2010, 2026)",
1874,38.720644,-8.948904,35.928,False,"Alcochete / Samouco marshes (2010, 2026)",
1875,38.720273,-8.94923,35.328,False,"Alcochete / Samouco marshes (2010, 2026)",
1876,38.719902,-8.949555,34.949,False,"Alcochete / Samouco marshes (2010, 2026)",
1877,38.719532,-8.949881,35.709,False,"Alcochete / Samouco marshes (2010, 2026)",
1878,38.719161,-8.950207,36.782,False,"Alcochete / Samouco marshes (2010, 2026)",
1879,38.71879,-8.950533,35.716,False,"Alcochete / Samouco marshes (2010, 2026)",
1880,38.718419,-8.950858,34.243,False,"Alcochete / Samouco marshes (2010, 2026)",
1881,38.718048,-8.951184,33.176,False,"Alcochete / Samouco marshes (2010, 2026)",
1882,38.717849,-8.951586,32.275,False,"Alcochete / Samouco marshes (2010, 2026)",
1883,38.718018,-8.952121,31.375,False,"Alcochete / Samouco marshes (2010, 2026)",
1884,38.718186,-8.952655,29.999,False,"Alcochete / Samouco marshes (2010, 2026)",
1885,38.718355,-8.953189,28.392,False,"Alcochete / Samouco marshes (2010, 2026)",
1886,38.718523,-8.953724,26.694,False,"Alcochete / Samouco marshes (2010, 2026)",
1887,38.718691,-8.954258,25.21,False,"Alcochete / Samouco marshes (2010, 2026)",
1888,38.71886,-8.954793,23.823,False,"Alcochete / Samouco marshes (2010, 2026)",
1889,38.719028,-8.955327,22.31,False,"Alcochete / Samouco marshes (2010, 2026)",
1890,38.719196,-8.955861,21.895,False,"Alcochete / Samouco marshes (2010, 2026)",
1891,38.719365,-8.956396,23.354,False,"Alcochete / Samouco marshes (2010, 2026)",
1892,38.719533,-8.95693,24.669,False,"Alcochete / Samouco marshes (2010, 2026)",
1893,38.719701,-8.957465,25.219,False,"Alcochete / Samouco marshes (2010, 2026)",
1894,38.71987,-8.957999,24.141,False,"Alcochete / Samouco marshes (2010, 2026)",
1895,38.720038,-8.958533,23.735,False,"Alcochete / Samouco marshes (2010, 2026)",
1896,38.720205,-8.959069,23.85,False,"Alcochete / Samouco marshes (2010, 2026)",
1897,38.720371,-8.959604,22.989,False,"Alcochete / Samouco marshes (2010, 2026)",
1898,38.720538,-8.960139,22.625,False,"Alcochete / Samouco marshes (2010, 2026)",
1899,38.720705,-8.960675,22.969,False,"Alcochete / Samouco marshes (2010, 2026)",
1900,38.720871,-8.96121,22.108,False,"Alcochete / Samouco marshes (2010, 2026)",
1901,38.721035,-8.961747,21.851,False,"Alcochete / Samouco marshes (2010, 2026)",
1902,38.7212,-8.962283,21.58,False,"Alcochete / Samouco marshes (2010, 2026)",
1903,38.721364,-8.962819,19.888,False,"Alcochete / Samouco marshes (2010, 2026)",
1904,38.721529,-8.963356,19.135,False,"Alcochete / Samouco marshes (2010, 2026)",
1905,38.721694,-8.963892,20.697,False,"Alcochete / Samouco marshes (2010, 2026)",
1906,38.721858,-8.964428,21.363,False,"Alcochete / Samouco marshes (2010, 2026)",
1907,38.721807,-8.964274,21.342,False,"Alcochete / Samouco marshes (2010, 2026)",
1908,38.721638,-8.963739,20.23,False,"Alcochete / Samouco marshes (2010, 2026)",
1909,38.72147,-8.963205,19.101,False,"Alcochete / Samouco marshes (2010, 2026)",
1910,38.721301,-8.962671,20.397,False,"Alcochete / Samouco marshes (2010, 2026)",
1911,38.721132,-8.962137,21.863,False,"Alcochete / Samouco marshes (2010, 2026)",
1912,38.720963,-8.961603,21.718,False,"Alcochete / Samouco marshes (2010, 2026)",
1913,38.720794,-8.961069,22.3,False,"Alcochete / Samouco marshes (2010, 2026)",
1914,38.720625,-8.960535,22.911,False,"Alcochete / Samouco marshes (2010, 2026)",
1915,38.720456,-8.960001,22.55,False,"Alcochete / Samouco marshes (2010, 2026)",
1916,38.720287,-8.959467,23.22,False,"Alcochete / Samouco marshes (2010, 2026)",
1917,38.720118,-8.958932,23.796,False,"Alcochete / Samouco marshes (2010, 2026)",
1918,38.719949,-8.958398,23.655,False,"Alcochete / Samouco marshes (2010, 2026)",
1919,38.71978,-8.957864,24.389,False,"Alcochete / Samouco marshes (2010, 2026)",
1920,38.719611,-8.95733,25.104,False,"Alcochete / Samouco marshes (2010, 2026)",
1921,38.719442,-8.956796,24.155,False,"Alcochete / Samouco marshes (2010, 2026)",
1922,38.719273,-8.956262,22.756,False,"Alcochete / Samouco marshes (2010, 2026)",
1923,38.719104,-8.955728,21.588,False,"Alcochete / Samouco marshes (2010, 2026)",
1924,38.718936,-8.955194,22.685,False,"Alcochete / Samouco marshes (2010, 2026)",
1925,38.718767,-8.95466,24.252,False,"Alcochete / Samouco marshes (2010, 2026)",
1926,38.718598,-8.954125,25.625,False,"Alcochete / Samouco marshes (2010, 2026)",
1927,38.718429,-8.953591,27.173,False,"Alcochete / Samouco marshes (2010, 2026)",
1928,38.71826,-8.953057,28.915,False,"Alcochete / Samouco marshes (2010, 2026)",
1929,38.718174,-8.952839,29.643,False,"Alcochete / Samouco marshes (2010, 2026)",
1930,38.718294,-8.953394,27.972,False,"Alcochete / Samouco marshes (2010, 2026)",
1931,38.71843,-8.953944,26.285,False,"Alcochete / Samouco marshes (2010, 2026)",
1932,38.718585,-8.954484,24.878,False,"Alcochete / Samouco marshes (2010, 2026)",
1933,38.718747,-8.955022,23.31,False,"Alcochete / Samouco marshes (2010, 2026)",
1934,38.718913,-8.955558,21.588,False,"Alcochete / Samouco marshes (2010, 2026)",
1935,38.71911,-8.956076,21.849,False,"Alcochete / Samouco marshes (2010, 2026)",
1936,38.719302,-8.956597,23.344,False,"Alcochete / Samouco marshes (2010, 2026)",
1937,38.719477,-8.957127,24.67,False,"Alcochete / Samouco marshes (2010, 2026)",
1938,38.719641,-8.957664,24.763,False,"Alcochete / Samouco marshes (2010, 2026)",
1939,38.719784,-8.95821,23.761,False,"Alcochete / Samouco marshes (2010, 2026)",
1940,38.719955,-8.958743,23.596,False,"Alcochete / Samouco marshes (2010, 2026)",
1941,38.720127,-8.959275,23.4,False,"Alcochete / Samouco marshes (2010, 2026)",
1942,38.720304,-8.959805,22.597,False,"Alcochete / Samouco marshes (2010, 2026)",
1943,38.720481,-8.960335,22.723,False,"Alcochete / Samouco marshes (2010, 2026)",
1944,38.720659,-8.960864,22.549,False,"Alcochete / Samouco marshes (2010, 2026)",
1945,38.720836,-8.961394,21.626,False,"Alcochete / Samouco marshes (2010, 2026)",
1946,38.721014,-8.961923,21.829,False,"Alcochete / Samouco marshes (2010, 2026)",
1947,38.721191,-8.962453,21.143,False,"Alcochete / Samouco marshes (2010, 2026)",
1948,38.721368,-8.962983,19.348,False,"Alcochete / Samouco marshes (2010, 2026)",
1949,38.721546,-8.963512,19.535,False,"Alcochete / Samouco marshes (2010, 2026)",
1950,38.721723,-8.964042,21.033,False,"Alcochete / Samouco marshes (2010, 2026)",
1951,38.721901,-8.964571,21.274,False,"Alcochete / Samouco marshes (2010, 2026)",
1952,38.721763,-8.964132,21.169,False,"Alcochete / Samouco marshes (2010, 2026)",
1953,38.721594,-8.963598,19.792,False,"Alcochete / Samouco marshes (2010, 2026)",
1954,38.721425,-8.963064,19.212,False,"Alcochete / Samouco marshes (2010, 2026)",
1955,38.721256,-8.962529,20.849,False,"Alcochete / Samouco marshes (2010, 2026)",
1956,38.721087,-8.961995,21.956,False,"Alcochete / Samouco marshes (2010, 2026)",
1957,38.720918,-8.961461,21.763,False,"Alcochete / Samouco marshes (2010, 2026)",
1958,38.720749,-8.960927,22.559,False,"Alcochete / Samouco marshes (2010, 2026)",
1959,38.72058,-8.960393,22.867,False,"Alcochete / Samouco marshes (2010, 2026)",
1960,38.720411,-8.959859,22.595,False,"Alcochete / Samouco marshes (2010, 2026)",
1961,38.720242,-8.959325,23.466,False,"Alcochete / Samouco marshes (2010, 2026)",
1962,38.720073,-8.958791,23.798,False,"Alcochete / Samouco marshes (2010, 2026)",
1963,38.719904,-8.958257,23.788,False,"Alcochete / Samouco marshes (2010, 2026)",
1964,38.719735,-8.957722,24.7,False,"Alcochete / Samouco marshes (2010, 2026)",
1965,38.719566,-8.957188,24.976,False,"Alcochete / Samouco marshes (2010, 2026)",
1966,38.719398,-8.956654,23.802,False,"Alcochete / Samouco marshes (2010, 2026)",
1967,38.719229,-8.95612,22.389,False,"Alcochete / Samouco marshes (2010, 2026)",
1968,38.71906,-8.955586,21.722,False,"Alcochete / Samouco marshes (2010, 2026)",
1969,38.718891,-8.955052,23.117,False,"Alcochete / Samouco marshes (2010, 2026)",
1970,38.718722,-8.954518,24.611,False,"Alcochete / Samouco marshes (2010, 2026)",
1971,38.718553,-8.953984,26.005,False,"Alcochete / Samouco marshes (2010, 2026)",
1972,38.718384,-8.95345,27.639,False,"Alcochete / Samouco marshes (2010, 2026)",
1973,38.718215,-8.952915,29.37,False,"Alcochete / Samouco marshes (2010, 2026)",
1974,38.71825,-8.952965,29.166,False,"Alcochete / Samouco marshes (2010, 2026)",
1975,38.718448,-8.953482,27.43,False,"Alcochete / Samouco marshes (2010, 2026)",
1976,38.718655,-8.953994,25.853,False,"Alcochete / Samouco marshes (2010, 2026)",
1977,38.718851,-8.954512,24.496,False,"Alcochete / Samouco marshes (2010, 2026)",
1978,38.719036,-8.955037,23.149,False,"Alcochete / Samouco marshes (2010, 2026)",
1979,38.719228,-8.955559,22.199,False,"Alcochete / Samouco marshes (2010, 2026)",
1980,38.719428,-8.956075,23.276,False,"Alcochete / Samouco marshes (2010, 2026)",
1981,38.719626,-8.956592,24.707,False,"Alcochete / Samouco marshes (2010, 2026)",
1982,38.719811,-8.957118,25.724,False,"Alcochete / Samouco marshes (2010, 2026)",
1983,38.71998,-8.957651,25.173,False,"Alcochete / Samouco marshes (2010, 2026)",
1984,38.720162,-8.958178,24.22,False,"Alcochete / Samouco marshes (2010, 2026)",
1985,38.720333,-8.958711,24.335,False,"Alcochete / Samouco marshes (2010, 2026)",
1986,38.720498,-8.959247,24.033,False,"Alcochete / Samouco marshes (2010, 2026)",
1987,38.720643,-8.959793,22.895,False,"Alcochete / Samouco marshes (2010, 2026)",
1988,38.720787,-8.960339,23.11,False,"Alcochete / Samouco marshes (2010, 2026)",
1989,38.720931,-8.960885,22.988,False,"Alcochete / Samouco marshes (2010, 2026)",
1990,38.721075,-8.96143,22.254,False,"Alcochete / Samouco marshes (2010, 2026)",
1991,38.721219,-8.961976,22.106,False,"Alcochete / Samouco marshes (2010, 2026)",
1992,38.721363,-8.962522,20.822,False,"Alcochete / Samouco marshes (2010, 2026)",
1993,38.721507,-8.963068,19.161,False,"Alcochete / Samouco marshes (2010, 2026)",
1994,38.721652,-8.963614,19.869,False,"Alcochete / Samouco marshes (2010, 2026)",
1995,38.721796,-8.96416,21.207,False,"Alcochete / Samouco marshes (2010, 2026)",
1996,38.721887,-8.964534,21.309,False,"Alcochete / Samouco marshes (2010, 2026)",
1997,38.721705,-8.964007,20.974,False,"Alcochete / Samouco marshes (2010, 2026)",
1998,38.721522,-8.96348,19.441,False,"Alcochete / Samouco marshes (2010, 2026)",
1999,38.72134,-8.962953,19.467,False,"Alcochete / Samouco marshes (2010, 2026)",
2000,38.721158,-8.962426,21.252,False,"Alcochete / Samouco marshes (2010, 2026)",
2001,38.720975,-8.9619,21.752,False,"Alcochete / Samouco marshes (2010, 2026)",
2002,38.720793,-8.961373,21.536,False,"Alcochete / Samouco marshes (2010, 2026)",
2003,38.72061,-8.960846,22.523,False,"Alcochete / Samouco marshes (2010, 2026)",
2004,38.720428,-8.960319,22.664,False,"Alcochete / Samouco marshes (2010, 2026)",
2005,38.720246,-8.959793,22.589,False,"Alcochete / Samouco marshes (2010, 2026)",
2006,38.720063,-8.959266,23.334,False,"Alcochete / Samouco marshes (2010, 2026)",
2007,38.719881,-8.958739,23.513,False,"Alcochete / Samouco marshes (2010, 2026)",
2008,38.719698,-8.958212,23.763,False,"Alcochete / Samouco marshes (2010, 2026)",
2009,38.719516,-8.957685,24.633,False,"Alcochete / Samouco marshes (2010, 2026)",
2010,38.719334,-8.957159,24.269,False,"Alcochete / Samouco marshes (2010, 2026)",
2011,38.719151,-8.956632,22.853,False,"Alcochete / Samouco marshes (2010, 2026)",
2012,38.718969,-8.956105,21.586,False,"Alcochete / Samouco marshes (2010, 2026)",
2013,38.718786,-8.955578,21.606,False,"Alcochete / Samouco marshes (2010, 2026)",
2014,38.718604,-8.955051,23.426,False,"Alcochete / Samouco marshes (2010, 2026)",
2015,38.718422,-8.954525,25.084,False,"Alcochete / Samouco marshes (2010, 2026)",
2016,38.718268,-8.953984,26.473,False,"Alcochete / Samouco marshes (2010, 2026)",
2017,38.71813,-8.953436,28.246,False,"Alcochete / Samouco marshes (2010, 2026)",
2018,38.717992,-8.952887,30.013,False,"Alcochete / Samouco marshes (2010, 2026)",
2019,38.717856,-8.952338,31.422,False,"Alcochete / Samouco marshes (2010, 2026)",
2020,38.717721,-8.951788,32.183,False,"Alcochete / Samouco marshes (2010, 2026)",
2021,38.717594,-8.951235,32.984,False,"Alcochete / Samouco marshes (2010, 2026)",
2022,38.717821,-8.951539,32.377,False,"Alcochete / Samouco marshes (2010, 2026)",
2023,38.717974,-8.952078,31.519,False,"Alcochete / Samouco marshes (2010, 2026)",
2024,38.718124,-8.952621,30.197,False,"Alcochete / Samouco marshes (2010, 2026)",
2025,38.718464,-8.952371,30.278,False,"Alcochete / Samouco marshes (2010, 2026)",
2026,38.718826,-8.952029,30.975,False,"Alcochete / Samouco marshes (2010, 2026)",
2027,38.719187,-8.951687,31.614,False,"Alcochete / Samouco marshes (2010, 2026)",
2028,38.719549,-8.951345,32.608,False,"Alcochete / Samouco marshes (2010, 2026)",
2029,38.719911,-8.951003,33.881,False,"Alcochete / Samouco marshes (2010, 2026)",
2030,38.720273,-8.95066,35.417,False,"Alcochete / Samouco marshes (2010, 2026)",
2031,38.720635,-8.950318,36.091,False,"Alcochete / Samouco marshes (2010, 2026)",
2032,38.720997,-8.949976,36.529,False,"Alcochete / Samouco marshes (2010, 2026)",
2033,38.721358,-8.949634,36.987,False,"Alcochete / Samouco marshes (2010, 2026)",
2034,38.72172,-8.949291,37.678,False,"Alcochete / Samouco marshes (2010, 2026)",
2035,38.722082,-8.948949,38.822,False,"Alcochete / Samouco marshes (2010, 2026)",
2036,38.722444,-8.948607,39.766,False,"Alcochete / Samouco marshes (2010, 2026)",
2037,38.722806,-8.948265,39.689,False,"Alcochete / Samouco marshes (2010, 2026)",
2038,38.723168,-8.947923,40.16,False,"Alcochete / Samouco marshes (2010, 2026)",
2039,38.723529,-8.94758,41.498,False,"Alcochete / Samouco marshes (2010, 2026)",
2040,38.723891,-8.947238,41.948,False,"Alcochete / Samouco marshes (2010, 2026)",
2041,38.724253,-8.946896,41.303,False,"Alcochete / Samouco marshes (2010, 2026)",
2042,38.724615,-8.946554,40.529,False,"Alcochete / Samouco marshes (2010, 2026)",
2043,38.724977,-8.946211,40.038,False,"Alcochete / Samouco marshes (2010, 2026)",
2044,38.725339,-8.945869,40.685,False,"Alcochete / Samouco marshes (2010, 2026)",
2045,38.7257,-8.945527,41.808,False,"Alcochete / Samouco marshes (2010, 2026)",
2046,38.726062,-8.945185,42.107,False,"Alcochete / Samouco marshes (2010, 2026)",
2047,38.726424,-8.944843,42.318,False,"Alcochete / Samouco marshes (2010, 2026)",
2048,38.726786,-8.9445,42.672,False,"Alcochete / Samouco marshes (2010, 2026)",
2049,38.727148,-8.944158,43.021,False,"Alcochete / Samouco marshes (2010, 2026)",
2050,38.72751,-8.943816,42.742,False,"Alcochete / Samouco marshes (2010, 2026)",
2051,38.727871,-8.943474,41.729,False,"Alcochete / Samouco marshes (2010, 2026)",
2052,38.728233,-8.943131,40.801,False,"Alcochete / Samouco marshes (2010, 2026)",
2053,38.728595,-8.942789,40.565,False,"Alcochete / Samouco marshes (2010, 2026)",
2054,38.728957,-8.942447,40.321,False,"Alcochete / Samouco marshes (2010, 2026)",
2055,38.729319,-8.942105,39.777,False,"Alcochete / Samouco marshes (2010, 2026)",
2056,38.729681,-8.941763,38.979,False,"Alcochete / Samouco marshes (2010, 2026)",
2057,38.730042,-8.94142,38.265,False,"Alcochete / Samouco marshes (2010, 2026)",
2058,38.730404,-8.941078,37.328,False,"Alcochete / Samouco marshes (2010, 2026)",
2059,38.730766,-8.940736,35.964,False,"Alcochete / Samouco marshes (2010, 2026)",
2060,38.731128,-8.940394,35.398,False,"Alcochete / Samouco marshes (2010, 2026)",
2061,38.73149,-8.940051,35.441,False,"Alcochete / Samouco marshes (2010, 2026)",
2062,38.731852,-8.939709,35.388,False,"Alcochete / Samouco marshes (2010, 2026)",
2063,38.732213,-8.939367,34.975,False,"Alcochete / Samouco marshes (2010, 2026)",
2064,38.732575,-8.939025,34.098,False,"Alcochete / Samouco marshes (2010, 2026)",
2065,38.732937,-8.938683,32.893,False,"Alcochete / Samouco marshes (2010, 2026)",
2066,38.733299,-8.93834,31.655,False,"Alcochete / Samouco marshes (2010, 2026)",
2067,38.733661,-8.937998,31.039,False,"Alcochete / Samouco marshes (2010, 2026)",
2068,38.734023,-8.937656,31.149,False,"Alcochete / Samouco marshes (2010, 2026)",
2069,38.734384,-8.937314,30.729,False,"Alcochete / Samouco marshes (2010, 2026)",
2070,38.734746,-8.936971,29.566,False,"Alcochete / Samouco marshes (2010, 2026)",
2071,38.735108,-8.936629,28.658,False,"Alcochete / Samouco marshes (2010, 2026)",
2072,38.73547,-8.936287,28.093,False,"Alcochete / Samouco marshes (2010, 2026)",
2073,38.735832,-8.935945,26.921,False,"Alcochete / Samouco marshes (2010, 2026)",
2074,38.736194,-8.935603,25.284,False,"Alcochete / Samouco marshes (2010, 2026)",
2075,38.736555,-8.93526,24.127,False,"Alcochete / Samouco marshes (2010, 2026)",
2076,38.736917,-8.934918,23.89,False,"Alcochete / Samouco marshes (2010, 2026)",
2077,38.737279,-8.934576,23.992,False,"Alcochete / Samouco marshes (2010, 2026)",
2078,38.737641,-8.934234,24.549,False,"Alcochete / Samouco marshes (2010, 2026)",
2079,38.738003,-8.933891,25.217,False,"Alcochete / Samouco marshes (2010, 2026)",
2080,38.738365,-8.933549,24.996,False,"Alcochete / Samouco marshes (2010, 2026)",
2081,38.738726,-8.933207,23.928,False,"Alcochete / Samouco marshes (2010, 2026)",
2082,38.739088,-8.932865,22.264,False,"Alcochete / Samouco marshes (2010, 2026)",
2083,38.73945,-8.932523,19.962,False,"Alcochete / Samouco marshes (2010, 2026)",
2084,38.739812,-8.93218,17.577,False,"Alcochete / Samouco marshes (2010, 2026)",
2085,38.740174,-8.931838,16.771,False,"Alcochete / Samouco marshes (2010, 2026)",
2086,38.740536,-8.931496,15.638,False,"Alcochete / Samouco marshes (2010, 2026)",
2087,38.740897,-8.931154,14.068,False,"Alcochete / Samouco marshes (2010, 2026)",
2088,38.741259,-8.930811,13.294,False,"Alcochete / Samouco marshes (2010, 2026)",
2089,38.741621,-8.930469,13.477,False,"Alcochete / Samouco marshes (2010, 2026)",
2090,38.741983,-8.930127,12.943,False,"Alcochete / Samouco marshes (2010, 2026)",
2091,38.742345,-8.929785,11.52,False,"Alcochete / Samouco marshes (2010, 2026)",
2092,38.742707,-8.929443,10.449,False,"Alcochete / Samouco marshes (2010, 2026)",
2093,38.743068,-8.9291,9.649,False,"Alcochete / Samouco marshes (2010, 2026)",
2094,38.74277,-8.929432,10.292,False,"Alcochete / Samouco marshes (2010, 2026)",
2095,38.742429,-8.929807,11.343,False,"Alcochete / Samouco marshes (2010, 2026)",
2096,38.742074,-8.930162,12.757,False,"Alcochete / Samouco marshes (2010, 2026)",
2097,38.741715,-8.930509,13.523,False,"Alcochete / Samouco marshes (2010, 2026)",
2098,38.741355,-8.930855,13.423,False,"Alcochete / Samouco marshes (2010, 2026)",
2099,38.740995,-8.931201,14.138,False,"Alcochete / Samouco marshes (2010, 2026)",
2100,38.74061,-8.931498,15.597,False,"Alcochete / Samouco marshes (2010, 2026)",
2101,38.740225,-8.931794,16.657,False,"Alcochete / Samouco marshes (2010, 2026)",
2102,38.739839,-8.93209,17.354,False,"Alcochete / Samouco marshes (2010, 2026)",
2103,38.739466,-8.932376,19.318,False,"Alcochete / Samouco marshes (2010, 2026)",
2104,38.739834,-8.932045,17.271,False,"Alcochete / Samouco marshes (2010, 2026)",
2105,38.740203,-8.931715,16.447,False,"Alcochete / Samouco marshes (2010, 2026)",
2106,38.740298,-8.931568,15.997,False,"Alcochete / Samouco marshes (2010, 2026)",
2107,38.739876,-8.931765,16.66,False,"Alcochete / Samouco marshes (2010, 2026)",
2108,38.739453,-8.931963,17.779,False,"Alcochete / Samouco marshes (2010, 2026)",
2109,38.739031,-8.932161,19.669,False,"Alcochete / Samouco marshes (2010, 2026)",
2110,38.738609,-8.932358,20.469,False,"Alcochete / Samouco marshes (2010, 2026)",
2111,38.738186,-8.932556,20.741,False,"Alcochete / Samouco marshes (2010, 2026)",
2112,38.737764,-8.932754,20.65,False,"Alcochete / Samouco marshes (2010, 2026)",
2113,38.737342,-8.932952,19.962,False,"Alcochete / Samouco marshes (2010, 2026)",
2114,38.736919,-8.933149,20.043,False,"Alcochete / Samouco marshes (2010, 2026)",
2115,38.736497,-8.933347,20.172,False,"Alcochete / Samouco marshes (2010, 2026)",
2116,38.736074,-8.933545,19.541,False,"Alcochete / Samouco marshes (2010, 2026)",
2117,38.735652,-8.933743,19.666,False,"Alcochete / Samouco marshes (2010, 2026)",
2118,38.73523,-8.93394,20.458,False,"Alcochete / Samouco marshes (2010, 2026)",
2119,38.734807,-8.934138,21.395,False,"Alcochete / Samouco marshes (2010, 2026)",
2120,38.734385,-8.934336,22.205,False,"Alcochete / Samouco marshes (2010, 2026)",
2121,38.733963,-8.934534,23.496,False,"Alcochete / Samouco marshes (2010, 2026)",
2122,38.73354,-8.934731,25.238,False,"Alcochete / Samouco marshes (2010, 2026)",
2123,38.733118,-8.934929,26.266,False,"Alcochete / Samouco marshes (2010, 2026)",
2124,38.732695,-8.935127,26.772,False,"Alcochete / Samouco marshes (2010, 2026)",
2125,38.732273,-8.935324,27.395,False,"Alcochete / Samouco marshes (2010, 2026)",
2126,38.731851,-8.935522,28.008,False,"Alcochete / Samouco marshes (2010, 2026)",
2127,38.731428,-8.93572,28.83,False,"Alcochete / Samouco marshes (2010, 2026)",
2128,38.731006,-8.935918,30.215,False,"Alcochete / Samouco marshes (2010, 2026)",
2129,38.730584,-8.936115,30.539,False,"Alcochete / Samouco marshes (2010, 2026)",
2130,38.730161,-8.936313,30.211,False,"Alcochete / Samouco marshes (2010, 2026)",
2131,38.729739,-8.936511,30.65,False,"Alcochete / Samouco marshes (2010, 2026)",
2132,38.729316,-8.936709,31.794,False,"Alcochete / Samouco marshes (2010, 2026)",
2133,38.728894,-8.936906,32.746,False,"Alcochete / Samouco marshes (2010, 2026)",
2134,38.728472,-8.937104,33.522,False,"Alcochete / Samouco marshes (2010, 2026)",
2135,38.728049,-8.937302,34.43,False,"Alcochete / Samouco marshes (2010, 2026)",
2136,38.727627,-8.9375,35.075,False,"Alcochete / Samouco marshes (2010, 2026)",
2137,38.727204,-8.937697,35.648,False,"Alcochete / Samouco marshes (2010, 2026)",
2138,38.726782,-8.937895,35.363,False,"Alcochete / Samouco marshes (2010, 2026)",
2139,38.72636,-8.938093,34.395,False,"Alcochete / Samouco marshes (2010, 2026)",
2140,38.725937,-8.93829,34.173,False,"Alcochete / Samouco marshes (2010, 2026)",
2141,38.725515,-8.938488,34.938,False,"Alcochete / Samouco marshes (2010, 2026)",
2142,38.725093,-8.938686,36.046,False,"Alcochete / Samouco marshes (2010, 2026)",
2143,38.72467,-8.938884,36.182,False,"Alcochete / Samouco marshes (2010, 2026)",
2144,38.724248,-8.939081,36.265,False,"Alcochete / Samouco marshes (2010, 2026)",
2145,38.723825,-8.939279,36.915,False,"Alcochete / Samouco marshes (2010, 2026)",
2146,38.723403,-8.939477,38.119,False,"Alcochete / Samouco marshes (2010, 2026)",
2147,38.722981,-8.939675,39.559,False,"Alcochete / Samouco marshes (2010, 2026)",
2148,38.722558,-8.939872,40.551,False,"Alcochete / Samouco marshes (2010, 2026)",
2149,38.722136,-8.94007,41.422,False,"Alcochete / Samouco marshes (2010, 2026)",
2150,38.721714,-8.940268,41.753,False,"Alcochete / Samouco marshes (2010, 2026)",
2151,38.721291,-8.940465,42.912,False,"Alcochete / Samouco marshes (2010, 2026)",
2152,38.720944,-8.940626,43.279,False,"Alcochete / Samouco marshes (2010, 2026)",
2153,38.721359,-8.940406,42.473,False,"Alcochete / Samouco marshes (2010, 2026)",
2154,38.721135,-8.940079,40.838,False,"Alcochete / Samouco marshes (2010, 2026)",
2155,38.720777,-8.939731,39.835,False,"Alcochete / Samouco marshes (2010, 2026)",
2156,38.720418,-8.939383,39.807,False,"Alcochete / Samouco marshes (2010, 2026)",
2157,38.72006,-8.939034,40.147,False,"Alcochete / Samouco marshes (2010, 2026)",
2158,38.719702,-8.938686,40.664,False,"Alcochete / Samouco marshes (2010, 2026)",
2159,38.719344,-8.938338,40.672,False,"Alcochete / Samouco marshes (2010, 2026)",
2160,38.718985,-8.937989,40.483,False,"Alcochete / Samouco marshes (2010, 2026)",
2161,38.718627,-8.937641,40.568,False,"Alcochete / Samouco marshes (2010, 2026)",
2162,38.718269,-8.937293,40.343,False,"Alcochete / Samouco marshes (2010, 2026)",
2163,38.717911,-8.936944,40.375,False,"Alcochete / Samouco marshes (2010, 2026)",
2164,38.717553,-8.936596,40.879,False,"Alcochete / Samouco marshes (2010, 2026)",
2165,38.717194,-8.936248,40.969,False,"Alcochete / Samouco marshes (2010, 2026)",
2166,38.717208,-8.936766,41.469,False,"Alcochete / Samouco marshes (2010, 2026)",
2167,38.717542,-8.936845,41.076,False,"Alcochete / Samouco marshes (2010, 2026)",
2168,38.717985,-8.936742,40.095,False,"Alcochete / Samouco marshes (2010, 2026)",
2169,38.718427,-8.936639,39.75,False,"Alcochete / Samouco marshes (2010, 2026)",
2170,38.718869,-8.936535,39.98,False,"Alcochete / Samouco marshes (2010, 2026)",
2171,38.719312,-8.936432,40.224,False,"Alcochete / Samouco marshes (2010, 2026)",
2172,38.719754,-8.936329,40.453,False,"Alcochete / Samouco marshes (2010, 2026)",
2173,38.720196,-8.936226,39.838,False,"Alcochete / Samouco marshes (2010, 2026)",
2174,38.720639,-8.936122,39.058,False,"Alcochete / Samouco marshes (2010, 2026)",
2175,38.721081,-8.936019,39.106,False,"Alcochete / Samouco marshes (2010, 2026)",
2176,38.721524,-8.935916,39.258,False,"Alcochete / Samouco marshes (2010, 2026)",
2177,38.721966,-8.935813,38.48,False,"Alcochete / Samouco marshes (2010, 2026)",
2178,38.722408,-8.935709,37.543,False,"Alcochete / Samouco marshes (2010, 2026)",
2179,38.722851,-8.935606,36.675,False,"Alcochete / Samouco marshes (2010, 2026)",
2180,38.723293,-8.935503,35.93,False,"Alcochete / Samouco marshes (2010, 2026)",
2181,38.723736,-8.9354,35.665,False,"Alcochete / Samouco marshes (2010, 2026)",
2182,38.724178,-8.935296,35.091,False,"Alcochete / Samouco marshes (2010, 2026)",
2183,38.72462,-8.935193,35.035,False,"Alcochete / Samouco marshes (2010, 2026)",
2184,38.725063,-8.93509,34.923,False,"Alcochete / Samouco marshes (2010, 2026)",
2185,38.725505,-8.934986,34.078,False,"Alcochete / Samouco marshes (2010, 2026)",
2186,38.725947,-8.934883,33.075,False,"Alcochete / Samouco marshes (2010, 2026)",
2187,38.72639,-8.93478,32.028,False,"Alcochete / Samouco marshes (2010, 2026)",
2188,38.726832,-8.934677,31.022,False,"Alcochete / Samouco marshes (2010, 2026)",
2189,38.727275,-8.934573,30.17,False,"Alcochete / Samouco marshes (2010, 2026)",
2190,38.727717,-8.93447,30.233,False,"Alcochete / Samouco marshes (2010, 2026)",
2191,38.728159,-8.934367,30.15,False,"Alcochete / Samouco marshes (2010, 2026)",
2192,38.728602,-8.934264,28.456,False,"Alcochete / Samouco marshes (2010, 2026)",
2193,38.729044,-8.93416,26.622,False,"Alcochete / Samouco marshes (2010, 2026)",
2194,38.729487,-8.934057,25.664,False,"Alcochete / Samouco marshes (2010, 2026)",
2195,38.729929,-8.933954,24.921,False,"Alcochete / Samouco marshes (2010, 2026)",
2196,38.730371,-8.933851,24.258,False,"Alcochete / Samouco marshes (2010, 2026)",
2197,38.730814,-8.933747,24.031,False,"Alcochete / Samouco marshes (2010, 2026)",
2198,38.731256,-8.933644,24.609,False,"Alcochete / Samouco marshes (2010, 2026)",
2199,38.731698,-8.933541,24.683,False,"Alcochete / Samouco marshes (2010, 2026)",
2200,38.732141,-8.933437,23.906,False,"Alcochete / Samouco marshes (2010, 2026)",
2201,38.732583,-8.933334,23.356,False,"Alcochete / Samouco marshes (2010, 2026)",
2202,38.733026,-8.933231,22.863,False,"Alcochete / Samouco marshes (2010, 2026)",
2203,38.733468,-8.933128,21.902,False,"Alcochete / Samouco marshes (2010, 2026)",
2204,38.73391,-8.933024,20.208,False,"Alcochete / Samouco marshes (2010, 2026)",
2205,38.734353,-8.932921,18.881,False,"Alcochete / Samouco marshes (2010, 2026)",
2206,38.734795,-8.932818,17.916,False,"Alcochete / Samouco marshes (2010, 2026)",
2207,38.735238,-8.932715,16.989,False,"Alcochete / Samouco marshes (2010, 2026)",
2208,38.73568,-8.932611,16.824,False,"Alcochete / Samouco marshes (2010, 2026)",
2209,38.736122,-8.932508,18.334,False,"Alcochete / Samouco marshes (2010, 2026)",
2210,38.736565,-8.932405,19.786,False,"Alcochete / Samouco marshes (2010, 2026)",
2211,38.737007,-8.932302,20.022,False,"Alcochete / Samouco marshes (2010, 2026)",
2212,38.73745,-8.932198,19.736,False,"Alcochete / Samouco marshes (2010, 2026)",
2213,38.737892,-8.932095,19.21,False,"Alcochete / Samouco marshes (2010, 2026)",
2214,38.738334,-8.931992,18.899,False,"Alcochete / Samouco marshes (2010, 2026)",
2215,38.738777,-8.931888,18.603,False,"Alcochete / Samouco marshes (2010, 2026)",
2216,38.739219,-8.931785,17.582,False,"Alcochete / Samouco marshes (2010, 2026)",
2217,38.739661,-8.931682,16.65,False,"Alcochete / Samouco marshes (2010, 2026)",
2218,38.740104,-8.931579,16.135,False,"Alcochete / Samouco marshes (2010, 2026)",
2219,38.740528,-8.931421,15.402,False,"Alcochete / Samouco marshes (2010, 2026)",
2220,38.740892,-8.931082,13.837,False,"Alcochete / Samouco marshes (2010, 2026)",
2221,38.741253,-8.930738,13.227,False,"Alcochete / Samouco marshes (2010, 2026)",
2222,38.74161,-8.930389,13.477,False,"Alcochete / Samouco marshes (2010, 2026)",
2223,38.741968,-8.930039,12.887,False,"Alcochete / Samouco marshes (2010, 2026)",
2224,38.742326,-8.92969,11.495,False,"Alcochete / Samouco marshes (2010, 2026)",
2225,38.742551,-8.929419,10.825,False,"Alcochete / Samouco marshes (2010, 2026)",
2226,38.742112,-8.929544,12.061,False,"Alcochete / Samouco marshes (2010, 2026)",
2227,38.741673,-8.929669,13.513,False,"Alcochete / Samouco marshes (2010, 2026)",
2228,38.741234,-8.929794,13.456,False,"Alcochete / Samouco marshes (2010, 2026)",
2229,38.740796,-8.929919,12.404,False,"Alcochete / Samouco marshes (2010, 2026)",
2230,38.740357,-8.930044,11.775,False,"Alcochete / Samouco marshes (2010, 2026)",
2231,38.739918,-8.930168,11.897,False,"Alcochete / Samouco marshes (2010, 2026)",
2232,38.739479,-8.930293,12.857,False,"Alcochete / Samouco marshes (2010, 2026)",
2233,38.73904,-8.930418,14.068,False,"Alcochete / Samouco marshes (2010, 2026)",
2234,38.738601,-8.930543,15.208,False,"Alcochete / Samouco marshes (2010, 2026)",
2235,38.738162,-8.930668,15.733,False,"Alcochete / Samouco marshes (2010, 2026)",
2236,38.737723,-8.930793,15.553,False,"Alcochete / Samouco marshes (2010, 2026)",
2237,38.737284,-8.930918,15.383,False,"Alcochete / Samouco marshes (2010, 2026)",
2238,38.736845,-8.931042,15.911,False,"Alcochete / Samouco marshes (2010, 2026)",
2239,38.736406,-8.931167,16.357,False,"Alcochete / Samouco marshes (2010, 2026)",
2240,38.735967,-8.931292,16.019,False,"Alcochete / Samouco marshes (2010, 2026)",
2241,38.735528,-8.931417,15.273,False,"Alcochete / Samouco marshes (2010, 2026)",
2242,38.735089,-8.931542,15.36,False,"Alcochete / Samouco marshes (2010, 2026)",
2243,38.73465,-8.931667,15.848,False,"Alcochete / Samouco marshes (2010, 2026)",
2244,38.734211,-8.931791,16.499,False,"Alcochete / Samouco marshes (2010, 2026)",
2245,38.733772,-8.931916,17.732,False,"Alcochete / Samouco marshes (2010, 2026)",
2246,38.733333,-8.932041,19.74,False,"Alcochete / Samouco marshes (2010, 2026)",
2247,38.732894,-8.932166,21.323,False,"Alcochete / Samouco marshes (2010, 2026)",
2248,38.732455,-8.932291,22.365,False,"Alcochete / Samouco marshes (2010, 2026)",
2249,38.732016,-8.932416,22.721,False,"Alcochete / Samouco marshes (2010, 2026)",
2250,38.731577,-8.932541,22.76,False,"Alcochete / Samouco marshes (2010, 2026)",
2251,38.731138,-8.932665,22.933,False,"Alcochete / Samouco marshes (2010, 2026)",
2252,38.730699,-8.93279,22.684,False,"Alcochete / Samouco marshes (2010, 2026)",
2253,38.73026,-8.932915,22.418,False,"Alcochete / Samouco marshes (2010, 2026)",
2254,38.729821,-8.93304,22.894,False,"Alcochete / Samouco marshes (2010, 2026)",
2255,38.729382,-8.933165,23.836,False,"Alcochete / Samouco marshes (2010, 2026)",
2256,38.728943,-8.93329,25.09,False,"Alcochete / Samouco marshes (2010, 2026)",
2257,38.728504,-8.933414,26.842,False,"Alcochete / Samouco marshes (2010, 2026)",
2258,38.728065,-8.933539,28.123,False,"Alcochete / Samouco marshes (2010, 2026)",
2259,38.727626,-8.933664,28.511,False,"Alcochete / Samouco marshes (2010, 2026)",
2260,38.727187,-8.933789,28.759,False,"Alcochete / Samouco marshes (2010, 2026)",
2261,38.726748,-8.933914,29.206,False,"Alcochete / Samouco marshes (2010, 2026)",
2262,38.726309,-8.934039,29.811,False,"Alcochete / Samouco marshes (2010, 2026)",
2263,38.72587,-8.934164,30.69,False,"Alcochete / Samouco marshes (2010, 2026)",
2264,38.725431,-8.934288,31.616,False,"Alcochete / Samouco marshes (2010, 2026)",
2265,38.724992,-8.934413,32.45,False,"Alcochete / Samouco marshes (2010, 2026)",
2266,38.724553,-8.934538,32.601,False,"Alcochete / Samouco marshes (2010, 2026)",
2267,38.724114,-8.934663,32.746,False,"Alcochete / Samouco marshes (2010, 2026)",
2268,38.723675,-8.934788,33.481,False,"Alcochete / Samouco marshes (2010, 2026)",
2269,38.723236,-8.934913,34.452,False,"Alcochete / Samouco marshes (2010, 2026)",
2270,38.722797,-8.935038,35.5,False,"Alcochete / Samouco marshes (2010, 2026)",
2271,38.722358,-8.935162,36.422,False,"Alcochete / Samouco marshes (2010, 2026)",
2272,38.721919,-8.935287,37.355,False,"Alcochete / Samouco marshes (2010, 2026)",
2273,38.72148,-8.935412,38.282,False,"Alcochete / Samouco marshes (2010, 2026)",
2274,38.721041,-8.935537,38.389,False,"Alcochete / Samouco marshes (2010, 2026)",
2275,38.720602,-8.935662,38.439,False,"Alcochete / Samouco marshes (2010, 2026)",
2276,38.720163,-8.935787,39.134,False,"Alcochete / Samouco marshes (2010, 2026)",
2277,38.719724,-8.935911,39.545,False,"Alcochete / Samouco marshes (2010, 2026)",
2278,38.719285,-8.936036,39.401,False,"Alcochete / Samouco marshes (2010, 2026)",
2279,38.718846,-8.936161,39.586,False,"Alcochete / Samouco marshes (2010, 2026)",
2280,38.718407,-8.936286,39.821,False,"Alcochete / Samouco marshes (2010, 2026)",
2281,38.717968,-8.936411,40.098,False,"Alcochete / Samouco marshes (2010, 2026)",
2282,38.717529,-8.936536,40.87,False,"Alcochete / Samouco marshes (2010, 2026)",
2283,38.71709,-8.936661,41.412,False,"Alcochete / Samouco marshes (2010, 2026)",
2284,38.716651,-8.936785,41.539,False,"Alcochete / Samouco marshes (2010, 2026)",
2285,38.716212,-8.93691,41.502,False,"Alcochete / Samouco marshes (2010, 2026)",
2286,38.715773,-8.937035,41.585,False,"Alcochete / Samouco marshes (2010, 2026)",
2287,38.715334,-8.93716,42.108,False,"Alcochete / Samouco marshes (2010, 2026)",
2288,38.714895,-8.937285,42.627,False,"Alcochete / Samouco marshes (2010, 2026)",
2289,38.714456,-8.93741,42.803,False,"Alcochete / Samouco marshes (2010, 2026)",
2290,38.714017,-8.937534,42.531,False,"Alcochete / Samouco marshes (2010, 2026)",
2291,38.713578,-8.937659,41.171,False,"Alcochete / Samouco marshes (2010, 2026)",
2292,38.713139,-8.937784,39.756,False,"Alcochete / Samouco marshes (2010, 2026)",
2293,38.7127,-8.937909,39.047,False,"Alcochete / Samouco marshes (2010, 2026)",
2294,38.712262,-8.938034,38.709,False,"Alcochete / Samouco marshes (2010, 2026)",
2295,38.711823,-8.938159,38.811,False,"Alcochete / Samouco marshes (2010, 2026)",
2296,38.711384,-8.938284,38.612,False,"Alcochete / Samouco marshes (2010, 2026)",
2297,38.710945,-8.938408,37.629,False,"Alcochete / Samouco marshes (2010, 2026)",
2298,38.710506,-8.938533,36.8,False,"Alcochete / Samouco marshes (2010, 2026)",
2299,38.710067,-8.938658,36.35,False,"Alcochete / Samouco marshes (2010, 2026)",
2300,38.709628,-8.938783,36.079,False,"Alcochete / Samouco marshes (2010, 2026)",
2301,38.709189,-8.938908,35.373,False,"Alcochete / Samouco marshes (2010, 2026)",
2302,38.70875,-8.939033,34.403,False,"Alcochete / Samouco marshes (2010, 2026)",
2303,38.708311,-8.939157,33.543,False,"Alcochete / Samouco marshes (2010, 2026)",
2304,38.707872,-8.939282,32.814,False,"Alcochete / Samouco marshes (2010, 2026)",
2305,38.707433,-8.939407,32.012,False,"Alcochete / Samouco marshes (2010, 2026)",
2306,38.706994,-8.939532,31.799,False,"Alcochete / Samouco marshes (2010, 2026)",
2307,38.706555,-8.939657,31.931,False,"Alcochete / Samouco marshes (2010, 2026)",
2308,38.706116,-8.939782,31.666,False,"Alcochete / Samouco marshes (2010, 2026)",
2309,38.705677,-8.939907,31.236,False,"Alcochete / Samouco marshes (2010, 2026)",
2310,38.705238,-8.940031,31.023,False,"Alcochete / Samouco marshes (2010, 2026)",
2311,38.704799,-8.940156,31.276,False,"Alcochete / Samouco marshes (2010, 2026)",
2312,38.70436,-8.940281,31.557,False,"Alcochete / Samouco marshes (2010, 2026)",
2313,38.703921,-8.940406,31.417,False,"Alcochete / Samouco marshes (2010, 2026)",
2314,38.703481,-8.940524,30.782,False,"Alcochete / Samouco marshes (2010, 2026)",
2315,38.70304,-8.940636,30.307,False,"Alcochete / Samouco marshes (2010, 2026)",
2316,38.702597,-8.940737,30.067,False,"Alcochete / Samouco marshes (2010, 2026)",
2317,38.702152,-8.940818,29.48,False,"Alcochete / Samouco marshes (2010, 2026)",
2318,38.701704,-8.940856,28.31,False,"Alcochete / Samouco marshes (2010, 2026)",
2319,38.701254,-8.94086,26.09,False,"Alcochete / Samouco marshes (2010, 2026)",
2320,38.700805,-8.940846,23.92,False,"Alcochete / Samouco marshes (2010, 2026)",
2321,38.700357,-8.940798,22.838,False,"Alcochete / Samouco marshes (2010, 2026)",
2322,38.699909,-8.94074,22.753,False,Bridge south approach viaduct (structural SLR exposure),
2323,38.699479,-8.940575,24.061,False,Bridge south approach viaduct (structural SLR exposure),
2324,38.699052,-8.940397,25.092,False,Bridge south approach viaduct (structural SLR exposure),
2325,38.698967,-8.940329,25.29,False,Bridge south approach viaduct (structural SLR exposure),
2326,38.699409,-8.940433,24.689,False,Bridge south approach viaduct (structural SLR exposure),
2327,38.699851,-8.940537,23.725,False,Bridge south approach viaduct (structural SLR exposure),
2328,38.700294,-8.94064,23.205,False,"Alcochete / Samouco marshes (2010, 2026)",
2329,38.700741,-8.940696,23.932,False,"Alcochete / Samouco marshes (2010, 2026)",
2330,38.70119,-8.940713,25.987,False,"Alcochete / Samouco marshes (2010, 2026)",
2331,38.70164,-8.9407,28.173,False,"Alcochete / Samouco marshes (2010, 2026)",
2332,38.702089,-8.940674,29.614,False,"Alcochete / Samouco marshes (2010, 2026)",
2333,38.702532,-8.940583,30.388,False,"Alcochete / Samouco marshes (2010, 2026)",
