idx,lat,lon,elev_m,below_threshold
0,40.862201,-8.615509,18.79,False
1,40.861453,-8.614849,15.559,False
2,40.860753,-8.614103,13.952,False
3,40.860236,-8.613382,13.129,False
4,40.861126,-8.61355,15.046,False
5,40.862016,-8.613718,19.06,False
6,40.862907,-8.613886,20.623,False
7,40.863797,-8.614054,21.032,False
8,40.864687,-8.614222,21.922,False
9,40.865578,-8.61439,21.637,False
10,40.866468,-8.614558,21.721,False
11,40.867358,-8.614726,21.701,False
12,40.868249,-8.614894,18.495,False
13,40.869139,-8.615062,17.399,False
14,40.870029,-8.61523,18.812,False
15,40.87092,-8.615398,20.16,False
16,40.87181,-8.615566,20.619,False
17,40.8727,-8.615734,22.167,False
18,40.87359,-8.615902,24.141,False
19,40.874481,-8.61607,24.987,False
20,40.875371,-8.616238,25.915,False
21,40.876261,-8.616406,23.529,False
22,40.877152,-8.616574,26.005,False
23,40.878042,-8.616742,32.42,False
24,40.878932,-8.61691,31.654,False
25,40.879823,-8.617078,30.534,False
26,40.880713,-8.617246,29.438,False
27,40.881603,-8.617414,29.438,False
28,40.882494,-8.617582,30.376,False
29,40.883384,-8.61775,28.908,False
30,40.884274,-8.617918,29.605,False
31,40.885165,-8.618086,34.174,False
32,40.886055,-8.618254,36.52,False
33,40.886945,-8.618422,37.241,False
34,40.887836,-8.61859,35.736,False
35,40.888726,-8.618758,34.393,False
36,40.889616,-8.618926,34.36,False
37,40.890507,-8.619094,34.011,False
38,40.891397,-8.619262,33.743,False
39,40.892287,-8.61943,32.981,False
40,40.893178,-8.619598,30.549,False
41,40.894068,-8.619766,30.153,False
42,40.894958,-8.619934,31.202,False
43,40.895849,-8.620102,32.124,False
44,40.896739,-8.620269,32.172,False
45,40.897629,-8.620437,31.097,False
46,40.89852,-8.620605,29.761,False
47,40.89941,-8.620773,30.41,False
48,40.9003,-8.620941,33.273,False
49,40.90119,-8.621109,34.231,False
50,40.902081,-8.621277,34.648,False
51,40.902971,-8.621445,34.662,False
52,40.903861,-8.621613,31.951,False
53,40.904752,-8.621781,28.67,False
54,40.905642,-8.621949,29.6,False
55,40.906532,-8.622117,27.141,False
56,40.907423,-8.622285,26.081,False
57,40.908313,-8.622453,25.092,False
58,40.909203,-8.622621,26.023,False
59,40.910094,-8.622789,34.358,False
60,40.910984,-8.622957,33.79,False
61,40.911874,-8.623125,25.185,False
62,40.912765,-8.623293,24.323,False
63,40.913655,-8.623461,24.095,False
64,40.914545,-8.623629,24.393,False
65,40.915436,-8.623797,26.178,False
66,40.916326,-8.623965,28.712,False
67,40.917216,-8.624133,26.262,False
68,40.918107,-8.624301,21.06,False
69,40.918997,-8.624469,18.948,False
70,40.919887,-8.624637,19.789,False
71,40.920778,-8.624805,18.523,False
72,40.921668,-8.624973,17.967,False
73,40.922558,-8.625141,17.247,False
74,40.923449,-8.625309,16.436,False
75,40.924339,-8.625477,15.706,False
76,40.925229,-8.625645,13.96,False
77,40.92612,-8.625813,14.819,False
78,40.92701,-8.625981,19.407,False
79,40.9279,-8.626149,21.058,False
80,40.92879,-8.626317,18.694,False
81,40.929681,-8.626485,16.659,False
82,40.930571,-8.626653,18.18,False
83,40.931461,-8.626821,18.604,False
84,40.932352,-8.626989,19.675,False
85,40.933242,-8.627157,17.61,False
86,40.934132,-8.627325,18.718,False
87,40.935023,-8.627493,21.899,False
88,40.935913,-8.627661,20.969,False
89,40.936803,-8.627829,19.661,False
90,40.937694,-8.627997,20.768,False
91,40.938584,-8.628165,20.299,False
92,40.939474,-8.628333,17.339,False
93,40.940365,-8.628501,13.929,False
94,40.941255,-8.628669,13.211,False
95,40.942145,-8.628837,15.014,False
96,40.943036,-8.629005,18.242,False
97,40.943926,-8.629173,14.957,False
98,40.944816,-8.629341,15.16,False
99,40.945707,-8.629509,16.612,False
100,40.946597,-8.629677,15.006,False
101,40.947487,-8.629845,17.284,False
102,40.948378,-8.630013,21.452,False
103,40.949268,-8.630181,18.293,False
104,40.950158,-8.630349,15.587,False
105,40.951049,-8.630517,14.454,False
106,40.951939,-8.630685,14.369,False
107,40.952829,-8.630853,13.419,False
108,40.953719,-8.631021,12.437,False
109,40.95461,-8.631189,14.652,False
110,40.9555,-8.631357,14.711,False
111,40.95639,-8.631525,14.139,False
112,40.957281,-8.631693,16.279,False
113,40.958171,-8.631861,15.88,False
114,40.959061,-8.632029,15.883,False
115,40.959952,-8.632197,16.614,False
116,40.960842,-8.632365,17.191,False
117,40.961732,-8.632533,16.943,False
118,40.962623,-8.632701,16.72,False
119,40.963513,-8.632869,17.398,False
120,40.964403,-8.633037,18.488,False
121,40.965294,-8.633205,15.365,False
122,40.966184,-8.633373,13.521,False
123,40.967074,-8.633541,11.98,False
124,40.967965,-8.633709,12.062,False
125,40.968855,-8.633877,12.479,False
126,40.969745,-8.634045,14.597,False
127,40.970636,-8.634213,14.105,False
128,40.971526,-8.634381,12.766,False
129,40.972416,-8.634549,12.379,False
130,40.973307,-8.634717,11.798,False
131,40.974197,-8.634885,13.265,False
132,40.975087,-8.635053,14.74,False
133,40.975978,-8.635221,13.2,False
134,40.976868,-8.635389,10.815,False
135,40.977758,-8.635557,9.207,False
136,40.978649,-8.635725,11.55,False
137,40.979539,-8.635893,12.912,False
138,40.980429,-8.636061,14.492,False
139,40.981319,-8.636229,13.516,False
140,40.98221,-8.636397,14.603,False
141,40.9831,-8.636565,13.948,False
142,40.98399,-8.636733,13.785,False
143,40.984881,-8.636901,14.079,False
144,40.985771,-8.637069,12.094,False
145,40.986661,-8.637237,11.315,False
146,40.987552,-8.637405,10.368,False
147,40.988442,-8.637573,11.355,False
148,40.989332,-8.637741,11.801,False
149,40.990223,-8.637909,11.947,False
150,40.991113,-8.638077,11.556,False
151,40.992003,-8.638245,11.489,False
152,40.992894,-8.638413,12.172,False
153,40.993784,-8.638581,13.26,False
154,40.994674,-8.638749,13.461,False
155,40.995565,-8.638917,12.462,False
156,40.996455,-8.639085,12.059,False
157,40.997345,-8.639253,11.763,False
158,40.998236,-8.639421,11.765,False
159,40.999126,-8.639589,12.593,False
160,41.000016,-8.639757,13.325,False
161,41.000907,-8.639925,14.816,False
162,41.001797,-8.640093,17.455,False
163,41.002687,-8.640261,17.649,False
164,41.003578,-8.640429,18.474,False
165,41.004468,-8.640597,19.018,False
166,41.005358,-8.640765,19.235,False
167,41.006249,-8.640933,18.345,False
168,41.007139,-8.641101,20.162,False
169,41.008029,-8.641269,20.245,False
170,41.008919,-8.641437,18.823,False
171,41.00981,-8.641605,18.865,False
172,41.0107,-8.641773,17.542,False
173,41.01159,-8.641941,14.731,False
174,41.012481,-8.642109,13.484,False
175,41.013371,-8.642277,11.27,False
176,41.014261,-8.642445,6.768,False
177,41.015152,-8.642613,6.453,False
178,41.016033,-8.642658,5.802,False
179,41.016902,-8.642355,4.961,False
180,41.017794,-8.642221,7.393,False
181,41.018693,-8.642252,8.933,False
182,41.019578,-8.642457,8.935,False
183,41.020443,-8.64278,8.229,False
184,41.021309,-8.6431,9.028,False
185,41.022192,-8.643325,7.7,False
186,41.023079,-8.64352,6.179,False
187,41.023967,-8.643714,6.094,False
188,41.024855,-8.643904,5.627,False
189,41.02575,-8.64401,5.142,False
190,41.026649,-8.644001,6.689,False
191,41.027548,-8.643989,8.379,False
192,41.028447,-8.644031,9.519,False
193,41.02934,-8.644163,9.252,False
194,41.030225,-8.644378,8.996,False
195,41.031099,-8.644659,6.835,False
196,41.031971,-8.64495,6.207,False
197,41.032843,-8.645242,8.124,False
198,41.033715,-8.645533,8.778,False
199,41.034586,-8.645827,9.129,False
200,41.035458,-8.646121,9.853,False
201,41.03633,-8.646414,10.916,False
202,41.037202,-8.646706,11.361,False
203,41.036568,-8.646682,10.68,False
204,41.035671,-8.646602,9.089,False
205,41.034774,-8.646523,7.262,False
206,41.033877,-8.646443,5.208,False
207,41.032979,-8.646363,2.691,True
208,41.032082,-8.646283,2.611,True
209,41.031185,-8.646203,2.75,True
210,41.030287,-8.646124,1.865,True
211,41.02939,-8.646044,1.239,True
212,41.028493,-8.645964,1.815,True
213,41.027595,-8.645884,1.185,True
214,41.026698,-8.645805,0.941,True
215,41.025801,-8.645725,1.014,True
216,41.024904,-8.645645,0.649,True
217,41.024006,-8.645565,0.215,True
218,41.023109,-8.645485,1.635,True
219,41.022212,-8.645406,3.588,False
220,41.021314,-8.645326,4.487,False
221,41.020417,-8.645246,7.921,False
222,41.01952,-8.645166,9.97,False
223,41.018622,-8.645086,10.855,False
224,41.017725,-8.645007,11.276,False
225,41.016828,-8.644927,11.841,False
226,41.01593,-8.644847,13.119,False
227,41.015033,-8.644767,13.836,False
228,41.014136,-8.644687,12.154,False
229,41.013239,-8.644608,11.107,False
230,41.012341,-8.644528,10.914,False
231,41.011444,-8.644448,9.705,False
232,41.010547,-8.644368,7.74,False
233,41.009649,-8.644311,3.836,False
234,41.008749,-8.644307,2.855,True
235,41.00785,-8.644303,1.512,True
236,41.006951,-8.644299,0.011,True
237,41.006518,-8.644319,0.108,True
238,41.007415,-8.644407,0.199,True
239,41.008312,-8.644494,0.347,True
240,41.009209,-8.644582,4.409,False
241,41.010106,-8.64467,7.18,False
242,41.011002,-8.644758,8.578,False
243,41.011899,-8.644846,9.964,False
244,41.012796,-8.644934,11.575,False
245,41.013693,-8.645021,12.104,False
246,41.01459,-8.645109,12.979,False
247,41.015487,-8.645197,13.881,False
248,41.016384,-8.645285,12.746,False
249,41.017281,-8.645373,12.146,False
250,41.018178,-8.64546,12.077,False
251,41.019074,-8.645548,12.973,False
252,41.019971,-8.645636,14.607,False
253,41.020868,-8.645724,16.579,False
254,41.021765,-8.645812,15.347,False
255,41.022662,-8.645899,15.408,False
256,41.023559,-8.645987,17.184,False
257,41.024456,-8.646075,18.282,False
258,41.025353,-8.646163,19.495,False
259,41.026249,-8.646251,21.118,False
260,41.027146,-8.646339,21.081,False
261,41.028043,-8.646426,22.159,False
262,41.02894,-8.646514,23.653,False
263,41.029837,-8.646602,24.093,False
264,41.030734,-8.64669,24.412,False
265,41.031631,-8.646778,22.9,False
266,41.032528,-8.646865,22.795,False
267,41.033424,-8.646953,21.431,False
268,41.034321,-8.647041,20.889,False
269,41.035218,-8.647129,21.118,False
270,41.036115,-8.647217,18.777,False
271,41.037012,-8.647304,17.242,False
272,41.037909,-8.647392,14.452,False
273,41.038806,-8.64748,12.581,False
274,41.039703,-8.647568,14.679,False
275,41.040599,-8.647656,15.685,False
276,41.041496,-8.647744,14.977,False
277,41.042393,-8.647831,14.372,False
278,41.04329,-8.647919,11.881,False
279,41.044187,-8.648007,11.09,False
280,41.045084,-8.648095,12.833,False
281,41.045981,-8.648183,14.663,False
282,41.046878,-8.64827,14.607,False
283,41.047775,-8.648358,11.369,False
284,41.048671,-8.648446,10.071,False
285,41.049568,-8.648534,10.756,False
286,41.050465,-8.648622,11.73,False
287,41.051362,-8.64871,12.432,False
288,41.052259,-8.648797,12.261,False
289,41.053156,-8.648885,12.541,False
290,41.054053,-8.648973,13.477,False
291,41.05495,-8.649061,14.585,False
292,41.055846,-8.649149,16.246,False
293,41.056743,-8.649236,15.248,False
294,41.05764,-8.649324,14.244,False
295,41.058537,-8.649412,15.312,False
296,41.059434,-8.6495,16.131,False
297,41.060331,-8.649588,14.225,False
298,41.061228,-8.649675,13.15,False
299,41.062125,-8.649763,12.247,False
300,41.063021,-8.649851,12.199,False
301,41.063918,-8.649939,12.236,False
302,41.064815,-8.650027,11.46,False
303,41.065712,-8.650115,10.338,False
304,41.066609,-8.650202,10.076,False
305,41.065842,-8.650744,11.678,False
306,41.065044,-8.651294,14.744,False
307,41.064246,-8.651842,14.336,False
308,41.063446,-8.652388,12.198,False
309,41.062647,-8.652934,10.802,False
310,41.061833,-8.653442,12.299,False
311,41.060978,-8.653805,14.41,False
312,41.06009,-8.653982,14.634,False
313,41.059192,-8.653959,13.104,False
314,41.058307,-8.653754,11.878,False
315,41.057434,-8.653468,14.032,False
316,41.056563,-8.653175,16.391,False
317,41.055691,-8.652881,18.208,False
318,41.054819,-8.652587,17.557,False
319,41.053948,-8.652294,17.074,False
320,41.053076,-8.652,18.735,False
321,41.052204,-8.651707,18.062,False
322,41.051494,-8.651517,18.394,False
323,41.052366,-8.65181,20.556,False
324,41.053237,-8.652104,17.698,False
325,41.054109,-8.652397,17.151,False
326,41.054981,-8.652691,17.155,False
327,41.055852,-8.652984,16.163,False
328,41.056724,-8.653278,14.312,False
329,41.057596,-8.653571,14.248,False
330,41.058469,-8.653852,13.494,False
331,41.059358,-8.654025,12.125,False
332,41.060257,-8.654012,11.121,False
333,41.061141,-8.653805,12.031,False
334,41.061987,-8.653408,13.34,False
335,41.062796,-8.652886,11.499,False
336,41.063595,-8.65234,10.493,False
337,41.064395,-8.651793,10.278,False
338,41.065193,-8.651244,11.724,False
339,41.065991,-8.650694,11.701,False
340,41.065492,-8.65058,13.478,False
341,41.064593,-8.6506,13.112,False
342,41.063694,-8.65062,12.614,False
343,41.062795,-8.65064,12.166,False
344,41.061896,-8.65066,10.574,False
345,41.060996,-8.65068,9.539,False
346,41.060097,-8.6507,7.802,False
347,41.059198,-8.65072,5.954,False
348,41.058299,-8.65074,3.255,False
349,41.0574,-8.65076,1.9,True
350,41.0565,-8.65078,2.033,True
351,41.055601,-8.6508,2.406,True
352,41.054702,-8.65082,1.037,True
353,41.053803,-8.650841,1.655,True
354,41.052904,-8.650861,1.28,True
355,41.052005,-8.650881,0.53,True
356,41.051105,-8.650901,0.808,True
357,41.050206,-8.650921,1.571,True
358,41.049325,-8.650738,2.399,True
359,41.048453,-8.650445,1.124,True
360,41.047581,-8.650153,0.948,True
361,41.046709,-8.64986,3.79,False
362,41.045837,-8.649567,5.248,False
363,41.044966,-8.649274,6.969,False
364,41.044094,-8.648981,9.974,False
365,41.043222,-8.648688,11.34,False
366,41.042351,-8.648395,11.999,False
367,41.041479,-8.6481,12.864,False
368,41.040608,-8.647805,13.391,False
369,41.039736,-8.647511,16.041,False
370,41.038865,-8.647217,14.73,False
371,41.03797,-8.647102,14.087,False
372,41.037074,-8.647,12.341,False
373,41.036178,-8.646899,11.495,False
374,41.035282,-8.646797,9.62,False
375,41.034386,-8.646696,9.208,False
376,41.03349,-8.646594,8.624,False
377,41.032594,-8.646492,7.868,False
378,41.031698,-8.646391,8.049,False
379,41.030802,-8.646289,8.025,False
380,41.029906,-8.646188,8.1,False
381,41.02901,-8.646086,8.121,False
382,41.028114,-8.645985,8.825,False
383,41.027218,-8.645883,8.751,False
384,41.026322,-8.645782,8.443,False
385,41.025426,-8.64568,8.381,False
386,41.02453,-8.645578,7.348,False
387,41.023634,-8.645477,7.922,False
388,41.022737,-8.645375,7.365,False
389,41.021841,-8.645274,5.741,False
390,41.020945,-8.645172,5.828,False
391,41.020049,-8.645071,5.839,False
392,41.019153,-8.644969,5.991,False
393,41.018257,-8.644867,4.962,False
394,41.017361,-8.644766,3.458,False
395,41.016465,-8.644664,3.586,False
396,41.015569,-8.644563,3.929,False
397,41.014673,-8.644461,4.809,False
398,41.013777,-8.64436,4.933,False
399,41.012881,-8.644258,6.2,False
400,41.011985,-8.644157,7.778,False
401,41.011089,-8.644055,7.021,False
402,41.010193,-8.643953,6.338,False
403,41.009297,-8.643852,5.439,False
404,41.008401,-8.64375,5.485,False
405,41.007505,-8.643649,6.542,False
406,41.006609,-8.643547,6.496,False
407,41.005712,-8.643446,6.23,False
408,41.004816,-8.643344,5.429,False
409,41.00392,-8.643242,4.885,False
410,41.003024,-8.643141,4.484,False
411,41.002128,-8.643039,5.788,False
412,41.001232,-8.642938,6.092,False
413,41.000336,-8.642836,5.985,False
414,40.99944,-8.642735,6.545,False
415,40.998544,-8.642633,6.18,False
416,40.997648,-8.642531,6.733,False
417,40.996752,-8.64243,6.361,False
418,40.995863,-8.642268,6.511,False
419,40.994985,-8.642008,6.162,False
420,40.994113,-8.641718,7.477,False
421,40.993233,-8.641472,6.868,False
422,40.992351,-8.641238,7.812,False
423,40.991469,-8.641007,7.843,False
424,40.990582,-8.640811,8.893,False
425,40.989694,-8.640623,7.819,False
426,40.988806,-8.640435,7.587,False
427,40.987918,-8.640247,7.103,False
428,40.98703,-8.640059,7.277,False
429,40.986142,-8.639871,6.291,False
430,40.985254,-8.639683,6.581,False
431,40.984366,-8.639495,6.714,False
432,40.983477,-8.639308,6.524,False
433,40.982589,-8.63912,6.661,False
434,40.981701,-8.638932,7.787,False
435,40.980813,-8.638744,8.07,False
436,40.979925,-8.638556,9.043,False
437,40.979037,-8.638368,9.985,False
438,40.978149,-8.63818,10.027,False
439,40.977261,-8.637992,10.614,False
440,40.976373,-8.637804,11.004,False
441,40.975485,-8.637617,11.476,False
442,40.974597,-8.637429,11.384,False
443,40.973709,-8.637241,10.945,False
444,40.972821,-8.637053,10.648,False
445,40.971933,-8.636865,10.151,False
446,40.971045,-8.636677,10.446,False
447,40.970156,-8.636489,9.76,False
448,40.969268,-8.636301,9.132,False
449,40.96838,-8.636113,9.821,False
450,40.967492,-8.635926,12.368,False
451,40.966604,-8.635738,16.347,False
452,40.967166,-8.635741,21.132,False
453,40.968064,-8.63579,23.457,False
454,40.968963,-8.635836,19.453,False
455,40.969861,-8.635883,10.781,False
456,40.97076,-8.635933,10.394,False
457,40.971657,-8.636013,11.262,False
458,40.97255,-8.636146,12.137,False
459,40.973438,-8.636336,12.883,False
460,40.974321,-8.636566,13.239,False
461,40.974794,-8.636641,12.855,False
462,40.973912,-8.636411,11.593,False
463,40.973027,-8.636197,12.53,False
464,40.972137,-8.636027,15.433,False
465,40.971241,-8.635924,18.795,False
466,40.970343,-8.635861,21.032,False
467,40.969445,-8.635815,23.538,False
468,40.968546,-8.635769,25.714,False
469,40.967647,-8.635724,22.802,False
470,40.966749,-8.635678,20.326,False
471,40.96586,-8.635503,21.371,False
472,40.964974,-8.635301,21.43,False
473,40.964088,-8.635099,21.845,False
474,40.963202,-8.634897,21.953,False
475,40.962315,-8.634695,16.816,False
476,40.961429,-8.634493,16.019,False
477,40.960543,-8.634291,16.579,False
478,40.959656,-8.634088,15.922,False
479,40.95877,-8.633886,15.605,False
480,40.957884,-8.633684,14.61,False
481,40.956998,-8.633482,16.188,False
482,40.956111,-8.63328,16.048,False
483,40.955225,-8.633078,16.123,False
484,40.954339,-8.632876,17.502,False
485,40.953453,-8.632673,19.455,False
486,40.952566,-8.632471,20.667,False
487,40.95168,-8.632269,20.991,False
488,40.950794,-8.632067,22.516,False
489,40.949908,-8.631865,25.588,False
490,40.949021,-8.631663,28.783,False
491,40.948135,-8.631461,26.089,False
492,40.947249,-8.631259,24.467,False
493,40.946362,-8.631056,24.29,False
494,40.945476,-8.630854,25.584,False
495,40.94459,-8.630652,28.733,False
496,40.943704,-8.63045,26.772,False
497,40.942817,-8.630248,23.901,False
498,40.941931,-8.630046,24.211,False
499,40.941045,-8.629844,21.942,False
500,40.940159,-8.629641,20.313,False
501,40.939272,-8.629439,17.881,False
502,40.938386,-8.629237,15.813,False
503,40.9375,-8.629035,15.306,False
504,40.936614,-8.628833,15.128,False
505,40.935727,-8.628631,14.375,False
506,40.934841,-8.628429,16.522,False
507,40.933955,-8.628227,16.367,False
508,40.933068,-8.628024,13.963,False
509,40.932182,-8.627822,14.535,False
510,40.931296,-8.62762,15.596,False
511,40.93041,-8.627418,21.509,False
512,40.929523,-8.627216,22.059,False
513,40.928637,-8.627014,22.345,False
514,40.927751,-8.626812,24.064,False
515,40.926865,-8.62661,22.665,False
516,40.925978,-8.626407,24.067,False
517,40.925092,-8.626205,25.793,False
518,40.924206,-8.626003,24.544,False
519,40.923314,-8.625854,21.987,False
520,40.922421,-8.625708,19.267,False
521,40.921529,-8.625562,20.617,False
522,40.920636,-8.625416,19.065,False
523,40.919743,-8.625271,10.829,False
524,40.918851,-8.625125,10.446,False
525,40.917958,-8.62498,9.393,False
526,40.917066,-8.624834,10.501,False
527,40.916173,-8.624688,9.826,False
528,40.915281,-8.624543,9.044,False
529,40.914388,-8.624397,8.747,False
530,40.914166,-8.624396,10.522,False
531,40.915047,-8.624631,12.38,False
532,40.915929,-8.624867,12.527,False
533,40.91681,-8.625103,10.976,False
534,40.917692,-8.625339,10.072,False
535,40.918573,-8.625575,8.272,False
536,40.919455,-8.625811,6.367,False
537,40.920336,-8.626046,5.879,False
538,40.921218,-8.626282,5.915,False
539,40.922099,-8.626518,6.608,False
540,40.922981,-8.626754,6.409,False
541,40.923862,-8.62699,5.825,False
542,40.924744,-8.627225,6.078,False
543,40.925625,-8.627461,5.829,False
544,40.926507,-8.627697,7.013,False
545,40.927388,-8.627933,7.678,False
546,40.92827,-8.628169,6.943,False
547,40.929151,-8.628405,5.844,False
548,40.930033,-8.62864,6.189,False
549,40.930914,-8.628876,5.949,False
550,40.931796,-8.629112,6.612,False
551,40.932677,-8.629348,6.501,False
552,40.933558,-8.629584,5.998,False
553,40.93444,-8.62982,5.804,False
554,40.935321,-8.630055,6.932,False
555,40.936203,-8.630291,8.882,False
556,40.937084,-8.630527,10.253,False
557,40.937966,-8.630763,11.526,False
558,40.938847,-8.630999,12.581,False
559,40.939729,-8.631234,13.283,False
560,40.94061,-8.63147,12.112,False
561,40.941492,-8.631706,11.887,False
562,40.942373,-8.631942,10.264,False
563,40.943255,-8.632178,7.583,False
564,40.944136,-8.632414,7.068,False
565,40.945018,-8.632649,6.323,False
566,40.945899,-8.632885,7.116,False
567,40.946781,-8.633121,6.963,False
568,40.947662,-8.633357,6.111,False
569,40.94853,-8.633665,6.198,False
570,40.949395,-8.63399,5.714,False
571,40.950268,-8.634277,6.423,False
572,40.951147,-8.634524,6.806,False
573,40.952033,-8.634732,5.776,False
574,40.952924,-8.634895,6.312,False
575,40.953818,-8.635019,7.118,False
576,40.954715,-8.635105,6.558,False
577,40.955613,-8.635154,4.989,False
578,40.956512,-8.6352,3.927,False
579,40.957411,-8.635247,4.035,False
580,40.958309,-8.635293,4.387,False
581,40.959208,-8.635339,4.277,False
582,40.959935,-8.635329,5.55,False
583,40.959036,-8.635283,3.142,False
584,40.958137,-8.635237,3.013,False
585,40.957239,-8.635191,4.528,False
586,40.95634,-8.635145,5.103,False
587,40.955442,-8.635098,4.435,False
588,40.954543,-8.635043,3.785,False
589,40.953647,-8.634951,4.39,False
590,40.952753,-8.634818,3.921,False
591,40.951864,-8.634645,4.346,False
592,40.950979,-8.634429,5.796,False
593,40.950101,-8.634175,6.876,False
594,40.949229,-8.633882,5.138,False
595,40.948366,-8.633548,3.653,False
596,40.948533,-8.633501,3.299,False
597,40.949423,-8.63367,2.429,True
598,40.950313,-8.63384,2.963,True
599,40.951203,-8.634009,4.384,False
600,40.952094,-8.634178,4.722,False
601,40.952984,-8.634348,4.765,False
602,40.953874,-8.634517,4.4,False
603,40.954764,-8.634686,5.669,False
604,40.955654,-8.634855,5.64,False
605,40.956545,-8.635025,6.693,False
606,40.957435,-8.635194,7.207,False
607,40.958325,-8.635363,6.767,False
608,40.959215,-8.635533,7.371,False
609,40.960105,-8.635702,7.625,False
610,40.960996,-8.635871,7.701,False
611,40.961886,-8.636041,8.24,False
612,40.962776,-8.63621,7.826,False
613,40.963666,-8.636379,7.804,False
614,40.964556,-8.636548,7.837,False
615,40.965446,-8.636718,8.609,False
616,40.966337,-8.636887,8.031,False
617,40.967227,-8.637056,8.176,False
618,40.968117,-8.637226,8.278,False
619,40.969007,-8.637395,8.026,False
620,40.969897,-8.637564,8.87,False
621,40.970788,-8.637734,10.053,False
622,40.971678,-8.637903,11.238,False
623,40.972568,-8.638072,12.426,False
624,40.973458,-8.638242,13.282,False
625,40.974348,-8.638411,12.27,False
626,40.975239,-8.63858,11.294,False
627,40.976129,-8.638749,11.089,False
628,40.977019,-8.638919,10.659,False
629,40.977909,-8.639088,11.345,False
630,40.978799,-8.639257,12.494,False
631,40.97969,-8.639427,13.216,False
632,40.98058,-8.639596,15.685,False
633,40.98147,-8.639765,14.194,False
634,40.98236,-8.639935,13.344,False
635,40.98325,-8.640104,12.298,False
636,40.984141,-8.640273,11.247,False
637,40.985031,-8.640443,9.819,False
638,40.985921,-8.640612,9.6,False
639,40.986811,-8.640781,8.544,False
640,40.987701,-8.64095,7.568,False
641,40.988591,-8.64112,8.34,False
642,40.989482,-8.641289,8.651,False
643,40.990372,-8.641458,9.632,False
644,40.991262,-8.641628,10.291,False
645,40.992152,-8.641797,10.043,False
646,40.993042,-8.641966,9.347,False
647,40.993933,-8.642136,9.091,False
648,40.994823,-8.642305,8.218,False
649,40.995713,-8.642474,7.539,False
650,40.996603,-8.642644,7.994,False
651,40.997493,-8.642813,6.681,False
652,40.998384,-8.642982,5.966,False
653,40.999274,-8.643151,6.05,False
654,41.000164,-8.643321,6.068,False
655,41.001054,-8.64349,6.329,False
656,41.001944,-8.643659,4.639,False
657,41.002835,-8.643829,3.58,False
658,41.003725,-8.643998,4.199,False
659,41.004615,-8.644167,4.492,False
660,41.005505,-8.644337,5.09,False
661,41.006396,-8.644482,5.888,False
662,41.007295,-8.644452,7.286,False
663,41.008194,-8.644423,7.782,False
664,41.009093,-8.644393,7.362,False
665,41.009839,-8.644351,7.312,False
666,41.008949,-8.644177,6.611,False
667,41.008059,-8.644004,6.986,False
668,41.007169,-8.64383,6.91,False
669,41.00628,-8.643657,6.989,False
670,41.00539,-8.643483,5.707,False
671,41.0045,-8.64331,6.14,False
672,41.003611,-8.643136,5.285,False
673,41.002721,-8.642963,5.92,False
674,41.001831,-8.642789,6.327,False
675,41.000941,-8.642616,7.072,False
676,41.000052,-8.642442,6.798,False
677,40.999162,-8.642268,8.929,False
678,40.998272,-8.642095,9.441,False
679,40.997382,-8.641921,9.357,False
680,40.996493,-8.641748,10.736,False
681,40.995603,-8.641574,11.21,False
682,40.994713,-8.641401,11.486,False
683,40.993823,-8.641227,12.182,False
684,40.992934,-8.641054,12.36,False
685,40.992044,-8.64088,12.473,False
686,40.991154,-8.640707,12.171,False
687,40.990264,-8.640533,11.921,False
688,40.989375,-8.64036,10.96,False
689,40.988485,-8.640186,10.937,False
690,40.987596,-8.640003,10.878,False
691,40.98671,-8.639806,9.251,False
692,40.985823,-8.639609,9.593,False
693,40.984936,-8.639412,11.189,False
694,40.984049,-8.639215,13.795,False
695,40.983162,-8.639018,17.864,False
696,40.982275,-8.638821,23.271,False
697,40.981388,-8.638623,21.39,False
698,40.980501,-8.638426,16.077,False
699,40.979614,-8.638229,11.042,False
700,40.978727,-8.638032,10.922,False
701,40.97784,-8.637835,11.968,False
702,40.976954,-8.637638,12.494,False
703,40.976067,-8.63744,13.836,False
704,40.97518,-8.637243,13.877,False
705,40.974293,-8.637046,12.401,False
706,40.973406,-8.636849,11.861,False
707,40.972519,-8.636652,14.195,False
708,40.971632,-8.636455,17.682,False
709,40.970745,-8.636258,20.187,False
710,40.969858,-8.63606,21.961,False
711,40.968971,-8.635863,24.894,False
712,40.968084,-8.635666,22.916,False
713,40.967197,-8.635469,20.769,False
714,40.966311,-8.635272,20.382,False
715,40.965424,-8.635075,21.089,False
716,40.964537,-8.634877,20.827,False
717,40.96365,-8.63468,22.692,False
718,40.962763,-8.634483,18.848,False
719,40.961876,-8.634286,16.349,False
720,40.960989,-8.634089,16.862,False
721,40.960102,-8.633892,17.365,False
722,40.959215,-8.633695,14.619,False
723,40.958328,-8.633497,17.41,False
724,40.957441,-8.6333,16.8,False
725,40.956555,-8.633103,16.52,False
726,40.955668,-8.632906,19.275,False
727,40.954781,-8.632709,22.369,False
728,40.953894,-8.632512,20.826,False
729,40.953007,-8.632314,20.948,False
730,40.95212,-8.632117,19.908,False
731,40.951233,-8.63192,21.104,False
732,40.950346,-8.631723,22.921,False
733,40.949459,-8.631526,24.083,False
734,40.948572,-8.631329,21.593,False
735,40.947685,-8.631132,19.927,False
736,40.946799,-8.630934,17.333,False
737,40.945912,-8.630737,14.025,False
738,40.945025,-8.63054,11.825,False
739,40.944138,-8.630343,12.879,False
740,40.943251,-8.630146,14.339,False
741,40.942364,-8.629949,13.806,False
742,40.941477,-8.629751,12.473,False
743,40.94059,-8.629554,12.14,False
744,40.939703,-8.629357,11.154,False
745,40.938816,-8.62916,12.11,False
746,40.937929,-8.628963,17.969,False
747,40.937043,-8.628766,21.997,False
748,40.936156,-8.628568,21.622,False
749,40.935269,-8.628371,16.379,False
750,40.934382,-8.628174,12.99,False
751,40.933495,-8.627977,11.102,False
752,40.932608,-8.62778,9.708,False
753,40.931721,-8.627583,9.553,False
754,40.930834,-8.627386,11.423,False
755,40.929947,-8.627188,11.314,False
756,40.92906,-8.626991,11.769,False
757,40.928173,-8.626794,12.92,False
758,40.927287,-8.626597,13.007,False
759,40.92654,-8.626428,13.096,False
760,40.927428,-8.626619,13.231,False
761,40.928316,-8.62681,13.102,False
762,40.929203,-8.627001,12.436,False
763,40.930091,-8.627193,12.294,False
764,40.930979,-8.627384,11.55,False
765,40.931866,-8.627575,10.156,False
766,40.932754,-8.627766,10.84,False
767,40.933642,-8.627958,9.874,False
768,40.934529,-8.628149,7.294,False
769,40.935417,-8.62834,7.863,False
770,40.936304,-8.628531,7.085,False
771,40.937192,-8.628723,6.763,False
772,40.93808,-8.628914,6.289,False
773,40.938967,-8.629105,6.876,False
774,40.939855,-8.629296,6.525,False
775,40.940743,-8.629487,7.294,False
776,40.94163,-8.629679,7.754,False
777,40.942518,-8.62987,8.253,False
778,40.943406,-8.630061,8.695,False
779,40.944293,-8.630252,8.949,False
780,40.945181,-8.630444,7.948,False
781,40.946069,-8.630635,7.839,False
782,40.946956,-8.630826,7.669,False
783,40.947844,-8.631017,6.607,False
784,40.948732,-8.631209,5.327,False
785,40.949619,-8.6314,4.725,False
786,40.950507,-8.631591,4.56,False
787,40.951394,-8.631782,3.777,False
788,40.952282,-8.631974,4.771,False
789,40.95317,-8.632165,6.372,False
790,40.954057,-8.632356,6.086,False
791,40.954945,-8.632547,6.053,False
792,40.955833,-8.632739,6.054,False
793,40.95672,-8.63293,6.222,False
794,40.957608,-8.633121,5.941,False
795,40.958496,-8.633312,4.388,False
796,40.959383,-8.633504,3.856,False
797,40.960271,-8.633695,4.582,False
798,40.961159,-8.633886,4.878,False
799,40.962046,-8.634077,5.588,False
800,40.962934,-8.634269,6.849,False
801,40.963822,-8.63446,7.878,False
802,40.964709,-8.634651,7.797,False
803,40.965597,-8.634842,8.069,False
804,40.966485,-8.635033,8.032,False
805,40.967372,-8.635225,6.954,False
806,40.96826,-8.635416,7.204,False
807,40.969147,-8.635607,6.723,False
808,40.970035,-8.635798,6.92,False
809,40.970923,-8.63599,5.406,False
810,40.97181,-8.636181,5.641,False
811,40.972698,-8.636372,4.351,False
812,40.973586,-8.636563,4.966,False
813,40.974473,-8.636755,5.973,False
814,40.975361,-8.636946,5.782,False
815,40.976249,-8.637137,5.476,False
816,40.977136,-8.637328,5.746,False
817,40.978024,-8.63752,6.398,False
818,40.978727,-8.637671,7.237,False
819,40.979608,-8.637906,7.681,False
820,40.98049,-8.638142,7.813,False
821,40.981372,-8.638378,7.508,False
822,40.982253,-8.638613,7.154,False
823,40.983135,-8.638849,8.374,False
824,40.984016,-8.639085,7.971,False
825,40.984898,-8.63932,6.868,False
826,40.985779,-8.639556,7.326,False
827,40.986661,-8.639791,7.236,False
828,40.987542,-8.640027,7.614,False
829,40.987281,-8.63996,7.042,False
830,40.986399,-8.639729,6.987,False
831,40.985517,-8.639497,7.446,False
832,40.984635,-8.639266,8.861,False
833,40.983753,-8.639035,12.069,False
834,40.98287,-8.638804,12.444,False
835,40.981988,-8.638573,12.933,False
836,40.981106,-8.638342,12.364,False
837,40.980224,-8.638111,12.457,False
838,40.979341,-8.63788,10.409,False
839,40.978641,-8.637708,8.884,False
840,40.977747,-8.637582,9.257,False
841,40.976853,-8.637457,10.368,False
842,40.975959,-8.637331,11.02,False
843,40.975064,-8.637205,9.663,False
844,40.97417,-8.637079,10.873,False
845,40.973276,-8.636954,10.946,False
846,40.972381,-8.636828,17.284,False
847,40.971487,-8.636702,18.533,False
848,40.970593,-8.636576,19.133,False
849,40.969698,-8.636451,21.302,False
850,40.968804,-8.636325,25.259,False
851,40.96791,-8.636199,26.433,False
852,40.967016,-8.636074,24.609,False
853,40.966121,-8.635948,21.94,False
854,40.965227,-8.635822,22.539,False
855,40.964333,-8.635696,21.971,False
856,40.963438,-8.635571,23.088,False
857,40.962544,-8.635445,21.615,False
858,40.96165,-8.635319,16.019,False
859,40.960755,-8.635193,15.984,False
860,40.959861,-8.635068,16.996,False
861,40.958967,-8.634942,15.141,False
862,40.958073,-8.634816,14.907,False
863,40.957178,-8.634691,14.516,False
864,40.956284,-8.634565,15.592,False
865,40.95539,-8.634439,17.074,False
866,40.954495,-8.634313,16.867,False
867,40.953601,-8.634188,16.279,False
868,40.952707,-8.634062,18.042,False
869,40.951813,-8.633936,22.49,False
870,40.950918,-8.63381,20.914,False
871,40.950024,-8.633685,21.092,False
872,40.94913,-8.633559,20.515,False
873,40.948235,-8.633433,20.205,False
874,40.947597,-8.633314,22.422,False
875,40.946724,-8.633027,24.804,False
876,40.945851,-8.63274,22.006,False
877,40.944979,-8.632453,20.54,False
878,40.944106,-8.632165,18.368,False
879,40.943233,-8.631878,14.846,False
880,40.942361,-8.631591,12.349,False
881,40.941488,-8.631303,12.262,False
882,40.940615,-8.631016,14.091,False
883,40.939742,-8.630729,14.252,False
884,40.93887,-8.630441,12.771,False
885,40.937997,-8.630154,12.167,False
886,40.937124,-8.629867,11.746,False
887,40.936251,-8.629579,10.93,False
888,40.935379,-8.629292,15.736,False
889,40.934506,-8.629005,20.694,False
890,40.933633,-8.628717,22.72,False
891,40.93276,-8.62843,17.845,False
892,40.931888,-8.628143,13.821,False
893,40.931015,-8.627856,11.755,False
894,40.930142,-8.627568,10.106,False
895,40.929269,-8.627281,9.346,False
896,40.928397,-8.626994,11.054,False
897,40.927524,-8.626706,11.441,False
898,40.926651,-8.626419,11.381,False
899,40.925759,-8.626278,12.772,False
900,40.925355,-8.626233,13.035,False
901,40.926245,-8.626399,13.29,False
902,40.927133,-8.626588,13.282,False
903,40.928021,-8.626778,13.328,False
904,40.928909,-8.626967,12.831,False
905,40.929797,-8.627157,12.372,False
906,40.930685,-8.627346,12.036,False
907,40.931573,-8.627536,10.51,False
908,40.93246,-8.627725,10.536,False
909,40.933348,-8.627915,10.634,False
910,40.934236,-8.628104,8.026,False
911,40.935124,-8.628294,8.078,False
912,40.936012,-8.628483,7.35,False
913,40.9369,-8.628673,7.195,False
914,40.937788,-8.628862,6.274,False
915,40.938675,-8.629052,7.219,False
916,40.939563,-8.629241,6.436,False
917,40.940451,-8.629431,7.412,False
918,40.941339,-8.62962,7.506,False
919,40.942227,-8.62981,8.651,False
920,40.943115,-8.63,8.756,False
921,40.944003,-8.630189,9.107,False
922,40.94489,-8.630379,8.449,False
923,40.945778,-8.630568,7.797,False
924,40.946666,-8.630758,8.234,False
925,40.947554,-8.630947,8.719,False
926,40.948442,-8.631137,8.178,False
927,40.94933,-8.631326,8.187,False
928,40.950218,-8.631516,7.321,False
929,40.951105,-8.631705,7.289,False
930,40.951993,-8.631895,6.177,False
931,40.952881,-8.632084,6.881,False
932,40.953769,-8.632274,5.963,False
933,40.954657,-8.632463,6.858,False
934,40.955545,-8.632653,6.984,False
935,40.956433,-8.632842,7.827,False
936,40.95732,-8.633032,7.597,False
937,40.958208,-8.633221,10.206,False
938,40.959096,-8.633411,10.352,False
939,40.959984,-8.6336,10.138,False
940,40.960872,-8.63379,11.694,False
941,40.96176,-8.633979,12.119,False
942,40.962648,-8.634169,12.497,False
943,40.963535,-8.634358,13.05,False
944,40.964423,-8.634548,13.126,False
945,40.965311,-8.634738,13.12,False
946,40.966199,-8.634927,12.871,False
947,40.967087,-8.635117,12.61,False
948,40.967975,-8.635306,11.341,False
949,40.968863,-8.635496,11.342,False
950,40.96975,-8.635685,11.1,False
951,40.970638,-8.635875,9.304,False
952,40.971526,-8.636064,9.962,False
953,40.972414,-8.636254,11.602,False
954,40.973302,-8.636443,13.692,False
955,40.97419,-8.636633,17.619,False
956,40.975078,-8.636822,22.711,False
957,40.975965,-8.637012,20.983,False
958,40.97685,-8.637227,16.07,False
959,40.977732,-8.637458,10.919,False
960,40.978614,-8.637689,11.598,False
961,40.977789,-8.637512,12.168,False
962,40.976902,-8.63732,12.686,False
963,40.976014,-8.637128,14.203,False
964,40.975127,-8.636936,14.162,False
965,40.974239,-8.636744,12.373,False
966,40.973351,-8.636551,12.175,False
967,40.972464,-8.636359,14.634,False
968,40.971576,-8.636167,18.185,False
969,40.970689,-8.635975,20.414,False
970,40.969801,-8.635783,21.892,False
971,40.968914,-8.635591,24.737,False
972,40.968026,-8.635399,22.412,False
973,40.967139,-8.635207,20.338,False
974,40.966251,-8.635015,20.346,False
975,40.965364,-8.634822,21.011,False
976,40.964476,-8.63463,20.765,False
977,40.963589,-8.634438,22.524,False
978,40.962701,-8.634246,18.34,False
979,40.961813,-8.634054,16.399,False
980,40.960926,-8.633862,17.04,False
981,40.960038,-8.63367,17.38,False
982,40.959151,-8.633478,15.454,False
983,40.958263,-8.633286,14.429,False
984,40.957376,-8.633093,14.745,False
985,40.956488,-8.632901,14.533,False
986,40.955601,-8.632709,17.281,False
987,40.954713,-8.632517,16.656,False
988,40.953826,-8.632325,16.492,False
989,40.952938,-8.632133,19.556,False
990,40.952051,-8.631941,22.338,False
991,40.951163,-8.631749,20.899,False
992,40.950275,-8.631556,20.985,False
993,40.949388,-8.631364,19.891,False
994,40.9485,-8.631172,21.298,False
995,40.947613,-8.63098,23.171,False
996,40.946725,-8.630788,23.984,False
997,40.945838,-8.630596,21.571,False
998,40.94495,-8.630404,19.814,False
999,40.944063,-8.630212,17.116,False
1000,40.943175,-8.63002,13.88,False
1001,40.942288,-8.629827,11.759,False
1002,40.9414,-8.629635,12.957,False
1003,40.940513,-8.629443,14.305,False
1004,40.939625,-8.629251,13.685,False
1005,40.938737,-8.629059,12.42,False
1006,40.93785,-8.628867,12.1,False
1007,40.936962,-8.628675,11.008,False
1008,40.936075,-8.628483,12.365,False
1009,40.935187,-8.628291,18.305,False
1010,40.9343,-8.628098,22.195,False
1011,40.933412,-8.627906,21.456,False
1012,40.932525,-8.627714,16.188,False
1013,40.931637,-8.627522,12.873,False
1014,40.93075,-8.62733,10.982,False
1015,40.929862,-8.627138,9.642,False
1016,40.928975,-8.626946,9.604,False
1017,40.928087,-8.626754,11.451,False
1018,40.927199,-8.626561,11.282,False
1019,40.926312,-8.626369,11.829,False
1020,40.925422,-8.626197,12.936,False
1021,40.925696,-8.626268,13.002,False
1022,40.926583,-8.626459,13.056,False
1023,40.927471,-8.62665,13.204,False
1024,40.928359,-8.62684,13.069,False
1025,40.929246,-8.627031,12.388,False
1026,40.930134,-8.627222,12.289,False
1027,40.931022,-8.627413,11.491,False
1028,40.93191,-8.627604,10.144,False
1029,40.932797,-8.627794,10.905,False
1030,40.933685,-8.627985,9.772,False
1031,40.934573,-8.628176,7.238,False
1032,40.93546,-8.628367,7.837,False
1033,40.936348,-8.628558,7.09,False
1034,40.937236,-8.628749,6.715,False
1035,40.938123,-8.628939,6.349,False
1036,40.939011,-8.62913,6.842,False
1037,40.939899,-8.629321,6.588,False
1038,40.940787,-8.629512,7.276,False
1039,40.941674,-8.629703,7.846,False
1040,40.942562,-8.629893,8.245,False
1041,40.94345,-8.630084,8.772,False
1042,40.944337,-8.630275,8.974,False
1043,40.945225,-8.630466,7.883,False
1044,40.946113,-8.630657,7.77,False
1045,40.947,-8.630847,9.069,False
1046,40.947888,-8.631038,9.297,False
1047,40.948776,-8.631229,9.287,False
1048,40.949664,-8.63142,8.407,False
1049,40.950551,-8.631611,7.82,False
1050,40.951439,-8.631801,7.719,False
1051,40.952327,-8.631992,6.658,False
1052,40.953214,-8.632183,5.386,False
1053,40.954102,-8.632374,4.755,False
1054,40.95499,-8.632565,4.569,False
1055,40.955877,-8.632755,3.774,False
1056,40.956765,-8.632946,4.694,False
1057,40.957653,-8.633137,6.287,False
1058,40.958541,-8.633328,6.117,False
1059,40.959428,-8.633519,6.056,False
1060,40.960316,-8.633709,5.815,False
1061,40.961204,-8.6339,6.307,False
1062,40.962091,-8.634091,7.628,False
1063,40.962979,-8.634282,6.016,False
1064,40.963867,-8.634473,5.894,False
1065,40.964754,-8.634664,6.055,False
1066,40.965642,-8.634854,6.897,False
1067,40.96653,-8.635045,7.988,False
1068,40.967418,-8.635236,7.495,False
1069,40.968305,-8.635427,8.541,False
1070,40.969193,-8.635618,9.663,False
1071,40.970081,-8.635808,9.97,False
1072,40.970968,-8.635999,10.752,False
1073,40.971856,-8.63619,11.536,False
1074,40.972744,-8.636381,10.67,False
1075,40.973631,-8.636572,9.473,False
1076,40.974519,-8.636762,9.11,False
1077,40.975407,-8.636953,8.255,False
1078,40.976295,-8.637144,9.328,False
1079,40.977182,-8.637335,11.133,False
1080,40.97807,-8.637526,12.084,False
1081,40.978349,-8.637571,13.183,False
1082,40.977467,-8.63734,15.796,False
1083,40.976585,-8.637109,15.513,False
1084,40.976905,-8.637195,14.535,False
1085,40.977787,-8.63743,17.003,False
1086,40.978669,-8.637665,16.8,False
1087,40.979551,-8.637899,17.604,False
1088,40.980432,-8.638134,17.003,False
1089,40.981314,-8.638369,16.107,False
1090,40.982196,-8.638604,12.546,False
1091,40.983077,-8.638838,10.003,False
1092,40.983959,-8.639073,8.064,False
1093,40.984841,-8.639308,6.109,False
1094,40.985722,-8.639542,3.404,False
1095,40.986604,-8.639777,2.011,True
1096,40.987486,-8.640012,4.089,False
1097,40.988368,-8.640245,4.395,False
1098,40.98925,-8.640479,4.134,False
1099,40.989823,-8.64058,3.449,False
1100,40.98894,-8.640348,3.429,False
1101,40.988058,-8.640116,2.507,True
1102,40.988556,-8.640156,2.396,True
1103,40.98945,-8.640274,1.113,True
1104,40.990345,-8.640392,2.168,True
1105,40.99124,-8.64051,4.675,False
1106,40.992135,-8.640628,5.904,False
1107,40.99303,-8.640746,3.522,False
1108,40.993925,-8.640864,4.327,False
1109,40.99482,-8.640982,4.696,False
1110,40.995715,-8.6411,4.153,False
1111,40.99661,-8.641218,4.059,False
1112,40.997505,-8.641336,4.985,False
1113,40.998399,-8.641454,7.447,False
1114,40.999294,-8.641572,8.474,False
1115,41.000189,-8.64169,10.247,False
1116,41.001084,-8.641808,11.265,False
1117,41.001979,-8.641926,10.422,False
1118,41.002874,-8.642044,9.423,False
1119,41.003769,-8.642162,9.062,False
1120,41.004664,-8.64228,8.704,False
1121,41.005559,-8.642398,7.043,False
1122,41.006454,-8.642516,6.052,False
1123,41.007349,-8.642634,8.52,False
1124,41.008243,-8.642752,9.64,False
1125,41.009138,-8.64287,9.819,False
1126,41.010033,-8.642988,8.764,False
1127,41.010928,-8.643106,7.558,False
1128,41.011823,-8.643224,5.696,False
1129,41.012718,-8.643342,5.341,False
1130,41.013613,-8.64346,6.194,False
1131,41.014508,-8.643578,6.464,False
1132,41.015403,-8.643696,7.136,False
1133,41.016298,-8.643814,9.112,False
1134,41.017192,-8.643932,8.289,False
1135,41.018087,-8.64405,8.849,False
1136,41.018982,-8.644168,9.157,False
1137,41.019877,-8.644286,8.416,False
1138,41.020772,-8.644404,5.451,False
1139,41.021667,-8.644521,5.354,False
1140,41.022562,-8.644639,6.55,False
1141,41.023457,-8.644757,6.498,False
1142,41.024352,-8.644875,8.739,False
1143,41.025247,-8.644993,12.178,False
1144,41.026142,-8.645111,13.71,False
1145,41.027036,-8.645229,15.567,False
1146,41.027931,-8.645347,18.136,False
1147,41.028826,-8.645465,18.389,False
1148,41.029721,-8.645583,19.581,False
1149,41.030616,-8.645701,19.337,False
1150,41.031511,-8.645819,18.199,False
1151,41.032406,-8.645937,17.391,False
1152,41.033301,-8.646055,18.206,False
1153,41.034196,-8.646173,17.736,False
1154,41.035091,-8.646291,16.817,False
1155,41.035985,-8.646409,15.677,False
1156,41.036648,-8.646473,14.687,False
1157,41.035776,-8.64618,12.227,False
1158,41.034904,-8.645887,11.118,False
1159,41.034033,-8.645594,11.313,False
1160,41.033161,-8.645303,10.977,False
1161,41.032289,-8.645008,11.833,False
1162,41.031417,-8.644718,11.559,False
1163,41.030543,-8.644435,12.007,False
1164,41.029664,-8.644188,11.979,False
1165,41.028773,-8.644027,10.37,False
1166,41.027876,-8.64395,9.243,False
1167,41.026977,-8.643947,8.229,False
1168,41.026077,-8.643969,8.072,False
1169,41.02518,-8.643909,7.724,False
1170,41.02429,-8.643738,6.723,False
1171,41.023403,-8.643543,6.415,False
1172,41.022515,-8.643348,7.356,False
1173,41.02163,-8.643144,7.925,False
1174,41.020758,-8.642851,7.494,False
1175,41.019896,-8.642512,6.761,False
1176,41.019018,-8.642258,6.032,False
1177,41.018123,-8.642164,5.485,False
1178,41.017226,-8.642233,5.881,False
1179,41.016347,-8.642478,7.053,False
1180,41.015475,-8.642648,7.665,False
1181,41.01458,-8.642528,7.85,False
1182,41.013686,-8.642408,7.675,False
1183,41.012791,-8.642288,6.557,False
1184,41.011896,-8.642168,5.328,False
1185,41.011001,-8.642048,4.717,False
1186,41.010107,-8.641928,4.516,False
1187,41.009212,-8.641808,3.731,False
1188,41.008317,-8.641688,4.675,False
1189,41.007422,-8.641568,6.302,False
1190,41.006528,-8.641448,6.094,False
1191,41.005633,-8.641328,6.055,False
1192,41.004738,-8.641208,6.024,False
1193,41.003843,-8.641088,5.998,False
1194,41.002949,-8.640968,5.543,False
1195,41.002054,-8.640848,3.628,False
1196,41.001159,-8.640728,3.363,False
1197,41.000264,-8.640608,3.737,False
1198,40.99937,-8.640488,4.421,False
1199,40.998475,-8.640368,4.611,False
1200,40.99758,-8.640248,5.417,False
1201,40.996685,-8.640128,7.478,False
1202,40.995791,-8.640008,6.98,False
1203,40.994896,-8.639888,5.557,False
1204,40.994001,-8.639768,3.998,False
1205,40.993106,-8.639648,4.464,False
1206,40.992212,-8.639528,5.529,False
1207,40.991317,-8.639408,5.173,False
1208,40.990422,-8.639288,6.14,False
1209,40.989527,-8.639168,5.083,False
1210,40.988633,-8.639049,4.43,False
1211,40.987738,-8.638929,3.383,False
1212,40.986843,-8.638809,5.14,False
1213,40.985948,-8.638689,5.405,False
1214,40.985054,-8.638569,4.94,False
1215,40.984159,-8.638449,4.504,False
1216,40.983264,-8.638329,4.527,False
1217,40.982369,-8.638209,5.303,False
1218,40.981475,-8.638089,6.574,False
1219,40.98058,-8.637969,7.155,False
1220,40.979685,-8.637849,7.043,False
1221,40.97879,-8.637729,6.425,False
1222,40.979567,-8.637939,6.726,False
1223,40.980449,-8.63817,7.478,False
1224,40.981331,-8.638403,6.714,False
1225,40.982213,-8.638635,6.373,False
1226,40.983095,-8.638866,6.621,False
1227,40.983978,-8.639098,6.984,False
1228,40.98486,-8.639329,7.439,False
1229,40.985742,-8.63956,6.553,False
1230,40.986625,-8.63979,7.183,False
1231,40.987507,-8.64002,7.243,False
1232,40.987249,-8.640005,9.398,False
1233,40.986357,-8.639854,12.287,False
1234,40.985465,-8.639704,12.182,False
1235,40.984573,-8.639553,13.257,False
1236,40.98368,-8.639402,11.086,False
1237,40.982788,-8.639251,11.968,False
1238,40.981896,-8.639101,9.545,False
1239,40.981004,-8.63895,9.336,False
1240,40.980112,-8.638799,10.708,False
1241,40.97922,-8.638649,11.887,False
1242,40.978328,-8.638498,11.28,False
1243,40.977436,-8.638347,11.01,False
1244,40.976544,-8.638196,11.001,False
1245,40.975652,-8.638046,12.357,False
1246,40.97476,-8.637895,12.126,False
1247,40.973867,-8.637744,11.695,False
1248,40.972975,-8.637593,10.092,False
1249,40.972083,-8.637443,11.841,False
1250,40.971191,-8.637292,10.563,False
1251,40.970299,-8.637141,21.799,False
1252,40.969407,-8.636991,21.396,False
1253,40.968515,-8.63684,19.018,False
1254,40.967623,-8.636689,14.913,False
1255,40.966731,-8.636538,10.126,False
1256,40.965839,-8.636388,9.041,False
1257,40.964947,-8.636237,8.601,False
1258,40.964054,-8.636086,9.048,False
1259,40.963162,-8.635936,8.99,False
1260,40.96227,-8.635785,9.154,False
1261,40.961378,-8.635634,8.939,False
1262,40.960486,-8.635483,8.928,False
1263,40.959594,-8.635333,9.755,False
1264,40.958702,-8.635182,9.455,False
1265,40.95781,-8.635031,8.312,False
1266,40.956918,-8.634881,8.383,False
1267,40.956026,-8.63473,8.321,False
1268,40.955134,-8.634579,7.945,False
1269,40.954241,-8.634428,7.239,False
1270,40.953349,-8.634278,6.173,False
1271,40.952457,-8.634127,5.361,False
1272,40.951565,-8.633976,5.261,False
1273,40.950673,-8.633825,5.361,False
1274,40.949781,-8.633675,5.971,False
1275,40.948889,-8.633524,4.147,False
1276,40.947997,-8.633373,3.712,False
1277,40.947138,-8.633027,5.103,False
1278,40.946283,-8.632658,5.417,False
1279,40.945429,-8.632284,6.131,False
1280,40.944575,-8.63191,5.05,False
1281,40.94372,-8.631542,5.171,False
1282,40.942864,-8.631175,3.989,False
1283,40.942009,-8.630807,4.166,False
1284,40.942294,-8.630808,5.919,False
1285,40.943181,-8.631003,7.353,False
1286,40.944068,-8.631197,6.129,False
1287,40.944956,-8.631392,4.318,False
1288,40.945843,-8.631586,4.122,False
1289,40.94673,-8.631781,3.093,False
1290,40.947617,-8.631976,3.129,False
1291,40.948505,-8.63217,3.57,False
1292,40.949392,-8.632365,4.138,False
1293,40.950279,-8.63256,5.29,False
1294,40.951166,-8.632754,4.384,False
1295,40.952054,-8.632949,5.772,False
1296,40.952941,-8.633144,5.471,False
1297,40.953828,-8.633338,6.347,False
1298,40.954715,-8.633533,7.388,False
1299,40.955603,-8.633728,6.968,False
1300,40.95649,-8.633922,7.231,False
1301,40.957377,-8.634117,7.692,False
1302,40.958264,-8.634311,7.68,False
1303,40.959151,-8.634506,8.135,False
1304,40.960039,-8.634701,7.876,False
1305,40.960926,-8.634895,7.792,False
1306,40.961813,-8.63509,7.673,False
1307,40.9627,-8.635285,8.746,False
1308,40.963588,-8.635479,8.052,False
1309,40.964475,-8.635674,8.126,False
1310,40.965362,-8.635869,8.107,False
1311,40.966249,-8.636063,7.616,False
1312,40.967137,-8.636258,7.962,False
1313,40.968024,-8.636452,9.443,False
1314,40.968911,-8.636647,10.392,False
1315,40.969798,-8.636842,11.938,False
1316,40.970685,-8.637036,13.011,False
1317,40.971573,-8.637231,12.472,False
1318,40.97246,-8.637426,11.374,False
1319,40.973347,-8.63762,10.296,False
1320,40.974234,-8.637815,9.305,False
1321,40.975122,-8.63801,8.566,False
1322,40.976009,-8.638204,8.616,False
1323,40.976896,-8.638399,8.334,False
1324,40.977783,-8.638594,7.849,False
1325,40.978671,-8.638788,8.156,False
1326,40.979558,-8.638983,8.174,False
1327,40.980445,-8.639177,8.586,False
1328,40.981332,-8.639372,8.96,False
1329,40.982219,-8.639567,9.428,False
1330,40.983107,-8.639761,9.001,False
1331,40.983994,-8.639956,8.653,False
1332,40.984881,-8.640151,8.356,False
1333,40.985768,-8.640345,7.368,False
1334,40.986656,-8.64054,8.003,False
1335,40.987543,-8.640735,7.086,False
1336,40.98843,-8.640929,5.972,False
1337,40.989317,-8.641124,5.999,False
1338,40.990205,-8.641319,6.065,False
1339,40.991092,-8.641513,6.455,False
1340,40.991979,-8.641708,5.245,False
1341,40.992866,-8.641902,4.072,False
1342,40.993754,-8.642097,4.409,False
1343,40.994641,-8.642292,4.669,False
1344,40.995528,-8.642486,5.155,False
1345,40.996415,-8.642681,6.318,False
1346,40.997302,-8.642876,7.412,False
1347,40.99819,-8.64307,7.936,False
1348,40.999077,-8.643265,7.776,False
1349,40.999964,-8.64346,8.509,False
1350,41.000851,-8.643654,8.165,False
1351,41.001737,-8.643859,7.515,False
1352,41.002621,-8.644079,7.481,False
1353,41.003507,-8.644283,7.032,False
1354,41.0044,-8.644419,6.172,False
1355,41.005297,-8.64448,6.208,False
1356,41.006197,-8.644485,5.663,False
1357,41.005493,-8.644295,5.811,False
1358,41.004608,-8.644082,6.28,False
1359,41.003723,-8.64387,6.929,False
1360,41.002838,-8.643658,6.562,False
1361,41.001953,-8.643445,8.202,False
1362,41.001068,-8.643233,9.079,False
1363,41.000183,-8.64302,8.793,False
1364,40.999298,-8.642808,9.957,False
1365,40.998414,-8.642596,10.572,False
1366,40.997529,-8.642383,10.479,False
1367,40.996644,-8.642171,11.131,False
1368,40.995759,-8.641958,11.368,False
1369,40.994874,-8.641746,11.546,False
1370,40.993989,-8.641534,11.137,False
1371,40.993104,-8.641321,10.721,False
1372,40.992219,-8.641109,10.24,False
1373,40.991334,-8.640896,10.024,False
1374,40.990449,-8.640684,10.115,False
1375,40.989564,-8.640472,9.244,False
1376,40.988679,-8.640259,9.157,False
1377,40.987795,-8.640046,10.05,False
1378,40.986912,-8.639816,13.79,False
1379,40.98603,-8.639587,18.537,False
1380,40.985147,-8.639356,22.037,False
1381,40.984265,-8.639125,22.313,False
1382,40.983383,-8.638893,14.563,False
1383,40.982501,-8.638662,12.349,False
1384,40.981619,-8.63843,10.109,False
1385,40.980737,-8.638199,11.48,False
1386,40.979854,-8.637967,12.109,False
1387,40.978965,-8.637788,12.596,False
1388,40.978075,-8.637617,11.239,False
1389,40.977185,-8.637445,11.34,False
1390,40.976296,-8.637273,11.197,False
1391,40.975406,-8.637102,10.614,False
1392,40.974516,-8.63693,12.003,False
1393,40.973626,-8.636759,11.245,False
1394,40.972736,-8.636587,9.682,False
1395,40.971846,-8.636415,9.154,False
1396,40.970956,-8.636244,10.695,False
1397,40.970066,-8.636072,12.311,False
1398,40.969176,-8.635901,13.149,False
1399,40.968286,-8.635729,12.021,False
1400,40.967396,-8.635557,11.74,False
1401,40.966506,-8.635386,10.298,False
1402,40.965616,-8.635214,7.62,False
1403,40.964726,-8.635043,7.046,False
1404,40.963836,-8.634871,6.335,False
1405,40.962947,-8.634699,7.098,False
1406,40.962057,-8.634528,6.984,False
1407,40.961167,-8.634356,6.132,False
1408,40.960277,-8.634185,6.232,False
1409,40.959387,-8.634013,5.735,False
1410,40.958497,-8.633841,6.461,False
1411,40.957607,-8.63367,6.863,False
1412,40.956717,-8.633498,5.83,False
1413,40.955827,-8.633326,6.309,False
1414,40.954937,-8.633155,7.119,False
1415,40.954047,-8.632983,6.622,False
1416,40.953157,-8.632812,5.104,False
1417,40.952267,-8.63264,4.004,False
1418,40.951377,-8.632468,4.046,False
1419,40.950487,-8.632297,4.461,False
1420,40.949597,-8.632125,4.362,False
1421,40.948708,-8.631954,5.737,False
1422,40.947818,-8.631782,3.25,False
1423,40.946928,-8.63161,3.068,False
1424,40.946038,-8.631439,4.586,False
1425,40.945148,-8.631267,5.182,False
1426,40.944258,-8.631096,4.633,False
1427,40.943368,-8.630924,3.878,False
1428,40.942478,-8.630752,4.452,False
1429,40.941588,-8.630581,3.894,False
1430,40.941647,-8.630702,4.289,False
1431,40.942502,-8.631069,5.839,False
1432,40.943358,-8.631437,7.064,False
1433,40.944213,-8.631804,5.274,False
1434,40.945067,-8.632176,3.775,False
1435,40.945921,-8.63255,3.521,False
1436,40.946776,-8.632921,2.537,True
1437,40.947631,-8.63329,3.019,False
1438,40.948511,-8.633518,4.082,False
1439,40.949401,-8.633684,4.556,False
1440,40.950292,-8.63385,4.958,False
1441,40.951182,-8.634016,4.509,False
1442,40.952073,-8.634183,5.71,False
1443,40.952963,-8.634349,5.524,False
1444,40.953854,-8.634515,6.693,False
1445,40.954744,-8.634681,7.374,False
1446,40.955635,-8.634847,6.965,False
1447,40.956525,-8.635013,7.585,False
1448,40.957416,-8.635179,7.807,False
1449,40.958306,-8.635345,8.005,False
1450,40.959197,-8.635512,8.466,False
1451,40.960087,-8.635678,7.898,False
1452,40.960978,-8.635844,8.018,False
1453,40.961869,-8.63601,7.933,False
1454,40.962759,-8.636176,8.425,False
1455,40.96365,-8.636342,7.95,False
1456,40.96454,-8.636508,8.232,False
1457,40.965431,-8.636675,8.481,False
1458,40.966321,-8.636841,8.463,False
1459,40.967212,-8.637007,9.308,False
1460,40.968102,-8.637173,10.418,False
1461,40.968993,-8.637339,11.566,False
1462,40.969883,-8.637505,12.689,False
1463,40.970774,-8.637671,13.568,False
1464,40.971664,-8.637837,12.188,False
1465,40.972555,-8.638004,10.514,False
1466,40.973445,-8.63817,9.471,False
1467,40.974336,-8.638336,7.991,False
1468,40.975227,-8.638502,7.75,False
1469,40.976117,-8.638668,8.16,False
1470,40.977008,-8.638834,8.137,False
1471,40.977898,-8.639,8.047,False
1472,40.978789,-8.639166,8.506,False
1473,40.979679,-8.639333,7.926,False
1474,40.98057,-8.639499,8.154,False
1475,40.98146,-8.639665,8.308,False
1476,40.982351,-8.639831,8.867,False
1477,40.983241,-8.639997,8.519,False
1478,40.984132,-8.640163,8.361,False
1479,40.985022,-8.640329,7.944,False
1480,40.985913,-8.640496,7.523,False
1481,40.986803,-8.640662,8.419,False
1482,40.987694,-8.640828,8.417,False
1483,40.988585,-8.640994,8.708,False
1484,40.989475,-8.64116,8.431,False
1485,40.990366,-8.641326,8.001,False
1486,40.991256,-8.641492,8.422,False
1487,40.992147,-8.641658,8.332,False
1488,40.993037,-8.641825,8.035,False
1489,40.993928,-8.641991,8.053,False
1490,40.994818,-8.642157,7.245,False
1491,40.995709,-8.642323,7.569,False
1492,40.996599,-8.642489,7.454,False
1493,40.99749,-8.642655,5.55,False
1494,40.99838,-8.642821,5.578,False
1495,40.999271,-8.642987,5.656,False
1496,41.000161,-8.643154,5.379,False
1497,41.001052,-8.64332,5.054,False
1498,41.001943,-8.643486,3.476,False
1499,41.002833,-8.643652,3.351,False
1500,41.003724,-8.643818,3.6,False
1501,41.004614,-8.643984,4.476,False
1502,41.005505,-8.64415,4.653,False
1503,41.006174,-8.644299,5.715,False
1504,41.005275,-8.644323,7.644,False
1505,41.004376,-8.644305,7.09,False
1506,41.00348,-8.644211,6.159,False
1507,41.002593,-8.644018,5.224,False
1508,41.001709,-8.643798,5.195,False
1509,41.000827,-8.643567,6.509,False
1510,40.999946,-8.64333,6.344,False
1511,40.999064,-8.643094,6.497,False
1512,40.998183,-8.642857,5.374,False
1513,40.997302,-8.64262,5.172,False
1514,40.99642,-8.642384,4.502,False
1515,40.995539,-8.642147,5.673,False
1516,40.994657,-8.64191,6.192,False
1517,40.993776,-8.641674,6.236,False
1518,40.992895,-8.641437,6.752,False
1519,40.992013,-8.641201,8.066,False
1520,40.991719,-8.641119,8.228,False
1521,40.992602,-8.64135,9.226,False
1522,40.993483,-8.641585,10.188,False
1523,40.99436,-8.641851,10.262,False
1524,40.995232,-8.64214,10.88,False
1525,40.995992,-8.642363,11.244,False
1526,40.995105,-8.642159,11.654,False
1527,40.994219,-8.641956,11.619,False
1528,40.993333,-8.641753,11.21,False
1529,40.992447,-8.641549,10.847,False
1530,40.991561,-8.641346,10.301,False
1531,40.990675,-8.641143,10.594,False
1532,40.989789,-8.640939,9.843,False
1533,40.988903,-8.640736,9.142,False
1534,40.988016,-8.640533,9.912,False
1535,40.98713,-8.640329,12.352,False
1536,40.986244,-8.640126,16.105,False
1537,40.985358,-8.639923,21.054,False
1538,40.984472,-8.63972,23.545,False
1539,40.983586,-8.639516,19.39,False
1540,40.9827,-8.639313,11.121,False
1541,40.981814,-8.63911,10.461,False
1542,40.980928,-8.638906,11.342,False
1543,40.980041,-8.638703,12.161,False
1544,40.979155,-8.6385,12.952,False
1545,40.978269,-8.638296,13.534,False
1546,40.977383,-8.638093,13.091,False
1547,40.976497,-8.63789,11.682,False
1548,40.975611,-8.637686,12.731,False
1549,40.974725,-8.637483,15.573,False
1550,40.973839,-8.63728,18.896,False
1551,40.972952,-8.637076,21.069,False
1552,40.972066,-8.636873,23.141,False
1553,40.97118,-8.63667,25.087,False
1554,40.970294,-8.636467,22.314,False
1555,40.969408,-8.636263,19.991,False
1556,40.968522,-8.63606,21.05,False
1557,40.967636,-8.635857,21.249,False
1558,40.96675,-8.635653,21.615,False
1559,40.965863,-8.63545,21.51,False
1560,40.964977,-8.635247,16.868,False
1561,40.964091,-8.635043,16.365,False
1562,40.963205,-8.63484,17.147,False
1563,40.962319,-8.634637,16.361,False
1564,40.961433,-8.634433,17.277,False
1565,40.960547,-8.63423,17.454,False
1566,40.959661,-8.634027,16.74,False
1567,40.958775,-8.633824,17.36,False
1568,40.957888,-8.63362,21.287,False
1569,40.957002,-8.633417,20.238,False
1570,40.956116,-8.633214,20.488,False
1571,40.95523,-8.63301,18.676,False
1572,40.954344,-8.632807,19.28,False
1573,40.953458,-8.632604,21.715,False
1574,40.952572,-8.6324,23.116,False
1575,40.951686,-8.632197,21.921,False
1576,40.950799,-8.631994,20.698,False
1577,40.949913,-8.63179,18.156,False
1578,40.949027,-8.631587,14.665,False
1579,40.948141,-8.631384,14.225,False
1580,40.947255,-8.63118,17.619,False
1581,40.946369,-8.630977,20.388,False
1582,40.945483,-8.630774,21.726,False
1583,40.944597,-8.630571,22.877,False
1584,40.943711,-8.630367,21.582,False
1585,40.942824,-8.630164,19.661,False
1586,40.941938,-8.629961,18.355,False
1587,40.941052,-8.629757,20.136,False
1588,40.940166,-8.629554,19.96,False
1589,40.93928,-8.629351,21.465,False
1590,40.938394,-8.629147,17.682,False
1591,40.937508,-8.628944,16.917,False
1592,40.936622,-8.628741,17.681,False
1593,40.935735,-8.628537,17.783,False
1594,40.934849,-8.628334,15.787,False
1595,40.933963,-8.628131,17.793,False
1596,40.933077,-8.627928,17.001,False
1597,40.932191,-8.627724,16.835,False
1598,40.931305,-8.627521,19.641,False
1599,40.930419,-8.627318,21.395,False
1600,40.929533,-8.627114,20.603,False
1601,40.928646,-8.626911,19.801,False
1602,40.92776,-8.626708,18.977,False
1603,40.926874,-8.626504,21.334,False
1604,40.92708,-8.626515,21.642,False
1605,40.927973,-8.626661,21.065,False
1606,40.928866,-8.626806,20.724,False
1607,40.929758,-8.626952,20.038,False
1608,40.930651,-8.627097,17.434,False
1609,40.931543,-8.627246,14.154,False
1610,40.932435,-8.627396,12.42,False
1611,40.933327,-8.627547,14.074,False
1612,40.934217,-8.627718,16.187,False
1613,40.935098,-8.627958,15.134,False
1614,40.935967,-8.628259,13.765,False
1615,40.936827,-8.62861,13.419,False
1616,40.937681,-8.628982,13.033,False
1617,40.938535,-8.629353,15.654,False
1618,40.93939,-8.629724,19.999,False
1619,40.939531,-8.629737,20.399,False
1620,40.938676,-8.629367,16.982,False
1621,40.937821,-8.628997,14.454,False
1622,40.936967,-8.628626,13.324,False
1623,40.936109,-8.628271,12.69,False
1624,40.935241,-8.62796,11.188,False
1625,40.934362,-8.62771,11.798,False
1626,40.933474,-8.627526,13.341,False
1627,40.932582,-8.627376,13.255,False
1628,40.931689,-8.627225,14.721,False
1629,40.930797,-8.627076,15.577,False
1630,40.929905,-8.62693,15.089,False
1631,40.929012,-8.626785,15.317,False
1632,40.92812,-8.626639,16.711,False
1633,40.927227,-8.626493,16.512,False
1634,40.926735,-8.626418,16.176,False
1635,40.927625,-8.626584,16.069,False
1636,40.928516,-8.62675,17.123,False
1637,40.929406,-8.626917,15.56,False
1638,40.930297,-8.627083,13.823,False
1639,40.931187,-8.627249,12.255,False
1640,40.932078,-8.627415,10.907,False
1641,40.932968,-8.627581,11.56,False
1642,40.933859,-8.627748,12.955,False
1643,40.93475,-8.627914,13.032,False
1644,40.93564,-8.62808,12.059,False
1645,40.936531,-8.628246,11.539,False
1646,40.937421,-8.628413,10.777,False
1647,40.938312,-8.628579,11.906,False
1648,40.939202,-8.628745,13.887,False
1649,40.940093,-8.628911,13.269,False
1650,40.940983,-8.629077,12.313,False
1651,40.941874,-8.629244,9.909,False
1652,40.942764,-8.62941,8.941,False
1653,40.943655,-8.629576,11.509,False
1654,40.944545,-8.629742,12.639,False
1655,40.945436,-8.629908,12.505,False
1656,40.946326,-8.630075,12.302,False
1657,40.947217,-8.630241,11.572,False
1658,40.948107,-8.630407,12.002,False
1659,40.948998,-8.630573,12.527,False
1660,40.949888,-8.63074,11.562,False
1661,40.950779,-8.630906,10.713,False
1662,40.951669,-8.631072,9.497,False
1663,40.95256,-8.631238,10.405,False
1664,40.953451,-8.631404,10.651,False
1665,40.954341,-8.631571,10.801,False
1666,40.955232,-8.631737,10.768,False
1667,40.956122,-8.631903,10.448,False
1668,40.957013,-8.632069,11.159,False
1669,40.957903,-8.632235,12.356,False
1670,40.958794,-8.632402,13.114,False
1671,40.959684,-8.632568,12.38,False
1672,40.960575,-8.632734,11.965,False
1673,40.961465,-8.6329,11.698,False
1674,40.962356,-8.633067,11.733,False
1675,40.963246,-8.633233,12.018,False
1676,40.964137,-8.633399,12.619,False
1677,40.965027,-8.633565,13.585,False
1678,40.965918,-8.633731,16.527,False
1679,40.966808,-8.633898,16.634,False
1680,40.967699,-8.634064,18.087,False
1681,40.968589,-8.63423,18.425,False
1682,40.96948,-8.634396,18.644,False
1683,40.970371,-8.634562,17.786,False
1684,40.971261,-8.634729,18.979,False
1685,40.972152,-8.634895,19.666,False
1686,40.973042,-8.635061,18.955,False
1687,40.973933,-8.635227,18.522,False
1688,40.974823,-8.635394,16.936,False
1689,40.975714,-8.63556,14.1,False
1690,40.976604,-8.635726,12.529,False
1691,40.977495,-8.635892,10.565,False
1692,40.978385,-8.636058,6.634,False
1693,40.979276,-8.636225,5.501,False
1694,40.980166,-8.636391,5.523,False
1695,40.981057,-8.636557,3.481,False
1696,40.981947,-8.636723,3.888,False
1697,40.982838,-8.636889,6.278,False
1698,40.983728,-8.637056,7.023,False
1699,40.984619,-8.637222,6.296,False
1700,40.985509,-8.637388,5.424,False
1701,40.9864,-8.637554,3.925,False
1702,40.98729,-8.637721,3.664,False
1703,40.988181,-8.637887,2.818,True
1704,40.989072,-8.638053,2.153,True
1705,40.989962,-8.638219,1.601,True
1706,40.990853,-8.638385,3.545,False
1707,40.991743,-8.638552,5.87,False
1708,40.992634,-8.638718,5.246,False
1709,40.993524,-8.638884,3.125,False
1710,40.994415,-8.63905,4.448,False
1711,40.995305,-8.639217,4.066,False
1712,40.996196,-8.639383,3.238,False
1713,40.997086,-8.639549,4.436,False
1714,40.997977,-8.639715,6.689,False
1715,40.998867,-8.639881,8.201,False
1716,40.999758,-8.640048,9.794,False
1717,41.000648,-8.640214,10.631,False
1718,41.001539,-8.64038,12.152,False
1719,41.002429,-8.640546,12.351,False
1720,41.00332,-8.640712,13.139,False
1721,41.00421,-8.640879,13.215,False
1722,41.005101,-8.641045,11.531,False
1723,41.005992,-8.641211,11.576,False
1724,41.006882,-8.641377,10.127,False
1725,41.007773,-8.641544,10.467,False
1726,41.008663,-8.64171,11.54,False
1727,41.009554,-8.641876,13.179,False
1728,41.010444,-8.642042,11.763,False
1729,41.011335,-8.642208,11.118,False
1730,41.012225,-8.642375,12.192,False
1731,41.013116,-8.642541,13.473,False
1732,41.014006,-8.642707,13.375,False
1733,41.014897,-8.642873,11.938,False
1734,41.015787,-8.643039,10.735,False
1735,41.016678,-8.643206,10.806,False
1736,41.017568,-8.643372,11.525,False
1737,41.018459,-8.643538,9.7,False
1738,41.019349,-8.643704,8.422,False
1739,41.02024,-8.643871,7.754,False
1740,41.02113,-8.644037,8.761,False
1741,41.022021,-8.644203,8.678,False
1742,41.022912,-8.644369,9.294,False
1743,41.023802,-8.644535,8.877,False
1744,41.024693,-8.644702,7.134,False
1745,41.025583,-8.644868,6.855,False
1746,41.026474,-8.645034,7.329,False
1747,41.027364,-8.6452,3.964,False
1748,41.028255,-8.645366,0.553,True
1749,41.029145,-8.645533,1.373,True
1750,41.030036,-8.645699,2.261,True
1751,41.030926,-8.645865,1.288,True
1752,41.031817,-8.646031,1.21,True
1753,41.032707,-8.646198,4.473,False
1754,41.033598,-8.646364,6.066,False
1755,41.034488,-8.64653,7.724,False
1756,41.035379,-8.646696,10.507,False
1757,41.036269,-8.646862,13.087,False
1758,41.03716,-8.647029,14.996,False
1759,41.03805,-8.647195,15.484,False
1760,41.038941,-8.647361,16.005,False
1761,41.039823,-8.647587,17.186,False
1762,41.040694,-8.64788,15.236,False
1763,41.041565,-8.648177,14.595,False
1764,41.042437,-8.648471,16.096,False
1765,41.043309,-8.648764,13.789,False
1766,41.04418,-8.649057,12.173,False
1767,41.045052,-8.64935,11.646,False
1768,41.045924,-8.649643,10.145,False
1769,41.046796,-8.649937,8.574,False
1770,41.047667,-8.65023,9.017,False
1771,41.048539,-8.650523,9.805,False
1772,41.049411,-8.650816,10.57,False
1773,41.049468,-8.650896,11.82,False
1774,41.048577,-8.650728,11.468,False
1775,41.047687,-8.65056,10.862,False
1776,41.046796,-8.650393,10.329,False
1777,41.045906,-8.650225,9.242,False
1778,41.045016,-8.650057,7.592,False
1779,41.044125,-8.649889,7.981,False
1780,41.043235,-8.649722,7.432,False
1781,41.042345,-8.649554,6.891,False
1782,41.041454,-8.649386,5.751,False
1783,41.040564,-8.649218,6.426,False
1784,41.039674,-8.64905,7.32,False
1785,41.038783,-8.648883,6.993,False
1786,41.037893,-8.648715,6.425,False
1787,41.037003,-8.648547,5.868,False
1788,41.036112,-8.648379,5.473,False
1789,41.035222,-8.648212,5.561,False
1790,41.034332,-8.648044,6.832,False
1791,41.033441,-8.647876,7.582,False
1792,41.032551,-8.647708,8.034,False
1793,41.03166,-8.64754,7.832,False
1794,41.03077,-8.647373,9.184,False
1795,41.02988,-8.647205,9.005,False
1796,41.028989,-8.647037,8.37,False
1797,41.028099,-8.646869,8.114,False
1798,41.027209,-8.646702,7.188,False
1799,41.026318,-8.646534,6.758,False
1800,41.025428,-8.646366,6.33,False
1801,41.024538,-8.646198,6.288,False
1802,41.023647,-8.646031,6.046,False
1803,41.022757,-8.645863,6.549,False
1804,41.021867,-8.645695,7.126,False
1805,41.020976,-8.645527,6.975,False
1806,41.020086,-8.645359,8.417,False
1807,41.019196,-8.645192,9.751,False
1808,41.018305,-8.645024,9.105,False
1809,41.017415,-8.644856,10.195,False
1810,41.016524,-8.644688,10.956,False
1811,41.015634,-8.644521,10.9,False
1812,41.014744,-8.644353,11.545,False
1813,41.013853,-8.644185,11.598,False
1814,41.012963,-8.644017,11.807,False
1815,41.012073,-8.64385,11.585,False
1816,41.011182,-8.643682,11.099,False
1817,41.010292,-8.643514,10.597,False
1818,41.009402,-8.643346,10.145,False
1819,41.008511,-8.643178,10.31,False
1820,41.007621,-8.643011,9.454,False
1821,41.006731,-8.642843,9.127,False
1822,41.00584,-8.642675,9.825,False
1823,41.00495,-8.642507,13.01,False
1824,41.00406,-8.64234,17.749,False
1825,41.003169,-8.642172,21.659,False
1826,41.002279,-8.642004,22.655,False
1827,41.001388,-8.641836,17.225,False
1828,41.000498,-8.641669,12.369,False
1829,40.999608,-8.641501,10.034,False
1830,40.998717,-8.641333,11.209,False
1831,40.997827,-8.641165,12.1,False
1832,40.996937,-8.640997,12.577,False
1833,40.996046,-8.64083,11.373,False
1834,40.995156,-8.640662,11.396,False
1835,40.994266,-8.640494,11.171,False
1836,40.993375,-8.640326,12.935,False
1837,40.992485,-8.640159,16.588,False
1838,40.991595,-8.639991,18.878,False
1839,40.990704,-8.639823,20.737,False
1840,40.989814,-8.639655,24.759,False
1841,40.988924,-8.639488,26.557,False
1842,40.988033,-8.63932,25.004,False
1843,40.987143,-8.639152,22.591,False
1844,40.986252,-8.638984,23.201,False
1845,40.985362,-8.638816,22.978,False
1846,40.984472,-8.638649,22.949,False
1847,40.983581,-8.638481,24.908,False
1848,40.982691,-8.638313,16.451,False
1849,40.981801,-8.638145,14.784,False
1850,40.98091,-8.637978,13.914,False
1851,40.98002,-8.63781,15.709,False
1852,40.97913,-8.637642,16.656,False
1853,40.978239,-8.637474,14.221,False
1854,40.977349,-8.637306,14.675,False
1855,40.976459,-8.637139,15.765,False
1856,40.975568,-8.636971,15.848,False
1857,40.974678,-8.636803,18.831,False
1858,40.973787,-8.636635,22.361,False
1859,40.972897,-8.636468,26.457,False
1860,40.972007,-8.6363,26.64,False
1861,40.971116,-8.636132,23.886,False
1862,40.970226,-8.635964,25.928,False
1863,40.969336,-8.635797,28.582,False
1864,40.968445,-8.635629,27.237,False
1865,40.967555,-8.635461,25.252,False
1866,40.966665,-8.635293,27.677,False
1867,40.965774,-8.635125,27.345,False
1868,40.964884,-8.634958,27.383,False
1869,40.963994,-8.63479,33.276,False
1870,40.963103,-8.634622,34.589,False
1871,40.962213,-8.634454,30.297,False
1872,40.961323,-8.634287,30.656,False
1873,40.960432,-8.634119,26.382,False
1874,40.959542,-8.633951,25.437,False
1875,40.958651,-8.633783,25.363,False
1876,40.957761,-8.633616,24.86,False
1877,40.956871,-8.633448,26.554,False
1878,40.95598,-8.63328,26.739,False
1879,40.95509,-8.633112,26.45,False
1880,40.9542,-8.632944,26.604,False
1881,40.953309,-8.632777,28.053,False
1882,40.952419,-8.632609,29.158,False
1883,40.951529,-8.632441,29.061,False
1884,40.950638,-8.632273,29.749,False
1885,40.949748,-8.632106,31.32,False
1886,40.948858,-8.631938,30.362,False
1887,40.947967,-8.63177,30.293,False
1888,40.947077,-8.631602,30.052,False
1889,40.946187,-8.631435,29.102,False
1890,40.945296,-8.631267,28.653,False
1891,40.944406,-8.631099,29.889,False
1892,40.943515,-8.630931,31.31,False
1893,40.942625,-8.630763,31.785,False
1894,40.941735,-8.630596,30.64,False
1895,40.940844,-8.630428,30.94,False
1896,40.939954,-8.63026,33.934,False
1897,40.939064,-8.630092,33.401,False
1898,40.938173,-8.629925,27.757,False
1899,40.937283,-8.629757,26.832,False
1900,40.936393,-8.629589,28.061,False
1901,40.935502,-8.629421,27.917,False
1902,40.934612,-8.629254,26.503,False
1903,40.933722,-8.629086,25.804,False
1904,40.932831,-8.628918,29.135,False
1905,40.931941,-8.62875,27.176,False
1906,40.931051,-8.628582,24.853,False
1907,40.93016,-8.628415,22.042,False
1908,40.92927,-8.628247,19.941,False
1909,40.928379,-8.628079,18.559,False
1910,40.927489,-8.627911,18.87,False
1911,40.926599,-8.627744,18.901,False
1912,40.925708,-8.627576,18.627,False
1913,40.924818,-8.627408,18.117,False
1914,40.923928,-8.62724,18.175,False
1915,40.923037,-8.627072,16.466,False
1916,40.922147,-8.626905,14.7,False
1917,40.921257,-8.626737,13.882,False
1918,40.920366,-8.626569,12.967,False
1919,40.919476,-8.626401,14.726,False
1920,40.918586,-8.626234,14.315,False
1921,40.917695,-8.626066,13.127,False
1922,40.916805,-8.625898,13.936,False
1923,40.915915,-8.62573,14.819,False
1924,40.915024,-8.625563,16.77,False
1925,40.914134,-8.625395,18.018,False
1926,40.913243,-8.625227,17.424,False
1927,40.912353,-8.625059,18.271,False
1928,40.911463,-8.624891,18.548,False
1929,40.910572,-8.624724,19.43,False
1930,40.909682,-8.624556,18.979,False
1931,40.908792,-8.624388,20.723,False
1932,40.907901,-8.62422,24.181,False
1933,40.907011,-8.624053,26.27,False
1934,40.906121,-8.623885,29.14,False
1935,40.90523,-8.623717,31.332,False
1936,40.90434,-8.623549,27.307,False
1937,40.90345,-8.623382,27.299,False
1938,40.902559,-8.623214,28.405,False
1939,40.901669,-8.623046,28.133,False
1940,40.900779,-8.622878,26.791,False
1941,40.899888,-8.62271,27.976,False
1942,40.898998,-8.622543,34.303,False
1943,40.898107,-8.622375,33.607,False
1944,40.897217,-8.622207,30.719,False
1945,40.896327,-8.622039,30.864,False
1946,40.895436,-8.621872,32.238,False
1947,40.894546,-8.621704,31.53,False
1948,40.893656,-8.621536,29.78,False
1949,40.892765,-8.621368,29.303,False
1950,40.891875,-8.621201,28.932,False
1951,40.890985,-8.621033,29.783,False
1952,40.890094,-8.620865,30.172,False
1953,40.889204,-8.620697,30.904,False
1954,40.888314,-8.620529,31.234,False
1955,40.887423,-8.620362,29.915,False
1956,40.886533,-8.620194,29.447,False
1957,40.885642,-8.620026,28.779,False
1958,40.884752,-8.619858,28.576,False
1959,40.883862,-8.619691,27.091,False
1960,40.882971,-8.619523,26.491,False
1961,40.882081,-8.619355,27.105,False
1962,40.881191,-8.619187,27.387,False
1963,40.8803,-8.619019,26.228,False
1964,40.87941,-8.618852,26.789,False
1965,40.87852,-8.618684,25.689,False
1966,40.877629,-8.618516,25.471,False
1967,40.876739,-8.618348,26.559,False
1968,40.875846,-8.618203,26.583,False
1969,40.874951,-8.618089,25.441,False
1970,40.874055,-8.617993,25.771,False
1971,40.873159,-8.617897,26.831,False
1972,40.872262,-8.617801,26.295,False
1973,40.871366,-8.617705,27.655,False
1974,40.870469,-8.617609,27.046,False
1975,40.869573,-8.617513,26.226,False
1976,40.868676,-8.617425,27.365,False
1977,40.867779,-8.617343,28.879,False
1978,40.866882,-8.617262,28.742,False
1979,40.865985,-8.61718,29.588,False
1980,40.866084,-8.617204,30.133,False
1981,40.866981,-8.617304,31.259,False
1982,40.867877,-8.617391,31.006,False
1983,40.868774,-8.617486,30.093,False
1984,40.869667,-8.617621,29.23,False
1985,40.870561,-8.617756,29.028,False
1986,40.871454,-8.61789,29.596,False
1987,40.872348,-8.618025,30.13,False
1988,40.873241,-8.61816,32.118,False
1989,40.874135,-8.618295,32.468,False
1990,40.875029,-8.61843,31.039,False
1991,40.875922,-8.618565,30.841,False
1992,40.876816,-8.618699,33.682,False
1993,40.877709,-8.618834,33.723,False
1994,40.878603,-8.618969,27.884,False
1995,40.879496,-8.619104,26.828,False
1996,40.88039,-8.619239,27.662,False
1997,40.881283,-8.619374,27.68,False
1998,40.882177,-8.619509,26.206,False
1999,40.88307,-8.619643,25.379,False
2000,40.883964,-8.619778,28.313,False
2001,40.884857,-8.619913,27.054,False
2002,40.885751,-8.620048,24.859,False
2003,40.886644,-8.620183,22.422,False
2004,40.887538,-8.620318,24.283,False
2005,40.888431,-8.620452,25.521,False
2006,40.889325,-8.620587,28.166,False
2007,40.890218,-8.620722,27.557,False
2008,40.891112,-8.620857,25.343,False
2009,40.892006,-8.620992,26.83,False
2010,40.892899,-8.621127,27.965,False
2011,40.893793,-8.621261,27.451,False
2012,40.894686,-8.621396,27.036,False
2013,40.89558,-8.621531,28.755,False
2014,40.896473,-8.621666,34.893,False
2015,40.897367,-8.621801,32.813,False
2016,40.89826,-8.621936,30.584,False
2017,40.899154,-8.622071,31.426,False
2018,40.900047,-8.622205,32.845,False
2019,40.900941,-8.62234,31.537,False
2020,40.901834,-8.622475,29.517,False
2021,40.902728,-8.62261,29.758,False
2022,40.903621,-8.622745,28.718,False
2023,40.904515,-8.62288,29.626,False
2024,40.905408,-8.623014,30.256,False
2025,40.906302,-8.623149,31.216,False
2026,40.907195,-8.623284,31.088,False
2027,40.908089,-8.623419,29.917,False
2028,40.908037,-8.623406,29.272,False
2029,40.907144,-8.623262,28.789,False
2030,40.906252,-8.623117,28.814,False
2031,40.905359,-8.622973,26.52,False
2032,40.904466,-8.622828,26.658,False
2033,40.903574,-8.622684,27.577,False
2034,40.902681,-8.62254,27.017,False
2035,40.901788,-8.622395,26.441,False
2036,40.900896,-8.622251,27.065,False
2037,40.900003,-8.622106,25.511,False
2038,40.89911,-8.621962,25.572,False
2039,40.898218,-8.621818,26.262,False
2040,40.897325,-8.621673,26.523,False
2041,40.896432,-8.621529,30.625,False
2042,40.89554,-8.621384,29.1,False
2043,40.894647,-8.62124,24.617,False
2044,40.893754,-8.621095,23.559,False
2045,40.892862,-8.620951,23.741,False
2046,40.891969,-8.620807,24.569,False
2047,40.891076,-8.620662,26.46,False
2048,40.890184,-8.620518,28.902,False
2049,40.889291,-8.620373,25.146,False
2050,40.888398,-8.620229,22.546,False
2051,40.887506,-8.620084,20.984,False
2052,40.886613,-8.61994,20.668,False
2053,40.88572,-8.619796,19.46,False
2054,40.884828,-8.619651,17.347,False
2055,40.883935,-8.619507,15.95,False
2056,40.883042,-8.619362,16.047,False
2057,40.88215,-8.619218,15.811,False
2058,40.881257,-8.619073,16.892,False
2059,40.880364,-8.618929,18.943,False
2060,40.879472,-8.618785,20.484,False
2061,40.878579,-8.61864,20.742,False
2062,40.877686,-8.618496,22.378,False
2063,40.876794,-8.618351,24.039,False
2064,40.877057,-8.618437,28.698,False
2065,40.877949,-8.618579,27.402,False
2066,40.878842,-8.618721,24.791,False
2067,40.879735,-8.618863,24.074,False
2068,40.880628,-8.619005,23.572,False
2069,40.881521,-8.619147,24.302,False
2070,40.882414,-8.619289,27.383,False
2071,40.883307,-8.619431,30.485,False
2072,40.8842,-8.619573,27.963,False
2073,40.885093,-8.619715,26.606,False
2074,40.885985,-8.619857,25.788,False
2075,40.886878,-8.619999,25.399,False
2076,40.887771,-8.620141,26.83,False
2077,40.888664,-8.620283,26.351,False
2078,40.889557,-8.620425,26.617,False
2079,40.89045,-8.620567,27.601,False
2080,40.891343,-8.620709,26.824,False
2081,40.892236,-8.620851,26.245,False
2082,40.893129,-8.620993,28.429,False
2083,40.894022,-8.621135,28.785,False
2084,40.894914,-8.621276,29.091,False
2085,40.895807,-8.621418,29.801,False
2086,40.8967,-8.62156,30.861,False
2087,40.897593,-8.621702,31.226,False
2088,40.898486,-8.621844,30.371,False
2089,40.899379,-8.621986,29.876,False
2090,40.900272,-8.622128,28.741,False
2091,40.901165,-8.62227,29.63,False
2092,40.902058,-8.622412,29.301,False
2093,40.90295,-8.622554,31.225,False
2094,40.903843,-8.622696,32.826,False
2095,40.904736,-8.622838,31.624,False
2096,40.905629,-8.62298,30.601,False
2097,40.906522,-8.623122,32.348,False
2098,40.907415,-8.623264,34.784,False
2099,40.908308,-8.623406,29.56,False
2100,40.909099,-8.623579,27.212,False
2101,40.909991,-8.623724,27.3,False
2102,40.910884,-8.62387,28.006,False
2103,40.911776,-8.624015,27.043,False
2104,40.912669,-8.624161,25.5,False
2105,40.913561,-8.624307,26.994,False
2106,40.914454,-8.624452,28.684,False
2107,40.915346,-8.624598,25.837,False
2108,40.916239,-8.624743,24.418,False
2109,40.917132,-8.624889,22.76,False
2110,40.918024,-8.625035,25.009,False
2111,40.918917,-8.62518,27.343,False
2112,40.919809,-8.625326,28.518,False
2113,40.920702,-8.625471,25.427,False
2114,40.921594,-8.625617,26.349,False
2115,40.922487,-8.625764,27.76,False
2116,40.923379,-8.62591,27.678,False
2117,40.922717,-8.625804,26.801,False
2118,40.921824,-8.62566,27.914,False
2119,40.920932,-8.625516,33.989,False
2120,40.920039,-8.625372,33.591,False
2121,40.919146,-8.625228,30.766,False
2122,40.918254,-8.625084,31.052,False
2123,40.917361,-8.62494,32.497,False
2124,40.916468,-8.624796,32.0,False
2125,40.915575,-8.624652,30.043,False
2126,40.914683,-8.624508,29.618,False
2127,40.91379,-8.624364,28.973,False
2128,40.912897,-8.62422,29.294,False
2129,40.912005,-8.624076,30.107,False
2130,40.911112,-8.623932,31.035,False
2131,40.910219,-8.623788,31.253,False
2132,40.909326,-8.623644,30.097,False
2133,40.908434,-8.6235,29.559,False
2134,40.907541,-8.623356,28.744,False
2135,40.906648,-8.623212,28.888,False
2136,40.905756,-8.623068,27.277,False
2137,40.904863,-8.622924,26.277,False
2138,40.90397,-8.62278,27.09,False
2139,40.903077,-8.622636,27.584,False
2140,40.902185,-8.622491,26.31,False
2141,40.901292,-8.622347,26.866,False
2142,40.900399,-8.622203,25.732,False
2143,40.899507,-8.622059,25.455,False
2144,40.898614,-8.621915,26.558,False
2145,40.897721,-8.621771,26.395,False
2146,40.896829,-8.621627,25.431,False
2147,40.895936,-8.621483,25.834,False
2148,40.895043,-8.621339,26.933,False
2149,40.89415,-8.621195,26.375,False
2150,40.893258,-8.621051,27.879,False
2151,40.892365,-8.620907,27.027,False
2152,40.891472,-8.620763,26.036,False
2153,40.89058,-8.620619,27.567,False
2154,40.889687,-8.620475,29.017,False
2155,40.888794,-8.620331,28.719,False
2156,40.887901,-8.620187,29.663,False
2157,40.887009,-8.620043,30.225,False
2158,40.886116,-8.619899,31.324,False
2159,40.885223,-8.619755,31.02,False
2160,40.884331,-8.619611,30.045,False
2161,40.883438,-8.619467,29.073,False
2162,40.882545,-8.619323,29.105,False
2163,40.881652,-8.619179,29.619,False
2164,40.88076,-8.619035,30.244,False
2165,40.879867,-8.618891,32.283,False
2166,40.878974,-8.618747,32.448,False
2167,40.878082,-8.618603,31.035,False
2168,40.877189,-8.618459,30.924,False
2169,40.87682,-8.618399,33.777,False
2170,40.877713,-8.618539,33.462,False
2171,40.878606,-8.618679,27.853,False
2172,40.879499,-8.618821,26.857,False
2173,40.880392,-8.618962,27.634,False
2174,40.881284,-8.619103,27.603,False
2175,40.882177,-8.619245,26.087,False
2176,40.88307,-8.619387,25.369,False
2177,40.883963,-8.619532,28.271,False
2178,40.884856,-8.619677,26.908,False
2179,40.885748,-8.619822,24.8,False
2180,40.886641,-8.619968,22.195,False
2181,40.887534,-8.62011,19.885,False
2182,40.888426,-8.620252,18.729,False
2183,40.889319,-8.620394,19.706,False
2184,40.890212,-8.620536,20.708,False
2185,40.891105,-8.620679,20.599,False
2186,40.891998,-8.620821,20.078,False
2187,40.892891,-8.620963,19.077,False
2188,40.893784,-8.621105,17.882,False
2189,40.894677,-8.621247,16.192,False
2190,40.895569,-8.62139,16.109,False
2191,40.896462,-8.621534,19.183,False
2192,40.897355,-8.621677,20.28,False
2193,40.898248,-8.621821,21.177,False
2194,40.89914,-8.621965,19.961,False
2195,40.900033,-8.622108,20.133,False
2196,40.900926,-8.622252,19.958,False
2197,40.901819,-8.622396,18.369,False
2198,40.902711,-8.622541,14.528,False
2199,40.903604,-8.622686,13.143,False
2200,40.904496,-8.622831,13.917,False
2201,40.905389,-8.622976,15.851,False
2202,40.906282,-8.623121,18.633,False
2203,40.907174,-8.623266,15.509,False
2204,40.908067,-8.623411,13.954,False
2205,40.90801,-8.623357,13.133,False
2206,40.907117,-8.623212,14.761,False
2207,40.906225,-8.623068,17.933,False
2208,40.905332,-8.622923,20.524,False
2209,40.904439,-8.622778,22.958,False
2210,40.903547,-8.622633,22.785,False
2211,40.902654,-8.622488,26.256,False
2212,40.901762,-8.622343,27.892,False
2213,40.900869,-8.622199,23.231,False
2214,40.899976,-8.622055,21.926,False
2215,40.899083,-8.621911,22.527,False
2216,40.898191,-8.621768,21.64,False
2217,40.897298,-8.621624,21.112,False
2218,40.896405,-8.62148,20.345,False
2219,40.895512,-8.621337,20.507,False
2220,40.89462,-8.621194,20.436,False
2221,40.893727,-8.621052,20.461,False
2222,40.892834,-8.62091,21.104,False
2223,40.891941,-8.620767,22.166,False
2224,40.891048,-8.620625,22.323,False
2225,40.890155,-8.620483,21.631,False
2226,40.889262,-8.620341,25.192,False
2227,40.888369,-8.620199,27.688,False
2228,40.887477,-8.620056,24.093,False
2229,40.886584,-8.619914,22.471,False
2230,40.885691,-8.619769,22.253,False
2231,40.884799,-8.619623,19.546,False
2232,40.883906,-8.619478,16.321,False
2233,40.883013,-8.619333,14.106,False
2234,40.88212,-8.619192,13.676,False
2235,40.881227,-8.61905,16.459,False
2236,40.880335,-8.618909,19.189,False
2237,40.879442,-8.618767,19.391,False
2238,40.878549,-8.618626,18.003,False
2239,40.877656,-8.618486,19.233,False
2240,40.876763,-8.618345,17.796,False
2241,40.875882,-8.618111,15.934,False
2242,40.875005,-8.617848,13.086,False
2243,40.874127,-8.617586,14.117,False
2244,40.87325,-8.617324,15.181,False
2245,40.872373,-8.617061,17.387,False
2246,40.871496,-8.616799,18.237,False
2247,40.870619,-8.616537,17.896,False
2248,40.869742,-8.616275,18.852,False
2249,40.868864,-8.616012,19.1,False
2250,40.867987,-8.61575,18.613,False
2251,40.86711,-8.615488,18.849,False
2252,40.866233,-8.615225,20.818,False
2253,40.865356,-8.614963,20.232,False
2254,40.864479,-8.614701,18.612,False
2255,40.863601,-8.614439,18.731,False
2256,40.862724,-8.614176,18.744,False
2257,40.861847,-8.613914,18.602,False
2258,40.86097,-8.613652,17.93,False
2259,40.860155,-8.613433,18.166,False
2260,40.860817,-8.614238,16.629,False
2261,40.861524,-8.614973,14.771,False
2262,40.8621,-8.615454,13.902,False
2263,40.861396,-8.614714,13.041,False
2264,40.860691,-8.613975,14.667,False
2265,40.860111,-8.613379,16.258,False
2266,40.859554,-8.612592,17.437,False
2267,40.858911,-8.61176,17.627,False
2268,40.858269,-8.610928,18.58,False
2269,40.857625,-8.610098,17.616,False
2270,40.856981,-8.609268,17.453,False
2271,40.856336,-8.608439,16.304,False
2272,40.855692,-8.607609,14.326,False
2273,40.855048,-8.60678,13.226,False
2274,40.854404,-8.60595,13.974,False
2275,40.853755,-8.605126,14.893,False
2276,40.853036,-8.604416,17.072,False
2277,40.852234,-8.603884,17.65,False
2278,40.851369,-8.603568,16.835,False
2279,40.850476,-8.603441,17.819,False
2280,40.850821,-8.603517,19.072,False
2281,40.851708,-8.603709,20.264,False
2282,40.852549,-8.604117,20.207,False
2283,40.853327,-8.60471,22.18,False
2284,40.854,-8.605498,26.784,False
2285,40.854647,-8.606325,28.182,False
2286,40.855291,-8.607154,32.188,False
2287,40.855935,-8.607984,34.448,False
2288,40.856579,-8.608814,30.777,False
2289,40.857224,-8.609643,29.591,False
2290,40.857868,-8.610473,30.271,False
2291,40.858511,-8.611305,29.295,False
2292,40.859153,-8.612137,27.91,False
2293,40.859795,-8.61297,29.246,False
2294,40.860558,-8.613549,34.553,False
2295,40.861402,-8.613958,32.934,False
2296,40.862247,-8.614367,29.967,False
2297,40.863091,-8.614776,29.735,False
2298,40.863936,-8.615185,30.049,False
2299,40.86478,-8.615594,29.253,False
2300,40.865625,-8.616003,28.313,False
2301,40.866469,-8.616412,28.117,False
2302,40.867313,-8.616821,29.254,False
2303,40.868158,-8.61723,30.602,False
2304,40.869024,-8.617503,29.445,False
2305,40.869921,-8.617595,29.704,False
2306,40.870817,-8.617691,30.754,False
2307,40.871714,-8.617786,27.912,False
2308,40.87261,-8.617882,27.847,False
2309,40.873507,-8.617978,28.639,False
2310,40.874403,-8.618074,27.479,False
2311,40.875299,-8.618171,26.385,False
2312,40.876193,-8.618301,25.772,False
2313,40.875898,-8.618277,27.472,False
2314,40.875002,-8.618173,27.243,False
2315,40.874106,-8.618068,26.133,False
2316,40.873211,-8.617963,26.522,False
2317,40.872315,-8.617859,27.8,False
2318,40.871419,-8.617754,29.597,False
2319,40.870523,-8.61765,33.134,False
2320,40.869627,-8.617545,32.381,False
2321,40.868731,-8.61744,37.297,False
2322,40.867836,-8.617336,34.614,False
2323,40.86694,-8.617231,30.24,False
2324,40.866044,-8.617127,31.67,False
2325,40.865148,-8.617021,29.953,False
2326,40.864273,-8.616754,28.529,False
2327,40.863435,-8.616324,28.928,False
2328,40.862719,-8.615945,27.942,False
2329,40.863537,-8.616437,24.343,False
2330,40.864396,-8.616763,22.167,False
2331,40.865286,-8.616932,25.033,False
2332,40.866176,-8.617101,29.378,False
2333,40.867066,-8.617271,30.184,False
2334,40.867956,-8.61744,25.489,False
2335,40.868847,-8.617609,18.289,False
2336,40.869737,-8.617779,16.775,False
2337,40.870627,-8.617948,14.154,False
2338,40.871517,-8.618117,13.552,False
2339,40.872407,-8.618287,16.767,False
2340,40.873297,-8.618456,15.593,False
2341,40.874188,-8.618625,13.423,False
2342,40.875078,-8.618795,14.167,False
2343,40.875968,-8.618964,14.777,False
2344,40.876858,-8.619133,17.664,False
2345,40.877748,-8.619303,19.737,False
2346,40.878639,-8.619472,22.443,False
2347,40.879529,-8.619641,23.667,False
2348,40.880419,-8.619811,23.883,False
2349,40.881309,-8.61998,23.781,False
2350,40.882199,-8.620149,25.099,False
2351,40.883089,-8.620319,24.471,False
2352,40.88398,-8.620488,20.701,False
2353,40.88487,-8.620657,19.243,False
2354,40.88576,-8.620827,19.735,False
2355,40.88665,-8.620996,15.292,False
2356,40.88754,-8.621165,10.623,False
2357,40.88843,-8.621335,10.328,False
2358,40.889321,-8.621504,10.184,False
2359,40.890211,-8.621673,11.316,False
2360,40.891101,-8.621843,10.502,False
2361,40.891991,-8.622012,9.514,False
2362,40.892881,-8.622181,9.839,False
2363,40.893771,-8.622351,13.299,False
2364,40.894662,-8.62252,15.016,False
2365,40.895552,-8.622689,18.881,False
2366,40.896442,-8.622859,17.223,False
2367,40.897332,-8.623028,15.768,False
2368,40.898222,-8.623197,10.919,False
2369,40.899112,-8.623367,8.455,False
2370,40.900003,-8.623536,8.165,False
2371,40.900893,-8.623705,7.484,False
2372,40.901783,-8.623875,8.218,False
2373,40.902673,-8.624044,8.217,False
2374,40.903563,-8.624213,8.068,False
2375,40.904453,-8.624383,7.753,False
2376,40.905344,-8.624552,8.32,False
2377,40.906234,-8.624721,8.882,False
2378,40.907124,-8.624891,7.681,False
2379,40.908014,-8.62506,7.653,False
2380,40.908904,-8.625229,7.824,False
2381,40.909795,-8.625399,7.678,False
2382,40.910685,-8.625568,7.078,False
2383,40.911575,-8.625737,7.51,False
2384,40.912465,-8.625907,7.793,False
2385,40.913355,-8.626076,7.632,False
2386,40.914245,-8.626245,7.152,False
2387,40.915136,-8.626415,6.492,False
2388,40.916026,-8.626584,5.926,False
2389,40.916916,-8.626753,5.872,False
2390,40.917806,-8.626922,6.056,False
2391,40.918696,-8.627092,5.769,False
2392,40.919586,-8.627261,4.717,False
2393,40.920477,-8.62743,5.328,False
2394,40.921367,-8.6276,5.588,False
2395,40.922257,-8.627769,6.477,False
2396,40.923147,-8.627938,6.828,False
2397,40.924037,-8.628108,7.634,False
2398,40.924927,-8.628277,7.534,False
2399,40.925818,-8.628446,8.497,False
2400,40.926708,-8.628616,8.99,False
2401,40.927598,-8.628785,7.803,False
2402,40.928488,-8.628954,8.046,False
2403,40.929378,-8.629124,7.703,False
2404,40.930268,-8.629293,7.137,False
2405,40.931159,-8.629462,6.044,False
2406,40.932049,-8.629632,6.047,False
2407,40.932939,-8.629801,6.829,False
2408,40.933829,-8.62997,7.665,False
2409,40.934719,-8.63014,8.091,False
2410,40.935609,-8.630309,8.149,False
2411,40.9365,-8.630478,7.107,False
2412,40.93739,-8.630648,6.891,False
2413,40.93828,-8.630817,7.479,False
2414,40.93917,-8.630986,8.089,False
2415,40.94006,-8.631156,8.288,False
2416,40.94095,-8.631325,8.673,False
2417,40.941841,-8.631494,9.854,False
2418,40.942731,-8.631664,11.178,False
2419,40.943621,-8.631833,12.278,False
2420,40.944511,-8.632002,11.771,False
2421,40.945401,-8.632172,11.802,False
2422,40.946292,-8.632341,11.196,False
2423,40.947182,-8.63251,11.404,False
2424,40.948072,-8.63268,11.138,False
2425,40.948962,-8.632849,11.748,False
2426,40.949852,-8.633018,13.241,False
2427,40.950742,-8.633188,15.596,False
2428,40.951633,-8.633357,15.99,False
2429,40.952523,-8.633526,17.474,False
2430,40.953413,-8.633696,18.254,False
2431,40.954303,-8.633865,18.102,False
2432,40.955193,-8.634034,17.537,False
2433,40.956083,-8.634204,18.841,False
2434,40.956974,-8.634373,19.602,False
2435,40.957864,-8.634542,18.923,False
2436,40.958754,-8.634712,18.57,False
2437,40.959644,-8.634881,17.218,False
2438,40.960534,-8.63505,14.461,False
2439,40.961424,-8.63522,13.363,False
2440,40.962315,-8.635389,11.459,False
2441,40.962333,-8.635453,6.72,False
2442,40.961434,-8.635406,6.45,False
2443,40.962157,-8.63547,6.218,False
2444,40.963055,-8.635536,4.266,False
2445,40.963954,-8.635583,4.326,False
2446,40.964851,-8.635646,5.7,False
2447,40.965746,-8.63577,5.53,False
2448,40.96664,-8.635893,7.631,False
2449,40.967535,-8.636017,5.313,False
2450,40.968429,-8.636141,5.535,False
2451,40.969324,-8.636264,4.112,False
2452,40.970218,-8.636388,4.138,False
2453,40.971113,-8.636512,6.201,False
2454,40.972007,-8.636636,6.533,False
2455,40.972902,-8.636759,6.98,False
2456,40.973796,-8.636883,12.22,False
2457,40.97469,-8.637007,14.841,False
2458,40.975585,-8.63713,15.794,False
2459,40.976479,-8.637254,18.774,False
2460,40.977374,-8.637378,18.991,False
2461,40.978268,-8.637501,19.716,False
2462,40.979163,-8.637625,20.773,False
2463,40.980057,-8.637749,20.895,False
2464,40.980952,-8.637872,19.412,False
2465,40.981846,-8.637996,19.833,False
2466,40.982741,-8.63812,18.606,False
2467,40.983635,-8.638244,19.345,False
2468,40.98453,-8.638367,17.866,False
2469,40.985424,-8.638491,17.498,False
2470,40.986318,-8.638615,15.332,False
2471,40.987213,-8.638738,14.286,False
2472,40.988107,-8.638862,13.059,False
2473,40.989002,-8.638986,11.78,False
2474,40.989896,-8.639109,11.866,False
2475,40.990791,-8.639233,11.838,False
2476,40.991685,-8.639357,13.603,False
2477,40.99258,-8.63948,14.529,False
2478,40.993474,-8.639604,14.6,False
2479,40.994369,-8.639728,14.209,False
2480,40.995263,-8.639852,13.754,False
2481,40.996158,-8.639975,14.247,False
2482,40.997052,-8.640099,14.437,False
2483,40.997946,-8.640223,14.267,False
2484,40.998841,-8.640346,14.11,False
2485,40.999735,-8.64047,14.121,False
2486,41.00063,-8.640594,14.219,False
2487,41.001524,-8.640717,15.702,False
2488,41.002419,-8.640841,17.936,False
2489,41.003313,-8.640965,18.164,False
2490,41.004208,-8.641088,21.847,False
2491,41.005102,-8.641212,19.352,False
2492,41.005997,-8.641336,17.793,False
2493,41.006891,-8.64146,17.943,False
2494,41.007786,-8.641583,18.103,False
2495,41.00868,-8.641707,15.95,False
2496,41.009574,-8.641831,11.783,False
2497,41.010469,-8.641954,9.591,False
2498,41.011363,-8.642078,12.033,False
2499,41.012258,-8.642202,14.357,False
2500,41.013152,-8.642325,16.432,False
2501,41.014047,-8.642449,16.74,False
2502,41.014941,-8.642573,17.158,False
2503,41.015834,-8.642697,16.56,False
2504,41.015009,-8.64317,17.913,False
2505,41.014188,-8.643657,19.968,False
2506,41.013334,-8.644027,19.159,False
2507,41.012451,-8.644246,16.794,False
2508,41.01161,-8.644343,16.243,False
2509,41.012507,-8.644286,17.232,False
2510,41.01339,-8.644063,20.751,False
2511,41.014241,-8.643682,22.014,False
2512,41.015062,-8.643196,21.592,False
2513,41.015807,-8.642735,21.082,False
2514,41.014921,-8.642532,22.793,False
2515,41.014035,-8.64233,24.236,False
2516,41.013149,-8.642127,23.224,False
2517,41.012262,-8.641925,21.273,False
2518,41.011376,-8.641722,20.05,False
2519,41.01049,-8.64152,19.826,False
2520,41.009604,-8.641317,18.297,False
2521,41.008718,-8.641115,17.843,False
2522,41.007831,-8.640912,19.296,False
2523,41.006945,-8.64071,19.311,False
2524,41.006059,-8.640507,19.845,False
2525,41.005173,-8.640305,19.593,False
2526,41.004286,-8.640102,20.183,False
2527,41.0034,-8.6399,21.542,False
2528,41.002514,-8.639697,24.992,False
2529,41.001628,-8.639495,26.023,False
2530,41.000742,-8.639292,22.507,False
2531,40.999855,-8.63909,21.258,False
2532,40.998969,-8.638887,20.767,False
2533,40.998083,-8.638685,20.199,False
2534,40.997197,-8.638482,19.552,False
2535,40.996311,-8.63828,18.586,False
2536,40.995424,-8.638077,16.925,False
2537,40.994538,-8.637874,19.479,False
2538,40.993652,-8.637672,21.704,False
2539,40.992766,-8.637469,21.569,False
2540,40.99188,-8.637267,23.187,False
2541,40.990993,-8.637064,23.033,False
2542,40.990107,-8.636862,22.887,False
2543,40.989221,-8.636659,25.773,False
2544,40.988335,-8.636457,32.412,False
2545,40.987448,-8.636254,30.65,False
2546,40.986562,-8.636052,27.069,False
2547,40.985676,-8.635849,26.532,False
2548,40.98479,-8.635647,22.19,False
2549,40.983904,-8.635444,19.346,False
2550,40.983017,-8.635242,19.084,False
2551,40.982131,-8.635039,18.129,False
2552,40.981245,-8.634837,17.424,False
2553,40.980359,-8.634634,16.701,False
2554,40.979473,-8.634432,16.536,False
2555,40.978586,-8.634229,15.703,False
2556,40.9777,-8.634027,18.877,False
2557,40.976814,-8.633824,22.563,False
2558,40.975928,-8.633622,23.897,False
2559,40.975042,-8.633419,23.931,False
2560,40.974155,-8.633217,23.073,False
2561,40.973269,-8.633014,22.749,False
2562,40.972383,-8.632812,23.115,False
2563,40.971497,-8.632609,22.859,False
2564,40.97061,-8.632406,23.684,False
2565,40.969724,-8.632204,28.891,False
2566,40.968838,-8.632001,31.57,False
2567,40.967952,-8.631799,30.314,False
2568,40.967066,-8.631596,27.832,False
2569,40.966179,-8.631394,38.803,False
2570,40.965293,-8.631191,37.909,False
2571,40.964407,-8.630989,34.219,False
2572,40.963521,-8.630786,34.353,False
2573,40.962635,-8.630584,33.378,False
2574,40.961748,-8.630381,28.442,False
2575,40.960862,-8.630179,29.042,False
2576,40.959976,-8.629976,29.767,False
2577,40.95909,-8.629774,31.131,False
2578,40.958204,-8.629571,34.254,False
2579,40.957317,-8.629369,36.418,False
2580,40.956431,-8.629166,40.791,False
2581,40.955545,-8.628964,37.727,False
2582,40.954659,-8.628761,36.729,False
2583,40.953772,-8.628559,37.965,False
2584,40.952886,-8.628356,36.523,False
2585,40.952,-8.628154,34.851,False
2586,40.951114,-8.627951,38.203,False
2587,40.950228,-8.627749,39.068,False
2588,40.949341,-8.627546,37.689,False
2589,40.948455,-8.627343,37.491,False
2590,40.947569,-8.627141,37.103,False
2591,40.946683,-8.626938,36.588,False
2592,40.945797,-8.626736,37.657,False
2593,40.94491,-8.626533,38.038,False
2594,40.944024,-8.626331,40.276,False
2595,40.943138,-8.626128,42.777,False
2596,40.942252,-8.625926,42.881,False
2597,40.941366,-8.625723,41.894,False
2598,40.940479,-8.625521,41.307,False
2599,40.939593,-8.625318,38.727,False
2600,40.938707,-8.625116,41.546,False
2601,40.937821,-8.624913,44.314,False
2602,40.936934,-8.624711,43.881,False
2603,40.936048,-8.624508,43.885,False
2604,40.935162,-8.624306,42.281,False
2605,40.934276,-8.624103,36.572,False
2606,40.93339,-8.623901,31.598,False
2607,40.932503,-8.623698,29.35,False
2608,40.931617,-8.623496,34.076,False
2609,40.930731,-8.623293,34.514,False
2610,40.929845,-8.623091,37.44,False
2611,40.928959,-8.622888,36.751,False
2612,40.928072,-8.622686,34.304,False
2613,40.927186,-8.622483,31.888,False
2614,40.9263,-8.622281,31.106,False
2615,40.925414,-8.622078,33.762,False
2616,40.924528,-8.621875,36.079,False
2617,40.923641,-8.621673,30.171,False
2618,40.922755,-8.62147,23.784,False
2619,40.921869,-8.621268,23.994,False
2620,40.920983,-8.621065,24.326,False
2621,40.920097,-8.620863,25.439,False
2622,40.91921,-8.62066,26.355,False
2623,40.918324,-8.620458,25.368,False
2624,40.917438,-8.620255,23.888,False
2625,40.916552,-8.620053,21.754,False
2626,40.915665,-8.61985,20.595,False
2627,40.914779,-8.619648,21.776,False
2628,40.913893,-8.619445,23.187,False
2629,40.913007,-8.619243,24.033,False
2630,40.912121,-8.61904,23.923,False
2631,40.911234,-8.618838,23.441,False
2632,40.910348,-8.618635,24.429,False
2633,40.909462,-8.618433,25.92,False
2634,40.908576,-8.61823,24.678,False
2635,40.90769,-8.618028,21.98,False
2636,40.906803,-8.617825,22.18,False
2637,40.905917,-8.617623,20.774,False
2638,40.905031,-8.61742,21.987,False
2639,40.904145,-8.617218,24.0,False
2640,40.903259,-8.617015,24.133,False
2641,40.902372,-8.616812,23.593,False
2642,40.901486,-8.61661,23.929,False
2643,40.9006,-8.616407,20.823,False
2644,40.899714,-8.616205,17.75,False
2645,40.898827,-8.616002,15.499,False
2646,40.897941,-8.6158,15.452,False
2647,40.897055,-8.615597,15.764,False
2648,40.896169,-8.615395,18.525,False
2649,40.895283,-8.615192,17.166,False
2650,40.894396,-8.61499,17.238,False
2651,40.89351,-8.614787,15.482,False
2652,40.892624,-8.614585,16.082,False
2653,40.891738,-8.614382,16.227,False
2654,40.890852,-8.61418,17.157,False
2655,40.889965,-8.613977,18.964,False
2656,40.889079,-8.613775,19.226,False
2657,40.888193,-8.613572,20.168,False
2658,40.887307,-8.61337,20.695,False
2659,40.886421,-8.613167,22.493,False
2660,40.885534,-8.612965,21.395,False
2661,40.884648,-8.612762,21.066,False
2662,40.883762,-8.61256,22.782,False
2663,40.882876,-8.612357,22.61,False
2664,40.881989,-8.612155,22.436,False
2665,40.881103,-8.611952,24.124,False
2666,40.880217,-8.61175,22.283,False
2667,40.879331,-8.611547,22.248,False
2668,40.878445,-8.611344,21.969,False
2669,40.877558,-8.611142,19.503,False
2670,40.876672,-8.610939,16.528,False
2671,40.875786,-8.610737,13.979,False
2672,40.8749,-8.610534,13.707,False
2673,40.874014,-8.610332,16.145,False
2674,40.873127,-8.610129,18.79,False
2675,40.872241,-8.609927,18.376,False
2676,40.871355,-8.609724,17.426,False
2677,40.870469,-8.609522,17.431,False
2678,40.869583,-8.609319,16.067,False
2679,40.868696,-8.609117,14.214,False
2680,40.86781,-8.608914,13.176,False
2681,40.866924,-8.608712,13.836,False
2682,40.866038,-8.608509,14.761,False
2683,40.865151,-8.608307,16.909,False
2684,40.864265,-8.608104,17.379,False
2685,40.863379,-8.607902,16.569,False
2686,40.862493,-8.607699,17.51,False
2687,40.861607,-8.607497,19.371,False
2688,40.86072,-8.607294,20.573,False
2689,40.859834,-8.607092,20.646,False
2690,40.858948,-8.606889,22.851,False
2691,40.858062,-8.606687,26.732,False
2692,40.857176,-8.606484,28.54,False
2693,40.856289,-8.606282,32.521,False
2694,40.855403,-8.606079,34.519,False
2695,40.854517,-8.605876,31.418,False
2696,40.853631,-8.605674,30.351,False
2697,40.852745,-8.605471,30.749,False
2698,40.851858,-8.605269,29.784,False
2699,40.850972,-8.605066,28.193,False
2700,40.850086,-8.604864,29.073,False
2701,40.8492,-8.604661,34.039,False
2702,40.848313,-8.604459,32.615,False
2703,40.847427,-8.604256,29.667,False
2704,40.846541,-8.604054,29.427,False
2705,40.845655,-8.603851,30.069,False
2706,40.844769,-8.603649,29.118,False
2707,40.843882,-8.603446,28.563,False
2708,40.842996,-8.603244,28.082,False
2709,40.842402,-8.603082,29.029,False
2710,40.8433,-8.603127,30.392,False
2711,40.844199,-8.603173,29.476,False
2712,40.845098,-8.603218,29.353,False
2713,40.845996,-8.603263,30.31,False
2714,40.846895,-8.603307,27.661,False
2715,40.847794,-8.603352,26.979,False
2716,40.848693,-8.603397,27.618,False
2717,40.849591,-8.603442,27.311,False
2718,40.850443,-8.603665,26.518,False
2719,40.851171,-8.604363,25.399,False
2720,40.8519,-8.605061,27.426,False
2721,40.852628,-8.605758,28.407,False
2722,40.853356,-8.606456,26.66,False
2723,40.854084,-8.607154,28.085,False
2724,40.854812,-8.607852,28.812,False
2725,40.85554,-8.60855,29.542,False
2726,40.856268,-8.609248,32.082,False
2727,40.856996,-8.609946,31.946,False
2728,40.857724,-8.610644,36.761,False
2729,40.858452,-8.611342,36.798,False
2730,40.859181,-8.61204,31.766,False
2731,40.859909,-8.612738,32.982,False
2732,40.860637,-8.613436,31.02,False
2733,40.861365,-8.614134,29.742,False
2734,40.862093,-8.614831,30.159,False
2735,40.862821,-8.615529,28.63,False
2736,40.863549,-8.616227,24.842,False
2737,40.864319,-8.616816,21.039,False
2738,40.865196,-8.617074,23.554,False
2739,40.866087,-8.61724,27.458,False
2740,40.866977,-8.617412,30.312,False
2741,40.867867,-8.617584,30.704,False
2742,40.868757,-8.617756,21.025,False
2743,40.869646,-8.617928,18.973,False
2744,40.870536,-8.618099,15.211,False
2745,40.871426,-8.618271,13.749,False
2746,40.872316,-8.618443,17.715,False
2747,40.873206,-8.618615,16.556,False
2748,40.874096,-8.618787,13.574,False
2749,40.874986,-8.618959,13.577,False
2750,40.875876,-8.619131,14.113,False
2751,40.876766,-8.619303,16.339,False
2752,40.877655,-8.619474,18.196,False
2753,40.878545,-8.619646,20.481,False
2754,40.879435,-8.619818,24.277,False
2755,40.880325,-8.61999,24.192,False
2756,40.881215,-8.620162,23.124,False
2757,40.882105,-8.620334,23.649,False
2758,40.882995,-8.620506,25.424,False
2759,40.883885,-8.620678,21.536,False
2760,40.884775,-8.620849,19.788,False
2761,40.885665,-8.621021,21.542,False
2762,40.886554,-8.621193,17.047,False
2763,40.887444,-8.621365,10.338,False
2764,40.888334,-8.621537,9.997,False
2765,40.889224,-8.621709,9.681,False
2766,40.890114,-8.621881,10.529,False
2767,40.891004,-8.622052,9.748,False
2768,40.891894,-8.622224,9.032,False
2769,40.892784,-8.622396,9.263,False
2770,40.893674,-8.622568,12.054,False
2771,40.894563,-8.62274,10.242,False
2772,40.895453,-8.622912,15.527,False
2773,40.896343,-8.623084,14.27,False
2774,40.897233,-8.623256,14.001,False
2775,40.898123,-8.623427,10.276,False
2776,40.899013,-8.623599,7.726,False
2777,40.899903,-8.623771,7.603,False
2778,40.900793,-8.623943,6.557,False
2779,40.901683,-8.624115,7.621,False
2780,40.902572,-8.624287,7.305,False
2781,40.903462,-8.624459,6.802,False
2782,40.904352,-8.62463,6.636,False
2783,40.905242,-8.624802,6.786,False
2784,40.906132,-8.624974,7.536,False
2785,40.907022,-8.625146,6.957,False
2786,40.907912,-8.625318,6.859,False
2787,40.908802,-8.62549,7.424,False
2788,40.909692,-8.625662,7.369,False
2789,40.910582,-8.625834,6.935,False
2790,40.911471,-8.626005,5.869,False
2791,40.912361,-8.626177,4.832,False
2792,40.913251,-8.626349,4.62,False
2793,40.914141,-8.626521,5.017,False
2794,40.915031,-8.626693,5.305,False
2795,40.915921,-8.626865,5.416,False
2796,40.916811,-8.627037,3.378,False
2797,40.917701,-8.627209,4.174,False
2798,40.918591,-8.62738,5.043,False
2799,40.91948,-8.627552,5.864,False
2800,40.92037,-8.627724,4.922,False
2801,40.92126,-8.627896,5.044,False
2802,40.92215,-8.628068,4.466,False
2803,40.92304,-8.62824,3.524,False
2804,40.92393,-8.628412,5.027,False
2805,40.92482,-8.628583,6.523,False
2806,40.92571,-8.628755,7.398,False
2807,40.9266,-8.628927,4.996,False
2808,40.927489,-8.629099,3.98,False
2809,40.928379,-8.629271,3.747,False
2810,40.929269,-8.629443,2.917,True
2811,40.930159,-8.629615,3.262,False
2812,40.931049,-8.629787,3.762,False
2813,40.931939,-8.629958,4.949,False
2814,40.932829,-8.63013,4.709,False
2815,40.933719,-8.630302,5.379,False
2816,40.934609,-8.630474,5.533,False
2817,40.935499,-8.630646,5.539,False
2818,40.936388,-8.630818,7.305,False
2819,40.937278,-8.63099,7.388,False
2820,40.938168,-8.631161,7.101,False
2821,40.939058,-8.631333,7.924,False
2822,40.939948,-8.631505,7.92,False
2823,40.940838,-8.631677,8.224,False
2824,40.941728,-8.631849,8.363,False
2825,40.942618,-8.632021,7.999,False
2826,40.943508,-8.632193,7.873,False
2827,40.944397,-8.632365,8.051,False
2828,40.945287,-8.632536,8.414,False
2829,40.946177,-8.632708,8.052,False
2830,40.947067,-8.63288,8.14,False
2831,40.947957,-8.633052,7.912,False
2832,40.948847,-8.633224,7.739,False
2833,40.949737,-8.633396,9.307,False
2834,40.950627,-8.633568,10.408,False
2835,40.951517,-8.63374,12.043,False
2836,40.952406,-8.633911,13.3,False
2837,40.953296,-8.634083,14.094,False
2838,40.954186,-8.634255,12.129,False
2839,40.955076,-8.634427,11.442,False
2840,40.955966,-8.634599,11.017,False
2841,40.956856,-8.634771,10.249,False
2842,40.957746,-8.634943,9.028,False
2843,40.958636,-8.635114,9.154,False
2844,40.959526,-8.635286,10.372,False
2845,40.960419,-8.635401,11.068,False
2846,40.961318,-8.635447,11.528,False
2847,40.962214,-8.635534,12.178,False
2848,40.963103,-8.635714,14.203,False
2849,40.963992,-8.635894,13.422,False
2850,40.964881,-8.636074,12.135,False
2851,40.96577,-8.636253,10.513,False
2852,40.966659,-8.636433,9.424,False
2853,40.967548,-8.636613,7.836,False
2854,40.968437,-8.636793,8.006,False
2855,40.969326,-8.636972,8.154,False
2856,40.970215,-8.637152,8.07,False
2857,40.971104,-8.637332,8.358,False
2858,40.971993,-8.637512,8.038,False
2859,40.972882,-8.637691,7.945,False
2860,40.973771,-8.637871,8.095,False
2861,40.97466,-8.638051,8.506,False
2862,40.975549,-8.638231,8.389,False
2863,40.976438,-8.63841,8.06,False
2864,40.977327,-8.63859,8.062,False
2865,40.978216,-8.63877,7.243,False
2866,40.979105,-8.63895,7.551,False
2867,40.979994,-8.63913,7.436,False
2868,40.980883,-8.639309,5.541,False
2869,40.981772,-8.639489,5.551,False
2870,40.982661,-8.639669,5.6,False
2871,40.98355,-8.639849,5.224,False
2872,40.984439,-8.640028,5.007,False
2873,40.985328,-8.640208,3.448,False
2874,40.986217,-8.640388,3.308,False
2875,40.987106,-8.640568,3.403,False
2876,40.987996,-8.640747,4.29,False
2877,40.988885,-8.640927,4.448,False
2878,40.989774,-8.641107,5.463,False
2879,40.990663,-8.641287,7.592,False
2880,40.991552,-8.641466,6.904,False
2881,40.992441,-8.641646,5.633,False
2882,40.99333,-8.641826,4.41,False
2883,40.994219,-8.642006,4.834,False
2884,40.995108,-8.642185,6.044,False
2885,40.995997,-8.642365,5.978,False
2886,40.996879,-8.642594,6.382,False
2887,40.997761,-8.642826,5.259,False
2888,40.998644,-8.643056,4.824,False
2889,40.999526,-8.643287,3.982,False
2890,41.000408,-8.643517,5.432,False
2891,41.001291,-8.643747,5.844,False
2892,41.002187,-8.643827,5.762,False
2893,41.003085,-8.643889,5.822,False
2894,41.003984,-8.643952,6.661,False
2895,41.004882,-8.644015,7.418,False
2896,41.00578,-8.644077,8.314,False
2897,41.006678,-8.64414,9.138,False
2898,41.007576,-8.644203,9.028,False
2899,41.008474,-8.644265,9.396,False
2900,41.009372,-8.644328,9.809,False
2901,41.010271,-8.644361,10.566,False
2902,41.01117,-8.644349,10.26,False
2903,41.011174,-8.644296,9.721,False
2904,41.010274,-8.644307,9.763,False
2905,41.009376,-8.644275,9.492,False
2906,41.008478,-8.644212,9.71,False
2907,41.00758,-8.644149,9.197,False
2908,41.006682,-8.644087,9.067,False
2909,41.005783,-8.644024,9.516,False
2910,41.004885,-8.643962,12.368,False
2911,41.003987,-8.643899,17.25,False
2912,41.003089,-8.643836,20.932,False
2913,41.002191,-8.643774,22.494,False
2914,41.001295,-8.643693,18.885,False
2915,41.000412,-8.643463,11.947,False
2916,40.99953,-8.643233,10.173,False
2917,40.998648,-8.643003,10.973,False
2918,40.997765,-8.642772,12.096,False
2919,40.996883,-8.64254,12.509,False
2920,40.995999,-8.64232,11.883,False
2921,40.995112,-8.642126,11.617,False
2922,40.994225,-8.641932,11.265,False
2923,40.993337,-8.641738,12.007,False
2924,40.99245,-8.641544,15.257,False
2925,40.991563,-8.64135,18.523,False
2926,40.990676,-8.641156,20.71,False
2927,40.989788,-8.640962,24.466,False
2928,40.988901,-8.640769,26.53,False
2929,40.988014,-8.640575,24.754,False
2930,40.987126,-8.640381,21.745,False
2931,40.986239,-8.640187,22.274,False
2932,40.985352,-8.639993,22.218,False
2933,40.984464,-8.639799,22.618,False
2934,40.983577,-8.639605,23.821,False
2935,40.98269,-8.639411,17.341,False
2936,40.981802,-8.639217,15.182,False
2937,40.980915,-8.639023,14.855,False
2938,40.980028,-8.638829,14.969,False
2939,40.97914,-8.638635,16.545,False
2940,40.978253,-8.638441,15.009,False
2941,40.977366,-8.638248,15.752,False
2942,40.976478,-8.638054,15.416,False
2943,40.975591,-8.63786,15.019,False
2944,40.974704,-8.637666,17.504,False
2945,40.973816,-8.637472,19.598,False
2946,40.972929,-8.637278,20.866,False
2947,40.972042,-8.637084,22.274,False
2948,40.971154,-8.63689,23.285,False
2949,40.970267,-8.636696,25.463,False
2950,40.96938,-8.636502,28.927,False
2951,40.968492,-8.636308,26.24,False
2952,40.967605,-8.636114,24.485,False
2953,40.966718,-8.63592,23.592,False
2954,40.965831,-8.635727,23.544,False
2955,40.964943,-8.635533,24.712,False
2956,40.964056,-8.635339,29.566,False
2957,40.963169,-8.635145,30.65,False
2958,40.962281,-8.634951,26.256,False
2959,40.961394,-8.634757,26.314,False
2960,40.960507,-8.634563,25.48,False
2961,40.959619,-8.634369,25.654,False
2962,40.958732,-8.634175,26.961,False
2963,40.957845,-8.633981,26.334,False
2964,40.956957,-8.633787,27.376,False
2965,40.95607,-8.633593,27.183,False
2966,40.955183,-8.633399,26.481,False
2967,40.954295,-8.633206,27.015,False
2968,40.953408,-8.633012,28.72,False
2969,40.952521,-8.632818,28.761,False
2970,40.951633,-8.632624,29.439,False
2971,40.950746,-8.63243,29.915,False
2972,40.949859,-8.632236,31.226,False
2973,40.948971,-8.632042,30.997,False
2974,40.948084,-8.631848,30.166,False
2975,40.947197,-8.631654,29.728,False
2976,40.946309,-8.63146,28.87,False
2977,40.945422,-8.631266,29.433,False
2978,40.944535,-8.631072,29.724,False
2979,40.943647,-8.630878,31.557,False
2980,40.94276,-8.630685,32.335,False
2981,40.941873,-8.630491,30.986,False
2982,40.940986,-8.630297,30.683,False
2983,40.940119,-8.629992,33.406,False
2984,40.93924,-8.62975,34.425,False
2985,40.938353,-8.62956,28.06,False
2986,40.937465,-8.629369,26.82,False
2987,40.936577,-8.629179,27.97,False
2988,40.935689,-8.628989,28.335,False
2989,40.934802,-8.628799,27.207,False
2990,40.933914,-8.628609,26.758,False
2991,40.933026,-8.628418,30.726,False
2992,40.932138,-8.628228,29.042,False
2993,40.931251,-8.628038,26.16,False
2994,40.930363,-8.627848,24.401,False
2995,40.929475,-8.627658,20.711,False
2996,40.928587,-8.627467,18.824,False
2997,40.927699,-8.627277,19.227,False
2998,40.926812,-8.627087,18.697,False
2999,40.925924,-8.626897,18.421,False
3000,40.925036,-8.626707,17.557,False
3001,40.924148,-8.626517,18.112,False
3002,40.923261,-8.626326,16.895,False
3003,40.922373,-8.626136,14.89,False
3004,40.921485,-8.625946,13.949,False
3005,40.920597,-8.625756,13.175,False
3006,40.91971,-8.625566,14.261,False
3007,40.918822,-8.625375,16.253,False
3008,40.917934,-8.625185,17.452,False
3009,40.917046,-8.624995,17.6,False
3010,40.916159,-8.624805,18.402,False
3011,40.915271,-8.624615,18.542,False
3012,40.914383,-8.624424,15.741,False
3013,40.913493,-8.624251,13.772,False
3014,40.912601,-8.624106,13.982,False
3015,40.911708,-8.62396,16.194,False
3016,40.910816,-8.623814,19.294,False
3017,40.909923,-8.623669,21.641,False
3018,40.909031,-8.623523,22.261,False
3019,40.908138,-8.623382,22.058,False
3020,40.907244,-8.623247,23.69,False
3021,40.906351,-8.623112,22.45,False
3022,40.905457,-8.622978,22.633,False
3023,40.904563,-8.622843,22.788,False
3024,40.90367,-8.622708,21.335,False
3025,40.902776,-8.622573,21.371,False
3026,40.901883,-8.622438,22.567,False
3027,40.900989,-8.622303,20.755,False
3028,40.900096,-8.622169,20.306,False
3029,40.899202,-8.622034,19.123,False
3030,40.898309,-8.621899,18.917,False
3031,40.897415,-8.621764,17.285,False
3032,40.896522,-8.621629,16.27,False
3033,40.895628,-8.621494,16.155,False
3034,40.894735,-8.621359,15.529,False
3035,40.893841,-8.621225,17.008,False
3036,40.892948,-8.62109,17.044,False
3037,40.892054,-8.620955,18.229,False
3038,40.891161,-8.62082,15.852,False
3039,40.890267,-8.620685,15.483,False
3040,40.889374,-8.62055,15.464,False
3041,40.88848,-8.620416,17.464,False
3042,40.887587,-8.620281,20.638,False
3043,40.886693,-8.620146,23.709,False
3044,40.885799,-8.620011,23.512,False
3045,40.884906,-8.619876,23.967,False
3046,40.884012,-8.619741,24.117,False
3047,40.883119,-8.619606,22.245,False
3048,40.882225,-8.619472,20.591,False
3049,40.881332,-8.619337,22.18,False
3050,40.880438,-8.619202,22.007,False
3051,40.879545,-8.619067,24.448,False
3052,40.878651,-8.618932,25.89,False
3053,40.877758,-8.618797,24.543,False
3054,40.876864,-8.618662,23.486,False
3055,40.875971,-8.618528,23.881,False
3056,40.875077,-8.618393,24.06,False
3057,40.874184,-8.618258,23.281,False
3058,40.87329,-8.618123,21.867,False
3059,40.872397,-8.617988,20.641,False
3060,40.871503,-8.617853,21.573,False
3061,40.87061,-8.617719,23.756,False
3062,40.869716,-8.617584,25.308,False
3063,40.868822,-8.617449,26.22,False
3064,40.867926,-8.617352,25.62,False
3065,40.867029,-8.617265,24.304,False
3066,40.866133,-8.617164,24.032,False
3067,40.865247,-8.616972,24.23,False
3068,40.864365,-8.61674,29.496,False
3069,40.863509,-8.616387,35.922,False
3070,40.862768,-8.615721,34.069,False
3071,40.862046,-8.615014,31.111,False
3072,40.861323,-8.614306,31.606,False
3073,40.8606,-8.613599,34.033,False
3074,40.859877,-8.612892,36.303,False
3075,40.859154,-8.612184,37.292,False
3076,40.858431,-8.611477,34.359,False
3077,40.857708,-8.610769,34.466,False
3078,40.856986,-8.610062,29.154,False
3079,40.856263,-8.609355,31.418,False
3080,40.85554,-8.608647,36.214,False
3081,40.854817,-8.60794,41.87,False
3082,40.854094,-8.607232,43.723,False
3083,40.853371,-8.606525,43.787,False
3084,40.852649,-8.605818,44.029,False
3085,40.851926,-8.60511,41.621,False
3086,40.851203,-8.604403,38.291,False
3087,40.85048,-8.603695,40.98,False
3088,40.849648,-8.6034,41.51,False
3089,40.848749,-8.603355,42.236,False
3090,40.84785,-8.603311,42.315,False
3091,40.846952,-8.603266,40.375,False
3092,40.846053,-8.603221,37.722,False
3093,40.845154,-8.603176,37.635,False
3094,40.844256,-8.603131,36.46,False
3095,40.843357,-8.603085,37.015,False
3096,40.842458,-8.60304,37.193,False
3097,40.842942,-8.603188,37.429,False
3098,40.843827,-8.603393,38.492,False
3099,40.844713,-8.603598,38.088,False
3100,40.845599,-8.603803,34.758,False
3101,40.846485,-8.604008,36.54,False
3102,40.847371,-8.604213,37.749,False
3103,40.848257,-8.604419,36.962,False
3104,40.849143,-8.604624,37.58,False
3105,40.850029,-8.604829,41.472,False
3106,40.850915,-8.605034,36.849,False
3107,40.8518,-8.605239,34.597,False
3108,40.852686,-8.605444,31.405,False
3109,40.853572,-8.605649,29.867,False
3110,40.854458,-8.605854,28.992,False
3111,40.855344,-8.606059,28.331,False
3112,40.85623,-8.606264,32.133,False
3113,40.857116,-8.606469,33.926,False
3114,40.858002,-8.606674,34.329,False
3115,40.858887,-8.606879,37.987,False
3116,40.859773,-8.607084,38.104,False
3117,40.860659,-8.607289,27.242,False
3118,40.861545,-8.607494,29.754,False
3119,40.862431,-8.607699,30.237,False
3120,40.863317,-8.607904,28.501,False
3121,40.864203,-8.608109,23.566,False
3122,40.865089,-8.608315,22.578,False
3123,40.865975,-8.60852,22.903,False
3124,40.86686,-8.608725,22.657,False
3125,40.867746,-8.60893,23.049,False
3126,40.868632,-8.609135,23.833,False
3127,40.869518,-8.60934,23.205,False
3128,40.870404,-8.609545,21.85,False
3129,40.87129,-8.60975,18.471,False
3130,40.872176,-8.609955,15.796,False
3131,40.873062,-8.61016,16.412,False
3132,40.873948,-8.610365,16.922,False
3133,40.874833,-8.61057,17.666,False
3134,40.875719,-8.610775,18.326,False
3135,40.876605,-8.61098,18.797,False
3136,40.877491,-8.611185,18.674,False
3137,40.878377,-8.61139,21.091,False
3138,40.879263,-8.611595,25.85,False
3139,40.880149,-8.6118,25.506,False
3140,40.881035,-8.612006,29.492,False
3141,40.88192,-8.612211,31.254,False
3142,40.882806,-8.612416,25.781,False
3143,40.883692,-8.612621,22.912,False
3144,40.884578,-8.612826,22.73,False
3145,40.885464,-8.613031,22.986,False
3146,40.88635,-8.613236,20.952,False
3147,40.887236,-8.613441,20.355,False
3148,40.888122,-8.613646,18.143,False
3149,40.889008,-8.613851,16.046,False
3150,40.889893,-8.614056,17.022,False
3151,40.890779,-8.614261,18.638,False
3152,40.891665,-8.614466,19.681,False
3153,40.892551,-8.614671,20.087,False
3154,40.893437,-8.614876,20.648,False
3155,40.894323,-8.615081,22.005,False
3156,40.895209,-8.615286,27.084,False
3157,40.896095,-8.615491,25.241,False
3158,40.896981,-8.615696,20.642,False
3159,40.897866,-8.615902,19.534,False
3160,40.898752,-8.616107,18.814,False
3161,40.899638,-8.616312,19.301,False
3162,40.900524,-8.616517,19.161,False
3163,40.90141,-8.616722,19.023,False
3164,40.902296,-8.616927,17.546,False
3165,40.903182,-8.617132,17.621,False
3166,40.904068,-8.617337,19.081,False
3167,40.904953,-8.617542,19.017,False
3168,40.905839,-8.617747,20.466,False
3169,40.906725,-8.617952,22.763,False
3170,40.907611,-8.618157,23.164,False
3171,40.908497,-8.618362,21.505,False
3172,40.909383,-8.618567,20.229,False
3173,40.910269,-8.618772,20.528,False
3174,40.911155,-8.618977,20.715,False
3175,40.912041,-8.619182,19.779,False
3176,40.912926,-8.619387,16.442,False
3177,40.913812,-8.619593,15.159,False
3178,40.914698,-8.619798,15.848,False
3179,40.915584,-8.620003,17.696,False
3180,40.91647,-8.620208,17.863,False
3181,40.917356,-8.620413,16.999,False
3182,40.918242,-8.620618,15.657,False
3183,40.919128,-8.620823,16.004,False
3184,40.920014,-8.621028,15.712,False
3185,40.920899,-8.621233,15.639,False
3186,40.921785,-8.621438,14.255,False
3187,40.922671,-8.621643,12.529,False
3188,40.923557,-8.621848,10.118,False
3189,40.924443,-8.622053,10.023,False
3190,40.925329,-8.622258,14.535,False
3191,40.926215,-8.622463,16.72,False
3192,40.927101,-8.622668,17.382,False
3193,40.927986,-8.622873,17.252,False
3194,40.928872,-8.623078,18.391,False
3195,40.929758,-8.623283,20.369,False
3196,40.930644,-8.623489,17.271,False
3197,40.93153,-8.623694,17.615,False
3198,40.932416,-8.623899,15.112,False
3199,40.933302,-8.624104,13.941,False
3200,40.934188,-8.624309,13.28,False
3201,40.935074,-8.624514,13.009,False
3202,40.935959,-8.624719,13.564,False
3203,40.936845,-8.624924,13.54,False
3204,40.937731,-8.625129,13.503,False
3205,40.938617,-8.625334,12.73,False
3206,40.939503,-8.625539,13.154,False
3207,40.940389,-8.625744,13.834,False
3208,40.941275,-8.625949,14.071,False
3209,40.942161,-8.626154,13.289,False
3210,40.943047,-8.626359,12.043,False
3211,40.943932,-8.626564,11.862,False
3212,40.944818,-8.626769,11.564,False
3213,40.945704,-8.626974,12.547,False
3214,40.94659,-8.62718,13.47,False
3215,40.947476,-8.627385,14.269,False
3216,40.948362,-8.62759,17.152,False
3217,40.949248,-8.627795,17.279,False
3218,40.950134,-8.628,18.794,False
3219,40.951019,-8.628205,18.503,False
3220,40.951905,-8.62841,19.465,False
3221,40.952791,-8.628615,18.449,False
3222,40.953677,-8.62882,19.312,False
3223,40.954563,-8.629025,20.016,False
3224,40.955449,-8.62923,19.29,False
3225,40.956335,-8.629435,18.561,False
3226,40.957221,-8.62964,17.483,False
3227,40.958107,-8.629845,14.481,False
3228,40.958992,-8.63005,12.711,False
3229,40.959878,-8.630255,10.661,False
3230,40.960764,-8.63046,6.707,False
3231,40.96165,-8.630665,5.08,False
3232,40.962536,-8.63087,4.465,False
3233,40.963422,-8.631076,3.769,False
3234,40.964308,-8.631281,3.965,False
3235,40.965194,-8.631486,5.866,False
3236,40.96608,-8.631691,5.492,False
3237,40.966965,-8.631896,3.924,False
3238,40.967851,-8.632101,2.841,True
3239,40.968737,-8.632306,2.023,True
3240,40.969623,-8.632511,0.967,True
3241,40.970509,-8.632716,1.513,True
3242,40.971395,-8.632921,1.466,True
3243,40.972281,-8.633126,0.898,True
3244,40.973167,-8.633331,1.335,True
3245,40.974052,-8.633536,2.649,True
3246,40.974938,-8.633741,4.823,False
3247,40.975824,-8.633946,6.039,False
3248,40.97671,-8.634151,8.43,False
3249,40.977596,-8.634356,8.919,False
3250,40.978482,-8.634561,9.154,False
3251,40.979368,-8.634767,10.289,False
3252,40.980254,-8.634972,10.591,False
3253,40.98114,-8.635177,9.631,False
3254,40.982025,-8.635382,9.632,False
3255,40.982911,-8.635587,8.257,False
3256,40.983797,-8.635792,8.664,False
3257,40.984683,-8.635997,9.709,False
3258,40.985569,-8.636202,11.646,False
3259,40.986455,-8.636407,10.938,False
3260,40.987341,-8.636612,10.637,False
3261,40.988227,-8.636817,11.67,False
3262,40.989113,-8.637022,12.979,False
3263,40.989998,-8.637227,13.747,False
3264,40.990884,-8.637432,14.152,False
3265,40.99177,-8.637637,14.156,False
3266,40.992656,-8.637842,14.149,False
3267,40.993542,-8.638047,14.167,False
3268,40.994428,-8.638252,14.024,False
3269,40.995314,-8.638457,14.006,False
3270,40.9962,-8.638663,13.76,False
3271,40.997085,-8.638868,12.638,False
3272,40.997971,-8.639073,11.348,False
3273,40.998857,-8.639278,11.332,False
3274,40.999743,-8.639483,12.915,False
3275,41.000629,-8.639688,12.219,False
3276,41.001515,-8.639893,10.731,False
3277,41.002401,-8.640098,10.191,False
3278,41.003287,-8.640303,11.216,False
3279,41.004173,-8.640508,11.543,False
3280,41.005058,-8.640713,12.848,False
3281,41.005944,-8.640918,13.442,False
3282,41.00683,-8.641123,12.684,False
3283,41.007716,-8.641328,12.86,False
3284,41.008602,-8.641533,11.695,False
3285,41.009488,-8.641738,11.36,False
3286,41.010374,-8.641943,12.157,False
3287,41.01126,-8.642148,12.619,False
3288,41.012145,-8.642354,12.617,False
3289,41.013031,-8.642559,12.783,False
3290,41.013917,-8.642764,11.691,False
3291,41.014803,-8.642969,12.443,False
3292,41.015689,-8.643174,12.571,False
3293,41.016575,-8.643379,10.89,False
3294,41.017461,-8.643584,10.02,False
3295,41.018347,-8.643789,8.412,False
3296,41.019233,-8.643994,6.547,False
3297,41.020118,-8.644199,4.303,False
3298,41.021004,-8.644404,2.736,True
3299,41.02189,-8.644609,3.026,False
3300,41.022776,-8.644814,1.928,True
3301,41.023662,-8.645019,2.101,True
3302,41.024548,-8.645224,2.747,True
3303,41.025434,-8.645429,1.521,True
3304,41.02632,-8.645634,1.123,True
3305,41.027206,-8.645839,1.366,True
3306,41.028091,-8.646044,1.302,True
3307,41.028977,-8.64625,2.527,True
3308,41.029863,-8.646455,4.181,False
3309,41.030749,-8.64666,1.815,True
3310,41.031635,-8.646865,1.688,True
3311,41.032521,-8.64707,4.812,False
3312,41.033407,-8.647275,6.447,False
3313,41.034293,-8.64748,7.802,False
3314,41.035178,-8.647685,10.226,False
3315,41.036064,-8.64789,12.878,False
3316,41.03695,-8.648095,15.119,False
3317,41.037836,-8.6483,15.036,False
3318,41.038722,-8.648505,15.741,False
3319,41.039608,-8.64871,16.941,False
3320,41.040494,-8.648915,15.821,False
3321,41.04138,-8.64912,14.651,False
3322,41.042266,-8.649325,15.17,False
3323,41.043151,-8.64953,13.721,False
3324,41.044037,-8.649735,11.487,False
3325,41.044923,-8.64994,10.457,False
3326,41.045809,-8.650146,9.821,False
3327,41.046695,-8.650351,8.073,False
3328,41.047581,-8.650556,7.924,False
3329,41.048467,-8.650761,8.731,False
3330,41.049353,-8.650966,9.24,False
3331,41.050239,-8.651171,10.192,False
3332,41.051124,-8.651376,10.379,False
3333,41.050871,-8.651258,9.683,False
3334,41.050991,-8.651348,9.031,False
3335,41.050993,-8.651325,8.711,False
3336,41.050126,-8.651007,7.493,False
3337,41.050479,-8.651175,7.819,False
3338,41.049667,-8.650898,7.784,False
3339,41.048796,-8.650602,7.416,False
3340,41.047925,-8.650305,8.008,False
3341,41.047054,-8.650008,7.976,False
3342,41.046183,-8.649711,6.561,False
3343,41.045312,-8.649414,5.84,False
3344,41.044441,-8.649117,6.041,False
3345,41.04357,-8.648821,6.08,False
3346,41.042699,-8.648524,6.394,False
3347,41.041828,-8.648227,4.875,False
3348,41.040957,-8.64793,3.827,False
3349,41.040086,-8.647633,4.521,False
3350,41.039215,-8.647337,4.702,False
3351,41.038343,-8.647043,5.28,False
3352,41.037471,-8.64675,6.526,False
3353,41.036925,-8.64657,7.604,False
3354,41.037792,-8.646885,7.862,False
3355,41.03866,-8.647196,8.173,False
3356,41.039294,-8.647409,9.25,False
3357,41.038423,-8.647116,9.175,False
3358,41.037551,-8.646824,8.883,False
3359,41.037985,-8.646969,9.05,False
3360,41.038195,-8.647109,8.868,False
3361,41.0373,-8.646991,8.534,False
3362,41.036405,-8.646874,7.596,False
3363,41.03551,-8.646757,7.152,False
3364,41.034615,-8.646639,6.006,False
3365,41.03372,-8.646522,6.132,False
3366,41.032825,-8.646405,5.208,False
3367,41.03193,-8.646287,5.286,False
3368,41.031035,-8.64617,6.037,False
3369,41.03014,-8.646053,6.203,False
3370,41.029245,-8.645935,5.843,False
3371,41.02835,-8.645818,6.193,False
3372,41.027455,-8.645701,6.705,False
3373,41.02656,-8.645583,7.361,False
3374,41.025665,-8.645466,7.817,False
3375,41.02477,-8.645349,7.861,False
3376,41.023876,-8.645232,7.755,False
3377,41.022981,-8.645114,7.376,False
3378,41.022086,-8.644997,6.942,False
3379,41.021191,-8.64488,6.774,False
3380,41.020296,-8.644762,6.936,False
3381,41.019401,-8.644645,7.292,False
3382,41.018506,-8.644528,7.67,False
3383,41.017611,-8.64441,7.783,False
3384,41.016716,-8.644293,7.379,False
3385,41.015821,-8.644176,7.739,False
3386,41.014926,-8.644058,7.325,False
3387,41.014031,-8.643941,6.793,False
3388,41.013136,-8.643824,7.556,False
3389,41.012241,-8.643706,7.665,False
3390,41.011346,-8.643589,6.757,False
3391,41.010451,-8.643472,7.449,False
3392,41.009556,-8.643355,7.659,False
3393,41.008661,-8.643237,7.966,False
3394,41.007766,-8.64312,8.073,False
3395,41.006871,-8.643003,7.493,False
3396,41.005976,-8.642885,8.587,False
3397,41.005081,-8.642768,9.363,False
3398,41.004187,-8.642651,13.871,False
3399,41.003292,-8.642533,17.837,False
3400,41.002397,-8.642416,20.271,False
3401,41.001502,-8.642299,21.332,False
3402,41.000607,-8.642181,11.65,False
3403,40.999712,-8.642064,12.452,False
3404,40.998817,-8.641947,9.965,False
3405,40.997922,-8.641829,11.407,False
3406,40.997027,-8.641712,12.096,False
3407,40.996132,-8.641595,12.501,False
3408,40.995237,-8.641477,11.136,False
3409,40.994342,-8.64136,11.362,False
3410,40.993447,-8.641243,11.206,False
3411,40.992552,-8.641126,11.206,False
3412,40.991657,-8.641008,12.159,False
3413,40.99077,-8.640825,11.255,False
3414,40.990774,-8.640873,12.974,False
3415,40.991196,-8.640973,16.102,False
3416,40.990319,-8.640707,19.141,False
3417,40.990246,-8.640735,21.261,False
3418,40.989365,-8.640501,25.339,False
3419,40.988483,-8.640267,26.245,False
3420,40.987601,-8.640033,23.449,False
3421,40.986719,-8.639799,21.014,False
3422,40.985837,-8.639565,21.84,False
3423,40.984956,-8.639331,21.517,False
3424,40.984074,-8.639097,22.537,False
3425,40.983192,-8.638863,20.957,False
3426,40.98231,-8.638629,16.352,False
3427,40.981428,-8.638395,16.336,False
3428,40.980547,-8.638161,17.236,False
3429,40.979665,-8.637927,15.391,False
3430,40.978783,-8.637693,14.958,False
3431,40.977901,-8.637459,14.692,False
3432,40.977019,-8.637225,15.91,False
3433,40.976137,-8.636993,14.488,False
3434,40.976105,-8.637033,15.659,False
3435,40.975632,-8.636863,15.384,False
3436,40.975174,-8.636789,14.612,False
3437,40.975326,-8.636884,16.196,False
3438,40.97443,-8.636778,14.593,False
3439,40.973534,-8.636673,16.088,False
3440,40.972639,-8.636567,16.037,False
3441,40.971743,-8.636461,16.01,False
3442,40.970847,-8.636355,17.409,False
3443,40.969951,-8.636249,19.444,False
3444,40.969055,-8.636143,20.666,False
3445,40.96816,-8.636037,20.909,False
3446,40.967264,-8.635932,22.465,False
3447,40.966368,-8.635826,25.343,False
3448,40.965472,-8.63572,28.817,False
3449,40.964577,-8.635614,26.228,False
3450,40.96368,-8.635522,24.495,False
3451,40.962782,-8.635476,23.627,False
3452,40.963658,-8.635543,23.446,False
3453,40.964556,-8.635611,24.624,False
3454,40.965454,-8.63566,29.459,False
3455,40.966353,-8.6357,30.823,False
3456,40.965621,-8.635662,26.242,False
3457,40.964722,-8.635617,26.0,False
3458,40.963824,-8.635573,25.473,False
3459,40.962925,-8.635528,25.656,False
3460,40.962026,-8.635483,27.315,False
3461,40.962756,-8.635521,26.689,False
3462,40.961885,-8.635447,27.53,False
3463,40.960987,-8.635383,27.569,False
3464,40.960089,-8.635337,26.263,False
3465,40.959204,-8.635131,27.008,False
3466,40.958322,-8.634902,29.523,False
3467,40.957439,-8.634673,28.739,False
3468,40.956557,-8.634444,29.507,False
3469,40.955674,-8.634215,30.209,False
3470,40.954792,-8.633986,31.444,False
3471,40.953909,-8.633757,31.378,False
3472,40.953027,-8.633528,30.101,False
3473,40.952144,-8.633299,28.959,False
3474,40.951262,-8.63307,28.841,False
3475,40.950379,-8.632841,30.102,False
3476,40.949496,-8.632611,30.199,False
3477,40.948614,-8.632382,32.343,False
3478,40.947731,-8.632153,32.957,False
3479,40.946849,-8.631924,31.513,False
3480,40.945966,-8.631695,31.498,False
3481,40.945084,-8.631466,33.487,False
3482,40.944201,-8.631237,34.612,False
3483,40.943319,-8.631008,28.71,False
3484,40.942436,-8.630779,27.179,False
3485,40.941554,-8.63055,27.309,False
3486,40.940687,-8.630238,27.48,False
3487,40.94093,-8.630393,26.477,False
3488,40.940075,-8.630022,25.121,False
3489,40.940516,-8.630214,25.785,False
3490,40.939897,-8.630064,26.004,False
3491,40.939016,-8.629822,24.579,False
3492,40.938136,-8.629579,22.617,False
3493,40.937255,-8.629337,20.067,False
3494,40.936375,-8.629095,19.003,False
3495,40.935494,-8.628853,19.518,False
3496,40.934614,-8.62861,20.387,False
3497,40.933733,-8.628368,20.006,False
3498,40.932853,-8.628126,19.979,False
3499,40.931972,-8.627884,19.07,False
3500,40.931092,-8.627641,17.445,False
3501,40.930211,-8.627399,15.591,False
3502,40.929331,-8.627157,13.895,False
3503,40.92845,-8.626915,13.591,False
3504,40.92757,-8.626672,17.369,False
3505,40.926689,-8.62643,17.968,False
3506,40.925799,-8.62626,18.1,False
3507,40.924907,-8.626111,17.25,False
3508,40.924329,-8.626025,18.567,False
3509,40.925219,-8.626194,18.82,False
3510,40.92611,-8.626356,17.391,False
3511,40.925937,-8.626328,17.626,False
3512,40.925044,-8.626183,17.778,False
3513,40.92419,-8.626043,16.601,False
3514,40.925083,-8.626189,13.135,False
3515,40.924245,-8.626047,13.538,False
3516,40.923353,-8.625896,15.063,False
3517,40.922461,-8.625745,16.772,False
3518,40.921569,-8.625594,18.668,False
3519,40.920677,-8.625443,19.414,False
3520,40.919785,-8.625292,19.334,False
3521,40.918893,-8.625141,19.719,False
3522,40.918001,-8.62499,19.019,False
3523,40.917109,-8.624839,18.649,False
3524,40.916217,-8.624688,19.855,False
3525,40.915325,-8.624537,22.023,False
3526,40.914433,-8.624386,24.534,False
3527,40.913541,-8.624235,26.371,False
3528,40.912649,-8.624084,27.48,False
3529,40.911756,-8.623933,25.046,False
3530,40.910864,-8.623782,26.082,False
3531,40.909972,-8.623631,27.465,False
3532,40.90908,-8.62348,27.498,False
3533,40.908188,-8.623329,26.914,False
3534,40.907296,-8.623178,27.902,False
3535,40.906404,-8.623027,33.545,False
3536,40.905512,-8.622876,33.775,False
3537,40.90462,-8.622726,31.044,False
3538,40.903728,-8.622575,31.122,False
3539,40.902836,-8.622424,32.523,False
3540,40.901944,-8.622273,32.392,False
3541,40.901052,-8.622122,30.278,False
3542,40.90016,-8.621971,29.686,False
3543,40.899268,-8.62182,29.114,False
3544,40.898376,-8.621669,29.008,False
3545,40.897484,-8.621518,30.028,False
3546,40.896592,-8.621367,31.047,False
3547,40.8957,-8.621216,31.344,False
3548,40.894808,-8.621065,30.231,False
3549,40.893915,-8.620914,29.664,False
3550,40.893023,-8.620763,28.718,False
3551,40.892131,-8.620612,29.023,False
3552,40.891239,-8.620461,27.54,False
3553,40.890347,-8.62031,26.063,False
3554,40.889455,-8.620159,27.029,False
3555,40.888563,-8.620008,27.833,False
3556,40.887671,-8.619857,26.355,False
3557,40.886779,-8.619706,26.9,False
3558,40.885887,-8.619555,25.818,False
3559,40.884995,-8.619404,25.431,False
3560,40.884103,-8.619253,26.486,False
3561,40.883211,-8.619102,26.194,False
3562,40.882319,-8.618951,30.463,False
3563,40.881427,-8.6188,30.065,False
3564,40.880535,-8.618649,24.926,False
3565,40.879643,-8.618498,23.693,False
3566,40.878751,-8.618347,23.496,False
3567,40.877859,-8.618196,24.366,False
3568,40.876967,-8.618045,25.678,False
3569,40.876074,-8.617894,28.727,False
3570,40.875182,-8.617743,26.265,False
3571,40.87429,-8.617592,22.752,False
3572,40.873398,-8.617441,21.558,False
3573,40.872506,-8.61729,20.765,False
3574,40.871614,-8.617139,19.637,False
3575,40.870722,-8.616988,17.773,False
3576,40.86983,-8.616837,16.163,False
3577,40.868938,-8.616686,15.902,False
3578,40.868046,-8.616535,16.365,False
3579,40.867154,-8.616384,14.745,False
3580,40.866262,-8.616233,15.407,False
3581,40.86537,-8.616082,15.111,False
3582,40.864478,-8.615931,16.506,False
3583,40.863586,-8.61578,15.914,False
3584,40.862694,-8.615629,16.388,False
3585,40.862519,-8.615801,21.484,False
3586,40.863393,-8.616024,22.276,False
3587,40.864286,-8.616172,21.462,False
3588,40.865178,-8.616319,21.562,False
3589,40.866071,-8.616466,20.422,False
3590,40.866963,-8.616613,22.681,False
3591,40.867855,-8.61676,25.508,False
3592,40.868748,-8.616907,24.15,False
3593,40.86964,-8.617054,21.326,False
3594,40.870533,-8.617201,19.142,False
3595,40.871425,-8.617348,15.898,False
3596,40.872318,-8.617495,12.807,False
3597,40.87321,-8.617642,11.485,False
3598,40.874102,-8.617789,12.642,False
3599,40.874995,-8.617936,13.08,False
3600,40.875887,-8.618083,13.041,False
3601,40.87678,-8.61823,12.164,False
3602,40.877672,-8.618378,11.44,False
3603,40.878565,-8.618525,10.196,False
3604,40.879457,-8.618672,11.0,False
3605,40.880349,-8.618819,18.714,False
3606,40.881242,-8.618966,23.152,False
3607,40.882134,-8.619113,21.855,False
3608,40.883027,-8.61926,16.972,False
3609,40.883919,-8.619407,12.863,False
3610,40.884811,-8.619554,9.977,False
3611,40.885704,-8.619701,9.151,False
3612,40.886596,-8.619848,9.546,False
3613,40.887489,-8.619995,10.428,False
3614,40.888381,-8.620142,10.184,False
3615,40.889274,-8.620289,10.558,False
3616,40.890166,-8.620437,10.897,False
3617,40.891058,-8.620584,11.273,False
3618,40.891951,-8.620731,11.479,False
3619,40.892843,-8.620878,11.017,False
3620,40.893736,-8.621025,10.683,False
3621,40.894628,-8.621172,10.008,False
3622,40.895521,-8.621319,10.068,False
3623,40.896413,-8.621466,9.179,False
3624,40.897305,-8.621613,8.151,False
3625,40.898198,-8.62176,7.853,False
3626,40.89909,-8.621907,6.852,False
3627,40.899983,-8.622054,7.093,False
3628,40.900875,-8.622201,7.381,False
3629,40.901768,-8.622348,7.77,False
3630,40.90266,-8.622495,7.11,False
3631,40.903552,-8.622643,6.343,False
3632,40.904445,-8.62279,5.764,False
3633,40.905337,-8.622937,5.745,False
3634,40.90623,-8.623084,5.92,False
3635,40.907122,-8.623231,5.743,False
3636,40.908014,-8.623378,4.489,False
3637,40.908907,-8.623525,5.014,False
3638,40.909799,-8.623672,5.517,False
3639,40.910692,-8.623819,6.297,False
3640,40.911584,-8.623966,6.726,False
3641,40.912477,-8.624113,7.162,False
3642,40.913369,-8.62426,6.652,False
3643,40.914261,-8.624407,7.532,False
3644,40.915154,-8.624554,8.209,False
3645,40.916046,-8.624702,7.683,False
3646,40.916939,-8.624849,7.932,False
3647,40.917831,-8.624996,7.762,False
3648,40.918724,-8.625143,7.812,False
3649,40.919616,-8.62529,8.371,False
3650,40.920508,-8.625437,8.682,False
3651,40.921401,-8.625584,7.957,False
3652,40.922293,-8.625731,7.982,False
3653,40.923186,-8.625878,7.155,False
3654,40.924078,-8.626024,7.114,False
3655,40.924965,-8.62622,5.822,False
3656,40.925852,-8.626421,6.433,False
3657,40.926738,-8.626623,5.467,False
3658,40.927624,-8.626824,6.195,False
3659,40.928511,-8.627025,6.462,False
3660,40.929397,-8.627226,7.064,False
3661,40.930283,-8.627428,6.981,False
3662,40.93117,-8.627629,8.883,False
3663,40.932056,-8.62783,8.925,False
3664,40.932943,-8.628031,9.218,False
3665,40.933829,-8.628232,10.309,False
3666,40.934715,-8.628434,10.518,False
3667,40.935602,-8.628635,10.745,False
3668,40.936488,-8.628836,11.199,False
3669,40.937375,-8.629037,11.513,False
3670,40.938261,-8.629239,11.48,False
3671,40.939147,-8.62944,10.846,False
3672,40.940034,-8.629641,10.518,False
3673,40.94092,-8.629842,9.931,False
3674,40.941806,-8.630043,10.071,False
3675,40.942693,-8.630245,9.831,False
3676,40.943579,-8.630446,9.076,False
3677,40.944466,-8.630647,9.333,False
3678,40.945352,-8.630848,11.076,False
3679,40.946238,-8.63105,15.745,False
3680,40.947125,-8.631251,19.978,False
3681,40.948011,-8.631452,22.418,False
3682,40.948898,-8.631653,21.273,False
3683,40.949784,-8.631854,10.748,False
3684,40.95067,-8.632056,10.959,False
3685,40.951557,-8.632257,10.36,False
3686,40.952443,-8.632458,11.968,False
3687,40.953329,-8.632659,12.202,False
3688,40.954216,-8.632861,12.152,False
3689,40.955102,-8.633062,11.102,False
3690,40.955989,-8.633263,11.284,False
3691,40.956875,-8.633464,11.289,False
3692,40.957761,-8.633665,15.383,False
3693,40.958648,-8.633867,17.775,False
3694,40.959534,-8.634068,19.784,False
3695,40.960421,-8.634269,22.661,False
3696,40.961307,-8.63447,26.326,False
3697,40.962193,-8.634672,25.806,False
3698,40.96308,-8.634873,23.767,False
3699,40.963966,-8.635074,22.296,False
3700,40.964852,-8.635275,24.023,False
3701,40.965739,-8.635476,22.387,False
3702,40.966561,-8.635669,23.105,False
3703,40.965663,-8.635623,19.099,False
3704,40.964764,-8.635577,14.982,False
3705,40.963911,-8.635536,13.895,False
3706,40.964804,-8.635672,14.216,False
3707,40.965698,-8.635807,16.851,False
3708,40.966591,-8.635943,15.139,False
3709,40.967485,-8.636078,13.935,False
3710,40.968378,-8.636214,15.341,False
3711,40.969272,-8.63635,15.829,False
3712,40.970165,-8.636485,17.65,False
3713,40.971059,-8.636621,22.111,False
3714,40.971952,-8.636756,29.745,False
3715,40.972846,-8.636892,26.604,False
3716,40.973739,-8.637028,25.201,False
3717,40.974633,-8.637163,23.453,False
3718,40.975526,-8.637299,28.466,False
3719,40.97642,-8.637434,27.942,False
3720,40.977313,-8.63757,26.729,False
3721,40.978207,-8.637705,27.083,False
3722,40.9791,-8.637841,29.601,False
3723,40.979516,-8.637878,27.634,False
3724,40.978633,-8.637654,32.085,False
3725,40.977743,-8.637486,36.318,False
3726,40.976852,-8.637317,32.505,False
3727,40.975962,-8.637149,33.276,False
3728,40.975072,-8.636981,29.135,False
3729,40.974181,-8.636813,26.013,False
3730,40.973291,-8.636645,25.596,False
3731,40.972401,-8.636477,25.123,False
3732,40.97151,-8.636308,25.486,False
3733,40.97062,-8.63614,27.31,False
3734,40.96973,-8.635972,26.178,False
3735,40.968839,-8.635804,26.117,False
3736,40.967949,-8.635636,27.179,False
3737,40.967059,-8.635468,29.035,False
3738,40.966168,-8.6353,28.826,False
3739,40.965278,-8.635131,28.311,False
3740,40.964388,-8.634963,31.035,False
3741,40.963498,-8.634795,30.342,False
3742,40.962607,-8.634627,29.476,False
3743,40.961717,-8.634459,30.755,False
3744,40.960827,-8.634291,29.554,False
3745,40.959936,-8.634122,28.531,False
3746,40.959046,-8.633954,27.881,False
3747,40.958156,-8.633786,29.496,False
3748,40.957265,-8.633618,30.313,False
3749,40.956375,-8.63345,30.297,False
3750,40.955485,-8.633282,30.009,False
3751,40.954594,-8.633113,32.514,False
3752,40.953704,-8.632945,34.893,False
3753,40.952814,-8.632777,30.257,False
3754,40.951923,-8.632609,27.774,False
3755,40.951033,-8.632441,28.62,False
3756,40.950143,-8.632273,29.855,False
3757,40.949253,-8.632104,29.319,False
3758,40.948362,-8.631936,29.749,False
3759,40.947472,-8.631768,33.697,False
3760,40.946582,-8.6316,32.615,False
3761,40.945691,-8.631432,28.604,False
3762,40.944801,-8.631264,27.003,False
3763,40.943911,-8.631096,22.5,False
3764,40.94302,-8.630927,20.267,False
3765,40.94213,-8.630759,20.073,False
3766,40.941258,-8.630485,19.678,False
3767,40.94037,-8.63031,17.933,False
3768,40.939478,-8.630153,16.919,False
3769,40.938587,-8.629995,17.38,False
3770,40.937696,-8.629837,17.55,False
3771,40.936804,-8.62968,15.211,False
3772,40.935913,-8.629522,14.102,False
3773,40.935021,-8.629364,13.515,False
3774,40.93413,-8.629207,13.318,False
3775,40.933239,-8.629049,15.727,False
3776,40.932347,-8.628891,17.414,False
3777,40.931456,-8.628734,17.417,False
3778,40.930565,-8.628576,18.191,False
