idx,lat,lon,elev_m,below_threshold,flood_zone
0,38.961348,-8.986396,28.442,False,Vila Franca de Xira approach (events: 2026)
1,38.96117,-8.986573,29.207,False,Vila Franca de Xira approach (events: 2026)
2,38.960996,-8.986754,29.863,False,Vila Franca de Xira approach (events: 2026)
3,38.960828,-8.986947,30.487,False,Vila Franca de Xira approach (events: 2026)
4,38.960661,-8.987141,31.09,False,Vila Franca de Xira approach (events: 2026)
5,38.960494,-8.987334,31.004,False,Vila Franca de Xira approach (events: 2026)
6,38.960327,-8.987527,30.558,False,Vila Franca de Xira approach (events: 2026)
7,38.96016,-8.987721,30.772,False,Vila Franca de Xira approach (events: 2026)
8,38.960006,-8.987931,31.115,False,Vila Franca de Xira approach (events: 2026)
9,38.959853,-8.988143,31.929,False,Vila Franca de Xira approach (events: 2026)
10,38.9597,-8.988356,33.539,False,Vila Franca de Xira approach (events: 2026)
11,38.959699,-8.988356,33.543,False,Vila Franca de Xira approach (events: 2026)
12,38.959852,-8.988143,31.925,False,Vila Franca de Xira approach (events: 2026)
13,38.960004,-8.98793,31.1,False,Vila Franca de Xira approach (events: 2026)
14,38.960156,-8.987717,30.736,False,Vila Franca de Xira approach (events: 2026)
15,38.960308,-8.987505,30.276,False,Vila Franca de Xira approach (events: 2026)
16,38.96046,-8.987292,30.169,False,Vila Franca de Xira approach (events: 2026)
17,38.960612,-8.987079,29.541,False,Vila Franca de Xira approach (events: 2026)
18,38.960764,-8.986866,28.285,False,Vila Franca de Xira approach (events: 2026)
19,38.960917,-8.986653,27.28,False,Vila Franca de Xira approach (events: 2026)
20,38.961087,-8.986465,26.506,False,Vila Franca de Xira approach (events: 2026)
21,38.961263,-8.986285,26.129,False,Vila Franca de Xira approach (events: 2026)
22,38.961449,-8.986124,24.998,False,Vila Franca de Xira approach (events: 2026)
23,38.961638,-8.985966,23.141,False,Vila Franca de Xira approach (events: 2026)
24,38.961826,-8.985809,20.952,False,Vila Franca de Xira approach (events: 2026)
25,38.962017,-8.985656,18.064,False,Vila Franca de Xira approach (events: 2026)
26,38.962219,-8.985528,15.704,False,Vila Franca de Xira approach (events: 2026)
27,38.96242,-8.9854,13.983,False,Vila Franca de Xira approach (events: 2026)
28,38.962622,-8.985272,13.185,False,Vila Franca de Xira approach (events: 2026)
29,38.962823,-8.985144,12.361,False,Vila Franca de Xira approach (events: 2026)
30,38.963031,-8.985033,11.655,False,Vila Franca de Xira approach (events: 2026)
31,38.963241,-8.984933,10.988,False,Vila Franca de Xira approach (events: 2026)
32,38.963452,-8.984833,9.875,False,Vila Franca de Xira approach (events: 2026)
33,38.963663,-8.984733,8.98,False,Vila Franca de Xira approach (events: 2026)
34,38.96388,-8.984656,8.271,False,Vila Franca de Xira approach (events: 2026)
35,38.964098,-8.984587,7.984,False,Vila Franca de Xira approach (events: 2026)
36,38.964316,-8.984518,7.967,False,Vila Franca de Xira approach (events: 2026)
37,38.964536,-8.984454,7.831,False,Vila Franca de Xira approach (events: 2026)
38,38.964755,-8.98439,7.922,False,Vila Franca de Xira approach (events: 2026)
39,38.964974,-8.984326,7.916,False,Vila Franca de Xira approach (events: 2026)
40,38.965193,-8.984262,8.142,False,Vila Franca de Xira approach (events: 2026)
41,38.965413,-8.984198,8.341,False,Vila Franca de Xira approach (events: 2026)
42,38.965632,-8.984134,8.569,False,Vila Franca de Xira approach (events: 2026)
43,38.965851,-8.98407,8.743,False,Vila Franca de Xira approach (events: 2026)
44,38.96607,-8.984006,8.879,False,Vila Franca de Xira approach (events: 2026)
45,38.96629,-8.983942,9.171,False,Vila Franca de Xira approach (events: 2026)
46,38.966509,-8.983878,9.453,False,Vila Franca de Xira approach (events: 2026)
47,38.966728,-8.983814,9.886,False,Vila Franca de Xira approach (events: 2026)
48,38.966948,-8.98375,10.3,False,Vila Franca de Xira approach (events: 2026)
49,38.967167,-8.983686,10.717,False,Vila Franca de Xira approach (events: 2026)
50,38.967386,-8.983622,10.996,False,Vila Franca de Xira approach (events: 2026)
51,38.967605,-8.983558,11.026,False,Vila Franca de Xira approach (events: 2026)
52,38.967825,-8.983494,10.997,False,Vila Franca de Xira approach (events: 2026)
53,38.968044,-8.98343,10.914,False,Vila Franca de Xira approach (events: 2026)
54,38.968263,-8.983366,10.919,False,Vila Franca de Xira approach (events: 2026)
55,38.968482,-8.983302,10.945,False,Vila Franca de Xira approach (events: 2026)
56,38.968702,-8.983238,11.363,False,Vila Franca de Xira approach (events: 2026)
57,38.968921,-8.983174,11.781,False,Vila Franca de Xira approach (events: 2026)
58,38.968973,-8.983186,12.046,False,Vila Franca de Xira approach (events: 2026)
59,38.968771,-8.983312,11.984,False,Vila Franca de Xira approach (events: 2026)
60,38.968569,-8.983439,12.083,False,Vila Franca de Xira approach (events: 2026)
61,38.968367,-8.983566,12.393,False,Vila Franca de Xira approach (events: 2026)
62,38.96816,-8.983679,12.636,False,Vila Franca de Xira approach (events: 2026)
63,38.967951,-8.983785,12.581,False,Vila Franca de Xira approach (events: 2026)
64,38.96774,-8.983886,12.243,False,Vila Franca de Xira approach (events: 2026)
65,38.967527,-8.983977,11.659,False,Vila Franca de Xira approach (events: 2026)
66,38.967314,-8.984069,11.121,False,Vila Franca de Xira approach (events: 2026)
67,38.967094,-8.984129,10.658,False,Vila Franca de Xira approach (events: 2026)
68,38.966874,-8.98419,10.341,False,Vila Franca de Xira approach (events: 2026)
69,38.966653,-8.984243,10.089,False,Vila Franca de Xira approach (events: 2026)
70,38.966432,-8.984292,10.03,False,Vila Franca de Xira approach (events: 2026)
71,38.96621,-8.984339,9.974,False,Vila Franca de Xira approach (events: 2026)
72,38.965987,-8.984381,9.971,False,Vila Franca de Xira approach (events: 2026)
73,38.965765,-8.984422,9.933,False,Vila Franca de Xira approach (events: 2026)
74,38.965542,-8.984464,9.791,False,Vila Franca de Xira approach (events: 2026)
75,38.96532,-8.984506,9.837,False,Vila Franca de Xira approach (events: 2026)
76,38.965097,-8.984548,9.672,False,Vila Franca de Xira approach (events: 2026)
77,38.964875,-8.984589,9.414,False,Vila Franca de Xira approach (events: 2026)
78,38.964796,-8.984585,9.232,False,Vila Franca de Xira approach (events: 2026)
79,38.965008,-8.984487,9.051,False,Vila Franca de Xira approach (events: 2026)
80,38.965219,-8.98439,8.783,False,Vila Franca de Xira approach (events: 2026)
81,38.965431,-8.984292,8.795,False,Vila Franca de Xira approach (events: 2026)
82,38.965643,-8.984195,8.733,False,Vila Franca de Xira approach (events: 2026)
83,38.965854,-8.984097,8.821,False,Vila Franca de Xira approach (events: 2026)
84,38.966066,-8.984,8.868,False,Vila Franca de Xira approach (events: 2026)
85,38.966277,-8.983902,9.121,False,Vila Franca de Xira approach (events: 2026)
86,38.966489,-8.983804,9.445,False,Vila Franca de Xira approach (events: 2026)
87,38.966701,-8.983707,9.866,False,Vila Franca de Xira approach (events: 2026)
88,38.966912,-8.983609,10.288,False,Vila Franca de Xira approach (events: 2026)
89,38.967124,-8.983512,10.699,False,Vila Franca de Xira approach (events: 2026)
90,38.967336,-8.983414,10.882,False,Vila Franca de Xira approach (events: 2026)
91,38.967547,-8.983317,10.781,False,Vila Franca de Xira approach (events: 2026)
92,38.967759,-8.983219,10.477,False,Vila Franca de Xira approach (events: 2026)
93,38.967971,-8.983121,9.979,False,Vila Franca de Xira approach (events: 2026)
94,38.968182,-8.983024,9.771,False,Vila Franca de Xira approach (events: 2026)
95,38.968394,-8.982926,9.839,False,Vila Franca de Xira approach (events: 2026)
96,38.968606,-8.982829,10.141,False,Vila Franca de Xira approach (events: 2026)
97,38.968817,-8.982731,10.312,False,Vila Franca de Xira approach (events: 2026)
98,38.969029,-8.982634,10.398,False,Vila Franca de Xira approach (events: 2026)
99,38.969241,-8.982536,10.36,False,Vila Franca de Xira approach (events: 2026)
100,38.969452,-8.982438,10.314,False,Vila Franca de Xira approach (events: 2026)
101,38.969664,-8.982341,10.249,False,Vila Franca de Xira approach (events: 2026)
102,38.969875,-8.982243,10.081,False,Vila Franca de Xira approach (events: 2026)
103,38.970087,-8.982146,9.774,False,Vila Franca de Xira approach (events: 2026)
104,38.970269,-8.98207,9.45,False,Vila Franca de Xira approach (events: 2026)
105,38.970092,-8.982249,10.133,False,Vila Franca de Xira approach (events: 2026)
106,38.969913,-8.982424,10.866,False,Vila Franca de Xira approach (events: 2026)
107,38.969726,-8.982584,11.302,False,Vila Franca de Xira approach (events: 2026)
108,38.969538,-8.982743,11.503,False,Vila Franca de Xira approach (events: 2026)
109,38.96946,-8.982806,11.601,False,Vila Franca de Xira approach (events: 2026)
110,38.969643,-8.982637,11.235,False,Vila Franca de Xira approach (events: 2026)
111,38.969825,-8.982468,10.929,False,Vila Franca de Xira approach (events: 2026)
112,38.970008,-8.982299,10.387,False,Vila Franca de Xira approach (events: 2026)
113,38.97019,-8.98213,9.705,False,Vila Franca de Xira approach (events: 2026)
114,38.970372,-8.981961,9.164,False,Vila Franca de Xira approach (events: 2026)
115,38.970555,-8.981792,9.042,False,Vila Franca de Xira approach (events: 2026)
116,38.970737,-8.981623,8.96,False,Vila Franca de Xira approach (events: 2026)
117,38.97092,-8.981453,8.73,False,Vila Franca de Xira approach (events: 2026)
118,38.971102,-8.981284,8.353,False,Vila Franca de Xira approach (events: 2026)
119,38.971285,-8.981115,7.942,False,Vila Franca de Xira approach (events: 2026)
120,38.971467,-8.980946,7.677,False,Vila Franca de Xira approach (events: 2026)
121,38.971649,-8.980777,7.462,False,Vila Franca de Xira approach (events: 2026)
122,38.971832,-8.980608,7.332,False,Vila Franca de Xira approach (events: 2026)
123,38.972014,-8.980439,7.341,False,Vila Franca de Xira approach (events: 2026)
124,38.972197,-8.98027,7.641,False,Vila Franca de Xira approach (events: 2026)
125,38.972379,-8.980101,8.098,False,Vila Franca de Xira approach (events: 2026)
126,38.972561,-8.979932,8.556,False,Vila Franca de Xira approach (events: 2026)
127,38.972744,-8.979763,9.005,False,Vila Franca de Xira approach (events: 2026)
128,38.972926,-8.979594,9.272,False,Vila Franca de Xira approach (events: 2026)
129,38.973109,-8.979425,9.403,False,Vila Franca de Xira approach (events: 2026)
130,38.973291,-8.979256,9.839,False,Vila Franca de Xira approach (events: 2026)
131,38.973473,-8.979087,10.418,False,Vila Franca de Xira approach (events: 2026)
132,38.973656,-8.978918,10.866,False,Vila Franca de Xira approach (events: 2026)
133,38.973838,-8.978748,11.069,False,Vila Franca de Xira approach (events: 2026)
134,38.974021,-8.978579,11.055,False,Vila Franca de Xira approach (events: 2026)
135,38.974203,-8.97841,10.849,False,Vila Franca de Xira approach (events: 2026)
136,38.974385,-8.978241,10.613,False,Vila Franca de Xira approach (events: 2026)
137,38.974568,-8.978072,10.438,False,Vila Franca de Xira approach (events: 2026)
138,38.97475,-8.977903,10.313,False,Vila Franca de Xira approach (events: 2026)
139,38.974933,-8.977734,10.265,False,Vila Franca de Xira approach (events: 2026)
140,38.975115,-8.977565,10.449,False,"Carregado / Azambuja (events: 2022, 2026)"
141,38.975311,-8.977425,10.858,False,"Carregado / Azambuja (events: 2022, 2026)"
142,38.975513,-8.977299,11.287,False,"Carregado / Azambuja (events: 2022, 2026)"
143,38.975715,-8.977172,11.526,False,"Carregado / Azambuja (events: 2022, 2026)"
144,38.975918,-8.977046,11.384,False,"Carregado / Azambuja (events: 2022, 2026)"
145,38.97612,-8.97692,10.987,False,"Carregado / Azambuja (events: 2022, 2026)"
146,38.976322,-8.976793,10.562,False,"Carregado / Azambuja (events: 2022, 2026)"
147,38.976525,-8.976667,10.315,False,"Carregado / Azambuja (events: 2022, 2026)"
148,38.976727,-8.976541,10.227,False,"Carregado / Azambuja (events: 2022, 2026)"
149,38.976929,-8.976415,10.496,False,"Carregado / Azambuja (events: 2022, 2026)"
150,38.977131,-8.976288,10.721,False,"Carregado / Azambuja (events: 2022, 2026)"
151,38.977334,-8.976162,10.751,False,"Carregado / Azambuja (events: 2022, 2026)"
152,38.977536,-8.976037,10.51,False,"Carregado / Azambuja (events: 2022, 2026)"
153,38.977741,-8.975918,10.222,False,"Carregado / Azambuja (events: 2022, 2026)"
154,38.977946,-8.9758,10.043,False,"Carregado / Azambuja (events: 2022, 2026)"
155,38.978151,-8.975681,9.916,False,"Carregado / Azambuja (events: 2022, 2026)"
156,38.978356,-8.975562,9.804,False,"Carregado / Azambuja (events: 2022, 2026)"
157,38.978561,-8.975444,9.762,False,"Carregado / Azambuja (events: 2022, 2026)"
158,38.978767,-8.975325,9.832,False,"Carregado / Azambuja (events: 2022, 2026)"
159,38.978972,-8.975207,9.895,False,"Carregado / Azambuja (events: 2022, 2026)"
160,38.979177,-8.975088,9.818,False,"Carregado / Azambuja (events: 2022, 2026)"
161,38.979382,-8.974969,9.587,False,"Carregado / Azambuja (events: 2022, 2026)"
162,38.979587,-8.974851,9.201,False,"Carregado / Azambuja (events: 2022, 2026)"
163,38.979792,-8.974732,8.697,False,"Carregado / Azambuja (events: 2022, 2026)"
164,38.979998,-8.974617,8.057,False,"Carregado / Azambuja (events: 2022, 2026)"
165,38.980205,-8.974505,7.506,False,"Carregado / Azambuja (events: 2022, 2026)"
166,38.980413,-8.974393,7.116,False,"Carregado / Azambuja (events: 2022, 2026)"
167,38.98062,-8.97428,6.853,False,"Carregado / Azambuja (events: 2022, 2026)"
168,38.980827,-8.974168,6.617,False,"Carregado / Azambuja (events: 2022, 2026)"
169,38.981034,-8.974056,6.221,False,"Carregado / Azambuja (events: 2022, 2026)"
170,38.981241,-8.973944,5.748,False,"Carregado / Azambuja (events: 2022, 2026)"
171,38.981449,-8.973832,5.345,False,"Carregado / Azambuja (events: 2022, 2026)"
172,38.981656,-8.973719,5.243,False,"Carregado / Azambuja (events: 2022, 2026)"
173,38.981863,-8.973607,5.602,False,"Carregado / Azambuja (events: 2022, 2026)"
174,38.98207,-8.973495,6.296,False,"Carregado / Azambuja (events: 2022, 2026)"
175,38.982277,-8.973383,6.998,False,"Carregado / Azambuja (events: 2022, 2026)"
176,38.982485,-8.973271,7.329,False,"Carregado / Azambuja (events: 2022, 2026)"
177,38.982692,-8.973158,7.214,False,"Carregado / Azambuja (events: 2022, 2026)"
178,38.982899,-8.973046,6.607,False,"Carregado / Azambuja (events: 2022, 2026)"
179,38.983107,-8.972935,5.963,False,"Carregado / Azambuja (events: 2022, 2026)"
180,38.983318,-8.972836,5.315,False,"Carregado / Azambuja (events: 2022, 2026)"
181,38.983529,-8.972736,4.617,True,"Carregado / Azambuja (events: 2022, 2026)"
182,38.98374,-8.972636,3.958,True,"Carregado / Azambuja (events: 2022, 2026)"
183,38.983951,-8.972537,3.793,True,"Carregado / Azambuja (events: 2022, 2026)"
184,38.984162,-8.972437,4.168,True,"Carregado / Azambuja (events: 2022, 2026)"
185,38.984373,-8.972337,5.03,False,"Carregado / Azambuja (events: 2022, 2026)"
186,38.984584,-8.972238,5.532,False,"Carregado / Azambuja (events: 2022, 2026)"
187,38.984795,-8.972138,5.782,False,"Carregado / Azambuja (events: 2022, 2026)"
188,38.985006,-8.972038,5.708,False,"Carregado / Azambuja (events: 2022, 2026)"
189,38.985217,-8.971939,5.21,False,"Carregado / Azambuja (events: 2022, 2026)"
190,38.985428,-8.971839,4.699,True,"Carregado / Azambuja (events: 2022, 2026)"
191,38.98564,-8.971739,4.908,True,"Carregado / Azambuja (events: 2022, 2026)"
192,38.985851,-8.97164,6.373,False,"Carregado / Azambuja (events: 2022, 2026)"
193,38.986062,-8.97154,8.809,False,"Carregado / Azambuja (events: 2022, 2026)"
194,38.986273,-8.97144,10.915,False,"Carregado / Azambuja (events: 2022, 2026)"
195,38.986484,-8.971341,11.494,False,"Carregado / Azambuja (events: 2022, 2026)"
196,38.986695,-8.971241,10.919,False,"Carregado / Azambuja (events: 2022, 2026)"
197,38.986906,-8.971141,10.507,False,"Carregado / Azambuja (events: 2022, 2026)"
198,38.987117,-8.971042,10.172,False,"Carregado / Azambuja (events: 2022, 2026)"
199,38.987328,-8.970942,9.567,False,"Carregado / Azambuja (events: 2022, 2026)"
200,38.987539,-8.970842,8.668,False,"Carregado / Azambuja (events: 2022, 2026)"
201,38.98775,-8.970743,7.935,False,"Carregado / Azambuja (events: 2022, 2026)"
202,38.987961,-8.970643,7.523,False,"Carregado / Azambuja (events: 2022, 2026)"
203,38.988172,-8.970543,7.493,False,"Carregado / Azambuja (events: 2022, 2026)"
204,38.988385,-8.97045,7.703,False,"Carregado / Azambuja (events: 2022, 2026)"
205,38.988599,-8.970361,8.044,False,"Carregado / Azambuja (events: 2022, 2026)"
206,38.988813,-8.970271,8.353,False,"Carregado / Azambuja (events: 2022, 2026)"
207,38.989027,-8.970182,8.732,False,"Carregado / Azambuja (events: 2022, 2026)"
208,38.989241,-8.970093,9.178,False,"Carregado / Azambuja (events: 2022, 2026)"
209,38.989454,-8.970004,9.514,False,"Carregado / Azambuja (events: 2022, 2026)"
210,38.989668,-8.969915,9.339,False,"Carregado / Azambuja (events: 2022, 2026)"
211,38.989882,-8.969826,8.798,False,"Carregado / Azambuja (events: 2022, 2026)"
212,38.990096,-8.969737,8.207,False,"Carregado / Azambuja (events: 2022, 2026)"
213,38.99031,-8.969648,7.557,False,"Carregado / Azambuja (events: 2022, 2026)"
214,38.990524,-8.969558,6.852,False,"Carregado / Azambuja (events: 2022, 2026)"
215,38.990738,-8.969469,6.31,False,"Carregado / Azambuja (events: 2022, 2026)"
216,38.990953,-8.969385,6.021,False,"Carregado / Azambuja (events: 2022, 2026)"
217,38.99117,-8.969312,6.069,False,"Carregado / Azambuja (events: 2022, 2026)"
218,38.991388,-8.96924,6.414,False,"Carregado / Azambuja (events: 2022, 2026)"
219,38.991606,-8.969167,6.924,False,"Carregado / Azambuja (events: 2022, 2026)"
220,38.991823,-8.969094,7.635,False,"Carregado / Azambuja (events: 2022, 2026)"
221,38.992041,-8.969021,8.253,False,"Carregado / Azambuja (events: 2022, 2026)"
222,38.992258,-8.968948,8.859,False,"Carregado / Azambuja (events: 2022, 2026)"
223,38.992476,-8.968876,9.254,False,"Carregado / Azambuja (events: 2022, 2026)"
224,38.992694,-8.968803,9.4,False,"Carregado / Azambuja (events: 2022, 2026)"
225,38.992911,-8.96873,9.459,False,"Carregado / Azambuja (events: 2022, 2026)"
226,38.993129,-8.968657,9.282,False,"Carregado / Azambuja (events: 2022, 2026)"
227,38.993346,-8.968584,8.846,False,"Carregado / Azambuja (events: 2022, 2026)"
228,38.993566,-8.968525,8.056,False,"Carregado / Azambuja (events: 2022, 2026)"
229,38.993787,-8.968467,7.309,False,"Carregado / Azambuja (events: 2022, 2026)"
230,38.994007,-8.96841,6.727,False,"Carregado / Azambuja (events: 2022, 2026)"
231,38.994227,-8.968352,6.443,False,"Carregado / Azambuja (events: 2022, 2026)"
232,38.994448,-8.968295,6.369,False,"Carregado / Azambuja (events: 2022, 2026)"
233,38.994668,-8.968238,6.332,False,"Carregado / Azambuja (events: 2022, 2026)"
234,38.994888,-8.96818,6.172,False,"Carregado / Azambuja (events: 2022, 2026)"
235,38.995109,-8.968123,6.007,False,"Carregado / Azambuja (events: 2022, 2026)"
236,38.995329,-8.968066,5.795,False,"Carregado / Azambuja (events: 2022, 2026)"
237,38.99555,-8.968011,5.691,False,"Carregado / Azambuja (events: 2022, 2026)"
238,38.995772,-8.967967,5.863,False,"Carregado / Azambuja (events: 2022, 2026)"
239,38.995994,-8.967923,6.296,False,"Carregado / Azambuja (events: 2022, 2026)"
240,38.996217,-8.967878,6.889,False,"Carregado / Azambuja (events: 2022, 2026)"
241,38.996439,-8.967834,7.342,False,"Carregado / Azambuja (events: 2022, 2026)"
242,38.996661,-8.96779,7.559,False,"Carregado / Azambuja (events: 2022, 2026)"
243,38.996883,-8.967746,7.562,False,"Carregado / Azambuja (events: 2022, 2026)"
244,38.997105,-8.967701,7.516,False,"Carregado / Azambuja (events: 2022, 2026)"
245,38.997327,-8.967657,7.483,False,"Carregado / Azambuja (events: 2022, 2026)"
246,38.99755,-8.967613,7.493,False,"Carregado / Azambuja (events: 2022, 2026)"
247,38.997772,-8.967574,7.57,False,"Carregado / Azambuja (events: 2022, 2026)"
248,38.997996,-8.96754,7.684,False,"Carregado / Azambuja (events: 2022, 2026)"
249,38.998219,-8.967507,7.822,False,"Carregado / Azambuja (events: 2022, 2026)"
250,38.998442,-8.967474,8.026,False,"Carregado / Azambuja (events: 2022, 2026)"
251,38.998666,-8.967441,8.209,False,"Carregado / Azambuja (events: 2022, 2026)"
252,38.998889,-8.967412,8.249,False,"Carregado / Azambuja (events: 2022, 2026)"
253,38.999113,-8.967385,8.167,False,"Carregado / Azambuja (events: 2022, 2026)"
254,38.999337,-8.967357,7.64,False,"Carregado / Azambuja (events: 2022, 2026)"
255,38.999561,-8.967332,6.892,False,"Carregado / Azambuja (events: 2022, 2026)"
256,38.999785,-8.967309,6.261,False,"Carregado / Azambuja (events: 2022, 2026)"
257,39.000009,-8.967287,5.66,False,"Carregado / Azambuja (events: 2022, 2026)"
258,39.000233,-8.967264,5.05,False,"Carregado / Azambuja (events: 2022, 2026)"
259,39.000458,-8.967245,4.466,True,"Carregado / Azambuja (events: 2022, 2026)"
260,39.000682,-8.967226,3.934,True,"Carregado / Azambuja (events: 2022, 2026)"
261,39.000606,-8.967291,4.265,True,"Carregado / Azambuja (events: 2022, 2026)"
262,39.000397,-8.967394,4.938,True,"Carregado / Azambuja (events: 2022, 2026)"
263,39.000187,-8.967498,5.5,False,"Carregado / Azambuja (events: 2022, 2026)"
264,38.999977,-8.967601,5.984,False,"Carregado / Azambuja (events: 2022, 2026)"
265,38.999767,-8.967705,6.331,False,"Carregado / Azambuja (events: 2022, 2026)"
266,38.999557,-8.967808,6.629,False,"Carregado / Azambuja (events: 2022, 2026)"
267,38.999347,-8.967911,6.758,False,"Carregado / Azambuja (events: 2022, 2026)"
268,38.999137,-8.968015,6.797,False,"Carregado / Azambuja (events: 2022, 2026)"
269,38.998927,-8.968118,6.769,False,"Carregado / Azambuja (events: 2022, 2026)"
270,38.998717,-8.968222,6.953,False,"Carregado / Azambuja (events: 2022, 2026)"
271,38.998507,-8.968325,7.173,False,"Carregado / Azambuja (events: 2022, 2026)"
272,38.998297,-8.968428,7.594,False,"Carregado / Azambuja (events: 2022, 2026)"
273,38.998087,-8.968532,7.962,False,"Carregado / Azambuja (events: 2022, 2026)"
274,38.997877,-8.968635,8.342,False,"Carregado / Azambuja (events: 2022, 2026)"
275,38.997667,-8.968739,8.622,False,"Carregado / Azambuja (events: 2022, 2026)"
276,38.997457,-8.968842,8.818,False,"Carregado / Azambuja (events: 2022, 2026)"
277,38.997247,-8.968945,8.946,False,"Carregado / Azambuja (events: 2022, 2026)"
278,38.997037,-8.969049,9.065,False,"Carregado / Azambuja (events: 2022, 2026)"
279,38.996827,-8.969152,9.186,False,"Carregado / Azambuja (events: 2022, 2026)"
280,38.996617,-8.969256,9.312,False,"Carregado / Azambuja (events: 2022, 2026)"
281,38.996407,-8.969359,9.464,False,"Carregado / Azambuja (events: 2022, 2026)"
282,38.996197,-8.969462,9.676,False,"Carregado / Azambuja (events: 2022, 2026)"
283,38.995987,-8.969566,9.971,False,"Carregado / Azambuja (events: 2022, 2026)"
284,38.995777,-8.969669,10.3,False,"Carregado / Azambuja (events: 2022, 2026)"
285,38.995567,-8.969773,10.638,False,"Carregado / Azambuja (events: 2022, 2026)"
286,38.995357,-8.969876,10.935,False,"Carregado / Azambuja (events: 2022, 2026)"
287,38.995147,-8.96998,11.176,False,"Carregado / Azambuja (events: 2022, 2026)"
288,38.994937,-8.970083,11.252,False,"Carregado / Azambuja (events: 2022, 2026)"
289,38.994727,-8.970186,11.311,False,"Carregado / Azambuja (events: 2022, 2026)"
290,38.994517,-8.97029,11.324,False,"Carregado / Azambuja (events: 2022, 2026)"
291,38.994307,-8.970393,11.385,False,"Carregado / Azambuja (events: 2022, 2026)"
292,38.994097,-8.970497,11.61,False,"Carregado / Azambuja (events: 2022, 2026)"
293,38.993887,-8.9706,11.98,False,"Carregado / Azambuja (events: 2022, 2026)"
294,38.993677,-8.970703,12.539,False,"Carregado / Azambuja (events: 2022, 2026)"
295,38.993467,-8.970807,13.169,False,"Carregado / Azambuja (events: 2022, 2026)"
296,38.993257,-8.97091,13.839,False,"Carregado / Azambuja (events: 2022, 2026)"
297,38.993047,-8.971014,14.48,False,"Carregado / Azambuja (events: 2022, 2026)"
298,38.992838,-8.971117,15.152,False,"Carregado / Azambuja (events: 2022, 2026)"
299,38.992628,-8.97122,15.406,False,"Carregado / Azambuja (events: 2022, 2026)"
300,38.992418,-8.971324,15.443,False,"Carregado / Azambuja (events: 2022, 2026)"
301,38.992208,-8.971427,15.401,False,"Carregado / Azambuja (events: 2022, 2026)"
302,38.991998,-8.971531,15.23,False,"Carregado / Azambuja (events: 2022, 2026)"
303,38.991788,-8.971634,14.883,False,"Carregado / Azambuja (events: 2022, 2026)"
304,38.991578,-8.971737,14.509,False,"Carregado / Azambuja (events: 2022, 2026)"
305,38.991368,-8.971841,13.942,False,"Carregado / Azambuja (events: 2022, 2026)"
306,38.991158,-8.971944,13.62,False,"Carregado / Azambuja (events: 2022, 2026)"
307,38.990948,-8.972048,13.67,False,"Carregado / Azambuja (events: 2022, 2026)"
308,38.990738,-8.972151,13.951,False,"Carregado / Azambuja (events: 2022, 2026)"
309,38.990528,-8.972254,14.346,False,"Carregado / Azambuja (events: 2022, 2026)"
310,38.990318,-8.972358,14.723,False,"Carregado / Azambuja (events: 2022, 2026)"
311,38.990108,-8.972461,15.072,False,"Carregado / Azambuja (events: 2022, 2026)"
312,38.989898,-8.972565,15.866,False,"Carregado / Azambuja (events: 2022, 2026)"
313,38.989688,-8.972668,16.893,False,"Carregado / Azambuja (events: 2022, 2026)"
314,38.989478,-8.972771,18.437,False,"Carregado / Azambuja (events: 2022, 2026)"
315,38.989268,-8.972875,19.599,False,"Carregado / Azambuja (events: 2022, 2026)"
316,38.989058,-8.972978,20.517,False,"Carregado / Azambuja (events: 2022, 2026)"
317,38.988848,-8.973082,21.107,False,"Carregado / Azambuja (events: 2022, 2026)"
318,38.988638,-8.973185,21.876,False,"Carregado / Azambuja (events: 2022, 2026)"
319,38.988428,-8.973288,22.793,False,"Carregado / Azambuja (events: 2022, 2026)"
320,38.988218,-8.973392,23.434,False,"Carregado / Azambuja (events: 2022, 2026)"
321,38.988008,-8.973495,23.678,False,"Carregado / Azambuja (events: 2022, 2026)"
322,38.987798,-8.973599,24.187,False,"Carregado / Azambuja (events: 2022, 2026)"
323,38.987588,-8.973702,24.249,False,"Carregado / Azambuja (events: 2022, 2026)"
324,38.987378,-8.973805,23.32,False,"Carregado / Azambuja (events: 2022, 2026)"
325,38.987168,-8.973909,21.231,False,"Carregado / Azambuja (events: 2022, 2026)"
326,38.986958,-8.974012,19.101,False,"Carregado / Azambuja (events: 2022, 2026)"
327,38.986748,-8.974116,17.056,False,"Carregado / Azambuja (events: 2022, 2026)"
328,38.986538,-8.974219,15.485,False,"Carregado / Azambuja (events: 2022, 2026)"
329,38.986328,-8.974322,14.431,False,"Carregado / Azambuja (events: 2022, 2026)"
330,38.986118,-8.974426,13.631,False,"Carregado / Azambuja (events: 2022, 2026)"
331,38.985908,-8.974529,13.516,False,"Carregado / Azambuja (events: 2022, 2026)"
332,38.985698,-8.974633,13.854,False,"Carregado / Azambuja (events: 2022, 2026)"
333,38.985489,-8.974736,14.782,False,"Carregado / Azambuja (events: 2022, 2026)"
334,38.985279,-8.974839,15.943,False,"Carregado / Azambuja (events: 2022, 2026)"
335,38.985069,-8.974943,16.849,False,"Carregado / Azambuja (events: 2022, 2026)"
336,38.984859,-8.975046,17.795,False,"Carregado / Azambuja (events: 2022, 2026)"
337,38.984649,-8.97515,18.862,False,"Carregado / Azambuja (events: 2022, 2026)"
338,38.984439,-8.975253,19.463,False,"Carregado / Azambuja (events: 2022, 2026)"
339,38.984229,-8.975356,19.597,False,"Carregado / Azambuja (events: 2022, 2026)"
340,38.984019,-8.97546,19.807,False,"Carregado / Azambuja (events: 2022, 2026)"
341,38.983809,-8.975563,20.073,False,"Carregado / Azambuja (events: 2022, 2026)"
342,38.983599,-8.975667,20.046,False,"Carregado / Azambuja (events: 2022, 2026)"
343,38.983389,-8.97577,19.86,False,"Carregado / Azambuja (events: 2022, 2026)"
344,38.983179,-8.975874,19.911,False,"Carregado / Azambuja (events: 2022, 2026)"
345,38.982969,-8.975977,20.028,False,"Carregado / Azambuja (events: 2022, 2026)"
346,38.982759,-8.97608,19.861,False,"Carregado / Azambuja (events: 2022, 2026)"
347,38.982549,-8.976184,19.219,False,"Carregado / Azambuja (events: 2022, 2026)"
348,38.982339,-8.976287,18.611,False,"Carregado / Azambuja (events: 2022, 2026)"
349,38.982129,-8.976391,18.045,False,"Carregado / Azambuja (events: 2022, 2026)"
350,38.981919,-8.976494,17.535,False,"Carregado / Azambuja (events: 2022, 2026)"
351,38.981709,-8.976597,17.127,False,"Carregado / Azambuja (events: 2022, 2026)"
352,38.981499,-8.976701,17.026,False,"Carregado / Azambuja (events: 2022, 2026)"
353,38.981289,-8.976804,17.146,False,"Carregado / Azambuja (events: 2022, 2026)"
354,38.981079,-8.976908,17.939,False,"Carregado / Azambuja (events: 2022, 2026)"
355,38.980869,-8.977011,18.875,False,"Carregado / Azambuja (events: 2022, 2026)"
356,38.980659,-8.977114,19.673,False,"Carregado / Azambuja (events: 2022, 2026)"
357,38.980449,-8.977218,19.272,False,"Carregado / Azambuja (events: 2022, 2026)"
358,38.980239,-8.977321,18.479,False,"Carregado / Azambuja (events: 2022, 2026)"
359,38.980029,-8.977425,18.807,False,"Carregado / Azambuja (events: 2022, 2026)"
360,38.979819,-8.977528,19.373,False,"Carregado / Azambuja (events: 2022, 2026)"
361,38.979609,-8.977631,19.063,False,"Carregado / Azambuja (events: 2022, 2026)"
362,38.979399,-8.977735,16.349,False,"Carregado / Azambuja (events: 2022, 2026)"
363,38.979189,-8.977838,13.857,False,"Carregado / Azambuja (events: 2022, 2026)"
364,38.978979,-8.977942,12.92,False,"Carregado / Azambuja (events: 2022, 2026)"
365,38.978769,-8.978045,13.463,False,"Carregado / Azambuja (events: 2022, 2026)"
366,38.978559,-8.978148,15.55,False,"Carregado / Azambuja (events: 2022, 2026)"
367,38.978349,-8.978252,17.671,False,"Carregado / Azambuja (events: 2022, 2026)"
368,38.978139,-8.978355,18.676,False,"Carregado / Azambuja (events: 2022, 2026)"
369,38.97793,-8.978459,17.589,False,"Carregado / Azambuja (events: 2022, 2026)"
370,38.97772,-8.978562,16.807,False,"Carregado / Azambuja (events: 2022, 2026)"
371,38.97751,-8.978665,16.643,False,"Carregado / Azambuja (events: 2022, 2026)"
372,38.9773,-8.978769,16.864,False,"Carregado / Azambuja (events: 2022, 2026)"
373,38.97709,-8.978872,17.272,False,"Carregado / Azambuja (events: 2022, 2026)"
374,38.97688,-8.978976,17.762,False,"Carregado / Azambuja (events: 2022, 2026)"
375,38.97667,-8.979079,18.335,False,"Carregado / Azambuja (events: 2022, 2026)"
376,38.97646,-8.979182,18.9,False,"Carregado / Azambuja (events: 2022, 2026)"
377,38.97625,-8.979286,19.456,False,"Carregado / Azambuja (events: 2022, 2026)"
378,38.97604,-8.979389,20.047,False,"Carregado / Azambuja (events: 2022, 2026)"
379,38.97583,-8.979493,20.467,False,"Carregado / Azambuja (events: 2022, 2026)"
380,38.97562,-8.979596,20.34,False,"Carregado / Azambuja (events: 2022, 2026)"
381,38.97541,-8.979699,19.887,False,"Carregado / Azambuja (events: 2022, 2026)"
382,38.9752,-8.979803,19.168,False,"Carregado / Azambuja (events: 2022, 2026)"
383,38.97499,-8.979906,18.362,False,Vila Franca de Xira approach (events: 2026)
384,38.97478,-8.98001,17.532,False,Vila Franca de Xira approach (events: 2026)
385,38.97457,-8.980113,17.094,False,Vila Franca de Xira approach (events: 2026)
386,38.97436,-8.980216,17.042,False,Vila Franca de Xira approach (events: 2026)
387,38.97415,-8.98032,16.882,False,Vila Franca de Xira approach (events: 2026)
388,38.97394,-8.980423,16.287,False,Vila Franca de Xira approach (events: 2026)
389,38.97373,-8.980527,15.502,False,Vila Franca de Xira approach (events: 2026)
390,38.97352,-8.98063,14.778,False,Vila Franca de Xira approach (events: 2026)
391,38.97331,-8.980733,13.907,False,Vila Franca de Xira approach (events: 2026)
392,38.9731,-8.980837,13.082,False,Vila Franca de Xira approach (events: 2026)
393,38.97289,-8.98094,12.504,False,Vila Franca de Xira approach (events: 2026)
394,38.97268,-8.981044,12.218,False,Vila Franca de Xira approach (events: 2026)
395,38.97247,-8.981147,11.861,False,Vila Franca de Xira approach (events: 2026)
396,38.97226,-8.98125,11.442,False,Vila Franca de Xira approach (events: 2026)
397,38.97205,-8.981354,10.943,False,Vila Franca de Xira approach (events: 2026)
398,38.97184,-8.981457,10.304,False,Vila Franca de Xira approach (events: 2026)
399,38.97163,-8.981561,9.693,False,Vila Franca de Xira approach (events: 2026)
400,38.97142,-8.981664,9.178,False,Vila Franca de Xira approach (events: 2026)
401,38.97121,-8.981768,9.081,False,Vila Franca de Xira approach (events: 2026)
402,38.971,-8.981871,9.219,False,Vila Franca de Xira approach (events: 2026)
403,38.97079,-8.981974,9.319,False,Vila Franca de Xira approach (events: 2026)
404,38.97058,-8.982078,9.38,False,Vila Franca de Xira approach (events: 2026)
405,38.970371,-8.982181,9.894,False,Vila Franca de Xira approach (events: 2026)
406,38.970161,-8.982285,10.316,False,Vila Franca de Xira approach (events: 2026)
407,38.969951,-8.982388,10.771,False,Vila Franca de Xira approach (events: 2026)
408,38.969741,-8.982491,10.896,False,Vila Franca de Xira approach (events: 2026)
409,38.969531,-8.982595,10.88,False,Vila Franca de Xira approach (events: 2026)
410,38.969329,-8.982692,10.834,False,Vila Franca de Xira approach (events: 2026)
411,38.969515,-8.982529,10.65,False,Vila Franca de Xira approach (events: 2026)
412,38.9697,-8.982365,10.346,False,Vila Franca de Xira approach (events: 2026)
413,38.969883,-8.982197,9.904,False,Vila Franca de Xira approach (events: 2026)
414,38.970057,-8.982014,9.351,False,Vila Franca de Xira approach (events: 2026)
415,38.970116,-8.981928,9.106,False,Vila Franca de Xira approach (events: 2026)
416,38.969915,-8.982057,9.5,False,Vila Franca de Xira approach (events: 2026)
417,38.969714,-8.982187,9.839,False,Vila Franca de Xira approach (events: 2026)
418,38.969513,-8.982316,10.075,False,Vila Franca de Xira approach (events: 2026)
419,38.969312,-8.982446,10.24,False,Vila Franca de Xira approach (events: 2026)
420,38.96911,-8.982575,10.363,False,Vila Franca de Xira approach (events: 2026)
421,38.968909,-8.982704,10.365,False,Vila Franca de Xira approach (events: 2026)
422,38.968708,-8.982834,10.283,False,Vila Franca de Xira approach (events: 2026)
423,38.968507,-8.982963,10.014,False,Vila Franca de Xira approach (events: 2026)
424,38.968306,-8.983093,9.953,False,Vila Franca de Xira approach (events: 2026)
425,38.968105,-8.983222,10.092,False,Vila Franca de Xira approach (events: 2026)
426,38.967904,-8.983352,10.54,False,Vila Franca de Xira approach (events: 2026)
427,38.967703,-8.983481,10.956,False,Vila Franca de Xira approach (events: 2026)
428,38.967502,-8.98361,11.074,False,Vila Franca de Xira approach (events: 2026)
429,38.967301,-8.98374,10.923,False,Vila Franca de Xira approach (events: 2026)
430,38.9671,-8.983869,10.59,False,Vila Franca de Xira approach (events: 2026)
431,38.966899,-8.983999,10.203,False,Vila Franca de Xira approach (events: 2026)
432,38.966698,-8.984128,9.991,False,Vila Franca de Xira approach (events: 2026)
433,38.966497,-8.984257,9.976,False,Vila Franca de Xira approach (events: 2026)
434,38.966296,-8.984387,10.223,False,Vila Franca de Xira approach (events: 2026)
435,38.966095,-8.984516,10.773,False,Vila Franca de Xira approach (events: 2026)
436,38.965894,-8.984646,11.538,False,Vila Franca de Xira approach (events: 2026)
437,38.965693,-8.984775,12.775,False,Vila Franca de Xira approach (events: 2026)
438,38.965492,-8.984904,14.046,False,Vila Franca de Xira approach (events: 2026)
439,38.965291,-8.985034,14.799,False,Vila Franca de Xira approach (events: 2026)
440,38.965089,-8.985163,15.101,False,Vila Franca de Xira approach (events: 2026)
441,38.964888,-8.985293,15.274,False,Vila Franca de Xira approach (events: 2026)
442,38.964687,-8.985422,15.575,False,Vila Franca de Xira approach (events: 2026)
443,38.964486,-8.985552,16.06,False,Vila Franca de Xira approach (events: 2026)
444,38.964285,-8.985681,16.759,False,Vila Franca de Xira approach (events: 2026)
445,38.964084,-8.98581,17.943,False,Vila Franca de Xira approach (events: 2026)
446,38.963883,-8.98594,19.152,False,Vila Franca de Xira approach (events: 2026)
447,38.963682,-8.986069,19.988,False,Vila Franca de Xira approach (events: 2026)
448,38.963481,-8.986199,20.364,False,Vila Franca de Xira approach (events: 2026)
449,38.96328,-8.986328,20.532,False,Vila Franca de Xira approach (events: 2026)
450,38.963079,-8.986457,20.706,False,Vila Franca de Xira approach (events: 2026)
451,38.962878,-8.986587,21.336,False,Vila Franca de Xira approach (events: 2026)
452,38.962677,-8.986716,22.562,False,Vila Franca de Xira approach (events: 2026)
453,38.962476,-8.986846,24.563,False,Vila Franca de Xira approach (events: 2026)
454,38.962275,-8.986975,28.179,False,Vila Franca de Xira approach (events: 2026)
455,38.962074,-8.987104,31.836,False,Vila Franca de Xira approach (events: 2026)
456,38.961873,-8.987234,34.519,False,Vila Franca de Xira approach (events: 2026)
457,38.961672,-8.987363,37.412,False,Vila Franca de Xira approach (events: 2026)
458,38.961471,-8.987493,40.036,False,Vila Franca de Xira approach (events: 2026)
459,38.961269,-8.987622,40.992,False,Vila Franca de Xira approach (events: 2026)
460,38.961068,-8.987752,40.299,False,Vila Franca de Xira approach (events: 2026)
461,38.960867,-8.987881,38.809,False,Vila Franca de Xira approach (events: 2026)
462,38.960666,-8.98801,36.243,False,Vila Franca de Xira approach (events: 2026)
463,38.960465,-8.98814,34.266,False,Vila Franca de Xira approach (events: 2026)
464,38.960264,-8.988269,33.593,False,Vila Franca de Xira approach (events: 2026)
465,38.960063,-8.988399,33.419,False,Vila Franca de Xira approach (events: 2026)
466,38.959862,-8.988528,33.965,False,Vila Franca de Xira approach (events: 2026)
467,38.959661,-8.988657,35.378,False,Vila Franca de Xira approach (events: 2026)
468,38.95946,-8.988787,36.505,False,Vila Franca de Xira approach (events: 2026)
469,38.959259,-8.988916,37.503,False,Vila Franca de Xira approach (events: 2026)
470,38.959058,-8.989046,38.518,False,Vila Franca de Xira approach (events: 2026)
471,38.958857,-8.989175,38.57,False,Vila Franca de Xira approach (events: 2026)
472,38.958656,-8.989304,38.302,False,Vila Franca de Xira approach (events: 2026)
473,38.958455,-8.989434,38.271,False,Vila Franca de Xira approach (events: 2026)
474,38.958254,-8.989563,37.875,False,Vila Franca de Xira approach (events: 2026)
475,38.958053,-8.989693,36.776,False,Vila Franca de Xira approach (events: 2026)
476,38.957852,-8.989822,35.656,False,Vila Franca de Xira approach (events: 2026)
477,38.957651,-8.989952,35.096,False,Vila Franca de Xira approach (events: 2026)
478,38.95745,-8.990081,34.452,False,Vila Franca de Xira approach (events: 2026)
479,38.957248,-8.99021,34.478,False,Vila Franca de Xira approach (events: 2026)
480,38.957047,-8.99034,35.189,False,Vila Franca de Xira approach (events: 2026)
481,38.956846,-8.990469,35.867,False,Vila Franca de Xira approach (events: 2026)
482,38.956645,-8.990599,36.397,False,Vila Franca de Xira approach (events: 2026)
483,38.956444,-8.990728,36.478,False,Vila Franca de Xira approach (events: 2026)
484,38.956243,-8.990857,34.716,False,Vila Franca de Xira approach (events: 2026)
485,38.956042,-8.990987,32.592,False,Vila Franca de Xira approach (events: 2026)
486,38.955841,-8.991116,30.275,False,Vila Franca de Xira approach (events: 2026)
487,38.95564,-8.991246,27.485,False,Vila Franca de Xira approach (events: 2026)
488,38.955439,-8.991375,25.261,False,Vila Franca de Xira approach (events: 2026)
489,38.955238,-8.991504,22.57,False,Vila Franca de Xira approach (events: 2026)
490,38.955037,-8.991634,19.963,False,Vila Franca de Xira approach (events: 2026)
491,38.954836,-8.991763,18.103,False,Vila Franca de Xira approach (events: 2026)
492,38.954635,-8.991893,17.333,False,Vila Franca de Xira approach (events: 2026)
493,38.954434,-8.992022,16.944,False,Vila Franca de Xira approach (events: 2026)
494,38.954233,-8.992152,17.016,False,Vila Franca de Xira approach (events: 2026)
495,38.954032,-8.992281,17.835,False,Vila Franca de Xira approach (events: 2026)
496,38.953831,-8.99241,18.965,False,Vila Franca de Xira approach (events: 2026)
497,38.95363,-8.99254,20.209,False,Vila Franca de Xira approach (events: 2026)
498,38.953429,-8.992669,21.106,False,Vila Franca de Xira approach (events: 2026)
499,38.953227,-8.992799,21.822,False,Vila Franca de Xira approach (events: 2026)
500,38.953026,-8.992928,22.581,False,Vila Franca de Xira approach (events: 2026)
501,38.952825,-8.993057,23.981,False,Vila Franca de Xira approach (events: 2026)
502,38.952624,-8.993187,25.462,False,Vila Franca de Xira approach (events: 2026)
503,38.952423,-8.993316,27.213,False,Vila Franca de Xira approach (events: 2026)
504,38.952222,-8.993446,29.184,False,Vila Franca de Xira approach (events: 2026)
505,38.952021,-8.993575,31.472,False,Vila Franca de Xira approach (events: 2026)
506,38.95182,-8.993704,34.522,False,Vila Franca de Xira approach (events: 2026)
507,38.951619,-8.993834,38.059,False,Vila Franca de Xira approach (events: 2026)
508,38.951418,-8.993963,41.883,False,Vila Franca de Xira approach (events: 2026)
509,38.951217,-8.994093,45.569,False,Vila Franca de Xira approach (events: 2026)
510,38.951016,-8.994222,49.032,False,Vila Franca de Xira approach (events: 2026)
511,38.950815,-8.994352,52.682,False,Vila Franca de Xira approach (events: 2026)
512,38.950614,-8.994481,56.22,False,Vila Franca de Xira approach (events: 2026)
513,38.950413,-8.99461,59.296,False,Vila Franca de Xira approach (events: 2026)
514,38.950212,-8.99474,60.953,False,Vila Franca de Xira approach (events: 2026)
515,38.950011,-8.994869,61.424,False,Vila Franca de Xira approach (events: 2026)
516,38.94981,-8.994999,61.221,False,Vila Franca de Xira approach (events: 2026)
517,38.949609,-8.995128,61.423,False,Vila Franca de Xira approach (events: 2026)
518,38.949407,-8.995257,61.698,False,Vila Franca de Xira approach (events: 2026)
519,38.949206,-8.995387,62.367,False,Vila Franca de Xira approach (events: 2026)
520,38.949005,-8.995516,63.874,False,Vila Franca de Xira approach (events: 2026)
521,38.948804,-8.995646,65.396,False,Vila Franca de Xira approach (events: 2026)
522,38.948603,-8.995775,66.449,False,Vila Franca de Xira approach (events: 2026)
523,38.948402,-8.995905,66.705,False,Vila Franca de Xira approach (events: 2026)
524,38.948201,-8.996034,65.975,False,Vila Franca de Xira approach (events: 2026)
525,38.948,-8.996163,64.149,False,Vila Franca de Xira approach (events: 2026)
526,38.947799,-8.996293,61.924,False,Vila Franca de Xira approach (events: 2026)
527,38.947598,-8.996422,59.466,False,Vila Franca de Xira approach (events: 2026)
528,38.947397,-8.996552,56.364,False,Vila Franca de Xira approach (events: 2026)
529,38.947196,-8.996681,52.707,False,Vila Franca de Xira approach (events: 2026)
530,38.946995,-8.99681,48.335,False,Vila Franca de Xira approach (events: 2026)
531,38.946794,-8.99694,43.929,False,Vila Franca de Xira approach (events: 2026)
532,38.946593,-8.997069,39.446,False,Vila Franca de Xira approach (events: 2026)
533,38.946392,-8.997199,34.991,False,Vila Franca de Xira approach (events: 2026)
534,38.946191,-8.997328,31.045,False,Vila Franca de Xira approach (events: 2026)
535,38.94599,-8.997457,27.743,False,Vila Franca de Xira approach (events: 2026)
536,38.945789,-8.997587,25.332,False,Vila Franca de Xira approach (events: 2026)
537,38.945588,-8.997716,23.747,False,Vila Franca de Xira approach (events: 2026)
538,38.945386,-8.997846,23.032,False,Vila Franca de Xira approach (events: 2026)
539,38.945185,-8.997975,22.623,False,Vila Franca de Xira approach (events: 2026)
540,38.944984,-8.998105,21.432,False,Vila Franca de Xira approach (events: 2026)
541,38.944783,-8.998234,19.741,False,Vila Franca de Xira approach (events: 2026)
542,38.944582,-8.998363,18.418,False,Vila Franca de Xira approach (events: 2026)
543,38.944381,-8.998493,17.182,False,Vila Franca de Xira approach (events: 2026)
544,38.94418,-8.998622,16.3,False,Vila Franca de Xira approach (events: 2026)
545,38.943979,-8.998752,16.675,False,Vila Franca de Xira approach (events: 2026)
546,38.943778,-8.998881,17.347,False,Vila Franca de Xira approach (events: 2026)
547,38.943577,-8.99901,18.108,False,Vila Franca de Xira approach (events: 2026)
548,38.943376,-8.99914,18.591,False,Vila Franca de Xira approach (events: 2026)
549,38.943175,-8.999269,18.92,False,Vila Franca de Xira approach (events: 2026)
550,38.942974,-8.999399,19.947,False,Vila Franca de Xira approach (events: 2026)
551,38.942773,-8.999528,20.941,False,Vila Franca de Xira approach (events: 2026)
552,38.942572,-8.999657,22.153,False,Vila Franca de Xira approach (events: 2026)
553,38.942371,-8.999787,23.627,False,Vila Franca de Xira approach (events: 2026)
554,38.94217,-8.999916,24.309,False,Vila Franca de Xira approach (events: 2026)
555,38.941972,-9.000054,24.885,False,Vila Franca de Xira approach (events: 2026)
556,38.941786,-9.000216,25.642,False,Vila Franca de Xira approach (events: 2026)
557,38.9416,-9.000379,25.692,False,Vila Franca de Xira approach (events: 2026)
558,38.941415,-9.000541,25.826,False,Vila Franca de Xira approach (events: 2026)
559,38.941224,-9.000694,26.237,False,Vila Franca de Xira approach (events: 2026)
560,38.941029,-9.000838,26.699,False,Vila Franca de Xira approach (events: 2026)
561,38.940832,-9.000978,27.695,False,Vila Franca de Xira approach (events: 2026)
562,38.940635,-9.001117,28.889,False,Vila Franca de Xira approach (events: 2026)
563,38.940438,-9.001257,29.593,False,Vila Franca de Xira approach (events: 2026)
564,38.940241,-9.001394,29.665,False,Vila Franca de Xira approach (events: 2026)
565,38.940042,-9.00153,28.75,False,Vila Franca de Xira approach (events: 2026)
566,38.939843,-9.001664,27.164,False,
567,38.939644,-9.001799,24.876,False,
568,38.939445,-9.001934,23.678,False,
569,38.939246,-9.002069,23.051,False,
570,38.939047,-9.002203,23.122,False,
571,38.938848,-9.002338,23.936,False,
572,38.938649,-9.002473,24.919,False,
573,38.938451,-9.002608,26.137,False,
574,38.938252,-9.002742,26.927,False,
575,38.938053,-9.002877,26.897,False,
576,38.937854,-9.003012,26.464,False,
577,38.937655,-9.003146,25.959,False,
578,38.937456,-9.003281,25.479,False,
579,38.937257,-9.003416,24.935,False,
580,38.937058,-9.003551,24.244,False,
581,38.936859,-9.003685,23.5,False,
582,38.93666,-9.00382,23.017,False,
583,38.936462,-9.003956,22.286,False,
584,38.936265,-9.004096,21.258,False,
585,38.936068,-9.004235,20.784,False,
586,38.935871,-9.004374,20.657,False,
587,38.935674,-9.004513,21.233,False,
588,38.935482,-9.004663,21.832,False,
589,38.935293,-9.004821,21.658,False,
590,38.935105,-9.004978,20.811,False,
591,38.934916,-9.005136,19.917,False,
592,38.934729,-9.005296,19.21,False,
593,38.934556,-9.00548,18.913,False,
594,38.934383,-9.005664,19.092,False,
595,38.934209,-9.005848,19.854,False,
596,38.934036,-9.006032,20.096,False,
597,38.933867,-9.006222,20.388,False,
598,38.933698,-9.006413,20.645,False,
599,38.933529,-9.006603,20.985,False,
600,38.933359,-9.006794,21.265,False,
601,38.93319,-9.006984,21.767,False,
602,38.933021,-9.007175,22.304,False,
603,38.932852,-9.007365,23.0,False,
604,38.932683,-9.007556,23.505,False,
605,38.932514,-9.007746,24.271,False,
606,38.932344,-9.007935,25.482,False,
607,38.932167,-9.008113,26.204,False,
608,38.93199,-9.008291,26.661,False,
609,38.931813,-9.00847,27.246,False,
610,38.931635,-9.008647,27.625,False,
611,38.931446,-9.008804,28.144,False,
612,38.931257,-9.00896,28.515,False,
613,38.931068,-9.009117,29.3,False,
614,38.931014,-9.009156,29.385,False,
615,38.931197,-9.008988,28.615,False,
616,38.93138,-9.00882,28.132,False,
617,38.931562,-9.008652,27.369,False,
618,38.931745,-9.008484,26.997,False,
619,38.931928,-9.008316,26.579,False,
620,38.932111,-9.008148,26.231,False,
621,38.932294,-9.00798,25.672,False,
622,38.932477,-9.007812,24.801,False,
623,38.93266,-9.007644,24.22,False,
624,38.932843,-9.007476,24.1,False,
625,38.933026,-9.007308,23.721,False,
626,38.933209,-9.00714,23.437,False,
627,38.933392,-9.006972,23.031,False,
628,38.933575,-9.006804,22.594,False,
629,38.933758,-9.006636,22.478,False,
630,38.933941,-9.006468,22.333,False,
631,38.934124,-9.0063,22.145,False,
632,38.934307,-9.006132,22.178,False,
633,38.93449,-9.005964,22.297,False,
634,38.934672,-9.005796,22.324,False,
635,38.934855,-9.005628,23.221,False,
636,38.935038,-9.00546,24.05,False,
637,38.935221,-9.005292,24.851,False,
638,38.935404,-9.005124,25.879,False,
639,38.935587,-9.004956,26.221,False,
640,38.93577,-9.004788,25.802,False,
641,38.935953,-9.00462,24.647,False,
642,38.936136,-9.004452,23.916,False,
643,38.936319,-9.004283,23.619,False,
644,38.936502,-9.004115,23.672,False,
645,38.936685,-9.003947,24.142,False,
646,38.936868,-9.003779,24.361,False,
647,38.937051,-9.003611,24.659,False,
648,38.937234,-9.003443,24.978,False,
649,38.937417,-9.003275,25.006,False,
650,38.9376,-9.003107,24.637,False,
651,38.937782,-9.002939,24.04,False,
652,38.937965,-9.002771,23.58,False,
653,38.938148,-9.002603,22.648,False,
654,38.938331,-9.002435,21.26,False,
655,38.938514,-9.002267,19.576,False,
656,38.938697,-9.002099,17.899,False,
657,38.93888,-9.001931,17.206,False,
658,38.939063,-9.001763,17.043,False,
659,38.939246,-9.001595,17.264,False,
660,38.939429,-9.001427,18.177,False,
661,38.939612,-9.001259,19.342,False,
662,38.939795,-9.001091,20.069,False,
663,38.939978,-9.000923,19.893,False,
664,38.940161,-9.000755,18.784,False,Vila Franca de Xira approach (events: 2026)
665,38.940344,-9.000587,17.593,False,Vila Franca de Xira approach (events: 2026)
666,38.940527,-9.000419,16.338,False,Vila Franca de Xira approach (events: 2026)
667,38.94071,-9.000251,15.494,False,Vila Franca de Xira approach (events: 2026)
668,38.940893,-9.000083,14.758,False,Vila Franca de Xira approach (events: 2026)
669,38.941075,-8.999915,15.148,False,Vila Franca de Xira approach (events: 2026)
670,38.941258,-8.999747,15.6,False,Vila Franca de Xira approach (events: 2026)
671,38.941441,-8.999579,16.19,False,Vila Franca de Xira approach (events: 2026)
672,38.941624,-8.999411,16.621,False,Vila Franca de Xira approach (events: 2026)
673,38.941807,-8.999243,16.785,False,Vila Franca de Xira approach (events: 2026)
674,38.94199,-8.999075,16.75,False,Vila Franca de Xira approach (events: 2026)
675,38.942173,-8.998907,15.672,False,Vila Franca de Xira approach (events: 2026)
676,38.942356,-8.998739,14.235,False,Vila Franca de Xira approach (events: 2026)
677,38.942539,-8.998571,13.507,False,Vila Franca de Xira approach (events: 2026)
678,38.942722,-8.998403,13.151,False,Vila Franca de Xira approach (events: 2026)
679,38.942905,-8.998235,12.994,False,Vila Franca de Xira approach (events: 2026)
680,38.943088,-8.998067,12.759,False,Vila Franca de Xira approach (events: 2026)
681,38.943271,-8.997899,12.491,False,Vila Franca de Xira approach (events: 2026)
682,38.943454,-8.99773,12.132,False,Vila Franca de Xira approach (events: 2026)
683,38.943637,-8.997562,11.763,False,Vila Franca de Xira approach (events: 2026)
684,38.94382,-8.997394,11.558,False,Vila Franca de Xira approach (events: 2026)
685,38.944003,-8.997226,11.891,False,Vila Franca de Xira approach (events: 2026)
686,38.944185,-8.997058,12.655,False,Vila Franca de Xira approach (events: 2026)
687,38.944368,-8.99689,13.708,False,Vila Franca de Xira approach (events: 2026)
688,38.944551,-8.996722,14.924,False,Vila Franca de Xira approach (events: 2026)
689,38.944734,-8.996554,15.964,False,Vila Franca de Xira approach (events: 2026)
690,38.944917,-8.996386,16.879,False,Vila Franca de Xira approach (events: 2026)
691,38.9451,-8.996218,17.957,False,Vila Franca de Xira approach (events: 2026)
692,38.945283,-8.99605,19.302,False,Vila Franca de Xira approach (events: 2026)
693,38.945443,-8.995904,20.74,False,Vila Franca de Xira approach (events: 2026)
694,38.945267,-8.996084,19.255,False,Vila Franca de Xira approach (events: 2026)
695,38.945104,-8.996127,17.482,False,Vila Franca de Xira approach (events: 2026)
696,38.94525,-8.995942,18.332,False,Vila Franca de Xira approach (events: 2026)
697,38.945427,-8.995764,19.857,False,Vila Franca de Xira approach (events: 2026)
698,38.945611,-8.995599,21.938,False,Vila Franca de Xira approach (events: 2026)
699,38.945796,-8.995434,23.993,False,Vila Franca de Xira approach (events: 2026)
700,38.945984,-8.995275,25.198,False,Vila Franca de Xira approach (events: 2026)
701,38.946174,-8.99512,25.291,False,Vila Franca de Xira approach (events: 2026)
702,38.946364,-8.994966,24.836,False,Vila Franca de Xira approach (events: 2026)
703,38.946564,-8.994833,25.547,False,Vila Franca de Xira approach (events: 2026)
704,38.946763,-8.994701,26.711,False,Vila Franca de Xira approach (events: 2026)
705,38.946963,-8.994568,28.221,False,Vila Franca de Xira approach (events: 2026)
706,38.947163,-8.994435,30.006,False,Vila Franca de Xira approach (events: 2026)
707,38.947369,-8.994321,31.837,False,Vila Franca de Xira approach (events: 2026)
708,38.947579,-8.994218,33.216,False,Vila Franca de Xira approach (events: 2026)
709,38.947789,-8.994115,33.989,False,Vila Franca de Xira approach (events: 2026)
710,38.947999,-8.994011,34.22,False,Vila Franca de Xira approach (events: 2026)
711,38.948209,-8.993908,34.002,False,Vila Franca de Xira approach (events: 2026)
712,38.948425,-8.993829,33.611,False,Vila Franca de Xira approach (events: 2026)
713,38.948644,-8.993762,33.11,False,Vila Franca de Xira approach (events: 2026)
714,38.948862,-8.993694,32.512,False,Vila Franca de Xira approach (events: 2026)
715,38.949081,-8.993626,31.993,False,Vila Franca de Xira approach (events: 2026)
716,38.949299,-8.993558,31.946,False,Vila Franca de Xira approach (events: 2026)
717,38.949519,-8.993501,31.629,False,Vila Franca de Xira approach (events: 2026)
718,38.949743,-8.993471,31.708,False,Vila Franca de Xira approach (events: 2026)
719,38.949966,-8.99344,32.359,False,Vila Franca de Xira approach (events: 2026)
720,38.95019,-8.99341,32.859,False,Vila Franca de Xira approach (events: 2026)
721,38.950414,-8.993379,33.449,False,Vila Franca de Xira approach (events: 2026)
722,38.950637,-8.993351,35.394,False,Vila Franca de Xira approach (events: 2026)
723,38.950862,-8.993346,36.089,False,Vila Franca de Xira approach (events: 2026)
724,38.951087,-8.993341,35.8,False,Vila Franca de Xira approach (events: 2026)
725,38.951312,-8.993336,35.032,False,Vila Franca de Xira approach (events: 2026)
726,38.951536,-8.993331,33.895,False,Vila Franca de Xira approach (events: 2026)
727,38.951761,-8.993326,32.19,False,Vila Franca de Xira approach (events: 2026)
728,38.951697,-8.993467,33.411,False,Vila Franca de Xira approach (events: 2026)
729,38.951473,-8.993473,35.289,False,Vila Franca de Xira approach (events: 2026)
730,38.951248,-8.993479,36.739,False,Vila Franca de Xira approach (events: 2026)
731,38.951023,-8.993484,37.515,False,Vila Franca de Xira approach (events: 2026)
732,38.950798,-8.99349,36.904,False,Vila Franca de Xira approach (events: 2026)
733,38.950574,-8.993501,36.103,False,Vila Franca de Xira approach (events: 2026)
734,38.95035,-8.993531,35.593,False,Vila Franca de Xira approach (events: 2026)
735,38.950127,-8.993561,35.277,False,Vila Franca de Xira approach (events: 2026)
736,38.949903,-8.993592,34.644,False,Vila Franca de Xira approach (events: 2026)
737,38.949679,-8.993622,34.456,False,Vila Franca de Xira approach (events: 2026)
738,38.949456,-8.993655,34.569,False,Vila Franca de Xira approach (events: 2026)
739,38.949237,-8.993721,34.777,False,Vila Franca de Xira approach (events: 2026)
740,38.949018,-8.993787,34.968,False,Vila Franca de Xira approach (events: 2026)
741,38.948799,-8.993853,35.478,False,Vila Franca de Xira approach (events: 2026)
742,38.948581,-8.993919,36.054,False,Vila Franca de Xira approach (events: 2026)
743,38.948362,-8.993985,36.347,False,Vila Franca de Xira approach (events: 2026)
744,38.94815,-8.99408,36.553,False,Vila Franca de Xira approach (events: 2026)
745,38.94794,-8.994184,36.677,False,Vila Franca de Xira approach (events: 2026)
746,38.947731,-8.994289,36.3,False,Vila Franca de Xira approach (events: 2026)
747,38.947521,-8.994394,35.179,False,Vila Franca de Xira approach (events: 2026)
748,38.947311,-8.994499,33.527,False,Vila Franca de Xira approach (events: 2026)
749,38.947108,-8.994622,31.847,False,Vila Franca de Xira approach (events: 2026)
750,38.946906,-8.994749,30.147,False,Vila Franca de Xira approach (events: 2026)
751,38.946705,-8.994877,28.762,False,Vila Franca de Xira approach (events: 2026)
752,38.946503,-8.995004,27.56,False,Vila Franca de Xira approach (events: 2026)
753,38.946308,-8.995147,27.21,False,Vila Franca de Xira approach (events: 2026)
754,38.946119,-8.995305,27.417,False,Vila Franca de Xira approach (events: 2026)
755,38.945931,-8.995463,26.492,False,Vila Franca de Xira approach (events: 2026)
756,38.945747,-8.995629,24.529,False,Vila Franca de Xira approach (events: 2026)
757,38.945563,-8.995795,22.253,False,Vila Franca de Xira approach (events: 2026)
758,38.945542,-8.995857,22.209,False,Vila Franca de Xira approach (events: 2026)
759,38.945757,-8.99577,25.56,False,Vila Franca de Xira approach (events: 2026)
760,38.945971,-8.995684,29.223,False,Vila Franca de Xira approach (events: 2026)
761,38.946186,-8.995597,32.04,False,Vila Franca de Xira approach (events: 2026)
762,38.9464,-8.99551,34.279,False,Vila Franca de Xira approach (events: 2026)
763,38.946614,-8.995423,36.131,False,Vila Franca de Xira approach (events: 2026)
764,38.946829,-8.995336,38.379,False,Vila Franca de Xira approach (events: 2026)
765,38.947043,-8.995249,40.8,False,Vila Franca de Xira approach (events: 2026)
766,38.947258,-8.995162,43.411,False,Vila Franca de Xira approach (events: 2026)
767,38.947472,-8.995075,45.465,False,Vila Franca de Xira approach (events: 2026)
768,38.947687,-8.994988,46.862,False,Vila Franca de Xira approach (events: 2026)
769,38.947901,-8.994902,47.912,False,Vila Franca de Xira approach (events: 2026)
770,38.948115,-8.994815,48.332,False,Vila Franca de Xira approach (events: 2026)
771,38.94833,-8.994728,48.742,False,Vila Franca de Xira approach (events: 2026)
772,38.948544,-8.994641,49.067,False,Vila Franca de Xira approach (events: 2026)
773,38.948759,-8.994554,48.73,False,Vila Franca de Xira approach (events: 2026)
774,38.948973,-8.994467,48.303,False,Vila Franca de Xira approach (events: 2026)
775,38.949188,-8.99438,47.381,False,Vila Franca de Xira approach (events: 2026)
776,38.949402,-8.994293,46.434,False,Vila Franca de Xira approach (events: 2026)
777,38.949617,-8.994207,45.522,False,Vila Franca de Xira approach (events: 2026)
778,38.949831,-8.99412,44.949,False,Vila Franca de Xira approach (events: 2026)
779,38.950045,-8.994033,44.471,False,Vila Franca de Xira approach (events: 2026)
780,38.95026,-8.993946,43.695,False,Vila Franca de Xira approach (events: 2026)
781,38.950474,-8.993859,42.351,False,Vila Franca de Xira approach (events: 2026)
782,38.950689,-8.993772,40.728,False,Vila Franca de Xira approach (events: 2026)
783,38.950903,-8.993685,39.871,False,Vila Franca de Xira approach (events: 2026)
784,38.951118,-8.993598,38.474,False,Vila Franca de Xira approach (events: 2026)
785,38.951332,-8.993512,36.593,False,Vila Franca de Xira approach (events: 2026)
786,38.951546,-8.993425,34.239,False,Vila Franca de Xira approach (events: 2026)
787,38.951761,-8.993338,32.255,False,Vila Franca de Xira approach (events: 2026)
788,38.951984,-8.993324,30.346,False,Vila Franca de Xira approach (events: 2026)
789,38.952209,-8.993322,28.654,False,Vila Franca de Xira approach (events: 2026)
790,38.952434,-8.99332,27.148,False,Vila Franca de Xira approach (events: 2026)
791,38.952658,-8.993312,25.588,False,Vila Franca de Xira approach (events: 2026)
792,38.952882,-8.993281,24.182,False,Vila Franca de Xira approach (events: 2026)
793,38.953105,-8.99325,23.329,False,Vila Franca de Xira approach (events: 2026)
794,38.953329,-8.993219,23.117,False,Vila Franca de Xira approach (events: 2026)
795,38.953553,-8.993188,22.558,False,Vila Franca de Xira approach (events: 2026)
796,38.953772,-8.993129,21.522,False,Vila Franca de Xira approach (events: 2026)
797,38.953989,-8.993053,20.544,False,Vila Franca de Xira approach (events: 2026)
798,38.954206,-8.992978,19.838,False,Vila Franca de Xira approach (events: 2026)
799,38.954423,-8.992902,19.79,False,Vila Franca de Xira approach (events: 2026)
800,38.95464,-8.992827,20.191,False,Vila Franca de Xira approach (events: 2026)
801,38.954857,-8.99275,20.887,False,Vila Franca de Xira approach (events: 2026)
802,38.955074,-8.992673,22.276,False,Vila Franca de Xira approach (events: 2026)
803,38.955287,-8.992585,25.635,False,Vila Franca de Xira approach (events: 2026)
804,38.955495,-8.992475,30.344,False,Vila Franca de Xira approach (events: 2026)
805,38.955702,-8.992361,34.82,False,Vila Franca de Xira approach (events: 2026)
806,38.9559,-8.992226,38.939,False,Vila Franca de Xira approach (events: 2026)
807,38.956099,-8.99209,43.46,False,Vila Franca de Xira approach (events: 2026)
808,38.956279,-8.992028,46.382,False,Vila Franca de Xira approach (events: 2026)
809,38.956168,-8.9922,44.485,False,Vila Franca de Xira approach (events: 2026)
810,38.955969,-8.992334,39.998,False,Vila Franca de Xira approach (events: 2026)
811,38.95577,-8.992468,35.448,False,Vila Franca de Xira approach (events: 2026)
812,38.955565,-8.992588,31.046,False,Vila Franca de Xira approach (events: 2026)
813,38.955359,-8.992702,26.353,False,Vila Franca de Xira approach (events: 2026)
814,38.955147,-8.9928,23.168,False,Vila Franca de Xira approach (events: 2026)
815,38.954932,-8.992883,21.716,False,Vila Franca de Xira approach (events: 2026)
816,38.954716,-8.992963,21.248,False,Vila Franca de Xira approach (events: 2026)
817,38.954499,-8.993037,20.956,False,Vila Franca de Xira approach (events: 2026)
818,38.954281,-8.99311,20.629,False,Vila Franca de Xira approach (events: 2026)
819,38.954064,-8.993183,21.153,False,Vila Franca de Xira approach (events: 2026)
820,38.953846,-8.993256,22.079,False,Vila Franca de Xira approach (events: 2026)
821,38.953628,-8.993322,23.45,False,Vila Franca de Xira approach (events: 2026)
822,38.953404,-8.99335,23.972,False,Vila Franca de Xira approach (events: 2026)
823,38.95318,-8.993379,24.112,False,Vila Franca de Xira approach (events: 2026)
824,38.952956,-8.993407,24.823,False,Vila Franca de Xira approach (events: 2026)
825,38.952733,-8.993435,25.816,False,Vila Franca de Xira approach (events: 2026)
826,38.952508,-8.993452,27.13,False,Vila Franca de Xira approach (events: 2026)
827,38.952283,-8.993456,28.773,False,Vila Franca de Xira approach (events: 2026)
828,38.952059,-8.99346,30.52,False,Vila Franca de Xira approach (events: 2026)
829,38.951834,-8.993464,32.337,False,Vila Franca de Xira approach (events: 2026)
830,38.951948,-8.99341,31.114,False,Vila Franca de Xira approach (events: 2026)
831,38.952166,-8.993338,29.044,False,Vila Franca de Xira approach (events: 2026)
832,38.952384,-8.993265,27.396,False,Vila Franca de Xira approach (events: 2026)
833,38.952601,-8.993193,25.666,False,Vila Franca de Xira approach (events: 2026)
834,38.952819,-8.993121,24.062,False,Vila Franca de Xira approach (events: 2026)
835,38.953037,-8.993049,22.803,False,Vila Franca de Xira approach (events: 2026)
836,38.953255,-8.992977,22.09,False,Vila Franca de Xira approach (events: 2026)
837,38.953472,-8.992905,21.454,False,Vila Franca de Xira approach (events: 2026)
838,38.95369,-8.992832,20.495,False,Vila Franca de Xira approach (events: 2026)
839,38.953908,-8.99276,19.74,False,Vila Franca de Xira approach (events: 2026)
840,38.954125,-8.992688,19.059,False,Vila Franca de Xira approach (events: 2026)
841,38.954343,-8.992616,18.675,False,Vila Franca de Xira approach (events: 2026)
842,38.954561,-8.992544,18.872,False,Vila Franca de Xira approach (events: 2026)
843,38.954779,-8.992471,19.681,False,Vila Franca de Xira approach (events: 2026)
844,38.954996,-8.992399,21.318,False,Vila Franca de Xira approach (events: 2026)
845,38.955214,-8.992327,24.662,False,Vila Franca de Xira approach (events: 2026)
846,38.955432,-8.992255,30.002,False,Vila Franca de Xira approach (events: 2026)
847,38.955649,-8.992183,34.271,False,Vila Franca de Xira approach (events: 2026)
848,38.955867,-8.992111,38.476,False,Vila Franca de Xira approach (events: 2026)
849,38.956085,-8.992038,43.003,False,Vila Franca de Xira approach (events: 2026)
850,38.956297,-8.991949,46.58,False,Vila Franca de Xira approach (events: 2026)
851,38.956483,-8.991788,49.035,False,Vila Franca de Xira approach (events: 2026)
852,38.95667,-8.991627,50.396,False,Vila Franca de Xira approach (events: 2026)
853,38.956855,-8.991464,50.406,False,Vila Franca de Xira approach (events: 2026)
854,38.957041,-8.991301,48.685,False,Vila Franca de Xira approach (events: 2026)
855,38.957227,-8.991138,46.657,False,Vila Franca de Xira approach (events: 2026)
856,38.957413,-8.990975,45.112,False,Vila Franca de Xira approach (events: 2026)
857,38.957598,-8.990812,44.085,False,Vila Franca de Xira approach (events: 2026)
858,38.957779,-8.99064,43.239,False,Vila Franca de Xira approach (events: 2026)
859,38.957938,-8.990437,42.337,False,Vila Franca de Xira approach (events: 2026)
860,38.958098,-8.990233,42.068,False,Vila Franca de Xira approach (events: 2026)
861,38.958257,-8.99003,41.786,False,Vila Franca de Xira approach (events: 2026)
862,38.958417,-8.989826,41.525,False,Vila Franca de Xira approach (events: 2026)
863,38.958577,-8.989622,41.038,False,Vila Franca de Xira approach (events: 2026)
864,38.958736,-8.989419,40.167,False,Vila Franca de Xira approach (events: 2026)
865,38.958896,-8.989215,39.291,False,Vila Franca de Xira approach (events: 2026)
866,38.959055,-8.989011,38.015,False,Vila Franca de Xira approach (events: 2026)
867,38.959215,-8.988808,36.145,False,Vila Franca de Xira approach (events: 2026)
868,38.959377,-8.988685,35.597,False,Vila Franca de Xira approach (events: 2026)
869,38.959298,-8.988891,37.35,False,Vila Franca de Xira approach (events: 2026)
870,38.959145,-8.989102,39.501,False,Vila Franca de Xira approach (events: 2026)
871,38.958991,-8.989313,41.005,False,Vila Franca de Xira approach (events: 2026)
872,38.958838,-8.989524,41.642,False,Vila Franca de Xira approach (events: 2026)
873,38.958682,-8.989733,42.104,False,Vila Franca de Xira approach (events: 2026)
874,38.958522,-8.989936,42.499,False,Vila Franca de Xira approach (events: 2026)
875,38.958363,-8.99014,42.786,False,Vila Franca de Xira approach (events: 2026)
876,38.958203,-8.990343,43.564,False,Vila Franca de Xira approach (events: 2026)
877,38.958043,-8.990547,44.113,False,Vila Franca de Xira approach (events: 2026)
878,38.957884,-8.990751,44.838,False,Vila Franca de Xira approach (events: 2026)
879,38.957705,-8.990925,45.474,False,Vila Franca de Xira approach (events: 2026)
880,38.95752,-8.991088,46.235,False,Vila Franca de Xira approach (events: 2026)
881,38.957334,-8.991251,47.607,False,Vila Franca de Xira approach (events: 2026)
882,38.957148,-8.991415,49.407,False,Vila Franca de Xira approach (events: 2026)
883,38.956963,-8.991578,50.994,False,Vila Franca de Xira approach (events: 2026)
884,38.956777,-8.991741,51.246,False,Vila Franca de Xira approach (events: 2026)
885,38.956586,-8.991892,49.965,False,Vila Franca de Xira approach (events: 2026)
886,38.956393,-8.99204,48.006,False,Vila Franca de Xira approach (events: 2026)
887,38.956404,-8.992,48.168,False,Vila Franca de Xira approach (events: 2026)
888,38.956575,-8.991812,49.829,False,Vila Franca de Xira approach (events: 2026)
889,38.956745,-8.991624,50.883,False,Vila Franca de Xira approach (events: 2026)
890,38.956916,-8.991437,50.257,False,Vila Franca de Xira approach (events: 2026)
891,38.957087,-8.991249,48.06,False,Vila Franca de Xira approach (events: 2026)
892,38.957258,-8.991061,45.872,False,Vila Franca de Xira approach (events: 2026)
893,38.957429,-8.990873,44.062,False,Vila Franca de Xira approach (events: 2026)
894,38.9576,-8.990685,42.848,False,Vila Franca de Xira approach (events: 2026)
895,38.957771,-8.990498,41.786,False,Vila Franca de Xira approach (events: 2026)
896,38.957942,-8.99031,41.237,False,Vila Franca de Xira approach (events: 2026)
897,38.958113,-8.990122,41.323,False,Vila Franca de Xira approach (events: 2026)
898,38.958284,-8.989934,41.341,False,Vila Franca de Xira approach (events: 2026)
899,38.958455,-8.989746,41.205,False,Vila Franca de Xira approach (events: 2026)
900,38.958626,-8.989558,40.871,False,Vila Franca de Xira approach (events: 2026)
901,38.958797,-8.989371,40.219,False,Vila Franca de Xira approach (events: 2026)
902,38.958968,-8.989183,39.47,False,Vila Franca de Xira approach (events: 2026)
903,38.959139,-8.988995,38.193,False,Vila Franca de Xira approach (events: 2026)
904,38.95931,-8.988807,36.538,False,Vila Franca de Xira approach (events: 2026)
905,38.95948,-8.988619,35.136,False,Vila Franca de Xira approach (events: 2026)
906,38.959598,-8.988495,34.427,False,Vila Franca de Xira approach (events: 2026)
907,38.959439,-8.9887,35.806,False,Vila Franca de Xira approach (events: 2026)
908,38.959495,-8.988501,34.384,False,Vila Franca de Xira approach (events: 2026)
909,38.959617,-8.988262,32.696,False,Vila Franca de Xira approach (events: 2026)
910,38.959769,-8.98805,31.124,False,Vila Franca de Xira approach (events: 2026)
911,38.959922,-8.987837,30.137,False,Vila Franca de Xira approach (events: 2026)
912,38.960075,-8.987626,29.799,False,Vila Franca de Xira approach (events: 2026)
913,38.960242,-8.987432,29.266,False,Vila Franca de Xira approach (events: 2026)
914,38.960408,-8.987237,28.963,False,Vila Franca de Xira approach (events: 2026)
915,38.960575,-8.987043,28.551,False,Vila Franca de Xira approach (events: 2026)
916,38.960741,-8.986849,27.667,False,Vila Franca de Xira approach (events: 2026)
917,38.960908,-8.986654,27.162,False,Vila Franca de Xira approach (events: 2026)
918,38.961106,-8.986529,27.755,False,Vila Franca de Xira approach (events: 2026)
919,38.961318,-8.986433,28.682,False,Vila Franca de Xira approach (events: 2026)
920,38.96153,-8.986337,29.154,False,Vila Franca de Xira approach (events: 2026)
921,38.961742,-8.98624,28.222,False,Vila Franca de Xira approach (events: 2026)
922,38.961954,-8.986144,25.842,False,Vila Franca de Xira approach (events: 2026)
923,38.962167,-8.986048,22.553,False,Vila Franca de Xira approach (events: 2026)
924,38.962379,-8.985951,19.612,False,Vila Franca de Xira approach (events: 2026)
925,38.962591,-8.985855,17.373,False,Vila Franca de Xira approach (events: 2026)
926,38.962803,-8.985759,16.054,False,Vila Franca de Xira approach (events: 2026)
927,38.963015,-8.985662,15.45,False,Vila Franca de Xira approach (events: 2026)
928,38.963227,-8.985566,15.237,False,Vila Franca de Xira approach (events: 2026)
929,38.963439,-8.98547,14.947,False,Vila Franca de Xira approach (events: 2026)
930,38.963651,-8.985373,14.606,False,Vila Franca de Xira approach (events: 2026)
931,38.963863,-8.985277,13.994,False,Vila Franca de Xira approach (events: 2026)
932,38.964075,-8.985181,13.086,False,Vila Franca de Xira approach (events: 2026)
933,38.964287,-8.985084,12.643,False,Vila Franca de Xira approach (events: 2026)
934,38.964499,-8.984988,12.277,False,Vila Franca de Xira approach (events: 2026)
935,38.964711,-8.984892,11.841,False,Vila Franca de Xira approach (events: 2026)
936,38.964923,-8.984795,11.432,False,Vila Franca de Xira approach (events: 2026)
937,38.965135,-8.984699,10.974,False,Vila Franca de Xira approach (events: 2026)
938,38.965347,-8.984603,10.671,False,Vila Franca de Xira approach (events: 2026)
939,38.965559,-8.984506,10.123,False,Vila Franca de Xira approach (events: 2026)
940,38.965771,-8.98441,9.881,False,Vila Franca de Xira approach (events: 2026)
941,38.965983,-8.984314,9.616,False,Vila Franca de Xira approach (events: 2026)
942,38.966195,-8.984217,9.57,False,Vila Franca de Xira approach (events: 2026)
943,38.966407,-8.984121,9.501,False,Vila Franca de Xira approach (events: 2026)
944,38.966619,-8.984025,9.757,False,Vila Franca de Xira approach (events: 2026)
945,38.966831,-8.983928,10.062,False,Vila Franca de Xira approach (events: 2026)
946,38.967043,-8.983832,10.48,False,Vila Franca de Xira approach (events: 2026)
947,38.967255,-8.983736,10.853,False,Vila Franca de Xira approach (events: 2026)
948,38.967467,-8.983639,11.081,False,Vila Franca de Xira approach (events: 2026)
949,38.967679,-8.983543,11.085,False,Vila Franca de Xira approach (events: 2026)
950,38.967891,-8.983447,10.857,False,Vila Franca de Xira approach (events: 2026)
951,38.968103,-8.98335,10.606,False,Vila Franca de Xira approach (events: 2026)
952,38.968315,-8.983254,10.328,False,Vila Franca de Xira approach (events: 2026)
953,38.968527,-8.983158,10.522,False,Vila Franca de Xira approach (events: 2026)
954,38.968739,-8.983062,10.679,False,Vila Franca de Xira approach (events: 2026)
955,38.968951,-8.982965,10.97,False,Vila Franca de Xira approach (events: 2026)
956,38.969163,-8.982869,10.993,False,Vila Franca de Xira approach (events: 2026)
957,38.969375,-8.982773,11.165,False,Vila Franca de Xira approach (events: 2026)
958,38.969587,-8.982676,11.27,False,Vila Franca de Xira approach (events: 2026)
959,38.969799,-8.98258,11.499,False,Vila Franca de Xira approach (events: 2026)
960,38.970011,-8.982484,11.444,False,Vila Franca de Xira approach (events: 2026)
961,38.970223,-8.982387,11.062,False,Vila Franca de Xira approach (events: 2026)
962,38.970435,-8.982291,10.417,False,Vila Franca de Xira approach (events: 2026)
963,38.970647,-8.982195,9.846,False,Vila Franca de Xira approach (events: 2026)
964,38.970859,-8.982098,9.486,False,Vila Franca de Xira approach (events: 2026)
965,38.971071,-8.982002,9.422,False,Vila Franca de Xira approach (events: 2026)
966,38.971283,-8.981906,9.456,False,Vila Franca de Xira approach (events: 2026)
967,38.971495,-8.981809,9.803,False,Vila Franca de Xira approach (events: 2026)
968,38.971707,-8.981713,10.547,False,Vila Franca de Xira approach (events: 2026)
969,38.971919,-8.981617,11.532,False,Vila Franca de Xira approach (events: 2026)
970,38.972131,-8.98152,12.402,False,Vila Franca de Xira approach (events: 2026)
971,38.972343,-8.981424,13.124,False,Vila Franca de Xira approach (events: 2026)
972,38.972555,-8.981328,13.536,False,Vila Franca de Xira approach (events: 2026)
973,38.972767,-8.981231,13.822,False,Vila Franca de Xira approach (events: 2026)
974,38.972979,-8.981135,14.128,False,Vila Franca de Xira approach (events: 2026)
975,38.973191,-8.981039,14.752,False,Vila Franca de Xira approach (events: 2026)
976,38.973403,-8.980942,15.39,False,Vila Franca de Xira approach (events: 2026)
977,38.973615,-8.980846,16.267,False,Vila Franca de Xira approach (events: 2026)
978,38.973827,-8.98075,16.967,False,Vila Franca de Xira approach (events: 2026)
979,38.974039,-8.980653,17.532,False,Vila Franca de Xira approach (events: 2026)
980,38.974251,-8.980557,17.722,False,Vila Franca de Xira approach (events: 2026)
981,38.974463,-8.980461,17.666,False,Vila Franca de Xira approach (events: 2026)
982,38.974675,-8.980364,17.737,False,Vila Franca de Xira approach (events: 2026)
983,38.974887,-8.980268,18.407,False,Vila Franca de Xira approach (events: 2026)
984,38.9751,-8.980172,19.425,False,"Carregado / Azambuja (events: 2022, 2026)"
985,38.975312,-8.980075,20.425,False,"Carregado / Azambuja (events: 2022, 2026)"
986,38.975524,-8.979979,21.294,False,"Carregado / Azambuja (events: 2022, 2026)"
987,38.975736,-8.979883,21.785,False,"Carregado / Azambuja (events: 2022, 2026)"
988,38.975948,-8.979786,21.817,False,"Carregado / Azambuja (events: 2022, 2026)"
989,38.97616,-8.97969,21.239,False,"Carregado / Azambuja (events: 2022, 2026)"
990,38.976372,-8.979594,20.622,False,"Carregado / Azambuja (events: 2022, 2026)"
991,38.976584,-8.979497,20.052,False,"Carregado / Azambuja (events: 2022, 2026)"
992,38.976796,-8.979401,19.475,False,"Carregado / Azambuja (events: 2022, 2026)"
993,38.977008,-8.979305,18.969,False,"Carregado / Azambuja (events: 2022, 2026)"
994,38.97722,-8.979208,18.544,False,"Carregado / Azambuja (events: 2022, 2026)"
995,38.977432,-8.979112,18.214,False,"Carregado / Azambuja (events: 2022, 2026)"
996,38.977644,-8.979016,18.101,False,"Carregado / Azambuja (events: 2022, 2026)"
997,38.977856,-8.978919,18.256,False,"Carregado / Azambuja (events: 2022, 2026)"
998,38.978068,-8.978823,18.75,False,"Carregado / Azambuja (events: 2022, 2026)"
999,38.97828,-8.978727,19.028,False,"Carregado / Azambuja (events: 2022, 2026)"
1000,38.978492,-8.97863,18.559,False,"Carregado / Azambuja (events: 2022, 2026)"
1001,38.978704,-8.978534,17.615,False,"Carregado / Azambuja (events: 2022, 2026)"
1002,38.978916,-8.978438,16.467,False,"Carregado / Azambuja (events: 2022, 2026)"
1003,38.979128,-8.978342,16.141,False,"Carregado / Azambuja (events: 2022, 2026)"
1004,38.97934,-8.978245,16.552,False,"Carregado / Azambuja (events: 2022, 2026)"
1005,38.979552,-8.978149,18.368,False,"Carregado / Azambuja (events: 2022, 2026)"
1006,38.979764,-8.978053,20.892,False,"Carregado / Azambuja (events: 2022, 2026)"
1007,38.979976,-8.977956,22.274,False,"Carregado / Azambuja (events: 2022, 2026)"
1008,38.980188,-8.97786,22.512,False,"Carregado / Azambuja (events: 2022, 2026)"
1009,38.9804,-8.977764,22.24,False,"Carregado / Azambuja (events: 2022, 2026)"
1010,38.980612,-8.977667,22.217,False,"Carregado / Azambuja (events: 2022, 2026)"
1011,38.980824,-8.977571,22.06,False,"Carregado / Azambuja (events: 2022, 2026)"
1012,38.981036,-8.977475,21.684,False,"Carregado / Azambuja (events: 2022, 2026)"
1013,38.981248,-8.977378,21.208,False,"Carregado / Azambuja (events: 2022, 2026)"
1014,38.98146,-8.977282,21.467,False,"Carregado / Azambuja (events: 2022, 2026)"
1015,38.981672,-8.977186,21.939,False,"Carregado / Azambuja (events: 2022, 2026)"
1016,38.981884,-8.977089,22.661,False,"Carregado / Azambuja (events: 2022, 2026)"
1017,38.982096,-8.976993,23.663,False,"Carregado / Azambuja (events: 2022, 2026)"
1018,38.982308,-8.976897,24.489,False,"Carregado / Azambuja (events: 2022, 2026)"
1019,38.98252,-8.9768,25.165,False,"Carregado / Azambuja (events: 2022, 2026)"
1020,38.982732,-8.976704,25.956,False,"Carregado / Azambuja (events: 2022, 2026)"
1021,38.982944,-8.976608,26.415,False,"Carregado / Azambuja (events: 2022, 2026)"
1022,38.983156,-8.976511,26.214,False,"Carregado / Azambuja (events: 2022, 2026)"
1023,38.983368,-8.976415,26.255,False,"Carregado / Azambuja (events: 2022, 2026)"
1024,38.98358,-8.976319,25.897,False,"Carregado / Azambuja (events: 2022, 2026)"
1025,38.983792,-8.976222,25.44,False,"Carregado / Azambuja (events: 2022, 2026)"
1026,38.984004,-8.976126,24.662,False,"Carregado / Azambuja (events: 2022, 2026)"
1027,38.984216,-8.97603,24.07,False,"Carregado / Azambuja (events: 2022, 2026)"
1028,38.984428,-8.975933,23.2,False,"Carregado / Azambuja (events: 2022, 2026)"
1029,38.98464,-8.975837,22.677,False,"Carregado / Azambuja (events: 2022, 2026)"
1030,38.984852,-8.975741,21.972,False,"Carregado / Azambuja (events: 2022, 2026)"
1031,38.985064,-8.975644,21.138,False,"Carregado / Azambuja (events: 2022, 2026)"
1032,38.985276,-8.975548,20.266,False,"Carregado / Azambuja (events: 2022, 2026)"
1033,38.985488,-8.975452,19.512,False,"Carregado / Azambuja (events: 2022, 2026)"
1034,38.9857,-8.975355,18.862,False,"Carregado / Azambuja (events: 2022, 2026)"
1035,38.985912,-8.975259,18.794,False,"Carregado / Azambuja (events: 2022, 2026)"
1036,38.986124,-8.975163,19.079,False,"Carregado / Azambuja (events: 2022, 2026)"
1037,38.986336,-8.975066,20.044,False,"Carregado / Azambuja (events: 2022, 2026)"
1038,38.986548,-8.97497,21.526,False,"Carregado / Azambuja (events: 2022, 2026)"
1039,38.98676,-8.974874,23.277,False,"Carregado / Azambuja (events: 2022, 2026)"
1040,38.986972,-8.974777,25.66,False,"Carregado / Azambuja (events: 2022, 2026)"
1041,38.987184,-8.974681,28.807,False,"Carregado / Azambuja (events: 2022, 2026)"
1042,38.987396,-8.974585,32.111,False,"Carregado / Azambuja (events: 2022, 2026)"
1043,38.987608,-8.974488,35.677,False,"Carregado / Azambuja (events: 2022, 2026)"
1044,38.98782,-8.974392,38.496,False,"Carregado / Azambuja (events: 2022, 2026)"
1045,38.988033,-8.974296,40.019,False,"Carregado / Azambuja (events: 2022, 2026)"
1046,38.988245,-8.974199,40.478,False,"Carregado / Azambuja (events: 2022, 2026)"
1047,38.988457,-8.974103,39.359,False,"Carregado / Azambuja (events: 2022, 2026)"
1048,38.988669,-8.974007,37.483,False,"Carregado / Azambuja (events: 2022, 2026)"
1049,38.988881,-8.97391,35.197,False,"Carregado / Azambuja (events: 2022, 2026)"
1050,38.989093,-8.973814,32.524,False,"Carregado / Azambuja (events: 2022, 2026)"
1051,38.989305,-8.973718,29.968,False,"Carregado / Azambuja (events: 2022, 2026)"
1052,38.989517,-8.973621,27.616,False,"Carregado / Azambuja (events: 2022, 2026)"
1053,38.989729,-8.973525,24.98,False,"Carregado / Azambuja (events: 2022, 2026)"
1054,38.989941,-8.973429,22.823,False,"Carregado / Azambuja (events: 2022, 2026)"
1055,38.990153,-8.973333,21.391,False,"Carregado / Azambuja (events: 2022, 2026)"
1056,38.990365,-8.973236,20.484,False,"Carregado / Azambuja (events: 2022, 2026)"
1057,38.990577,-8.97314,19.696,False,"Carregado / Azambuja (events: 2022, 2026)"
1058,38.990789,-8.973044,19.09,False,"Carregado / Azambuja (events: 2022, 2026)"
1059,38.991001,-8.972947,18.984,False,"Carregado / Azambuja (events: 2022, 2026)"
1060,38.991213,-8.972851,18.721,False,"Carregado / Azambuja (events: 2022, 2026)"
1061,38.991425,-8.972755,18.656,False,"Carregado / Azambuja (events: 2022, 2026)"
1062,38.991637,-8.972658,19.138,False,"Carregado / Azambuja (events: 2022, 2026)"
1063,38.991849,-8.972562,19.418,False,"Carregado / Azambuja (events: 2022, 2026)"
1064,38.992061,-8.972466,19.694,False,"Carregado / Azambuja (events: 2022, 2026)"
1065,38.992273,-8.972369,19.573,False,"Carregado / Azambuja (events: 2022, 2026)"
1066,38.992485,-8.972273,19.144,False,"Carregado / Azambuja (events: 2022, 2026)"
1067,38.992697,-8.972177,18.664,False,"Carregado / Azambuja (events: 2022, 2026)"
1068,38.992909,-8.97208,18.063,False,"Carregado / Azambuja (events: 2022, 2026)"
1069,38.993121,-8.971984,17.56,False,"Carregado / Azambuja (events: 2022, 2026)"
1070,38.993333,-8.971888,16.956,False,"Carregado / Azambuja (events: 2022, 2026)"
1071,38.993545,-8.971791,16.171,False,"Carregado / Azambuja (events: 2022, 2026)"
1072,38.993757,-8.971695,15.252,False,"Carregado / Azambuja (events: 2022, 2026)"
1073,38.993969,-8.971599,14.6,False,"Carregado / Azambuja (events: 2022, 2026)"
1074,38.994181,-8.971502,14.296,False,"Carregado / Azambuja (events: 2022, 2026)"
1075,38.994393,-8.971406,14.108,False,"Carregado / Azambuja (events: 2022, 2026)"
1076,38.994605,-8.97131,14.028,False,"Carregado / Azambuja (events: 2022, 2026)"
1077,38.994817,-8.971213,13.795,False,"Carregado / Azambuja (events: 2022, 2026)"
1078,38.995029,-8.971117,13.628,False,"Carregado / Azambuja (events: 2022, 2026)"
1079,38.995241,-8.971021,13.567,False,"Carregado / Azambuja (events: 2022, 2026)"
1080,38.995453,-8.970924,13.585,False,"Carregado / Azambuja (events: 2022, 2026)"
1081,38.995665,-8.970828,13.538,False,"Carregado / Azambuja (events: 2022, 2026)"
1082,38.995877,-8.970732,13.273,False,"Carregado / Azambuja (events: 2022, 2026)"
1083,38.996089,-8.970635,12.687,False,"Carregado / Azambuja (events: 2022, 2026)"
1084,38.996301,-8.970539,12.175,False,"Carregado / Azambuja (events: 2022, 2026)"
1085,38.996513,-8.970443,11.759,False,"Carregado / Azambuja (events: 2022, 2026)"
1086,38.996725,-8.970346,11.362,False,"Carregado / Azambuja (events: 2022, 2026)"
1087,38.996937,-8.97025,10.72,False,"Carregado / Azambuja (events: 2022, 2026)"
1088,38.997149,-8.970154,10.222,False,"Carregado / Azambuja (events: 2022, 2026)"
1089,38.997361,-8.970057,9.843,False,"Carregado / Azambuja (events: 2022, 2026)"
1090,38.997573,-8.969961,9.768,False,"Carregado / Azambuja (events: 2022, 2026)"
1091,38.997785,-8.969865,9.778,False,"Carregado / Azambuja (events: 2022, 2026)"
1092,38.997997,-8.969768,9.826,False,"Carregado / Azambuja (events: 2022, 2026)"
1093,38.998209,-8.969672,9.727,False,"Carregado / Azambuja (events: 2022, 2026)"
1094,38.998421,-8.969576,9.484,False,"Carregado / Azambuja (events: 2022, 2026)"
1095,38.998633,-8.969479,9.125,False,"Carregado / Azambuja (events: 2022, 2026)"
1096,38.998845,-8.969383,8.74,False,"Carregado / Azambuja (events: 2022, 2026)"
1097,38.999057,-8.969287,8.298,False,"Carregado / Azambuja (events: 2022, 2026)"
1098,38.999269,-8.96919,7.85,False,"Carregado / Azambuja (events: 2022, 2026)"
1099,38.999481,-8.969094,7.432,False,"Carregado / Azambuja (events: 2022, 2026)"
1100,38.999693,-8.968998,7.18,False,"Carregado / Azambuja (events: 2022, 2026)"
1101,38.999905,-8.968901,7.052,False,"Carregado / Azambuja (events: 2022, 2026)"
1102,39.000117,-8.968805,7.142,False,"Carregado / Azambuja (events: 2022, 2026)"
1103,39.000329,-8.968709,7.27,False,"Carregado / Azambuja (events: 2022, 2026)"
1104,39.000541,-8.968613,7.377,False,"Carregado / Azambuja (events: 2022, 2026)"
1105,39.000754,-8.968516,7.351,False,"Carregado / Azambuja (events: 2022, 2026)"
1106,39.000966,-8.96842,7.23,False,"Carregado / Azambuja (events: 2022, 2026)"
1107,39.001178,-8.968324,7.011,False,"Carregado / Azambuja (events: 2022, 2026)"
1108,39.00139,-8.968227,6.695,False,"Carregado / Azambuja (events: 2022, 2026)"
1109,39.001602,-8.968131,6.218,False,"Carregado / Azambuja (events: 2022, 2026)"
1110,39.001814,-8.968035,5.566,False,"Carregado / Azambuja (events: 2022, 2026)"
1111,39.002026,-8.967938,4.921,True,"Carregado / Azambuja (events: 2022, 2026)"
1112,39.002238,-8.967842,4.68,True,"Carregado / Azambuja (events: 2022, 2026)"
1113,39.00245,-8.967746,4.859,True,"Carregado / Azambuja (events: 2022, 2026)"
1114,39.002662,-8.967649,5.22,False,"Carregado / Azambuja (events: 2022, 2026)"
1115,39.002874,-8.967553,5.617,False,"Carregado / Azambuja (events: 2022, 2026)"
1116,39.003086,-8.967457,5.927,False,"Carregado / Azambuja (events: 2022, 2026)"
1117,39.003298,-8.96736,6.274,False,"Carregado / Azambuja (events: 2022, 2026)"
1118,39.00351,-8.967264,6.588,False,"Carregado / Azambuja (events: 2022, 2026)"
1119,39.003722,-8.967168,6.953,False,"Carregado / Azambuja (events: 2022, 2026)"
1120,39.003934,-8.967071,6.974,False,"Carregado / Azambuja (events: 2022, 2026)"
1121,39.004146,-8.966975,6.721,False,"Carregado / Azambuja (events: 2022, 2026)"
1122,39.004358,-8.966879,6.21,False,"Carregado / Azambuja (events: 2022, 2026)"
1123,39.00457,-8.966782,5.697,False,"Carregado / Azambuja (events: 2022, 2026)"
1124,39.004782,-8.966686,5.295,False,"Carregado / Azambuja (events: 2022, 2026)"
1125,39.004994,-8.96659,5.011,False,"Carregado / Azambuja (events: 2022, 2026)"
1126,39.005206,-8.966493,4.779,True,"Carregado / Azambuja (events: 2022, 2026)"
1127,39.005418,-8.966397,4.589,True,"Carregado / Azambuja (events: 2022, 2026)"
1128,39.00563,-8.966301,4.404,True,"Carregado / Azambuja (events: 2022, 2026)"
1129,39.005842,-8.966204,4.214,True,"Carregado / Azambuja (events: 2022, 2026)"
1130,39.006054,-8.966108,3.682,True,"Carregado / Azambuja (events: 2022, 2026)"
1131,39.006266,-8.966012,2.502,True,"Carregado / Azambuja (events: 2022, 2026)"
1132,39.006478,-8.965915,1.806,True,"Carregado / Azambuja (events: 2022, 2026)"
1133,39.00669,-8.965819,2.359,True,"Carregado / Azambuja (events: 2022, 2026)"
1134,39.006902,-8.965723,3.397,True,"Carregado / Azambuja (events: 2022, 2026)"
1135,39.007114,-8.965626,4.294,True,"Carregado / Azambuja (events: 2022, 2026)"
1136,39.007326,-8.96553,4.898,True,"Carregado / Azambuja (events: 2022, 2026)"
1137,39.007538,-8.965434,5.347,False,"Carregado / Azambuja (events: 2022, 2026)"
1138,39.00775,-8.965337,5.525,False,"Carregado / Azambuja (events: 2022, 2026)"
1139,39.007962,-8.965241,5.63,False,"Carregado / Azambuja (events: 2022, 2026)"
1140,39.008174,-8.965145,5.566,False,"Carregado / Azambuja (events: 2022, 2026)"
1141,39.008386,-8.965048,5.266,False,"Carregado / Azambuja (events: 2022, 2026)"
1142,39.008598,-8.964952,4.706,True,"Carregado / Azambuja (events: 2022, 2026)"
1143,39.00881,-8.964856,4.046,True,"Carregado / Azambuja (events: 2022, 2026)"
1144,39.009022,-8.964759,3.643,True,"Carregado / Azambuja (events: 2022, 2026)"
1145,39.009234,-8.964663,3.461,True,"Carregado / Azambuja (events: 2022, 2026)"
1146,39.009446,-8.964567,3.592,True,"Carregado / Azambuja (events: 2022, 2026)"
1147,39.009658,-8.96447,3.85,True,"Carregado / Azambuja (events: 2022, 2026)"
1148,39.00987,-8.964374,4.045,True,"Carregado / Azambuja (events: 2022, 2026)"
1149,39.010082,-8.964278,4.155,True,"Carregado / Azambuja (events: 2022, 2026)"
1150,39.010294,-8.964181,4.123,True,"Carregado / Azambuja (events: 2022, 2026)"
1151,39.010506,-8.964085,4.239,True,"Carregado / Azambuja (events: 2022, 2026)"
1152,39.010718,-8.963989,4.561,True,"Carregado / Azambuja (events: 2022, 2026)"
1153,39.01093,-8.963892,4.836,True,"Carregado / Azambuja (events: 2022, 2026)"
1154,39.011142,-8.963796,5.121,False,"Carregado / Azambuja (events: 2022, 2026)"
1155,39.011354,-8.9637,5.44,False,"Carregado / Azambuja (events: 2022, 2026)"
1156,39.011566,-8.963604,5.654,False,"Carregado / Azambuja (events: 2022, 2026)"
1157,39.011778,-8.963507,5.629,False,"Carregado / Azambuja (events: 2022, 2026)"
1158,39.01199,-8.963411,5.133,False,"Carregado / Azambuja (events: 2022, 2026)"
1159,39.012202,-8.963315,4.492,True,"Carregado / Azambuja (events: 2022, 2026)"
1160,39.012414,-8.963218,5.135,False,"Carregado / Azambuja (events: 2022, 2026)"
1161,39.012626,-8.963122,6.031,False,"Carregado / Azambuja (events: 2022, 2026)"
1162,39.012838,-8.963026,7.22,False,"Carregado / Azambuja (events: 2022, 2026)"
1163,39.01305,-8.962929,8.22,False,"Carregado / Azambuja (events: 2022, 2026)"
1164,39.013262,-8.962833,8.94,False,"Carregado / Azambuja (events: 2022, 2026)"
1165,39.013474,-8.962737,8.397,False,"Carregado / Azambuja (events: 2022, 2026)"
1166,39.013687,-8.96264,7.276,False,"Carregado / Azambuja (events: 2022, 2026)"
1167,39.013899,-8.962544,6.368,False,"Carregado / Azambuja (events: 2022, 2026)"
1168,39.014111,-8.962448,6.086,False,"Carregado / Azambuja (events: 2022, 2026)"
1169,39.014323,-8.962351,6.428,False,"Carregado / Azambuja (events: 2022, 2026)"
1170,39.014535,-8.962255,7.184,False,"Carregado / Azambuja (events: 2022, 2026)"
1171,39.014747,-8.962159,7.857,False,"Carregado / Azambuja (events: 2022, 2026)"
1172,39.014959,-8.962062,8.132,False,"Carregado / Azambuja (events: 2022, 2026)"
1173,39.015171,-8.961966,7.981,False,"Carregado / Azambuja (events: 2022, 2026)"
1174,39.015383,-8.96187,7.888,False,"Carregado / Azambuja (events: 2022, 2026)"
1175,39.015595,-8.961773,8.047,False,"Carregado / Azambuja (events: 2022, 2026)"
1176,39.015807,-8.961677,8.205,False,"Carregado / Azambuja (events: 2022, 2026)"
1177,39.016019,-8.961581,8.384,False,"Carregado / Azambuja (events: 2022, 2026)"
1178,39.016231,-8.961484,8.474,False,"Carregado / Azambuja (events: 2022, 2026)"
1179,39.016443,-8.961388,8.606,False,"Carregado / Azambuja (events: 2022, 2026)"
1180,39.016655,-8.961292,8.788,False,"Carregado / Azambuja (events: 2022, 2026)"
1181,39.016867,-8.961195,8.97,False,"Carregado / Azambuja (events: 2022, 2026)"
1182,39.017079,-8.961099,9.126,False,"Carregado / Azambuja (events: 2022, 2026)"
1183,39.017291,-8.961003,9.342,False,"Carregado / Azambuja (events: 2022, 2026)"
1184,39.017503,-8.960906,9.681,False,"Carregado / Azambuja (events: 2022, 2026)"
1185,39.017715,-8.96081,10.342,False,"Carregado / Azambuja (events: 2022, 2026)"
1186,39.017927,-8.960714,11.366,False,"Carregado / Azambuja (events: 2022, 2026)"
1187,39.018139,-8.960617,11.519,False,"Carregado / Azambuja (events: 2022, 2026)"
1188,39.018351,-8.960521,10.751,False,"Carregado / Azambuja (events: 2022, 2026)"
1189,39.018563,-8.960425,9.75,False,"Carregado / Azambuja (events: 2022, 2026)"
1190,39.018775,-8.960328,8.701,False,"Carregado / Azambuja (events: 2022, 2026)"
1191,39.018987,-8.960232,8.168,False,"Carregado / Azambuja (events: 2022, 2026)"
1192,39.019199,-8.960136,7.656,False,"Carregado / Azambuja (events: 2022, 2026)"
1193,39.019411,-8.960039,7.35,False,"Carregado / Azambuja (events: 2022, 2026)"
1194,39.019623,-8.959943,7.501,False,"Carregado / Azambuja (events: 2022, 2026)"
1195,39.019835,-8.959847,8.062,False,"Carregado / Azambuja (events: 2022, 2026)"
1196,39.020047,-8.95975,8.732,False,"Carregado / Azambuja (events: 2022, 2026)"
1197,39.020259,-8.959654,9.423,False,"Carregado / Azambuja (events: 2022, 2026)"
1198,39.020471,-8.959558,10.201,False,"Carregado / Azambuja (events: 2022, 2026)"
1199,39.020683,-8.959461,11.091,False,"Carregado / Azambuja (events: 2022, 2026)"
1200,39.020895,-8.959365,11.978,False,"Carregado / Azambuja (events: 2022, 2026)"
1201,39.021107,-8.959269,12.597,False,"Carregado / Azambuja (events: 2022, 2026)"
1202,39.021319,-8.959172,12.941,False,"Carregado / Azambuja (events: 2022, 2026)"
1203,39.021531,-8.959076,13.06,False,"Carregado / Azambuja (events: 2022, 2026)"
1204,39.021743,-8.95898,12.785,False,"Carregado / Azambuja (events: 2022, 2026)"
1205,39.021955,-8.958883,12.207,False,"Carregado / Azambuja (events: 2022, 2026)"
1206,39.022167,-8.958787,11.168,False,"Carregado / Azambuja (events: 2022, 2026)"
1207,39.022379,-8.958691,10.145,False,"Carregado / Azambuja (events: 2022, 2026)"
1208,39.022591,-8.958595,8.779,False,"Carregado / Azambuja (events: 2022, 2026)"
1209,39.022803,-8.958498,7.657,False,"Carregado / Azambuja (events: 2022, 2026)"
1210,39.023015,-8.958402,6.454,False,"Carregado / Azambuja (events: 2022, 2026)"
1211,39.023227,-8.958306,5.238,False,"Carregado / Azambuja (events: 2022, 2026)"
1212,39.023439,-8.958209,4.395,True,"Carregado / Azambuja (events: 2022, 2026)"
1213,39.023651,-8.958113,4.194,True,"Carregado / Azambuja (events: 2022, 2026)"
1214,39.023863,-8.958017,4.355,True,"Carregado / Azambuja (events: 2022, 2026)"
1215,39.024075,-8.95792,4.474,True,"Carregado / Azambuja (events: 2022, 2026)"
1216,39.024287,-8.957824,4.526,True,"Carregado / Azambuja (events: 2022, 2026)"
1217,39.024499,-8.957728,4.526,True,"Carregado / Azambuja (events: 2022, 2026)"
1218,39.024711,-8.957631,4.513,True,"Carregado / Azambuja (events: 2022, 2026)"
1219,39.024923,-8.957535,4.966,True,"Carregado / Azambuja (events: 2022, 2026)"
1220,39.025135,-8.957439,5.811,False,"Carregado / Azambuja (events: 2022, 2026)"
1221,39.025347,-8.957342,6.384,False,"Carregado / Azambuja (events: 2022, 2026)"
1222,39.025559,-8.957246,7.13,False,"Carregado / Azambuja (events: 2022, 2026)"
1223,39.025771,-8.95715,8.215,False,"Carregado / Azambuja (events: 2022, 2026)"
1224,39.025983,-8.957053,9.644,False,"Carregado / Azambuja (events: 2022, 2026)"
1225,39.026195,-8.956957,11.466,False,"Carregado / Azambuja (events: 2022, 2026)"
1226,39.026407,-8.956861,13.547,False,"Carregado / Azambuja (events: 2022, 2026)"
1227,39.02662,-8.956764,14.196,False,"Carregado / Azambuja (events: 2022, 2026)"
1228,39.026832,-8.956668,14.039,False,"Carregado / Azambuja (events: 2022, 2026)"
1229,39.027044,-8.956572,13.479,False,"Carregado / Azambuja (events: 2022, 2026)"
1230,39.027256,-8.956475,12.989,False,"Carregado / Azambuja (events: 2022, 2026)"
1231,39.027468,-8.956379,12.604,False,"Carregado / Azambuja (events: 2022, 2026)"
1232,39.02768,-8.956283,12.402,False,"Carregado / Azambuja (events: 2022, 2026)"
1233,39.027892,-8.956186,12.061,False,"Carregado / Azambuja (events: 2022, 2026)"
1234,39.028104,-8.95609,11.513,False,"Carregado / Azambuja (events: 2022, 2026)"
1235,39.028316,-8.955994,10.837,False,"Carregado / Azambuja (events: 2022, 2026)"
1236,39.028528,-8.955897,10.06,False,"Carregado / Azambuja (events: 2022, 2026)"
1237,39.02874,-8.955801,9.401,False,"Carregado / Azambuja (events: 2022, 2026)"
1238,39.028952,-8.955705,8.815,False,"Carregado / Azambuja (events: 2022, 2026)"
1239,39.029164,-8.955608,8.759,False,"Carregado / Azambuja (events: 2022, 2026)"
1240,39.029376,-8.955512,9.254,False,"Carregado / Azambuja (events: 2022, 2026)"
1241,39.029588,-8.955416,10.126,False,"Carregado / Azambuja (events: 2022, 2026)"
1242,39.0298,-8.955319,11.115,False,"Carregado / Azambuja (events: 2022, 2026)"
1243,39.030012,-8.955223,12.154,False,"Carregado / Azambuja (events: 2022, 2026)"
1244,39.030224,-8.955127,13.239,False,"Carregado / Azambuja (events: 2022, 2026)"
1245,39.030436,-8.95503,14.383,False,"Carregado / Azambuja (events: 2022, 2026)"
1246,39.030648,-8.954934,15.659,False,"Carregado / Azambuja (events: 2022, 2026)"
1247,39.03086,-8.954838,16.31,False,"Carregado / Azambuja (events: 2022, 2026)"
1248,39.031072,-8.954741,16.794,False,"Carregado / Azambuja (events: 2022, 2026)"
1249,39.031284,-8.954645,16.958,False,"Carregado / Azambuja (events: 2022, 2026)"
1250,39.031496,-8.954549,17.047,False,"Carregado / Azambuja (events: 2022, 2026)"
1251,39.031708,-8.954452,16.769,False,"Carregado / Azambuja (events: 2022, 2026)"
1252,39.03192,-8.954356,16.192,False,"Carregado / Azambuja (events: 2022, 2026)"
1253,39.032132,-8.95426,15.471,False,"Carregado / Azambuja (events: 2022, 2026)"
1254,39.032344,-8.954163,14.858,False,"Carregado / Azambuja (events: 2022, 2026)"
1255,39.032556,-8.954067,14.252,False,"Carregado / Azambuja (events: 2022, 2026)"
1256,39.032768,-8.953971,13.533,False,"Carregado / Azambuja (events: 2022, 2026)"
1257,39.03298,-8.953875,12.763,False,"Carregado / Azambuja (events: 2022, 2026)"
1258,39.033192,-8.953778,12.046,False,"Carregado / Azambuja (events: 2022, 2026)"
1259,39.033404,-8.953682,11.256,False,"Carregado / Azambuja (events: 2022, 2026)"
1260,39.033616,-8.953586,10.409,False,"Carregado / Azambuja (events: 2022, 2026)"
1261,39.033828,-8.953489,9.647,False,"Carregado / Azambuja (events: 2022, 2026)"
1262,39.03404,-8.953393,9.326,False,"Carregado / Azambuja (events: 2022, 2026)"
1263,39.034252,-8.953297,9.523,False,"Carregado / Azambuja (events: 2022, 2026)"
1264,39.034464,-8.9532,9.998,False,"Carregado / Azambuja (events: 2022, 2026)"
1265,39.034676,-8.953104,10.596,False,"Carregado / Azambuja (events: 2022, 2026)"
1266,39.034888,-8.953008,11.453,False,"Carregado / Azambuja (events: 2022, 2026)"
1267,39.0351,-8.952911,12.526,False,"Carregado / Azambuja (events: 2022, 2026)"
1268,39.035312,-8.952815,13.815,False,"Carregado / Azambuja (events: 2022, 2026)"
1269,39.035524,-8.952719,14.763,False,"Carregado / Azambuja (events: 2022, 2026)"
1270,39.035736,-8.952622,14.841,False,"Carregado / Azambuja (events: 2022, 2026)"
1271,39.035948,-8.952526,14.071,False,"Carregado / Azambuja (events: 2022, 2026)"
1272,39.03616,-8.95243,12.926,False,"Carregado / Azambuja (events: 2022, 2026)"
1273,39.036372,-8.952333,11.913,False,"Carregado / Azambuja (events: 2022, 2026)"
1274,39.036584,-8.952237,11.097,False,"Carregado / Azambuja (events: 2022, 2026)"
1275,39.036796,-8.952141,10.288,False,"Carregado / Azambuja (events: 2022, 2026)"
1276,39.037008,-8.952044,9.2,False,"Carregado / Azambuja (events: 2022, 2026)"
1277,39.03722,-8.951948,7.996,False,"Carregado / Azambuja (events: 2022, 2026)"
1278,39.037432,-8.951852,6.876,False,"Carregado / Azambuja (events: 2022, 2026)"
1279,39.037644,-8.951755,6.039,False,"Carregado / Azambuja (events: 2022, 2026)"
1280,39.037856,-8.951659,5.532,False,"Carregado / Azambuja (events: 2022, 2026)"
1281,39.038068,-8.951563,5.204,False,"Carregado / Azambuja (events: 2022, 2026)"
1282,39.03828,-8.951466,5.064,False,"Carregado / Azambuja (events: 2022, 2026)"
1283,39.038492,-8.95137,5.073,False,"Carregado / Azambuja (events: 2022, 2026)"
1284,39.038704,-8.951274,5.233,False,"Carregado / Azambuja (events: 2022, 2026)"
1285,39.038916,-8.951177,5.398,False,"Carregado / Azambuja (events: 2022, 2026)"
1286,39.039128,-8.951081,5.362,False,"Carregado / Azambuja (events: 2022, 2026)"
1287,39.03934,-8.950985,5.162,False,"Carregado / Azambuja (events: 2022, 2026)"
1288,39.039553,-8.950888,4.833,True,"Carregado / Azambuja (events: 2022, 2026)"
1289,39.039765,-8.950792,4.527,True,"Carregado / Azambuja (events: 2022, 2026)"
1290,39.039977,-8.950696,4.391,True,"Carregado / Azambuja (events: 2022, 2026)"
1291,39.040189,-8.950599,4.44,True,"Carregado / Azambuja (events: 2022, 2026)"
1292,39.040401,-8.950503,4.501,True,"Carregado / Azambuja (events: 2022, 2026)"
1293,39.040613,-8.950407,4.493,True,"Carregado / Azambuja (events: 2022, 2026)"
1294,39.040825,-8.95031,4.299,True,"Carregado / Azambuja (events: 2022, 2026)"
1295,39.041037,-8.950214,3.857,True,"Carregado / Azambuja (events: 2022, 2026)"
1296,39.041249,-8.950118,3.29,True,"Carregado / Azambuja (events: 2022, 2026)"
1297,39.041461,-8.950021,2.861,True,"Carregado / Azambuja (events: 2022, 2026)"
1298,39.041673,-8.949925,2.743,True,"Carregado / Azambuja (events: 2022, 2026)"
1299,39.041885,-8.949829,2.817,True,"Carregado / Azambuja (events: 2022, 2026)"
1300,39.042097,-8.949732,3.105,True,"Carregado / Azambuja (events: 2022, 2026)"
1301,39.042309,-8.949636,3.475,True,"Carregado / Azambuja (events: 2022, 2026)"
1302,39.042521,-8.94954,3.916,True,"Carregado / Azambuja (events: 2022, 2026)"
1303,39.042733,-8.949443,4.381,True,"Carregado / Azambuja (events: 2022, 2026)"
1304,39.042945,-8.949347,4.697,True,"Carregado / Azambuja (events: 2022, 2026)"
1305,39.043157,-8.949251,4.591,True,"Carregado / Azambuja (events: 2022, 2026)"
1306,39.043369,-8.949154,4.056,True,"Carregado / Azambuja (events: 2022, 2026)"
1307,39.043581,-8.949058,3.615,True,"Carregado / Azambuja (events: 2022, 2026)"
1308,39.043793,-8.948962,3.188,True,"Carregado / Azambuja (events: 2022, 2026)"
1309,39.044005,-8.948866,3.316,True,"Carregado / Azambuja (events: 2022, 2026)"
1310,39.044217,-8.948769,3.732,True,"Carregado / Azambuja (events: 2022, 2026)"
1311,39.044429,-8.948673,4.382,True,"Carregado / Azambuja (events: 2022, 2026)"
1312,39.044641,-8.948577,4.808,True,"Carregado / Azambuja (events: 2022, 2026)"
1313,39.044853,-8.94848,5.005,False,"Carregado / Azambuja (events: 2022, 2026)"
1314,39.045065,-8.948384,5.064,False,"Carregado / Azambuja (events: 2022, 2026)"
1315,39.045277,-8.948288,5.112,False,"Carregado / Azambuja (events: 2022, 2026)"
1316,39.045489,-8.948191,5.306,False,"Carregado / Azambuja (events: 2022, 2026)"
1317,39.045701,-8.948095,5.631,False,"Carregado / Azambuja (events: 2022, 2026)"
1318,39.045913,-8.947999,6.013,False,"Carregado / Azambuja (events: 2022, 2026)"
1319,39.046125,-8.947902,6.313,False,"Carregado / Azambuja (events: 2022, 2026)"
1320,39.046337,-8.947806,6.494,False,"Carregado / Azambuja (events: 2022, 2026)"
1321,39.046549,-8.94771,6.653,False,"Carregado / Azambuja (events: 2022, 2026)"
1322,39.046761,-8.947613,6.765,False,"Carregado / Azambuja (events: 2022, 2026)"
1323,39.046973,-8.947517,7.053,False,"Carregado / Azambuja (events: 2022, 2026)"
1324,39.047185,-8.947421,7.303,False,"Carregado / Azambuja (events: 2022, 2026)"
1325,39.047397,-8.947324,7.577,False,"Carregado / Azambuja (events: 2022, 2026)"
1326,39.047609,-8.947228,7.829,False,"Carregado / Azambuja (events: 2022, 2026)"
1327,39.047821,-8.947132,8.113,False,"Carregado / Azambuja (events: 2022, 2026)"
1328,39.048033,-8.947035,8.148,False,"Carregado / Azambuja (events: 2022, 2026)"
1329,39.048245,-8.946939,8.089,False,"Carregado / Azambuja (events: 2022, 2026)"
1330,39.048457,-8.946843,8.026,False,"Carregado / Azambuja (events: 2022, 2026)"
1331,39.048669,-8.946746,7.866,False,"Carregado / Azambuja (events: 2022, 2026)"
1332,39.048881,-8.94665,7.749,False,"Carregado / Azambuja (events: 2022, 2026)"
1333,39.049093,-8.946554,7.589,False,"Carregado / Azambuja (events: 2022, 2026)"
1334,39.049305,-8.946457,7.251,False,"Carregado / Azambuja (events: 2022, 2026)"
1335,39.049517,-8.946361,6.772,False,"Carregado / Azambuja (events: 2022, 2026)"
1336,39.049729,-8.946265,6.606,False,"Carregado / Azambuja (events: 2022, 2026)"
1337,39.049941,-8.946168,7.787,False,"Carregado / Azambuja (events: 2022, 2026)"
1338,39.050153,-8.946072,9.349,False,"Carregado / Azambuja (events: 2022, 2026)"
1339,39.050365,-8.945976,11.155,False,"Carregado / Azambuja (events: 2022, 2026)"
1340,39.050577,-8.945879,12.441,False,"Carregado / Azambuja (events: 2022, 2026)"
1341,39.050789,-8.945783,14.299,False,"Carregado / Azambuja (events: 2022, 2026)"
1342,39.051001,-8.945687,16.118,False,"Carregado / Azambuja (events: 2022, 2026)"
1343,39.051213,-8.94559,17.868,False,"Carregado / Azambuja (events: 2022, 2026)"
1344,39.051425,-8.945494,19.128,False,"Carregado / Azambuja (events: 2022, 2026)"
1345,39.051637,-8.945398,19.629,False,"Carregado / Azambuja (events: 2022, 2026)"
1346,39.051849,-8.945301,18.053,False,"Carregado / Azambuja (events: 2022, 2026)"
1347,39.052061,-8.945205,15.365,False,"Carregado / Azambuja (events: 2022, 2026)"
1348,39.052273,-8.945109,12.62,False,"Carregado / Azambuja (events: 2022, 2026)"
1349,39.052486,-8.945012,10.313,False,"Carregado / Azambuja (events: 2022, 2026)"
1350,39.052698,-8.944916,8.631,False,"Carregado / Azambuja (events: 2022, 2026)"
1351,39.05291,-8.94482,7.387,False,"Carregado / Azambuja (events: 2022, 2026)"
1352,39.053122,-8.944723,6.695,False,"Carregado / Azambuja (events: 2022, 2026)"
1353,39.053334,-8.944627,5.712,False,"Carregado / Azambuja (events: 2022, 2026)"
1354,39.053546,-8.944531,5.32,False,"Carregado / Azambuja (events: 2022, 2026)"
1355,39.053758,-8.944434,5.452,False,"Carregado / Azambuja (events: 2022, 2026)"
1356,39.05397,-8.944338,5.813,False,"Carregado / Azambuja (events: 2022, 2026)"
1357,39.054182,-8.944242,6.444,False,"Carregado / Azambuja (events: 2022, 2026)"
1358,39.054394,-8.944146,7.483,False,"Carregado / Azambuja (events: 2022, 2026)"
1359,39.054606,-8.944049,8.659,False,"Carregado / Azambuja (events: 2022, 2026)"
1360,39.054818,-8.943953,9.499,False,"Carregado / Azambuja (events: 2022, 2026)"
1361,39.05503,-8.943857,9.955,False,"Carregado / Azambuja (events: 2022, 2026)"
1362,39.055242,-8.94376,10.174,False,"Carregado / Azambuja (events: 2022, 2026)"
1363,39.055454,-8.943664,10.197,False,"Carregado / Azambuja (events: 2022, 2026)"
1364,39.055666,-8.943568,9.765,False,"Carregado / Azambuja (events: 2022, 2026)"
1365,39.055878,-8.943471,9.081,False,"Carregado / Azambuja (events: 2022, 2026)"
1366,39.05609,-8.943375,8.447,False,"Carregado / Azambuja (events: 2022, 2026)"
1367,39.056302,-8.943279,7.829,False,"Carregado / Azambuja (events: 2022, 2026)"
1368,39.056514,-8.943182,7.253,False,"Carregado / Azambuja (events: 2022, 2026)"
1369,39.056726,-8.943086,7.097,False,"Carregado / Azambuja (events: 2022, 2026)"
1370,39.056938,-8.94299,7.521,False,"Carregado / Azambuja (events: 2022, 2026)"
1371,39.05715,-8.942893,7.812,False,"Carregado / Azambuja (events: 2022, 2026)"
1372,39.057362,-8.942797,8.017,False,"Carregado / Azambuja (events: 2022, 2026)"
1373,39.057574,-8.942701,8.373,False,"Carregado / Azambuja (events: 2022, 2026)"
1374,39.057786,-8.942604,9.004,False,"Carregado / Azambuja (events: 2022, 2026)"
1375,39.057998,-8.942508,9.664,False,"Carregado / Azambuja (events: 2022, 2026)"
1376,39.05821,-8.942412,10.324,False,"Carregado / Azambuja (events: 2022, 2026)"
1377,39.058422,-8.942315,11.073,False,"Carregado / Azambuja (events: 2022, 2026)"
1378,39.058634,-8.942219,11.597,False,"Carregado / Azambuja (events: 2022, 2026)"
1379,39.058846,-8.942123,11.893,False,"Carregado / Azambuja (events: 2022, 2026)"
1380,39.059058,-8.942026,11.697,False,"Carregado / Azambuja (events: 2022, 2026)"
1381,39.05927,-8.94193,11.427,False,"Carregado / Azambuja (events: 2022, 2026)"
1382,39.059482,-8.941834,10.563,False,"Carregado / Azambuja (events: 2022, 2026)"
1383,39.059694,-8.941737,9.978,False,"Carregado / Azambuja (events: 2022, 2026)"
1384,39.059906,-8.941641,10.029,False,"Carregado / Azambuja (events: 2022, 2026)"
1385,39.060118,-8.941545,10.686,False,"Carregado / Azambuja (events: 2022, 2026)"
1386,39.06033,-8.941448,11.859,False,"Carregado / Azambuja (events: 2022, 2026)"
1387,39.060542,-8.941352,13.185,False,"Carregado / Azambuja (events: 2022, 2026)"
1388,39.060754,-8.941256,14.145,False,"Carregado / Azambuja (events: 2022, 2026)"
1389,39.060966,-8.941159,14.864,False,"Carregado / Azambuja (events: 2022, 2026)"
1390,39.061178,-8.941063,15.009,False,"Carregado / Azambuja (events: 2022, 2026)"
1391,39.06139,-8.940967,14.403,False,"Carregado / Azambuja (events: 2022, 2026)"
1392,39.061602,-8.94087,13.6,False,"Carregado / Azambuja (events: 2022, 2026)"
1393,39.061814,-8.940774,12.66,False,"Carregado / Azambuja (events: 2022, 2026)"
1394,39.062026,-8.940678,12.505,False,"Carregado / Azambuja (events: 2022, 2026)"
1395,39.062238,-8.940581,11.708,False,"Carregado / Azambuja (events: 2022, 2026)"
1396,39.06245,-8.940485,11.452,False,"Carregado / Azambuja (events: 2022, 2026)"
1397,39.062662,-8.940389,11.386,False,"Carregado / Azambuja (events: 2022, 2026)"
1398,39.062874,-8.940292,11.844,False,"Carregado / Azambuja (events: 2022, 2026)"
1399,39.063086,-8.940196,12.633,False,"Carregado / Azambuja (events: 2022, 2026)"
1400,39.063298,-8.9401,13.798,False,"Carregado / Azambuja (events: 2022, 2026)"
1401,39.06351,-8.940003,15.419,False,"Carregado / Azambuja (events: 2022, 2026)"
1402,39.063722,-8.939907,17.683,False,"Carregado / Azambuja (events: 2022, 2026)"
1403,39.063934,-8.939811,20.12,False,"Carregado / Azambuja (events: 2022, 2026)"
1404,39.064146,-8.939714,22.701,False,"Carregado / Azambuja (events: 2022, 2026)"
1405,39.064358,-8.939618,24.899,False,"Carregado / Azambuja (events: 2022, 2026)"
1406,39.06457,-8.939522,26.366,False,"Carregado / Azambuja (events: 2022, 2026)"
1407,39.064782,-8.939425,27.851,False,"Carregado / Azambuja (events: 2022, 2026)"
1408,39.064994,-8.939329,29.088,False,"Carregado / Azambuja (events: 2022, 2026)"
1409,39.065206,-8.939233,29.552,False,"Carregado / Azambuja (events: 2022, 2026)"
1410,39.065419,-8.939137,28.878,False,"Carregado / Azambuja (events: 2022, 2026)"
1411,39.065631,-8.93904,27.6,False,"Carregado / Azambuja (events: 2022, 2026)"
1412,39.065843,-8.938944,26.578,False,"Carregado / Azambuja (events: 2022, 2026)"
1413,39.066055,-8.938848,25.659,False,"Carregado / Azambuja (events: 2022, 2026)"
1414,39.066267,-8.938751,24.091,False,"Carregado / Azambuja (events: 2022, 2026)"
1415,39.066479,-8.938655,22.071,False,"Carregado / Azambuja (events: 2022, 2026)"
1416,39.066691,-8.938559,19.945,False,"Carregado / Azambuja (events: 2022, 2026)"
1417,39.066903,-8.938462,18.42,False,"Carregado / Azambuja (events: 2022, 2026)"
1418,39.067115,-8.938366,17.216,False,"Carregado / Azambuja (events: 2022, 2026)"
1419,39.067327,-8.93827,16.257,False,"Carregado / Azambuja (events: 2022, 2026)"
1420,39.067539,-8.938173,15.054,False,"Carregado / Azambuja (events: 2022, 2026)"
1421,39.067751,-8.938077,14.038,False,"Carregado / Azambuja (events: 2022, 2026)"
1422,39.067963,-8.937981,12.724,False,"Carregado / Azambuja (events: 2022, 2026)"
1423,39.068175,-8.937884,11.828,False,"Carregado / Azambuja (events: 2022, 2026)"
1424,39.068387,-8.937788,12.154,False,"Carregado / Azambuja (events: 2022, 2026)"
1425,39.068599,-8.937692,12.773,False,"Carregado / Azambuja (events: 2022, 2026)"
1426,39.068811,-8.937595,13.166,False,"Carregado / Azambuja (events: 2022, 2026)"
1427,39.069023,-8.937499,13.209,False,"Carregado / Azambuja (events: 2022, 2026)"
1428,39.069235,-8.937403,12.644,False,"Carregado / Azambuja (events: 2022, 2026)"
1429,39.069447,-8.937306,12.149,False,"Carregado / Azambuja (events: 2022, 2026)"
1430,39.069659,-8.93721,11.172,False,"Carregado / Azambuja (events: 2022, 2026)"
1431,39.069871,-8.937114,9.713,False,"Carregado / Azambuja (events: 2022, 2026)"
1432,39.070083,-8.937017,8.123,False,"Carregado / Azambuja (events: 2022, 2026)"
1433,39.070295,-8.936921,6.731,False,"Carregado / Azambuja (events: 2022, 2026)"
1434,39.070507,-8.936825,5.805,False,"Carregado / Azambuja (events: 2022, 2026)"
1435,39.070719,-8.936728,4.867,True,"Carregado / Azambuja (events: 2022, 2026)"
1436,39.070931,-8.936632,4.594,True,"Carregado / Azambuja (events: 2022, 2026)"
1437,39.071143,-8.936536,4.663,True,"Carregado / Azambuja (events: 2022, 2026)"
1438,39.071355,-8.936439,5.53,False,"Carregado / Azambuja (events: 2022, 2026)"
1439,39.071567,-8.936343,7.406,False,"Carregado / Azambuja (events: 2022, 2026)"
1440,39.071779,-8.936247,9.112,False,"Carregado / Azambuja (events: 2022, 2026)"
1441,39.071991,-8.93615,10.231,False,"Carregado / Azambuja (events: 2022, 2026)"
1442,39.072203,-8.936054,11.481,False,"Carregado / Azambuja (events: 2022, 2026)"
1443,39.072415,-8.935958,12.996,False,"Carregado / Azambuja (events: 2022, 2026)"
1444,39.072627,-8.935861,14.513,False,"Carregado / Azambuja (events: 2022, 2026)"
1445,39.072839,-8.935765,15.488,False,"Carregado / Azambuja (events: 2022, 2026)"
1446,39.073051,-8.935669,15.724,False,"Carregado / Azambuja (events: 2022, 2026)"
1447,39.073263,-8.935572,15.336,False,"Carregado / Azambuja (events: 2022, 2026)"
1448,39.073475,-8.935476,14.202,False,"Carregado / Azambuja (events: 2022, 2026)"
1449,39.073687,-8.93538,12.858,False,"Carregado / Azambuja (events: 2022, 2026)"
1450,39.073899,-8.935283,13.18,False,"Carregado / Azambuja (events: 2022, 2026)"
1451,39.074111,-8.935187,14.528,False,"Carregado / Azambuja (events: 2022, 2026)"
1452,39.074323,-8.935091,15.694,False,"Carregado / Azambuja (events: 2022, 2026)"
1453,39.074535,-8.934994,15.882,False,"Carregado / Azambuja (events: 2022, 2026)"
1454,39.074747,-8.934898,15.691,False,"Carregado / Azambuja (events: 2022, 2026)"
1455,39.074959,-8.934802,15.471,False,"Carregado / Azambuja (events: 2022, 2026)"
1456,39.075171,-8.934705,15.192,False,"Carregado / Azambuja (events: 2022, 2026)"
1457,39.075383,-8.934609,14.833,False,"Carregado / Azambuja (events: 2022, 2026)"
1458,39.075595,-8.934513,14.467,False,"Carregado / Azambuja (events: 2022, 2026)"
1459,39.075807,-8.934417,14.118,False,"Carregado / Azambuja (events: 2022, 2026)"
1460,39.076019,-8.93432,14.159,False,"Carregado / Azambuja (events: 2022, 2026)"
1461,39.076231,-8.934224,14.597,False,"Carregado / Azambuja (events: 2022, 2026)"
1462,39.076443,-8.934128,15.241,False,"Carregado / Azambuja (events: 2022, 2026)"
1463,39.076655,-8.934031,15.925,False,"Carregado / Azambuja (events: 2022, 2026)"
1464,39.076867,-8.933935,16.217,False,"Carregado / Azambuja (events: 2022, 2026)"
1465,39.077079,-8.933839,16.196,False,"Carregado / Azambuja (events: 2022, 2026)"
1466,39.077291,-8.933742,16.188,False,"Carregado / Azambuja (events: 2022, 2026)"
1467,39.077503,-8.933646,16.526,False,"Carregado / Azambuja (events: 2022, 2026)"
1468,39.077715,-8.93355,16.893,False,"Carregado / Azambuja (events: 2022, 2026)"
1469,39.077927,-8.933453,17.387,False,"Carregado / Azambuja (events: 2022, 2026)"
1470,39.078139,-8.933357,17.865,False,"Carregado / Azambuja (events: 2022, 2026)"
1471,39.078352,-8.933261,18.335,False,"Carregado / Azambuja (events: 2022, 2026)"
1472,39.078564,-8.933164,18.851,False,"Carregado / Azambuja (events: 2022, 2026)"
1473,39.078776,-8.933068,19.337,False,"Carregado / Azambuja (events: 2022, 2026)"
1474,39.078988,-8.932972,19.712,False,"Carregado / Azambuja (events: 2022, 2026)"
1475,39.0792,-8.932875,19.763,False,"Carregado / Azambuja (events: 2022, 2026)"
1476,39.079412,-8.932779,19.461,False,"Carregado / Azambuja (events: 2022, 2026)"
1477,39.079624,-8.932683,19.236,False,"Carregado / Azambuja (events: 2022, 2026)"
1478,39.079836,-8.932586,19.108,False,"Carregado / Azambuja (events: 2022, 2026)"
1479,39.080048,-8.93249,19.366,False,"Carregado / Azambuja (events: 2022, 2026)"
1480,39.08026,-8.932394,19.882,False,"Carregado / Azambuja (events: 2022, 2026)"
1481,39.080472,-8.932297,20.376,False,"Carregado / Azambuja (events: 2022, 2026)"
1482,39.080684,-8.932201,20.64,False,"Carregado / Azambuja (events: 2022, 2026)"
1483,39.080896,-8.932105,20.831,False,"Carregado / Azambuja (events: 2022, 2026)"
1484,39.081108,-8.932008,20.908,False,"Carregado / Azambuja (events: 2022, 2026)"
1485,39.08132,-8.931912,21.427,False,"Carregado / Azambuja (events: 2022, 2026)"
1486,39.081532,-8.931816,22.16,False,"Carregado / Azambuja (events: 2022, 2026)"
1487,39.081744,-8.931719,22.844,False,"Carregado / Azambuja (events: 2022, 2026)"
1488,39.081956,-8.931623,23.582,False,"Carregado / Azambuja (events: 2022, 2026)"
1489,39.082168,-8.931527,24.267,False,"Carregado / Azambuja (events: 2022, 2026)"
1490,39.08238,-8.93143,25.009,False,"Carregado / Azambuja (events: 2022, 2026)"
1491,39.082592,-8.931334,25.692,False,"Carregado / Azambuja (events: 2022, 2026)"
1492,39.082804,-8.931238,26.261,False,"Carregado / Azambuja (events: 2022, 2026)"
1493,39.083016,-8.931141,26.669,False,"Carregado / Azambuja (events: 2022, 2026)"
1494,39.083228,-8.931045,27.209,False,"Carregado / Azambuja (events: 2022, 2026)"
1495,39.08344,-8.930949,27.422,False,"Carregado / Azambuja (events: 2022, 2026)"
1496,39.083652,-8.930852,27.8,False,"Carregado / Azambuja (events: 2022, 2026)"
1497,39.083864,-8.930756,27.922,False,"Carregado / Azambuja (events: 2022, 2026)"
1498,39.084076,-8.93066,28.872,False,"Carregado / Azambuja (events: 2022, 2026)"
1499,39.084288,-8.930563,28.942,False,"Carregado / Azambuja (events: 2022, 2026)"
1500,39.0845,-8.930467,29.525,False,"Carregado / Azambuja (events: 2022, 2026)"
1501,39.084712,-8.930371,29.989,False,"Carregado / Azambuja (events: 2022, 2026)"
1502,39.084924,-8.930274,30.734,False,"Carregado / Azambuja (events: 2022, 2026)"
1503,39.085136,-8.930178,31.352,False,"Carregado / Azambuja (events: 2022, 2026)"
1504,39.085348,-8.930082,31.786,False,"Carregado / Azambuja (events: 2022, 2026)"
1505,39.08556,-8.929985,32.502,False,"Carregado / Azambuja (events: 2022, 2026)"
1506,39.085772,-8.929889,32.923,False,"Carregado / Azambuja (events: 2022, 2026)"
1507,39.085984,-8.929793,32.286,False,"Carregado / Azambuja (events: 2022, 2026)"
1508,39.086196,-8.929696,31.381,False,"Carregado / Azambuja (events: 2022, 2026)"
1509,39.086408,-8.9296,30.721,False,"Carregado / Azambuja (events: 2022, 2026)"
1510,39.08662,-8.929504,29.959,False,"Carregado / Azambuja (events: 2022, 2026)"
1511,39.086832,-8.929408,29.415,False,"Carregado / Azambuja (events: 2022, 2026)"
1512,39.087044,-8.929311,29.099,False,"Carregado / Azambuja (events: 2022, 2026)"
1513,39.087256,-8.929215,28.688,False,"Carregado / Azambuja (events: 2022, 2026)"
1514,39.087468,-8.929119,28.887,False,"Carregado / Azambuja (events: 2022, 2026)"
1515,39.08768,-8.929022,29.725,False,"Carregado / Azambuja (events: 2022, 2026)"
1516,39.087892,-8.928926,30.493,False,"Carregado / Azambuja (events: 2022, 2026)"
1517,39.088104,-8.92883,30.458,False,"Carregado / Azambuja (events: 2022, 2026)"
1518,39.088316,-8.928733,32.235,False,"Carregado / Azambuja (events: 2022, 2026)"
1519,39.088528,-8.928637,33.258,False,"Carregado / Azambuja (events: 2022, 2026)"
1520,39.08874,-8.928541,34.035,False,"Carregado / Azambuja (events: 2022, 2026)"
1521,39.088952,-8.928444,35.163,False,"Carregado / Azambuja (events: 2022, 2026)"
1522,39.089164,-8.928348,36.819,False,"Carregado / Azambuja (events: 2022, 2026)"
1523,39.089376,-8.928252,39.44,False,"Carregado / Azambuja (events: 2022, 2026)"
1524,39.089588,-8.928155,42.141,False,"Carregado / Azambuja (events: 2022, 2026)"
1525,39.0898,-8.928059,44.935,False,"Carregado / Azambuja (events: 2022, 2026)"
1526,39.090012,-8.927963,47.739,False,"Carregado / Azambuja (events: 2022, 2026)"
1527,39.090224,-8.927866,50.426,False,"Carregado / Azambuja (events: 2022, 2026)"
1528,39.090436,-8.92777,52.13,False,"Carregado / Azambuja (events: 2022, 2026)"
1529,39.090648,-8.927674,53.491,False,"Carregado / Azambuja (events: 2022, 2026)"
1530,39.09086,-8.927577,55.718,False,"Carregado / Azambuja (events: 2022, 2026)"
1531,39.091073,-8.927481,58.548,False,"Carregado / Azambuja (events: 2022, 2026)"
1532,39.091285,-8.927385,61.355,False,"Carregado / Azambuja (events: 2022, 2026)"
1533,39.091497,-8.927288,64.552,False,"Carregado / Azambuja (events: 2022, 2026)"
1534,39.091709,-8.927192,67.84,False,"Carregado / Azambuja (events: 2022, 2026)"
1535,39.091921,-8.927096,70.939,False,"Carregado / Azambuja (events: 2022, 2026)"
1536,39.092133,-8.926999,73.788,False,"Carregado / Azambuja (events: 2022, 2026)"
1537,39.092345,-8.926903,75.906,False,"Carregado / Azambuja (events: 2022, 2026)"
1538,39.092557,-8.926807,76.609,False,"Carregado / Azambuja (events: 2022, 2026)"
1539,39.092769,-8.92671,76.849,False,"Carregado / Azambuja (events: 2022, 2026)"
1540,39.092981,-8.926614,77.183,False,"Carregado / Azambuja (events: 2022, 2026)"
1541,39.093193,-8.926518,77.366,False,"Carregado / Azambuja (events: 2022, 2026)"
1542,39.093405,-8.926421,77.557,False,"Carregado / Azambuja (events: 2022, 2026)"
1543,39.093617,-8.926325,76.994,False,"Carregado / Azambuja (events: 2022, 2026)"
1544,39.093829,-8.926229,75.641,False,"Carregado / Azambuja (events: 2022, 2026)"
1545,39.094041,-8.926132,74.547,False,"Carregado / Azambuja (events: 2022, 2026)"
1546,39.094253,-8.926036,74.381,False,"Carregado / Azambuja (events: 2022, 2026)"
1547,39.094465,-8.92594,74.322,False,"Carregado / Azambuja (events: 2022, 2026)"
1548,39.094677,-8.925843,73.314,False,"Carregado / Azambuja (events: 2022, 2026)"
1549,39.094889,-8.925747,70.443,False,"Carregado / Azambuja (events: 2022, 2026)"
1550,39.095101,-8.925651,66.532,False,"Carregado / Azambuja (events: 2022, 2026)"
1551,39.095313,-8.925554,61.281,False,"Carregado / Azambuja (events: 2022, 2026)"
1552,39.095525,-8.925458,56.617,False,"Carregado / Azambuja (events: 2022, 2026)"
1553,39.095737,-8.925362,53.068,False,"Carregado / Azambuja (events: 2022, 2026)"
1554,39.095949,-8.925265,50.187,False,"Carregado / Azambuja (events: 2022, 2026)"
1555,39.096161,-8.925169,45.848,False,"Carregado / Azambuja (events: 2022, 2026)"
1556,39.096373,-8.925073,42.915,False,"Carregado / Azambuja (events: 2022, 2026)"
1557,39.096585,-8.924976,40.949,False,"Carregado / Azambuja (events: 2022, 2026)"
1558,39.096797,-8.92488,40.609,False,"Carregado / Azambuja (events: 2022, 2026)"
1559,39.097009,-8.924784,41.387,False,"Carregado / Azambuja (events: 2022, 2026)"
1560,39.097221,-8.924687,43.372,False,"Carregado / Azambuja (events: 2022, 2026)"
1561,39.097433,-8.924591,45.251,False,"Carregado / Azambuja (events: 2022, 2026)"
1562,39.097645,-8.924495,46.818,False,"Carregado / Azambuja (events: 2022, 2026)"
1563,39.097857,-8.924399,47.925,False,"Carregado / Azambuja (events: 2022, 2026)"
1564,39.098069,-8.924302,48.311,False,"Carregado / Azambuja (events: 2022, 2026)"
1565,39.098281,-8.924206,48.167,False,"Carregado / Azambuja (events: 2022, 2026)"
1566,39.098493,-8.92411,47.721,False,"Carregado / Azambuja (events: 2022, 2026)"
1567,39.098705,-8.924013,47.447,False,"Carregado / Azambuja (events: 2022, 2026)"
1568,39.098917,-8.923917,46.812,False,"Carregado / Azambuja (events: 2022, 2026)"
1569,39.099129,-8.923821,47.237,False,"Carregado / Azambuja (events: 2022, 2026)"
1570,39.099341,-8.923724,48.677,False,"Carregado / Azambuja (events: 2022, 2026)"
1571,39.099553,-8.923628,50.358,False,"Carregado / Azambuja (events: 2022, 2026)"
1572,39.099765,-8.923532,51.711,False,"Carregado / Azambuja (events: 2022, 2026)"
1573,39.099977,-8.923435,53.428,False,"Carregado / Azambuja (events: 2022, 2026)"
1574,39.100189,-8.923339,55.398,False,"Carregado / Azambuja (events: 2022, 2026)"
1575,39.100401,-8.923243,57.682,False,"Carregado / Azambuja (events: 2022, 2026)"
1576,39.100613,-8.923146,60.192,False,"Carregado / Azambuja (events: 2022, 2026)"
1577,39.100825,-8.92305,63.15,False,"Carregado / Azambuja (events: 2022, 2026)"
1578,39.101037,-8.922954,66.251,False,"Carregado / Azambuja (events: 2022, 2026)"
1579,39.101249,-8.922857,70.156,False,"Carregado / Azambuja (events: 2022, 2026)"
1580,39.101461,-8.922761,73.969,False,"Carregado / Azambuja (events: 2022, 2026)"
1581,39.101673,-8.922665,78.231,False,"Carregado / Azambuja (events: 2022, 2026)"
1582,39.101885,-8.922568,82.596,False,"Carregado / Azambuja (events: 2022, 2026)"
1583,39.102097,-8.922472,87.002,False,"Carregado / Azambuja (events: 2022, 2026)"
1584,39.102309,-8.922376,91.116,False,"Carregado / Azambuja (events: 2022, 2026)"
1585,39.102521,-8.922279,94.606,False,"Carregado / Azambuja (events: 2022, 2026)"
1586,39.102733,-8.922183,97.355,False,"Carregado / Azambuja (events: 2022, 2026)"
1587,39.102945,-8.922087,99.459,False,"Carregado / Azambuja (events: 2022, 2026)"
1588,39.103157,-8.92199,101.284,False,"Carregado / Azambuja (events: 2022, 2026)"
1589,39.103369,-8.921894,102.441,False,"Carregado / Azambuja (events: 2022, 2026)"
1590,39.103581,-8.921798,102.76,False,"Carregado / Azambuja (events: 2022, 2026)"
1591,39.103793,-8.921701,103.246,False,"Carregado / Azambuja (events: 2022, 2026)"
1592,39.104006,-8.921605,103.88,False,"Carregado / Azambuja (events: 2022, 2026)"
1593,39.104218,-8.921509,104.133,False,"Carregado / Azambuja (events: 2022, 2026)"
1594,39.10443,-8.921412,104.201,False,"Carregado / Azambuja (events: 2022, 2026)"
1595,39.104642,-8.921316,104.121,False,"Carregado / Azambuja (events: 2022, 2026)"
1596,39.104854,-8.92122,104.044,False,"Carregado / Azambuja (events: 2022, 2026)"
1597,39.105066,-8.921123,103.543,False,"Carregado / Azambuja (events: 2022, 2026)"
1598,39.105278,-8.921027,102.401,False,"Carregado / Azambuja (events: 2022, 2026)"
1599,39.10549,-8.920931,101.025,False,"Carregado / Azambuja (events: 2022, 2026)"
1600,39.105702,-8.920834,99.879,False,"Carregado / Azambuja (events: 2022, 2026)"
1601,39.105914,-8.920738,99.322,False,"Carregado / Azambuja (events: 2022, 2026)"
1602,39.106126,-8.920642,99.307,False,"Carregado / Azambuja (events: 2022, 2026)"
1603,39.106338,-8.920545,99.454,False,"Carregado / Azambuja (events: 2022, 2026)"
1604,39.10655,-8.920449,99.526,False,"Carregado / Azambuja (events: 2022, 2026)"
1605,39.106762,-8.920353,99.571,False,"Carregado / Azambuja (events: 2022, 2026)"
1606,39.106974,-8.920256,99.975,False,"Carregado / Azambuja (events: 2022, 2026)"
1607,39.107186,-8.92016,101.015,False,"Carregado / Azambuja (events: 2022, 2026)"
1608,39.107398,-8.920064,102.153,False,"Carregado / Azambuja (events: 2022, 2026)"
1609,39.10761,-8.919967,103.647,False,"Carregado / Azambuja (events: 2022, 2026)"
1610,39.107822,-8.919871,104.412,False,"Carregado / Azambuja (events: 2022, 2026)"
1611,39.108034,-8.919775,104.529,False,"Carregado / Azambuja (events: 2022, 2026)"
1612,39.108246,-8.919679,104.585,False,"Carregado / Azambuja (events: 2022, 2026)"
1613,39.108458,-8.919582,104.832,False,"Carregado / Azambuja (events: 2022, 2026)"
1614,39.10867,-8.919486,104.713,False,"Carregado / Azambuja (events: 2022, 2026)"
1615,39.108882,-8.91939,103.433,False,"Carregado / Azambuja (events: 2022, 2026)"
1616,39.109094,-8.919293,99.893,False,"Carregado / Azambuja (events: 2022, 2026)"
1617,39.109306,-8.919197,96.253,False,"Carregado / Azambuja (events: 2022, 2026)"
1618,39.109518,-8.919101,93.91,False,"Carregado / Azambuja (events: 2022, 2026)"
1619,39.10973,-8.919004,91.985,False,"Carregado / Azambuja (events: 2022, 2026)"
1620,39.109942,-8.918908,90.907,False,"Carregado / Azambuja (events: 2022, 2026)"
1621,39.110154,-8.918812,90.728,False,
1622,39.110366,-8.918715,91.435,False,
1623,39.110578,-8.918619,92.536,False,
1624,39.11079,-8.918523,94.075,False,
1625,39.111002,-8.918426,95.629,False,
1626,39.111214,-8.91833,96.79,False,
1627,39.111426,-8.918234,98.263,False,
1628,39.111638,-8.918137,99.326,False,
1629,39.11185,-8.918041,99.142,False,
1630,39.112062,-8.917945,97.839,False,
1631,39.112274,-8.917848,95.852,False,
1632,39.112486,-8.917752,93.598,False,
1633,39.112698,-8.917656,91.287,False,
1634,39.11291,-8.917559,88.472,False,
1635,39.113122,-8.917463,85.978,False,
1636,39.113334,-8.917367,83.66,False,
1637,39.113546,-8.91727,82.119,False,
1638,39.113758,-8.917174,81.316,False,
1639,39.11397,-8.917078,81.58,False,
1640,39.114182,-8.916981,81.813,False,
1641,39.114394,-8.916885,82.137,False,
1642,39.114606,-8.916789,82.645,False,
1643,39.114818,-8.916692,83.025,False,
1644,39.11503,-8.916596,83.125,False,
1645,39.115242,-8.9165,82.898,False,
1646,39.115454,-8.916403,82.535,False,
1647,39.115666,-8.916307,82.033,False,
1648,39.115878,-8.916211,81.662,False,
1649,39.11609,-8.916114,81.204,False,
1650,39.116302,-8.916018,80.374,False,
1651,39.116514,-8.915922,79.0,False,
1652,39.116726,-8.915825,77.523,False,
1653,39.116939,-8.915729,76.778,False,
1654,39.117151,-8.915633,77.1,False,
1655,39.117363,-8.915536,78.301,False,
1656,39.117575,-8.91544,80.075,False,
1657,39.117787,-8.915344,81.527,False,
1658,39.117999,-8.915247,82.503,False,
1659,39.117977,-8.915391,82.029,False,
1660,39.117857,-8.915636,81.026,False,
1661,39.117737,-8.91588,80.15,False,
1662,39.117616,-8.916125,79.207,False,
1663,39.117496,-8.91637,78.011,False,
1664,39.117376,-8.916615,77.694,False,
1665,39.117272,-8.916872,78.754,False,
1666,39.117178,-8.917134,80.836,False,
1667,39.117083,-8.917397,82.579,False,
1668,39.116988,-8.91766,83.621,False,
1669,39.116893,-8.917922,83.829,False,
1670,39.116798,-8.918185,83.642,False,
1671,39.1167,-8.918446,83.227,False,
1672,39.116592,-8.9187,82.26,False,
1673,39.116484,-8.918954,80.914,False,
1674,39.116376,-8.919208,80.686,False,
1675,39.116268,-8.919462,81.192,False,
1676,39.116159,-8.919716,81.738,False,
1677,39.116051,-8.91997,81.66,False,
1678,39.115932,-8.920215,81.466,False,
1679,39.115805,-8.920455,81.233,False,
1680,39.115678,-8.920694,80.96,False,
1681,39.115552,-8.920934,80.767,False,
1682,39.115425,-8.921173,80.828,False,
1683,39.115299,-8.921413,81.24,False,
1684,39.115169,-8.921649,81.714,False,
1685,39.115034,-8.921881,82.009,False,
1686,39.1149,-8.922113,82.059,False,
1687,39.114765,-8.922346,82.104,False,
1688,39.114631,-8.922578,81.819,False,
1689,39.114496,-8.92281,80.701,False,
1690,39.114362,-8.923042,79.11,False,
1691,39.114232,-8.923279,77.015,False,
1692,39.114115,-8.923526,74.771,False,
1693,39.113997,-8.923773,71.694,False,
1694,39.113886,-8.924025,68.312,False,
1695,39.113777,-8.924278,66.443,False,
1696,39.113667,-8.924531,65.772,False,
1697,39.11357,-8.924792,65.64,False,
1698,39.113484,-8.92506,65.35,False,
1699,39.113399,-8.925328,65.143,False,
1700,39.113314,-8.925596,65.185,False,
1701,39.113231,-8.925865,64.841,False,
1702,39.113158,-8.926139,63.77,False,
1703,39.113085,-8.926413,62.147,False,
1704,39.113012,-8.926687,60.055,False,
1705,39.112939,-8.926961,58.021,False,
1706,39.112865,-8.927235,56.451,False,
1707,39.11278,-8.927503,55.14,False,
1708,39.112689,-8.927768,53.722,False,
1709,39.112598,-8.928033,52.511,False,
1710,39.112502,-8.928295,51.444,False,
1711,39.112391,-8.928547,50.088,False,
1712,39.112281,-8.928799,48.776,False,
1713,39.112171,-8.929052,47.573,False,
1714,39.11206,-8.929304,46.598,False,
1715,39.111933,-8.929542,45.916,False,
1716,39.111797,-8.929773,45.716,False,
1717,39.111661,-8.930004,46.281,False,
1718,39.111525,-8.930234,47.587,False,
1719,39.111389,-8.930465,49.114,False,
1720,39.111248,-8.93069,50.532,False,
1721,39.111086,-8.930891,51.258,False,
1722,39.110923,-8.931091,51.361,False,
1723,39.110761,-8.931292,51.049,False,
1724,39.110598,-8.931492,50.076,False,
1725,39.110436,-8.931692,47.803,False,
1726,39.110259,-8.93187,45.37,False,
1727,39.110077,-8.932041,43.715,False,
1728,39.109896,-8.932212,43.408,False,"Carregado / Azambuja (events: 2022, 2026)"
1729,39.109714,-8.932383,43.836,False,"Carregado / Azambuja (events: 2022, 2026)"
1730,39.109533,-8.932554,45.066,False,"Carregado / Azambuja (events: 2022, 2026)"
1731,39.109351,-8.932725,47.018,False,"Carregado / Azambuja (events: 2022, 2026)"
1732,39.10915,-8.932854,49.269,False,"Carregado / Azambuja (events: 2022, 2026)"
1733,39.108947,-8.932979,51.958,False,"Carregado / Azambuja (events: 2022, 2026)"
1734,39.108744,-8.933103,54.318,False,"Carregado / Azambuja (events: 2022, 2026)"
1735,39.108541,-8.933228,55.733,False,"Carregado / Azambuja (events: 2022, 2026)"
1736,39.108338,-8.933352,55.106,False,"Carregado / Azambuja (events: 2022, 2026)"
1737,39.108125,-8.933445,53.981,False,"Carregado / Azambuja (events: 2022, 2026)"
1738,39.107912,-8.933537,50.72,False,"Carregado / Azambuja (events: 2022, 2026)"
1739,39.107699,-8.933629,46.566,False,"Carregado / Azambuja (events: 2022, 2026)"
1740,39.107486,-8.933721,42.774,False,"Carregado / Azambuja (events: 2022, 2026)"
1741,39.107273,-8.933813,39.58,False,"Carregado / Azambuja (events: 2022, 2026)"
1742,39.107059,-8.933901,37.09,False,"Carregado / Azambuja (events: 2022, 2026)"
1743,39.106836,-8.933944,35.475,False,"Carregado / Azambuja (events: 2022, 2026)"
1744,39.106614,-8.933986,34.194,False,"Carregado / Azambuja (events: 2022, 2026)"
1745,39.106392,-8.934029,32.766,False,"Carregado / Azambuja (events: 2022, 2026)"
1746,39.106169,-8.934072,31.24,False,"Carregado / Azambuja (events: 2022, 2026)"
1747,39.105947,-8.934115,30.189,False,"Carregado / Azambuja (events: 2022, 2026)"
1748,39.105724,-8.934151,29.773,False,"Carregado / Azambuja (events: 2022, 2026)"
1749,39.105499,-8.934168,29.371,False,"Carregado / Azambuja (events: 2022, 2026)"
1750,39.105275,-8.934186,29.16,False,"Carregado / Azambuja (events: 2022, 2026)"
1751,39.105051,-8.934203,28.829,False,"Carregado / Azambuja (events: 2022, 2026)"
1752,39.104826,-8.93422,28.342,False,"Carregado / Azambuja (events: 2022, 2026)"
1753,39.104602,-8.934237,28.228,False,"Carregado / Azambuja (events: 2022, 2026)"
1754,39.104377,-8.934253,27.755,False,"Carregado / Azambuja (events: 2022, 2026)"
1755,39.104153,-8.93426,27.344,False,"Carregado / Azambuja (events: 2022, 2026)"
1756,39.103928,-8.934267,27.188,False,"Carregado / Azambuja (events: 2022, 2026)"
1757,39.103703,-8.934273,26.814,False,"Carregado / Azambuja (events: 2022, 2026)"
1758,39.103478,-8.93428,25.909,False,"Carregado / Azambuja (events: 2022, 2026)"
1759,39.103253,-8.934286,24.838,False,"Carregado / Azambuja (events: 2022, 2026)"
1760,39.103029,-8.934293,23.737,False,"Carregado / Azambuja (events: 2022, 2026)"
1761,39.102804,-8.934296,22.735,False,"Carregado / Azambuja (events: 2022, 2026)"
1762,39.102579,-8.934285,21.656,False,"Carregado / Azambuja (events: 2022, 2026)"
1763,39.102355,-8.934274,20.515,False,"Carregado / Azambuja (events: 2022, 2026)"
1764,39.10213,-8.934264,19.567,False,"Carregado / Azambuja (events: 2022, 2026)"
1765,39.101905,-8.934253,18.74,False,"Carregado / Azambuja (events: 2022, 2026)"
1766,39.101681,-8.934242,17.999,False,"Carregado / Azambuja (events: 2022, 2026)"
1767,39.101456,-8.934231,17.458,False,"Carregado / Azambuja (events: 2022, 2026)"
1768,39.101231,-8.93422,17.327,False,"Carregado / Azambuja (events: 2022, 2026)"
1769,39.101007,-8.93421,17.667,False,"Carregado / Azambuja (events: 2022, 2026)"
1770,39.100782,-8.934189,18.006,False,"Carregado / Azambuja (events: 2022, 2026)"
1771,39.100558,-8.934165,18.117,False,"Carregado / Azambuja (events: 2022, 2026)"
1772,39.100334,-8.934141,18.064,False,"Carregado / Azambuja (events: 2022, 2026)"
1773,39.10011,-8.934117,17.785,False,"Carregado / Azambuja (events: 2022, 2026)"
1774,39.099886,-8.934093,17.345,False,"Carregado / Azambuja (events: 2022, 2026)"
1775,39.099662,-8.934069,16.833,False,"Carregado / Azambuja (events: 2022, 2026)"
1776,39.099438,-8.934046,16.378,False,"Carregado / Azambuja (events: 2022, 2026)"
1777,39.099214,-8.934022,16.035,False,"Carregado / Azambuja (events: 2022, 2026)"
1778,39.09899,-8.933998,15.889,False,"Carregado / Azambuja (events: 2022, 2026)"
1779,39.098768,-8.933953,16.329,False,"Carregado / Azambuja (events: 2022, 2026)"
1780,39.098546,-8.933902,17.039,False,"Carregado / Azambuja (events: 2022, 2026)"
1781,39.098325,-8.933852,17.761,False,"Carregado / Azambuja (events: 2022, 2026)"
1782,39.098104,-8.933801,18.427,False,"Carregado / Azambuja (events: 2022, 2026)"
1783,39.097882,-8.933751,18.987,False,"Carregado / Azambuja (events: 2022, 2026)"
1784,39.097661,-8.933698,19.27,False,"Carregado / Azambuja (events: 2022, 2026)"
1785,39.097444,-8.933625,20.029,False,"Carregado / Azambuja (events: 2022, 2026)"
1786,39.097226,-8.933552,21.126,False,"Carregado / Azambuja (events: 2022, 2026)"
1787,39.097009,-8.933479,22.103,False,"Carregado / Azambuja (events: 2022, 2026)"
1788,39.096791,-8.933406,22.688,False,"Carregado / Azambuja (events: 2022, 2026)"
1789,39.096573,-8.933333,23.022,False,"Carregado / Azambuja (events: 2022, 2026)"
1790,39.096359,-8.933245,23.7,False,"Carregado / Azambuja (events: 2022, 2026)"
1791,39.096147,-8.933151,25.125,False,"Carregado / Azambuja (events: 2022, 2026)"
1792,39.095934,-8.933057,27.505,False,"Carregado / Azambuja (events: 2022, 2026)"
1793,39.095721,-8.932963,28.801,False,"Carregado / Azambuja (events: 2022, 2026)"
1794,39.095509,-8.93287,29.391,False,"Carregado / Azambuja (events: 2022, 2026)"
1795,39.0953,-8.932763,29.448,False,"Carregado / Azambuja (events: 2022, 2026)"
1796,39.095094,-8.932647,29.548,False,"Carregado / Azambuja (events: 2022, 2026)"
1797,39.094888,-8.93253,29.465,False,"Carregado / Azambuja (events: 2022, 2026)"
1798,39.094682,-8.932414,29.574,False,"Carregado / Azambuja (events: 2022, 2026)"
1799,39.094476,-8.932298,30.129,False,"Carregado / Azambuja (events: 2022, 2026)"
1800,39.09427,-8.932181,31.179,False,"Carregado / Azambuja (events: 2022, 2026)"
1801,39.09407,-8.932049,32.075,False,"Carregado / Azambuja (events: 2022, 2026)"
1802,39.09387,-8.931917,32.428,False,"Carregado / Azambuja (events: 2022, 2026)"
1803,39.09367,-8.931784,33.312,False,"Carregado / Azambuja (events: 2022, 2026)"
1804,39.09347,-8.931652,34.54,False,"Carregado / Azambuja (events: 2022, 2026)"
1805,39.09327,-8.93152,35.346,False,"Carregado / Azambuja (events: 2022, 2026)"
1806,39.09307,-8.931388,35.732,False,"Carregado / Azambuja (events: 2022, 2026)"
1807,39.09287,-8.931256,35.02,False,"Carregado / Azambuja (events: 2022, 2026)"
1808,39.092669,-8.931126,34.01,False,"Carregado / Azambuja (events: 2022, 2026)"
1809,39.092467,-8.930998,32.674,False,"Carregado / Azambuja (events: 2022, 2026)"
1810,39.092266,-8.930869,31.355,False,"Carregado / Azambuja (events: 2022, 2026)"
1811,39.092064,-8.930741,30.111,False,"Carregado / Azambuja (events: 2022, 2026)"
1812,39.091855,-8.930635,28.248,False,"Carregado / Azambuja (events: 2022, 2026)"
1813,39.091644,-8.930537,26.695,False,"Carregado / Azambuja (events: 2022, 2026)"
1814,39.091432,-8.93044,25.685,False,"Carregado / Azambuja (events: 2022, 2026)"
1815,39.09122,-8.930342,25.029,False,"Carregado / Azambuja (events: 2022, 2026)"
1816,39.091008,-8.930245,24.617,False,"Carregado / Azambuja (events: 2022, 2026)"
1817,39.090789,-8.930184,24.186,False,"Carregado / Azambuja (events: 2022, 2026)"
1818,39.090568,-8.930127,23.831,False,"Carregado / Azambuja (events: 2022, 2026)"
1819,39.090348,-8.93007,23.637,False,"Carregado / Azambuja (events: 2022, 2026)"
1820,39.090128,-8.930013,23.853,False,"Carregado / Azambuja (events: 2022, 2026)"
1821,39.089906,-8.929962,23.631,False,"Carregado / Azambuja (events: 2022, 2026)"
1822,39.089683,-8.929932,23.475,False,"Carregado / Azambuja (events: 2022, 2026)"
1823,39.089459,-8.929902,23.129,False,"Carregado / Azambuja (events: 2022, 2026)"
1824,39.089236,-8.929872,22.75,False,"Carregado / Azambuja (events: 2022, 2026)"
1825,39.089012,-8.929847,22.491,False,"Carregado / Azambuja (events: 2022, 2026)"
1826,39.088787,-8.929848,22.736,False,"Carregado / Azambuja (events: 2022, 2026)"
1827,39.088562,-8.92985,23.258,False,"Carregado / Azambuja (events: 2022, 2026)"
1828,39.088337,-8.929851,23.786,False,"Carregado / Azambuja (events: 2022, 2026)"
1829,39.088112,-8.929853,24.169,False,"Carregado / Azambuja (events: 2022, 2026)"
1830,39.087888,-8.929854,24.194,False,"Carregado / Azambuja (events: 2022, 2026)"
1831,39.087664,-8.929886,23.963,False,"Carregado / Azambuja (events: 2022, 2026)"
1832,39.087441,-8.929919,23.82,False,"Carregado / Azambuja (events: 2022, 2026)"
1833,39.087217,-8.929951,23.849,False,"Carregado / Azambuja (events: 2022, 2026)"
1834,39.086994,-8.929984,24.38,False,"Carregado / Azambuja (events: 2022, 2026)"
1835,39.086774,-8.930039,25.126,False,"Carregado / Azambuja (events: 2022, 2026)"
1836,39.086556,-8.930113,25.576,False,"Carregado / Azambuja (events: 2022, 2026)"
1837,39.086339,-8.930187,26.632,False,"Carregado / Azambuja (events: 2022, 2026)"
1838,39.086122,-8.930261,28.45,False,"Carregado / Azambuja (events: 2022, 2026)"
1839,39.085905,-8.930336,30.277,False,"Carregado / Azambuja (events: 2022, 2026)"
1840,39.085689,-8.93042,31.058,False,"Carregado / Azambuja (events: 2022, 2026)"
1841,39.085474,-8.930504,30.616,False,"Carregado / Azambuja (events: 2022, 2026)"
1842,39.085259,-8.930588,29.956,False,"Carregado / Azambuja (events: 2022, 2026)"
1843,39.085044,-8.930673,29.909,False,"Carregado / Azambuja (events: 2022, 2026)"
1844,39.084829,-8.930757,30.027,False,"Carregado / Azambuja (events: 2022, 2026)"
1845,39.084614,-8.930841,32.043,False,"Carregado / Azambuja (events: 2022, 2026)"
1846,39.084398,-8.930924,32.826,False,"Carregado / Azambuja (events: 2022, 2026)"
1847,39.084183,-8.931005,32.931,False,"Carregado / Azambuja (events: 2022, 2026)"
1848,39.083967,-8.931086,32.494,False,"Carregado / Azambuja (events: 2022, 2026)"
1849,39.083751,-8.931168,31.529,False,"Carregado / Azambuja (events: 2022, 2026)"
1850,39.083535,-8.931249,30.8,False,"Carregado / Azambuja (events: 2022, 2026)"
1851,39.083319,-8.93133,29.674,False,"Carregado / Azambuja (events: 2022, 2026)"
1852,39.083104,-8.931412,28.847,False,"Carregado / Azambuja (events: 2022, 2026)"
1853,39.082888,-8.931493,28.138,False,"Carregado / Azambuja (events: 2022, 2026)"
1854,39.082671,-8.931567,27.301,False,"Carregado / Azambuja (events: 2022, 2026)"
1855,39.082453,-8.931642,26.268,False,"Carregado / Azambuja (events: 2022, 2026)"
1856,39.082236,-8.931716,25.568,False,"Carregado / Azambuja (events: 2022, 2026)"
1857,39.082019,-8.931791,24.498,False,"Carregado / Azambuja (events: 2022, 2026)"
1858,39.081802,-8.931866,23.686,False,"Carregado / Azambuja (events: 2022, 2026)"
1859,39.081583,-8.931934,22.743,False,"Carregado / Azambuja (events: 2022, 2026)"
1860,39.081364,-8.931998,21.795,False,"Carregado / Azambuja (events: 2022, 2026)"
1861,39.081145,-8.932062,21.151,False,"Carregado / Azambuja (events: 2022, 2026)"
1862,39.080925,-8.932125,20.957,False,"Carregado / Azambuja (events: 2022, 2026)"
1863,39.080706,-8.932189,20.654,False,"Carregado / Azambuja (events: 2022, 2026)"
1864,39.080487,-8.932253,20.262,False,"Carregado / Azambuja (events: 2022, 2026)"
1865,39.080267,-8.932316,19.72,False,"Carregado / Azambuja (events: 2022, 2026)"
1866,39.080046,-8.932365,19.017,False,"Carregado / Azambuja (events: 2022, 2026)"
1867,39.079824,-8.932414,18.519,False,"Carregado / Azambuja (events: 2022, 2026)"
1868,39.079602,-8.932463,17.926,False,"Carregado / Azambuja (events: 2022, 2026)"
1869,39.079381,-8.932512,17.936,False,"Carregado / Azambuja (events: 2022, 2026)"
1870,39.079159,-8.932562,18.158,False,"Carregado / Azambuja (events: 2022, 2026)"
1871,39.078938,-8.932611,18.124,False,"Carregado / Azambuja (events: 2022, 2026)"
1872,39.078714,-8.93264,17.516,False,"Carregado / Azambuja (events: 2022, 2026)"
1873,39.07849,-8.932669,16.626,False,"Carregado / Azambuja (events: 2022, 2026)"
1874,39.078267,-8.932698,15.454,False,"Carregado / Azambuja (events: 2022, 2026)"
1875,39.078043,-8.932727,14.703,False,"Carregado / Azambuja (events: 2022, 2026)"
1876,39.077819,-8.932756,14.408,False,"Carregado / Azambuja (events: 2022, 2026)"
1877,39.077596,-8.932786,14.256,False,"Carregado / Azambuja (events: 2022, 2026)"
1878,39.077372,-8.932815,14.4,False,"Carregado / Azambuja (events: 2022, 2026)"
1879,39.077148,-8.932844,14.464,False,"Carregado / Azambuja (events: 2022, 2026)"
1880,39.076924,-8.932871,14.653,False,"Carregado / Azambuja (events: 2022, 2026)"
1881,39.0767,-8.932895,14.868,False,"Carregado / Azambuja (events: 2022, 2026)"
1882,39.076476,-8.93292,14.786,False,"Carregado / Azambuja (events: 2022, 2026)"
1883,39.076252,-8.932945,14.367,False,"Carregado / Azambuja (events: 2022, 2026)"
1884,39.076028,-8.932969,13.427,False,"Carregado / Azambuja (events: 2022, 2026)"
1885,39.075804,-8.932994,12.443,False,"Carregado / Azambuja (events: 2022, 2026)"
1886,39.07558,-8.933019,12.114,False,"Carregado / Azambuja (events: 2022, 2026)"
1887,39.075356,-8.933043,12.58,False,"Carregado / Azambuja (events: 2022, 2026)"
1888,39.075132,-8.933068,13.433,False,"Carregado / Azambuja (events: 2022, 2026)"
1889,39.074908,-8.933093,13.894,False,"Carregado / Azambuja (events: 2022, 2026)"
1890,39.074685,-8.933122,14.231,False,"Carregado / Azambuja (events: 2022, 2026)"
1891,39.074463,-8.933168,14.413,False,"Carregado / Azambuja (events: 2022, 2026)"
1892,39.074241,-8.933214,14.381,False,"Carregado / Azambuja (events: 2022, 2026)"
1893,39.074025,-8.933286,13.794,False,"Carregado / Azambuja (events: 2022, 2026)"
1894,39.073817,-8.933398,13.838,False,"Carregado / Azambuja (events: 2022, 2026)"
1895,39.07361,-8.93351,13.497,False,"Carregado / Azambuja (events: 2022, 2026)"
1896,39.073403,-8.933622,13.033,False,"Carregado / Azambuja (events: 2022, 2026)"
1897,39.073195,-8.933734,12.405,False,"Carregado / Azambuja (events: 2022, 2026)"
1898,39.072988,-8.933846,12.71,False,"Carregado / Azambuja (events: 2022, 2026)"
1899,39.072781,-8.933958,13.014,False,"Carregado / Azambuja (events: 2022, 2026)"
1900,39.072573,-8.93407,13.684,False,"Carregado / Azambuja (events: 2022, 2026)"
1901,39.072366,-8.934182,14.539,False,"Carregado / Azambuja (events: 2022, 2026)"
1902,39.072158,-8.934294,15.421,False,"Carregado / Azambuja (events: 2022, 2026)"
1903,39.071951,-8.934406,17.301,False,"Carregado / Azambuja (events: 2022, 2026)"
1904,39.071744,-8.934518,19.016,False,"Carregado / Azambuja (events: 2022, 2026)"
1905,39.071536,-8.93463,21.159,False,"Carregado / Azambuja (events: 2022, 2026)"
1906,39.071329,-8.934742,23.042,False,"Carregado / Azambuja (events: 2022, 2026)"
1907,39.071122,-8.934853,24.307,False,"Carregado / Azambuja (events: 2022, 2026)"
1908,39.070914,-8.934965,25.198,False,"Carregado / Azambuja (events: 2022, 2026)"
1909,39.070707,-8.935077,25.998,False,"Carregado / Azambuja (events: 2022, 2026)"
1910,39.0705,-8.935189,26.863,False,"Carregado / Azambuja (events: 2022, 2026)"
1911,39.070292,-8.935301,27.305,False,"Carregado / Azambuja (events: 2022, 2026)"
1912,39.070085,-8.935413,27.334,False,"Carregado / Azambuja (events: 2022, 2026)"
1913,39.069878,-8.935525,27.723,False,"Carregado / Azambuja (events: 2022, 2026)"
1914,39.06967,-8.935637,27.896,False,"Carregado / Azambuja (events: 2022, 2026)"
1915,39.069463,-8.935749,27.959,False,"Carregado / Azambuja (events: 2022, 2026)"
1916,39.069256,-8.935861,28.096,False,"Carregado / Azambuja (events: 2022, 2026)"
1917,39.069048,-8.935973,27.768,False,"Carregado / Azambuja (events: 2022, 2026)"
1918,39.068841,-8.936085,26.984,False,"Carregado / Azambuja (events: 2022, 2026)"
1919,39.068633,-8.936197,25.832,False,"Carregado / Azambuja (events: 2022, 2026)"
1920,39.068426,-8.936309,24.896,False,"Carregado / Azambuja (events: 2022, 2026)"
1921,39.068219,-8.936421,23.688,False,"Carregado / Azambuja (events: 2022, 2026)"
1922,39.068011,-8.936532,21.866,False,"Carregado / Azambuja (events: 2022, 2026)"
1923,39.067804,-8.936644,20.312,False,"Carregado / Azambuja (events: 2022, 2026)"
1924,39.067597,-8.936756,19.355,False,"Carregado / Azambuja (events: 2022, 2026)"
1925,39.067389,-8.936868,19.017,False,"Carregado / Azambuja (events: 2022, 2026)"
1926,39.067182,-8.93698,19.843,False,"Carregado / Azambuja (events: 2022, 2026)"
1927,39.066975,-8.937092,21.833,False,"Carregado / Azambuja (events: 2022, 2026)"
1928,39.066767,-8.937204,24.599,False,"Carregado / Azambuja (events: 2022, 2026)"
1929,39.06656,-8.937316,27.298,False,"Carregado / Azambuja (events: 2022, 2026)"
1930,39.066353,-8.937428,29.621,False,"Carregado / Azambuja (events: 2022, 2026)"
1931,39.066145,-8.93754,31.658,False,"Carregado / Azambuja (events: 2022, 2026)"
1932,39.065938,-8.937652,33.224,False,"Carregado / Azambuja (events: 2022, 2026)"
1933,39.065731,-8.937764,35.442,False,"Carregado / Azambuja (events: 2022, 2026)"
1934,39.065523,-8.937876,36.484,False,"Carregado / Azambuja (events: 2022, 2026)"
1935,39.065316,-8.937988,36.839,False,"Carregado / Azambuja (events: 2022, 2026)"
1936,39.065108,-8.9381,36.819,False,"Carregado / Azambuja (events: 2022, 2026)"
1937,39.064901,-8.938211,36.412,False,"Carregado / Azambuja (events: 2022, 2026)"
1938,39.064694,-8.938323,35.495,False,"Carregado / Azambuja (events: 2022, 2026)"
1939,39.064486,-8.938435,34.067,False,"Carregado / Azambuja (events: 2022, 2026)"
1940,39.064279,-8.938547,32.058,False,"Carregado / Azambuja (events: 2022, 2026)"
1941,39.064072,-8.938659,29.412,False,"Carregado / Azambuja (events: 2022, 2026)"
1942,39.063864,-8.938771,26.334,False,"Carregado / Azambuja (events: 2022, 2026)"
1943,39.063657,-8.938883,23.144,False,"Carregado / Azambuja (events: 2022, 2026)"
1944,39.06345,-8.938995,20.666,False,"Carregado / Azambuja (events: 2022, 2026)"
1945,39.063242,-8.939107,19.061,False,"Carregado / Azambuja (events: 2022, 2026)"
1946,39.063035,-8.939219,17.716,False,"Carregado / Azambuja (events: 2022, 2026)"
1947,39.062828,-8.939331,17.142,False,"Carregado / Azambuja (events: 2022, 2026)"
1948,39.06262,-8.939443,17.215,False,"Carregado / Azambuja (events: 2022, 2026)"
1949,39.062413,-8.939555,17.956,False,"Carregado / Azambuja (events: 2022, 2026)"
1950,39.062206,-8.939667,18.736,False,"Carregado / Azambuja (events: 2022, 2026)"
1951,39.061998,-8.939779,19.986,False,"Carregado / Azambuja (events: 2022, 2026)"
1952,39.061791,-8.93989,20.977,False,"Carregado / Azambuja (events: 2022, 2026)"
1953,39.061584,-8.940002,21.68,False,"Carregado / Azambuja (events: 2022, 2026)"
1954,39.061376,-8.940114,21.817,False,"Carregado / Azambuja (events: 2022, 2026)"
1955,39.061169,-8.940226,21.611,False,"Carregado / Azambuja (events: 2022, 2026)"
1956,39.060961,-8.940338,20.856,False,"Carregado / Azambuja (events: 2022, 2026)"
1957,39.060754,-8.94045,19.777,False,"Carregado / Azambuja (events: 2022, 2026)"
1958,39.060547,-8.940562,17.91,False,"Carregado / Azambuja (events: 2022, 2026)"
1959,39.060339,-8.940674,16.342,False,"Carregado / Azambuja (events: 2022, 2026)"
1960,39.060132,-8.940786,14.783,False,"Carregado / Azambuja (events: 2022, 2026)"
1961,39.059925,-8.940898,13.466,False,"Carregado / Azambuja (events: 2022, 2026)"
1962,39.059717,-8.94101,12.97,False,"Carregado / Azambuja (events: 2022, 2026)"
1963,39.05951,-8.941122,12.417,False,"Carregado / Azambuja (events: 2022, 2026)"
1964,39.059303,-8.941234,12.046,False,"Carregado / Azambuja (events: 2022, 2026)"
1965,39.059095,-8.941346,12.123,False,"Carregado / Azambuja (events: 2022, 2026)"
1966,39.058888,-8.941458,12.489,False,"Carregado / Azambuja (events: 2022, 2026)"
1967,39.058681,-8.941569,12.486,False,"Carregado / Azambuja (events: 2022, 2026)"
1968,39.058473,-8.941681,12.572,False,"Carregado / Azambuja (events: 2022, 2026)"
1969,39.058266,-8.941793,12.319,False,"Carregado / Azambuja (events: 2022, 2026)"
1970,39.058059,-8.941905,12.013,False,"Carregado / Azambuja (events: 2022, 2026)"
1971,39.057851,-8.942017,11.776,False,"Carregado / Azambuja (events: 2022, 2026)"
1972,39.057644,-8.942129,11.346,False,"Carregado / Azambuja (events: 2022, 2026)"
1973,39.057436,-8.942241,10.895,False,"Carregado / Azambuja (events: 2022, 2026)"
1974,39.057229,-8.942353,10.283,False,"Carregado / Azambuja (events: 2022, 2026)"
1975,39.057022,-8.942465,9.713,False,"Carregado / Azambuja (events: 2022, 2026)"
1976,39.056814,-8.942577,9.283,False,"Carregado / Azambuja (events: 2022, 2026)"
1977,39.056607,-8.942689,9.271,False,"Carregado / Azambuja (events: 2022, 2026)"
1978,39.0564,-8.942801,8.955,False,"Carregado / Azambuja (events: 2022, 2026)"
1979,39.056192,-8.942913,8.93,False,"Carregado / Azambuja (events: 2022, 2026)"
1980,39.055985,-8.943025,9.283,False,"Carregado / Azambuja (events: 2022, 2026)"
1981,39.055778,-8.943137,9.992,False,"Carregado / Azambuja (events: 2022, 2026)"
1982,39.05557,-8.943248,10.115,False,"Carregado / Azambuja (events: 2022, 2026)"
1983,39.055363,-8.94336,9.936,False,"Carregado / Azambuja (events: 2022, 2026)"
1984,39.055156,-8.943472,9.675,False,"Carregado / Azambuja (events: 2022, 2026)"
1985,39.054948,-8.943584,9.554,False,"Carregado / Azambuja (events: 2022, 2026)"
1986,39.054741,-8.943696,9.2,False,"Carregado / Azambuja (events: 2022, 2026)"
1987,39.054534,-8.943808,8.587,False,"Carregado / Azambuja (events: 2022, 2026)"
1988,39.054326,-8.94392,7.533,False,"Carregado / Azambuja (events: 2022, 2026)"
1989,39.054119,-8.944032,6.619,False,"Carregado / Azambuja (events: 2022, 2026)"
1990,39.053911,-8.944144,6.032,False,"Carregado / Azambuja (events: 2022, 2026)"
1991,39.053704,-8.944256,5.599,False,"Carregado / Azambuja (events: 2022, 2026)"
1992,39.053497,-8.944368,5.644,False,"Carregado / Azambuja (events: 2022, 2026)"
1993,39.053289,-8.94448,6.315,False,"Carregado / Azambuja (events: 2022, 2026)"
1994,39.053082,-8.944592,7.285,False,"Carregado / Azambuja (events: 2022, 2026)"
1995,39.052875,-8.944704,8.073,False,"Carregado / Azambuja (events: 2022, 2026)"
1996,39.052667,-8.944816,9.084,False,"Carregado / Azambuja (events: 2022, 2026)"
1997,39.05246,-8.944927,10.794,False,"Carregado / Azambuja (events: 2022, 2026)"
1998,39.052253,-8.945039,13.144,False,"Carregado / Azambuja (events: 2022, 2026)"
1999,39.052045,-8.945151,15.921,False,"Carregado / Azambuja (events: 2022, 2026)"
2000,39.051838,-8.945263,18.331,False,"Carregado / Azambuja (events: 2022, 2026)"
2001,39.051631,-8.945375,19.904,False,"Carregado / Azambuja (events: 2022, 2026)"
2002,39.051423,-8.945487,19.191,False,"Carregado / Azambuja (events: 2022, 2026)"
2003,39.051216,-8.945599,17.756,False,"Carregado / Azambuja (events: 2022, 2026)"
2004,39.051009,-8.945711,15.828,False,"Carregado / Azambuja (events: 2022, 2026)"
2005,39.050801,-8.945823,13.804,False,"Carregado / Azambuja (events: 2022, 2026)"
2006,39.050594,-8.945935,11.736,False,"Carregado / Azambuja (events: 2022, 2026)"
2007,39.050387,-8.946047,10.376,False,"Carregado / Azambuja (events: 2022, 2026)"
2008,39.050179,-8.946159,8.691,False,"Carregado / Azambuja (events: 2022, 2026)"
2009,39.049972,-8.946271,7.097,False,"Carregado / Azambuja (events: 2022, 2026)"
2010,39.049764,-8.946383,6.622,False,"Carregado / Azambuja (events: 2022, 2026)"
2011,39.049557,-8.946495,6.788,False,"Carregado / Azambuja (events: 2022, 2026)"
2012,39.04935,-8.946606,7.094,False,"Carregado / Azambuja (events: 2022, 2026)"
2013,39.049142,-8.946718,7.367,False,"Carregado / Azambuja (events: 2022, 2026)"
2014,39.048935,-8.94683,7.445,False,"Carregado / Azambuja (events: 2022, 2026)"
2015,39.048728,-8.946942,7.669,False,"Carregado / Azambuja (events: 2022, 2026)"
2016,39.04852,-8.947054,7.967,False,"Carregado / Azambuja (events: 2022, 2026)"
2017,39.048313,-8.947166,7.991,False,"Carregado / Azambuja (events: 2022, 2026)"
2018,39.048285,-8.947165,8.021,False,"Carregado / Azambuja (events: 2022, 2026)"
2019,39.048481,-8.947023,7.992,False,"Carregado / Azambuja (events: 2022, 2026)"
2020,39.048677,-8.946881,7.782,False,"Carregado / Azambuja (events: 2022, 2026)"
2021,39.048873,-8.946739,7.659,False,"Carregado / Azambuja (events: 2022, 2026)"
2022,39.049068,-8.946597,7.603,False,"Carregado / Azambuja (events: 2022, 2026)"
2023,39.049264,-8.946456,7.33,False,"Carregado / Azambuja (events: 2022, 2026)"
2024,39.049454,-8.946299,6.78,False,"Carregado / Azambuja (events: 2022, 2026)"
2025,39.049642,-8.946142,7.191,False,"Carregado / Azambuja (events: 2022, 2026)"
2026,39.049831,-8.945984,8.76,False,"Carregado / Azambuja (events: 2022, 2026)"
2027,39.050019,-8.945826,11.611,False,"Carregado / Azambuja (events: 2022, 2026)"
2028,39.050201,-8.945655,14.789,False,"Carregado / Azambuja (events: 2022, 2026)"
2029,39.050382,-8.945484,17.502,False,"Carregado / Azambuja (events: 2022, 2026)"
2030,39.050563,-8.945313,20.07,False,"Carregado / Azambuja (events: 2022, 2026)"
2031,39.050745,-8.945142,21.677,False,"Carregado / Azambuja (events: 2022, 2026)"
2032,39.050926,-8.944971,22.911,False,"Carregado / Azambuja (events: 2022, 2026)"
2033,39.051107,-8.944799,23.407,False,"Carregado / Azambuja (events: 2022, 2026)"
2034,39.051288,-8.944627,23.47,False,"Carregado / Azambuja (events: 2022, 2026)"
2035,39.051469,-8.944455,22.706,False,"Carregado / Azambuja (events: 2022, 2026)"
2036,39.05165,-8.944283,21.117,False,"Carregado / Azambuja (events: 2022, 2026)"
2037,39.05183,-8.944111,19.279,False,"Carregado / Azambuja (events: 2022, 2026)"
2038,39.052011,-8.943939,17.447,False,"Carregado / Azambuja (events: 2022, 2026)"
2039,39.0522,-8.943781,16.1,False,"Carregado / Azambuja (events: 2022, 2026)"
2040,39.05239,-8.943627,15.337,False,"Carregado / Azambuja (events: 2022, 2026)"
2041,39.05258,-8.943472,15.023,False,"Carregado / Azambuja (events: 2022, 2026)"
2042,39.05277,-8.943317,15.281,False,"Carregado / Azambuja (events: 2022, 2026)"
2043,39.05296,-8.943162,15.898,False,"Carregado / Azambuja (events: 2022, 2026)"
2044,39.053161,-8.943033,16.635,False,"Carregado / Azambuja (events: 2022, 2026)"
2045,39.053363,-8.942905,17.181,False,"Carregado / Azambuja (events: 2022, 2026)"
2046,39.053565,-8.942778,17.722,False,"Carregado / Azambuja (events: 2022, 2026)"
2047,39.053766,-8.94265,17.69,False,"Carregado / Azambuja (events: 2022, 2026)"
2048,39.053973,-8.942537,17.5,False,"Carregado / Azambuja (events: 2022, 2026)"
2049,39.054183,-8.942433,16.749,False,"Carregado / Azambuja (events: 2022, 2026)"
2050,39.054393,-8.94233,15.637,False,"Carregado / Azambuja (events: 2022, 2026)"
2051,39.054603,-8.942227,14.079,False,"Carregado / Azambuja (events: 2022, 2026)"
2052,39.054817,-8.94214,12.507,False,"Carregado / Azambuja (events: 2022, 2026)"
2053,39.055036,-8.942073,11.8,False,"Carregado / Azambuja (events: 2022, 2026)"
2054,39.055254,-8.942006,11.99,False,"Carregado / Azambuja (events: 2022, 2026)"
2055,39.055473,-8.941939,12.356,False,"Carregado / Azambuja (events: 2022, 2026)"
2056,39.055692,-8.941872,12.837,False,"Carregado / Azambuja (events: 2022, 2026)"
2057,39.055913,-8.941823,13.344,False,"Carregado / Azambuja (events: 2022, 2026)"
2058,39.056136,-8.941778,13.932,False,"Carregado / Azambuja (events: 2022, 2026)"
2059,39.056358,-8.941734,14.74,False,"Carregado / Azambuja (events: 2022, 2026)"
2060,39.05658,-8.941695,15.68,False,"Carregado / Azambuja (events: 2022, 2026)"
2061,39.056805,-8.941673,16.256,False,"Carregado / Azambuja (events: 2022, 2026)"
2062,39.057029,-8.941651,16.963,False,"Carregado / Azambuja (events: 2022, 2026)"
2063,39.057253,-8.941629,16.82,False,"Carregado / Azambuja (events: 2022, 2026)"
2064,39.057477,-8.941607,15.902,False,"Carregado / Azambuja (events: 2022, 2026)"
2065,39.057701,-8.941584,14.84,False,"Carregado / Azambuja (events: 2022, 2026)"
2066,39.057925,-8.941561,14.09,False,"Carregado / Azambuja (events: 2022, 2026)"
2067,39.058149,-8.941537,13.466,False,"Carregado / Azambuja (events: 2022, 2026)"
2068,39.058373,-8.941514,12.992,False,"Carregado / Azambuja (events: 2022, 2026)"
2069,39.058598,-8.94149,12.581,False,"Carregado / Azambuja (events: 2022, 2026)"
2070,39.058822,-8.941467,12.503,False,"Carregado / Azambuja (events: 2022, 2026)"
2071,39.059046,-8.941443,12.323,False,"Carregado / Azambuja (events: 2022, 2026)"
2072,39.05927,-8.941419,11.853,False,"Carregado / Azambuja (events: 2022, 2026)"
2073,39.059492,-8.941379,11.629,False,"Carregado / Azambuja (events: 2022, 2026)"
2074,39.059714,-8.94133,11.63,False,"Carregado / Azambuja (events: 2022, 2026)"
2075,39.059935,-8.94128,11.7,False,"Carregado / Azambuja (events: 2022, 2026)"
2076,39.060157,-8.94123,12.446,False,"Carregado / Azambuja (events: 2022, 2026)"
2077,39.060378,-8.941181,13.525,False,"Carregado / Azambuja (events: 2022, 2026)"
2078,39.060597,-8.941117,14.779,False,"Carregado / Azambuja (events: 2022, 2026)"
2079,39.060816,-8.94105,15.745,False,"Carregado / Azambuja (events: 2022, 2026)"
2080,39.061035,-8.940982,16.37,False,"Carregado / Azambuja (events: 2022, 2026)"
2081,39.061254,-8.940915,15.993,False,"Carregado / Azambuja (events: 2022, 2026)"
2082,39.06147,-8.940839,15.181,False,"Carregado / Azambuja (events: 2022, 2026)"
2083,39.061687,-8.940761,14.028,False,"Carregado / Azambuja (events: 2022, 2026)"
2084,39.061903,-8.940683,13.266,False,"Carregado / Azambuja (events: 2022, 2026)"
2085,39.06212,-8.940605,12.309,False,"Carregado / Azambuja (events: 2022, 2026)"
2086,39.062337,-8.940527,11.528,False,"Carregado / Azambuja (events: 2022, 2026)"
2087,39.062553,-8.940449,11.29,False,"Carregado / Azambuja (events: 2022, 2026)"
2088,39.06277,-8.940371,11.392,False,"Carregado / Azambuja (events: 2022, 2026)"
2089,39.062986,-8.940293,12.012,False,"Carregado / Azambuja (events: 2022, 2026)"
2090,39.063203,-8.940215,12.91,False,"Carregado / Azambuja (events: 2022, 2026)"
2091,39.063419,-8.940137,14.232,False,"Carregado / Azambuja (events: 2022, 2026)"
2092,39.063636,-8.940059,16.087,False,"Carregado / Azambuja (events: 2022, 2026)"
2093,39.063852,-8.93998,18.629,False,"Carregado / Azambuja (events: 2022, 2026)"
2094,39.064068,-8.939902,21.045,False,"Carregado / Azambuja (events: 2022, 2026)"
2095,39.064285,-8.939823,23.127,False,"Carregado / Azambuja (events: 2022, 2026)"
2096,39.064501,-8.939745,24.056,False,"Carregado / Azambuja (events: 2022, 2026)"
2097,39.064718,-8.939666,25.001,False,"Carregado / Azambuja (events: 2022, 2026)"
2098,39.064934,-8.939587,26.153,False,"Carregado / Azambuja (events: 2022, 2026)"
2099,39.06515,-8.939509,27.248,False,"Carregado / Azambuja (events: 2022, 2026)"
2100,39.065367,-8.93943,26.82,False,"Carregado / Azambuja (events: 2022, 2026)"
2101,39.065577,-8.939329,25.588,False,"Carregado / Azambuja (events: 2022, 2026)"
2102,39.065788,-8.939227,24.276,False,"Carregado / Azambuja (events: 2022, 2026)"
2103,39.065998,-8.939124,23.59,False,"Carregado / Azambuja (events: 2022, 2026)"
2104,39.066208,-8.939022,22.669,False,"Carregado / Azambuja (events: 2022, 2026)"
2105,39.066409,-8.938892,21.619,False,"Carregado / Azambuja (events: 2022, 2026)"
2106,39.066608,-8.938757,20.075,False,"Carregado / Azambuja (events: 2022, 2026)"
2107,39.066807,-8.938622,18.536,False,"Carregado / Azambuja (events: 2022, 2026)"
2108,39.067006,-8.938488,17.503,False,"Carregado / Azambuja (events: 2022, 2026)"
2109,39.067205,-8.938353,16.659,False,"Carregado / Azambuja (events: 2022, 2026)"
2110,39.067391,-8.93819,16.259,False,"Carregado / Azambuja (events: 2022, 2026)"
2111,39.067575,-8.938024,15.958,False,"Carregado / Azambuja (events: 2022, 2026)"
2112,39.067759,-8.937857,16.042,False,"Carregado / Azambuja (events: 2022, 2026)"
2113,39.067943,-8.937691,15.312,False,"Carregado / Azambuja (events: 2022, 2026)"
2114,39.068127,-8.937524,15.33,False,"Carregado / Azambuja (events: 2022, 2026)"
2115,39.068295,-8.937332,15.854,False,"Carregado / Azambuja (events: 2022, 2026)"
2116,39.068463,-8.93714,16.918,False,"Carregado / Azambuja (events: 2022, 2026)"
2117,39.068631,-8.936947,17.934,False,"Carregado / Azambuja (events: 2022, 2026)"
2118,39.068799,-8.936755,19.574,False,"Carregado / Azambuja (events: 2022, 2026)"
2119,39.068966,-8.936562,21.692,False,"Carregado / Azambuja (events: 2022, 2026)"
2120,39.069133,-8.936367,24.037,False,"Carregado / Azambuja (events: 2022, 2026)"
2121,39.0693,-8.936173,25.769,False,"Carregado / Azambuja (events: 2022, 2026)"
2122,39.069466,-8.935979,26.742,False,"Carregado / Azambuja (events: 2022, 2026)"
2123,39.069633,-8.935784,27.018,False,"Carregado / Azambuja (events: 2022, 2026)"
2124,39.069802,-8.935594,27.674,False,"Carregado / Azambuja (events: 2022, 2026)"
2125,39.069982,-8.93542,27.783,False,"Carregado / Azambuja (events: 2022, 2026)"
2126,39.070162,-8.935246,28.153,False,"Carregado / Azambuja (events: 2022, 2026)"
2127,39.070341,-8.935072,28.968,False,"Carregado / Azambuja (events: 2022, 2026)"
2128,39.070524,-8.934903,28.923,False,"Carregado / Azambuja (events: 2022, 2026)"
2129,39.070714,-8.934749,28.945,False,"Carregado / Azambuja (events: 2022, 2026)"
2130,39.070905,-8.934595,29.171,False,"Carregado / Azambuja (events: 2022, 2026)"
2131,39.071095,-8.934441,29.081,False,"Carregado / Azambuja (events: 2022, 2026)"
2132,39.07129,-8.934298,27.956,False,"Carregado / Azambuja (events: 2022, 2026)"
2133,39.071493,-8.934174,26.445,False,"Carregado / Azambuja (events: 2022, 2026)"
2134,39.071696,-8.934049,24.196,False,"Carregado / Azambuja (events: 2022, 2026)"
2135,39.071899,-8.933924,21.934,False,"Carregado / Azambuja (events: 2022, 2026)"
2136,39.072102,-8.9338,20.187,False,"Carregado / Azambuja (events: 2022, 2026)"
2137,39.072305,-8.933675,18.506,False,"Carregado / Azambuja (events: 2022, 2026)"
2138,39.072519,-8.933586,17.364,False,"Carregado / Azambuja (events: 2022, 2026)"
2139,39.072733,-8.9335,16.613,False,"Carregado / Azambuja (events: 2022, 2026)"
2140,39.072948,-8.933414,15.873,False,"Carregado / Azambuja (events: 2022, 2026)"
2141,39.073163,-8.933328,15.514,False,"Carregado / Azambuja (events: 2022, 2026)"
2142,39.073378,-8.933242,15.252,False,"Carregado / Azambuja (events: 2022, 2026)"
2143,39.073597,-8.933179,15.026,False,"Carregado / Azambuja (events: 2022, 2026)"
2144,39.073816,-8.933116,14.728,False,"Carregado / Azambuja (events: 2022, 2026)"
2145,39.073756,-8.933168,14.777,False,"Carregado / Azambuja (events: 2022, 2026)"
2146,39.073549,-8.93328,14.682,False,"Carregado / Azambuja (events: 2022, 2026)"
2147,39.073342,-8.933392,14.564,False,"Carregado / Azambuja (events: 2022, 2026)"
2148,39.073135,-8.933505,14.527,False,"Carregado / Azambuja (events: 2022, 2026)"
2149,39.072928,-8.933617,14.864,False,"Carregado / Azambuja (events: 2022, 2026)"
2150,39.07272,-8.933729,15.504,False,"Carregado / Azambuja (events: 2022, 2026)"
2151,39.072513,-8.933842,16.098,False,"Carregado / Azambuja (events: 2022, 2026)"
2152,39.072306,-8.933954,17.159,False,"Carregado / Azambuja (events: 2022, 2026)"
2153,39.072099,-8.934066,18.6,False,"Carregado / Azambuja (events: 2022, 2026)"
2154,39.071891,-8.934179,20.562,False,"Carregado / Azambuja (events: 2022, 2026)"
2155,39.071684,-8.934291,23.26,False,"Carregado / Azambuja (events: 2022, 2026)"
2156,39.071477,-8.934403,24.944,False,"Carregado / Azambuja (events: 2022, 2026)"
2157,39.07127,-8.934516,26.728,False,"Carregado / Azambuja (events: 2022, 2026)"
2158,39.071062,-8.934628,27.606,False,"Carregado / Azambuja (events: 2022, 2026)"
2159,39.070855,-8.93474,28.23,False,"Carregado / Azambuja (events: 2022, 2026)"
2160,39.070648,-8.934853,28.865,False,"Carregado / Azambuja (events: 2022, 2026)"
2161,39.070441,-8.934965,28.902,False,"Carregado / Azambuja (events: 2022, 2026)"
2162,39.070234,-8.935077,28.908,False,"Carregado / Azambuja (events: 2022, 2026)"
2163,39.070026,-8.935189,28.782,False,"Carregado / Azambuja (events: 2022, 2026)"
2164,39.069819,-8.935302,29.104,False,"Carregado / Azambuja (events: 2022, 2026)"
2165,39.069612,-8.935414,29.425,False,"Carregado / Azambuja (events: 2022, 2026)"
2166,39.069405,-8.935526,29.071,False,"Carregado / Azambuja (events: 2022, 2026)"
2167,39.069197,-8.935639,28.887,False,"Carregado / Azambuja (events: 2022, 2026)"
2168,39.06899,-8.935751,28.589,False,"Carregado / Azambuja (events: 2022, 2026)"
2169,39.068783,-8.935863,27.854,False,"Carregado / Azambuja (events: 2022, 2026)"
2170,39.068576,-8.935976,26.621,False,"Carregado / Azambuja (events: 2022, 2026)"
2171,39.068369,-8.936088,25.139,False,"Carregado / Azambuja (events: 2022, 2026)"
2172,39.068161,-8.9362,23.815,False,"Carregado / Azambuja (events: 2022, 2026)"
2173,39.067954,-8.936313,22.305,False,"Carregado / Azambuja (events: 2022, 2026)"
2174,39.067747,-8.936425,21.104,False,"Carregado / Azambuja (events: 2022, 2026)"
2175,39.06754,-8.936537,20.481,False,"Carregado / Azambuja (events: 2022, 2026)"
2176,39.067332,-8.93665,20.685,False,"Carregado / Azambuja (events: 2022, 2026)"
2177,39.067125,-8.936762,21.804,False,"Carregado / Azambuja (events: 2022, 2026)"
2178,39.066918,-8.936874,24.252,False,"Carregado / Azambuja (events: 2022, 2026)"
2179,39.066711,-8.936987,27.25,False,"Carregado / Azambuja (events: 2022, 2026)"
2180,39.066503,-8.937099,30.677,False,"Carregado / Azambuja (events: 2022, 2026)"
2181,39.066296,-8.937211,33.465,False,"Carregado / Azambuja (events: 2022, 2026)"
2182,39.066089,-8.937324,35.761,False,"Carregado / Azambuja (events: 2022, 2026)"
2183,39.065882,-8.937436,37.714,False,"Carregado / Azambuja (events: 2022, 2026)"
2184,39.065675,-8.937548,39.519,False,"Carregado / Azambuja (events: 2022, 2026)"
2185,39.065467,-8.93766,40.297,False,"Carregado / Azambuja (events: 2022, 2026)"
2186,39.06526,-8.937773,39.806,False,"Carregado / Azambuja (events: 2022, 2026)"
2187,39.065053,-8.937885,39.178,False,"Carregado / Azambuja (events: 2022, 2026)"
2188,39.064846,-8.937997,38.333,False,"Carregado / Azambuja (events: 2022, 2026)"
2189,39.064638,-8.93811,37.223,False,"Carregado / Azambuja (events: 2022, 2026)"
2190,39.064431,-8.938222,35.703,False,"Carregado / Azambuja (events: 2022, 2026)"
2191,39.064224,-8.938334,33.423,False,"Carregado / Azambuja (events: 2022, 2026)"
2192,39.064017,-8.938447,30.644,False,"Carregado / Azambuja (events: 2022, 2026)"
2193,39.06381,-8.938559,27.671,False,"Carregado / Azambuja (events: 2022, 2026)"
2194,39.063602,-8.938671,24.35,False,"Carregado / Azambuja (events: 2022, 2026)"
2195,39.063395,-8.938784,22.259,False,"Carregado / Azambuja (events: 2022, 2026)"
2196,39.063188,-8.938896,20.801,False,"Carregado / Azambuja (events: 2022, 2026)"
2197,39.062981,-8.939008,20.032,False,"Carregado / Azambuja (events: 2022, 2026)"
2198,39.062773,-8.939121,19.205,False,"Carregado / Azambuja (events: 2022, 2026)"
2199,39.062566,-8.939233,19.096,False,"Carregado / Azambuja (events: 2022, 2026)"
2200,39.062359,-8.939345,19.636,False,"Carregado / Azambuja (events: 2022, 2026)"
2201,39.062152,-8.939458,20.395,False,"Carregado / Azambuja (events: 2022, 2026)"
2202,39.061945,-8.93957,21.799,False,"Carregado / Azambuja (events: 2022, 2026)"
2203,39.061737,-8.939682,23.483,False,"Carregado / Azambuja (events: 2022, 2026)"
2204,39.06153,-8.939795,24.172,False,"Carregado / Azambuja (events: 2022, 2026)"
2205,39.061323,-8.939907,24.326,False,"Carregado / Azambuja (events: 2022, 2026)"
2206,39.061116,-8.940019,23.881,False,"Carregado / Azambuja (events: 2022, 2026)"
2207,39.060908,-8.940132,22.879,False,"Carregado / Azambuja (events: 2022, 2026)"
2208,39.060701,-8.940244,21.389,False,"Carregado / Azambuja (events: 2022, 2026)"
2209,39.060494,-8.940356,19.365,False,"Carregado / Azambuja (events: 2022, 2026)"
2210,39.060287,-8.940468,17.183,False,"Carregado / Azambuja (events: 2022, 2026)"
2211,39.060079,-8.940581,15.663,False,"Carregado / Azambuja (events: 2022, 2026)"
2212,39.059872,-8.940693,14.467,False,"Carregado / Azambuja (events: 2022, 2026)"
2213,39.059665,-8.940805,13.824,False,"Carregado / Azambuja (events: 2022, 2026)"
2214,39.059458,-8.940918,13.328,False,"Carregado / Azambuja (events: 2022, 2026)"
2215,39.059251,-8.94103,12.554,False,"Carregado / Azambuja (events: 2022, 2026)"
2216,39.059043,-8.941142,12.59,False,"Carregado / Azambuja (events: 2022, 2026)"
2217,39.058836,-8.941255,12.593,False,"Carregado / Azambuja (events: 2022, 2026)"
2218,39.058629,-8.941367,12.729,False,"Carregado / Azambuja (events: 2022, 2026)"
2219,39.058422,-8.941479,12.888,False,"Carregado / Azambuja (events: 2022, 2026)"
2220,39.058214,-8.941592,12.971,False,"Carregado / Azambuja (events: 2022, 2026)"
2221,39.058007,-8.941704,12.95,False,"Carregado / Azambuja (events: 2022, 2026)"
2222,39.0578,-8.941816,12.584,False,"Carregado / Azambuja (events: 2022, 2026)"
2223,39.057593,-8.941929,12.451,False,"Carregado / Azambuja (events: 2022, 2026)"
2224,39.057386,-8.942041,12.132,False,"Carregado / Azambuja (events: 2022, 2026)"
2225,39.057178,-8.942153,11.543,False,"Carregado / Azambuja (events: 2022, 2026)"
2226,39.056971,-8.942266,10.806,False,"Carregado / Azambuja (events: 2022, 2026)"
2227,39.056764,-8.942378,10.181,False,"Carregado / Azambuja (events: 2022, 2026)"
2228,39.056557,-8.94249,10.104,False,"Carregado / Azambuja (events: 2022, 2026)"
2229,39.056349,-8.942603,9.801,False,"Carregado / Azambuja (events: 2022, 2026)"
2230,39.056142,-8.942715,9.603,False,"Carregado / Azambuja (events: 2022, 2026)"
2231,39.055935,-8.942827,9.833,False,"Carregado / Azambuja (events: 2022, 2026)"
2232,39.055728,-8.942939,10.164,False,"Carregado / Azambuja (events: 2022, 2026)"
2233,39.05552,-8.943052,10.146,False,"Carregado / Azambuja (events: 2022, 2026)"
2234,39.055313,-8.943164,9.748,False,"Carregado / Azambuja (events: 2022, 2026)"
2235,39.055106,-8.943276,9.232,False,"Carregado / Azambuja (events: 2022, 2026)"
2236,39.054899,-8.943389,9.007,False,"Carregado / Azambuja (events: 2022, 2026)"
2237,39.054692,-8.943501,8.871,False,"Carregado / Azambuja (events: 2022, 2026)"
2238,39.054484,-8.943613,8.484,False,"Carregado / Azambuja (events: 2022, 2026)"
2239,39.054277,-8.943726,7.832,False,"Carregado / Azambuja (events: 2022, 2026)"
2240,39.05407,-8.943838,7.298,False,"Carregado / Azambuja (events: 2022, 2026)"
2241,39.053863,-8.94395,7.011,False,"Carregado / Azambuja (events: 2022, 2026)"
2242,39.053655,-8.944063,6.796,False,"Carregado / Azambuja (events: 2022, 2026)"
2243,39.053448,-8.944175,6.816,False,"Carregado / Azambuja (events: 2022, 2026)"
2244,39.053241,-8.944287,7.243,False,"Carregado / Azambuja (events: 2022, 2026)"
2245,39.053034,-8.9444,8.279,False,"Carregado / Azambuja (events: 2022, 2026)"
2246,39.052827,-8.944512,9.054,False,"Carregado / Azambuja (events: 2022, 2026)"
2247,39.052619,-8.944624,10.111,False,"Carregado / Azambuja (events: 2022, 2026)"
2248,39.052412,-8.944737,11.849,False,"Carregado / Azambuja (events: 2022, 2026)"
2249,39.052205,-8.944849,14.355,False,"Carregado / Azambuja (events: 2022, 2026)"
2250,39.051998,-8.944961,17.142,False,"Carregado / Azambuja (events: 2022, 2026)"
2251,39.05179,-8.945074,19.504,False,"Carregado / Azambuja (events: 2022, 2026)"
2252,39.051583,-8.945186,20.667,False,"Carregado / Azambuja (events: 2022, 2026)"
2253,39.051376,-8.945298,20.676,False,"Carregado / Azambuja (events: 2022, 2026)"
2254,39.051169,-8.94541,19.529,False,"Carregado / Azambuja (events: 2022, 2026)"
2255,39.050962,-8.945523,18.063,False,"Carregado / Azambuja (events: 2022, 2026)"
2256,39.050754,-8.945635,16.126,False,"Carregado / Azambuja (events: 2022, 2026)"
2257,39.050547,-8.945747,14.223,False,"Carregado / Azambuja (events: 2022, 2026)"
2258,39.05034,-8.94586,12.416,False,"Carregado / Azambuja (events: 2022, 2026)"
2259,39.050133,-8.945972,10.538,False,"Carregado / Azambuja (events: 2022, 2026)"
2260,39.049941,-8.946122,8.129,False,"Carregado / Azambuja (events: 2022, 2026)"
2261,39.049751,-8.946277,6.607,False,"Carregado / Azambuja (events: 2022, 2026)"
2262,39.049561,-8.946432,6.758,False,"Carregado / Azambuja (events: 2022, 2026)"
2263,39.049371,-8.946587,7.064,False,"Carregado / Azambuja (events: 2022, 2026)"
2264,39.049176,-8.946732,7.297,False,"Carregado / Azambuja (events: 2022, 2026)"
2265,39.048981,-8.946875,7.299,False,"Carregado / Azambuja (events: 2022, 2026)"
2266,39.048785,-8.947018,7.499,False,"Carregado / Azambuja (events: 2022, 2026)"
2267,39.04859,-8.947161,7.711,False,"Carregado / Azambuja (events: 2022, 2026)"
2268,39.048394,-8.947304,7.739,False,"Carregado / Azambuja (events: 2022, 2026)"
2269,39.048198,-8.947446,7.84,False,"Carregado / Azambuja (events: 2022, 2026)"
2270,39.048002,-8.947586,7.711,False,"Carregado / Azambuja (events: 2022, 2026)"
2271,39.047805,-8.947726,7.218,False,"Carregado / Azambuja (events: 2022, 2026)"
2272,39.047608,-8.947866,6.564,False,"Carregado / Azambuja (events: 2022, 2026)"
2273,39.047411,-8.948006,5.983,False,"Carregado / Azambuja (events: 2022, 2026)"
2274,39.047214,-8.948146,5.403,False,"Carregado / Azambuja (events: 2022, 2026)"
2275,39.047018,-8.948286,5.247,False,"Carregado / Azambuja (events: 2022, 2026)"
2276,39.046821,-8.948426,5.363,False,"Carregado / Azambuja (events: 2022, 2026)"
2277,39.046624,-8.948566,5.691,False,"Carregado / Azambuja (events: 2022, 2026)"
2278,39.046428,-8.948707,5.779,False,"Carregado / Azambuja (events: 2022, 2026)"
2279,39.046231,-8.948847,5.714,False,"Carregado / Azambuja (events: 2022, 2026)"
2280,39.046035,-8.948988,5.613,False,"Carregado / Azambuja (events: 2022, 2026)"
2281,39.045838,-8.949128,5.787,False,"Carregado / Azambuja (events: 2022, 2026)"
2282,39.045641,-8.949268,6.282,False,"Carregado / Azambuja (events: 2022, 2026)"
2283,39.045445,-8.949409,6.863,False,"Carregado / Azambuja (events: 2022, 2026)"
2284,39.045248,-8.949549,7.272,False,"Carregado / Azambuja (events: 2022, 2026)"
2285,39.045051,-8.949689,7.457,False,"Carregado / Azambuja (events: 2022, 2026)"
2286,39.044855,-8.94983,7.361,False,"Carregado / Azambuja (events: 2022, 2026)"
2287,39.044664,-8.949983,7.088,False,"Carregado / Azambuja (events: 2022, 2026)"
2288,39.044476,-8.950141,6.813,False,"Carregado / Azambuja (events: 2022, 2026)"
2289,39.044287,-8.950298,6.758,False,"Carregado / Azambuja (events: 2022, 2026)"
2290,39.044098,-8.950456,6.961,False,"Carregado / Azambuja (events: 2022, 2026)"
2291,39.04391,-8.950613,7.035,False,"Carregado / Azambuja (events: 2022, 2026)"
2292,39.043721,-8.950771,6.766,False,"Carregado / Azambuja (events: 2022, 2026)"
2293,39.043532,-8.950928,6.2,False,"Carregado / Azambuja (events: 2022, 2026)"
2294,39.043348,-8.951093,5.614,False,"Carregado / Azambuja (events: 2022, 2026)"
2295,39.043166,-8.951264,5.391,False,"Carregado / Azambuja (events: 2022, 2026)"
2296,39.042985,-8.951435,5.358,False,"Carregado / Azambuja (events: 2022, 2026)"
2297,39.042804,-8.951606,5.457,False,"Carregado / Azambuja (events: 2022, 2026)"
2298,39.042622,-8.951777,5.54,False,"Carregado / Azambuja (events: 2022, 2026)"
2299,39.042441,-8.951949,5.592,False,"Carregado / Azambuja (events: 2022, 2026)"
2300,39.04226,-8.95212,5.625,False,"Carregado / Azambuja (events: 2022, 2026)"
2301,39.042078,-8.952291,5.367,False,"Carregado / Azambuja (events: 2022, 2026)"
2302,39.041899,-8.952466,5.057,False,"Carregado / Azambuja (events: 2022, 2026)"
2303,39.041726,-8.95265,5.722,False,"Carregado / Azambuja (events: 2022, 2026)"
2304,39.041553,-8.952835,6.548,False,"Carregado / Azambuja (events: 2022, 2026)"
2305,39.041379,-8.953019,6.86,False,"Carregado / Azambuja (events: 2022, 2026)"
2306,39.041206,-8.953203,7.052,False,"Carregado / Azambuja (events: 2022, 2026)"
2307,39.041033,-8.953388,7.174,False,"Carregado / Azambuja (events: 2022, 2026)"
2308,39.040859,-8.953572,7.002,False,"Carregado / Azambuja (events: 2022, 2026)"
2309,39.040686,-8.953756,6.583,False,"Carregado / Azambuja (events: 2022, 2026)"
2310,39.040513,-8.953941,6.081,False,"Carregado / Azambuja (events: 2022, 2026)"
2311,39.040339,-8.954125,5.759,False,"Carregado / Azambuja (events: 2022, 2026)"
2312,39.040166,-8.95431,5.551,False,"Carregado / Azambuja (events: 2022, 2026)"
2313,39.039993,-8.954494,5.444,False,"Carregado / Azambuja (events: 2022, 2026)"
2314,39.039819,-8.954678,5.548,False,"Carregado / Azambuja (events: 2022, 2026)"
2315,39.039646,-8.954863,6.265,False,"Carregado / Azambuja (events: 2022, 2026)"
2316,39.039473,-8.955047,7.72,False,"Carregado / Azambuja (events: 2022, 2026)"
2317,39.039299,-8.955231,8.981,False,"Carregado / Azambuja (events: 2022, 2026)"
2318,39.039126,-8.955416,10.051,False,"Carregado / Azambuja (events: 2022, 2026)"
2319,39.038952,-8.9556,11.257,False,"Carregado / Azambuja (events: 2022, 2026)"
2320,39.038779,-8.955784,12.227,False,"Carregado / Azambuja (events: 2022, 2026)"
2321,39.038606,-8.955969,13.092,False,"Carregado / Azambuja (events: 2022, 2026)"
2322,39.038431,-8.95615,13.638,False,"Carregado / Azambuja (events: 2022, 2026)"
2323,39.038254,-8.956329,14.102,False,"Carregado / Azambuja (events: 2022, 2026)"
2324,39.038078,-8.956508,15.07,False,"Carregado / Azambuja (events: 2022, 2026)"
2325,39.037901,-8.956688,16.394,False,"Carregado / Azambuja (events: 2022, 2026)"
2326,39.037724,-8.956867,17.478,False,"Carregado / Azambuja (events: 2022, 2026)"
2327,39.037547,-8.957045,18.139,False,"Carregado / Azambuja (events: 2022, 2026)"
2328,39.037364,-8.957212,18.227,False,"Carregado / Azambuja (events: 2022, 2026)"
2329,39.03718,-8.95738,18.077,False,"Carregado / Azambuja (events: 2022, 2026)"
2330,39.036997,-8.957548,17.491,False,"Carregado / Azambuja (events: 2022, 2026)"
2331,39.036814,-8.957715,16.696,False,"Carregado / Azambuja (events: 2022, 2026)"
2332,39.036631,-8.957883,15.696,False,"Carregado / Azambuja (events: 2022, 2026)"
2333,39.036442,-8.958039,14.016,False,"Carregado / Azambuja (events: 2022, 2026)"
2334,39.036247,-8.958184,12.53,False,"Carregado / Azambuja (events: 2022, 2026)"
2335,39.036052,-8.958329,11.471,False,"Carregado / Azambuja (events: 2022, 2026)"
2336,39.035858,-8.958474,11.512,False,"Carregado / Azambuja (events: 2022, 2026)"
2337,39.035663,-8.958619,12.255,False,"Carregado / Azambuja (events: 2022, 2026)"
2338,39.035464,-8.958753,13.172,False,"Carregado / Azambuja (events: 2022, 2026)"
2339,39.035265,-8.958887,13.673,False,"Carregado / Azambuja (events: 2022, 2026)"
2340,39.035065,-8.959021,14.477,False,"Carregado / Azambuja (events: 2022, 2026)"
2341,39.034866,-8.959155,16.081,False,"Carregado / Azambuja (events: 2022, 2026)"
2342,39.034667,-8.95929,17.68,False,"Carregado / Azambuja (events: 2022, 2026)"
2343,39.034463,-8.959412,18.939,False,"Carregado / Azambuja (events: 2022, 2026)"
2344,39.034259,-8.959532,19.298,False,"Carregado / Azambuja (events: 2022, 2026)"
2345,39.034054,-8.959652,19.303,False,"Carregado / Azambuja (events: 2022, 2026)"
2346,39.03385,-8.959773,19.38,False,"Carregado / Azambuja (events: 2022, 2026)"
2347,39.033645,-8.959893,19.465,False,"Carregado / Azambuja (events: 2022, 2026)"
2348,39.033437,-8.960002,19.539,False,"Carregado / Azambuja (events: 2022, 2026)"
2349,39.033225,-8.960098,19.615,False,"Carregado / Azambuja (events: 2022, 2026)"
2350,39.033013,-8.960194,19.327,False,"Carregado / Azambuja (events: 2022, 2026)"
2351,39.032801,-8.96029,18.838,False,"Carregado / Azambuja (events: 2022, 2026)"
2352,39.032589,-8.960386,18.4,False,"Carregado / Azambuja (events: 2022, 2026)"
2353,39.032376,-8.960479,18.0,False,"Carregado / Azambuja (events: 2022, 2026)"
2354,39.032162,-8.960566,17.628,False,"Carregado / Azambuja (events: 2022, 2026)"
2355,39.031947,-8.960653,17.112,False,"Carregado / Azambuja (events: 2022, 2026)"
2356,39.031733,-8.960741,16.542,False,"Carregado / Azambuja (events: 2022, 2026)"
2357,39.031518,-8.960828,15.969,False,"Carregado / Azambuja (events: 2022, 2026)"
2358,39.031303,-8.96091,15.477,False,"Carregado / Azambuja (events: 2022, 2026)"
2359,39.031084,-8.960976,14.977,False,"Carregado / Azambuja (events: 2022, 2026)"
2360,39.030866,-8.961044,14.553,False,"Carregado / Azambuja (events: 2022, 2026)"
2361,39.03065,-8.961125,14.25,False,"Carregado / Azambuja (events: 2022, 2026)"
2362,39.030434,-8.961207,14.148,False,"Carregado / Azambuja (events: 2022, 2026)"
2363,39.030218,-8.961288,14.051,False,"Carregado / Azambuja (events: 2022, 2026)"
2364,39.030002,-8.961369,14.056,False,"Carregado / Azambuja (events: 2022, 2026)"
2365,39.029787,-8.96145,14.071,False,"Carregado / Azambuja (events: 2022, 2026)"
2366,39.029571,-8.961531,14.148,False,"Carregado / Azambuja (events: 2022, 2026)"
2367,39.029355,-8.961613,14.06,False,"Carregado / Azambuja (events: 2022, 2026)"
2368,39.029139,-8.961694,13.717,False,"Carregado / Azambuja (events: 2022, 2026)"
2369,39.028923,-8.961775,12.98,False,"Carregado / Azambuja (events: 2022, 2026)"
2370,39.028708,-8.961856,12.035,False,"Carregado / Azambuja (events: 2022, 2026)"
2371,39.028492,-8.961937,11.239,False,"Carregado / Azambuja (events: 2022, 2026)"
2372,39.028276,-8.962019,10.596,False,"Carregado / Azambuja (events: 2022, 2026)"
2373,39.02806,-8.9621,9.949,False,"Carregado / Azambuja (events: 2022, 2026)"
2374,39.027844,-8.962181,9.116,False,"Carregado / Azambuja (events: 2022, 2026)"
2375,39.027629,-8.962262,8.028,False,"Carregado / Azambuja (events: 2022, 2026)"
2376,39.027413,-8.962343,7.246,False,"Carregado / Azambuja (events: 2022, 2026)"
2377,39.027197,-8.962425,6.903,False,"Carregado / Azambuja (events: 2022, 2026)"
2378,39.026981,-8.962506,6.941,False,"Carregado / Azambuja (events: 2022, 2026)"
2379,39.026765,-8.962587,6.973,False,"Carregado / Azambuja (events: 2022, 2026)"
2380,39.02655,-8.962668,7.147,False,"Carregado / Azambuja (events: 2022, 2026)"
2381,39.026334,-8.96275,7.485,False,"Carregado / Azambuja (events: 2022, 2026)"
2382,39.026118,-8.962831,7.726,False,"Carregado / Azambuja (events: 2022, 2026)"
2383,39.025902,-8.962912,7.678,False,"Carregado / Azambuja (events: 2022, 2026)"
2384,39.025687,-8.962993,8.003,False,"Carregado / Azambuja (events: 2022, 2026)"
2385,39.025471,-8.963074,8.911,False,"Carregado / Azambuja (events: 2022, 2026)"
2386,39.025255,-8.963156,9.72,False,"Carregado / Azambuja (events: 2022, 2026)"
2387,39.025039,-8.963237,10.475,False,"Carregado / Azambuja (events: 2022, 2026)"
2388,39.024823,-8.963318,10.952,False,"Carregado / Azambuja (events: 2022, 2026)"
2389,39.024608,-8.963399,11.361,False,"Carregado / Azambuja (events: 2022, 2026)"
2390,39.024392,-8.96348,11.746,False,"Carregado / Azambuja (events: 2022, 2026)"
2391,39.024176,-8.963562,12.156,False,"Carregado / Azambuja (events: 2022, 2026)"
2392,39.02396,-8.963643,12.276,False,"Carregado / Azambuja (events: 2022, 2026)"
2393,39.023748,-8.963736,12.227,False,"Carregado / Azambuja (events: 2022, 2026)"
2394,39.02354,-8.963848,11.984,False,"Carregado / Azambuja (events: 2022, 2026)"
2395,39.023333,-8.96396,11.902,False,"Carregado / Azambuja (events: 2022, 2026)"
2396,39.023126,-8.964072,12.0,False,"Carregado / Azambuja (events: 2022, 2026)"
2397,39.022919,-8.964186,12.362,False,"Carregado / Azambuja (events: 2022, 2026)"
2398,39.022714,-8.964305,12.652,False,"Carregado / Azambuja (events: 2022, 2026)"
2399,39.022509,-8.964424,12.638,False,"Carregado / Azambuja (events: 2022, 2026)"
2400,39.0223,-8.96453,12.449,False,"Carregado / Azambuja (events: 2022, 2026)"
2401,39.02209,-8.964633,12.243,False,"Carregado / Azambuja (events: 2022, 2026)"
2402,39.021879,-8.964733,12.195,False,"Carregado / Azambuja (events: 2022, 2026)"
2403,39.021665,-8.96482,12.652,False,"Carregado / Azambuja (events: 2022, 2026)"
2404,39.02145,-8.964908,13.513,False,"Carregado / Azambuja (events: 2022, 2026)"
2405,39.021236,-8.964995,14.2,False,"Carregado / Azambuja (events: 2022, 2026)"
2406,39.021022,-8.965083,14.642,False,"Carregado / Azambuja (events: 2022, 2026)"
2407,39.020808,-8.965171,15.011,False,"Carregado / Azambuja (events: 2022, 2026)"
2408,39.020593,-8.965258,15.225,False,"Carregado / Azambuja (events: 2022, 2026)"
2409,39.020379,-8.965346,15.05,False,"Carregado / Azambuja (events: 2022, 2026)"
2410,39.020165,-8.965433,14.629,False,"Carregado / Azambuja (events: 2022, 2026)"
2411,39.019946,-8.965501,14.086,False,"Carregado / Azambuja (events: 2022, 2026)"
2412,39.019726,-8.965559,13.43,False,"Carregado / Azambuja (events: 2022, 2026)"
2413,39.019506,-8.965616,12.762,False,"Carregado / Azambuja (events: 2022, 2026)"
2414,39.019285,-8.965674,12.002,False,"Carregado / Azambuja (events: 2022, 2026)"
2415,39.019065,-8.965731,11.441,False,"Carregado / Azambuja (events: 2022, 2026)"
2416,39.018845,-8.965789,10.814,False,"Carregado / Azambuja (events: 2022, 2026)"
2417,39.018624,-8.965847,10.155,False,"Carregado / Azambuja (events: 2022, 2026)"
2418,39.018404,-8.965904,9.452,False,"Carregado / Azambuja (events: 2022, 2026)"
2419,39.018181,-8.965939,8.828,False,"Carregado / Azambuja (events: 2022, 2026)"
2420,39.017958,-8.965974,8.496,False,"Carregado / Azambuja (events: 2022, 2026)"
2421,39.017734,-8.966009,8.464,False,"Carregado / Azambuja (events: 2022, 2026)"
2422,39.017511,-8.966044,8.718,False,"Carregado / Azambuja (events: 2022, 2026)"
2423,39.017332,-8.966067,8.928,False,"Carregado / Azambuja (events: 2022, 2026)"
2424,39.017547,-8.965984,8.507,False,"Carregado / Azambuja (events: 2022, 2026)"
2425,39.017762,-8.965901,8.393,False,"Carregado / Azambuja (events: 2022, 2026)"
2426,39.017978,-8.965818,8.674,False,"Carregado / Azambuja (events: 2022, 2026)"
2427,39.018193,-8.965735,9.275,False,"Carregado / Azambuja (events: 2022, 2026)"
2428,39.018408,-8.965652,9.97,False,"Carregado / Azambuja (events: 2022, 2026)"
2429,39.018624,-8.965569,10.583,False,"Carregado / Azambuja (events: 2022, 2026)"
2430,39.018839,-8.965486,11.061,False,"Carregado / Azambuja (events: 2022, 2026)"
2431,39.019055,-8.965403,11.386,False,"Carregado / Azambuja (events: 2022, 2026)"
2432,39.01927,-8.96532,11.656,False,"Carregado / Azambuja (events: 2022, 2026)"
2433,39.019485,-8.965237,12.01,False,"Carregado / Azambuja (events: 2022, 2026)"
2434,39.019701,-8.965153,12.486,False,"Carregado / Azambuja (events: 2022, 2026)"
2435,39.019916,-8.96507,13.129,False,"Carregado / Azambuja (events: 2022, 2026)"
2436,39.020131,-8.964987,13.726,False,"Carregado / Azambuja (events: 2022, 2026)"
2437,39.020347,-8.964904,14.337,False,"Carregado / Azambuja (events: 2022, 2026)"
2438,39.020562,-8.964821,14.646,False,"Carregado / Azambuja (events: 2022, 2026)"
2439,39.020778,-8.964738,14.54,False,"Carregado / Azambuja (events: 2022, 2026)"
2440,39.020993,-8.964655,14.147,False,"Carregado / Azambuja (events: 2022, 2026)"
2441,39.021208,-8.964572,13.555,False,"Carregado / Azambuja (events: 2022, 2026)"
2442,39.021424,-8.964489,12.417,False,"Carregado / Azambuja (events: 2022, 2026)"
2443,39.021639,-8.964406,11.91,False,"Carregado / Azambuja (events: 2022, 2026)"
2444,39.021854,-8.964323,12.001,False,"Carregado / Azambuja (events: 2022, 2026)"
2445,39.02207,-8.96424,12.36,False,"Carregado / Azambuja (events: 2022, 2026)"
2446,39.022285,-8.964157,12.745,False,"Carregado / Azambuja (events: 2022, 2026)"
2447,39.022501,-8.964074,12.846,False,"Carregado / Azambuja (events: 2022, 2026)"
2448,39.022716,-8.963991,12.73,False,"Carregado / Azambuja (events: 2022, 2026)"
2449,39.022931,-8.963908,12.274,False,"Carregado / Azambuja (events: 2022, 2026)"
2450,39.023147,-8.963825,12.048,False,"Carregado / Azambuja (events: 2022, 2026)"
2451,39.023362,-8.963742,12.011,False,"Carregado / Azambuja (events: 2022, 2026)"
2452,39.023577,-8.963659,12.255,False,"Carregado / Azambuja (events: 2022, 2026)"
2453,39.023793,-8.963576,12.432,False,"Carregado / Azambuja (events: 2022, 2026)"
2454,39.024008,-8.963493,12.453,False,"Carregado / Azambuja (events: 2022, 2026)"
2455,39.024224,-8.96341,12.281,False,"Carregado / Azambuja (events: 2022, 2026)"
2456,39.024439,-8.963327,11.981,False,"Carregado / Azambuja (events: 2022, 2026)"
2457,39.024654,-8.963243,11.59,False,"Carregado / Azambuja (events: 2022, 2026)"
2458,39.02487,-8.96316,11.293,False,"Carregado / Azambuja (events: 2022, 2026)"
2459,39.025085,-8.963077,10.721,False,"Carregado / Azambuja (events: 2022, 2026)"
2460,39.0253,-8.962994,10.028,False,"Carregado / Azambuja (events: 2022, 2026)"
2461,39.025516,-8.962911,9.21,False,"Carregado / Azambuja (events: 2022, 2026)"
2462,39.025731,-8.962828,8.44,False,"Carregado / Azambuja (events: 2022, 2026)"
2463,39.025947,-8.962745,8.177,False,"Carregado / Azambuja (events: 2022, 2026)"
2464,39.026162,-8.962662,7.951,False,"Carregado / Azambuja (events: 2022, 2026)"
2465,39.026377,-8.962579,7.598,False,"Carregado / Azambuja (events: 2022, 2026)"
2466,39.026593,-8.962496,7.127,False,"Carregado / Azambuja (events: 2022, 2026)"
2467,39.026808,-8.962413,7.209,False,"Carregado / Azambuja (events: 2022, 2026)"
2468,39.027023,-8.96233,7.362,False,"Carregado / Azambuja (events: 2022, 2026)"
2469,39.027239,-8.962247,7.491,False,"Carregado / Azambuja (events: 2022, 2026)"
2470,39.027454,-8.962164,7.897,False,"Carregado / Azambuja (events: 2022, 2026)"
2471,39.02767,-8.962081,8.722,False,"Carregado / Azambuja (events: 2022, 2026)"
2472,39.027885,-8.961998,9.782,False,"Carregado / Azambuja (events: 2022, 2026)"
2473,39.0281,-8.961915,10.562,False,"Carregado / Azambuja (events: 2022, 2026)"
2474,39.028316,-8.961832,11.199,False,"Carregado / Azambuja (events: 2022, 2026)"
2475,39.028531,-8.961749,11.908,False,"Carregado / Azambuja (events: 2022, 2026)"
2476,39.028746,-8.961666,12.851,False,"Carregado / Azambuja (events: 2022, 2026)"
2477,39.028962,-8.961583,13.816,False,"Carregado / Azambuja (events: 2022, 2026)"
2478,39.029177,-8.9615,14.404,False,"Carregado / Azambuja (events: 2022, 2026)"
2479,39.029393,-8.961417,14.618,False,"Carregado / Azambuja (events: 2022, 2026)"
2480,39.029608,-8.961333,14.631,False,"Carregado / Azambuja (events: 2022, 2026)"
2481,39.029823,-8.96125,14.572,False,"Carregado / Azambuja (events: 2022, 2026)"
2482,39.030039,-8.961167,14.536,False,"Carregado / Azambuja (events: 2022, 2026)"
2483,39.030254,-8.961084,14.463,False,"Carregado / Azambuja (events: 2022, 2026)"
2484,39.030469,-8.961001,14.329,False,"Carregado / Azambuja (events: 2022, 2026)"
2485,39.030685,-8.960918,14.347,False,"Carregado / Azambuja (events: 2022, 2026)"
2486,39.0309,-8.960835,14.536,False,"Carregado / Azambuja (events: 2022, 2026)"
2487,39.031117,-8.96076,14.804,False,"Carregado / Azambuja (events: 2022, 2026)"
2488,39.031335,-8.960689,15.224,False,"Carregado / Azambuja (events: 2022, 2026)"
2489,39.031552,-8.960612,15.755,False,"Carregado / Azambuja (events: 2022, 2026)"
2490,39.031767,-8.96053,16.413,False,"Carregado / Azambuja (events: 2022, 2026)"
2491,39.031983,-8.960447,17.046,False,"Carregado / Azambuja (events: 2022, 2026)"
2492,39.032198,-8.960364,17.575,False,"Carregado / Azambuja (events: 2022, 2026)"
2493,39.032414,-8.960281,18.092,False,"Carregado / Azambuja (events: 2022, 2026)"
2494,39.032626,-8.960185,18.612,False,"Carregado / Azambuja (events: 2022, 2026)"
2495,39.032838,-8.960089,19.232,False,"Carregado / Azambuja (events: 2022, 2026)"
2496,39.03305,-8.959993,19.688,False,"Carregado / Azambuja (events: 2022, 2026)"
2497,39.033262,-8.959897,19.824,False,"Carregado / Azambuja (events: 2022, 2026)"
2498,39.033474,-8.959801,19.556,False,"Carregado / Azambuja (events: 2022, 2026)"
2499,39.033679,-8.959683,19.442,False,"Carregado / Azambuja (events: 2022, 2026)"
2500,39.033884,-8.959563,19.314,False,"Carregado / Azambuja (events: 2022, 2026)"
2501,39.034088,-8.959442,19.466,False,"Carregado / Azambuja (events: 2022, 2026)"
2502,39.034293,-8.959322,19.763,False,"Carregado / Azambuja (events: 2022, 2026)"
2503,39.034497,-8.959201,19.42,False,"Carregado / Azambuja (events: 2022, 2026)"
2504,39.034698,-8.959073,18.013,False,"Carregado / Azambuja (events: 2022, 2026)"
2505,39.034898,-8.958938,15.914,False,"Carregado / Azambuja (events: 2022, 2026)"
2506,39.035097,-8.958804,14.105,False,"Carregado / Azambuja (events: 2022, 2026)"
2507,39.035296,-8.95867,13.305,False,"Carregado / Azambuja (events: 2022, 2026)"
2508,39.035495,-8.958536,12.238,False,"Carregado / Azambuja (events: 2022, 2026)"
2509,39.035692,-8.958397,11.489,False,"Carregado / Azambuja (events: 2022, 2026)"
2510,39.035887,-8.958252,11.221,False,"Carregado / Azambuja (events: 2022, 2026)"
2511,39.036082,-8.958107,12.267,False,"Carregado / Azambuja (events: 2022, 2026)"
2512,39.036276,-8.957962,13.7,False,"Carregado / Azambuja (events: 2022, 2026)"
2513,39.036471,-8.957817,15.351,False,"Carregado / Azambuja (events: 2022, 2026)"
2514,39.036654,-8.957649,16.46,False,"Carregado / Azambuja (events: 2022, 2026)"
2515,39.036837,-8.957481,17.242,False,"Carregado / Azambuja (events: 2022, 2026)"
2516,39.03702,-8.957314,17.843,False,"Carregado / Azambuja (events: 2022, 2026)"
2517,39.037204,-8.957146,18.127,False,"Carregado / Azambuja (events: 2022, 2026)"
2518,39.037387,-8.956978,17.937,False,"Carregado / Azambuja (events: 2022, 2026)"
2519,39.037567,-8.956805,17.289,False,"Carregado / Azambuja (events: 2022, 2026)"
2520,39.037744,-8.956626,16.168,False,"Carregado / Azambuja (events: 2022, 2026)"
2521,39.03792,-8.956447,14.767,False,"Carregado / Azambuja (events: 2022, 2026)"
2522,39.038097,-8.956268,13.884,False,"Carregado / Azambuja (events: 2022, 2026)"
2523,39.038274,-8.956089,13.488,False,"Carregado / Azambuja (events: 2022, 2026)"
2524,39.03845,-8.955909,12.97,False,"Carregado / Azambuja (events: 2022, 2026)"
2525,39.038623,-8.955725,12.225,False,"Carregado / Azambuja (events: 2022, 2026)"
2526,39.038797,-8.955541,11.268,False,"Carregado / Azambuja (events: 2022, 2026)"
2527,39.03897,-8.955356,10.126,False,"Carregado / Azambuja (events: 2022, 2026)"
2528,39.039143,-8.955172,9.018,False,"Carregado / Azambuja (events: 2022, 2026)"
2529,39.039317,-8.954988,7.913,False,"Carregado / Azambuja (events: 2022, 2026)"
2530,39.03949,-8.954803,6.548,False,"Carregado / Azambuja (events: 2022, 2026)"
2531,39.039663,-8.954619,5.701,False,"Carregado / Azambuja (events: 2022, 2026)"
2532,39.039837,-8.954435,5.582,False,"Carregado / Azambuja (events: 2022, 2026)"
2533,39.04001,-8.95425,5.729,False,"Carregado / Azambuja (events: 2022, 2026)"
2534,39.040183,-8.954066,6.08,False,"Carregado / Azambuja (events: 2022, 2026)"
2535,39.040357,-8.953882,6.486,False,"Carregado / Azambuja (events: 2022, 2026)"
2536,39.04053,-8.953697,7.023,False,"Carregado / Azambuja (events: 2022, 2026)"
2537,39.040703,-8.953513,7.464,False,"Carregado / Azambuja (events: 2022, 2026)"
2538,39.040877,-8.953329,7.633,False,"Carregado / Azambuja (events: 2022, 2026)"
2539,39.04105,-8.953144,7.515,False,"Carregado / Azambuja (events: 2022, 2026)"
2540,39.041224,-8.95296,7.197,False,"Carregado / Azambuja (events: 2022, 2026)"
2541,39.041397,-8.952776,7.057,False,"Carregado / Azambuja (events: 2022, 2026)"
2542,39.04157,-8.952591,6.211,False,"Carregado / Azambuja (events: 2022, 2026)"
2543,39.041744,-8.952407,5.336,False,"Carregado / Azambuja (events: 2022, 2026)"
2544,39.041919,-8.952226,5.219,False,"Carregado / Azambuja (events: 2022, 2026)"
2545,39.042101,-8.952055,5.783,False,"Carregado / Azambuja (events: 2022, 2026)"
2546,39.042282,-8.951884,5.854,False,"Carregado / Azambuja (events: 2022, 2026)"
2547,39.042463,-8.951713,5.754,False,"Carregado / Azambuja (events: 2022, 2026)"
2548,39.042644,-8.951542,5.647,False,"Carregado / Azambuja (events: 2022, 2026)"
2549,39.042826,-8.951371,5.487,False,"Carregado / Azambuja (events: 2022, 2026)"
2550,39.043007,-8.951199,5.386,False,"Carregado / Azambuja (events: 2022, 2026)"
2551,39.043188,-8.951028,5.453,False,"Carregado / Azambuja (events: 2022, 2026)"
2552,39.04337,-8.950857,5.713,False,"Carregado / Azambuja (events: 2022, 2026)"
2553,39.043558,-8.9507,6.299,False,"Carregado / Azambuja (events: 2022, 2026)"
2554,39.043747,-8.950542,6.592,False,"Carregado / Azambuja (events: 2022, 2026)"
2555,39.043936,-8.950385,6.632,False,"Carregado / Azambuja (events: 2022, 2026)"
2556,39.044124,-8.950227,6.424,False,"Carregado / Azambuja (events: 2022, 2026)"
2557,39.044313,-8.95007,6.343,False,"Carregado / Azambuja (events: 2022, 2026)"
2558,39.044502,-8.949912,6.64,False,"Carregado / Azambuja (events: 2022, 2026)"
2559,39.04469,-8.949755,6.983,False,"Carregado / Azambuja (events: 2022, 2026)"
2560,39.044885,-8.94961,7.234,False,"Carregado / Azambuja (events: 2022, 2026)"
2561,39.045081,-8.949469,7.125,False,"Carregado / Azambuja (events: 2022, 2026)"
2562,39.045278,-8.949329,6.703,False,"Carregado / Azambuja (events: 2022, 2026)"
2563,39.045475,-8.949189,6.094,False,"Carregado / Azambuja (events: 2022, 2026)"
2564,39.045671,-8.949048,5.602,False,"Carregado / Azambuja (events: 2022, 2026)"
2565,39.045868,-8.948908,5.395,False,"Carregado / Azambuja (events: 2022, 2026)"
2566,39.046065,-8.948768,5.525,False,"Carregado / Azambuja (events: 2022, 2026)"
2567,39.046261,-8.948627,5.713,False,"Carregado / Azambuja (events: 2022, 2026)"
2568,39.046458,-8.948487,5.788,False,"Carregado / Azambuja (events: 2022, 2026)"
2569,39.046655,-8.948346,5.684,False,"Carregado / Azambuja (events: 2022, 2026)"
2570,39.046851,-8.948206,5.629,False,"Carregado / Azambuja (events: 2022, 2026)"
2571,39.047047,-8.948064,5.841,False,"Carregado / Azambuja (events: 2022, 2026)"
2572,39.047243,-8.947922,6.445,False,"Carregado / Azambuja (events: 2022, 2026)"
2573,39.047439,-8.94778,6.949,False,"Carregado / Azambuja (events: 2022, 2026)"
2574,39.047635,-8.947637,7.458,False,"Carregado / Azambuja (events: 2022, 2026)"
2575,39.04783,-8.947495,7.933,False,"Carregado / Azambuja (events: 2022, 2026)"
2576,39.048026,-8.947353,8.162,False,"Carregado / Azambuja (events: 2022, 2026)"
2577,39.048172,-8.947242,8.105,False,"Carregado / Azambuja (events: 2022, 2026)"
2578,39.047964,-8.947354,8.161,False,"Carregado / Azambuja (events: 2022, 2026)"
2579,39.047757,-8.947465,7.961,False,"Carregado / Azambuja (events: 2022, 2026)"
2580,39.047549,-8.947576,7.529,False,"Carregado / Azambuja (events: 2022, 2026)"
2581,39.047342,-8.947688,7.177,False,"Carregado / Azambuja (events: 2022, 2026)"
2582,39.047134,-8.947799,6.758,False,"Carregado / Azambuja (events: 2022, 2026)"
2583,39.046927,-8.94791,6.347,False,"Carregado / Azambuja (events: 2022, 2026)"
2584,39.046719,-8.948022,6.05,False,"Carregado / Azambuja (events: 2022, 2026)"
2585,39.046512,-8.948133,5.989,False,"Carregado / Azambuja (events: 2022, 2026)"
2586,39.046304,-8.948244,5.849,False,"Carregado / Azambuja (events: 2022, 2026)"
2587,39.046097,-8.948356,5.634,False,"Carregado / Azambuja (events: 2022, 2026)"
2588,39.045889,-8.948467,5.322,False,"Carregado / Azambuja (events: 2022, 2026)"
2589,39.045682,-8.948579,5.152,False,"Carregado / Azambuja (events: 2022, 2026)"
2590,39.045474,-8.94869,5.084,False,"Carregado / Azambuja (events: 2022, 2026)"
2591,39.045267,-8.948801,5.065,False,"Carregado / Azambuja (events: 2022, 2026)"
2592,39.045059,-8.948913,5.209,False,"Carregado / Azambuja (events: 2022, 2026)"
2593,39.044852,-8.949024,5.185,False,"Carregado / Azambuja (events: 2022, 2026)"
2594,39.044644,-8.949135,4.907,True,"Carregado / Azambuja (events: 2022, 2026)"
2595,39.044436,-8.949247,4.283,True,"Carregado / Azambuja (events: 2022, 2026)"
2596,39.044229,-8.949358,3.685,True,"Carregado / Azambuja (events: 2022, 2026)"
2597,39.044021,-8.949469,3.484,True,"Carregado / Azambuja (events: 2022, 2026)"
2598,39.043814,-8.949581,3.861,True,"Carregado / Azambuja (events: 2022, 2026)"
2599,39.043606,-8.949692,4.71,True,"Carregado / Azambuja (events: 2022, 2026)"
2600,39.043399,-8.949803,5.539,False,"Carregado / Azambuja (events: 2022, 2026)"
2601,39.043191,-8.949915,5.877,False,"Carregado / Azambuja (events: 2022, 2026)"
2602,39.042984,-8.950026,5.682,False,"Carregado / Azambuja (events: 2022, 2026)"
2603,39.042776,-8.950137,5.204,False,"Carregado / Azambuja (events: 2022, 2026)"
2604,39.042569,-8.950249,4.858,True,"Carregado / Azambuja (events: 2022, 2026)"
2605,39.042361,-8.95036,4.741,True,"Carregado / Azambuja (events: 2022, 2026)"
2606,39.042154,-8.950472,4.748,True,"Carregado / Azambuja (events: 2022, 2026)"
2607,39.041946,-8.950583,4.682,True,"Carregado / Azambuja (events: 2022, 2026)"
2608,39.041739,-8.950694,4.603,True,"Carregado / Azambuja (events: 2022, 2026)"
2609,39.041531,-8.950806,4.692,True,"Carregado / Azambuja (events: 2022, 2026)"
2610,39.041324,-8.950917,4.977,True,"Carregado / Azambuja (events: 2022, 2026)"
2611,39.041116,-8.951028,4.98,True,"Carregado / Azambuja (events: 2022, 2026)"
2612,39.040909,-8.95114,5.14,False,"Carregado / Azambuja (events: 2022, 2026)"
2613,39.040701,-8.951251,5.675,False,"Carregado / Azambuja (events: 2022, 2026)"
2614,39.040494,-8.951362,6.065,False,"Carregado / Azambuja (events: 2022, 2026)"
2615,39.040286,-8.951474,6.231,False,"Carregado / Azambuja (events: 2022, 2026)"
2616,39.040078,-8.951585,6.037,False,"Carregado / Azambuja (events: 2022, 2026)"
2617,39.039871,-8.951696,5.918,False,"Carregado / Azambuja (events: 2022, 2026)"
2618,39.039663,-8.951808,5.808,False,"Carregado / Azambuja (events: 2022, 2026)"
2619,39.039456,-8.951919,5.849,False,"Carregado / Azambuja (events: 2022, 2026)"
2620,39.039248,-8.952031,5.888,False,"Carregado / Azambuja (events: 2022, 2026)"
2621,39.039041,-8.952142,5.929,False,"Carregado / Azambuja (events: 2022, 2026)"
2622,39.038833,-8.952253,5.861,False,"Carregado / Azambuja (events: 2022, 2026)"
2623,39.038626,-8.952365,5.815,False,"Carregado / Azambuja (events: 2022, 2026)"
2624,39.038418,-8.952476,5.813,False,"Carregado / Azambuja (events: 2022, 2026)"
2625,39.038211,-8.952587,6.119,False,"Carregado / Azambuja (events: 2022, 2026)"
2626,39.038003,-8.952699,6.703,False,"Carregado / Azambuja (events: 2022, 2026)"
2627,39.037796,-8.95281,7.451,False,"Carregado / Azambuja (events: 2022, 2026)"
2628,39.037588,-8.952921,8.144,False,"Carregado / Azambuja (events: 2022, 2026)"
2629,39.037381,-8.953033,8.925,False,"Carregado / Azambuja (events: 2022, 2026)"
2630,39.037173,-8.953144,9.843,False,"Carregado / Azambuja (events: 2022, 2026)"
2631,39.036966,-8.953255,10.752,False,"Carregado / Azambuja (events: 2022, 2026)"
2632,39.036758,-8.953367,11.583,False,"Carregado / Azambuja (events: 2022, 2026)"
2633,39.036551,-8.953478,12.475,False,"Carregado / Azambuja (events: 2022, 2026)"
2634,39.036343,-8.95359,13.324,False,"Carregado / Azambuja (events: 2022, 2026)"
2635,39.036136,-8.953701,13.571,False,"Carregado / Azambuja (events: 2022, 2026)"
2636,39.035928,-8.953812,13.104,False,"Carregado / Azambuja (events: 2022, 2026)"
2637,39.03572,-8.953924,12.118,False,"Carregado / Azambuja (events: 2022, 2026)"
2638,39.035513,-8.954035,11.097,False,"Carregado / Azambuja (events: 2022, 2026)"
2639,39.035305,-8.954146,10.138,False,"Carregado / Azambuja (events: 2022, 2026)"
2640,39.035098,-8.954258,9.29,False,"Carregado / Azambuja (events: 2022, 2026)"
2641,39.03489,-8.954369,8.719,False,"Carregado / Azambuja (events: 2022, 2026)"
2642,39.034683,-8.95448,8.727,False,"Carregado / Azambuja (events: 2022, 2026)"
2643,39.034475,-8.954592,9.288,False,"Carregado / Azambuja (events: 2022, 2026)"
2644,39.034268,-8.954703,10.227,False,"Carregado / Azambuja (events: 2022, 2026)"
2645,39.03406,-8.954814,11.288,False,"Carregado / Azambuja (events: 2022, 2026)"
2646,39.033853,-8.954926,12.316,False,"Carregado / Azambuja (events: 2022, 2026)"
2647,39.033645,-8.955037,13.299,False,"Carregado / Azambuja (events: 2022, 2026)"
2648,39.033438,-8.955149,14.303,False,"Carregado / Azambuja (events: 2022, 2026)"
2649,39.03323,-8.95526,15.441,False,"Carregado / Azambuja (events: 2022, 2026)"
2650,39.033023,-8.955371,16.099,False,"Carregado / Azambuja (events: 2022, 2026)"
2651,39.032815,-8.955483,16.357,False,"Carregado / Azambuja (events: 2022, 2026)"
2652,39.032608,-8.955594,16.275,False,"Carregado / Azambuja (events: 2022, 2026)"
2653,39.0324,-8.955705,16.116,False,"Carregado / Azambuja (events: 2022, 2026)"
2654,39.032193,-8.955817,15.887,False,"Carregado / Azambuja (events: 2022, 2026)"
2655,39.031985,-8.955928,15.55,False,"Carregado / Azambuja (events: 2022, 2026)"
2656,39.031778,-8.956039,14.943,False,"Carregado / Azambuja (events: 2022, 2026)"
2657,39.03157,-8.956151,14.212,False,"Carregado / Azambuja (events: 2022, 2026)"
2658,39.031363,-8.956262,13.514,False,"Carregado / Azambuja (events: 2022, 2026)"
2659,39.031155,-8.956373,12.965,False,"Carregado / Azambuja (events: 2022, 2026)"
2660,39.030947,-8.956485,12.471,False,"Carregado / Azambuja (events: 2022, 2026)"
2661,39.03074,-8.956596,11.969,False,"Carregado / Azambuja (events: 2022, 2026)"
2662,39.030532,-8.956708,11.316,False,"Carregado / Azambuja (events: 2022, 2026)"
2663,39.030325,-8.956819,10.779,False,"Carregado / Azambuja (events: 2022, 2026)"
2664,39.030117,-8.95693,10.588,False,"Carregado / Azambuja (events: 2022, 2026)"
2665,39.02991,-8.957042,10.976,False,"Carregado / Azambuja (events: 2022, 2026)"
2666,39.029702,-8.957153,11.437,False,"Carregado / Azambuja (events: 2022, 2026)"
2667,39.029495,-8.957264,12.007,False,"Carregado / Azambuja (events: 2022, 2026)"
2668,39.029287,-8.957376,12.76,False,"Carregado / Azambuja (events: 2022, 2026)"
2669,39.02908,-8.957487,13.367,False,"Carregado / Azambuja (events: 2022, 2026)"
2670,39.028872,-8.957598,14.012,False,"Carregado / Azambuja (events: 2022, 2026)"
2671,39.028665,-8.95771,14.61,False,"Carregado / Azambuja (events: 2022, 2026)"
2672,39.028457,-8.957821,15.186,False,"Carregado / Azambuja (events: 2022, 2026)"
2673,39.02825,-8.957932,15.586,False,"Carregado / Azambuja (events: 2022, 2026)"
2674,39.028042,-8.958044,15.676,False,"Carregado / Azambuja (events: 2022, 2026)"
2675,39.027835,-8.958155,15.302,False,"Carregado / Azambuja (events: 2022, 2026)"
2676,39.027627,-8.958266,14.704,False,"Carregado / Azambuja (events: 2022, 2026)"
2677,39.02742,-8.958378,13.823,False,"Carregado / Azambuja (events: 2022, 2026)"
2678,39.027212,-8.958489,12.672,False,"Carregado / Azambuja (events: 2022, 2026)"
2679,39.027005,-8.958601,11.41,False,"Carregado / Azambuja (events: 2022, 2026)"
2680,39.026797,-8.958712,10.196,False,"Carregado / Azambuja (events: 2022, 2026)"
2681,39.026589,-8.958823,8.672,False,"Carregado / Azambuja (events: 2022, 2026)"
2682,39.026382,-8.958935,7.181,False,"Carregado / Azambuja (events: 2022, 2026)"
2683,39.026174,-8.959046,5.938,False,"Carregado / Azambuja (events: 2022, 2026)"
2684,39.025967,-8.959157,5.087,False,"Carregado / Azambuja (events: 2022, 2026)"
2685,39.025759,-8.959269,5.493,False,"Carregado / Azambuja (events: 2022, 2026)"
2686,39.025552,-8.95938,5.839,False,"Carregado / Azambuja (events: 2022, 2026)"
2687,39.025344,-8.959491,6.258,False,"Carregado / Azambuja (events: 2022, 2026)"
2688,39.025137,-8.959603,6.539,False,"Carregado / Azambuja (events: 2022, 2026)"
2689,39.024929,-8.959714,7.157,False,"Carregado / Azambuja (events: 2022, 2026)"
2690,39.024722,-8.959825,7.934,False,"Carregado / Azambuja (events: 2022, 2026)"
2691,39.024514,-8.959937,8.898,False,"Carregado / Azambuja (events: 2022, 2026)"
2692,39.024307,-8.960048,9.992,False,"Carregado / Azambuja (events: 2022, 2026)"
2693,39.024099,-8.96016,11.276,False,"Carregado / Azambuja (events: 2022, 2026)"
2694,39.023892,-8.960271,12.408,False,"Carregado / Azambuja (events: 2022, 2026)"
2695,39.023684,-8.960382,13.353,False,"Carregado / Azambuja (events: 2022, 2026)"
2696,39.023477,-8.960494,14.357,False,"Carregado / Azambuja (events: 2022, 2026)"
2697,39.023269,-8.960605,15.51,False,"Carregado / Azambuja (events: 2022, 2026)"
2698,39.023062,-8.960716,16.132,False,"Carregado / Azambuja (events: 2022, 2026)"
2699,39.022854,-8.960828,15.678,False,"Carregado / Azambuja (events: 2022, 2026)"
2700,39.022647,-8.960939,15.059,False,"Carregado / Azambuja (events: 2022, 2026)"
2701,39.022439,-8.96105,14.491,False,"Carregado / Azambuja (events: 2022, 2026)"
2702,39.022231,-8.961162,13.992,False,"Carregado / Azambuja (events: 2022, 2026)"
2703,39.022024,-8.961273,13.43,False,"Carregado / Azambuja (events: 2022, 2026)"
2704,39.021816,-8.961384,12.651,False,"Carregado / Azambuja (events: 2022, 2026)"
2705,39.021609,-8.961496,11.627,False,"Carregado / Azambuja (events: 2022, 2026)"
2706,39.021401,-8.961607,10.613,False,"Carregado / Azambuja (events: 2022, 2026)"
2707,39.021194,-8.961719,10.123,False,"Carregado / Azambuja (events: 2022, 2026)"
2708,39.020986,-8.96183,10.098,False,"Carregado / Azambuja (events: 2022, 2026)"
2709,39.020779,-8.961941,10.188,False,"Carregado / Azambuja (events: 2022, 2026)"
2710,39.020571,-8.962053,10.662,False,"Carregado / Azambuja (events: 2022, 2026)"
2711,39.020364,-8.962164,11.445,False,"Carregado / Azambuja (events: 2022, 2026)"
2712,39.020156,-8.962275,12.214,False,"Carregado / Azambuja (events: 2022, 2026)"
2713,39.019949,-8.962387,12.746,False,"Carregado / Azambuja (events: 2022, 2026)"
2714,39.019741,-8.962498,12.873,False,"Carregado / Azambuja (events: 2022, 2026)"
2715,39.019534,-8.962609,12.568,False,"Carregado / Azambuja (events: 2022, 2026)"
2716,39.019326,-8.962721,11.935,False,"Carregado / Azambuja (events: 2022, 2026)"
2717,39.019119,-8.962832,11.147,False,"Carregado / Azambuja (events: 2022, 2026)"
2718,39.018911,-8.962943,10.345,False,"Carregado / Azambuja (events: 2022, 2026)"
2719,39.018704,-8.963055,9.599,False,"Carregado / Azambuja (events: 2022, 2026)"
2720,39.018496,-8.963166,8.965,False,"Carregado / Azambuja (events: 2022, 2026)"
2721,39.018289,-8.963278,8.565,False,"Carregado / Azambuja (events: 2022, 2026)"
2722,39.018081,-8.963389,8.334,False,"Carregado / Azambuja (events: 2022, 2026)"
2723,39.017873,-8.9635,8.398,False,"Carregado / Azambuja (events: 2022, 2026)"
2724,39.017666,-8.963612,8.584,False,"Carregado / Azambuja (events: 2022, 2026)"
2725,39.017458,-8.963723,8.729,False,"Carregado / Azambuja (events: 2022, 2026)"
2726,39.017251,-8.963834,8.545,False,"Carregado / Azambuja (events: 2022, 2026)"
2727,39.017043,-8.963946,7.997,False,"Carregado / Azambuja (events: 2022, 2026)"
2728,39.016836,-8.964057,7.337,False,"Carregado / Azambuja (events: 2022, 2026)"
2729,39.016628,-8.964168,6.921,False,"Carregado / Azambuja (events: 2022, 2026)"
2730,39.016421,-8.96428,7.274,False,"Carregado / Azambuja (events: 2022, 2026)"
2731,39.016213,-8.964391,7.918,False,"Carregado / Azambuja (events: 2022, 2026)"
2732,39.016006,-8.964502,8.657,False,"Carregado / Azambuja (events: 2022, 2026)"
2733,39.015798,-8.964614,9.405,False,"Carregado / Azambuja (events: 2022, 2026)"
2734,39.015591,-8.964725,9.882,False,"Carregado / Azambuja (events: 2022, 2026)"
2735,39.015383,-8.964836,9.864,False,"Carregado / Azambuja (events: 2022, 2026)"
2736,39.015176,-8.964948,9.631,False,"Carregado / Azambuja (events: 2022, 2026)"
2737,39.014968,-8.965059,9.595,False,"Carregado / Azambuja (events: 2022, 2026)"
2738,39.014761,-8.965171,9.475,False,"Carregado / Azambuja (events: 2022, 2026)"
2739,39.014553,-8.965282,9.201,False,"Carregado / Azambuja (events: 2022, 2026)"
2740,39.014346,-8.965393,8.444,False,"Carregado / Azambuja (events: 2022, 2026)"
2741,39.014138,-8.965505,7.448,False,"Carregado / Azambuja (events: 2022, 2026)"
2742,39.013931,-8.965616,6.386,False,"Carregado / Azambuja (events: 2022, 2026)"
2743,39.013723,-8.965727,5.883,False,"Carregado / Azambuja (events: 2022, 2026)"
2744,39.013515,-8.965839,5.856,False,"Carregado / Azambuja (events: 2022, 2026)"
2745,39.013308,-8.96595,5.101,False,"Carregado / Azambuja (events: 2022, 2026)"
2746,39.0131,-8.966061,4.985,True,"Carregado / Azambuja (events: 2022, 2026)"
2747,39.012893,-8.966173,5.887,False,"Carregado / Azambuja (events: 2022, 2026)"
2748,39.012741,-8.966268,6.469,False,"Carregado / Azambuja (events: 2022, 2026)"
2749,39.012965,-8.96625,5.498,False,"Carregado / Azambuja (events: 2022, 2026)"
2750,39.013189,-8.966232,4.355,True,"Carregado / Azambuja (events: 2022, 2026)"
2751,39.013414,-8.966214,4.805,True,"Carregado / Azambuja (events: 2022, 2026)"
2752,39.013638,-8.966197,5.166,False,"Carregado / Azambuja (events: 2022, 2026)"
2753,39.013863,-8.966179,5.53,False,"Carregado / Azambuja (events: 2022, 2026)"
2754,39.014087,-8.966161,6.748,False,"Carregado / Azambuja (events: 2022, 2026)"
2755,39.014311,-8.966143,8.173,False,"Carregado / Azambuja (events: 2022, 2026)"
2756,39.014536,-8.966125,8.842,False,"Carregado / Azambuja (events: 2022, 2026)"
2757,39.01476,-8.966107,9.115,False,"Carregado / Azambuja (events: 2022, 2026)"
2758,39.014985,-8.966089,9.583,False,"Carregado / Azambuja (events: 2022, 2026)"
2759,39.015209,-8.966071,10.335,False,"Carregado / Azambuja (events: 2022, 2026)"
2760,39.015433,-8.966053,10.908,False,"Carregado / Azambuja (events: 2022, 2026)"
2761,39.015658,-8.966034,11.051,False,"Carregado / Azambuja (events: 2022, 2026)"
2762,39.015882,-8.966016,10.668,False,"Carregado / Azambuja (events: 2022, 2026)"
2763,39.016106,-8.965997,9.965,False,"Carregado / Azambuja (events: 2022, 2026)"
2764,39.016331,-8.965979,9.307,False,"Carregado / Azambuja (events: 2022, 2026)"
2765,39.016555,-8.965959,8.872,False,"Carregado / Azambuja (events: 2022, 2026)"
2766,39.016779,-8.965934,8.615,False,"Carregado / Azambuja (events: 2022, 2026)"
2767,39.017003,-8.96591,8.453,False,"Carregado / Azambuja (events: 2022, 2026)"
2768,39.017227,-8.965885,8.274,False,"Carregado / Azambuja (events: 2022, 2026)"
2769,39.017451,-8.965854,8.17,False,"Carregado / Azambuja (events: 2022, 2026)"
2770,39.017674,-8.96582,8.274,False,"Carregado / Azambuja (events: 2022, 2026)"
2771,39.017897,-8.965786,8.562,False,"Carregado / Azambuja (events: 2022, 2026)"
2772,39.01812,-8.965752,9.056,False,"Carregado / Azambuja (events: 2022, 2026)"
2773,39.018344,-8.965718,9.683,False,"Carregado / Azambuja (events: 2022, 2026)"
2774,39.018565,-8.965668,10.324,False,"Carregado / Azambuja (events: 2022, 2026)"
2775,39.018786,-8.965614,10.883,False,"Carregado / Azambuja (events: 2022, 2026)"
2776,39.019007,-8.965561,11.358,False,"Carregado / Azambuja (events: 2022, 2026)"
2777,39.019228,-8.965508,11.845,False,"Carregado / Azambuja (events: 2022, 2026)"
2778,39.019449,-8.965454,12.314,False,"Carregado / Azambuja (events: 2022, 2026)"
2779,39.019669,-8.965393,12.914,False,"Carregado / Azambuja (events: 2022, 2026)"
2780,39.019887,-8.965325,13.587,False,"Carregado / Azambuja (events: 2022, 2026)"
2781,39.020105,-8.965256,14.084,False,"Carregado / Azambuja (events: 2022, 2026)"
2782,39.020322,-8.965178,14.652,False,"Carregado / Azambuja (events: 2022, 2026)"
2783,39.020539,-8.9651,14.932,False,"Carregado / Azambuja (events: 2022, 2026)"
2784,39.020755,-8.96502,14.835,False,"Carregado / Azambuja (events: 2022, 2026)"
2785,39.020968,-8.964928,14.479,False,"Carregado / Azambuja (events: 2022, 2026)"
2786,39.021181,-8.964836,14.001,False,"Carregado / Azambuja (events: 2022, 2026)"
2787,39.021394,-8.964743,13.139,False,"Carregado / Azambuja (events: 2022, 2026)"
2788,39.021607,-8.964651,12.298,False,"Carregado / Azambuja (events: 2022, 2026)"
2789,39.02182,-8.964558,12.009,False,"Carregado / Azambuja (events: 2022, 2026)"
2790,39.02203,-8.964457,12.171,False,"Carregado / Azambuja (events: 2022, 2026)"
2791,39.022239,-8.964349,12.455,False,"Carregado / Azambuja (events: 2022, 2026)"
2792,39.022448,-8.964242,12.683,False,"Carregado / Azambuja (events: 2022, 2026)"
2793,39.022657,-8.964135,12.65,False,"Carregado / Azambuja (events: 2022, 2026)"
2794,39.022863,-8.964021,12.388,False,"Carregado / Azambuja (events: 2022, 2026)"
2795,39.02307,-8.963906,12.069,False,"Carregado / Azambuja (events: 2022, 2026)"
2796,39.023277,-8.963792,11.983,False,"Carregado / Azambuja (events: 2022, 2026)"
2797,39.023483,-8.963678,12.157,False,"Carregado / Azambuja (events: 2022, 2026)"
2798,39.02369,-8.963564,12.455,False,"Carregado / Azambuja (events: 2022, 2026)"
2799,39.023897,-8.963453,12.601,False,"Carregado / Azambuja (events: 2022, 2026)"
2800,39.024105,-8.963341,12.59,False,"Carregado / Azambuja (events: 2022, 2026)"
2801,39.024311,-8.963226,12.508,False,"Carregado / Azambuja (events: 2022, 2026)"
2802,39.024518,-8.963112,12.306,False,"Carregado / Azambuja (events: 2022, 2026)"
2803,39.024725,-8.962999,12.185,False,"Carregado / Azambuja (events: 2022, 2026)"
2804,39.024932,-8.962888,11.768,False,"Carregado / Azambuja (events: 2022, 2026)"
2805,39.02514,-8.962778,11.305,False,"Carregado / Azambuja (events: 2022, 2026)"
2806,39.025349,-8.96267,10.6,False,"Carregado / Azambuja (events: 2022, 2026)"
2807,39.025559,-8.962568,9.906,False,"Carregado / Azambuja (events: 2022, 2026)"
2808,39.025772,-8.962473,9.338,False,"Carregado / Azambuja (events: 2022, 2026)"
2809,39.025984,-8.962378,9.005,False,"Carregado / Azambuja (events: 2022, 2026)"
2810,39.026196,-8.962283,8.413,False,"Carregado / Azambuja (events: 2022, 2026)"
2811,39.026411,-8.962196,7.456,False,"Carregado / Azambuja (events: 2022, 2026)"
2812,39.026624,-8.962106,7.133,False,"Carregado / Azambuja (events: 2022, 2026)"
2813,39.026838,-8.962016,7.783,False,"Carregado / Azambuja (events: 2022, 2026)"
2814,39.027056,-8.961945,8.597,False,"Carregado / Azambuja (events: 2022, 2026)"
2815,39.027274,-8.961873,8.794,False,"Carregado / Azambuja (events: 2022, 2026)"
2816,39.027492,-8.961802,9.214,False,"Carregado / Azambuja (events: 2022, 2026)"
2817,39.02771,-8.961731,9.956,False,"Carregado / Azambuja (events: 2022, 2026)"
2818,39.027928,-8.96166,10.8,False,"Carregado / Azambuja (events: 2022, 2026)"
2819,39.028147,-8.961593,11.488,False,"Carregado / Azambuja (events: 2022, 2026)"
2820,39.028366,-8.961529,12.079,False,"Carregado / Azambuja (events: 2022, 2026)"
2821,39.028585,-8.961468,12.965,False,"Carregado / Azambuja (events: 2022, 2026)"
2822,39.028805,-8.961408,13.957,False,"Carregado / Azambuja (events: 2022, 2026)"
2823,39.029026,-8.961349,14.915,False,"Carregado / Azambuja (events: 2022, 2026)"
2824,39.029245,-8.961289,15.163,False,"Carregado / Azambuja (events: 2022, 2026)"
2825,39.029465,-8.961228,15.123,False,"Carregado / Azambuja (events: 2022, 2026)"
2826,39.029453,-8.961237,15.116,False,"Carregado / Azambuja (events: 2022, 2026)"
2827,39.029235,-8.961308,15.084,False,"Carregado / Azambuja (events: 2022, 2026)"
2828,39.029017,-8.961379,14.777,False,"Carregado / Azambuja (events: 2022, 2026)"
2829,39.028799,-8.96145,13.808,False,"Carregado / Azambuja (events: 2022, 2026)"
2830,39.028581,-8.961521,12.785,False,"Carregado / Azambuja (events: 2022, 2026)"
2831,39.028363,-8.961591,11.934,False,"Carregado / Azambuja (events: 2022, 2026)"
2832,39.028145,-8.961662,11.327,False,"Carregado / Azambuja (events: 2022, 2026)"
2833,39.027927,-8.961733,10.622,False,"Carregado / Azambuja (events: 2022, 2026)"
2834,39.027709,-8.961804,9.754,False,"Carregado / Azambuja (events: 2022, 2026)"
2835,39.027491,-8.961875,8.948,False,"Carregado / Azambuja (events: 2022, 2026)"
2836,39.027273,-8.961946,8.565,False,"Carregado / Azambuja (events: 2022, 2026)"
2837,39.027055,-8.962017,8.345,False,"Carregado / Azambuja (events: 2022, 2026)"
2838,39.026837,-8.962088,7.683,False,"Carregado / Azambuja (events: 2022, 2026)"
2839,39.026619,-8.962159,7.125,False,"Carregado / Azambuja (events: 2022, 2026)"
2840,39.026401,-8.962229,7.476,False,"Carregado / Azambuja (events: 2022, 2026)"
2841,39.026183,-8.9623,8.445,False,"Carregado / Azambuja (events: 2022, 2026)"
2842,39.025965,-8.962371,9.059,False,"Carregado / Azambuja (events: 2022, 2026)"
2843,39.025747,-8.962442,9.484,False,"Carregado / Azambuja (events: 2022, 2026)"
2844,39.025529,-8.962513,10.112,False,"Carregado / Azambuja (events: 2022, 2026)"
2845,39.025311,-8.962584,10.901,False,"Carregado / Azambuja (events: 2022, 2026)"
2846,39.025093,-8.962655,11.581,False,"Carregado / Azambuja (events: 2022, 2026)"
2847,39.024875,-8.962726,12.147,False,"Carregado / Azambuja (events: 2022, 2026)"
2848,39.024657,-8.962797,12.566,False,"Carregado / Azambuja (events: 2022, 2026)"
2849,39.024439,-8.962868,13.035,False,"Carregado / Azambuja (events: 2022, 2026)"
2850,39.024221,-8.962938,13.324,False,"Carregado / Azambuja (events: 2022, 2026)"
2851,39.024003,-8.963009,13.411,False,"Carregado / Azambuja (events: 2022, 2026)"
2852,39.023785,-8.96308,13.455,False,"Carregado / Azambuja (events: 2022, 2026)"
2853,39.023567,-8.963151,13.226,False,"Carregado / Azambuja (events: 2022, 2026)"
2854,39.023349,-8.963222,13.079,False,"Carregado / Azambuja (events: 2022, 2026)"
2855,39.023131,-8.963293,13.173,False,"Carregado / Azambuja (events: 2022, 2026)"
2856,39.022913,-8.963364,13.551,False,"Carregado / Azambuja (events: 2022, 2026)"
2857,39.022695,-8.963435,14.064,False,"Carregado / Azambuja (events: 2022, 2026)"
2858,39.022477,-8.963506,14.479,False,"Carregado / Azambuja (events: 2022, 2026)"
2859,39.022259,-8.963576,14.483,False,"Carregado / Azambuja (events: 2022, 2026)"
2860,39.022041,-8.963647,14.133,False,"Carregado / Azambuja (events: 2022, 2026)"
2861,39.021823,-8.963718,13.382,False,"Carregado / Azambuja (events: 2022, 2026)"
2862,39.021605,-8.963789,12.84,False,"Carregado / Azambuja (events: 2022, 2026)"
2863,39.021387,-8.96386,12.8,False,"Carregado / Azambuja (events: 2022, 2026)"
2864,39.021169,-8.963931,13.242,False,"Carregado / Azambuja (events: 2022, 2026)"
2865,39.020951,-8.964002,13.83,False,"Carregado / Azambuja (events: 2022, 2026)"
2866,39.020733,-8.964073,14.259,False,"Carregado / Azambuja (events: 2022, 2026)"
2867,39.020515,-8.964144,14.249,False,"Carregado / Azambuja (events: 2022, 2026)"
2868,39.020297,-8.964215,13.663,False,"Carregado / Azambuja (events: 2022, 2026)"
2869,39.020079,-8.964285,12.751,False,"Carregado / Azambuja (events: 2022, 2026)"
2870,39.019861,-8.964356,11.913,False,"Carregado / Azambuja (events: 2022, 2026)"
2871,39.019643,-8.964427,10.98,False,"Carregado / Azambuja (events: 2022, 2026)"
2872,39.019425,-8.964498,10.333,False,"Carregado / Azambuja (events: 2022, 2026)"
2873,39.019207,-8.964569,9.917,False,"Carregado / Azambuja (events: 2022, 2026)"
2874,39.01899,-8.96464,9.833,False,"Carregado / Azambuja (events: 2022, 2026)"
2875,39.018772,-8.964711,10.149,False,"Carregado / Azambuja (events: 2022, 2026)"
2876,39.018554,-8.964782,10.693,False,"Carregado / Azambuja (events: 2022, 2026)"
2877,39.018336,-8.964853,10.911,False,"Carregado / Azambuja (events: 2022, 2026)"
2878,39.018118,-8.964923,10.801,False,"Carregado / Azambuja (events: 2022, 2026)"
2879,39.0179,-8.964994,9.785,False,"Carregado / Azambuja (events: 2022, 2026)"
2880,39.017682,-8.965065,8.827,False,"Carregado / Azambuja (events: 2022, 2026)"
2881,39.017464,-8.965136,7.968,False,"Carregado / Azambuja (events: 2022, 2026)"
2882,39.017246,-8.965207,7.658,False,"Carregado / Azambuja (events: 2022, 2026)"
2883,39.017028,-8.965278,7.912,False,"Carregado / Azambuja (events: 2022, 2026)"
2884,39.01681,-8.965349,8.304,False,"Carregado / Azambuja (events: 2022, 2026)"
2885,39.016592,-8.96542,8.689,False,"Carregado / Azambuja (events: 2022, 2026)"
2886,39.016374,-8.965491,9.075,False,"Carregado / Azambuja (events: 2022, 2026)"
2887,39.016156,-8.965562,9.63,False,"Carregado / Azambuja (events: 2022, 2026)"
2888,39.015938,-8.965632,10.381,False,"Carregado / Azambuja (events: 2022, 2026)"
2889,39.01572,-8.965703,11.222,False,"Carregado / Azambuja (events: 2022, 2026)"
2890,39.015502,-8.965774,11.774,False,"Carregado / Azambuja (events: 2022, 2026)"
2891,39.015284,-8.965845,11.994,False,"Carregado / Azambuja (events: 2022, 2026)"
2892,39.015066,-8.965916,11.005,False,"Carregado / Azambuja (events: 2022, 2026)"
2893,39.014848,-8.965987,9.706,False,"Carregado / Azambuja (events: 2022, 2026)"
2894,39.01463,-8.966058,9.155,False,"Carregado / Azambuja (events: 2022, 2026)"
2895,39.014412,-8.966129,8.628,False,"Carregado / Azambuja (events: 2022, 2026)"
2896,39.014194,-8.9662,7.262,False,"Carregado / Azambuja (events: 2022, 2026)"
2897,39.013976,-8.96627,5.704,False,"Carregado / Azambuja (events: 2022, 2026)"
2898,39.013758,-8.966341,4.956,True,"Carregado / Azambuja (events: 2022, 2026)"
2899,39.013539,-8.966404,4.649,True,"Carregado / Azambuja (events: 2022, 2026)"
2900,39.013315,-8.966423,4.318,True,"Carregado / Azambuja (events: 2022, 2026)"
2901,39.01309,-8.966442,4.699,True,"Carregado / Azambuja (events: 2022, 2026)"
2902,39.012866,-8.966461,5.667,False,"Carregado / Azambuja (events: 2022, 2026)"
2903,39.012642,-8.966479,6.365,False,"Carregado / Azambuja (events: 2022, 2026)"
2904,39.012417,-8.966497,6.781,False,"Carregado / Azambuja (events: 2022, 2026)"
2905,39.012193,-8.966515,6.995,False,"Carregado / Azambuja (events: 2022, 2026)"
2906,39.011968,-8.966533,7.016,False,"Carregado / Azambuja (events: 2022, 2026)"
2907,39.011744,-8.966552,6.916,False,"Carregado / Azambuja (events: 2022, 2026)"
2908,39.01152,-8.96657,6.804,False,"Carregado / Azambuja (events: 2022, 2026)"
2909,39.011295,-8.966588,6.761,False,"Carregado / Azambuja (events: 2022, 2026)"
2910,39.011071,-8.966606,6.779,False,"Carregado / Azambuja (events: 2022, 2026)"
2911,39.010847,-8.966624,6.746,False,"Carregado / Azambuja (events: 2022, 2026)"
2912,39.010622,-8.966642,6.451,False,"Carregado / Azambuja (events: 2022, 2026)"
2913,39.010398,-8.96666,5.895,False,"Carregado / Azambuja (events: 2022, 2026)"
2914,39.010173,-8.966679,5.192,False,"Carregado / Azambuja (events: 2022, 2026)"
2915,39.009949,-8.966697,4.624,True,"Carregado / Azambuja (events: 2022, 2026)"
2916,39.009725,-8.966715,4.406,True,"Carregado / Azambuja (events: 2022, 2026)"
2917,39.0095,-8.966733,4.433,True,"Carregado / Azambuja (events: 2022, 2026)"
2918,39.009276,-8.966751,4.666,True,"Carregado / Azambuja (events: 2022, 2026)"
2919,39.009051,-8.966769,5.102,False,"Carregado / Azambuja (events: 2022, 2026)"
2920,39.008827,-8.966787,5.673,False,"Carregado / Azambuja (events: 2022, 2026)"
2921,39.008603,-8.966806,6.326,False,"Carregado / Azambuja (events: 2022, 2026)"
2922,39.008378,-8.966824,7.126,False,"Carregado / Azambuja (events: 2022, 2026)"
2923,39.008154,-8.966842,7.909,False,"Carregado / Azambuja (events: 2022, 2026)"
2924,39.007929,-8.96686,8.233,False,"Carregado / Azambuja (events: 2022, 2026)"
2925,39.007705,-8.966878,8.025,False,"Carregado / Azambuja (events: 2022, 2026)"
2926,39.007481,-8.966896,7.586,False,"Carregado / Azambuja (events: 2022, 2026)"
2927,39.007256,-8.966914,6.915,False,"Carregado / Azambuja (events: 2022, 2026)"
2928,39.007032,-8.966932,6.127,False,"Carregado / Azambuja (events: 2022, 2026)"
2929,39.006808,-8.966951,5.494,False,"Carregado / Azambuja (events: 2022, 2026)"
2930,39.006583,-8.966969,4.324,True,"Carregado / Azambuja (events: 2022, 2026)"
2931,39.006359,-8.966987,3.512,True,"Carregado / Azambuja (events: 2022, 2026)"
2932,39.006134,-8.967005,3.604,True,"Carregado / Azambuja (events: 2022, 2026)"
2933,39.00591,-8.967023,4.161,True,"Carregado / Azambuja (events: 2022, 2026)"
2934,39.005686,-8.967041,4.56,True,"Carregado / Azambuja (events: 2022, 2026)"
2935,39.005461,-8.967059,4.816,True,"Carregado / Azambuja (events: 2022, 2026)"
2936,39.005237,-8.967078,4.943,True,"Carregado / Azambuja (events: 2022, 2026)"
2937,39.005012,-8.967096,5.095,False,"Carregado / Azambuja (events: 2022, 2026)"
2938,39.004788,-8.967114,5.416,False,"Carregado / Azambuja (events: 2022, 2026)"
2939,39.004564,-8.967132,5.945,False,"Carregado / Azambuja (events: 2022, 2026)"
2940,39.004339,-8.96715,6.559,False,"Carregado / Azambuja (events: 2022, 2026)"
2941,39.004115,-8.967168,7.029,False,"Carregado / Azambuja (events: 2022, 2026)"
2942,39.00389,-8.967186,7.153,False,"Carregado / Azambuja (events: 2022, 2026)"
2943,39.003666,-8.967205,6.89,False,"Carregado / Azambuja (events: 2022, 2026)"
2944,39.003442,-8.967223,6.422,False,"Carregado / Azambuja (events: 2022, 2026)"
2945,39.003217,-8.967241,6.039,False,"Carregado / Azambuja (events: 2022, 2026)"
2946,39.002993,-8.967259,5.745,False,"Carregado / Azambuja (events: 2022, 2026)"
2947,39.002769,-8.967277,5.477,False,"Carregado / Azambuja (events: 2022, 2026)"
2948,39.002544,-8.967295,5.197,False,"Carregado / Azambuja (events: 2022, 2026)"
2949,39.00232,-8.967313,4.82,True,"Carregado / Azambuja (events: 2022, 2026)"
2950,39.002095,-8.967332,4.298,True,"Carregado / Azambuja (events: 2022, 2026)"
2951,39.001871,-8.96735,3.833,True,"Carregado / Azambuja (events: 2022, 2026)"
2952,39.001647,-8.967368,3.448,True,"Carregado / Azambuja (events: 2022, 2026)"
2953,39.001422,-8.967386,3.33,True,"Carregado / Azambuja (events: 2022, 2026)"
2954,39.001198,-8.967404,3.715,True,"Carregado / Azambuja (events: 2022, 2026)"
2955,39.000973,-8.967422,4.193,True,"Carregado / Azambuja (events: 2022, 2026)"
2956,39.000749,-8.96744,4.474,True,"Carregado / Azambuja (events: 2022, 2026)"
2957,39.000525,-8.967459,4.853,True,"Carregado / Azambuja (events: 2022, 2026)"
2958,39.0003,-8.967477,5.271,False,"Carregado / Azambuja (events: 2022, 2026)"
2959,39.000076,-8.967498,5.717,False,"Carregado / Azambuja (events: 2022, 2026)"
2960,38.999852,-8.967521,6.198,False,"Carregado / Azambuja (events: 2022, 2026)"
2961,38.999628,-8.967544,6.692,False,"Carregado / Azambuja (events: 2022, 2026)"
2962,38.999404,-8.967567,7.226,False,"Carregado / Azambuja (events: 2022, 2026)"
2963,38.99918,-8.96759,7.712,False,"Carregado / Azambuja (events: 2022, 2026)"
2964,38.998956,-8.967613,7.957,False,"Carregado / Azambuja (events: 2022, 2026)"
2965,38.998732,-8.967639,7.913,False,"Carregado / Azambuja (events: 2022, 2026)"
2966,38.998508,-8.967672,7.8,False,"Carregado / Azambuja (events: 2022, 2026)"
2967,38.998285,-8.967706,7.719,False,"Carregado / Azambuja (events: 2022, 2026)"
2968,38.998062,-8.967739,7.637,False,"Carregado / Azambuja (events: 2022, 2026)"
2969,38.997838,-8.967773,7.6,False,"Carregado / Azambuja (events: 2022, 2026)"
2970,38.997615,-8.967811,7.625,False,"Carregado / Azambuja (events: 2022, 2026)"
2971,38.997393,-8.967855,7.683,False,"Carregado / Azambuja (events: 2022, 2026)"
2972,38.997171,-8.9679,7.745,False,"Carregado / Azambuja (events: 2022, 2026)"
2973,38.996949,-8.967945,7.805,False,"Carregado / Azambuja (events: 2022, 2026)"
2974,38.996727,-8.96799,7.814,False,"Carregado / Azambuja (events: 2022, 2026)"
2975,38.996505,-8.968034,7.625,False,"Carregado / Azambuja (events: 2022, 2026)"
2976,38.996283,-8.968079,7.194,False,"Carregado / Azambuja (events: 2022, 2026)"
2977,38.996061,-8.968124,6.613,False,"Carregado / Azambuja (events: 2022, 2026)"
2978,38.995838,-8.968169,6.08,False,"Carregado / Azambuja (events: 2022, 2026)"
2979,38.995616,-8.968213,5.903,False,"Carregado / Azambuja (events: 2022, 2026)"
2980,38.995395,-8.968265,5.944,False,"Carregado / Azambuja (events: 2022, 2026)"
2981,38.995174,-8.968321,6.218,False,"Carregado / Azambuja (events: 2022, 2026)"
2982,38.994954,-8.968376,6.486,False,"Carregado / Azambuja (events: 2022, 2026)"
2983,38.994733,-8.968432,6.614,False,"Carregado / Azambuja (events: 2022, 2026)"
2984,38.994513,-8.968488,6.669,False,"Carregado / Azambuja (events: 2022, 2026)"
2985,38.994292,-8.968544,6.694,False,"Carregado / Azambuja (events: 2022, 2026)"
2986,38.994072,-8.9686,6.906,False,"Carregado / Azambuja (events: 2022, 2026)"
2987,38.993851,-8.968656,7.377,False,"Carregado / Azambuja (events: 2022, 2026)"
2988,38.99363,-8.968712,8.063,False,"Carregado / Azambuja (events: 2022, 2026)"
2989,38.99341,-8.968769,8.848,False,"Carregado / Azambuja (events: 2022, 2026)"
2990,38.993192,-8.968841,9.508,False,"Carregado / Azambuja (events: 2022, 2026)"
2991,38.992974,-8.968913,9.704,False,"Carregado / Azambuja (events: 2022, 2026)"
2992,38.992757,-8.968985,9.77,False,"Carregado / Azambuja (events: 2022, 2026)"
2993,38.992539,-8.969057,9.523,False,"Carregado / Azambuja (events: 2022, 2026)"
2994,38.992321,-8.969129,9.042,False,"Carregado / Azambuja (events: 2022, 2026)"
2995,38.992103,-8.9692,8.297,False,"Carregado / Azambuja (events: 2022, 2026)"
2996,38.991886,-8.969272,7.461,False,"Carregado / Azambuja (events: 2022, 2026)"
2997,38.991668,-8.969344,6.724,False,"Carregado / Azambuja (events: 2022, 2026)"
2998,38.99145,-8.969416,6.031,False,"Carregado / Azambuja (events: 2022, 2026)"
2999,38.991232,-8.969488,5.681,False,"Carregado / Azambuja (events: 2022, 2026)"
3000,38.991014,-8.96956,5.829,False,"Carregado / Azambuja (events: 2022, 2026)"
3001,38.990799,-8.969642,6.223,False,"Carregado / Azambuja (events: 2022, 2026)"
3002,38.990585,-8.96973,6.964,False,"Carregado / Azambuja (events: 2022, 2026)"
3003,38.990371,-8.969818,7.701,False,"Carregado / Azambuja (events: 2022, 2026)"
3004,38.990156,-8.969906,8.494,False,"Carregado / Azambuja (events: 2022, 2026)"
3005,38.989942,-8.969993,9.291,False,"Carregado / Azambuja (events: 2022, 2026)"
3006,38.989728,-8.970081,10.161,False,"Carregado / Azambuja (events: 2022, 2026)"
3007,38.989514,-8.970169,10.435,False,"Carregado / Azambuja (events: 2022, 2026)"
3008,38.9893,-8.970257,10.223,False,"Carregado / Azambuja (events: 2022, 2026)"
3009,38.989085,-8.970345,9.661,False,"Carregado / Azambuja (events: 2022, 2026)"
3010,38.988871,-8.970433,9.061,False,"Carregado / Azambuja (events: 2022, 2026)"
3011,38.988657,-8.970521,8.487,False,"Carregado / Azambuja (events: 2022, 2026)"
3012,38.988443,-8.970609,8.037,False,"Carregado / Azambuja (events: 2022, 2026)"
3013,38.98823,-8.970701,7.843,False,"Carregado / Azambuja (events: 2022, 2026)"
3014,38.988019,-8.9708,8.076,False,"Carregado / Azambuja (events: 2022, 2026)"
3015,38.987808,-8.9709,8.628,False,"Carregado / Azambuja (events: 2022, 2026)"
3016,38.987596,-8.971,9.612,False,"Carregado / Azambuja (events: 2022, 2026)"
3017,38.987385,-8.971099,10.576,False,"Carregado / Azambuja (events: 2022, 2026)"
3018,38.987174,-8.971199,11.275,False,"Carregado / Azambuja (events: 2022, 2026)"
3019,38.986963,-8.971299,11.522,False,"Carregado / Azambuja (events: 2022, 2026)"
3020,38.986752,-8.971398,11.981,False,"Carregado / Azambuja (events: 2022, 2026)"
3021,38.986541,-8.971498,12.598,False,"Carregado / Azambuja (events: 2022, 2026)"
3022,38.98633,-8.971598,12.243,False,"Carregado / Azambuja (events: 2022, 2026)"
3023,38.986119,-8.971697,10.048,False,"Carregado / Azambuja (events: 2022, 2026)"
3024,38.985908,-8.971797,7.188,False,"Carregado / Azambuja (events: 2022, 2026)"
3025,38.985697,-8.971897,5.346,False,"Carregado / Azambuja (events: 2022, 2026)"
3026,38.985486,-8.971996,4.94,True,"Carregado / Azambuja (events: 2022, 2026)"
3027,38.985275,-8.972096,5.285,False,"Carregado / Azambuja (events: 2022, 2026)"
3028,38.985064,-8.972196,5.693,False,"Carregado / Azambuja (events: 2022, 2026)"
3029,38.984853,-8.972295,5.753,False,"Carregado / Azambuja (events: 2022, 2026)"
3030,38.984642,-8.972395,5.512,False,"Carregado / Azambuja (events: 2022, 2026)"
3031,38.984431,-8.972495,4.911,True,"Carregado / Azambuja (events: 2022, 2026)"
3032,38.984219,-8.972594,4.168,True,"Carregado / Azambuja (events: 2022, 2026)"
3033,38.984008,-8.972694,3.682,True,"Carregado / Azambuja (events: 2022, 2026)"
3034,38.983797,-8.972794,3.91,True,"Carregado / Azambuja (events: 2022, 2026)"
3035,38.983586,-8.972893,4.556,True,"Carregado / Azambuja (events: 2022, 2026)"
3036,38.983375,-8.972993,5.335,False,"Carregado / Azambuja (events: 2022, 2026)"
3037,38.983164,-8.973093,5.979,False,"Carregado / Azambuja (events: 2022, 2026)"
3038,38.982957,-8.973205,6.598,False,"Carregado / Azambuja (events: 2022, 2026)"
3039,38.98275,-8.973318,7.033,False,"Carregado / Azambuja (events: 2022, 2026)"
3040,38.982544,-8.973432,7.154,False,"Carregado / Azambuja (events: 2022, 2026)"
3041,38.982337,-8.973546,6.896,False,"Carregado / Azambuja (events: 2022, 2026)"
3042,38.98213,-8.97366,6.29,False,"Carregado / Azambuja (events: 2022, 2026)"
3043,38.981923,-8.973774,5.733,False,"Carregado / Azambuja (events: 2022, 2026)"
3044,38.981717,-8.973888,5.427,False,"Carregado / Azambuja (events: 2022, 2026)"
3045,38.98151,-8.974002,5.427,False,"Carregado / Azambuja (events: 2022, 2026)"
3046,38.981303,-8.974116,5.705,False,"Carregado / Azambuja (events: 2022, 2026)"
3047,38.981097,-8.974229,6.135,False,"Carregado / Azambuja (events: 2022, 2026)"
3048,38.98089,-8.974343,6.425,False,"Carregado / Azambuja (events: 2022, 2026)"
3049,38.980683,-8.974457,6.679,False,"Carregado / Azambuja (events: 2022, 2026)"
3050,38.980477,-8.974571,6.986,False,"Carregado / Azambuja (events: 2022, 2026)"
3051,38.98027,-8.974685,7.481,False,"Carregado / Azambuja (events: 2022, 2026)"
3052,38.980063,-8.974799,8.103,False,"Carregado / Azambuja (events: 2022, 2026)"
3053,38.979858,-8.974915,8.775,False,"Carregado / Azambuja (events: 2022, 2026)"
3054,38.979653,-8.975034,9.284,False,"Carregado / Azambuja (events: 2022, 2026)"
3055,38.979448,-8.975153,9.604,False,"Carregado / Azambuja (events: 2022, 2026)"
3056,38.979243,-8.975272,9.831,False,"Carregado / Azambuja (events: 2022, 2026)"
3057,38.979038,-8.975391,9.939,False,"Carregado / Azambuja (events: 2022, 2026)"
3058,38.978833,-8.97551,9.95,False,"Carregado / Azambuja (events: 2022, 2026)"
3059,38.978628,-8.975629,9.965,False,"Carregado / Azambuja (events: 2022, 2026)"
3060,38.978423,-8.975748,10.06,False,"Carregado / Azambuja (events: 2022, 2026)"
3061,38.978218,-8.975867,10.212,False,"Carregado / Azambuja (events: 2022, 2026)"
3062,38.978013,-8.975986,10.408,False,"Carregado / Azambuja (events: 2022, 2026)"
3063,38.977809,-8.976106,10.816,False,"Carregado / Azambuja (events: 2022, 2026)"
3064,38.977604,-8.976225,11.276,False,"Carregado / Azambuja (events: 2022, 2026)"
3065,38.977401,-8.976349,11.788,False,"Carregado / Azambuja (events: 2022, 2026)"
3066,38.977198,-8.976473,11.923,False,"Carregado / Azambuja (events: 2022, 2026)"
3067,38.976995,-8.976598,11.798,False,"Carregado / Azambuja (events: 2022, 2026)"
3068,38.976792,-8.976722,11.725,False,"Carregado / Azambuja (events: 2022, 2026)"
3069,38.976589,-8.976847,11.455,False,"Carregado / Azambuja (events: 2022, 2026)"
3070,38.976386,-8.976971,11.551,False,"Carregado / Azambuja (events: 2022, 2026)"
3071,38.976183,-8.977096,11.698,False,"Carregado / Azambuja (events: 2022, 2026)"
3072,38.97598,-8.97722,11.884,False,"Carregado / Azambuja (events: 2022, 2026)"
3073,38.975777,-8.977345,11.945,False,"Carregado / Azambuja (events: 2022, 2026)"
3074,38.975574,-8.977469,11.715,False,"Carregado / Azambuja (events: 2022, 2026)"
3075,38.975371,-8.977594,11.314,False,"Carregado / Azambuja (events: 2022, 2026)"
3076,38.97517,-8.977723,10.944,False,"Carregado / Azambuja (events: 2022, 2026)"
3077,38.974972,-8.977859,10.744,False,Vila Franca de Xira approach (events: 2026)
3078,38.974774,-8.977996,10.664,False,Vila Franca de Xira approach (events: 2026)
3079,38.974576,-8.978133,10.714,False,Vila Franca de Xira approach (events: 2026)
3080,38.974378,-8.978269,10.735,False,Vila Franca de Xira approach (events: 2026)
3081,38.97418,-8.978406,10.74,False,Vila Franca de Xira approach (events: 2026)
3082,38.973981,-8.978543,10.697,False,Vila Franca de Xira approach (events: 2026)
3083,38.973783,-8.97868,10.432,False,Vila Franca de Xira approach (events: 2026)
3084,38.973585,-8.978816,9.954,False,Vila Franca de Xira approach (events: 2026)
3085,38.973387,-8.978953,9.223,False,Vila Franca de Xira approach (events: 2026)
3086,38.973189,-8.97909,8.707,False,Vila Franca de Xira approach (events: 2026)
3087,38.972991,-8.979226,8.573,False,Vila Franca de Xira approach (events: 2026)
3088,38.972793,-8.979363,8.649,False,Vila Franca de Xira approach (events: 2026)
3089,38.972595,-8.9795,8.698,False,Vila Franca de Xira approach (events: 2026)
3090,38.972397,-8.979637,8.413,False,Vila Franca de Xira approach (events: 2026)
3091,38.972198,-8.979773,7.978,False,Vila Franca de Xira approach (events: 2026)
3092,38.972,-8.97991,7.61,False,Vila Franca de Xira approach (events: 2026)
3093,38.971802,-8.980047,7.357,False,Vila Franca de Xira approach (events: 2026)
3094,38.971604,-8.980184,7.185,False,Vila Franca de Xira approach (events: 2026)
3095,38.971406,-8.98032,7.15,False,Vila Franca de Xira approach (events: 2026)
3096,38.971208,-8.980457,7.287,False,Vila Franca de Xira approach (events: 2026)
3097,38.97101,-8.980594,7.575,False,Vila Franca de Xira approach (events: 2026)
3098,38.970812,-8.98073,7.884,False,Vila Franca de Xira approach (events: 2026)
3099,38.970614,-8.980867,8.093,False,Vila Franca de Xira approach (events: 2026)
3100,38.970415,-8.981004,8.145,False,Vila Franca de Xira approach (events: 2026)
3101,38.970217,-8.981141,8.073,False,Vila Franca de Xira approach (events: 2026)
3102,38.970019,-8.981277,8.028,False,Vila Franca de Xira approach (events: 2026)
3103,38.969821,-8.981414,8.085,False,Vila Franca de Xira approach (events: 2026)
3104,38.969623,-8.981551,8.261,False,Vila Franca de Xira approach (events: 2026)
3105,38.969425,-8.981688,8.546,False,Vila Franca de Xira approach (events: 2026)
3106,38.969227,-8.981824,8.769,False,Vila Franca de Xira approach (events: 2026)
3107,38.969029,-8.981961,8.96,False,Vila Franca de Xira approach (events: 2026)
3108,38.968831,-8.982098,9.243,False,Vila Franca de Xira approach (events: 2026)
3109,38.968632,-8.982234,9.506,False,Vila Franca de Xira approach (events: 2026)
3110,38.968434,-8.982371,9.863,False,Vila Franca de Xira approach (events: 2026)
3111,38.968236,-8.982508,9.921,False,Vila Franca de Xira approach (events: 2026)
3112,38.968038,-8.982645,10.036,False,Vila Franca de Xira approach (events: 2026)
3113,38.96784,-8.982781,10.262,False,Vila Franca de Xira approach (events: 2026)
3114,38.967642,-8.982918,10.552,False,Vila Franca de Xira approach (events: 2026)
3115,38.967444,-8.983055,10.784,False,Vila Franca de Xira approach (events: 2026)
3116,38.967246,-8.983191,10.816,False,Vila Franca de Xira approach (events: 2026)
3117,38.967047,-8.983328,10.615,False,Vila Franca de Xira approach (events: 2026)
3118,38.966849,-8.983465,10.271,False,Vila Franca de Xira approach (events: 2026)
3119,38.966651,-8.983602,9.825,False,Vila Franca de Xira approach (events: 2026)
3120,38.966453,-8.983738,9.416,False,Vila Franca de Xira approach (events: 2026)
3121,38.966255,-8.983875,9.068,False,Vila Franca de Xira approach (events: 2026)
3122,38.966057,-8.984012,8.861,False,Vila Franca de Xira approach (events: 2026)
3123,38.965859,-8.984149,8.968,False,Vila Franca de Xira approach (events: 2026)
3124,38.965661,-8.984285,9.137,False,Vila Franca de Xira approach (events: 2026)
3125,38.965463,-8.984422,9.443,False,Vila Franca de Xira approach (events: 2026)
3126,38.965264,-8.984559,10.143,False,Vila Franca de Xira approach (events: 2026)
3127,38.965066,-8.984695,10.771,False,Vila Franca de Xira approach (events: 2026)
3128,38.964868,-8.984832,11.679,False,Vila Franca de Xira approach (events: 2026)
3129,38.96467,-8.984969,12.408,False,Vila Franca de Xira approach (events: 2026)
3130,38.964472,-8.985106,13.208,False,Vila Franca de Xira approach (events: 2026)
3131,38.964274,-8.985242,13.823,False,Vila Franca de Xira approach (events: 2026)
3132,38.964076,-8.985379,14.496,False,Vila Franca de Xira approach (events: 2026)
3133,38.963878,-8.985516,15.502,False,Vila Franca de Xira approach (events: 2026)
3134,38.96368,-8.985652,16.391,False,Vila Franca de Xira approach (events: 2026)
3135,38.963481,-8.985789,17.172,False,Vila Franca de Xira approach (events: 2026)
3136,38.963283,-8.985926,17.67,False,Vila Franca de Xira approach (events: 2026)
3137,38.963085,-8.986063,17.939,False,Vila Franca de Xira approach (events: 2026)
3138,38.962887,-8.986199,18.615,False,Vila Franca de Xira approach (events: 2026)
3139,38.962689,-8.986336,19.829,False,Vila Franca de Xira approach (events: 2026)
3140,38.962491,-8.986473,22.104,False,Vila Franca de Xira approach (events: 2026)
3141,38.962293,-8.98661,25.364,False,Vila Franca de Xira approach (events: 2026)
3142,38.962095,-8.986746,29.439,False,Vila Franca de Xira approach (events: 2026)
3143,38.961897,-8.986883,32.695,False,Vila Franca de Xira approach (events: 2026)
3144,38.961698,-8.98702,35.077,False,Vila Franca de Xira approach (events: 2026)
3145,38.9615,-8.987156,37.151,False,Vila Franca de Xira approach (events: 2026)
3146,38.961302,-8.987293,38.774,False,Vila Franca de Xira approach (events: 2026)
3147,38.961104,-8.98743,38.971,False,Vila Franca de Xira approach (events: 2026)
3148,38.960906,-8.987567,37.937,False,Vila Franca de Xira approach (events: 2026)
3149,38.960708,-8.987703,36.131,False,Vila Franca de Xira approach (events: 2026)
3150,38.96051,-8.98784,33.908,False,Vila Franca de Xira approach (events: 2026)
3151,38.960312,-8.987977,32.9,False,Vila Franca de Xira approach (events: 2026)
3152,38.960114,-8.988114,32.496,False,Vila Franca de Xira approach (events: 2026)
3153,38.959915,-8.98825,32.607,False,Vila Franca de Xira approach (events: 2026)
3154,38.959717,-8.988387,33.713,False,Vila Franca de Xira approach (events: 2026)
3155,38.959519,-8.988524,34.548,False,Vila Franca de Xira approach (events: 2026)
3156,38.959357,-8.988625,34.892,False,Vila Franca de Xira approach (events: 2026)
3157,38.959509,-8.988412,33.819,False,Vila Franca de Xira approach (events: 2026)
3158,38.95939,-8.988475,33.89,False,Vila Franca de Xira approach (events: 2026)
3159,38.959194,-8.988617,34.095,False,Vila Franca de Xira approach (events: 2026)
3160,38.958999,-8.988759,34.167,False,Vila Franca de Xira approach (events: 2026)
3161,38.958803,-8.988901,34.683,False,Vila Franca de Xira approach (events: 2026)
3162,38.958607,-8.989043,34.818,False,Vila Franca de Xira approach (events: 2026)
3163,38.958411,-8.989185,34.857,False,Vila Franca de Xira approach (events: 2026)
3164,38.958215,-8.989327,34.795,False,Vila Franca de Xira approach (events: 2026)
3165,38.95802,-8.98947,33.986,False,Vila Franca de Xira approach (events: 2026)
3166,38.957824,-8.989612,32.862,False,Vila Franca de Xira approach (events: 2026)
3167,38.957628,-8.989754,32.541,False,Vila Franca de Xira approach (events: 2026)
3168,38.957432,-8.989896,32.313,False,Vila Franca de Xira approach (events: 2026)
3169,38.957236,-8.990038,32.12,False,Vila Franca de Xira approach (events: 2026)
3170,38.957041,-8.99018,32.853,False,Vila Franca de Xira approach (events: 2026)
3171,38.956845,-8.990322,33.186,False,Vila Franca de Xira approach (events: 2026)
3172,38.956649,-8.990464,33.532,False,Vila Franca de Xira approach (events: 2026)
3173,38.956453,-8.990606,33.916,False,Vila Franca de Xira approach (events: 2026)
3174,38.956257,-8.990748,32.877,False,Vila Franca de Xira approach (events: 2026)
3175,38.956061,-8.99089,31.501,False,Vila Franca de Xira approach (events: 2026)
3176,38.955866,-8.991032,29.578,False,Vila Franca de Xira approach (events: 2026)
3177,38.95567,-8.991174,27.295,False,Vila Franca de Xira approach (events: 2026)
3178,38.955474,-8.991316,25.375,False,Vila Franca de Xira approach (events: 2026)
3179,38.955278,-8.991458,23.005,False,Vila Franca de Xira approach (events: 2026)
3180,38.955082,-8.991601,20.363,False,Vila Franca de Xira approach (events: 2026)
3181,38.954887,-8.991743,18.573,False,Vila Franca de Xira approach (events: 2026)
3182,38.954691,-8.991885,17.614,False,Vila Franca de Xira approach (events: 2026)
3183,38.954495,-8.992027,17.149,False,Vila Franca de Xira approach (events: 2026)
3184,38.954299,-8.992169,17.042,False,Vila Franca de Xira approach (events: 2026)
3185,38.954103,-8.992311,17.809,False,Vila Franca de Xira approach (events: 2026)
3186,38.953908,-8.992453,18.868,False,Vila Franca de Xira approach (events: 2026)
3187,38.953712,-8.992595,19.952,False,Vila Franca de Xira approach (events: 2026)
3188,38.953516,-8.992737,20.929,False,Vila Franca de Xira approach (events: 2026)
3189,38.95332,-8.992879,21.741,False,Vila Franca de Xira approach (events: 2026)
3190,38.953124,-8.993021,22.485,False,Vila Franca de Xira approach (events: 2026)
3191,38.952929,-8.993163,23.449,False,Vila Franca de Xira approach (events: 2026)
3192,38.952733,-8.993305,25.133,False,Vila Franca de Xira approach (events: 2026)
3193,38.952537,-8.993447,26.909,False,Vila Franca de Xira approach (events: 2026)
3194,38.952341,-8.993589,29.044,False,Vila Franca de Xira approach (events: 2026)
3195,38.952145,-8.993731,31.966,False,Vila Franca de Xira approach (events: 2026)
3196,38.95195,-8.993874,35.19,False,Vila Franca de Xira approach (events: 2026)
3197,38.951754,-8.994016,39.261,False,Vila Franca de Xira approach (events: 2026)
3198,38.951558,-8.994158,43.908,False,Vila Franca de Xira approach (events: 2026)
3199,38.951362,-8.9943,48.733,False,Vila Franca de Xira approach (events: 2026)
3200,38.951166,-8.994442,53.678,False,Vila Franca de Xira approach (events: 2026)
3201,38.95097,-8.994584,58.172,False,Vila Franca de Xira approach (events: 2026)
3202,38.950775,-8.994726,62.26,False,Vila Franca de Xira approach (events: 2026)
3203,38.950579,-8.994868,65.421,False,Vila Franca de Xira approach (events: 2026)
3204,38.950383,-8.99501,67.375,False,Vila Franca de Xira approach (events: 2026)
3205,38.950187,-8.995152,68.366,False,Vila Franca de Xira approach (events: 2026)
3206,38.949991,-8.995294,67.896,False,Vila Franca de Xira approach (events: 2026)
3207,38.949796,-8.995436,67.641,False,Vila Franca de Xira approach (events: 2026)
3208,38.9496,-8.995578,67.927,False,Vila Franca de Xira approach (events: 2026)
3209,38.949404,-8.99572,68.781,False,Vila Franca de Xira approach (events: 2026)
3210,38.949208,-8.995862,70.259,False,Vila Franca de Xira approach (events: 2026)
3211,38.949012,-8.996004,72.076,False,Vila Franca de Xira approach (events: 2026)
3212,38.948817,-8.996147,74.03,False,Vila Franca de Xira approach (events: 2026)
3213,38.948621,-8.996289,75.663,False,Vila Franca de Xira approach (events: 2026)
3214,38.948425,-8.996431,75.727,False,Vila Franca de Xira approach (events: 2026)
3215,38.948229,-8.996573,74.244,False,Vila Franca de Xira approach (events: 2026)
3216,38.948033,-8.996715,70.817,False,Vila Franca de Xira approach (events: 2026)
3217,38.947838,-8.996857,66.625,False,Vila Franca de Xira approach (events: 2026)
3218,38.947642,-8.996999,62.435,False,Vila Franca de Xira approach (events: 2026)
3219,38.947446,-8.997141,57.51,False,Vila Franca de Xira approach (events: 2026)
3220,38.94725,-8.997283,52.427,False,Vila Franca de Xira approach (events: 2026)
3221,38.947054,-8.997425,47.297,False,Vila Franca de Xira approach (events: 2026)
3222,38.946859,-8.997567,42.555,False,Vila Franca de Xira approach (events: 2026)
3223,38.946663,-8.997709,38.171,False,Vila Franca de Xira approach (events: 2026)
3224,38.946467,-8.997851,34.692,False,Vila Franca de Xira approach (events: 2026)
3225,38.946271,-8.997993,31.634,False,Vila Franca de Xira approach (events: 2026)
3226,38.946075,-8.998135,29.121,False,Vila Franca de Xira approach (events: 2026)
3227,38.945879,-8.998277,27.084,False,Vila Franca de Xira approach (events: 2026)
3228,38.945684,-8.99842,25.498,False,Vila Franca de Xira approach (events: 2026)
3229,38.945488,-8.998562,24.221,False,Vila Franca de Xira approach (events: 2026)
3230,38.945292,-8.998704,23.067,False,Vila Franca de Xira approach (events: 2026)
3231,38.945096,-8.998846,23.405,False,Vila Franca de Xira approach (events: 2026)
3232,38.9449,-8.998988,23.303,False,Vila Franca de Xira approach (events: 2026)
3233,38.944705,-8.99913,24.114,False,Vila Franca de Xira approach (events: 2026)
3234,38.944509,-8.999272,24.616,False,Vila Franca de Xira approach (events: 2026)
3235,38.944313,-8.999414,24.842,False,Vila Franca de Xira approach (events: 2026)
3236,38.944117,-8.999556,25.021,False,Vila Franca de Xira approach (events: 2026)
3237,38.943921,-8.999698,25.307,False,Vila Franca de Xira approach (events: 2026)
3238,38.943726,-8.99984,25.28,False,Vila Franca de Xira approach (events: 2026)
3239,38.94353,-8.999982,25.896,False,Vila Franca de Xira approach (events: 2026)
3240,38.943334,-9.000124,26.511,False,Vila Franca de Xira approach (events: 2026)
3241,38.943138,-9.000266,26.817,False,Vila Franca de Xira approach (events: 2026)
3242,38.942942,-9.000408,27.593,False,Vila Franca de Xira approach (events: 2026)
3243,38.942747,-9.000551,28.824,False,Vila Franca de Xira approach (events: 2026)
3244,38.942551,-9.000693,30.353,False,Vila Franca de Xira approach (events: 2026)
3245,38.942355,-9.000835,31.883,False,Vila Franca de Xira approach (events: 2026)
3246,38.942159,-9.000977,33.156,False,Vila Franca de Xira approach (events: 2026)
3247,38.941963,-9.001119,34.6,False,Vila Franca de Xira approach (events: 2026)
3248,38.941768,-9.001261,36.196,False,Vila Franca de Xira approach (events: 2026)
3249,38.941572,-9.001403,38.526,False,Vila Franca de Xira approach (events: 2026)
3250,38.941376,-9.001545,40.476,False,Vila Franca de Xira approach (events: 2026)
3251,38.94118,-9.001687,42.37,False,Vila Franca de Xira approach (events: 2026)
3252,38.940984,-9.001829,44.345,False,Vila Franca de Xira approach (events: 2026)
3253,38.940788,-9.001971,46.022,False,Vila Franca de Xira approach (events: 2026)
3254,38.940593,-9.002113,46.606,False,Vila Franca de Xira approach (events: 2026)
3255,38.940397,-9.002255,46.723,False,Vila Franca de Xira approach (events: 2026)
3256,38.940201,-9.002397,46.137,False,Vila Franca de Xira approach (events: 2026)
3257,38.940005,-9.002539,45.156,False,Vila Franca de Xira approach (events: 2026)
3258,38.939809,-9.002681,44.685,False,
3259,38.939614,-9.002824,45.057,False,
3260,38.939418,-9.002966,46.03,False,
3261,38.939222,-9.003108,47.38,False,
3262,38.939026,-9.00325,49.614,False,
3263,38.93883,-9.003392,51.89,False,
3264,38.938635,-9.003534,53.103,False,
3265,38.938439,-9.003676,52.992,False,
3266,38.938243,-9.003818,51.892,False,
3267,38.938047,-9.00396,49.452,False,
3268,38.937851,-9.004102,46.424,False,
3269,38.937656,-9.004244,43.76,False,
3270,38.93746,-9.004386,41.148,False,
3271,38.937264,-9.004528,39.056,False,
3272,38.937068,-9.00467,37.695,False,
3273,38.936872,-9.004812,37.092,False,
3274,38.936677,-9.004954,37.311,False,
3275,38.936481,-9.005097,37.75,False,
3276,38.936285,-9.005239,38.141,False,
3277,38.936089,-9.005381,38.538,False,
3278,38.935893,-9.005523,38.351,False,
3279,38.935697,-9.005665,37.613,False,
3280,38.935502,-9.005807,36.052,False,
3281,38.935306,-9.005949,33.81,False,
3282,38.93511,-9.006091,31.174,False,
3283,38.934914,-9.006233,29.24,False,
3284,38.934718,-9.006375,27.749,False,
3285,38.934523,-9.006517,26.256,False,
3286,38.934327,-9.006659,25.715,False,
3287,38.934131,-9.006801,25.563,False,
3288,38.933935,-9.006943,25.53,False,
3289,38.933739,-9.007085,26.097,False,
3290,38.933544,-9.007227,26.359,False,
3291,38.933348,-9.00737,26.561,False,
3292,38.933152,-9.007512,26.626,False,
3293,38.932956,-9.007654,26.83,False,
3294,38.93276,-9.007796,26.542,False,
3295,38.932565,-9.007938,26.729,False,
3296,38.932369,-9.00808,27.065,False,
3297,38.932173,-9.008222,27.252,False,
3298,38.931977,-9.008364,27.094,False,
3299,38.931781,-9.008506,27.325,False,
3300,38.931585,-9.008648,27.43,False,
3301,38.93139,-9.00879,27.952,False,
3302,38.931194,-9.008932,28.344,False,
3303,38.930998,-9.009074,29.231,False,
3304,38.930953,-9.009094,28.732,False,
3305,38.931137,-9.008927,28.293,False,
3306,38.931321,-9.00876,27.629,False,
3307,38.931504,-9.008594,26.844,False,
3308,38.931682,-9.008416,26.195,False,
3309,38.931859,-9.008238,25.674,False,
3310,38.932036,-9.00806,25.011,False,
3311,38.932213,-9.007882,24.163,False,
3312,38.932383,-9.007693,22.907,False,
3313,38.932552,-9.007502,22.154,False,
3314,38.932721,-9.007312,21.403,False,
3315,38.93289,-9.007121,20.73,False,
3316,38.933059,-9.006931,20.184,False,
3317,38.933228,-9.006741,19.881,False,
3318,38.933397,-9.00655,19.645,False,
3319,38.933567,-9.00636,19.079,False,
3320,38.933736,-9.006169,18.669,False,
3321,38.933905,-9.005979,18.625,False,
3322,38.934078,-9.005795,18.697,False,
3323,38.934252,-9.005611,18.086,False,
3324,38.934425,-9.005427,17.865,False,
3325,38.934598,-9.005242,17.84,False,
3326,38.934785,-9.005082,18.429,False,
3327,38.934974,-9.004924,19.198,False,
3328,38.935162,-9.004767,20.26,False,
3329,38.935351,-9.00461,20.462,False,
3330,38.935542,-9.004458,20.011,False,
3331,38.935739,-9.004319,19.479,False,
3332,38.935936,-9.004179,19.17,False,
3333,38.936133,-9.00404,19.652,False,
3334,38.93633,-9.003901,20.707,False,
3335,38.936528,-9.003764,21.767,False,
3336,38.936726,-9.003628,22.055,False,
3337,38.936925,-9.003492,22.682,False,
3338,38.937123,-9.003356,23.095,False,
3339,38.937322,-9.003221,23.389,False,
3340,38.93752,-9.003085,23.331,False,
3341,38.937719,-9.002949,23.503,False,
3342,38.937917,-9.002813,23.673,False,
3343,38.938116,-9.002677,23.753,False,
3344,38.938314,-9.002542,23.22,False,
3345,38.938513,-9.002406,22.164,False,
3346,38.938711,-9.00227,21.23,False,
3347,38.93891,-9.002134,20.452,False,
3348,38.939108,-9.001998,20.383,False,
3349,38.939306,-9.001863,20.842,False,
3350,38.939505,-9.001727,21.908,False,
3351,38.939703,-9.001591,23.731,False,
3352,38.939902,-9.001455,25.611,False,
3353,38.9401,-9.001319,26.813,False,Vila Franca de Xira approach (events: 2026)
3354,38.940298,-9.001182,27.028,False,Vila Franca de Xira approach (events: 2026)
3355,38.940507,-9.001075,27.191,False,Vila Franca de Xira approach (events: 2026)
3356,38.940716,-9.000968,26.79,False,Vila Franca de Xira approach (events: 2026)
3357,38.940925,-9.000862,26.309,False,Vila Franca de Xira approach (events: 2026)
3358,38.941134,-9.000756,26.247,False,Vila Franca de Xira approach (events: 2026)
3359,38.941344,-9.00065,26.753,False,Vila Franca de Xira approach (events: 2026)
3360,38.941553,-9.000544,27.243,False,Vila Franca de Xira approach (events: 2026)
3361,38.941762,-9.000438,28.029,False,Vila Franca de Xira approach (events: 2026)
3362,38.941971,-9.000331,27.27,False,Vila Franca de Xira approach (events: 2026)
3363,38.94218,-9.000225,26.558,False,Vila Franca de Xira approach (events: 2026)
3364,38.942389,-9.000119,25.399,False,Vila Franca de Xira approach (events: 2026)
3365,38.942598,-9.000013,23.793,False,Vila Franca de Xira approach (events: 2026)
3366,38.942808,-8.999907,22.472,False,Vila Franca de Xira approach (events: 2026)
3367,38.943017,-8.9998,21.821,False,Vila Franca de Xira approach (events: 2026)
3368,38.943226,-8.999694,21.534,False,Vila Franca de Xira approach (events: 2026)
3369,38.943435,-8.999588,21.296,False,Vila Franca de Xira approach (events: 2026)
3370,38.943644,-8.999482,21.495,False,Vila Franca de Xira approach (events: 2026)
3371,38.943853,-8.999376,22.036,False,Vila Franca de Xira approach (events: 2026)
3372,38.944062,-8.999269,22.632,False,Vila Franca de Xira approach (events: 2026)
3373,38.944271,-8.999163,23.218,False,Vila Franca de Xira approach (events: 2026)
3374,38.944481,-8.999057,23.619,False,Vila Franca de Xira approach (events: 2026)
3375,38.94469,-8.998951,22.727,False,Vila Franca de Xira approach (events: 2026)
3376,38.944899,-8.998845,22.559,False,Vila Franca de Xira approach (events: 2026)
3377,38.945108,-8.998739,22.877,False,Vila Franca de Xira approach (events: 2026)
3378,38.945317,-8.998632,23.262,False,Vila Franca de Xira approach (events: 2026)
3379,38.945526,-8.998526,24.49,False,Vila Franca de Xira approach (events: 2026)
3380,38.945735,-8.99842,25.899,False,Vila Franca de Xira approach (events: 2026)
3381,38.945945,-8.998314,27.763,False,Vila Franca de Xira approach (events: 2026)
3382,38.946154,-8.998208,30.101,False,Vila Franca de Xira approach (events: 2026)
3383,38.946363,-8.998101,32.913,False,Vila Franca de Xira approach (events: 2026)
3384,38.946572,-8.997995,36.124,False,Vila Franca de Xira approach (events: 2026)
3385,38.946781,-8.997889,39.933,False,Vila Franca de Xira approach (events: 2026)
3386,38.94699,-8.997783,44.626,False,Vila Franca de Xira approach (events: 2026)
3387,38.947199,-8.997677,49.839,False,Vila Franca de Xira approach (events: 2026)
3388,38.947409,-8.997571,55.177,False,Vila Franca de Xira approach (events: 2026)
3389,38.947618,-8.997464,61.684,False,Vila Franca de Xira approach (events: 2026)
3390,38.947827,-8.997358,68.242,False,Vila Franca de Xira approach (events: 2026)
3391,38.948036,-8.997252,74.672,False,Vila Franca de Xira approach (events: 2026)
3392,38.948245,-8.997146,80.693,False,Vila Franca de Xira approach (events: 2026)
3393,38.948454,-8.99704,85.673,False,Vila Franca de Xira approach (events: 2026)
3394,38.948663,-8.996933,88.754,False,Vila Franca de Xira approach (events: 2026)
3395,38.948873,-8.996827,90.094,False,Vila Franca de Xira approach (events: 2026)
3396,38.949082,-8.996721,89.582,False,Vila Franca de Xira approach (events: 2026)
3397,38.949291,-8.996615,88.581,False,Vila Franca de Xira approach (events: 2026)
3398,38.9495,-8.996509,87.01,False,Vila Franca de Xira approach (events: 2026)
3399,38.949709,-8.996402,85.85,False,Vila Franca de Xira approach (events: 2026)
3400,38.949918,-8.996296,85.268,False,Vila Franca de Xira approach (events: 2026)
3401,38.950127,-8.99619,85.063,False,Vila Franca de Xira approach (events: 2026)
3402,38.950337,-8.996084,84.575,False,Vila Franca de Xira approach (events: 2026)
3403,38.950546,-8.995978,83.835,False,Vila Franca de Xira approach (events: 2026)
3404,38.950755,-8.995872,82.26,False,Vila Franca de Xira approach (events: 2026)
3405,38.950964,-8.995765,80.269,False,Vila Franca de Xira approach (events: 2026)
3406,38.951173,-8.995659,77.73,False,Vila Franca de Xira approach (events: 2026)
3407,38.951382,-8.995553,74.986,False,Vila Franca de Xira approach (events: 2026)
3408,38.951591,-8.995447,71.841,False,Vila Franca de Xira approach (events: 2026)
3409,38.951801,-8.995341,68.045,False,Vila Franca de Xira approach (events: 2026)
3410,38.95201,-8.995234,64.14,False,Vila Franca de Xira approach (events: 2026)
3411,38.952219,-8.995128,60.224,False,Vila Franca de Xira approach (events: 2026)
3412,38.952428,-8.995022,55.726,False,Vila Franca de Xira approach (events: 2026)
3413,38.952637,-8.994916,50.976,False,Vila Franca de Xira approach (events: 2026)
3414,38.952846,-8.99481,46.494,False,Vila Franca de Xira approach (events: 2026)
3415,38.953055,-8.994703,42.979,False,Vila Franca de Xira approach (events: 2026)
3416,38.953265,-8.994597,40.004,False,Vila Franca de Xira approach (events: 2026)
3417,38.953474,-8.994491,37.499,False,Vila Franca de Xira approach (events: 2026)
3418,38.953683,-8.994385,35.459,False,Vila Franca de Xira approach (events: 2026)
3419,38.953892,-8.994279,33.725,False,Vila Franca de Xira approach (events: 2026)
3420,38.954101,-8.994173,31.839,False,Vila Franca de Xira approach (events: 2026)
3421,38.95431,-8.994066,29.653,False,Vila Franca de Xira approach (events: 2026)
3422,38.954519,-8.99396,27.535,False,Vila Franca de Xira approach (events: 2026)
3423,38.954729,-8.993854,25.819,False,Vila Franca de Xira approach (events: 2026)
3424,38.954938,-8.993748,24.751,False,Vila Franca de Xira approach (events: 2026)
3425,38.955147,-8.993642,24.378,False,Vila Franca de Xira approach (events: 2026)
3426,38.955356,-8.993535,24.732,False,Vila Franca de Xira approach (events: 2026)
3427,38.955565,-8.993429,25.838,False,Vila Franca de Xira approach (events: 2026)
3428,38.955774,-8.993323,28.786,False,Vila Franca de Xira approach (events: 2026)
3429,38.955983,-8.993217,32.436,False,Vila Franca de Xira approach (events: 2026)
3430,38.956193,-8.993111,36.985,False,Vila Franca de Xira approach (events: 2026)
3431,38.956402,-8.993004,41.899,False,Vila Franca de Xira approach (events: 2026)
3432,38.956611,-8.992898,46.587,False,Vila Franca de Xira approach (events: 2026)
3433,38.95682,-8.992792,50.512,False,Vila Franca de Xira approach (events: 2026)
3434,38.957029,-8.992686,53.658,False,Vila Franca de Xira approach (events: 2026)
3435,38.957238,-8.99258,56.335,False,Vila Franca de Xira approach (events: 2026)
3436,38.957447,-8.992474,58.747,False,Vila Franca de Xira approach (events: 2026)
3437,38.957657,-8.992367,60.4,False,Vila Franca de Xira approach (events: 2026)
3438,38.957866,-8.992261,61.437,False,Vila Franca de Xira approach (events: 2026)
3439,38.958075,-8.992155,62.046,False,Vila Franca de Xira approach (events: 2026)
3440,38.958284,-8.992049,62.758,False,Vila Franca de Xira approach (events: 2026)
3441,38.958493,-8.991943,63.505,False,Vila Franca de Xira approach (events: 2026)
3442,38.958702,-8.991836,65.262,False,Vila Franca de Xira approach (events: 2026)
3443,38.958911,-8.99173,67.777,False,Vila Franca de Xira approach (events: 2026)
3444,38.959121,-8.991624,71.304,False,Vila Franca de Xira approach (events: 2026)
3445,38.95933,-8.991518,75.022,False,Vila Franca de Xira approach (events: 2026)
3446,38.959539,-8.991412,78.974,False,Vila Franca de Xira approach (events: 2026)
3447,38.959748,-8.991305,82.449,False,Vila Franca de Xira approach (events: 2026)
3448,38.959957,-8.991199,85.313,False,Vila Franca de Xira approach (events: 2026)
3449,38.960166,-8.991093,87.384,False,Vila Franca de Xira approach (events: 2026)
3450,38.960375,-8.990987,88.478,False,Vila Franca de Xira approach (events: 2026)
3451,38.960585,-8.990881,88.04,False,Vila Franca de Xira approach (events: 2026)
3452,38.960794,-8.990775,86.538,False,Vila Franca de Xira approach (events: 2026)
3453,38.961003,-8.990668,83.627,False,Vila Franca de Xira approach (events: 2026)
3454,38.961212,-8.990562,80.371,False,Vila Franca de Xira approach (events: 2026)
3455,38.961421,-8.990456,76.895,False,Vila Franca de Xira approach (events: 2026)
3456,38.96163,-8.99035,74.156,False,Vila Franca de Xira approach (events: 2026)
3457,38.961839,-8.990244,71.871,False,Vila Franca de Xira approach (events: 2026)
3458,38.962048,-8.990137,70.569,False,Vila Franca de Xira approach (events: 2026)
3459,38.962258,-8.990031,70.777,False,Vila Franca de Xira approach (events: 2026)
3460,38.962467,-8.989925,72.406,False,Vila Franca de Xira approach (events: 2026)
3461,38.962676,-8.989819,74.124,False,Vila Franca de Xira approach (events: 2026)
3462,38.962885,-8.989713,75.203,False,Vila Franca de Xira approach (events: 2026)
3463,38.963094,-8.989606,76.485,False,Vila Franca de Xira approach (events: 2026)
3464,38.963303,-8.9895,77.039,False,Vila Franca de Xira approach (events: 2026)
3465,38.963512,-8.989394,76.986,False,Vila Franca de Xira approach (events: 2026)
3466,38.963722,-8.989288,75.809,False,Vila Franca de Xira approach (events: 2026)
3467,38.963931,-8.989182,74.289,False,Vila Franca de Xira approach (events: 2026)
3468,38.96414,-8.989076,72.342,False,Vila Franca de Xira approach (events: 2026)
3469,38.964349,-8.988969,70.334,False,Vila Franca de Xira approach (events: 2026)
3470,38.964558,-8.988863,67.921,False,Vila Franca de Xira approach (events: 2026)
3471,38.964767,-8.988757,65.29,False,Vila Franca de Xira approach (events: 2026)
3472,38.964976,-8.988651,62.936,False,Vila Franca de Xira approach (events: 2026)
3473,38.965186,-8.988545,61.839,False,Vila Franca de Xira approach (events: 2026)
3474,38.965395,-8.988438,61.128,False,Vila Franca de Xira approach (events: 2026)
3475,38.965604,-8.988332,60.85,False,Vila Franca de Xira approach (events: 2026)
3476,38.965813,-8.988226,61.636,False,Vila Franca de Xira approach (events: 2026)
3477,38.966022,-8.98812,62.826,False,Vila Franca de Xira approach (events: 2026)
3478,38.966231,-8.988014,62.777,False,Vila Franca de Xira approach (events: 2026)
3479,38.96644,-8.987907,60.697,False,Vila Franca de Xira approach (events: 2026)
3480,38.96665,-8.987801,56.85,False,Vila Franca de Xira approach (events: 2026)
3481,38.966859,-8.987695,51.793,False,Vila Franca de Xira approach (events: 2026)
3482,38.967068,-8.987589,46.286,False,Vila Franca de Xira approach (events: 2026)
3483,38.967277,-8.987483,40.9,False,Vila Franca de Xira approach (events: 2026)
3484,38.967486,-8.987377,36.5,False,Vila Franca de Xira approach (events: 2026)
3485,38.967695,-8.98727,33.471,False,Vila Franca de Xira approach (events: 2026)
3486,38.967904,-8.987164,31.555,False,Vila Franca de Xira approach (events: 2026)
3487,38.968114,-8.987058,30.449,False,Vila Franca de Xira approach (events: 2026)
3488,38.968323,-8.986952,30.347,False,Vila Franca de Xira approach (events: 2026)
3489,38.968532,-8.986846,31.046,False,Vila Franca de Xira approach (events: 2026)
3490,38.968741,-8.986739,32.151,False,Vila Franca de Xira approach (events: 2026)
3491,38.96895,-8.986633,33.509,False,Vila Franca de Xira approach (events: 2026)
3492,38.969159,-8.986527,35.255,False,Vila Franca de Xira approach (events: 2026)
3493,38.969368,-8.986421,37.305,False,Vila Franca de Xira approach (events: 2026)
3494,38.969578,-8.986315,39.106,False,Vila Franca de Xira approach (events: 2026)
3495,38.969787,-8.986208,39.96,False,Vila Franca de Xira approach (events: 2026)
3496,38.969996,-8.986102,40.266,False,Vila Franca de Xira approach (events: 2026)
3497,38.970205,-8.985996,40.409,False,Vila Franca de Xira approach (events: 2026)
3498,38.970414,-8.98589,39.949,False,Vila Franca de Xira approach (events: 2026)
3499,38.970623,-8.985784,39.848,False,Vila Franca de Xira approach (events: 2026)
3500,38.970832,-8.985678,39.227,False,Vila Franca de Xira approach (events: 2026)
3501,38.971042,-8.985571,38.182,False,Vila Franca de Xira approach (events: 2026)
3502,38.971251,-8.985465,36.992,False,Vila Franca de Xira approach (events: 2026)
3503,38.97146,-8.985359,35.871,False,Vila Franca de Xira approach (events: 2026)
3504,38.971669,-8.985253,35.031,False,Vila Franca de Xira approach (events: 2026)
3505,38.971878,-8.985147,34.411,False,Vila Franca de Xira approach (events: 2026)
3506,38.972087,-8.98504,34.401,False,Vila Franca de Xira approach (events: 2026)
3507,38.972296,-8.984934,34.892,False,Vila Franca de Xira approach (events: 2026)
3508,38.972506,-8.984828,36.012,False,Vila Franca de Xira approach (events: 2026)
3509,38.972715,-8.984722,37.33,False,Vila Franca de Xira approach (events: 2026)
3510,38.972924,-8.984616,38.869,False,Vila Franca de Xira approach (events: 2026)
3511,38.973133,-8.984509,40.359,False,Vila Franca de Xira approach (events: 2026)
3512,38.973342,-8.984403,41.387,False,Vila Franca de Xira approach (events: 2026)
3513,38.973551,-8.984297,41.787,False,Vila Franca de Xira approach (events: 2026)
3514,38.97376,-8.984191,41.362,False,Vila Franca de Xira approach (events: 2026)
3515,38.97397,-8.984085,39.969,False,Vila Franca de Xira approach (events: 2026)
3516,38.974179,-8.983979,38.691,False,Vila Franca de Xira approach (events: 2026)
3517,38.974388,-8.983872,37.157,False,Vila Franca de Xira approach (events: 2026)
3518,38.974597,-8.983766,35.667,False,Vila Franca de Xira approach (events: 2026)
3519,38.974806,-8.98366,34.5,False,Vila Franca de Xira approach (events: 2026)
3520,38.975015,-8.983554,33.889,False,"Carregado / Azambuja (events: 2022, 2026)"
3521,38.975224,-8.983448,33.291,False,"Carregado / Azambuja (events: 2022, 2026)"
3522,38.975434,-8.983341,32.584,False,"Carregado / Azambuja (events: 2022, 2026)"
3523,38.975643,-8.983235,31.879,False,"Carregado / Azambuja (events: 2022, 2026)"
3524,38.975852,-8.983129,31.357,False,"Carregado / Azambuja (events: 2022, 2026)"
3525,38.976061,-8.983023,31.752,False,"Carregado / Azambuja (events: 2022, 2026)"
3526,38.97627,-8.982917,32.929,False,"Carregado / Azambuja (events: 2022, 2026)"
3527,38.976479,-8.98281,34.456,False,"Carregado / Azambuja (events: 2022, 2026)"
3528,38.976688,-8.982704,36.415,False,"Carregado / Azambuja (events: 2022, 2026)"
3529,38.976898,-8.982598,38.374,False,"Carregado / Azambuja (events: 2022, 2026)"
3530,38.977107,-8.982492,39.673,False,"Carregado / Azambuja (events: 2022, 2026)"
3531,38.977316,-8.982386,40.352,False,"Carregado / Azambuja (events: 2022, 2026)"
3532,38.977525,-8.98228,41.772,False,"Carregado / Azambuja (events: 2022, 2026)"
3533,38.977734,-8.982173,42.923,False,"Carregado / Azambuja (events: 2022, 2026)"
3534,38.977943,-8.982067,43.687,False,"Carregado / Azambuja (events: 2022, 2026)"
3535,38.978152,-8.981961,44.41,False,"Carregado / Azambuja (events: 2022, 2026)"
3536,38.978362,-8.981855,45.296,False,"Carregado / Azambuja (events: 2022, 2026)"
3537,38.978571,-8.981749,45.522,False,"Carregado / Azambuja (events: 2022, 2026)"
3538,38.97878,-8.981642,45.451,False,"Carregado / Azambuja (events: 2022, 2026)"
3539,38.978989,-8.981536,45.083,False,"Carregado / Azambuja (events: 2022, 2026)"
3540,38.979198,-8.98143,44.931,False,"Carregado / Azambuja (events: 2022, 2026)"
3541,38.979407,-8.981324,45.41,False,"Carregado / Azambuja (events: 2022, 2026)"
3542,38.979616,-8.981218,46.54,False,"Carregado / Azambuja (events: 2022, 2026)"
3543,38.979826,-8.981111,47.549,False,"Carregado / Azambuja (events: 2022, 2026)"
3544,38.980035,-8.981005,48.445,False,"Carregado / Azambuja (events: 2022, 2026)"
3545,38.980244,-8.980899,49.116,False,"Carregado / Azambuja (events: 2022, 2026)"
3546,38.980453,-8.980793,49.554,False,"Carregado / Azambuja (events: 2022, 2026)"
3547,38.980662,-8.980687,49.467,False,"Carregado / Azambuja (events: 2022, 2026)"
3548,38.980871,-8.980581,48.794,False,"Carregado / Azambuja (events: 2022, 2026)"
3549,38.98108,-8.980474,47.894,False,"Carregado / Azambuja (events: 2022, 2026)"
3550,38.981289,-8.980368,46.682,False,"Carregado / Azambuja (events: 2022, 2026)"
3551,38.981499,-8.980262,45.247,False,"Carregado / Azambuja (events: 2022, 2026)"
3552,38.981708,-8.980156,44.378,False,"Carregado / Azambuja (events: 2022, 2026)"
3553,38.981917,-8.98005,43.283,False,"Carregado / Azambuja (events: 2022, 2026)"
3554,38.982126,-8.979943,42.059,False,"Carregado / Azambuja (events: 2022, 2026)"
3555,38.982335,-8.979837,41.057,False,"Carregado / Azambuja (events: 2022, 2026)"
3556,38.982544,-8.979731,40.202,False,"Carregado / Azambuja (events: 2022, 2026)"
3557,38.982753,-8.979625,39.648,False,"Carregado / Azambuja (events: 2022, 2026)"
3558,38.982963,-8.979519,39.563,False,"Carregado / Azambuja (events: 2022, 2026)"
3559,38.983172,-8.979412,39.474,False,"Carregado / Azambuja (events: 2022, 2026)"
3560,38.983381,-8.979306,39.36,False,"Carregado / Azambuja (events: 2022, 2026)"
3561,38.98359,-8.9792,39.472,False,"Carregado / Azambuja (events: 2022, 2026)"
3562,38.983799,-8.979094,40.089,False,"Carregado / Azambuja (events: 2022, 2026)"
3563,38.984008,-8.978988,40.704,False,"Carregado / Azambuja (events: 2022, 2026)"
3564,38.984217,-8.978882,41.264,False,"Carregado / Azambuja (events: 2022, 2026)"
3565,38.984427,-8.978775,42.215,False,"Carregado / Azambuja (events: 2022, 2026)"
3566,38.984636,-8.978669,43.359,False,"Carregado / Azambuja (events: 2022, 2026)"
3567,38.984845,-8.978563,44.03,False,"Carregado / Azambuja (events: 2022, 2026)"
3568,38.985054,-8.978457,44.753,False,"Carregado / Azambuja (events: 2022, 2026)"
3569,38.985263,-8.978351,45.012,False,"Carregado / Azambuja (events: 2022, 2026)"
3570,38.985472,-8.978244,44.681,False,"Carregado / Azambuja (events: 2022, 2026)"
3571,38.985681,-8.978138,44.406,False,"Carregado / Azambuja (events: 2022, 2026)"
3572,38.985891,-8.978032,44.651,False,"Carregado / Azambuja (events: 2022, 2026)"
3573,38.9861,-8.977926,45.551,False,"Carregado / Azambuja (events: 2022, 2026)"
3574,38.986309,-8.97782,46.852,False,"Carregado / Azambuja (events: 2022, 2026)"
3575,38.986518,-8.977713,48.492,False,"Carregado / Azambuja (events: 2022, 2026)"
3576,38.986727,-8.977607,50.814,False,"Carregado / Azambuja (events: 2022, 2026)"
3577,38.986936,-8.977501,54.394,False,"Carregado / Azambuja (events: 2022, 2026)"
3578,38.987145,-8.977395,59.06,False,"Carregado / Azambuja (events: 2022, 2026)"
3579,38.987355,-8.977289,64.31,False,"Carregado / Azambuja (events: 2022, 2026)"
3580,38.987564,-8.977183,69.692,False,"Carregado / Azambuja (events: 2022, 2026)"
3581,38.987773,-8.977076,75.089,False,"Carregado / Azambuja (events: 2022, 2026)"
3582,38.987982,-8.97697,79.573,False,"Carregado / Azambuja (events: 2022, 2026)"
3583,38.988191,-8.976864,82.836,False,"Carregado / Azambuja (events: 2022, 2026)"
3584,38.9884,-8.976758,85.666,False,"Carregado / Azambuja (events: 2022, 2026)"
3585,38.988609,-8.976652,87.665,False,"Carregado / Azambuja (events: 2022, 2026)"
3586,38.988819,-8.976545,88.778,False,"Carregado / Azambuja (events: 2022, 2026)"
3587,38.989028,-8.976439,89.534,False,"Carregado / Azambuja (events: 2022, 2026)"
3588,38.989237,-8.976333,89.974,False,"Carregado / Azambuja (events: 2022, 2026)"
3589,38.989446,-8.976227,89.652,False,"Carregado / Azambuja (events: 2022, 2026)"
3590,38.989655,-8.976121,88.621,False,"Carregado / Azambuja (events: 2022, 2026)"
3591,38.989864,-8.976014,86.215,False,"Carregado / Azambuja (events: 2022, 2026)"
3592,38.990073,-8.975908,83.718,False,"Carregado / Azambuja (events: 2022, 2026)"
3593,38.990283,-8.975802,80.484,False,"Carregado / Azambuja (events: 2022, 2026)"
3594,38.990492,-8.975696,76.019,False,"Carregado / Azambuja (events: 2022, 2026)"
3595,38.990701,-8.97559,70.732,False,"Carregado / Azambuja (events: 2022, 2026)"
3596,38.99091,-8.975484,64.528,False,"Carregado / Azambuja (events: 2022, 2026)"
3597,38.991119,-8.975377,58.016,False,"Carregado / Azambuja (events: 2022, 2026)"
3598,38.991328,-8.975271,51.484,False,"Carregado / Azambuja (events: 2022, 2026)"
3599,38.991537,-8.975165,46.102,False,"Carregado / Azambuja (events: 2022, 2026)"
3600,38.991747,-8.975059,41.948,False,"Carregado / Azambuja (events: 2022, 2026)"
3601,38.991956,-8.974953,38.129,False,"Carregado / Azambuja (events: 2022, 2026)"
3602,38.992165,-8.974846,34.768,False,"Carregado / Azambuja (events: 2022, 2026)"
3603,38.992374,-8.97474,32.533,False,"Carregado / Azambuja (events: 2022, 2026)"
3604,38.992583,-8.974634,31.285,False,"Carregado / Azambuja (events: 2022, 2026)"
3605,38.992792,-8.974528,30.605,False,"Carregado / Azambuja (events: 2022, 2026)"
3606,38.993001,-8.974422,30.3,False,"Carregado / Azambuja (events: 2022, 2026)"
3607,38.993211,-8.974315,30.336,False,"Carregado / Azambuja (events: 2022, 2026)"
3608,38.99342,-8.974209,29.914,False,"Carregado / Azambuja (events: 2022, 2026)"
3609,38.993629,-8.974103,28.615,False,"Carregado / Azambuja (events: 2022, 2026)"
3610,38.993838,-8.973997,26.197,False,"Carregado / Azambuja (events: 2022, 2026)"
3611,38.994047,-8.973891,23.488,False,"Carregado / Azambuja (events: 2022, 2026)"
3612,38.994256,-8.973785,21.43,False,"Carregado / Azambuja (events: 2022, 2026)"
3613,38.994465,-8.973678,20.086,False,"Carregado / Azambuja (events: 2022, 2026)"
3614,38.994675,-8.973572,19.189,False,"Carregado / Azambuja (events: 2022, 2026)"
3615,38.994884,-8.973466,19.036,False,"Carregado / Azambuja (events: 2022, 2026)"
3616,38.995093,-8.97336,19.563,False,"Carregado / Azambuja (events: 2022, 2026)"
3617,38.995302,-8.973254,20.174,False,"Carregado / Azambuja (events: 2022, 2026)"
3618,38.995511,-8.973147,21.042,False,"Carregado / Azambuja (events: 2022, 2026)"
3619,38.99572,-8.973041,21.993,False,"Carregado / Azambuja (events: 2022, 2026)"
3620,38.995929,-8.972935,22.861,False,"Carregado / Azambuja (events: 2022, 2026)"
3621,38.996139,-8.972829,23.456,False,"Carregado / Azambuja (events: 2022, 2026)"
3622,38.996348,-8.972723,23.872,False,"Carregado / Azambuja (events: 2022, 2026)"
3623,38.996557,-8.972616,24.113,False,"Carregado / Azambuja (events: 2022, 2026)"
3624,38.996766,-8.97251,24.3,False,"Carregado / Azambuja (events: 2022, 2026)"
3625,38.996975,-8.972404,24.029,False,"Carregado / Azambuja (events: 2022, 2026)"
3626,38.997184,-8.972298,23.714,False,"Carregado / Azambuja (events: 2022, 2026)"
3627,38.997393,-8.972192,23.271,False,"Carregado / Azambuja (events: 2022, 2026)"
3628,38.997603,-8.972086,22.445,False,"Carregado / Azambuja (events: 2022, 2026)"
3629,38.997812,-8.971979,21.264,False,"Carregado / Azambuja (events: 2022, 2026)"
3630,38.998021,-8.971873,19.81,False,"Carregado / Azambuja (events: 2022, 2026)"
3631,38.99823,-8.971767,18.714,False,"Carregado / Azambuja (events: 2022, 2026)"
3632,38.998439,-8.971661,17.921,False,"Carregado / Azambuja (events: 2022, 2026)"
3633,38.998648,-8.971555,16.806,False,"Carregado / Azambuja (events: 2022, 2026)"
3634,38.998857,-8.971448,15.738,False,"Carregado / Azambuja (events: 2022, 2026)"
3635,38.999066,-8.971342,14.955,False,"Carregado / Azambuja (events: 2022, 2026)"
3636,38.999276,-8.971236,14.173,False,"Carregado / Azambuja (events: 2022, 2026)"
3637,38.999485,-8.97113,13.397,False,"Carregado / Azambuja (events: 2022, 2026)"
3638,38.999694,-8.971024,12.53,False,"Carregado / Azambuja (events: 2022, 2026)"
3639,38.999903,-8.970917,11.72,False,"Carregado / Azambuja (events: 2022, 2026)"
3640,39.000112,-8.970811,11.088,False,"Carregado / Azambuja (events: 2022, 2026)"
3641,39.000321,-8.970705,10.666,False,"Carregado / Azambuja (events: 2022, 2026)"
3642,39.00053,-8.970599,10.471,False,"Carregado / Azambuja (events: 2022, 2026)"
3643,39.00074,-8.970493,10.156,False,"Carregado / Azambuja (events: 2022, 2026)"
3644,39.000949,-8.970387,9.649,False,"Carregado / Azambuja (events: 2022, 2026)"
3645,39.001158,-8.97028,9.013,False,"Carregado / Azambuja (events: 2022, 2026)"
3646,39.001367,-8.970174,8.288,False,"Carregado / Azambuja (events: 2022, 2026)"
3647,39.001576,-8.970068,7.43,False,"Carregado / Azambuja (events: 2022, 2026)"
3648,39.001785,-8.969962,6.412,False,"Carregado / Azambuja (events: 2022, 2026)"
3649,39.001994,-8.969856,5.461,False,"Carregado / Azambuja (events: 2022, 2026)"
3650,39.002204,-8.969749,5.061,False,"Carregado / Azambuja (events: 2022, 2026)"
3651,39.002413,-8.969643,5.459,False,"Carregado / Azambuja (events: 2022, 2026)"
3652,39.002622,-8.969537,6.465,False,"Carregado / Azambuja (events: 2022, 2026)"
3653,39.002831,-8.969431,7.437,False,"Carregado / Azambuja (events: 2022, 2026)"
3654,39.00304,-8.969325,8.27,False,"Carregado / Azambuja (events: 2022, 2026)"
3655,39.003249,-8.969218,8.905,False,"Carregado / Azambuja (events: 2022, 2026)"
3656,39.003458,-8.969112,9.353,False,"Carregado / Azambuja (events: 2022, 2026)"
3657,39.003668,-8.969006,9.699,False,"Carregado / Azambuja (events: 2022, 2026)"
3658,39.003877,-8.9689,9.716,False,"Carregado / Azambuja (events: 2022, 2026)"
3659,39.004086,-8.968794,9.405,False,"Carregado / Azambuja (events: 2022, 2026)"
3660,39.004295,-8.968688,8.71,False,"Carregado / Azambuja (events: 2022, 2026)"
3661,39.004504,-8.968581,7.747,False,"Carregado / Azambuja (events: 2022, 2026)"
3662,39.004713,-8.968475,6.693,False,"Carregado / Azambuja (events: 2022, 2026)"
3663,39.004922,-8.968369,5.749,False,"Carregado / Azambuja (events: 2022, 2026)"
3664,39.005132,-8.968263,5.074,False,"Carregado / Azambuja (events: 2022, 2026)"
3665,39.005341,-8.968157,4.902,True,"Carregado / Azambuja (events: 2022, 2026)"
3666,39.00555,-8.96805,4.935,True,"Carregado / Azambuja (events: 2022, 2026)"
3667,39.005759,-8.967944,4.956,True,"Carregado / Azambuja (events: 2022, 2026)"
3668,39.005968,-8.967838,4.819,True,"Carregado / Azambuja (events: 2022, 2026)"
3669,39.006177,-8.967732,4.414,True,"Carregado / Azambuja (events: 2022, 2026)"
3670,39.006386,-8.967626,4.397,True,"Carregado / Azambuja (events: 2022, 2026)"
3671,39.006596,-8.967519,4.858,True,"Carregado / Azambuja (events: 2022, 2026)"
3672,39.006805,-8.967413,5.546,False,"Carregado / Azambuja (events: 2022, 2026)"
3673,39.007014,-8.967307,6.39,False,"Carregado / Azambuja (events: 2022, 2026)"
3674,39.007223,-8.967201,7.422,False,"Carregado / Azambuja (events: 2022, 2026)"
3675,39.007432,-8.967095,8.219,False,"Carregado / Azambuja (events: 2022, 2026)"
3676,39.007641,-8.966989,8.371,False,"Carregado / Azambuja (events: 2022, 2026)"
3677,39.00785,-8.966882,8.209,False,"Carregado / Azambuja (events: 2022, 2026)"
3678,39.00806,-8.966776,8.1,False,"Carregado / Azambuja (events: 2022, 2026)"
3679,39.008269,-8.96667,7.698,False,"Carregado / Azambuja (events: 2022, 2026)"
3680,39.008478,-8.966564,6.904,False,"Carregado / Azambuja (events: 2022, 2026)"
3681,39.008687,-8.966458,6.183,False,"Carregado / Azambuja (events: 2022, 2026)"
3682,39.008896,-8.966351,5.597,False,"Carregado / Azambuja (events: 2022, 2026)"
3683,39.009105,-8.966245,5.212,False,"Carregado / Azambuja (events: 2022, 2026)"
3684,39.009314,-8.966139,5.084,False,"Carregado / Azambuja (events: 2022, 2026)"
3685,39.009524,-8.966033,5.197,False,"Carregado / Azambuja (events: 2022, 2026)"
3686,39.009733,-8.965927,5.424,False,"Carregado / Azambuja (events: 2022, 2026)"
3687,39.009942,-8.96582,5.686,False,"Carregado / Azambuja (events: 2022, 2026)"
3688,39.010151,-8.965714,5.809,False,"Carregado / Azambuja (events: 2022, 2026)"
3689,39.01036,-8.965608,5.863,False,"Carregado / Azambuja (events: 2022, 2026)"
3690,39.010569,-8.965502,5.921,False,"Carregado / Azambuja (events: 2022, 2026)"
3691,39.010778,-8.965396,6.17,False,"Carregado / Azambuja (events: 2022, 2026)"
3692,39.010988,-8.96529,6.587,False,"Carregado / Azambuja (events: 2022, 2026)"
3693,39.011197,-8.965183,7.094,False,"Carregado / Azambuja (events: 2022, 2026)"
3694,39.011406,-8.965077,7.591,False,"Carregado / Azambuja (events: 2022, 2026)"
3695,39.011615,-8.964971,7.831,False,"Carregado / Azambuja (events: 2022, 2026)"
3696,39.011824,-8.964865,7.399,False,"Carregado / Azambuja (events: 2022, 2026)"
3697,39.012033,-8.964759,6.673,False,"Carregado / Azambuja (events: 2022, 2026)"
3698,39.012242,-8.964652,5.908,False,"Carregado / Azambuja (events: 2022, 2026)"
3699,39.012452,-8.964546,4.977,True,"Carregado / Azambuja (events: 2022, 2026)"
3700,39.012661,-8.96444,4.13,True,"Carregado / Azambuja (events: 2022, 2026)"
3701,39.01287,-8.964334,4.236,True,"Carregado / Azambuja (events: 2022, 2026)"
3702,39.013079,-8.964228,4.55,True,"Carregado / Azambuja (events: 2022, 2026)"
3703,39.013288,-8.964121,5.156,False,"Carregado / Azambuja (events: 2022, 2026)"
3704,39.013497,-8.964015,6.284,False,"Carregado / Azambuja (events: 2022, 2026)"
3705,39.013706,-8.963909,7.369,False,"Carregado / Azambuja (events: 2022, 2026)"
3706,39.013916,-8.963803,7.992,False,"Carregado / Azambuja (events: 2022, 2026)"
3707,39.014125,-8.963697,8.376,False,"Carregado / Azambuja (events: 2022, 2026)"
3708,39.014334,-8.963591,8.245,False,"Carregado / Azambuja (events: 2022, 2026)"
3709,39.014543,-8.963484,8.154,False,"Carregado / Azambuja (events: 2022, 2026)"
3710,39.014752,-8.963378,8.111,False,"Carregado / Azambuja (events: 2022, 2026)"
3711,39.014961,-8.963272,7.929,False,"Carregado / Azambuja (events: 2022, 2026)"
3712,39.01517,-8.963166,7.424,False,"Carregado / Azambuja (events: 2022, 2026)"
3713,39.01538,-8.96306,6.78,False,"Carregado / Azambuja (events: 2022, 2026)"
3714,39.015589,-8.962953,6.083,False,"Carregado / Azambuja (events: 2022, 2026)"
3715,39.015798,-8.962847,5.67,False,"Carregado / Azambuja (events: 2022, 2026)"
3716,39.016007,-8.962741,5.827,False,"Carregado / Azambuja (events: 2022, 2026)"
3717,39.016216,-8.962635,6.547,False,"Carregado / Azambuja (events: 2022, 2026)"
3718,39.016425,-8.962529,7.209,False,"Carregado / Azambuja (events: 2022, 2026)"
3719,39.016634,-8.962422,7.71,False,"Carregado / Azambuja (events: 2022, 2026)"
3720,39.016843,-8.962316,8.0,False,"Carregado / Azambuja (events: 2022, 2026)"
3721,39.017053,-8.96221,8.196,False,"Carregado / Azambuja (events: 2022, 2026)"
3722,39.017262,-8.962104,8.445,False,"Carregado / Azambuja (events: 2022, 2026)"
3723,39.017471,-8.961998,8.846,False,"Carregado / Azambuja (events: 2022, 2026)"
3724,39.01768,-8.961892,9.33,False,"Carregado / Azambuja (events: 2022, 2026)"
3725,39.017889,-8.961785,9.915,False,"Carregado / Azambuja (events: 2022, 2026)"
3726,39.018098,-8.961679,10.525,False,"Carregado / Azambuja (events: 2022, 2026)"
3727,39.018307,-8.961573,10.981,False,"Carregado / Azambuja (events: 2022, 2026)"
3728,39.018517,-8.961467,11.107,False,"Carregado / Azambuja (events: 2022, 2026)"
3729,39.018726,-8.961361,11.077,False,"Carregado / Azambuja (events: 2022, 2026)"
3730,39.018935,-8.961254,10.923,False,"Carregado / Azambuja (events: 2022, 2026)"
3731,39.019144,-8.961148,10.82,False,"Carregado / Azambuja (events: 2022, 2026)"
3732,39.019353,-8.961042,10.508,False,"Carregado / Azambuja (events: 2022, 2026)"
3733,39.019562,-8.960936,10.08,False,"Carregado / Azambuja (events: 2022, 2026)"
3734,39.019771,-8.96083,9.595,False,"Carregado / Azambuja (events: 2022, 2026)"
3735,39.019981,-8.960723,9.252,False,"Carregado / Azambuja (events: 2022, 2026)"
3736,39.02019,-8.960617,9.13,False,"Carregado / Azambuja (events: 2022, 2026)"
3737,39.020399,-8.960511,9.186,False,"Carregado / Azambuja (events: 2022, 2026)"
3738,39.020608,-8.960405,9.466,False,"Carregado / Azambuja (events: 2022, 2026)"
3739,39.020817,-8.960299,9.968,False,"Carregado / Azambuja (events: 2022, 2026)"
3740,39.021026,-8.960193,10.667,False,"Carregado / Azambuja (events: 2022, 2026)"
3741,39.021235,-8.960086,11.354,False,"Carregado / Azambuja (events: 2022, 2026)"
3742,39.021445,-8.95998,11.879,False,"Carregado / Azambuja (events: 2022, 2026)"
3743,39.021654,-8.959874,12.269,False,"Carregado / Azambuja (events: 2022, 2026)"
3744,39.021863,-8.959768,12.538,False,"Carregado / Azambuja (events: 2022, 2026)"
3745,39.022072,-8.959662,12.646,False,"Carregado / Azambuja (events: 2022, 2026)"
3746,39.022281,-8.959555,12.518,False,"Carregado / Azambuja (events: 2022, 2026)"
3747,39.02249,-8.959449,12.031,False,"Carregado / Azambuja (events: 2022, 2026)"
3748,39.022699,-8.959343,11.345,False,"Carregado / Azambuja (events: 2022, 2026)"
3749,39.022909,-8.959237,10.844,False,"Carregado / Azambuja (events: 2022, 2026)"
3750,39.023118,-8.959131,10.313,False,"Carregado / Azambuja (events: 2022, 2026)"
3751,39.023327,-8.959024,9.272,False,"Carregado / Azambuja (events: 2022, 2026)"
3752,39.023536,-8.958918,7.574,False,"Carregado / Azambuja (events: 2022, 2026)"
3753,39.023745,-8.958812,5.955,False,"Carregado / Azambuja (events: 2022, 2026)"
3754,39.023954,-8.958706,5.014,False,"Carregado / Azambuja (events: 2022, 2026)"
3755,39.024163,-8.9586,4.813,True,"Carregado / Azambuja (events: 2022, 2026)"
3756,39.024373,-8.958494,4.71,True,"Carregado / Azambuja (events: 2022, 2026)"
3757,39.024582,-8.958387,4.68,True,"Carregado / Azambuja (events: 2022, 2026)"
3758,39.024791,-8.958281,4.836,True,"Carregado / Azambuja (events: 2022, 2026)"
3759,39.025,-8.958175,5.014,False,"Carregado / Azambuja (events: 2022, 2026)"
3760,39.025209,-8.958069,5.292,False,"Carregado / Azambuja (events: 2022, 2026)"
3761,39.025418,-8.957963,5.8,False,"Carregado / Azambuja (events: 2022, 2026)"
3762,39.025627,-8.957856,6.483,False,"Carregado / Azambuja (events: 2022, 2026)"
3763,39.025837,-8.95775,7.402,False,"Carregado / Azambuja (events: 2022, 2026)"
3764,39.026046,-8.957644,8.719,False,"Carregado / Azambuja (events: 2022, 2026)"
3765,39.026255,-8.957538,10.481,False,"Carregado / Azambuja (events: 2022, 2026)"
3766,39.026464,-8.957432,12.29,False,"Carregado / Azambuja (events: 2022, 2026)"
3767,39.026673,-8.957325,13.784,False,"Carregado / Azambuja (events: 2022, 2026)"
3768,39.026882,-8.957219,13.995,False,"Carregado / Azambuja (events: 2022, 2026)"
3769,39.027091,-8.957113,13.524,False,"Carregado / Azambuja (events: 2022, 2026)"
3770,39.027301,-8.957007,12.966,False,"Carregado / Azambuja (events: 2022, 2026)"
3771,39.02751,-8.956901,12.613,False,"Carregado / Azambuja (events: 2022, 2026)"
3772,39.027719,-8.956795,12.303,False,"Carregado / Azambuja (events: 2022, 2026)"
3773,39.027928,-8.956688,11.977,False,"Carregado / Azambuja (events: 2022, 2026)"
3774,39.028137,-8.956582,11.483,False,"Carregado / Azambuja (events: 2022, 2026)"
3775,39.028346,-8.956476,10.882,False,"Carregado / Azambuja (events: 2022, 2026)"
3776,39.028555,-8.95637,10.164,False,"Carregado / Azambuja (events: 2022, 2026)"
3777,39.028765,-8.956264,9.592,False,"Carregado / Azambuja (events: 2022, 2026)"
3778,39.028974,-8.956157,8.992,False,"Carregado / Azambuja (events: 2022, 2026)"
3779,39.029183,-8.956051,8.561,False,"Carregado / Azambuja (events: 2022, 2026)"
3780,39.029392,-8.955945,8.484,False,"Carregado / Azambuja (events: 2022, 2026)"
3781,39.029601,-8.955839,8.849,False,"Carregado / Azambuja (events: 2022, 2026)"
3782,39.02981,-8.955733,9.77,False,"Carregado / Azambuja (events: 2022, 2026)"
3783,39.030019,-8.955626,10.695,False,"Carregado / Azambuja (events: 2022, 2026)"
3784,39.030229,-8.95552,11.74,False,"Carregado / Azambuja (events: 2022, 2026)"
3785,39.030438,-8.955414,12.781,False,"Carregado / Azambuja (events: 2022, 2026)"
3786,39.030647,-8.955308,14.185,False,"Carregado / Azambuja (events: 2022, 2026)"
3787,39.030856,-8.955202,15.317,False,"Carregado / Azambuja (events: 2022, 2026)"
3788,39.031065,-8.955096,16.17,False,"Carregado / Azambuja (events: 2022, 2026)"
3789,39.031274,-8.954989,16.548,False,"Carregado / Azambuja (events: 2022, 2026)"
3790,39.031483,-8.954883,16.704,False,"Carregado / Azambuja (events: 2022, 2026)"
3791,39.031693,-8.954777,16.482,False,"Carregado / Azambuja (events: 2022, 2026)"
3792,39.031902,-8.954671,15.999,False,"Carregado / Azambuja (events: 2022, 2026)"
3793,39.032111,-8.954565,15.42,False,"Carregado / Azambuja (events: 2022, 2026)"
3794,39.03232,-8.954458,14.86,False,"Carregado / Azambuja (events: 2022, 2026)"
3795,39.032529,-8.954352,14.355,False,"Carregado / Azambuja (events: 2022, 2026)"
3796,39.032738,-8.954246,13.778,False,"Carregado / Azambuja (events: 2022, 2026)"
3797,39.032947,-8.95414,13.064,False,"Carregado / Azambuja (events: 2022, 2026)"
3798,39.033157,-8.954034,12.305,False,"Carregado / Azambuja (events: 2022, 2026)"
3799,39.033366,-8.953927,11.44,False,"Carregado / Azambuja (events: 2022, 2026)"
3800,39.033575,-8.953821,10.571,False,"Carregado / Azambuja (events: 2022, 2026)"
3801,39.033784,-8.953715,9.674,False,"Carregado / Azambuja (events: 2022, 2026)"
3802,39.033993,-8.953609,9.103,False,"Carregado / Azambuja (events: 2022, 2026)"
3803,39.034202,-8.953503,9.102,False,"Carregado / Azambuja (events: 2022, 2026)"
3804,39.034411,-8.953397,9.457,False,"Carregado / Azambuja (events: 2022, 2026)"
3805,39.03462,-8.95329,10.013,False,"Carregado / Azambuja (events: 2022, 2026)"
3806,39.03483,-8.953184,10.696,False,"Carregado / Azambuja (events: 2022, 2026)"
3807,39.035039,-8.953078,11.721,False,"Carregado / Azambuja (events: 2022, 2026)"
3808,39.035248,-8.952972,13.018,False,"Carregado / Azambuja (events: 2022, 2026)"
3809,39.035457,-8.952866,14.213,False,"Carregado / Azambuja (events: 2022, 2026)"
3810,39.035666,-8.952759,14.798,False,"Carregado / Azambuja (events: 2022, 2026)"
3811,39.035875,-8.952653,14.435,False,"Carregado / Azambuja (events: 2022, 2026)"
3812,39.036084,-8.952547,13.363,False,"Carregado / Azambuja (events: 2022, 2026)"
3813,39.036294,-8.952441,12.273,False,"Carregado / Azambuja (events: 2022, 2026)"
3814,39.036503,-8.952335,11.442,False,"Carregado / Azambuja (events: 2022, 2026)"
3815,39.036712,-8.952228,10.639,False,"Carregado / Azambuja (events: 2022, 2026)"
3816,39.036921,-8.952122,9.712,False,"Carregado / Azambuja (events: 2022, 2026)"
3817,39.03713,-8.952016,8.513,False,"Carregado / Azambuja (events: 2022, 2026)"
3818,39.037339,-8.95191,7.34,False,"Carregado / Azambuja (events: 2022, 2026)"
3819,39.037548,-8.951804,6.406,False,"Carregado / Azambuja (events: 2022, 2026)"
3820,39.037758,-8.951698,5.752,False,"Carregado / Azambuja (events: 2022, 2026)"
3821,39.037967,-8.951591,5.334,False,"Carregado / Azambuja (events: 2022, 2026)"
3822,39.038176,-8.951485,5.082,False,"Carregado / Azambuja (events: 2022, 2026)"
3823,39.038385,-8.951379,4.966,True,"Carregado / Azambuja (events: 2022, 2026)"
3824,39.038594,-8.951273,5.075,False,"Carregado / Azambuja (events: 2022, 2026)"
3825,39.038803,-8.951167,5.22,False,"Carregado / Azambuja (events: 2022, 2026)"
3826,39.039012,-8.95106,5.287,False,"Carregado / Azambuja (events: 2022, 2026)"
3827,39.039222,-8.950954,5.151,False,"Carregado / Azambuja (events: 2022, 2026)"
3828,39.039431,-8.950848,4.851,True,"Carregado / Azambuja (events: 2022, 2026)"
3829,39.03964,-8.950742,4.47,True,"Carregado / Azambuja (events: 2022, 2026)"
3830,39.039849,-8.950636,4.244,True,"Carregado / Azambuja (events: 2022, 2026)"
3831,39.040058,-8.950529,4.192,True,"Carregado / Azambuja (events: 2022, 2026)"
3832,39.040267,-8.950423,4.273,True,"Carregado / Azambuja (events: 2022, 2026)"
3833,39.040476,-8.950317,4.32,True,"Carregado / Azambuja (events: 2022, 2026)"
3834,39.040686,-8.950211,4.246,True,"Carregado / Azambuja (events: 2022, 2026)"
3835,39.040895,-8.950105,3.938,True,"Carregado / Azambuja (events: 2022, 2026)"
3836,39.041104,-8.949999,3.391,True,"Carregado / Azambuja (events: 2022, 2026)"
3837,39.041313,-8.949892,2.94,True,"Carregado / Azambuja (events: 2022, 2026)"
3838,39.041522,-8.949786,2.614,True,"Carregado / Azambuja (events: 2022, 2026)"
3839,39.041731,-8.94968,2.675,True,"Carregado / Azambuja (events: 2022, 2026)"
3840,39.04194,-8.949574,2.928,True,"Carregado / Azambuja (events: 2022, 2026)"
3841,39.04215,-8.949468,3.323,True,"Carregado / Azambuja (events: 2022, 2026)"
3842,39.042359,-8.949361,3.698,True,"Carregado / Azambuja (events: 2022, 2026)"
3843,39.042568,-8.949255,4.07,True,"Carregado / Azambuja (events: 2022, 2026)"
3844,39.042777,-8.949149,4.304,True,"Carregado / Azambuja (events: 2022, 2026)"
3845,39.042986,-8.949043,4.278,True,"Carregado / Azambuja (events: 2022, 2026)"
3846,39.043195,-8.948937,4.226,True,"Carregado / Azambuja (events: 2022, 2026)"
3847,39.043404,-8.94883,4.035,True,"Carregado / Azambuja (events: 2022, 2026)"
3848,39.043614,-8.948724,3.989,True,"Carregado / Azambuja (events: 2022, 2026)"
3849,39.043823,-8.948618,4.061,True,"Carregado / Azambuja (events: 2022, 2026)"
3850,39.044032,-8.948512,4.459,True,"Carregado / Azambuja (events: 2022, 2026)"
3851,39.044241,-8.948406,4.898,True,"Carregado / Azambuja (events: 2022, 2026)"
3852,39.04445,-8.9483,5.197,False,"Carregado / Azambuja (events: 2022, 2026)"
3853,39.044659,-8.948193,5.13,False,"Carregado / Azambuja (events: 2022, 2026)"
3854,39.044868,-8.948087,5.048,False,"Carregado / Azambuja (events: 2022, 2026)"
3855,39.045078,-8.947981,5.111,False,"Carregado / Azambuja (events: 2022, 2026)"
3856,39.045287,-8.947875,5.455,False,"Carregado / Azambuja (events: 2022, 2026)"
3857,39.045496,-8.947769,6.087,False,"Carregado / Azambuja (events: 2022, 2026)"
3858,39.045705,-8.947662,6.739,False,"Carregado / Azambuja (events: 2022, 2026)"
3859,39.045914,-8.947556,7.116,False,"Carregado / Azambuja (events: 2022, 2026)"
3860,39.046123,-8.94745,7.126,False,"Carregado / Azambuja (events: 2022, 2026)"
3861,39.046332,-8.947344,7.062,False,"Carregado / Azambuja (events: 2022, 2026)"
3862,39.046542,-8.947238,6.821,False,"Carregado / Azambuja (events: 2022, 2026)"
3863,39.046751,-8.947131,6.757,False,"Carregado / Azambuja (events: 2022, 2026)"
3864,39.04696,-8.947025,6.709,False,"Carregado / Azambuja (events: 2022, 2026)"
3865,39.047169,-8.946919,6.792,False,"Carregado / Azambuja (events: 2022, 2026)"
3866,39.047378,-8.946813,6.824,False,"Carregado / Azambuja (events: 2022, 2026)"
3867,39.047587,-8.946707,7.033,False,"Carregado / Azambuja (events: 2022, 2026)"
3868,39.047796,-8.946601,7.32,False,"Carregado / Azambuja (events: 2022, 2026)"
3869,39.048006,-8.946494,7.622,False,"Carregado / Azambuja (events: 2022, 2026)"
3870,39.048215,-8.946388,7.786,False,"Carregado / Azambuja (events: 2022, 2026)"
3871,39.048424,-8.946282,7.894,False,"Carregado / Azambuja (events: 2022, 2026)"
3872,39.048633,-8.946176,7.932,False,"Carregado / Azambuja (events: 2022, 2026)"
3873,39.048842,-8.94607,7.642,False,"Carregado / Azambuja (events: 2022, 2026)"
3874,39.049051,-8.945963,7.154,False,"Carregado / Azambuja (events: 2022, 2026)"
3875,39.04926,-8.945857,6.89,False,"Carregado / Azambuja (events: 2022, 2026)"
3876,39.04947,-8.945751,8.799,False,"Carregado / Azambuja (events: 2022, 2026)"
3877,39.049679,-8.945645,10.838,False,"Carregado / Azambuja (events: 2022, 2026)"
3878,39.049888,-8.945539,13.494,False,"Carregado / Azambuja (events: 2022, 2026)"
3879,39.050097,-8.945432,16.465,False,"Carregado / Azambuja (events: 2022, 2026)"
3880,39.050306,-8.945326,19.245,False,"Carregado / Azambuja (events: 2022, 2026)"
3881,39.050515,-8.94522,21.387,False,"Carregado / Azambuja (events: 2022, 2026)"
3882,39.050724,-8.945114,22.099,False,"Carregado / Azambuja (events: 2022, 2026)"
3883,39.050934,-8.945008,22.446,False,"Carregado / Azambuja (events: 2022, 2026)"
3884,39.051143,-8.944902,22.214,False,"Carregado / Azambuja (events: 2022, 2026)"
3885,39.051352,-8.944795,22.024,False,"Carregado / Azambuja (events: 2022, 2026)"
3886,39.051561,-8.944689,21.354,False,"Carregado / Azambuja (events: 2022, 2026)"
3887,39.05177,-8.944583,19.893,False,"Carregado / Azambuja (events: 2022, 2026)"
3888,39.051979,-8.944477,17.664,False,"Carregado / Azambuja (events: 2022, 2026)"
3889,39.052188,-8.944371,15.209,False,"Carregado / Azambuja (events: 2022, 2026)"
3890,39.052398,-8.944264,13.277,False,"Carregado / Azambuja (events: 2022, 2026)"
3891,39.052607,-8.944158,11.907,False,"Carregado / Azambuja (events: 2022, 2026)"
3892,39.052816,-8.944052,11.121,False,"Carregado / Azambuja (events: 2022, 2026)"
3893,39.053025,-8.943946,10.588,False,"Carregado / Azambuja (events: 2022, 2026)"
3894,39.053234,-8.94384,10.88,False,"Carregado / Azambuja (events: 2022, 2026)"
3895,39.053443,-8.943733,11.219,False,"Carregado / Azambuja (events: 2022, 2026)"
3896,39.053652,-8.943627,11.511,False,"Carregado / Azambuja (events: 2022, 2026)"
3897,39.053861,-8.943521,10.915,False,"Carregado / Azambuja (events: 2022, 2026)"
3898,39.054071,-8.943415,9.916,False,"Carregado / Azambuja (events: 2022, 2026)"
3899,39.05428,-8.943309,9.315,False,"Carregado / Azambuja (events: 2022, 2026)"
3900,39.054489,-8.943203,8.788,False,"Carregado / Azambuja (events: 2022, 2026)"
3901,39.054698,-8.943096,8.456,False,"Carregado / Azambuja (events: 2022, 2026)"
3902,39.054907,-8.94299,8.367,False,"Carregado / Azambuja (events: 2022, 2026)"
3903,39.055116,-8.942884,8.836,False,"Carregado / Azambuja (events: 2022, 2026)"
3904,39.055325,-8.942778,9.583,False,"Carregado / Azambuja (events: 2022, 2026)"
3905,39.055535,-8.942672,10.203,False,"Carregado / Azambuja (events: 2022, 2026)"
3906,39.055744,-8.942565,10.576,False,"Carregado / Azambuja (events: 2022, 2026)"
3907,39.055953,-8.942459,10.646,False,"Carregado / Azambuja (events: 2022, 2026)"
3908,39.056162,-8.942353,11.044,False,"Carregado / Azambuja (events: 2022, 2026)"
3909,39.056371,-8.942247,11.374,False,"Carregado / Azambuja (events: 2022, 2026)"
3910,39.05658,-8.942141,11.737,False,"Carregado / Azambuja (events: 2022, 2026)"
3911,39.056789,-8.942035,12.457,False,"Carregado / Azambuja (events: 2022, 2026)"
3912,39.056999,-8.941928,13.633,False,"Carregado / Azambuja (events: 2022, 2026)"
3913,39.057208,-8.941822,14.643,False,"Carregado / Azambuja (events: 2022, 2026)"
3914,39.057417,-8.941716,14.898,False,"Carregado / Azambuja (events: 2022, 2026)"
3915,39.057626,-8.94161,15.029,False,"Carregado / Azambuja (events: 2022, 2026)"
3916,39.057835,-8.941504,15.05,False,"Carregado / Azambuja (events: 2022, 2026)"
3917,39.058044,-8.941397,15.064,False,"Carregado / Azambuja (events: 2022, 2026)"
3918,39.058253,-8.941291,14.697,False,"Carregado / Azambuja (events: 2022, 2026)"
3919,39.058463,-8.941185,13.876,False,"Carregado / Azambuja (events: 2022, 2026)"
3920,39.058672,-8.941079,13.66,False,"Carregado / Azambuja (events: 2022, 2026)"
3921,39.058881,-8.940973,13.674,False,"Carregado / Azambuja (events: 2022, 2026)"
3922,39.05909,-8.940866,13.971,False,"Carregado / Azambuja (events: 2022, 2026)"
3923,39.059299,-8.94076,14.573,False,"Carregado / Azambuja (events: 2022, 2026)"
3924,39.059508,-8.940654,14.867,False,"Carregado / Azambuja (events: 2022, 2026)"
3925,39.059717,-8.940548,15.18,False,"Carregado / Azambuja (events: 2022, 2026)"
3926,39.059927,-8.940442,16.004,False,"Carregado / Azambuja (events: 2022, 2026)"
3927,39.060136,-8.940336,17.562,False,"Carregado / Azambuja (events: 2022, 2026)"
3928,39.060345,-8.940229,19.672,False,"Carregado / Azambuja (events: 2022, 2026)"
3929,39.060554,-8.940123,22.105,False,"Carregado / Azambuja (events: 2022, 2026)"
3930,39.060763,-8.940017,23.982,False,"Carregado / Azambuja (events: 2022, 2026)"
3931,39.060972,-8.939911,25.516,False,"Carregado / Azambuja (events: 2022, 2026)"
3932,39.061181,-8.939805,26.296,False,"Carregado / Azambuja (events: 2022, 2026)"
3933,39.061391,-8.939698,26.218,False,"Carregado / Azambuja (events: 2022, 2026)"
3934,39.0616,-8.939592,25.322,False,"Carregado / Azambuja (events: 2022, 2026)"
3935,39.061809,-8.939486,23.762,False,"Carregado / Azambuja (events: 2022, 2026)"
3936,39.062018,-8.93938,22.003,False,"Carregado / Azambuja (events: 2022, 2026)"
3937,39.062227,-8.939274,20.933,False,"Carregado / Azambuja (events: 2022, 2026)"
3938,39.062436,-8.939167,20.514,False,"Carregado / Azambuja (events: 2022, 2026)"
3939,39.062645,-8.939061,20.419,False,"Carregado / Azambuja (events: 2022, 2026)"
3940,39.062855,-8.938955,21.089,False,"Carregado / Azambuja (events: 2022, 2026)"
3941,39.063064,-8.938849,21.564,False,"Carregado / Azambuja (events: 2022, 2026)"
3942,39.063273,-8.938743,22.521,False,"Carregado / Azambuja (events: 2022, 2026)"
3943,39.063482,-8.938637,23.967,False,"Carregado / Azambuja (events: 2022, 2026)"
3944,39.063691,-8.93853,26.55,False,"Carregado / Azambuja (events: 2022, 2026)"
3945,39.0639,-8.938424,29.676,False,"Carregado / Azambuja (events: 2022, 2026)"
3946,39.064109,-8.938318,32.587,False,"Carregado / Azambuja (events: 2022, 2026)"
3947,39.064319,-8.938212,35.109,False,"Carregado / Azambuja (events: 2022, 2026)"
3948,39.064528,-8.938106,36.995,False,"Carregado / Azambuja (events: 2022, 2026)"
3949,39.064737,-8.937999,38.336,False,"Carregado / Azambuja (events: 2022, 2026)"
3950,39.064946,-8.937893,39.361,False,"Carregado / Azambuja (events: 2022, 2026)"
3951,39.065155,-8.937787,40.102,False,"Carregado / Azambuja (events: 2022, 2026)"
3952,39.065364,-8.937681,40.717,False,"Carregado / Azambuja (events: 2022, 2026)"
3953,39.065573,-8.937575,40.372,False,"Carregado / Azambuja (events: 2022, 2026)"
3954,39.065783,-8.937468,39.04,False,"Carregado / Azambuja (events: 2022, 2026)"
3955,39.065992,-8.937362,36.87,False,"Carregado / Azambuja (events: 2022, 2026)"
3956,39.066201,-8.937256,34.647,False,"Carregado / Azambuja (events: 2022, 2026)"
3957,39.06641,-8.93715,31.979,False,"Carregado / Azambuja (events: 2022, 2026)"
3958,39.066619,-8.937044,28.799,False,"Carregado / Azambuja (events: 2022, 2026)"
3959,39.066828,-8.936938,25.431,False,"Carregado / Azambuja (events: 2022, 2026)"
3960,39.067037,-8.936831,22.483,False,"Carregado / Azambuja (events: 2022, 2026)"
3961,39.067247,-8.936725,20.55,False,"Carregado / Azambuja (events: 2022, 2026)"
3962,39.067456,-8.936619,20.27,False,"Carregado / Azambuja (events: 2022, 2026)"
3963,39.067665,-8.936513,20.632,False,"Carregado / Azambuja (events: 2022, 2026)"
3964,39.067874,-8.936407,21.642,False,"Carregado / Azambuja (events: 2022, 2026)"
3965,39.068083,-8.9363,23.063,False,"Carregado / Azambuja (events: 2022, 2026)"
3966,39.068292,-8.936194,24.608,False,"Carregado / Azambuja (events: 2022, 2026)"
3967,39.068501,-8.936088,25.974,False,"Carregado / Azambuja (events: 2022, 2026)"
3968,39.068711,-8.935982,27.13,False,"Carregado / Azambuja (events: 2022, 2026)"
3969,39.06892,-8.935876,28.153,False,"Carregado / Azambuja (events: 2022, 2026)"
3970,39.069129,-8.935769,28.581,False,"Carregado / Azambuja (events: 2022, 2026)"
3971,39.069338,-8.935663,28.588,False,"Carregado / Azambuja (events: 2022, 2026)"
3972,39.069547,-8.935557,28.855,False,"Carregado / Azambuja (events: 2022, 2026)"
3973,39.069756,-8.935451,28.743,False,"Carregado / Azambuja (events: 2022, 2026)"
3974,39.069965,-8.935345,28.332,False,"Carregado / Azambuja (events: 2022, 2026)"
3975,39.070175,-8.935239,28.143,False,"Carregado / Azambuja (events: 2022, 2026)"
3976,39.070384,-8.935132,28.278,False,"Carregado / Azambuja (events: 2022, 2026)"
3977,39.070593,-8.935026,27.796,False,"Carregado / Azambuja (events: 2022, 2026)"
3978,39.070802,-8.93492,26.92,False,"Carregado / Azambuja (events: 2022, 2026)"
3979,39.071011,-8.934814,25.994,False,"Carregado / Azambuja (events: 2022, 2026)"
3980,39.07122,-8.934708,24.947,False,"Carregado / Azambuja (events: 2022, 2026)"
3981,39.071429,-8.934601,23.405,False,"Carregado / Azambuja (events: 2022, 2026)"
3982,39.071638,-8.934495,21.337,False,"Carregado / Azambuja (events: 2022, 2026)"
3983,39.071848,-8.934389,19.238,False,"Carregado / Azambuja (events: 2022, 2026)"
3984,39.072057,-8.934283,17.005,False,"Carregado / Azambuja (events: 2022, 2026)"
3985,39.072266,-8.934177,15.671,False,"Carregado / Azambuja (events: 2022, 2026)"
3986,39.072475,-8.93407,14.556,False,"Carregado / Azambuja (events: 2022, 2026)"
3987,39.072684,-8.933964,13.797,False,"Carregado / Azambuja (events: 2022, 2026)"
3988,39.072893,-8.933858,13.241,False,"Carregado / Azambuja (events: 2022, 2026)"
3989,39.073102,-8.933752,12.753,False,"Carregado / Azambuja (events: 2022, 2026)"
3990,39.073312,-8.933646,12.965,False,"Carregado / Azambuja (events: 2022, 2026)"
3991,39.073521,-8.93354,13.427,False,"Carregado / Azambuja (events: 2022, 2026)"
3992,39.07373,-8.933433,13.774,False,"Carregado / Azambuja (events: 2022, 2026)"
3993,39.073939,-8.933327,13.662,False,"Carregado / Azambuja (events: 2022, 2026)"
3994,39.074067,-8.933251,13.916,False,"Carregado / Azambuja (events: 2022, 2026)"
3995,39.073898,-8.933219,13.995,False,"Carregado / Azambuja (events: 2022, 2026)"
3996,39.074018,-8.933062,14.496,False,"Carregado / Azambuja (events: 2022, 2026)"
3997,39.073951,-8.933219,13.739,False,"Carregado / Azambuja (events: 2022, 2026)"
3998,39.073756,-8.933335,14.113,False,"Carregado / Azambuja (events: 2022, 2026)"
3999,39.073537,-8.933399,14.146,False,"Carregado / Azambuja (events: 2022, 2026)"
4000,39.07332,-8.933472,14.159,False,"Carregado / Azambuja (events: 2022, 2026)"
4001,39.073105,-8.93356,14.251,False,"Carregado / Azambuja (events: 2022, 2026)"
4002,39.072891,-8.933648,14.925,False,"Carregado / Azambuja (events: 2022, 2026)"
4003,39.072677,-8.933736,15.687,False,"Carregado / Azambuja (events: 2022, 2026)"
4004,39.072463,-8.933824,16.603,False,"Carregado / Azambuja (events: 2022, 2026)"
4005,39.072254,-8.93393,17.822,False,"Carregado / Azambuja (events: 2022, 2026)"
4006,39.072049,-8.934049,19.355,False,"Carregado / Azambuja (events: 2022, 2026)"
4007,39.071844,-8.934168,21.359,False,"Carregado / Azambuja (events: 2022, 2026)"
4008,39.071639,-8.934287,23.907,False,"Carregado / Azambuja (events: 2022, 2026)"
4009,39.071434,-8.934406,25.61,False,"Carregado / Azambuja (events: 2022, 2026)"
4010,39.071233,-8.934534,26.95,False,"Carregado / Azambuja (events: 2022, 2026)"
4011,39.071042,-8.934688,27.214,False,"Carregado / Azambuja (events: 2022, 2026)"
4012,39.070852,-8.934842,27.282,False,"Carregado / Azambuja (events: 2022, 2026)"
4013,39.070662,-8.934996,27.38,False,"Carregado / Azambuja (events: 2022, 2026)"
4014,39.070476,-8.935159,27.363,False,"Carregado / Azambuja (events: 2022, 2026)"
4015,39.070296,-8.935333,27.03,False,"Carregado / Azambuja (events: 2022, 2026)"
4016,39.070116,-8.935507,26.269,False,"Carregado / Azambuja (events: 2022, 2026)"
4017,39.069937,-8.935681,25.898,False,"Carregado / Azambuja (events: 2022, 2026)"
4018,39.069764,-8.935866,25.526,False,"Carregado / Azambuja (events: 2022, 2026)"
4019,39.069597,-8.93606,25.042,False,"Carregado / Azambuja (events: 2022, 2026)"
4020,39.069431,-8.936255,24.367,False,"Carregado / Azambuja (events: 2022, 2026)"
4021,39.069264,-8.936449,22.671,False,"Carregado / Azambuja (events: 2022, 2026)"
4022,39.069097,-8.936643,20.524,False,"Carregado / Azambuja (events: 2022, 2026)"
4023,39.06893,-8.936837,18.411,False,"Carregado / Azambuja (events: 2022, 2026)"
4024,39.068762,-8.937029,16.8,False,"Carregado / Azambuja (events: 2022, 2026)"
4025,39.068594,-8.937221,15.654,False,"Carregado / Azambuja (events: 2022, 2026)"
4026,39.068425,-8.937413,14.682,False,"Carregado / Azambuja (events: 2022, 2026)"
4027,39.068257,-8.937606,13.616,False,"Carregado / Azambuja (events: 2022, 2026)"
4028,39.068079,-8.937781,13.434,False,"Carregado / Azambuja (events: 2022, 2026)"
4029,39.067895,-8.937947,13.68,False,"Carregado / Azambuja (events: 2022, 2026)"
4030,39.06771,-8.938113,14.131,False,"Carregado / Azambuja (events: 2022, 2026)"
4031,39.067526,-8.938279,14.248,False,"Carregado / Azambuja (events: 2022, 2026)"
4032,39.067342,-8.938445,14.948,False,"Carregado / Azambuja (events: 2022, 2026)"
4033,39.067147,-8.938588,15.747,False,"Carregado / Azambuja (events: 2022, 2026)"
4034,39.066948,-8.938723,16.519,False,"Carregado / Azambuja (events: 2022, 2026)"
4035,39.066749,-8.938858,17.627,False,"Carregado / Azambuja (events: 2022, 2026)"
4036,39.06655,-8.938993,19.329,False,"Carregado / Azambuja (events: 2022, 2026)"
4037,39.066351,-8.939127,20.174,False,"Carregado / Azambuja (events: 2022, 2026)"
4038,39.066144,-8.939239,21.016,False,"Carregado / Azambuja (events: 2022, 2026)"
4039,39.065934,-8.939341,21.552,False,"Carregado / Azambuja (events: 2022, 2026)"
4040,39.065723,-8.939443,22.425,False,"Carregado / Azambuja (events: 2022, 2026)"
4041,39.065513,-8.939546,24.05,False,"Carregado / Azambuja (events: 2022, 2026)"
4042,39.065299,-8.939634,25.046,False,"Carregado / Azambuja (events: 2022, 2026)"
4043,39.065083,-8.939713,24.544,False,"Carregado / Azambuja (events: 2022, 2026)"
4044,39.064866,-8.939792,23.608,False,"Carregado / Azambuja (events: 2022, 2026)"
4045,39.06465,-8.939871,22.788,False,"Carregado / Azambuja (events: 2022, 2026)"
4046,39.064434,-8.939949,22.076,False,"Carregado / Azambuja (events: 2022, 2026)"
4047,39.064217,-8.940028,21.105,False,"Carregado / Azambuja (events: 2022, 2026)"
4048,39.064001,-8.940107,19.161,False,"Carregado / Azambuja (events: 2022, 2026)"
4049,39.063785,-8.940185,16.443,False,"Carregado / Azambuja (events: 2022, 2026)"
4050,39.063568,-8.940263,14.257,False,"Carregado / Azambuja (events: 2022, 2026)"
4051,39.063352,-8.940341,12.649,False,"Carregado / Azambuja (events: 2022, 2026)"
4052,39.063135,-8.940419,11.645,False,"Carregado / Azambuja (events: 2022, 2026)"
4053,39.062918,-8.940497,10.78,False,"Carregado / Azambuja (events: 2022, 2026)"
4054,39.062702,-8.940575,10.395,False,"Carregado / Azambuja (events: 2022, 2026)"
4055,39.062485,-8.940653,10.288,False,"Carregado / Azambuja (events: 2022, 2026)"
4056,39.062269,-8.940732,10.515,False,"Carregado / Azambuja (events: 2022, 2026)"
4057,39.062052,-8.94081,10.766,False,"Carregado / Azambuja (events: 2022, 2026)"
4058,39.061836,-8.940888,11.067,False,"Carregado / Azambuja (events: 2022, 2026)"
4059,39.061619,-8.940966,12.231,False,"Carregado / Azambuja (events: 2022, 2026)"
4060,39.061403,-8.941044,13.35,False,"Carregado / Azambuja (events: 2022, 2026)"
4061,39.061185,-8.941114,14.478,False,"Carregado / Azambuja (events: 2022, 2026)"
4062,39.060966,-8.941182,14.675,False,"Carregado / Azambuja (events: 2022, 2026)"
4063,39.060748,-8.941249,14.175,False,"Carregado / Azambuja (events: 2022, 2026)"
4064,39.060529,-8.941316,13.349,False,"Carregado / Azambuja (events: 2022, 2026)"
4065,39.060308,-8.941373,12.162,False,"Carregado / Azambuja (events: 2022, 2026)"
4066,39.060087,-8.941422,11.205,False,"Carregado / Azambuja (events: 2022, 2026)"
4067,39.059865,-8.941472,10.7,False,"Carregado / Azambuja (events: 2022, 2026)"
4068,39.059644,-8.941521,10.966,False,"Carregado / Azambuja (events: 2022, 2026)"
4069,39.059422,-8.941571,11.409,False,"Carregado / Azambuja (events: 2022, 2026)"
4070,39.059199,-8.941601,12.141,False,"Carregado / Azambuja (events: 2022, 2026)"
4071,39.058975,-8.941625,12.468,False,"Carregado / Azambuja (events: 2022, 2026)"
4072,39.058751,-8.941648,12.506,False,"Carregado / Azambuja (events: 2022, 2026)"
4073,39.058527,-8.941672,12.568,False,"Carregado / Azambuja (events: 2022, 2026)"
4074,39.058303,-8.941695,12.565,False,"Carregado / Azambuja (events: 2022, 2026)"
4075,39.058079,-8.941719,12.721,False,"Carregado / Azambuja (events: 2022, 2026)"
4076,39.057854,-8.941743,13.004,False,"Carregado / Azambuja (events: 2022, 2026)"
4077,39.05763,-8.941766,13.31,False,"Carregado / Azambuja (events: 2022, 2026)"
4078,39.057406,-8.941788,14.25,False,"Carregado / Azambuja (events: 2022, 2026)"
4079,39.057182,-8.94181,14.821,False,"Carregado / Azambuja (events: 2022, 2026)"
4080,39.056958,-8.941831,14.65,False,"Carregado / Azambuja (events: 2022, 2026)"
4081,39.056734,-8.941853,14.136,False,"Carregado / Azambuja (events: 2022, 2026)"
4082,39.05651,-8.941879,13.78,False,"Carregado / Azambuja (events: 2022, 2026)"
4083,39.056288,-8.941923,13.32,False,"Carregado / Azambuja (events: 2022, 2026)"
4084,39.056065,-8.941968,12.882,False,"Carregado / Azambuja (events: 2022, 2026)"
4085,39.055843,-8.942012,12.472,False,"Carregado / Azambuja (events: 2022, 2026)"
4086,39.055623,-8.942072,12.019,False,"Carregado / Azambuja (events: 2022, 2026)"
4087,39.055405,-8.942139,11.451,False,"Carregado / Azambuja (events: 2022, 2026)"
4088,39.055186,-8.942205,10.866,False,"Carregado / Azambuja (events: 2022, 2026)"
4089,39.054967,-8.942272,10.677,False,"Carregado / Azambuja (events: 2022, 2026)"
4090,39.054749,-8.942341,11.43,False,"Carregado / Azambuja (events: 2022, 2026)"
4091,39.054539,-8.942444,12.79,False,"Carregado / Azambuja (events: 2022, 2026)"
4092,39.054329,-8.942547,14.351,False,"Carregado / Azambuja (events: 2022, 2026)"
4093,39.054119,-8.942651,15.558,False,"Carregado / Azambuja (events: 2022, 2026)"
4094,39.053909,-8.942754,16.343,False,"Carregado / Azambuja (events: 2022, 2026)"
4095,39.053706,-8.94288,16.881,False,"Carregado / Azambuja (events: 2022, 2026)"
4096,39.053505,-8.943008,17.091,False,"Carregado / Azambuja (events: 2022, 2026)"
4097,39.053303,-8.943136,16.655,False,"Carregado / Azambuja (events: 2022, 2026)"
4098,39.053101,-8.943263,15.794,False,"Carregado / Azambuja (events: 2022, 2026)"
4099,39.052908,-8.94341,14.808,False,"Carregado / Azambuja (events: 2022, 2026)"
4100,39.052718,-8.943565,14.318,False,"Carregado / Azambuja (events: 2022, 2026)"
4101,39.052528,-8.94372,14.389,False,"Carregado / Azambuja (events: 2022, 2026)"
4102,39.052338,-8.943874,15.001,False,"Carregado / Azambuja (events: 2022, 2026)"
4103,39.052147,-8.944029,15.997,False,"Carregado / Azambuja (events: 2022, 2026)"
4104,39.051965,-8.944198,17.829,False,"Carregado / Azambuja (events: 2022, 2026)"
4105,39.051784,-8.94437,19.766,False,"Carregado / Azambuja (events: 2022, 2026)"
4106,39.051603,-8.944542,21.286,False,"Carregado / Azambuja (events: 2022, 2026)"
4107,39.051423,-8.944714,22.113,False,"Carregado / Azambuja (events: 2022, 2026)"
4108,39.051242,-8.944886,21.807,False,"Carregado / Azambuja (events: 2022, 2026)"
4109,39.051061,-8.945058,21.464,False,"Carregado / Azambuja (events: 2022, 2026)"
4110,39.050881,-8.945233,20.521,False,"Carregado / Azambuja (events: 2022, 2026)"
4111,39.050702,-8.945407,18.757,False,"Carregado / Azambuja (events: 2022, 2026)"
4112,39.050523,-8.945582,16.482,False,"Carregado / Azambuja (events: 2022, 2026)"
4113,39.050343,-8.945756,13.801,False,"Carregado / Azambuja (events: 2022, 2026)"
4114,39.050164,-8.94593,11.18,False,"Carregado / Azambuja (events: 2022, 2026)"
4115,39.050246,-8.945911,11.645,False,"Carregado / Azambuja (events: 2022, 2026)"
4116,39.050454,-8.945799,13.403,False,"Carregado / Azambuja (events: 2022, 2026)"
4117,39.050661,-8.945687,15.206,False,"Carregado / Azambuja (events: 2022, 2026)"
4118,39.050868,-8.945575,17.163,False,"Carregado / Azambuja (events: 2022, 2026)"
4119,39.051076,-8.945463,19.125,False,"Carregado / Azambuja (events: 2022, 2026)"
4120,39.051283,-8.945351,20.069,False,"Carregado / Azambuja (events: 2022, 2026)"
4121,39.05149,-8.945239,20.866,False,"Carregado / Azambuja (events: 2022, 2026)"
4122,39.051698,-8.945127,20.303,False,"Carregado / Azambuja (events: 2022, 2026)"
4123,39.051905,-8.945015,18.315,False,"Carregado / Azambuja (events: 2022, 2026)"
4124,39.052112,-8.944903,15.566,False,"Carregado / Azambuja (events: 2022, 2026)"
4125,39.05232,-8.944791,12.922,False,"Carregado / Azambuja (events: 2022, 2026)"
4126,39.052527,-8.944679,10.759,False,"Carregado / Azambuja (events: 2022, 2026)"
4127,39.052734,-8.944567,9.372,False,"Carregado / Azambuja (events: 2022, 2026)"
4128,39.052942,-8.944455,8.667,False,"Carregado / Azambuja (events: 2022, 2026)"
4129,39.053149,-8.944343,7.635,False,"Carregado / Azambuja (events: 2022, 2026)"
4130,39.053356,-8.944231,6.985,False,"Carregado / Azambuja (events: 2022, 2026)"
4131,39.053564,-8.944119,6.592,False,"Carregado / Azambuja (events: 2022, 2026)"
4132,39.053771,-8.944007,6.78,False,"Carregado / Azambuja (events: 2022, 2026)"
4133,39.053979,-8.943896,7.052,False,"Carregado / Azambuja (events: 2022, 2026)"
4134,39.054186,-8.943784,7.624,False,"Carregado / Azambuja (events: 2022, 2026)"
4135,39.054393,-8.943672,8.249,False,"Carregado / Azambuja (events: 2022, 2026)"
4136,39.054601,-8.94356,8.737,False,"Carregado / Azambuja (events: 2022, 2026)"
4137,39.054808,-8.943448,8.961,False,"Carregado / Azambuja (events: 2022, 2026)"
4138,39.055015,-8.943336,9.102,False,"Carregado / Azambuja (events: 2022, 2026)"
4139,39.055223,-8.943224,9.511,False,"Carregado / Azambuja (events: 2022, 2026)"
4140,39.05543,-8.943112,9.955,False,"Carregado / Azambuja (events: 2022, 2026)"
4141,39.055637,-8.943,10.229,False,"Carregado / Azambuja (events: 2022, 2026)"
4142,39.055845,-8.942888,10.047,False,"Carregado / Azambuja (events: 2022, 2026)"
4143,39.056052,-8.942776,9.577,False,"Carregado / Azambuja (events: 2022, 2026)"
4144,39.056259,-8.942664,9.634,False,"Carregado / Azambuja (events: 2022, 2026)"
4145,39.056467,-8.942552,9.951,False,"Carregado / Azambuja (events: 2022, 2026)"
4146,39.056674,-8.94244,10.093,False,"Carregado / Azambuja (events: 2022, 2026)"
4147,39.056881,-8.942328,10.403,False,"Carregado / Azambuja (events: 2022, 2026)"
4148,39.057089,-8.942216,11.076,False,"Carregado / Azambuja (events: 2022, 2026)"
4149,39.057296,-8.942104,11.849,False,"Carregado / Azambuja (events: 2022, 2026)"
4150,39.057503,-8.941992,12.258,False,"Carregado / Azambuja (events: 2022, 2026)"
4151,39.057711,-8.94188,12.433,False,"Carregado / Azambuja (events: 2022, 2026)"
4152,39.057918,-8.941768,12.704,False,"Carregado / Azambuja (events: 2022, 2026)"
4153,39.058125,-8.941656,12.855,False,"Carregado / Azambuja (events: 2022, 2026)"
4154,39.058333,-8.941544,13.013,False,"Carregado / Azambuja (events: 2022, 2026)"
4155,39.05854,-8.941432,12.735,False,"Carregado / Azambuja (events: 2022, 2026)"
4156,39.058747,-8.941321,12.639,False,"Carregado / Azambuja (events: 2022, 2026)"
4157,39.058955,-8.941209,12.489,False,"Carregado / Azambuja (events: 2022, 2026)"
4158,39.059162,-8.941097,12.478,False,"Carregado / Azambuja (events: 2022, 2026)"
4159,39.05937,-8.940985,12.958,False,"Carregado / Azambuja (events: 2022, 2026)"
4160,39.059577,-8.940873,13.54,False,"Carregado / Azambuja (events: 2022, 2026)"
4161,39.059784,-8.940761,14.045,False,"Carregado / Azambuja (events: 2022, 2026)"
4162,39.059992,-8.940649,14.866,False,"Carregado / Azambuja (events: 2022, 2026)"
4163,39.060199,-8.940537,16.422,False,"Carregado / Azambuja (events: 2022, 2026)"
4164,39.060406,-8.940425,18.201,False,"Carregado / Azambuja (events: 2022, 2026)"
4165,39.060614,-8.940313,20.367,False,"Carregado / Azambuja (events: 2022, 2026)"
4166,39.060821,-8.940201,22.132,False,"Carregado / Azambuja (events: 2022, 2026)"
4167,39.061028,-8.940089,23.266,False,"Carregado / Azambuja (events: 2022, 2026)"
4168,39.061236,-8.939977,23.945,False,"Carregado / Azambuja (events: 2022, 2026)"
4169,39.061443,-8.939865,24.077,False,"Carregado / Azambuja (events: 2022, 2026)"
4170,39.06165,-8.939753,23.557,False,"Carregado / Azambuja (events: 2022, 2026)"
4171,39.061858,-8.939641,22.411,False,"Carregado / Azambuja (events: 2022, 2026)"
4172,39.062065,-8.939529,20.669,False,"Carregado / Azambuja (events: 2022, 2026)"
4173,39.062272,-8.939417,19.794,False,"Carregado / Azambuja (events: 2022, 2026)"
4174,39.06248,-8.939305,18.941,False,"Carregado / Azambuja (events: 2022, 2026)"
4175,39.062687,-8.939193,18.928,False,"Carregado / Azambuja (events: 2022, 2026)"
4176,39.062894,-8.939081,19.326,False,"Carregado / Azambuja (events: 2022, 2026)"
4177,39.063102,-8.938969,20.031,False,"Carregado / Azambuja (events: 2022, 2026)"
4178,39.063309,-8.938858,21.284,False,"Carregado / Azambuja (events: 2022, 2026)"
4179,39.063516,-8.938746,23.217,False,"Carregado / Azambuja (events: 2022, 2026)"
4180,39.063724,-8.938634,25.999,False,"Carregado / Azambuja (events: 2022, 2026)"
4181,39.063931,-8.938522,29.272,False,"Carregado / Azambuja (events: 2022, 2026)"
4182,39.064138,-8.93841,32.156,False,"Carregado / Azambuja (events: 2022, 2026)"
4183,39.064346,-8.938298,34.581,False,"Carregado / Azambuja (events: 2022, 2026)"
4184,39.064553,-8.938186,36.355,False,"Carregado / Azambuja (events: 2022, 2026)"
4185,39.06476,-8.938074,37.646,False,"Carregado / Azambuja (events: 2022, 2026)"
4186,39.064968,-8.937962,38.444,False,"Carregado / Azambuja (events: 2022, 2026)"
4187,39.065175,-8.93785,39.264,False,"Carregado / Azambuja (events: 2022, 2026)"
4188,39.065383,-8.937738,39.735,False,"Carregado / Azambuja (events: 2022, 2026)"
4189,39.06559,-8.937626,39.364,False,"Carregado / Azambuja (events: 2022, 2026)"
4190,39.065797,-8.937514,37.98,False,"Carregado / Azambuja (events: 2022, 2026)"
4191,39.066005,-8.937402,36.016,False,"Carregado / Azambuja (events: 2022, 2026)"
4192,39.066212,-8.93729,33.933,False,"Carregado / Azambuja (events: 2022, 2026)"
4193,39.066419,-8.937178,31.461,False,"Carregado / Azambuja (events: 2022, 2026)"
4194,39.066627,-8.937066,28.407,False,"Carregado / Azambuja (events: 2022, 2026)"
4195,39.066834,-8.936954,25.181,False,"Carregado / Azambuja (events: 2022, 2026)"
4196,39.067041,-8.936842,22.366,False,"Carregado / Azambuja (events: 2022, 2026)"
4197,39.067249,-8.93673,20.482,False,"Carregado / Azambuja (events: 2022, 2026)"
4198,39.067456,-8.936618,20.272,False,"Carregado / Azambuja (events: 2022, 2026)"
4199,39.067663,-8.936506,20.666,False,"Carregado / Azambuja (events: 2022, 2026)"
4200,39.067871,-8.936394,21.666,False,"Carregado / Azambuja (events: 2022, 2026)"
4201,39.068078,-8.936283,23.077,False,"Carregado / Azambuja (events: 2022, 2026)"
4202,39.068285,-8.936171,24.604,False,"Carregado / Azambuja (events: 2022, 2026)"
4203,39.068493,-8.936059,25.996,False,"Carregado / Azambuja (events: 2022, 2026)"
4204,39.0687,-8.935947,27.183,False,"Carregado / Azambuja (events: 2022, 2026)"
4205,39.068907,-8.935835,28.288,False,"Carregado / Azambuja (events: 2022, 2026)"
4206,39.069115,-8.935723,28.75,False,"Carregado / Azambuja (events: 2022, 2026)"
4207,39.069322,-8.935611,28.825,False,"Carregado / Azambuja (events: 2022, 2026)"
4208,39.069529,-8.935499,29.155,False,"Carregado / Azambuja (events: 2022, 2026)"
4209,39.069737,-8.935387,29.056,False,"Carregado / Azambuja (events: 2022, 2026)"
4210,39.069944,-8.935275,28.802,False,"Carregado / Azambuja (events: 2022, 2026)"
4211,39.070151,-8.935163,28.59,False,"Carregado / Azambuja (events: 2022, 2026)"
4212,39.070359,-8.935051,29.018,False,"Carregado / Azambuja (events: 2022, 2026)"
4213,39.070566,-8.934939,28.565,False,"Carregado / Azambuja (events: 2022, 2026)"
4214,39.070773,-8.934827,27.972,False,"Carregado / Azambuja (events: 2022, 2026)"
4215,39.070981,-8.934715,27.461,False,"Carregado / Azambuja (events: 2022, 2026)"
4216,39.071188,-8.934603,26.67,False,"Carregado / Azambuja (events: 2022, 2026)"
4217,39.071396,-8.934491,25.51,False,"Carregado / Azambuja (events: 2022, 2026)"
4218,39.071603,-8.934379,23.318,False,"Carregado / Azambuja (events: 2022, 2026)"
4219,39.07181,-8.934267,21.224,False,"Carregado / Azambuja (events: 2022, 2026)"
4220,39.072018,-8.934155,18.907,False,"Carregado / Azambuja (events: 2022, 2026)"
4221,39.072225,-8.934043,17.259,False,"Carregado / Azambuja (events: 2022, 2026)"
4222,39.072432,-8.933931,16.264,False,"Carregado / Azambuja (events: 2022, 2026)"
4223,39.07264,-8.93382,15.304,False,"Carregado / Azambuja (events: 2022, 2026)"
4224,39.072847,-8.933708,14.894,False,"Carregado / Azambuja (events: 2022, 2026)"
4225,39.073054,-8.933596,14.243,False,"Carregado / Azambuja (events: 2022, 2026)"
4226,39.073262,-8.933484,14.233,False,"Carregado / Azambuja (events: 2022, 2026)"
4227,39.073469,-8.933372,14.376,False,"Carregado / Azambuja (events: 2022, 2026)"
4228,39.073676,-8.93326,14.553,False,"Carregado / Azambuja (events: 2022, 2026)"
4229,39.073884,-8.933148,14.253,False,"Carregado / Azambuja (events: 2022, 2026)"
4230,39.074093,-8.933045,14.748,False,"Carregado / Azambuja (events: 2022, 2026)"
4231,39.074316,-8.933007,14.975,False,"Carregado / Azambuja (events: 2022, 2026)"
4232,39.074539,-8.93297,14.974,False,"Carregado / Azambuja (events: 2022, 2026)"
4233,39.074762,-8.932935,14.788,False,"Carregado / Azambuja (events: 2022, 2026)"
4234,39.074986,-8.93291,14.372,False,"Carregado / Azambuja (events: 2022, 2026)"
4235,39.07521,-8.932885,13.783,False,"Carregado / Azambuja (events: 2022, 2026)"
4236,39.075434,-8.932861,12.873,False,"Carregado / Azambuja (events: 2022, 2026)"
4237,39.075658,-8.932836,12.252,False,"Carregado / Azambuja (events: 2022, 2026)"
4238,39.075882,-8.932811,12.77,False,"Carregado / Azambuja (events: 2022, 2026)"
4239,39.076106,-8.932787,13.632,False,"Carregado / Azambuja (events: 2022, 2026)"
4240,39.07633,-8.932762,14.273,False,"Carregado / Azambuja (events: 2022, 2026)"
4241,39.076554,-8.932737,14.543,False,"Carregado / Azambuja (events: 2022, 2026)"
4242,39.076778,-8.932713,14.569,False,"Carregado / Azambuja (events: 2022, 2026)"
4243,39.077002,-8.932688,14.369,False,"Carregado / Azambuja (events: 2022, 2026)"
4244,39.077226,-8.932659,14.137,False,"Carregado / Azambuja (events: 2022, 2026)"
4245,39.077449,-8.93263,13.983,False,"Carregado / Azambuja (events: 2022, 2026)"
4246,39.077673,-8.932601,13.821,False,"Carregado / Azambuja (events: 2022, 2026)"
4247,39.077897,-8.932572,13.556,False,"Carregado / Azambuja (events: 2022, 2026)"
4248,39.07812,-8.932543,13.803,False,"Carregado / Azambuja (events: 2022, 2026)"
4249,39.078344,-8.932514,14.497,False,"Carregado / Azambuja (events: 2022, 2026)"
4250,39.078568,-8.932485,15.403,False,"Carregado / Azambuja (events: 2022, 2026)"
4251,39.078792,-8.932455,16.532,False,"Carregado / Azambuja (events: 2022, 2026)"
4252,39.079014,-8.932418,17.06,False,"Carregado / Azambuja (events: 2022, 2026)"
4253,39.079236,-8.932368,16.997,False,"Carregado / Azambuja (events: 2022, 2026)"
4254,39.079457,-8.932319,17.344,False,"Carregado / Azambuja (events: 2022, 2026)"
4255,39.079679,-8.93227,17.86,False,"Carregado / Azambuja (events: 2022, 2026)"
4256,39.079901,-8.932221,18.357,False,"Carregado / Azambuja (events: 2022, 2026)"
4257,39.080122,-8.932172,19.106,False,"Carregado / Azambuja (events: 2022, 2026)"
4258,39.080343,-8.932117,19.535,False,"Carregado / Azambuja (events: 2022, 2026)"
4259,39.080562,-8.932053,19.878,False,"Carregado / Azambuja (events: 2022, 2026)"
4260,39.080781,-8.931989,20.105,False,"Carregado / Azambuja (events: 2022, 2026)"
4261,39.081001,-8.931926,20.509,False,"Carregado / Azambuja (events: 2022, 2026)"
4262,39.08122,-8.931862,20.955,False,"Carregado / Azambuja (events: 2022, 2026)"
4263,39.081439,-8.931798,21.609,False,"Carregado / Azambuja (events: 2022, 2026)"
4264,39.081659,-8.931735,22.507,False,"Carregado / Azambuja (events: 2022, 2026)"
4265,39.081876,-8.93166,23.246,False,"Carregado / Azambuja (events: 2022, 2026)"
4266,39.082093,-8.931586,24.232,False,"Carregado / Azambuja (events: 2022, 2026)"
4267,39.082311,-8.931511,24.946,False,"Carregado / Azambuja (events: 2022, 2026)"
4268,39.082528,-8.931437,25.836,False,"Carregado / Azambuja (events: 2022, 2026)"
4269,39.082745,-8.931362,26.606,False,"Carregado / Azambuja (events: 2022, 2026)"
4270,39.082962,-8.931284,27.219,False,"Carregado / Azambuja (events: 2022, 2026)"
4271,39.083177,-8.931203,27.873,False,"Carregado / Azambuja (events: 2022, 2026)"
4272,39.083393,-8.931122,28.682,False,"Carregado / Azambuja (events: 2022, 2026)"
4273,39.083609,-8.93104,29.116,False,"Carregado / Azambuja (events: 2022, 2026)"
4274,39.083825,-8.930959,29.832,False,"Carregado / Azambuja (events: 2022, 2026)"
4275,39.084041,-8.930878,30.22,False,"Carregado / Azambuja (events: 2022, 2026)"
4276,39.084256,-8.930796,30.519,False,"Carregado / Azambuja (events: 2022, 2026)"
4277,39.084472,-8.930715,30.279,False,"Carregado / Azambuja (events: 2022, 2026)"
4278,39.084687,-8.930631,29.255,False,"Carregado / Azambuja (events: 2022, 2026)"
4279,39.084902,-8.930547,29.715,False,"Carregado / Azambuja (events: 2022, 2026)"
4280,39.085118,-8.930463,29.941,False,"Carregado / Azambuja (events: 2022, 2026)"
4281,39.085333,-8.930378,30.727,False,"Carregado / Azambuja (events: 2022, 2026)"
4282,39.085548,-8.930294,31.482,False,"Carregado / Azambuja (events: 2022, 2026)"
4283,39.085763,-8.93021,31.713,False,"Carregado / Azambuja (events: 2022, 2026)"
4284,39.085979,-8.93013,30.694,False,"Carregado / Azambuja (events: 2022, 2026)"
4285,39.086196,-8.930057,28.862,False,"Carregado / Azambuja (events: 2022, 2026)"
4286,39.086414,-8.929983,27.387,False,"Carregado / Azambuja (events: 2022, 2026)"
4287,39.086631,-8.929909,26.595,False,"Carregado / Azambuja (events: 2022, 2026)"
4288,39.086849,-8.929835,25.982,False,"Carregado / Azambuja (events: 2022, 2026)"
4289,39.087072,-8.929798,25.153,False,"Carregado / Azambuja (events: 2022, 2026)"
4290,39.087295,-8.929765,24.636,False,"Carregado / Azambuja (events: 2022, 2026)"
4291,39.087518,-8.929733,24.418,False,"Carregado / Azambuja (events: 2022, 2026)"
4292,39.087742,-8.9297,24.483,False,"Carregado / Azambuja (events: 2022, 2026)"
4293,39.087966,-8.92968,24.995,False,"Carregado / Azambuja (events: 2022, 2026)"
4294,39.08819,-8.929679,24.839,False,"Carregado / Azambuja (events: 2022, 2026)"
4295,39.088415,-8.929677,24.422,False,"Carregado / Azambuja (events: 2022, 2026)"
4296,39.08864,-8.929676,24.006,False,"Carregado / Azambuja (events: 2022, 2026)"
4297,39.088865,-8.929674,23.688,False,"Carregado / Azambuja (events: 2022, 2026)"
4298,39.08909,-8.929678,23.741,False,"Carregado / Azambuja (events: 2022, 2026)"
4299,39.089313,-8.929708,24.171,False,"Carregado / Azambuja (events: 2022, 2026)"
4300,39.089537,-8.929738,24.332,False,"Carregado / Azambuja (events: 2022, 2026)"
4301,39.08976,-8.929768,24.662,False,"Carregado / Azambuja (events: 2022, 2026)"
4302,39.089984,-8.9298,25.07,False,"Carregado / Azambuja (events: 2022, 2026)"
4303,39.090204,-8.929857,25.199,False,"Carregado / Azambuja (events: 2022, 2026)"
4304,39.090425,-8.929914,25.045,False,"Carregado / Azambuja (events: 2022, 2026)"
4305,39.090645,-8.929971,25.335,False,"Carregado / Azambuja (events: 2022, 2026)"
4306,39.090865,-8.930028,25.679,False,"Carregado / Azambuja (events: 2022, 2026)"
4307,39.091084,-8.930095,26.083,False,"Carregado / Azambuja (events: 2022, 2026)"
4308,39.091296,-8.930193,26.427,False,"Carregado / Azambuja (events: 2022, 2026)"
4309,39.091507,-8.93029,27.048,False,"Carregado / Azambuja (events: 2022, 2026)"
4310,39.091719,-8.930387,28.141,False,"Carregado / Azambuja (events: 2022, 2026)"
4311,39.091931,-8.930485,29.91,False,"Carregado / Azambuja (events: 2022, 2026)"
4312,39.092139,-8.930594,31.863,False,"Carregado / Azambuja (events: 2022, 2026)"
4313,39.09234,-8.930723,33.2,False,"Carregado / Azambuja (events: 2022, 2026)"
4314,39.092541,-8.930851,34.612,False,"Carregado / Azambuja (events: 2022, 2026)"
4315,39.092743,-8.93098,36.379,False,"Carregado / Azambuja (events: 2022, 2026)"
4316,39.092944,-8.93111,37.78,False,"Carregado / Azambuja (events: 2022, 2026)"
4317,39.093144,-8.931242,38.548,False,"Carregado / Azambuja (events: 2022, 2026)"
4318,39.093344,-8.931374,38.348,False,"Carregado / Azambuja (events: 2022, 2026)"
4319,39.093544,-8.931506,37.811,False,"Carregado / Azambuja (events: 2022, 2026)"
4320,39.093744,-8.931638,36.232,False,"Carregado / Azambuja (events: 2022, 2026)"
4321,39.093944,-8.93177,34.355,False,"Carregado / Azambuja (events: 2022, 2026)"
4322,39.094144,-8.931903,33.248,False,"Carregado / Azambuja (events: 2022, 2026)"
4323,39.094345,-8.932034,32.169,False,"Carregado / Azambuja (events: 2022, 2026)"
4324,39.094551,-8.93215,31.167,False,"Carregado / Azambuja (events: 2022, 2026)"
4325,39.094756,-8.932267,30.808,False,"Carregado / Azambuja (events: 2022, 2026)"
4326,39.094962,-8.932383,30.679,False,"Carregado / Azambuja (events: 2022, 2026)"
4327,39.095168,-8.9325,30.687,False,"Carregado / Azambuja (events: 2022, 2026)"
4328,39.095374,-8.932616,30.252,False,"Carregado / Azambuja (events: 2022, 2026)"
4329,39.095584,-8.932719,30.604,False,"Carregado / Azambuja (events: 2022, 2026)"
4330,39.095797,-8.932813,29.904,False,"Carregado / Azambuja (events: 2022, 2026)"
4331,39.096009,-8.932907,28.594,False,"Carregado / Azambuja (events: 2022, 2026)"
4332,39.096222,-8.933001,26.938,False,"Carregado / Azambuja (events: 2022, 2026)"
4333,39.096435,-8.933095,25.65,False,"Carregado / Azambuja (events: 2022, 2026)"
4334,39.09665,-8.933179,25.09,False,"Carregado / Azambuja (events: 2022, 2026)"
4335,39.096867,-8.933252,24.737,False,"Carregado / Azambuja (events: 2022, 2026)"
4336,39.097085,-8.933325,23.875,False,"Carregado / Azambuja (events: 2022, 2026)"
4337,39.097302,-8.933398,22.882,False,"Carregado / Azambuja (events: 2022, 2026)"
4338,39.09752,-8.933471,21.578,False,"Carregado / Azambuja (events: 2022, 2026)"
4339,39.097738,-8.933541,20.741,False,"Carregado / Azambuja (events: 2022, 2026)"
4340,39.097959,-8.933592,20.471,False,"Carregado / Azambuja (events: 2022, 2026)"
4341,39.098181,-8.933643,19.718,False,"Carregado / Azambuja (events: 2022, 2026)"
4342,39.098402,-8.933693,18.86,False,"Carregado / Azambuja (events: 2022, 2026)"
4343,39.098624,-8.933744,17.743,False,"Carregado / Azambuja (events: 2022, 2026)"
4344,39.098845,-8.933794,16.833,False,"Carregado / Azambuja (events: 2022, 2026)"
4345,39.099068,-8.933833,16.425,False,"Carregado / Azambuja (events: 2022, 2026)"
4346,39.099292,-8.933856,16.598,False,"Carregado / Azambuja (events: 2022, 2026)"
4347,39.099516,-8.93388,16.938,False,"Carregado / Azambuja (events: 2022, 2026)"
4348,39.09974,-8.933904,17.375,False,"Carregado / Azambuja (events: 2022, 2026)"
4349,39.099964,-8.933928,17.823,False,"Carregado / Azambuja (events: 2022, 2026)"
4350,39.100188,-8.933952,18.173,False,"Carregado / Azambuja (events: 2022, 2026)"
4351,39.100412,-8.933975,18.365,False,"Carregado / Azambuja (events: 2022, 2026)"
4352,39.100636,-8.933999,18.404,False,"Carregado / Azambuja (events: 2022, 2026)"
4353,39.10086,-8.934023,18.347,False,"Carregado / Azambuja (events: 2022, 2026)"
4354,39.101085,-8.93404,18.046,False,"Carregado / Azambuja (events: 2022, 2026)"
4355,39.101309,-8.93405,17.995,False,"Carregado / Azambuja (events: 2022, 2026)"
4356,39.101534,-8.934061,18.447,False,"Carregado / Azambuja (events: 2022, 2026)"
4357,39.101759,-8.934072,19.168,False,"Carregado / Azambuja (events: 2022, 2026)"
4358,39.101983,-8.934083,19.939,False,"Carregado / Azambuja (events: 2022, 2026)"
4359,39.102208,-8.934094,20.677,False,"Carregado / Azambuja (events: 2022, 2026)"
4360,39.102433,-8.934104,21.817,False,"Carregado / Azambuja (events: 2022, 2026)"
4361,39.102657,-8.934115,23.175,False,"Carregado / Azambuja (events: 2022, 2026)"
4362,39.102882,-8.934124,24.262,False,"Carregado / Azambuja (events: 2022, 2026)"
4363,39.103107,-8.934117,25.363,False,"Carregado / Azambuja (events: 2022, 2026)"
4364,39.103331,-8.93411,26.433,False,"Carregado / Azambuja (events: 2022, 2026)"
4365,39.103556,-8.934104,27.488,False,"Carregado / Azambuja (events: 2022, 2026)"
4366,39.103781,-8.934097,28.109,False,"Carregado / Azambuja (events: 2022, 2026)"
4367,39.104006,-8.934091,28.27,False,"Carregado / Azambuja (events: 2022, 2026)"
4368,39.104231,-8.934084,28.614,False,"Carregado / Azambuja (events: 2022, 2026)"
4369,39.104455,-8.934075,29.451,False,"Carregado / Azambuja (events: 2022, 2026)"
4370,39.10468,-8.934057,30.045,False,"Carregado / Azambuja (events: 2022, 2026)"
4371,39.104904,-8.93404,30.191,False,"Carregado / Azambuja (events: 2022, 2026)"
4372,39.105129,-8.934023,30.033,False,"Carregado / Azambuja (events: 2022, 2026)"
4373,39.105353,-8.934006,30.059,False,"Carregado / Azambuja (events: 2022, 2026)"
4374,39.105577,-8.933988,29.987,False,"Carregado / Azambuja (events: 2022, 2026)"
4375,39.105802,-8.933968,30.11,False,"Carregado / Azambuja (events: 2022, 2026)"
4376,39.106024,-8.933925,30.856,False,"Carregado / Azambuja (events: 2022, 2026)"
4377,39.106246,-8.933883,32.319,False,"Carregado / Azambuja (events: 2022, 2026)"
4378,39.106469,-8.933841,33.953,False,"Carregado / Azambuja (events: 2022, 2026)"
4379,39.106691,-8.933798,35.142,False,"Carregado / Azambuja (events: 2022, 2026)"
4380,39.106914,-8.933756,36.505,False,"Carregado / Azambuja (events: 2022, 2026)"
4381,39.107132,-8.933691,38.622,False,"Carregado / Azambuja (events: 2022, 2026)"
4382,39.107345,-8.933599,41.663,False,"Carregado / Azambuja (events: 2022, 2026)"
4383,39.107558,-8.933507,45.43,False,"Carregado / Azambuja (events: 2022, 2026)"
4384,39.107771,-8.933414,49.862,False,"Carregado / Azambuja (events: 2022, 2026)"
4385,39.107984,-8.933322,53.831,False,"Carregado / Azambuja (events: 2022, 2026)"
4386,39.108198,-8.93323,55.905,False,"Carregado / Azambuja (events: 2022, 2026)"
4387,39.108405,-8.933119,56.698,False,"Carregado / Azambuja (events: 2022, 2026)"
4388,39.108608,-8.932995,56.061,False,"Carregado / Azambuja (events: 2022, 2026)"
4389,39.108811,-8.93287,54.265,False,"Carregado / Azambuja (events: 2022, 2026)"
4390,39.109014,-8.932746,51.632,False,"Carregado / Azambuja (events: 2022, 2026)"
4391,39.109217,-8.932621,49.432,False,"Carregado / Azambuja (events: 2022, 2026)"
4392,39.109403,-8.932461,47.38,False,"Carregado / Azambuja (events: 2022, 2026)"
4393,39.109585,-8.93229,45.461,False,"Carregado / Azambuja (events: 2022, 2026)"
4394,39.109766,-8.932119,44.738,False,"Carregado / Azambuja (events: 2022, 2026)"
4395,39.109948,-8.931948,44.675,False,"Carregado / Azambuja (events: 2022, 2026)"
4396,39.110129,-8.931777,45.717,False,
4397,39.110311,-8.931606,47.852,False,
4398,39.110474,-8.931407,50.268,False,
4399,39.110637,-8.931207,51.531,False,
4400,39.110799,-8.931006,52.051,False,
4401,39.110962,-8.930806,52.164,False,
4402,39.111124,-8.930606,51.59,False,
4403,39.111268,-8.930383,50.252,False,
4404,39.111404,-8.930153,48.766,False,
4405,39.11154,-8.929922,47.224,False,
4406,39.111676,-8.929691,46.347,False,
4407,39.111812,-8.929461,46.213,False,
4408,39.111941,-8.929224,46.588,False,
4409,39.112051,-8.928972,47.027,False,
4410,39.112161,-8.928719,47.966,False,
4411,39.112272,-8.928467,49.519,False,
4412,39.112382,-8.928214,51.229,False,
4413,39.11248,-8.927953,52.78,False,
4414,39.112574,-8.92769,54.193,False,
4415,39.112668,-8.927427,55.886,False,
4416,39.112753,-8.927159,57.588,False,
4417,39.112825,-8.926885,59.52,False,
4418,39.112897,-8.92661,61.71,False,
4419,39.112969,-8.926336,63.748,False,
4420,39.113041,-8.926061,65.347,False,
4421,39.113112,-8.925787,66.562,False,
4422,39.113195,-8.925517,66.765,False,
4423,39.113279,-8.925248,66.234,False,
4424,39.113363,-8.92498,65.989,False,
4425,39.113448,-8.924711,66.191,False,
4426,39.113545,-8.924451,66.39,False,
4427,39.113659,-8.924201,66.565,False,
4428,39.113772,-8.923951,67.902,False,
4429,39.113886,-8.923701,71.056,False,
4430,39.113999,-8.923451,73.771,False,
4431,39.114113,-8.923201,75.625,False,
4432,39.11424,-8.922962,77.475,False,
4433,39.114375,-8.92273,79.157,False,
4434,39.114509,-8.922497,80.427,False,
4435,39.114644,-8.922265,80.828,False,
4436,39.114778,-8.922033,80.88,False,
4437,39.114913,-8.921801,80.845,False,
4438,39.115047,-8.921569,80.979,False,
4439,39.115178,-8.921333,81.021,False,
4440,39.115304,-8.921094,81.048,False,
4441,39.115431,-8.920854,81.372,False,
4442,39.115558,-8.920615,81.628,False,
4443,39.115684,-8.920375,81.972,False,
4444,39.115811,-8.920135,82.217,False,
4445,39.115932,-8.919892,82.025,False,
4446,39.11604,-8.919638,81.992,False,
4447,39.116148,-8.919383,81.846,False,
4448,39.116256,-8.919129,81.488,False,
4449,39.116364,-8.918875,81.785,False,
4450,39.116472,-8.918621,83.16,False,
4451,39.11658,-8.918367,83.889,False,
4452,39.116678,-8.918106,84.07,False,
4453,39.116773,-8.917843,84.293,False,
4454,39.116868,-8.917581,84.232,False,
4455,39.116962,-8.917318,83.325,False,
4456,39.117057,-8.917055,81.579,False,
4457,39.117152,-8.916793,79.414,False,
4458,39.117254,-8.916535,77.819,False,
4459,39.117371,-8.916287,77.488,False,
4460,39.117488,-8.916039,78.603,False,
4461,39.117604,-8.915792,79.736,False,
4462,39.117721,-8.915544,80.791,False,
4463,39.117838,-8.915296,81.862,False,
4464,39.117866,-8.915142,82.263,False,
4465,39.117654,-8.915237,80.716,False,
4466,39.117442,-8.915333,78.824,False,
4467,39.117229,-8.915429,77.213,False,
4468,39.117017,-8.915525,76.451,False,
4469,39.116805,-8.915621,76.55,False,
4470,39.116593,-8.915717,77.532,False,
4471,39.116381,-8.915813,79.132,False,
4472,39.116169,-8.915908,80.467,False,
4473,39.115957,-8.916004,81.282,False,
4474,39.115744,-8.9161,81.883,False,
4475,39.115532,-8.916196,82.277,False,
4476,39.11532,-8.916292,82.669,False,
4477,39.115108,-8.916388,82.893,False,
4478,39.114896,-8.916484,82.931,False,
4479,39.114684,-8.916579,82.524,False,
4480,39.114472,-8.916675,81.973,False,
4481,39.114259,-8.916771,81.385,False,
4482,39.114047,-8.916867,81.2,False,
4483,39.113835,-8.916963,81.225,False,
4484,39.113623,-8.917059,81.368,False,
4485,39.113411,-8.917155,82.197,False,
4486,39.113199,-8.91725,83.975,False,
4487,39.112987,-8.917346,86.363,False,
4488,39.112774,-8.917442,89.153,False,
4489,39.112562,-8.917538,91.634,False,
4490,39.11235,-8.917634,93.508,False,
4491,39.112138,-8.91773,95.31,False,
4492,39.111926,-8.917825,96.954,False,
4493,39.111714,-8.917921,97.803,False,
4494,39.111502,-8.918017,97.648,False,
4495,39.111289,-8.918113,96.468,False,
4496,39.111077,-8.918209,95.408,False,
4497,39.110865,-8.918305,94.194,False,
4498,39.110653,-8.918401,92.448,False,
4499,39.110441,-8.918496,90.975,False,
4500,39.110229,-8.918592,89.75,False,
4501,39.110016,-8.918688,89.582,False,
4502,39.109804,-8.918784,89.975,False,"Carregado / Azambuja (events: 2022, 2026)"
4503,39.109592,-8.91888,91.388,False,"Carregado / Azambuja (events: 2022, 2026)"
4504,39.10938,-8.918976,93.368,False,"Carregado / Azambuja (events: 2022, 2026)"
4505,39.109168,-8.919072,95.935,False,"Carregado / Azambuja (events: 2022, 2026)"
4506,39.108956,-8.919167,99.369,False,"Carregado / Azambuja (events: 2022, 2026)"
4507,39.108744,-8.919263,103.54,False,"Carregado / Azambuja (events: 2022, 2026)"
4508,39.108531,-8.919359,105.157,False,"Carregado / Azambuja (events: 2022, 2026)"
4509,39.108319,-8.919455,105.551,False,"Carregado / Azambuja (events: 2022, 2026)"
4510,39.108107,-8.919551,105.609,False,"Carregado / Azambuja (events: 2022, 2026)"
4511,39.107895,-8.919647,105.863,False,"Carregado / Azambuja (events: 2022, 2026)"
4512,39.107683,-8.919743,105.853,False,"Carregado / Azambuja (events: 2022, 2026)"
4513,39.107471,-8.919838,104.662,False,"Carregado / Azambuja (events: 2022, 2026)"
4514,39.107259,-8.919934,103.126,False,"Carregado / Azambuja (events: 2022, 2026)"
4515,39.107046,-8.92003,101.336,False,"Carregado / Azambuja (events: 2022, 2026)"
4516,39.106834,-8.920126,100.25,False,"Carregado / Azambuja (events: 2022, 2026)"
4517,39.106622,-8.920222,99.424,False,"Carregado / Azambuja (events: 2022, 2026)"
4518,39.10641,-8.920318,99.397,False,"Carregado / Azambuja (events: 2022, 2026)"
4519,39.106198,-8.920414,99.276,False,"Carregado / Azambuja (events: 2022, 2026)"
4520,39.105986,-8.920509,99.222,False,"Carregado / Azambuja (events: 2022, 2026)"
4521,39.105774,-8.920605,99.518,False,"Carregado / Azambuja (events: 2022, 2026)"
4522,39.105561,-8.920701,100.385,False,"Carregado / Azambuja (events: 2022, 2026)"
4523,39.105349,-8.920797,101.715,False,"Carregado / Azambuja (events: 2022, 2026)"
4524,39.105137,-8.920893,103.087,False,"Carregado / Azambuja (events: 2022, 2026)"
4525,39.104925,-8.920989,103.828,False,"Carregado / Azambuja (events: 2022, 2026)"
4526,39.104713,-8.921084,104.197,False,"Carregado / Azambuja (events: 2022, 2026)"
4527,39.104501,-8.92118,104.334,False,"Carregado / Azambuja (events: 2022, 2026)"
4528,39.104289,-8.921276,104.316,False,"Carregado / Azambuja (events: 2022, 2026)"
4529,39.104076,-8.921372,104.082,False,"Carregado / Azambuja (events: 2022, 2026)"
4530,39.103864,-8.921468,103.318,False,"Carregado / Azambuja (events: 2022, 2026)"
4531,39.103652,-8.921564,102.893,False,"Carregado / Azambuja (events: 2022, 2026)"
4532,39.10344,-8.92166,102.589,False,"Carregado / Azambuja (events: 2022, 2026)"
4533,39.103228,-8.921755,102.005,False,"Carregado / Azambuja (events: 2022, 2026)"
4534,39.103016,-8.921851,100.483,False,"Carregado / Azambuja (events: 2022, 2026)"
4535,39.102804,-8.921947,98.188,False,"Carregado / Azambuja (events: 2022, 2026)"
4536,39.102591,-8.922043,95.588,False,"Carregado / Azambuja (events: 2022, 2026)"
4537,39.102379,-8.922139,92.098,False,"Carregado / Azambuja (events: 2022, 2026)"
4538,39.102167,-8.922235,88.183,False,"Carregado / Azambuja (events: 2022, 2026)"
4539,39.101955,-8.922331,83.95,False,"Carregado / Azambuja (events: 2022, 2026)"
4540,39.101743,-8.922426,79.566,False,"Carregado / Azambuja (events: 2022, 2026)"
4541,39.101531,-8.922522,75.221,False,"Carregado / Azambuja (events: 2022, 2026)"
4542,39.101318,-8.922618,70.986,False,"Carregado / Azambuja (events: 2022, 2026)"
4543,39.101106,-8.922714,67.24,False,"Carregado / Azambuja (events: 2022, 2026)"
4544,39.100894,-8.92281,64.0,False,"Carregado / Azambuja (events: 2022, 2026)"
4545,39.100682,-8.922906,61.102,False,"Carregado / Azambuja (events: 2022, 2026)"
4546,39.10047,-8.923002,58.459,False,"Carregado / Azambuja (events: 2022, 2026)"
4547,39.100258,-8.923097,56.05,False,"Carregado / Azambuja (events: 2022, 2026)"
4548,39.100046,-8.923193,54.068,False,"Carregado / Azambuja (events: 2022, 2026)"
4549,39.099833,-8.923289,52.26,False,"Carregado / Azambuja (events: 2022, 2026)"
4550,39.099621,-8.923385,50.994,False,"Carregado / Azambuja (events: 2022, 2026)"
4551,39.099409,-8.923481,49.736,False,"Carregado / Azambuja (events: 2022, 2026)"
4552,39.099197,-8.923577,48.112,False,"Carregado / Azambuja (events: 2022, 2026)"
4553,39.098985,-8.923673,47.113,False,"Carregado / Azambuja (events: 2022, 2026)"
4554,39.098773,-8.923768,48.323,False,"Carregado / Azambuja (events: 2022, 2026)"
4555,39.098561,-8.923864,48.751,False,"Carregado / Azambuja (events: 2022, 2026)"
4556,39.098348,-8.92396,49.516,False,"Carregado / Azambuja (events: 2022, 2026)"
4557,39.098136,-8.924056,50.133,False,"Carregado / Azambuja (events: 2022, 2026)"
4558,39.097924,-8.924152,50.211,False,"Carregado / Azambuja (events: 2022, 2026)"
4559,39.097712,-8.924248,49.538,False,"Carregado / Azambuja (events: 2022, 2026)"
4560,39.0975,-8.924343,48.201,False,"Carregado / Azambuja (events: 2022, 2026)"
4561,39.097288,-8.924439,46.437,False,"Carregado / Azambuja (events: 2022, 2026)"
4562,39.097076,-8.924535,44.342,False,"Carregado / Azambuja (events: 2022, 2026)"
4563,39.096863,-8.924631,42.753,False,"Carregado / Azambuja (events: 2022, 2026)"
4564,39.096651,-8.924727,42.015,False,"Carregado / Azambuja (events: 2022, 2026)"
4565,39.096439,-8.924823,43.032,False,"Carregado / Azambuja (events: 2022, 2026)"
4566,39.096227,-8.924919,45.475,False,"Carregado / Azambuja (events: 2022, 2026)"
4567,39.096015,-8.925014,49.659,False,"Carregado / Azambuja (events: 2022, 2026)"
4568,39.095803,-8.92511,52.558,False,"Carregado / Azambuja (events: 2022, 2026)"
4569,39.095591,-8.925206,55.133,False,"Carregado / Azambuja (events: 2022, 2026)"
4570,39.095378,-8.925302,58.866,False,"Carregado / Azambuja (events: 2022, 2026)"
4571,39.095166,-8.925398,63.712,False,"Carregado / Azambuja (events: 2022, 2026)"
4572,39.094954,-8.925494,68.463,False,"Carregado / Azambuja (events: 2022, 2026)"
4573,39.094742,-8.92559,72.115,False,"Carregado / Azambuja (events: 2022, 2026)"
4574,39.09453,-8.925685,74.226,False,"Carregado / Azambuja (events: 2022, 2026)"
4575,39.094318,-8.925781,75.147,False,"Carregado / Azambuja (events: 2022, 2026)"
4576,39.094106,-8.925877,75.292,False,"Carregado / Azambuja (events: 2022, 2026)"
4577,39.093893,-8.925973,76.183,False,"Carregado / Azambuja (events: 2022, 2026)"
4578,39.093681,-8.926069,78.072,False,"Carregado / Azambuja (events: 2022, 2026)"
4579,39.093469,-8.926165,78.817,False,"Carregado / Azambuja (events: 2022, 2026)"
4580,39.093257,-8.926261,78.786,False,"Carregado / Azambuja (events: 2022, 2026)"
4581,39.093045,-8.926356,78.567,False,"Carregado / Azambuja (events: 2022, 2026)"
4582,39.092833,-8.926452,78.43,False,"Carregado / Azambuja (events: 2022, 2026)"
4583,39.09262,-8.926548,78.399,False,"Carregado / Azambuja (events: 2022, 2026)"
4584,39.092408,-8.926644,78.514,False,"Carregado / Azambuja (events: 2022, 2026)"
4585,39.092196,-8.92674,77.139,False,"Carregado / Azambuja (events: 2022, 2026)"
4586,39.091984,-8.926836,74.968,False,"Carregado / Azambuja (events: 2022, 2026)"
4587,39.091772,-8.926932,71.961,False,"Carregado / Azambuja (events: 2022, 2026)"
4588,39.09156,-8.927027,68.701,False,"Carregado / Azambuja (events: 2022, 2026)"
4589,39.091348,-8.927123,65.058,False,"Carregado / Azambuja (events: 2022, 2026)"
4590,39.091135,-8.927219,61.515,False,"Carregado / Azambuja (events: 2022, 2026)"
4591,39.090923,-8.927315,57.968,False,"Carregado / Azambuja (events: 2022, 2026)"
4592,39.090711,-8.927411,54.985,False,"Carregado / Azambuja (events: 2022, 2026)"
4593,39.090499,-8.927507,52.879,False,"Carregado / Azambuja (events: 2022, 2026)"
4594,39.090287,-8.927602,51.32,False,"Carregado / Azambuja (events: 2022, 2026)"
4595,39.090075,-8.927698,49.206,False,"Carregado / Azambuja (events: 2022, 2026)"
4596,39.089863,-8.927794,46.716,False,"Carregado / Azambuja (events: 2022, 2026)"
4597,39.08965,-8.92789,43.654,False,"Carregado / Azambuja (events: 2022, 2026)"
4598,39.089438,-8.927986,41.257,False,"Carregado / Azambuja (events: 2022, 2026)"
4599,39.089226,-8.928082,38.458,False,"Carregado / Azambuja (events: 2022, 2026)"
4600,39.089014,-8.928178,36.395,False,"Carregado / Azambuja (events: 2022, 2026)"
4601,39.088802,-8.928273,35.506,False,"Carregado / Azambuja (events: 2022, 2026)"
4602,39.08859,-8.928369,34.797,False,"Carregado / Azambuja (events: 2022, 2026)"
4603,39.088378,-8.928465,34.75,False,"Carregado / Azambuja (events: 2022, 2026)"
4604,39.088165,-8.928561,32.858,False,"Carregado / Azambuja (events: 2022, 2026)"
4605,39.087953,-8.928657,31.602,False,"Carregado / Azambuja (events: 2022, 2026)"
4606,39.087741,-8.928753,32.105,False,"Carregado / Azambuja (events: 2022, 2026)"
4607,39.087529,-8.928849,31.758,False,"Carregado / Azambuja (events: 2022, 2026)"
4608,39.087317,-8.928944,31.462,False,"Carregado / Azambuja (events: 2022, 2026)"
4609,39.087105,-8.92904,31.177,False,"Carregado / Azambuja (events: 2022, 2026)"
4610,39.086893,-8.929136,31.736,False,"Carregado / Azambuja (events: 2022, 2026)"
4611,39.08668,-8.929232,32.356,False,"Carregado / Azambuja (events: 2022, 2026)"
4612,39.086468,-8.929328,32.954,False,"Carregado / Azambuja (events: 2022, 2026)"
4613,39.086256,-8.929424,33.383,False,"Carregado / Azambuja (events: 2022, 2026)"
4614,39.086044,-8.92952,33.23,False,"Carregado / Azambuja (events: 2022, 2026)"
4615,39.085832,-8.929615,33.415,False,"Carregado / Azambuja (events: 2022, 2026)"
4616,39.08562,-8.929711,33.24,False,"Carregado / Azambuja (events: 2022, 2026)"
4617,39.085407,-8.929807,32.469,False,"Carregado / Azambuja (events: 2022, 2026)"
4618,39.085195,-8.929903,31.861,False,"Carregado / Azambuja (events: 2022, 2026)"
4619,39.084983,-8.929999,31.418,False,"Carregado / Azambuja (events: 2022, 2026)"
4620,39.084771,-8.930095,31.124,False,"Carregado / Azambuja (events: 2022, 2026)"
4621,39.084559,-8.930191,30.276,False,"Carregado / Azambuja (events: 2022, 2026)"
4622,39.084347,-8.930286,29.797,False,"Carregado / Azambuja (events: 2022, 2026)"
4623,39.084135,-8.930382,29.042,False,"Carregado / Azambuja (events: 2022, 2026)"
4624,39.083922,-8.930478,28.273,False,"Carregado / Azambuja (events: 2022, 2026)"
4625,39.08371,-8.930574,27.291,False,"Carregado / Azambuja (events: 2022, 2026)"
4626,39.083498,-8.93067,26.601,False,"Carregado / Azambuja (events: 2022, 2026)"
4627,39.083286,-8.930766,26.37,False,"Carregado / Azambuja (events: 2022, 2026)"
4628,39.083074,-8.930861,26.002,False,"Carregado / Azambuja (events: 2022, 2026)"
4629,39.082862,-8.930957,25.52,False,"Carregado / Azambuja (events: 2022, 2026)"
4630,39.08265,-8.931053,25.023,False,"Carregado / Azambuja (events: 2022, 2026)"
4631,39.082437,-8.931149,24.442,False,"Carregado / Azambuja (events: 2022, 2026)"
4632,39.082225,-8.931245,23.834,False,"Carregado / Azambuja (events: 2022, 2026)"
4633,39.082013,-8.931341,23.376,False,"Carregado / Azambuja (events: 2022, 2026)"
4634,39.081801,-8.931437,23.005,False,"Carregado / Azambuja (events: 2022, 2026)"
4635,39.081589,-8.931532,22.025,False,"Carregado / Azambuja (events: 2022, 2026)"
4636,39.081377,-8.931628,21.482,False,"Carregado / Azambuja (events: 2022, 2026)"
4637,39.081165,-8.931724,20.564,False,"Carregado / Azambuja (events: 2022, 2026)"
4638,39.080952,-8.93182,20.281,False,"Carregado / Azambuja (events: 2022, 2026)"
4639,39.08074,-8.931916,19.725,False,"Carregado / Azambuja (events: 2022, 2026)"
4640,39.080528,-8.932012,19.732,False,"Carregado / Azambuja (events: 2022, 2026)"
4641,39.080316,-8.932108,19.479,False,"Carregado / Azambuja (events: 2022, 2026)"
4642,39.080104,-8.932203,19.045,False,"Carregado / Azambuja (events: 2022, 2026)"
4643,39.079892,-8.932299,18.413,False,"Carregado / Azambuja (events: 2022, 2026)"
4644,39.07968,-8.932395,18.032,False,"Carregado / Azambuja (events: 2022, 2026)"
4645,39.079467,-8.932491,17.859,False,"Carregado / Azambuja (events: 2022, 2026)"
4646,39.079255,-8.932587,18.375,False,"Carregado / Azambuja (events: 2022, 2026)"
4647,39.079043,-8.932683,18.689,False,"Carregado / Azambuja (events: 2022, 2026)"
4648,39.078831,-8.932779,18.811,False,"Carregado / Azambuja (events: 2022, 2026)"
4649,39.078619,-8.932874,18.398,False,"Carregado / Azambuja (events: 2022, 2026)"
4650,39.078407,-8.93297,18.077,False,"Carregado / Azambuja (events: 2022, 2026)"
4651,39.078195,-8.933066,17.452,False,"Carregado / Azambuja (events: 2022, 2026)"
4652,39.077982,-8.933162,17.298,False,"Carregado / Azambuja (events: 2022, 2026)"
4653,39.07777,-8.933258,16.835,False,"Carregado / Azambuja (events: 2022, 2026)"
4654,39.077558,-8.933354,16.606,False,"Carregado / Azambuja (events: 2022, 2026)"
4655,39.077346,-8.93345,16.388,False,"Carregado / Azambuja (events: 2022, 2026)"
4656,39.077134,-8.933545,16.437,False,"Carregado / Azambuja (events: 2022, 2026)"
4657,39.076922,-8.933641,16.159,False,"Carregado / Azambuja (events: 2022, 2026)"
4658,39.076709,-8.933737,15.694,False,"Carregado / Azambuja (events: 2022, 2026)"
4659,39.076497,-8.933833,14.984,False,"Carregado / Azambuja (events: 2022, 2026)"
4660,39.076285,-8.933929,13.963,False,"Carregado / Azambuja (events: 2022, 2026)"
4661,39.076073,-8.934025,12.969,False,"Carregado / Azambuja (events: 2022, 2026)"
4662,39.075861,-8.934121,12.408,False,"Carregado / Azambuja (events: 2022, 2026)"
4663,39.075649,-8.934216,12.75,False,"Carregado / Azambuja (events: 2022, 2026)"
4664,39.075437,-8.934312,13.339,False,"Carregado / Azambuja (events: 2022, 2026)"
4665,39.075224,-8.934408,14.015,False,"Carregado / Azambuja (events: 2022, 2026)"
4666,39.075012,-8.934504,14.394,False,"Carregado / Azambuja (events: 2022, 2026)"
4667,39.0748,-8.9346,14.559,False,"Carregado / Azambuja (events: 2022, 2026)"
4668,39.074588,-8.934696,14.715,False,"Carregado / Azambuja (events: 2022, 2026)"
4669,39.074376,-8.934791,14.534,False,"Carregado / Azambuja (events: 2022, 2026)"
4670,39.074164,-8.934887,14.006,False,"Carregado / Azambuja (events: 2022, 2026)"
4671,39.073952,-8.934983,13.051,False,"Carregado / Azambuja (events: 2022, 2026)"
4672,39.073739,-8.935079,12.638,False,"Carregado / Azambuja (events: 2022, 2026)"
4673,39.073527,-8.935175,13.456,False,"Carregado / Azambuja (events: 2022, 2026)"
4674,39.073315,-8.935271,14.518,False,"Carregado / Azambuja (events: 2022, 2026)"
4675,39.073103,-8.935367,15.082,False,"Carregado / Azambuja (events: 2022, 2026)"
4676,39.072891,-8.935462,14.986,False,"Carregado / Azambuja (events: 2022, 2026)"
4677,39.072679,-8.935558,14.148,False,"Carregado / Azambuja (events: 2022, 2026)"
4678,39.072467,-8.935654,12.695,False,"Carregado / Azambuja (events: 2022, 2026)"
4679,39.072254,-8.93575,11.148,False,"Carregado / Azambuja (events: 2022, 2026)"
4680,39.072042,-8.935846,9.77,False,"Carregado / Azambuja (events: 2022, 2026)"
4681,39.07183,-8.935942,8.401,False,"Carregado / Azambuja (events: 2022, 2026)"
4682,39.071618,-8.936038,6.88,False,"Carregado / Azambuja (events: 2022, 2026)"
4683,39.071406,-8.936133,5.458,False,"Carregado / Azambuja (events: 2022, 2026)"
4684,39.071194,-8.936229,4.698,True,"Carregado / Azambuja (events: 2022, 2026)"
4685,39.070982,-8.936325,5.131,False,"Carregado / Azambuja (events: 2022, 2026)"
4686,39.070769,-8.936421,5.856,False,"Carregado / Azambuja (events: 2022, 2026)"
4687,39.070557,-8.936517,7.28,False,"Carregado / Azambuja (events: 2022, 2026)"
4688,39.070345,-8.936613,8.625,False,"Carregado / Azambuja (events: 2022, 2026)"
4689,39.070133,-8.936709,9.969,False,"Carregado / Azambuja (events: 2022, 2026)"
4690,39.069921,-8.936804,11.57,False,"Carregado / Azambuja (events: 2022, 2026)"
4691,39.069709,-8.9369,13.33,False,"Carregado / Azambuja (events: 2022, 2026)"
4692,39.069497,-8.936996,14.593,False,"Carregado / Azambuja (events: 2022, 2026)"
4693,39.069284,-8.937092,15.105,False,"Carregado / Azambuja (events: 2022, 2026)"
4694,39.069072,-8.937188,14.975,False,"Carregado / Azambuja (events: 2022, 2026)"
4695,39.06886,-8.937284,14.783,False,"Carregado / Azambuja (events: 2022, 2026)"
4696,39.068648,-8.93738,14.482,False,"Carregado / Azambuja (events: 2022, 2026)"
4697,39.068436,-8.937475,14.145,False,"Carregado / Azambuja (events: 2022, 2026)"
4698,39.068224,-8.937571,14.043,False,"Carregado / Azambuja (events: 2022, 2026)"
4699,39.068011,-8.937667,14.937,False,"Carregado / Azambuja (events: 2022, 2026)"
4700,39.067799,-8.937763,16.183,False,"Carregado / Azambuja (events: 2022, 2026)"
4701,39.067587,-8.937859,17.059,False,"Carregado / Azambuja (events: 2022, 2026)"
4702,39.067375,-8.937955,17.419,False,"Carregado / Azambuja (events: 2022, 2026)"
4703,39.067163,-8.93805,18.14,False,"Carregado / Azambuja (events: 2022, 2026)"
4704,39.066951,-8.938146,18.979,False,"Carregado / Azambuja (events: 2022, 2026)"
4705,39.066739,-8.938242,20.159,False,"Carregado / Azambuja (events: 2022, 2026)"
4706,39.066526,-8.938338,22.163,False,"Carregado / Azambuja (events: 2022, 2026)"
4707,39.066314,-8.938434,24.509,False,"Carregado / Azambuja (events: 2022, 2026)"
4708,39.066102,-8.93853,26.831,False,"Carregado / Azambuja (events: 2022, 2026)"
4709,39.06589,-8.938626,28.35,False,"Carregado / Azambuja (events: 2022, 2026)"
4710,39.065678,-8.938721,29.494,False,"Carregado / Azambuja (events: 2022, 2026)"
4711,39.065466,-8.938817,30.865,False,"Carregado / Azambuja (events: 2022, 2026)"
4712,39.065254,-8.938913,31.582,False,"Carregado / Azambuja (events: 2022, 2026)"
4713,39.065041,-8.939009,31.762,False,"Carregado / Azambuja (events: 2022, 2026)"
4714,39.064829,-8.939105,31.081,False,"Carregado / Azambuja (events: 2022, 2026)"
4715,39.064617,-8.939201,29.425,False,"Carregado / Azambuja (events: 2022, 2026)"
4716,39.064405,-8.939297,27.275,False,"Carregado / Azambuja (events: 2022, 2026)"
4717,39.064193,-8.939392,24.925,False,"Carregado / Azambuja (events: 2022, 2026)"
4718,39.063981,-8.939488,22.219,False,"Carregado / Azambuja (events: 2022, 2026)"
4719,39.063769,-8.939584,19.461,False,"Carregado / Azambuja (events: 2022, 2026)"
4720,39.063556,-8.93968,17.194,False,"Carregado / Azambuja (events: 2022, 2026)"
4721,39.063344,-8.939776,15.397,False,"Carregado / Azambuja (events: 2022, 2026)"
4722,39.063132,-8.939872,14.1,False,"Carregado / Azambuja (events: 2022, 2026)"
4723,39.06292,-8.939968,13.458,False,"Carregado / Azambuja (events: 2022, 2026)"
4724,39.062708,-8.940063,13.134,False,"Carregado / Azambuja (events: 2022, 2026)"
4725,39.062496,-8.940159,13.232,False,"Carregado / Azambuja (events: 2022, 2026)"
4726,39.062284,-8.940255,13.709,False,"Carregado / Azambuja (events: 2022, 2026)"
4727,39.062071,-8.940351,14.278,False,"Carregado / Azambuja (events: 2022, 2026)"
4728,39.061859,-8.940447,15.499,False,"Carregado / Azambuja (events: 2022, 2026)"
4729,39.061647,-8.940543,16.814,False,"Carregado / Azambuja (events: 2022, 2026)"
4730,39.061435,-8.940639,17.389,False,"Carregado / Azambuja (events: 2022, 2026)"
4731,39.061223,-8.940734,17.743,False,"Carregado / Azambuja (events: 2022, 2026)"
4732,39.061011,-8.94083,17.451,False,"Carregado / Azambuja (events: 2022, 2026)"
4733,39.060799,-8.940926,16.628,False,"Carregado / Azambuja (events: 2022, 2026)"
4734,39.060586,-8.941022,15.348,False,"Carregado / Azambuja (events: 2022, 2026)"
4735,39.060374,-8.941118,13.87,False,"Carregado / Azambuja (events: 2022, 2026)"
4736,39.060162,-8.941214,12.563,False,"Carregado / Azambuja (events: 2022, 2026)"
4737,39.05995,-8.941309,11.575,False,"Carregado / Azambuja (events: 2022, 2026)"
4738,39.059738,-8.941405,11.21,False,"Carregado / Azambuja (events: 2022, 2026)"
4739,39.059526,-8.941501,11.306,False,"Carregado / Azambuja (events: 2022, 2026)"
4740,39.059313,-8.941597,11.767,False,"Carregado / Azambuja (events: 2022, 2026)"
4741,39.059101,-8.941693,12.326,False,"Carregado / Azambuja (events: 2022, 2026)"
4742,39.058889,-8.941789,12.446,False,"Carregado / Azambuja (events: 2022, 2026)"
4743,39.058677,-8.941885,12.325,False,"Carregado / Azambuja (events: 2022, 2026)"
4744,39.058465,-8.94198,11.972,False,"Carregado / Azambuja (events: 2022, 2026)"
4745,39.058253,-8.942076,11.598,False,"Carregado / Azambuja (events: 2022, 2026)"
4746,39.058041,-8.942172,11.27,False,"Carregado / Azambuja (events: 2022, 2026)"
4747,39.057828,-8.942268,10.731,False,"Carregado / Azambuja (events: 2022, 2026)"
4748,39.057616,-8.942364,10.253,False,"Carregado / Azambuja (events: 2022, 2026)"
4749,39.057404,-8.94246,9.653,False,"Carregado / Azambuja (events: 2022, 2026)"
4750,39.057192,-8.942556,9.244,False,"Carregado / Azambuja (events: 2022, 2026)"
4751,39.05698,-8.942651,9.067,False,"Carregado / Azambuja (events: 2022, 2026)"
4752,39.056768,-8.942747,8.651,False,"Carregado / Azambuja (events: 2022, 2026)"
4753,39.056556,-8.942843,8.671,False,"Carregado / Azambuja (events: 2022, 2026)"
4754,39.056343,-8.942939,8.539,False,"Carregado / Azambuja (events: 2022, 2026)"
4755,39.056131,-8.943035,8.811,False,"Carregado / Azambuja (events: 2022, 2026)"
4756,39.055919,-8.943131,9.396,False,"Carregado / Azambuja (events: 2022, 2026)"
4757,39.055707,-8.943227,10.02,False,"Carregado / Azambuja (events: 2022, 2026)"
4758,39.055495,-8.943322,10.12,False,"Carregado / Azambuja (events: 2022, 2026)"
4759,39.055283,-8.943418,9.853,False,"Carregado / Azambuja (events: 2022, 2026)"
4760,39.055071,-8.943514,9.605,False,"Carregado / Azambuja (events: 2022, 2026)"
4761,39.054858,-8.94361,9.419,False,"Carregado / Azambuja (events: 2022, 2026)"
4762,39.054646,-8.943706,8.927,False,"Carregado / Azambuja (events: 2022, 2026)"
4763,39.054434,-8.943802,8.22,False,"Carregado / Azambuja (events: 2022, 2026)"
4764,39.054222,-8.943898,7.196,False,"Carregado / Azambuja (events: 2022, 2026)"
4765,39.05401,-8.943993,6.526,False,"Carregado / Azambuja (events: 2022, 2026)"
4766,39.053798,-8.944089,6.27,False,"Carregado / Azambuja (events: 2022, 2026)"
4767,39.053586,-8.944185,6.225,False,"Carregado / Azambuja (events: 2022, 2026)"
4768,39.053373,-8.944281,6.597,False,"Carregado / Azambuja (events: 2022, 2026)"
4769,39.053161,-8.944377,7.433,False,"Carregado / Azambuja (events: 2022, 2026)"
4770,39.052949,-8.944473,8.568,False,"Carregado / Azambuja (events: 2022, 2026)"
4771,39.052737,-8.944568,9.354,False,"Carregado / Azambuja (events: 2022, 2026)"
4772,39.052525,-8.944664,10.823,False,"Carregado / Azambuja (events: 2022, 2026)"
4773,39.052313,-8.94476,13.094,False,"Carregado / Azambuja (events: 2022, 2026)"
4774,39.0521,-8.944856,15.839,False,"Carregado / Azambuja (events: 2022, 2026)"
4775,39.051888,-8.944952,18.547,False,"Carregado / Azambuja (events: 2022, 2026)"
4776,39.051676,-8.945048,20.598,False,"Carregado / Azambuja (events: 2022, 2026)"
4777,39.051464,-8.945144,21.113,False,"Carregado / Azambuja (events: 2022, 2026)"
4778,39.051252,-8.945239,20.675,False,"Carregado / Azambuja (events: 2022, 2026)"
4779,39.05104,-8.945335,19.808,False,"Carregado / Azambuja (events: 2022, 2026)"
4780,39.050828,-8.945431,18.81,False,"Carregado / Azambuja (events: 2022, 2026)"
4781,39.050615,-8.945527,17.235,False,"Carregado / Azambuja (events: 2022, 2026)"
4782,39.050403,-8.945623,15.751,False,"Carregado / Azambuja (events: 2022, 2026)"
4783,39.050191,-8.945719,13.972,False,"Carregado / Azambuja (events: 2022, 2026)"
4784,39.049979,-8.945815,11.483,False,"Carregado / Azambuja (events: 2022, 2026)"
4785,39.049767,-8.94591,9.195,False,"Carregado / Azambuja (events: 2022, 2026)"
4786,39.049555,-8.946006,7.751,False,"Carregado / Azambuja (events: 2022, 2026)"
4787,39.049343,-8.946102,6.966,False,"Carregado / Azambuja (events: 2022, 2026)"
4788,39.04913,-8.946198,7.544,False,"Carregado / Azambuja (events: 2022, 2026)"
4789,39.048918,-8.946294,8.067,False,"Carregado / Azambuja (events: 2022, 2026)"
4790,39.048706,-8.94639,8.024,False,"Carregado / Azambuja (events: 2022, 2026)"
4791,39.048494,-8.946486,7.981,False,"Carregado / Azambuja (events: 2022, 2026)"
4792,39.048282,-8.946581,7.965,False,"Carregado / Azambuja (events: 2022, 2026)"
4793,39.04807,-8.946677,7.853,False,"Carregado / Azambuja (events: 2022, 2026)"
4794,39.047858,-8.946773,7.71,False,"Carregado / Azambuja (events: 2022, 2026)"
4795,39.047645,-8.946869,7.383,False,"Carregado / Azambuja (events: 2022, 2026)"
4796,39.047433,-8.946965,7.256,False,"Carregado / Azambuja (events: 2022, 2026)"
4797,39.047221,-8.947061,7.139,False,"Carregado / Azambuja (events: 2022, 2026)"
4798,39.047009,-8.947157,7.007,False,"Carregado / Azambuja (events: 2022, 2026)"
4799,39.046797,-8.947252,6.912,False,"Carregado / Azambuja (events: 2022, 2026)"
4800,39.046585,-8.947348,6.894,False,"Carregado / Azambuja (events: 2022, 2026)"
4801,39.046373,-8.947444,6.951,False,"Carregado / Azambuja (events: 2022, 2026)"
4802,39.04616,-8.94754,7.018,False,"Carregado / Azambuja (events: 2022, 2026)"
4803,39.045948,-8.947636,6.919,False,"Carregado / Azambuja (events: 2022, 2026)"
4804,39.045736,-8.947732,6.605,False,"Carregado / Azambuja (events: 2022, 2026)"
4805,39.045524,-8.947828,6.039,False,"Carregado / Azambuja (events: 2022, 2026)"
4806,39.045312,-8.947923,5.445,False,"Carregado / Azambuja (events: 2022, 2026)"
4807,39.0451,-8.948019,5.125,False,"Carregado / Azambuja (events: 2022, 2026)"
4808,39.044888,-8.948115,5.056,False,"Carregado / Azambuja (events: 2022, 2026)"
4809,39.044675,-8.948211,5.12,False,"Carregado / Azambuja (events: 2022, 2026)"
4810,39.044463,-8.948307,5.179,False,"Carregado / Azambuja (events: 2022, 2026)"
4811,39.044251,-8.948403,4.91,True,"Carregado / Azambuja (events: 2022, 2026)"
4812,39.044039,-8.948498,4.51,True,"Carregado / Azambuja (events: 2022, 2026)"
4813,39.043827,-8.948594,4.147,True,"Carregado / Azambuja (events: 2022, 2026)"
4814,39.043615,-8.94869,4.062,True,"Carregado / Azambuja (events: 2022, 2026)"
4815,39.043402,-8.948786,4.12,True,"Carregado / Azambuja (events: 2022, 2026)"
4816,39.04319,-8.948882,4.224,True,"Carregado / Azambuja (events: 2022, 2026)"
4817,39.042978,-8.948978,4.268,True,"Carregado / Azambuja (events: 2022, 2026)"
4818,39.042766,-8.949074,4.254,True,"Carregado / Azambuja (events: 2022, 2026)"
4819,39.042554,-8.949169,4.064,True,"Carregado / Azambuja (events: 2022, 2026)"
4820,39.042342,-8.949265,3.743,True,"Carregado / Azambuja (events: 2022, 2026)"
4821,39.04213,-8.949361,3.39,True,"Carregado / Azambuja (events: 2022, 2026)"
4822,39.041917,-8.949457,3.026,True,"Carregado / Azambuja (events: 2022, 2026)"
4823,39.041705,-8.949553,2.707,True,"Carregado / Azambuja (events: 2022, 2026)"
4824,39.041493,-8.949649,2.688,True,"Carregado / Azambuja (events: 2022, 2026)"
4825,39.041281,-8.949745,2.904,True,"Carregado / Azambuja (events: 2022, 2026)"
4826,39.041069,-8.94984,3.376,True,"Carregado / Azambuja (events: 2022, 2026)"
4827,39.040857,-8.949936,3.802,True,"Carregado / Azambuja (events: 2022, 2026)"
4828,39.040645,-8.950032,4.056,True,"Carregado / Azambuja (events: 2022, 2026)"
4829,39.040432,-8.950128,4.069,True,"Carregado / Azambuja (events: 2022, 2026)"
4830,39.04022,-8.950224,3.99,True,"Carregado / Azambuja (events: 2022, 2026)"
4831,39.040008,-8.95032,3.888,True,"Carregado / Azambuja (events: 2022, 2026)"
4832,39.039796,-8.950416,3.866,True,"Carregado / Azambuja (events: 2022, 2026)"
4833,39.039584,-8.950511,4.056,True,"Carregado / Azambuja (events: 2022, 2026)"
4834,39.039372,-8.950607,4.39,True,"Carregado / Azambuja (events: 2022, 2026)"
4835,39.03916,-8.950703,4.685,True,"Carregado / Azambuja (events: 2022, 2026)"
4836,39.038947,-8.950799,4.839,True,"Carregado / Azambuja (events: 2022, 2026)"
4837,39.038735,-8.950895,4.709,True,"Carregado / Azambuja (events: 2022, 2026)"
4838,39.038523,-8.950991,4.42,True,"Carregado / Azambuja (events: 2022, 2026)"
4839,39.038311,-8.951087,4.423,True,"Carregado / Azambuja (events: 2022, 2026)"
4840,39.038099,-8.951182,4.712,True,"Carregado / Azambuja (events: 2022, 2026)"
4841,39.037887,-8.951278,5.216,False,"Carregado / Azambuja (events: 2022, 2026)"
4842,39.037675,-8.951374,5.842,False,"Carregado / Azambuja (events: 2022, 2026)"
4843,39.037462,-8.95147,6.629,False,"Carregado / Azambuja (events: 2022, 2026)"
4844,39.03725,-8.951566,7.673,False,"Carregado / Azambuja (events: 2022, 2026)"
4845,39.037038,-8.951662,8.887,False,"Carregado / Azambuja (events: 2022, 2026)"
4846,39.036826,-8.951757,10.01,False,"Carregado / Azambuja (events: 2022, 2026)"
4847,39.036614,-8.951853,10.86,False,"Carregado / Azambuja (events: 2022, 2026)"
4848,39.036402,-8.951949,11.626,False,"Carregado / Azambuja (events: 2022, 2026)"
4849,39.03619,-8.952045,12.647,False,"Carregado / Azambuja (events: 2022, 2026)"
4850,39.035977,-8.952141,13.725,False,"Carregado / Azambuja (events: 2022, 2026)"
4851,39.035765,-8.952237,14.854,False,"Carregado / Azambuja (events: 2022, 2026)"
4852,39.035553,-8.952333,15.289,False,"Carregado / Azambuja (events: 2022, 2026)"
4853,39.035341,-8.952428,14.982,False,"Carregado / Azambuja (events: 2022, 2026)"
4854,39.035129,-8.952524,13.927,False,"Carregado / Azambuja (events: 2022, 2026)"
4855,39.034917,-8.95262,12.847,False,"Carregado / Azambuja (events: 2022, 2026)"
4856,39.034704,-8.952716,11.857,False,"Carregado / Azambuja (events: 2022, 2026)"
4857,39.034492,-8.952812,11.083,False,"Carregado / Azambuja (events: 2022, 2026)"
4858,39.03428,-8.952908,10.526,False,"Carregado / Azambuja (events: 2022, 2026)"
4859,39.034068,-8.953004,10.117,False,"Carregado / Azambuja (events: 2022, 2026)"
4860,39.033856,-8.953099,10.047,False,"Carregado / Azambuja (events: 2022, 2026)"
4861,39.033644,-8.953195,10.435,False,"Carregado / Azambuja (events: 2022, 2026)"
4862,39.033432,-8.953291,11.102,False,"Carregado / Azambuja (events: 2022, 2026)"
4863,39.033219,-8.953387,11.805,False,"Carregado / Azambuja (events: 2022, 2026)"
4864,39.033007,-8.953483,12.546,False,"Carregado / Azambuja (events: 2022, 2026)"
4865,39.032795,-8.953579,13.228,False,"Carregado / Azambuja (events: 2022, 2026)"
4866,39.032583,-8.953675,13.961,False,"Carregado / Azambuja (events: 2022, 2026)"
4867,39.032371,-8.95377,14.656,False,"Carregado / Azambuja (events: 2022, 2026)"
4868,39.032159,-8.953866,15.33,False,"Carregado / Azambuja (events: 2022, 2026)"
4869,39.031947,-8.953962,16.117,False,"Carregado / Azambuja (events: 2022, 2026)"
4870,39.031734,-8.954058,16.896,False,"Carregado / Azambuja (events: 2022, 2026)"
4871,39.031522,-8.954154,17.106,False,"Carregado / Azambuja (events: 2022, 2026)"
4872,39.03131,-8.95425,16.922,False,"Carregado / Azambuja (events: 2022, 2026)"
4873,39.031098,-8.954346,16.46,False,"Carregado / Azambuja (events: 2022, 2026)"
4874,39.030886,-8.954441,16.025,False,"Carregado / Azambuja (events: 2022, 2026)"
4875,39.030674,-8.954537,15.724,False,"Carregado / Azambuja (events: 2022, 2026)"
4876,39.030462,-8.954633,15.276,False,"Carregado / Azambuja (events: 2022, 2026)"
4877,39.030249,-8.954729,14.552,False,"Carregado / Azambuja (events: 2022, 2026)"
4878,39.030037,-8.954825,13.596,False,"Carregado / Azambuja (events: 2022, 2026)"
4879,39.029825,-8.954921,12.512,False,"Carregado / Azambuja (events: 2022, 2026)"
4880,39.029613,-8.955016,11.391,False,"Carregado / Azambuja (events: 2022, 2026)"
4881,39.029401,-8.955112,10.345,False,"Carregado / Azambuja (events: 2022, 2026)"
4882,39.029189,-8.955208,9.427,False,"Carregado / Azambuja (events: 2022, 2026)"
4883,39.028977,-8.955304,8.961,False,"Carregado / Azambuja (events: 2022, 2026)"
4884,39.028764,-8.9554,9.158,False,"Carregado / Azambuja (events: 2022, 2026)"
4885,39.028552,-8.955496,9.656,False,"Carregado / Azambuja (events: 2022, 2026)"
4886,39.02834,-8.955592,10.348,False,"Carregado / Azambuja (events: 2022, 2026)"
4887,39.028128,-8.955687,11.331,False,"Carregado / Azambuja (events: 2022, 2026)"
4888,39.027916,-8.955783,12.189,False,"Carregado / Azambuja (events: 2022, 2026)"
4889,39.027704,-8.955879,12.96,False,"Carregado / Azambuja (events: 2022, 2026)"
4890,39.027492,-8.955975,13.477,False,"Carregado / Azambuja (events: 2022, 2026)"
4891,39.027279,-8.956071,13.781,False,"Carregado / Azambuja (events: 2022, 2026)"
4892,39.027067,-8.956167,13.851,False,"Carregado / Azambuja (events: 2022, 2026)"
4893,39.026855,-8.956263,14.082,False,"Carregado / Azambuja (events: 2022, 2026)"
4894,39.026643,-8.956358,14.196,False,"Carregado / Azambuja (events: 2022, 2026)"
4895,39.026431,-8.956454,13.702,False,"Carregado / Azambuja (events: 2022, 2026)"
4896,39.026219,-8.95655,12.056,False,"Carregado / Azambuja (events: 2022, 2026)"
4897,39.026006,-8.956646,10.223,False,"Carregado / Azambuja (events: 2022, 2026)"
4898,39.025794,-8.956742,8.587,False,"Carregado / Azambuja (events: 2022, 2026)"
4899,39.025582,-8.956838,7.44,False,"Carregado / Azambuja (events: 2022, 2026)"
4900,39.02537,-8.956934,6.569,False,"Carregado / Azambuja (events: 2022, 2026)"
4901,39.025158,-8.957029,5.874,False,"Carregado / Azambuja (events: 2022, 2026)"
4902,39.024946,-8.957125,5.177,False,"Carregado / Azambuja (events: 2022, 2026)"
4903,39.024734,-8.957221,4.541,True,"Carregado / Azambuja (events: 2022, 2026)"
4904,39.024521,-8.957317,4.332,True,"Carregado / Azambuja (events: 2022, 2026)"
4905,39.024309,-8.957413,4.295,True,"Carregado / Azambuja (events: 2022, 2026)"
4906,39.024097,-8.957509,4.166,True,"Carregado / Azambuja (events: 2022, 2026)"
4907,39.023885,-8.957605,3.952,True,"Carregado / Azambuja (events: 2022, 2026)"
4908,39.023673,-8.9577,3.536,True,"Carregado / Azambuja (events: 2022, 2026)"
4909,39.023461,-8.957796,3.13,True,"Carregado / Azambuja (events: 2022, 2026)"
4910,39.023249,-8.957892,3.383,True,"Carregado / Azambuja (events: 2022, 2026)"
4911,39.023036,-8.957988,4.449,True,"Carregado / Azambuja (events: 2022, 2026)"
4912,39.022824,-8.958084,5.702,False,"Carregado / Azambuja (events: 2022, 2026)"
4913,39.022612,-8.95818,6.909,False,"Carregado / Azambuja (events: 2022, 2026)"
4914,39.0224,-8.958275,8.049,False,"Carregado / Azambuja (events: 2022, 2026)"
4915,39.022188,-8.958371,9.2,False,"Carregado / Azambuja (events: 2022, 2026)"
4916,39.021976,-8.958467,10.581,False,"Carregado / Azambuja (events: 2022, 2026)"
4917,39.021764,-8.958563,12.263,False,"Carregado / Azambuja (events: 2022, 2026)"
4918,39.021551,-8.958659,13.389,False,"Carregado / Azambuja (events: 2022, 2026)"
4919,39.021339,-8.958755,13.851,False,"Carregado / Azambuja (events: 2022, 2026)"
4920,39.021127,-8.958851,13.71,False,"Carregado / Azambuja (events: 2022, 2026)"
4921,39.020915,-8.958946,13.317,False,"Carregado / Azambuja (events: 2022, 2026)"
4922,39.020703,-8.959042,12.292,False,"Carregado / Azambuja (events: 2022, 2026)"
4923,39.020491,-8.959138,11.004,False,"Carregado / Azambuja (events: 2022, 2026)"
4924,39.020279,-8.959234,9.927,False,"Carregado / Azambuja (events: 2022, 2026)"
4925,39.020066,-8.95933,9.028,False,"Carregado / Azambuja (events: 2022, 2026)"
4926,39.019854,-8.959426,8.072,False,"Carregado / Azambuja (events: 2022, 2026)"
4927,39.019642,-8.959522,7.38,False,"Carregado / Azambuja (events: 2022, 2026)"
4928,39.01943,-8.959617,6.564,False,"Carregado / Azambuja (events: 2022, 2026)"
4929,39.019218,-8.959713,6.041,False,"Carregado / Azambuja (events: 2022, 2026)"
4930,39.019006,-8.959809,6.107,False,"Carregado / Azambuja (events: 2022, 2026)"
4931,39.018794,-8.959905,7.099,False,"Carregado / Azambuja (events: 2022, 2026)"
4932,39.018581,-8.960001,8.021,False,"Carregado / Azambuja (events: 2022, 2026)"
4933,39.018369,-8.960097,8.513,False,"Carregado / Azambuja (events: 2022, 2026)"
4934,39.018157,-8.960193,9.05,False,"Carregado / Azambuja (events: 2022, 2026)"
4935,39.017945,-8.960288,9.78,False,"Carregado / Azambuja (events: 2022, 2026)"
4936,39.017733,-8.960384,10.036,False,"Carregado / Azambuja (events: 2022, 2026)"
4937,39.017521,-8.96048,9.843,False,"Carregado / Azambuja (events: 2022, 2026)"
4938,39.017308,-8.960576,9.633,False,"Carregado / Azambuja (events: 2022, 2026)"
4939,39.017096,-8.960672,9.413,False,"Carregado / Azambuja (events: 2022, 2026)"
4940,39.016884,-8.960768,9.472,False,"Carregado / Azambuja (events: 2022, 2026)"
4941,39.016672,-8.960864,9.486,False,"Carregado / Azambuja (events: 2022, 2026)"
4942,39.01646,-8.960959,9.353,False,"Carregado / Azambuja (events: 2022, 2026)"
4943,39.016248,-8.961055,9.18,False,"Carregado / Azambuja (events: 2022, 2026)"
4944,39.016036,-8.961151,9.06,False,"Carregado / Azambuja (events: 2022, 2026)"
4945,39.015823,-8.961247,9.085,False,"Carregado / Azambuja (events: 2022, 2026)"
4946,39.015611,-8.961343,9.117,False,"Carregado / Azambuja (events: 2022, 2026)"
4947,39.015399,-8.961439,9.282,False,"Carregado / Azambuja (events: 2022, 2026)"
4948,39.015187,-8.961535,9.285,False,"Carregado / Azambuja (events: 2022, 2026)"
4949,39.014975,-8.96163,9.175,False,"Carregado / Azambuja (events: 2022, 2026)"
4950,39.014763,-8.961726,8.711,False,"Carregado / Azambuja (events: 2022, 2026)"
4951,39.014551,-8.961822,7.906,False,"Carregado / Azambuja (events: 2022, 2026)"
4952,39.014338,-8.961918,6.966,False,"Carregado / Azambuja (events: 2022, 2026)"
4953,39.014126,-8.962014,6.305,False,"Carregado / Azambuja (events: 2022, 2026)"
4954,39.013914,-8.96211,6.337,False,"Carregado / Azambuja (events: 2022, 2026)"
4955,39.013702,-8.962205,7.07,False,"Carregado / Azambuja (events: 2022, 2026)"
4956,39.01349,-8.962301,8.096,False,"Carregado / Azambuja (events: 2022, 2026)"
4957,39.013278,-8.962397,8.664,False,"Carregado / Azambuja (events: 2022, 2026)"
4958,39.013066,-8.962493,7.815,False,"Carregado / Azambuja (events: 2022, 2026)"
4959,39.012853,-8.962589,6.683,False,"Carregado / Azambuja (events: 2022, 2026)"
4960,39.012641,-8.962685,5.679,False,"Carregado / Azambuja (events: 2022, 2026)"
4961,39.012429,-8.962781,4.878,True,"Carregado / Azambuja (events: 2022, 2026)"
4962,39.012217,-8.962876,4.372,True,"Carregado / Azambuja (events: 2022, 2026)"
4963,39.012005,-8.962972,4.378,True,"Carregado / Azambuja (events: 2022, 2026)"
4964,39.011793,-8.963068,4.622,True,"Carregado / Azambuja (events: 2022, 2026)"
4965,39.011581,-8.963164,4.751,True,"Carregado / Azambuja (events: 2022, 2026)"
4966,39.011368,-8.96326,4.545,True,"Carregado / Azambuja (events: 2022, 2026)"
4967,39.011156,-8.963356,4.187,True,"Carregado / Azambuja (events: 2022, 2026)"
4968,39.010944,-8.963452,3.731,True,"Carregado / Azambuja (events: 2022, 2026)"
4969,39.010732,-8.963547,3.308,True,"Carregado / Azambuja (events: 2022, 2026)"
4970,39.01052,-8.963643,3.185,True,"Carregado / Azambuja (events: 2022, 2026)"
4971,39.010308,-8.963739,3.455,True,"Carregado / Azambuja (events: 2022, 2026)"
4972,39.010095,-8.963835,3.699,True,"Carregado / Azambuja (events: 2022, 2026)"
4973,39.009883,-8.963931,3.87,True,"Carregado / Azambuja (events: 2022, 2026)"
4974,39.009671,-8.964027,3.844,True,"Carregado / Azambuja (events: 2022, 2026)"
4975,39.009459,-8.964123,3.639,True,"Carregado / Azambuja (events: 2022, 2026)"
4976,39.009247,-8.964218,3.495,True,"Carregado / Azambuja (events: 2022, 2026)"
4977,39.009035,-8.964314,3.504,True,"Carregado / Azambuja (events: 2022, 2026)"
4978,39.008823,-8.96441,3.946,True,"Carregado / Azambuja (events: 2022, 2026)"
4979,39.00861,-8.964506,4.586,True,"Carregado / Azambuja (events: 2022, 2026)"
4980,39.008398,-8.964602,5.238,False,"Carregado / Azambuja (events: 2022, 2026)"
4981,39.008186,-8.964698,5.801,False,"Carregado / Azambuja (events: 2022, 2026)"
4982,39.007974,-8.964794,5.952,False,"Carregado / Azambuja (events: 2022, 2026)"
4983,39.007762,-8.964889,5.935,False,"Carregado / Azambuja (events: 2022, 2026)"
4984,39.00755,-8.964985,5.773,False,"Carregado / Azambuja (events: 2022, 2026)"
4985,39.007338,-8.965081,5.334,False,"Carregado / Azambuja (events: 2022, 2026)"
4986,39.007125,-8.965177,4.569,True,"Carregado / Azambuja (events: 2022, 2026)"
4987,39.006913,-8.965273,3.677,True,"Carregado / Azambuja (events: 2022, 2026)"
4988,39.006701,-8.965369,2.7,True,"Carregado / Azambuja (events: 2022, 2026)"
4989,39.006489,-8.965464,2.129,True,"Carregado / Azambuja (events: 2022, 2026)"
4990,39.006277,-8.96556,2.399,True,"Carregado / Azambuja (events: 2022, 2026)"
4991,39.006065,-8.965656,3.417,True,"Carregado / Azambuja (events: 2022, 2026)"
4992,39.005853,-8.965752,4.313,True,"Carregado / Azambuja (events: 2022, 2026)"
4993,39.00564,-8.965848,4.647,True,"Carregado / Azambuja (events: 2022, 2026)"
4994,39.005428,-8.965944,4.855,True,"Carregado / Azambuja (events: 2022, 2026)"
4995,39.005216,-8.96604,4.899,True,"Carregado / Azambuja (events: 2022, 2026)"
4996,39.005004,-8.966135,5.086,False,"Carregado / Azambuja (events: 2022, 2026)"
4997,39.004792,-8.966231,5.336,False,"Carregado / Azambuja (events: 2022, 2026)"
4998,39.00458,-8.966327,5.667,False,"Carregado / Azambuja (events: 2022, 2026)"
4999,39.004368,-8.966423,6.081,False,"Carregado / Azambuja (events: 2022, 2026)"
5000,39.004155,-8.966519,6.363,False,"Carregado / Azambuja (events: 2022, 2026)"
5001,39.003943,-8.966615,6.357,False,"Carregado / Azambuja (events: 2022, 2026)"
5002,39.003731,-8.966711,6.225,False,"Carregado / Azambuja (events: 2022, 2026)"
5003,39.003519,-8.966806,5.991,False,"Carregado / Azambuja (events: 2022, 2026)"
5004,39.003307,-8.966902,5.795,False,"Carregado / Azambuja (events: 2022, 2026)"
5005,39.003095,-8.966998,5.65,False,"Carregado / Azambuja (events: 2022, 2026)"
5006,39.002883,-8.967094,5.516,False,"Carregado / Azambuja (events: 2022, 2026)"
5007,39.00267,-8.96719,5.375,False,"Carregado / Azambuja (events: 2022, 2026)"
5008,39.002458,-8.967286,5.064,False,"Carregado / Azambuja (events: 2022, 2026)"
5009,39.002246,-8.967382,4.643,True,"Carregado / Azambuja (events: 2022, 2026)"
5010,39.002034,-8.967477,4.264,True,"Carregado / Azambuja (events: 2022, 2026)"
5011,39.001822,-8.967573,4.111,True,"Carregado / Azambuja (events: 2022, 2026)"
5012,39.00161,-8.967669,4.467,True,"Carregado / Azambuja (events: 2022, 2026)"
5013,39.001397,-8.967765,5.021,False,"Carregado / Azambuja (events: 2022, 2026)"
5014,39.001185,-8.967861,5.593,False,"Carregado / Azambuja (events: 2022, 2026)"
5015,39.000973,-8.967957,6.041,False,"Carregado / Azambuja (events: 2022, 2026)"
5016,39.000761,-8.968053,6.372,False,"Carregado / Azambuja (events: 2022, 2026)"
5017,39.000549,-8.968148,6.588,False,"Carregado / Azambuja (events: 2022, 2026)"
5018,39.000337,-8.968244,6.677,False,"Carregado / Azambuja (events: 2022, 2026)"
5019,39.000125,-8.96834,6.609,False,"Carregado / Azambuja (events: 2022, 2026)"
5020,38.999912,-8.968436,6.567,False,"Carregado / Azambuja (events: 2022, 2026)"
5021,38.9997,-8.968532,6.651,False,"Carregado / Azambuja (events: 2022, 2026)"
5022,38.999488,-8.968628,6.838,False,"Carregado / Azambuja (events: 2022, 2026)"
5023,38.999276,-8.968723,7.166,False,"Carregado / Azambuja (events: 2022, 2026)"
5024,38.999064,-8.968819,7.589,False,"Carregado / Azambuja (events: 2022, 2026)"
5025,38.998852,-8.968915,8.011,False,"Carregado / Azambuja (events: 2022, 2026)"
5026,38.99864,-8.969011,8.454,False,"Carregado / Azambuja (events: 2022, 2026)"
5027,38.998427,-8.969107,8.839,False,"Carregado / Azambuja (events: 2022, 2026)"
5028,38.998215,-8.969203,9.161,False,"Carregado / Azambuja (events: 2022, 2026)"
5029,38.998003,-8.969299,9.311,False,"Carregado / Azambuja (events: 2022, 2026)"
5030,38.997791,-8.969394,9.337,False,"Carregado / Azambuja (events: 2022, 2026)"
5031,38.997579,-8.96949,9.266,False,"Carregado / Azambuja (events: 2022, 2026)"
5032,38.997367,-8.969586,9.265,False,"Carregado / Azambuja (events: 2022, 2026)"
5033,38.997155,-8.969682,9.367,False,"Carregado / Azambuja (events: 2022, 2026)"
5034,38.996942,-8.969778,9.658,False,"Carregado / Azambuja (events: 2022, 2026)"
5035,38.99673,-8.969874,10.023,False,"Carregado / Azambuja (events: 2022, 2026)"
5036,38.996518,-8.96997,10.516,False,"Carregado / Azambuja (events: 2022, 2026)"
5037,38.996306,-8.970065,10.933,False,"Carregado / Azambuja (events: 2022, 2026)"
5038,38.996094,-8.970161,11.326,False,"Carregado / Azambuja (events: 2022, 2026)"
5039,38.995882,-8.970257,11.756,False,"Carregado / Azambuja (events: 2022, 2026)"
5040,38.99567,-8.970353,12.176,False,"Carregado / Azambuja (events: 2022, 2026)"
5041,38.995457,-8.970449,12.487,False,"Carregado / Azambuja (events: 2022, 2026)"
5042,38.995245,-8.970545,12.449,False,"Carregado / Azambuja (events: 2022, 2026)"
5043,38.995033,-8.970641,12.365,False,"Carregado / Azambuja (events: 2022, 2026)"
5044,38.994821,-8.970736,12.358,False,"Carregado / Azambuja (events: 2022, 2026)"
5045,38.994609,-8.970832,12.462,False,"Carregado / Azambuja (events: 2022, 2026)"
5046,38.994397,-8.970928,12.702,False,"Carregado / Azambuja (events: 2022, 2026)"
5047,38.994185,-8.971024,12.993,False,"Carregado / Azambuja (events: 2022, 2026)"
5048,38.993972,-8.97112,13.454,False,"Carregado / Azambuja (events: 2022, 2026)"
5049,38.99376,-8.971216,14.073,False,"Carregado / Azambuja (events: 2022, 2026)"
5050,38.993548,-8.971312,14.767,False,"Carregado / Azambuja (events: 2022, 2026)"
5051,38.993336,-8.971407,15.438,False,"Carregado / Azambuja (events: 2022, 2026)"
5052,38.993124,-8.971503,15.987,False,"Carregado / Azambuja (events: 2022, 2026)"
5053,38.992912,-8.971599,16.375,False,"Carregado / Azambuja (events: 2022, 2026)"
5054,38.992699,-8.971695,16.651,False,"Carregado / Azambuja (events: 2022, 2026)"
5055,38.992487,-8.971791,16.964,False,"Carregado / Azambuja (events: 2022, 2026)"
5056,38.992275,-8.971887,17.162,False,"Carregado / Azambuja (events: 2022, 2026)"
5057,38.992063,-8.971982,17.13,False,"Carregado / Azambuja (events: 2022, 2026)"
5058,38.991851,-8.972078,16.956,False,"Carregado / Azambuja (events: 2022, 2026)"
5059,38.991639,-8.972174,16.65,False,"Carregado / Azambuja (events: 2022, 2026)"
5060,38.991427,-8.97227,16.23,False,"Carregado / Azambuja (events: 2022, 2026)"
5061,38.991214,-8.972366,15.792,False,"Carregado / Azambuja (events: 2022, 2026)"
5062,38.991002,-8.972462,15.795,False,"Carregado / Azambuja (events: 2022, 2026)"
5063,38.99079,-8.972558,16.113,False,"Carregado / Azambuja (events: 2022, 2026)"
5064,38.990578,-8.972653,16.317,False,"Carregado / Azambuja (events: 2022, 2026)"
5065,38.990366,-8.972749,16.721,False,"Carregado / Azambuja (events: 2022, 2026)"
5066,38.990154,-8.972845,17.271,False,"Carregado / Azambuja (events: 2022, 2026)"
5067,38.989942,-8.972941,18.407,False,"Carregado / Azambuja (events: 2022, 2026)"
5068,38.989729,-8.973037,20.161,False,"Carregado / Azambuja (events: 2022, 2026)"
5069,38.989517,-8.973133,22.026,False,"Carregado / Azambuja (events: 2022, 2026)"
5070,38.989305,-8.973229,23.515,False,"Carregado / Azambuja (events: 2022, 2026)"
5071,38.989093,-8.973324,24.321,False,"Carregado / Azambuja (events: 2022, 2026)"
5072,38.988881,-8.97342,25.373,False,"Carregado / Azambuja (events: 2022, 2026)"
5073,38.988669,-8.973516,26.5,False,"Carregado / Azambuja (events: 2022, 2026)"
5074,38.988457,-8.973612,27.491,False,"Carregado / Azambuja (events: 2022, 2026)"
5075,38.988244,-8.973708,28.227,False,"Carregado / Azambuja (events: 2022, 2026)"
5076,38.988032,-8.973804,28.775,False,"Carregado / Azambuja (events: 2022, 2026)"
5077,38.98782,-8.9739,28.811,False,"Carregado / Azambuja (events: 2022, 2026)"
5078,38.987608,-8.973995,27.908,False,"Carregado / Azambuja (events: 2022, 2026)"
5079,38.987396,-8.974091,26.015,False,"Carregado / Azambuja (events: 2022, 2026)"
5080,38.987184,-8.974187,23.48,False,"Carregado / Azambuja (events: 2022, 2026)"
5081,38.986972,-8.974283,21.151,False,"Carregado / Azambuja (events: 2022, 2026)"
5082,38.986759,-8.974379,18.777,False,"Carregado / Azambuja (events: 2022, 2026)"
5083,38.986547,-8.974475,16.972,False,"Carregado / Azambuja (events: 2022, 2026)"
5084,38.986335,-8.974571,15.791,False,"Carregado / Azambuja (events: 2022, 2026)"
5085,38.986123,-8.974666,14.99,False,"Carregado / Azambuja (events: 2022, 2026)"
5086,38.985911,-8.974762,14.742,False,"Carregado / Azambuja (events: 2022, 2026)"
5087,38.985699,-8.974858,15.195,False,"Carregado / Azambuja (events: 2022, 2026)"
5088,38.985487,-8.974954,16.232,False,"Carregado / Azambuja (events: 2022, 2026)"
5089,38.985274,-8.97505,17.376,False,"Carregado / Azambuja (events: 2022, 2026)"
5090,38.985062,-8.975146,18.266,False,"Carregado / Azambuja (events: 2022, 2026)"
5091,38.98485,-8.975242,19.264,False,"Carregado / Azambuja (events: 2022, 2026)"
5092,38.984638,-8.975337,20.096,False,"Carregado / Azambuja (events: 2022, 2026)"
5093,38.984426,-8.975433,20.512,False,"Carregado / Azambuja (events: 2022, 2026)"
5094,38.984214,-8.975529,20.791,False,"Carregado / Azambuja (events: 2022, 2026)"
5095,38.984001,-8.975625,21.14,False,"Carregado / Azambuja (events: 2022, 2026)"
5096,38.983789,-8.975721,21.651,False,"Carregado / Azambuja (events: 2022, 2026)"
5097,38.983577,-8.975817,21.652,False,"Carregado / Azambuja (events: 2022, 2026)"
5098,38.983365,-8.975912,21.514,False,"Carregado / Azambuja (events: 2022, 2026)"
5099,38.983153,-8.976008,21.512,False,"Carregado / Azambuja (events: 2022, 2026)"
5100,38.982941,-8.976104,21.538,False,"Carregado / Azambuja (events: 2022, 2026)"
5101,38.982729,-8.9762,21.122,False,"Carregado / Azambuja (events: 2022, 2026)"
5102,38.982516,-8.976296,20.251,False,"Carregado / Azambuja (events: 2022, 2026)"
5103,38.982304,-8.976392,19.491,False,"Carregado / Azambuja (events: 2022, 2026)"
5104,38.982092,-8.976488,18.786,False,"Carregado / Azambuja (events: 2022, 2026)"
5105,38.98188,-8.976583,18.142,False,"Carregado / Azambuja (events: 2022, 2026)"
5106,38.981668,-8.976679,17.689,False,"Carregado / Azambuja (events: 2022, 2026)"
5107,38.981456,-8.976775,17.469,False,"Carregado / Azambuja (events: 2022, 2026)"
5108,38.981244,-8.976871,17.663,False,"Carregado / Azambuja (events: 2022, 2026)"
5109,38.981031,-8.976967,18.403,False,"Carregado / Azambuja (events: 2022, 2026)"
5110,38.980819,-8.977063,19.361,False,"Carregado / Azambuja (events: 2022, 2026)"
5111,38.980607,-8.977159,19.729,False,"Carregado / Azambuja (events: 2022, 2026)"
5112,38.980395,-8.977254,19.076,False,"Carregado / Azambuja (events: 2022, 2026)"
5113,38.980183,-8.97735,18.433,False,"Carregado / Azambuja (events: 2022, 2026)"
5114,38.979971,-8.977446,18.911,False,"Carregado / Azambuja (events: 2022, 2026)"
5115,38.979759,-8.977542,19.328,False,"Carregado / Azambuja (events: 2022, 2026)"
5116,38.979546,-8.977638,18.275,False,"Carregado / Azambuja (events: 2022, 2026)"
5117,38.979334,-8.977734,15.44,False,"Carregado / Azambuja (events: 2022, 2026)"
5118,38.979122,-8.97783,13.24,False,"Carregado / Azambuja (events: 2022, 2026)"
5119,38.97891,-8.977925,12.513,False,"Carregado / Azambuja (events: 2022, 2026)"
5120,38.978698,-8.978021,13.326,False,"Carregado / Azambuja (events: 2022, 2026)"
5121,38.978486,-8.978117,15.814,False,"Carregado / Azambuja (events: 2022, 2026)"
5122,38.978274,-8.978213,17.776,False,"Carregado / Azambuja (events: 2022, 2026)"
5123,38.978061,-8.978309,18.044,False,"Carregado / Azambuja (events: 2022, 2026)"
5124,38.977849,-8.978405,17.044,False,"Carregado / Azambuja (events: 2022, 2026)"
5125,38.977637,-8.978501,16.316,False,"Carregado / Azambuja (events: 2022, 2026)"
5126,38.977425,-8.978596,16.324,False,"Carregado / Azambuja (events: 2022, 2026)"
5127,38.977213,-8.978692,16.593,False,"Carregado / Azambuja (events: 2022, 2026)"
5128,38.977001,-8.978788,17.081,False,"Carregado / Azambuja (events: 2022, 2026)"
5129,38.976788,-8.978884,17.566,False,"Carregado / Azambuja (events: 2022, 2026)"
5130,38.976576,-8.97898,18.094,False,"Carregado / Azambuja (events: 2022, 2026)"
5131,38.976364,-8.979076,18.549,False,"Carregado / Azambuja (events: 2022, 2026)"
5132,38.976152,-8.979171,19.012,False,"Carregado / Azambuja (events: 2022, 2026)"
5133,38.97594,-8.979267,19.441,False,"Carregado / Azambuja (events: 2022, 2026)"
5134,38.975728,-8.979363,19.607,False,"Carregado / Azambuja (events: 2022, 2026)"
5135,38.975516,-8.979459,19.394,False,"Carregado / Azambuja (events: 2022, 2026)"
5136,38.975303,-8.979555,18.881,False,"Carregado / Azambuja (events: 2022, 2026)"
5137,38.975091,-8.979651,18.161,False,"Carregado / Azambuja (events: 2022, 2026)"
5138,38.974879,-8.979747,17.528,False,Vila Franca de Xira approach (events: 2026)
5139,38.974667,-8.979842,16.949,False,Vila Franca de Xira approach (events: 2026)
5140,38.974455,-8.979938,16.637,False,Vila Franca de Xira approach (events: 2026)
5141,38.974243,-8.980034,16.471,False,Vila Franca de Xira approach (events: 2026)
5142,38.974031,-8.98013,16.1,False,Vila Franca de Xira approach (events: 2026)
5143,38.973818,-8.980226,15.198,False,Vila Franca de Xira approach (events: 2026)
5144,38.973606,-8.980322,14.455,False,Vila Franca de Xira approach (events: 2026)
5145,38.973394,-8.980418,13.552,False,Vila Franca de Xira approach (events: 2026)
5146,38.973182,-8.980513,12.532,False,Vila Franca de Xira approach (events: 2026)
5147,38.97297,-8.980609,11.561,False,Vila Franca de Xira approach (events: 2026)
5148,38.972758,-8.980705,10.776,False,Vila Franca de Xira approach (events: 2026)
5149,38.972546,-8.980801,10.237,False,Vila Franca de Xira approach (events: 2026)
5150,38.972333,-8.980897,9.482,False,Vila Franca de Xira approach (events: 2026)
5151,38.972121,-8.980993,9.214,False,Vila Franca de Xira approach (events: 2026)
5152,38.971909,-8.981089,8.936,False,Vila Franca de Xira approach (events: 2026)
5153,38.971697,-8.981184,8.585,False,Vila Franca de Xira approach (events: 2026)
5154,38.971485,-8.98128,8.36,False,Vila Franca de Xira approach (events: 2026)
5155,38.971273,-8.981376,8.356,False,Vila Franca de Xira approach (events: 2026)
5156,38.971061,-8.981472,8.665,False,Vila Franca de Xira approach (events: 2026)
5157,38.970848,-8.981568,8.907,False,Vila Franca de Xira approach (events: 2026)
5158,38.970636,-8.981664,8.967,False,Vila Franca de Xira approach (events: 2026)
5159,38.970424,-8.98176,8.95,False,Vila Franca de Xira approach (events: 2026)
5160,38.970212,-8.981855,9.003,False,Vila Franca de Xira approach (events: 2026)
5161,38.97,-8.981951,9.182,False,Vila Franca de Xira approach (events: 2026)
5162,38.969788,-8.982047,9.469,False,Vila Franca de Xira approach (events: 2026)
5163,38.969576,-8.982143,9.681,False,Vila Franca de Xira approach (events: 2026)
5164,38.969363,-8.982239,9.822,False,Vila Franca de Xira approach (events: 2026)
5165,38.969151,-8.982335,9.948,False,Vila Franca de Xira approach (events: 2026)
5166,38.968939,-8.98243,10.061,False,Vila Franca de Xira approach (events: 2026)
5167,38.968727,-8.982526,10.105,False,Vila Franca de Xira approach (events: 2026)
5168,38.968515,-8.982622,10.004,False,Vila Franca de Xira approach (events: 2026)
5169,38.968303,-8.982718,9.896,False,Vila Franca de Xira approach (events: 2026)
5170,38.96809,-8.982814,9.88,False,Vila Franca de Xira approach (events: 2026)
5171,38.967878,-8.98291,10.149,False,Vila Franca de Xira approach (events: 2026)
5172,38.967666,-8.983006,10.496,False,Vila Franca de Xira approach (events: 2026)
5173,38.967454,-8.983101,10.796,False,Vila Franca de Xira approach (events: 2026)
5174,38.967242,-8.983197,10.816,False,Vila Franca de Xira approach (events: 2026)
5175,38.96703,-8.983293,10.593,False,Vila Franca de Xira approach (events: 2026)
5176,38.966818,-8.983389,10.264,False,Vila Franca de Xira approach (events: 2026)
5177,38.966605,-8.983485,9.815,False,Vila Franca de Xira approach (events: 2026)
5178,38.966393,-8.983581,9.414,False,Vila Franca de Xira approach (events: 2026)
5179,38.966181,-8.983677,8.959,False,Vila Franca de Xira approach (events: 2026)
5180,38.965969,-8.983772,8.585,False,Vila Franca de Xira approach (events: 2026)
5181,38.965757,-8.983868,8.291,False,Vila Franca de Xira approach (events: 2026)
5182,38.965545,-8.983964,8.053,False,Vila Franca de Xira approach (events: 2026)
5183,38.965333,-8.98406,7.755,False,Vila Franca de Xira approach (events: 2026)
5184,38.96512,-8.984156,7.559,False,Vila Franca de Xira approach (events: 2026)
5185,38.964908,-8.984252,7.469,False,Vila Franca de Xira approach (events: 2026)
5186,38.964696,-8.984348,7.591,False,Vila Franca de Xira approach (events: 2026)
5187,38.964484,-8.984443,7.691,False,Vila Franca de Xira approach (events: 2026)
5188,38.964383,-8.984501,7.905,False,Vila Franca de Xira approach (events: 2026)
5189,38.964604,-8.984447,7.921,False,Vila Franca de Xira approach (events: 2026)
5190,38.964781,-8.98444,8.256,False,Vila Franca de Xira approach (events: 2026)
5191,38.964651,-8.984636,9.411,False,Vila Franca de Xira approach (events: 2026)
5192,38.96443,-8.984692,9.349,False,Vila Franca de Xira approach (events: 2026)
5193,38.96421,-8.984754,9.375,False,Vila Franca de Xira approach (events: 2026)
5194,38.963993,-8.984825,9.791,False,Vila Franca de Xira approach (events: 2026)
5195,38.963775,-8.984896,10.394,False,Vila Franca de Xira approach (events: 2026)
5196,38.963564,-8.984996,11.483,False,Vila Franca de Xira approach (events: 2026)
5197,38.963353,-8.985098,12.349,False,Vila Franca de Xira approach (events: 2026)
5198,38.963143,-8.985201,13.065,False,Vila Franca de Xira approach (events: 2026)
5199,38.962936,-8.985311,13.435,False,Vila Franca de Xira approach (events: 2026)
5200,38.96273,-8.98543,14.039,False,Vila Franca de Xira approach (events: 2026)
5201,38.962525,-8.985548,15.157,False,Vila Franca de Xira approach (events: 2026)
5202,38.962322,-8.985673,16.922,False,Vila Franca de Xira approach (events: 2026)
5203,38.962123,-8.985807,19.789,False,Vila Franca de Xira approach (events: 2026)
5204,38.961928,-8.985949,22.933,False,Vila Franca de Xira approach (events: 2026)
5205,38.961735,-8.986098,25.883,False,Vila Franca de Xira approach (events: 2026)
5206,38.961542,-8.986247,28.076,False,Vila Franca de Xira approach (events: 2026)
5207,38.961349,-8.986395,28.441,False,Vila Franca de Xira approach (events: 2026)
5208,38.961553,-8.986278,28.626,False,Vila Franca de Xira approach (events: 2026)
5209,38.961758,-8.986159,26.969,False,Vila Franca de Xira approach (events: 2026)
5210,38.961963,-8.98604,24.258,False,Vila Franca de Xira approach (events: 2026)
5211,38.962168,-8.985922,20.998,False,Vila Franca de Xira approach (events: 2026)
5212,38.962373,-8.985803,18.157,False,Vila Franca de Xira approach (events: 2026)
5213,38.962578,-8.985684,16.063,False,Vila Franca de Xira approach (events: 2026)
5214,38.962783,-8.985565,14.859,False,Vila Franca de Xira approach (events: 2026)
5215,38.962988,-8.985447,14.242,False,Vila Franca de Xira approach (events: 2026)
5216,38.963193,-8.985328,13.909,False,Vila Franca de Xira approach (events: 2026)
5217,38.963398,-8.985209,13.218,False,Vila Franca de Xira approach (events: 2026)
5218,38.963603,-8.985091,12.48,False,Vila Franca de Xira approach (events: 2026)
5219,38.963808,-8.984972,11.221,False,Vila Franca de Xira approach (events: 2026)
5220,38.964013,-8.984853,10.061,False,Vila Franca de Xira approach (events: 2026)
5221,38.964218,-8.984735,9.193,False,Vila Franca de Xira approach (events: 2026)
5222,38.964423,-8.984616,8.759,False,Vila Franca de Xira approach (events: 2026)
5223,38.964628,-8.984497,8.187,False,Vila Franca de Xira approach (events: 2026)
5224,38.964836,-8.984393,8.09,False,Vila Franca de Xira approach (events: 2026)
5225,38.965059,-8.984351,8.239,False,Vila Franca de Xira approach (events: 2026)
5226,38.965281,-8.984309,8.554,False,Vila Franca de Xira approach (events: 2026)
5227,38.965503,-8.984267,8.807,False,Vila Franca de Xira approach (events: 2026)
5228,38.965726,-8.984225,8.957,False,Vila Franca de Xira approach (events: 2026)
5229,38.965948,-8.984183,9.18,False,Vila Franca de Xira approach (events: 2026)
5230,38.966171,-8.98414,9.304,False,Vila Franca de Xira approach (events: 2026)
5231,38.966392,-8.984087,9.448,False,Vila Franca de Xira approach (events: 2026)
5232,38.966612,-8.984032,9.752,False,Vila Franca de Xira approach (events: 2026)
5233,38.966832,-8.983969,10.061,False,Vila Franca de Xira approach (events: 2026)
5234,38.96705,-8.983898,10.492,False,Vila Franca de Xira approach (events: 2026)
5235,38.967268,-8.983826,10.89,False,Vila Franca de Xira approach (events: 2026)
5236,38.967483,-8.983743,11.213,False,Vila Franca de Xira approach (events: 2026)
5237,38.967698,-8.983659,11.413,False,Vila Franca de Xira approach (events: 2026)
5238,38.967911,-8.983566,11.421,False,Vila Franca de Xira approach (events: 2026)
5239,38.968123,-8.98347,11.23,False,Vila Franca de Xira approach (events: 2026)
5240,38.968331,-8.983361,10.966,False,Vila Franca de Xira approach (events: 2026)
5241,38.968533,-8.983235,10.773,False,Vila Franca de Xira approach (events: 2026)
5242,38.968735,-8.983108,10.877,False,Vila Franca de Xira approach (events: 2026)
5243,38.968937,-8.982982,10.986,False,Vila Franca de Xira approach (events: 2026)
5244,38.969133,-8.98284,10.845,False,Vila Franca de Xira approach (events: 2026)
5245,38.969328,-8.982695,10.84,False,Vila Franca de Xira approach (events: 2026)
5246,38.969541,-8.982605,10.932,False,Vila Franca de Xira approach (events: 2026)
5247,38.969755,-8.982515,11.04,False,Vila Franca de Xira approach (events: 2026)
5248,38.969968,-8.982424,11.0,False,Vila Franca de Xira approach (events: 2026)
5249,38.970182,-8.982334,10.663,False,Vila Franca de Xira approach (events: 2026)
5250,38.970396,-8.982244,10.194,False,Vila Franca de Xira approach (events: 2026)
5251,38.970609,-8.982154,9.66,False,Vila Franca de Xira approach (events: 2026)
5252,38.970823,-8.982064,9.438,False,Vila Franca de Xira approach (events: 2026)
5253,38.971037,-8.981974,9.367,False,Vila Franca de Xira approach (events: 2026)
5254,38.97125,-8.981884,9.36,False,Vila Franca de Xira approach (events: 2026)
5255,38.971464,-8.981794,9.614,False,Vila Franca de Xira approach (events: 2026)
5256,38.971678,-8.981703,10.323,False,Vila Franca de Xira approach (events: 2026)
5257,38.971891,-8.981613,11.346,False,Vila Franca de Xira approach (events: 2026)
5258,38.972105,-8.981523,12.249,False,Vila Franca de Xira approach (events: 2026)
5259,38.972318,-8.981433,13.035,False,Vila Franca de Xira approach (events: 2026)
5260,38.972532,-8.981343,13.537,False,Vila Franca de Xira approach (events: 2026)
5261,38.972746,-8.981253,13.854,False,Vila Franca de Xira approach (events: 2026)
5262,38.972959,-8.981163,14.226,False,Vila Franca de Xira approach (events: 2026)
5263,38.973173,-8.981072,14.831,False,Vila Franca de Xira approach (events: 2026)
5264,38.973387,-8.980982,15.543,False,Vila Franca de Xira approach (events: 2026)
5265,38.9736,-8.980892,16.398,False,Vila Franca de Xira approach (events: 2026)
5266,38.973814,-8.980802,17.212,False,Vila Franca de Xira approach (events: 2026)
5267,38.974028,-8.980712,17.698,False,Vila Franca de Xira approach (events: 2026)
5268,38.974241,-8.980622,17.957,False,Vila Franca de Xira approach (events: 2026)
5269,38.974455,-8.980532,17.836,False,Vila Franca de Xira approach (events: 2026)
5270,38.974668,-8.980441,17.941,False,Vila Franca de Xira approach (events: 2026)
5271,38.974882,-8.980351,18.501,False,Vila Franca de Xira approach (events: 2026)
5272,38.975096,-8.980261,19.578,False,"Carregado / Azambuja (events: 2022, 2026)"
5273,38.975309,-8.980171,20.62,False,"Carregado / Azambuja (events: 2022, 2026)"
5274,38.975523,-8.980081,21.5,False,"Carregado / Azambuja (events: 2022, 2026)"
5275,38.975737,-8.979991,22.136,False,"Carregado / Azambuja (events: 2022, 2026)"
5276,38.97595,-8.979901,22.213,False,"Carregado / Azambuja (events: 2022, 2026)"
5277,38.976164,-8.97981,21.704,False,"Carregado / Azambuja (events: 2022, 2026)"
5278,38.976378,-8.97972,21.108,False,"Carregado / Azambuja (events: 2022, 2026)"
5279,38.976591,-8.97963,20.59,False,"Carregado / Azambuja (events: 2022, 2026)"
5280,38.976805,-8.97954,20.089,False,"Carregado / Azambuja (events: 2022, 2026)"
5281,38.977018,-8.97945,19.647,False,"Carregado / Azambuja (events: 2022, 2026)"
5282,38.977232,-8.97936,19.232,False,"Carregado / Azambuja (events: 2022, 2026)"
5283,38.977446,-8.97927,18.944,False,"Carregado / Azambuja (events: 2022, 2026)"
5284,38.977659,-8.979179,18.761,False,"Carregado / Azambuja (events: 2022, 2026)"
5285,38.977873,-8.979089,18.8,False,"Carregado / Azambuja (events: 2022, 2026)"
5286,38.978087,-8.978999,18.932,False,"Carregado / Azambuja (events: 2022, 2026)"
5287,38.9783,-8.978909,19.035,False,"Carregado / Azambuja (events: 2022, 2026)"
5288,38.978514,-8.978819,18.714,False,"Carregado / Azambuja (events: 2022, 2026)"
5289,38.978728,-8.978729,17.908,False,"Carregado / Azambuja (events: 2022, 2026)"
5290,38.978941,-8.978639,17.369,False,"Carregado / Azambuja (events: 2022, 2026)"
5291,38.979155,-8.978549,17.284,False,"Carregado / Azambuja (events: 2022, 2026)"
5292,38.979368,-8.978458,17.906,False,"Carregado / Azambuja (events: 2022, 2026)"
5293,38.979582,-8.978368,19.244,False,"Carregado / Azambuja (events: 2022, 2026)"
5294,38.979796,-8.978278,21.222,False,"Carregado / Azambuja (events: 2022, 2026)"
5295,38.980009,-8.978188,22.829,False,"Carregado / Azambuja (events: 2022, 2026)"
5296,38.980223,-8.978098,23.183,False,"Carregado / Azambuja (events: 2022, 2026)"
5297,38.980437,-8.978008,23.059,False,"Carregado / Azambuja (events: 2022, 2026)"
5298,38.98065,-8.977918,23.054,False,"Carregado / Azambuja (events: 2022, 2026)"
5299,38.980864,-8.977827,22.846,False,"Carregado / Azambuja (events: 2022, 2026)"
5300,38.981077,-8.977737,22.622,False,"Carregado / Azambuja (events: 2022, 2026)"
5301,38.981291,-8.977647,22.392,False,"Carregado / Azambuja (events: 2022, 2026)"
5302,38.981505,-8.977557,23.122,False,"Carregado / Azambuja (events: 2022, 2026)"
5303,38.981718,-8.977467,24.164,False,"Carregado / Azambuja (events: 2022, 2026)"
5304,38.981932,-8.977377,25.164,False,"Carregado / Azambuja (events: 2022, 2026)"
5305,38.982146,-8.977287,26.002,False,"Carregado / Azambuja (events: 2022, 2026)"
5306,38.982359,-8.977196,26.769,False,"Carregado / Azambuja (events: 2022, 2026)"
5307,38.982573,-8.977106,27.252,False,"Carregado / Azambuja (events: 2022, 2026)"
5308,38.982787,-8.977016,27.862,False,"Carregado / Azambuja (events: 2022, 2026)"
5309,38.983,-8.976926,27.895,False,"Carregado / Azambuja (events: 2022, 2026)"
5310,38.983214,-8.976836,27.411,False,"Carregado / Azambuja (events: 2022, 2026)"
5311,38.983427,-8.976746,26.908,False,"Carregado / Azambuja (events: 2022, 2026)"
5312,38.983641,-8.976656,26.381,False,"Carregado / Azambuja (events: 2022, 2026)"
5313,38.983855,-8.976565,25.661,False,"Carregado / Azambuja (events: 2022, 2026)"
5314,38.984068,-8.976475,24.909,False,"Carregado / Azambuja (events: 2022, 2026)"
5315,38.984282,-8.976385,24.317,False,"Carregado / Azambuja (events: 2022, 2026)"
5316,38.984496,-8.976295,23.85,False,"Carregado / Azambuja (events: 2022, 2026)"
5317,38.984709,-8.976205,23.773,False,"Carregado / Azambuja (events: 2022, 2026)"
5318,38.984923,-8.976115,23.622,False,"Carregado / Azambuja (events: 2022, 2026)"
5319,38.985137,-8.976025,23.159,False,"Carregado / Azambuja (events: 2022, 2026)"
5320,38.98535,-8.975934,22.423,False,"Carregado / Azambuja (events: 2022, 2026)"
5321,38.985564,-8.975844,22.359,False,"Carregado / Azambuja (events: 2022, 2026)"
5322,38.985777,-8.975754,22.475,False,"Carregado / Azambuja (events: 2022, 2026)"
5323,38.985991,-8.975664,22.994,False,"Carregado / Azambuja (events: 2022, 2026)"
5324,38.986205,-8.975574,24.112,False,"Carregado / Azambuja (events: 2022, 2026)"
5325,38.986418,-8.975484,25.767,False,"Carregado / Azambuja (events: 2022, 2026)"
5326,38.986632,-8.975394,27.878,False,"Carregado / Azambuja (events: 2022, 2026)"
5327,38.986846,-8.975304,30.23,False,"Carregado / Azambuja (events: 2022, 2026)"
5328,38.987059,-8.975213,33.849,False,"Carregado / Azambuja (events: 2022, 2026)"
5329,38.987273,-8.975123,37.704,False,"Carregado / Azambuja (events: 2022, 2026)"
5330,38.987487,-8.975033,42.333,False,"Carregado / Azambuja (events: 2022, 2026)"
5331,38.9877,-8.974943,47.209,False,"Carregado / Azambuja (events: 2022, 2026)"
5332,38.987914,-8.974853,51.641,False,"Carregado / Azambuja (events: 2022, 2026)"
5333,38.988127,-8.974763,55.261,False,"Carregado / Azambuja (events: 2022, 2026)"
5334,38.988341,-8.974673,56.586,False,"Carregado / Azambuja (events: 2022, 2026)"
5335,38.988555,-8.974582,56.312,False,"Carregado / Azambuja (events: 2022, 2026)"
5336,38.988768,-8.974492,53.825,False,"Carregado / Azambuja (events: 2022, 2026)"
5337,38.988982,-8.974402,49.858,False,"Carregado / Azambuja (events: 2022, 2026)"
5338,38.989196,-8.974312,45.28,False,"Carregado / Azambuja (events: 2022, 2026)"
5339,38.989409,-8.974222,40.952,False,"Carregado / Azambuja (events: 2022, 2026)"
5340,38.989623,-8.974132,37.137,False,"Carregado / Azambuja (events: 2022, 2026)"
5341,38.989837,-8.974042,33.466,False,"Carregado / Azambuja (events: 2022, 2026)"
5342,38.99005,-8.973951,30.425,False,"Carregado / Azambuja (events: 2022, 2026)"
5343,38.990264,-8.973861,27.858,False,"Carregado / Azambuja (events: 2022, 2026)"
5344,38.990477,-8.973771,26.143,False,"Carregado / Azambuja (events: 2022, 2026)"
5345,38.990691,-8.973681,24.529,False,"Carregado / Azambuja (events: 2022, 2026)"
5346,38.990905,-8.973591,22.9,False,"Carregado / Azambuja (events: 2022, 2026)"
5347,38.991118,-8.973501,22.396,False,"Carregado / Azambuja (events: 2022, 2026)"
5348,38.991332,-8.973411,22.085,False,"Carregado / Azambuja (events: 2022, 2026)"
5349,38.991546,-8.97332,21.711,False,"Carregado / Azambuja (events: 2022, 2026)"
5350,38.991759,-8.97323,21.857,False,"Carregado / Azambuja (events: 2022, 2026)"
5351,38.991973,-8.97314,22.137,False,"Carregado / Azambuja (events: 2022, 2026)"
5352,38.992187,-8.97305,22.222,False,"Carregado / Azambuja (events: 2022, 2026)"
5353,38.9924,-8.97296,22.47,False,"Carregado / Azambuja (events: 2022, 2026)"
5354,38.992614,-8.97287,22.725,False,"Carregado / Azambuja (events: 2022, 2026)"
5355,38.992827,-8.97278,22.37,False,"Carregado / Azambuja (events: 2022, 2026)"
5356,38.993041,-8.97269,21.727,False,"Carregado / Azambuja (events: 2022, 2026)"
5357,38.993255,-8.972599,20.749,False,"Carregado / Azambuja (events: 2022, 2026)"
5358,38.993468,-8.972509,19.534,False,"Carregado / Azambuja (events: 2022, 2026)"
5359,38.993682,-8.972419,18.178,False,"Carregado / Azambuja (events: 2022, 2026)"
5360,38.993896,-8.972329,16.462,False,"Carregado / Azambuja (events: 2022, 2026)"
5361,38.994109,-8.972239,15.507,False,"Carregado / Azambuja (events: 2022, 2026)"
5362,38.994323,-8.972149,15.222,False,"Carregado / Azambuja (events: 2022, 2026)"
5363,38.994536,-8.972059,15.351,False,"Carregado / Azambuja (events: 2022, 2026)"
5364,38.99475,-8.971968,15.616,False,"Carregado / Azambuja (events: 2022, 2026)"
5365,38.994964,-8.971878,15.791,False,"Carregado / Azambuja (events: 2022, 2026)"
5366,38.995177,-8.971788,15.87,False,"Carregado / Azambuja (events: 2022, 2026)"
5367,38.995391,-8.971698,15.889,False,"Carregado / Azambuja (events: 2022, 2026)"
5368,38.995605,-8.971608,15.925,False,"Carregado / Azambuja (events: 2022, 2026)"
5369,38.995818,-8.971518,16.024,False,"Carregado / Azambuja (events: 2022, 2026)"
5370,38.996032,-8.971428,16.202,False,"Carregado / Azambuja (events: 2022, 2026)"
5371,38.996246,-8.971337,16.238,False,"Carregado / Azambuja (events: 2022, 2026)"
5372,38.996459,-8.971247,15.94,False,"Carregado / Azambuja (events: 2022, 2026)"
5373,38.996673,-8.971157,16.133,False,"Carregado / Azambuja (events: 2022, 2026)"
5374,38.996886,-8.971067,16.124,False,"Carregado / Azambuja (events: 2022, 2026)"
5375,38.9971,-8.970977,15.713,False,"Carregado / Azambuja (events: 2022, 2026)"
5376,38.997314,-8.970887,14.849,False,"Carregado / Azambuja (events: 2022, 2026)"
5377,38.997527,-8.970797,13.735,False,"Carregado / Azambuja (events: 2022, 2026)"
5378,38.997741,-8.970706,12.955,False,"Carregado / Azambuja (events: 2022, 2026)"
5379,38.997955,-8.970616,12.229,False,"Carregado / Azambuja (events: 2022, 2026)"
5380,38.998168,-8.970526,11.815,False,"Carregado / Azambuja (events: 2022, 2026)"
5381,38.998382,-8.970436,11.533,False,"Carregado / Azambuja (events: 2022, 2026)"
5382,38.998596,-8.970346,11.208,False,"Carregado / Azambuja (events: 2022, 2026)"
5383,38.998809,-8.970256,10.728,False,"Carregado / Azambuja (events: 2022, 2026)"
5384,38.999023,-8.970166,10.054,False,"Carregado / Azambuja (events: 2022, 2026)"
5385,38.999236,-8.970075,9.144,False,"Carregado / Azambuja (events: 2022, 2026)"
5386,38.99945,-8.969985,8.25,False,"Carregado / Azambuja (events: 2022, 2026)"
5387,38.999664,-8.969895,7.379,False,"Carregado / Azambuja (events: 2022, 2026)"
5388,38.999877,-8.969805,6.987,False,"Carregado / Azambuja (events: 2022, 2026)"
5389,39.000091,-8.969715,6.978,False,"Carregado / Azambuja (events: 2022, 2026)"
5390,39.000305,-8.969625,7.354,False,"Carregado / Azambuja (events: 2022, 2026)"
5391,39.000518,-8.969535,7.69,False,"Carregado / Azambuja (events: 2022, 2026)"
5392,39.000732,-8.969445,7.814,False,"Carregado / Azambuja (events: 2022, 2026)"
5393,39.000946,-8.969354,7.657,False,"Carregado / Azambuja (events: 2022, 2026)"
5394,39.001159,-8.969264,7.364,False,"Carregado / Azambuja (events: 2022, 2026)"
5395,39.001373,-8.969174,7.108,False,"Carregado / Azambuja (events: 2022, 2026)"
5396,39.001586,-8.969084,6.841,False,"Carregado / Azambuja (events: 2022, 2026)"
5397,39.0018,-8.968994,6.595,False,"Carregado / Azambuja (events: 2022, 2026)"
5398,39.002014,-8.968904,6.169,False,"Carregado / Azambuja (events: 2022, 2026)"
5399,39.002227,-8.968814,5.938,False,"Carregado / Azambuja (events: 2022, 2026)"
5400,39.002441,-8.968723,5.891,False,"Carregado / Azambuja (events: 2022, 2026)"
5401,39.002655,-8.968633,6.161,False,"Carregado / Azambuja (events: 2022, 2026)"
5402,39.002868,-8.968543,6.42,False,"Carregado / Azambuja (events: 2022, 2026)"
5403,39.003082,-8.968453,6.709,False,"Carregado / Azambuja (events: 2022, 2026)"
5404,39.003296,-8.968363,6.955,False,"Carregado / Azambuja (events: 2022, 2026)"
5405,39.003509,-8.968273,7.086,False,"Carregado / Azambuja (events: 2022, 2026)"
5406,39.003723,-8.968183,7.182,False,"Carregado / Azambuja (events: 2022, 2026)"
5407,39.003936,-8.968092,7.125,False,"Carregado / Azambuja (events: 2022, 2026)"
5408,39.00415,-8.968002,6.88,False,"Carregado / Azambuja (events: 2022, 2026)"
5409,39.004364,-8.967912,6.288,False,"Carregado / Azambuja (events: 2022, 2026)"
5410,39.004577,-8.967822,5.62,False,"Carregado / Azambuja (events: 2022, 2026)"
5411,39.004791,-8.967732,5.052,False,"Carregado / Azambuja (events: 2022, 2026)"
5412,39.005005,-8.967642,4.926,True,"Carregado / Azambuja (events: 2022, 2026)"
5413,39.005218,-8.967552,4.949,True,"Carregado / Azambuja (events: 2022, 2026)"
5414,39.005432,-8.967461,4.989,True,"Carregado / Azambuja (events: 2022, 2026)"
5415,39.005646,-8.967371,4.862,True,"Carregado / Azambuja (events: 2022, 2026)"
5416,39.005859,-8.967281,4.519,True,"Carregado / Azambuja (events: 2022, 2026)"
5417,39.006073,-8.967191,3.946,True,"Carregado / Azambuja (events: 2022, 2026)"
5418,39.006286,-8.967101,3.597,True,"Carregado / Azambuja (events: 2022, 2026)"
5419,39.0065,-8.967011,4.068,True,"Carregado / Azambuja (events: 2022, 2026)"
5420,39.006308,-8.967014,3.499,True,"Carregado / Azambuja (events: 2022, 2026)"
5421,39.006084,-8.967024,3.712,True,"Carregado / Azambuja (events: 2022, 2026)"
5422,39.005859,-8.967035,4.289,True,"Carregado / Azambuja (events: 2022, 2026)"
5423,39.005634,-8.96705,4.645,True,"Carregado / Azambuja (events: 2022, 2026)"
5424,39.00541,-8.967068,4.865,True,"Carregado / Azambuja (events: 2022, 2026)"
5425,39.005186,-8.967085,4.959,True,"Carregado / Azambuja (events: 2022, 2026)"
5426,39.004961,-8.967103,5.141,False,"Carregado / Azambuja (events: 2022, 2026)"
5427,39.004737,-8.967121,5.513,False,"Carregado / Azambuja (events: 2022, 2026)"
5428,39.004512,-8.967139,6.092,False,"Carregado / Azambuja (events: 2022, 2026)"
5429,39.004288,-8.967157,6.703,False,"Carregado / Azambuja (events: 2022, 2026)"
5430,39.004064,-8.967175,7.104,False,"Carregado / Azambuja (events: 2022, 2026)"
5431,39.003839,-8.967193,7.127,False,"Carregado / Azambuja (events: 2022, 2026)"
5432,39.003615,-8.967213,6.779,False,"Carregado / Azambuja (events: 2022, 2026)"
5433,39.003391,-8.967234,6.334,False,"Carregado / Azambuja (events: 2022, 2026)"
5434,39.003167,-8.967256,5.977,False,"Carregado / Azambuja (events: 2022, 2026)"
5435,39.002942,-8.967278,5.696,False,"Carregado / Azambuja (events: 2022, 2026)"
5436,39.002718,-8.967299,5.417,False,"Carregado / Azambuja (events: 2022, 2026)"
5437,39.002494,-8.967321,5.114,False,"Carregado / Azambuja (events: 2022, 2026)"
5438,39.002681,-8.967281,5.375,False,"Carregado / Azambuja (events: 2022, 2026)"
5439,39.002903,-8.967235,5.631,False,"Carregado / Azambuja (events: 2022, 2026)"
5440,39.003125,-8.96719,5.859,False,"Carregado / Azambuja (events: 2022, 2026)"
5441,39.003347,-8.967144,6.167,False,"Carregado / Azambuja (events: 2022, 2026)"
5442,39.003569,-8.967098,6.529,False,"Carregado / Azambuja (events: 2022, 2026)"
5443,39.003791,-8.967053,6.838,False,"Carregado / Azambuja (events: 2022, 2026)"
5444,39.004013,-8.967007,6.911,False,"Carregado / Azambuja (events: 2022, 2026)"
5445,39.004235,-8.966961,6.588,False,"Carregado / Azambuja (events: 2022, 2026)"
5446,39.004457,-8.966916,6.026,False,"Carregado / Azambuja (events: 2022, 2026)"
5447,39.004679,-8.96687,5.522,False,"Carregado / Azambuja (events: 2022, 2026)"
5448,39.004901,-8.966824,5.169,False,"Carregado / Azambuja (events: 2022, 2026)"
5449,39.005123,-8.966779,4.903,True,"Carregado / Azambuja (events: 2022, 2026)"
5450,39.005345,-8.966733,4.687,True,"Carregado / Azambuja (events: 2022, 2026)"
5451,39.005567,-8.966687,4.427,True,"Carregado / Azambuja (events: 2022, 2026)"
5452,39.005789,-8.966642,4.084,True,"Carregado / Azambuja (events: 2022, 2026)"
5453,39.006011,-8.966596,3.679,True,"Carregado / Azambuja (events: 2022, 2026)"
5454,39.006233,-8.96655,2.979,True,"Carregado / Azambuja (events: 2022, 2026)"
5455,39.006455,-8.966505,2.937,True,"Carregado / Azambuja (events: 2022, 2026)"
5456,39.006677,-8.966459,3.807,True,"Carregado / Azambuja (events: 2022, 2026)"
5457,39.006899,-8.966413,4.856,True,"Carregado / Azambuja (events: 2022, 2026)"
5458,39.007121,-8.966368,5.463,False,"Carregado / Azambuja (events: 2022, 2026)"
5459,39.007343,-8.966322,5.868,False,"Carregado / Azambuja (events: 2022, 2026)"
5460,39.007565,-8.966276,6.11,False,"Carregado / Azambuja (events: 2022, 2026)"
5461,39.007787,-8.966231,6.464,False,"Carregado / Azambuja (events: 2022, 2026)"
5462,39.008009,-8.966185,6.697,False,"Carregado / Azambuja (events: 2022, 2026)"
5463,39.008231,-8.966139,6.615,False,"Carregado / Azambuja (events: 2022, 2026)"
5464,39.008453,-8.966094,6.244,False,"Carregado / Azambuja (events: 2022, 2026)"
5465,39.008675,-8.966048,5.763,False,"Carregado / Azambuja (events: 2022, 2026)"
5466,39.008897,-8.966002,5.39,False,"Carregado / Azambuja (events: 2022, 2026)"
5467,39.009119,-8.965957,5.203,False,"Carregado / Azambuja (events: 2022, 2026)"
5468,39.009341,-8.965911,5.211,False,"Carregado / Azambuja (events: 2022, 2026)"
5469,39.009563,-8.965865,5.367,False,"Carregado / Azambuja (events: 2022, 2026)"
5470,39.009785,-8.96582,5.553,False,"Carregado / Azambuja (events: 2022, 2026)"
5471,39.010007,-8.965774,5.78,False,"Carregado / Azambuja (events: 2022, 2026)"
5472,39.010229,-8.965728,5.853,False,"Carregado / Azambuja (events: 2022, 2026)"
5473,39.010451,-8.965683,5.995,False,"Carregado / Azambuja (events: 2022, 2026)"
5474,39.010673,-8.965637,6.238,False,"Carregado / Azambuja (events: 2022, 2026)"
5475,39.010895,-8.965591,6.648,False,"Carregado / Azambuja (events: 2022, 2026)"
5476,39.011117,-8.965546,7.267,False,"Carregado / Azambuja (events: 2022, 2026)"
5477,39.011339,-8.9655,7.937,False,"Carregado / Azambuja (events: 2022, 2026)"
5478,39.011561,-8.965454,8.367,False,"Carregado / Azambuja (events: 2022, 2026)"
5479,39.011783,-8.965409,8.304,False,"Carregado / Azambuja (events: 2022, 2026)"
5480,39.012005,-8.965363,7.842,False,"Carregado / Azambuja (events: 2022, 2026)"
5481,39.012227,-8.965317,7.301,False,"Carregado / Azambuja (events: 2022, 2026)"
5482,39.012449,-8.965272,6.443,False,"Carregado / Azambuja (events: 2022, 2026)"
5483,39.012671,-8.965226,5.128,False,"Carregado / Azambuja (events: 2022, 2026)"
5484,39.012893,-8.96518,4.242,True,"Carregado / Azambuja (events: 2022, 2026)"
5485,39.013115,-8.965135,4.675,True,"Carregado / Azambuja (events: 2022, 2026)"
5486,39.013338,-8.965089,5.05,False,"Carregado / Azambuja (events: 2022, 2026)"
5487,39.01356,-8.965043,5.085,False,"Carregado / Azambuja (events: 2022, 2026)"
5488,39.013782,-8.964998,5.358,False,"Carregado / Azambuja (events: 2022, 2026)"
5489,39.014004,-8.964952,5.959,False,"Carregado / Azambuja (events: 2022, 2026)"
5490,39.014226,-8.964906,6.828,False,"Carregado / Azambuja (events: 2022, 2026)"
5491,39.014448,-8.964861,7.679,False,"Carregado / Azambuja (events: 2022, 2026)"
5492,39.01467,-8.964815,8.237,False,"Carregado / Azambuja (events: 2022, 2026)"
5493,39.014892,-8.964769,8.729,False,"Carregado / Azambuja (events: 2022, 2026)"
5494,39.015114,-8.964724,9.233,False,"Carregado / Azambuja (events: 2022, 2026)"
5495,39.015336,-8.964678,9.556,False,"Carregado / Azambuja (events: 2022, 2026)"
5496,39.015558,-8.964632,9.631,False,"Carregado / Azambuja (events: 2022, 2026)"
5497,39.01578,-8.964587,9.334,False,"Carregado / Azambuja (events: 2022, 2026)"
5498,39.016002,-8.964541,8.788,False,"Carregado / Azambuja (events: 2022, 2026)"
5499,39.016224,-8.964496,8.279,False,"Carregado / Azambuja (events: 2022, 2026)"
5500,39.016446,-8.96445,7.876,False,"Carregado / Azambuja (events: 2022, 2026)"
5501,39.016668,-8.964404,7.744,False,"Carregado / Azambuja (events: 2022, 2026)"
5502,39.01689,-8.964359,7.939,False,"Carregado / Azambuja (events: 2022, 2026)"
5503,39.017112,-8.964313,8.389,False,"Carregado / Azambuja (events: 2022, 2026)"
5504,39.017334,-8.964267,8.92,False,"Carregado / Azambuja (events: 2022, 2026)"
5505,39.017556,-8.964222,9.32,False,"Carregado / Azambuja (events: 2022, 2026)"
5506,39.017778,-8.964176,9.543,False,"Carregado / Azambuja (events: 2022, 2026)"
5507,39.018,-8.96413,9.475,False,"Carregado / Azambuja (events: 2022, 2026)"
5508,39.018222,-8.964085,9.231,False,"Carregado / Azambuja (events: 2022, 2026)"
5509,39.018444,-8.964039,8.833,False,"Carregado / Azambuja (events: 2022, 2026)"
5510,39.018666,-8.963993,8.414,False,"Carregado / Azambuja (events: 2022, 2026)"
5511,39.018888,-8.963948,8.169,False,"Carregado / Azambuja (events: 2022, 2026)"
5512,39.01911,-8.963902,8.577,False,"Carregado / Azambuja (events: 2022, 2026)"
5513,39.019332,-8.963856,9.417,False,"Carregado / Azambuja (events: 2022, 2026)"
5514,39.019554,-8.963811,10.434,False,"Carregado / Azambuja (events: 2022, 2026)"
5515,39.019776,-8.963765,11.279,False,"Carregado / Azambuja (events: 2022, 2026)"
5516,39.019998,-8.963719,11.991,False,"Carregado / Azambuja (events: 2022, 2026)"
5517,39.02022,-8.963674,12.672,False,"Carregado / Azambuja (events: 2022, 2026)"
5518,39.020442,-8.963628,13.437,False,"Carregado / Azambuja (events: 2022, 2026)"
5519,39.020664,-8.963582,13.704,False,"Carregado / Azambuja (events: 2022, 2026)"
5520,39.020886,-8.963537,13.758,False,"Carregado / Azambuja (events: 2022, 2026)"
5521,39.021108,-8.963491,13.709,False,"Carregado / Azambuja (events: 2022, 2026)"
5522,39.02133,-8.963445,13.796,False,"Carregado / Azambuja (events: 2022, 2026)"
5523,39.021552,-8.9634,14.011,False,"Carregado / Azambuja (events: 2022, 2026)"
5524,39.021774,-8.963354,14.428,False,"Carregado / Azambuja (events: 2022, 2026)"
5525,39.021996,-8.963308,14.794,False,"Carregado / Azambuja (events: 2022, 2026)"
5526,39.022218,-8.963263,15.071,False,"Carregado / Azambuja (events: 2022, 2026)"
5527,39.02244,-8.963217,15.12,False,"Carregado / Azambuja (events: 2022, 2026)"
5528,39.022662,-8.963171,14.623,False,"Carregado / Azambuja (events: 2022, 2026)"
5529,39.022884,-8.963126,13.973,False,"Carregado / Azambuja (events: 2022, 2026)"
5530,39.023106,-8.96308,13.532,False,"Carregado / Azambuja (events: 2022, 2026)"
5531,39.023328,-8.963034,13.454,False,"Carregado / Azambuja (events: 2022, 2026)"
5532,39.02355,-8.962989,13.602,False,"Carregado / Azambuja (events: 2022, 2026)"
5533,39.023772,-8.962943,13.803,False,"Carregado / Azambuja (events: 2022, 2026)"
5534,39.023994,-8.962897,13.75,False,"Carregado / Azambuja (events: 2022, 2026)"
5535,39.024216,-8.962852,13.537,False,"Carregado / Azambuja (events: 2022, 2026)"
5536,39.024438,-8.962806,13.102,False,"Carregado / Azambuja (events: 2022, 2026)"
5537,39.02466,-8.96276,12.589,False,"Carregado / Azambuja (events: 2022, 2026)"
5538,39.024882,-8.962715,12.135,False,"Carregado / Azambuja (events: 2022, 2026)"
5539,39.025104,-8.962669,11.531,False,"Carregado / Azambuja (events: 2022, 2026)"
5540,39.025326,-8.962623,10.776,False,"Carregado / Azambuja (events: 2022, 2026)"
5541,39.025548,-8.962578,9.937,False,"Carregado / Azambuja (events: 2022, 2026)"
5542,39.02577,-8.962532,9.203,False,"Carregado / Azambuja (events: 2022, 2026)"
5543,39.025992,-8.962486,8.763,False,"Carregado / Azambuja (events: 2022, 2026)"
5544,39.026214,-8.962441,8.126,False,"Carregado / Azambuja (events: 2022, 2026)"
5545,39.026385,-8.962411,7.501,False,"Carregado / Azambuja (events: 2022, 2026)"
5546,39.026172,-8.962504,8.197,False,"Carregado / Azambuja (events: 2022, 2026)"
5547,39.025954,-8.962572,8.628,False,"Carregado / Azambuja (events: 2022, 2026)"
5548,39.025732,-8.962617,9.112,False,"Carregado / Azambuja (events: 2022, 2026)"
5549,39.02551,-8.962661,9.938,False,"Carregado / Azambuja (events: 2022, 2026)"
5550,39.025288,-8.962706,10.817,False,"Carregado / Azambuja (events: 2022, 2026)"
5551,39.025066,-8.962751,11.611,False,"Carregado / Azambuja (events: 2022, 2026)"
5552,39.024844,-8.962796,12.13,False,"Carregado / Azambuja (events: 2022, 2026)"
5553,39.024622,-8.962841,12.611,False,"Carregado / Azambuja (events: 2022, 2026)"
5554,39.024399,-8.962886,13.108,False,"Carregado / Azambuja (events: 2022, 2026)"
5555,39.024177,-8.962931,13.406,False,"Carregado / Azambuja (events: 2022, 2026)"
5556,39.023955,-8.962976,13.566,False,"Carregado / Azambuja (events: 2022, 2026)"
5557,39.023733,-8.963021,13.58,False,"Carregado / Azambuja (events: 2022, 2026)"
5558,39.023511,-8.963066,13.412,False,"Carregado / Azambuja (events: 2022, 2026)"
5559,39.023289,-8.963111,13.321,False,"Carregado / Azambuja (events: 2022, 2026)"
5560,39.023067,-8.963156,13.487,False,"Carregado / Azambuja (events: 2022, 2026)"
5561,39.022845,-8.963201,13.985,False,"Carregado / Azambuja (events: 2022, 2026)"
5562,39.022623,-8.963246,14.729,False,"Carregado / Azambuja (events: 2022, 2026)"
5563,39.022401,-8.963291,15.036,False,"Carregado / Azambuja (events: 2022, 2026)"
5564,39.022178,-8.963336,14.957,False,"Carregado / Azambuja (events: 2022, 2026)"
5565,39.021956,-8.963381,14.661,False,"Carregado / Azambuja (events: 2022, 2026)"
5566,39.021734,-8.963426,14.18,False,"Carregado / Azambuja (events: 2022, 2026)"
5567,39.021512,-8.963471,13.837,False,"Carregado / Azambuja (events: 2022, 2026)"
5568,39.02129,-8.963516,13.659,False,"Carregado / Azambuja (events: 2022, 2026)"
5569,39.021068,-8.96356,13.665,False,"Carregado / Azambuja (events: 2022, 2026)"
5570,39.020846,-8.963605,13.781,False,"Carregado / Azambuja (events: 2022, 2026)"
5571,39.020624,-8.96365,13.757,False,"Carregado / Azambuja (events: 2022, 2026)"
5572,39.020402,-8.963695,13.412,False,"Carregado / Azambuja (events: 2022, 2026)"
5573,39.02018,-8.96374,12.614,False,"Carregado / Azambuja (events: 2022, 2026)"
5574,39.019957,-8.963785,11.946,False,"Carregado / Azambuja (events: 2022, 2026)"
5575,39.019735,-8.96383,11.214,False,"Carregado / Azambuja (events: 2022, 2026)"
5576,39.019513,-8.963875,10.259,False,"Carregado / Azambuja (events: 2022, 2026)"
5577,39.019291,-8.96392,9.201,False,"Carregado / Azambuja (events: 2022, 2026)"
5578,39.019069,-8.963965,8.397,False,"Carregado / Azambuja (events: 2022, 2026)"
5579,39.018847,-8.96401,8.268,False,"Carregado / Azambuja (events: 2022, 2026)"
5580,39.018625,-8.964055,8.548,False,"Carregado / Azambuja (events: 2022, 2026)"
5581,39.018403,-8.9641,8.976,False,"Carregado / Azambuja (events: 2022, 2026)"
5582,39.018181,-8.964145,9.406,False,"Carregado / Azambuja (events: 2022, 2026)"
5583,39.017959,-8.96419,9.58,False,"Carregado / Azambuja (events: 2022, 2026)"
5584,39.017736,-8.964235,9.53,False,"Carregado / Azambuja (events: 2022, 2026)"
5585,39.017514,-8.96428,9.2,False,"Carregado / Azambuja (events: 2022, 2026)"
5586,39.017292,-8.964325,8.789,False,"Carregado / Azambuja (events: 2022, 2026)"
5587,39.01707,-8.96437,8.302,False,"Carregado / Azambuja (events: 2022, 2026)"
5588,39.016848,-8.964414,7.981,False,"Carregado / Azambuja (events: 2022, 2026)"
5589,39.016626,-8.964459,7.87,False,"Carregado / Azambuja (events: 2022, 2026)"
5590,39.016404,-8.964504,8.114,False,"Carregado / Azambuja (events: 2022, 2026)"
5591,39.016182,-8.964549,8.533,False,"Carregado / Azambuja (events: 2022, 2026)"
5592,39.01596,-8.964594,9.057,False,"Carregado / Azambuja (events: 2022, 2026)"
5593,39.015738,-8.964639,9.558,False,"Carregado / Azambuja (events: 2022, 2026)"
5594,39.015515,-8.964684,9.736,False,"Carregado / Azambuja (events: 2022, 2026)"
5595,39.015293,-8.964729,9.56,False,"Carregado / Azambuja (events: 2022, 2026)"
5596,39.015071,-8.964774,9.172,False,"Carregado / Azambuja (events: 2022, 2026)"
5597,39.014849,-8.964819,8.627,False,"Carregado / Azambuja (events: 2022, 2026)"
5598,39.014627,-8.964864,8.245,False,"Carregado / Azambuja (events: 2022, 2026)"
5599,39.014405,-8.964909,7.564,False,"Carregado / Azambuja (events: 2022, 2026)"
5600,39.014183,-8.964954,6.647,False,"Carregado / Azambuja (events: 2022, 2026)"
5601,39.013961,-8.964999,5.8,False,"Carregado / Azambuja (events: 2022, 2026)"
5602,39.013739,-8.965044,5.27,False,"Carregado / Azambuja (events: 2022, 2026)"
5603,39.013516,-8.965089,5.157,False,"Carregado / Azambuja (events: 2022, 2026)"
5604,39.013294,-8.965134,5.044,False,"Carregado / Azambuja (events: 2022, 2026)"
5605,39.013072,-8.965179,4.56,True,"Carregado / Azambuja (events: 2022, 2026)"
5606,39.01285,-8.965224,4.385,True,"Carregado / Azambuja (events: 2022, 2026)"
5607,39.012628,-8.965268,5.536,False,"Carregado / Azambuja (events: 2022, 2026)"
5608,39.012406,-8.965313,6.713,False,"Carregado / Azambuja (events: 2022, 2026)"
5609,39.012184,-8.965358,7.485,False,"Carregado / Azambuja (events: 2022, 2026)"
5610,39.011962,-8.965403,8.018,False,"Carregado / Azambuja (events: 2022, 2026)"
5611,39.01174,-8.965448,8.361,False,"Carregado / Azambuja (events: 2022, 2026)"
5612,39.011518,-8.965493,8.391,False,"Carregado / Azambuja (events: 2022, 2026)"
5613,39.011295,-8.965538,7.859,False,"Carregado / Azambuja (events: 2022, 2026)"
5614,39.011073,-8.965583,7.145,False,"Carregado / Azambuja (events: 2022, 2026)"
5615,39.010851,-8.965628,6.572,False,"Carregado / Azambuja (events: 2022, 2026)"
5616,39.010629,-8.965673,6.207,False,"Carregado / Azambuja (events: 2022, 2026)"
5617,39.010407,-8.965718,5.978,False,"Carregado / Azambuja (events: 2022, 2026)"
5618,39.010185,-8.965763,5.852,False,"Carregado / Azambuja (events: 2022, 2026)"
5619,39.009963,-8.965808,5.717,False,"Carregado / Azambuja (events: 2022, 2026)"
5620,39.009741,-8.965853,5.489,False,"Carregado / Azambuja (events: 2022, 2026)"
5621,39.009519,-8.965898,5.324,False,"Carregado / Azambuja (events: 2022, 2026)"
5622,39.009297,-8.965943,5.188,False,"Carregado / Azambuja (events: 2022, 2026)"
5623,39.009074,-8.965988,5.23,False,"Carregado / Azambuja (events: 2022, 2026)"
5624,39.008852,-8.966033,5.47,False,"Carregado / Azambuja (events: 2022, 2026)"
5625,39.00863,-8.966078,5.904,False,"Carregado / Azambuja (events: 2022, 2026)"
5626,39.008408,-8.966122,6.403,False,"Carregado / Azambuja (events: 2022, 2026)"
5627,39.008186,-8.966167,6.725,False,"Carregado / Azambuja (events: 2022, 2026)"
5628,39.007964,-8.966212,6.725,False,"Carregado / Azambuja (events: 2022, 2026)"
5629,39.007742,-8.966257,6.423,False,"Carregado / Azambuja (events: 2022, 2026)"
5630,39.00752,-8.966302,6.101,False,"Carregado / Azambuja (events: 2022, 2026)"
5631,39.007298,-8.966347,5.824,False,"Carregado / Azambuja (events: 2022, 2026)"
5632,39.007076,-8.966392,5.377,False,"Carregado / Azambuja (events: 2022, 2026)"
5633,39.006853,-8.966437,4.683,True,"Carregado / Azambuja (events: 2022, 2026)"
5634,39.006631,-8.966482,3.644,True,"Carregado / Azambuja (events: 2022, 2026)"
5635,39.006409,-8.966527,2.913,True,"Carregado / Azambuja (events: 2022, 2026)"
5636,39.006187,-8.966572,3.039,True,"Carregado / Azambuja (events: 2022, 2026)"
5637,39.005965,-8.966617,3.822,True,"Carregado / Azambuja (events: 2022, 2026)"
5638,39.005743,-8.966662,4.167,True,"Carregado / Azambuja (events: 2022, 2026)"
5639,39.005521,-8.966707,4.496,True,"Carregado / Azambuja (events: 2022, 2026)"
5640,39.005299,-8.966752,4.732,True,"Carregado / Azambuja (events: 2022, 2026)"
5641,39.005077,-8.966797,4.955,True,"Carregado / Azambuja (events: 2022, 2026)"
5642,39.004855,-8.966842,5.238,False,"Carregado / Azambuja (events: 2022, 2026)"
5643,39.004632,-8.966887,5.618,False,"Carregado / Azambuja (events: 2022, 2026)"
5644,39.00441,-8.966932,6.152,False,"Carregado / Azambuja (events: 2022, 2026)"
5645,39.004188,-8.966976,6.671,False,"Carregado / Azambuja (events: 2022, 2026)"
5646,39.003966,-8.967021,6.905,False,"Carregado / Azambuja (events: 2022, 2026)"
5647,39.003744,-8.967066,6.793,False,"Carregado / Azambuja (events: 2022, 2026)"
5648,39.003522,-8.967111,6.464,False,"Carregado / Azambuja (events: 2022, 2026)"
5649,39.0033,-8.967156,6.088,False,"Carregado / Azambuja (events: 2022, 2026)"
5650,39.003078,-8.967201,5.799,False,"Carregado / Azambuja (events: 2022, 2026)"
5651,39.002856,-8.967246,5.583,False,"Carregado / Azambuja (events: 2022, 2026)"
5652,39.002634,-8.967291,5.317,False,"Carregado / Azambuja (events: 2022, 2026)"
5653,39.002411,-8.967324,4.98,True,"Carregado / Azambuja (events: 2022, 2026)"
5654,39.002186,-8.967329,4.503,True,"Carregado / Azambuja (events: 2022, 2026)"
5655,39.001961,-8.967333,4.0,True,"Carregado / Azambuja (events: 2022, 2026)"
5656,39.001737,-8.967315,3.535,True,"Carregado / Azambuja (events: 2022, 2026)"
5657,39.001513,-8.967293,3.229,True,"Carregado / Azambuja (events: 2022, 2026)"
5658,39.001288,-8.967271,3.22,True,"Carregado / Azambuja (events: 2022, 2026)"
5659,39.001064,-8.96725,3.443,True,"Carregado / Azambuja (events: 2022, 2026)"
5660,39.00084,-8.967228,3.697,True,"Carregado / Azambuja (events: 2022, 2026)"
5661,39.000887,-8.967207,3.564,True,"Carregado / Azambuja (events: 2022, 2026)"
5662,39.001112,-8.967187,3.199,True,"Carregado / Azambuja (events: 2022, 2026)"
5663,39.001336,-8.967167,2.979,True,"Carregado / Azambuja (events: 2022, 2026)"
5664,39.00156,-8.967146,3.066,True,"Carregado / Azambuja (events: 2022, 2026)"
5665,39.001784,-8.967126,3.587,True,"Carregado / Azambuja (events: 2022, 2026)"
5666,39.002009,-8.967106,4.152,True,"Carregado / Azambuja (events: 2022, 2026)"
5667,39.002233,-8.967086,4.688,True,"Carregado / Azambuja (events: 2022, 2026)"
5668,39.002457,-8.967065,5.092,False,"Carregado / Azambuja (events: 2022, 2026)"
5669,39.002682,-8.967047,5.331,False,"Carregado / Azambuja (events: 2022, 2026)"
5670,39.002906,-8.967039,5.505,False,"Carregado / Azambuja (events: 2022, 2026)"
5671,39.003131,-8.967031,5.733,False,"Carregado / Azambuja (events: 2022, 2026)"
5672,39.003356,-8.967023,6.032,False,"Carregado / Azambuja (events: 2022, 2026)"
5673,39.003581,-8.967015,6.405,False,"Carregado / Azambuja (events: 2022, 2026)"
5674,39.003805,-8.967007,6.766,False,"Carregado / Azambuja (events: 2022, 2026)"
5675,39.00403,-8.966999,6.899,False,"Carregado / Azambuja (events: 2022, 2026)"
5676,39.004255,-8.966991,6.612,False,"Carregado / Azambuja (events: 2022, 2026)"
5677,39.00448,-8.966983,6.045,False,"Carregado / Azambuja (events: 2022, 2026)"
5678,39.004704,-8.966975,5.52,False,"Carregado / Azambuja (events: 2022, 2026)"
5679,39.004929,-8.966967,5.162,False,"Carregado / Azambuja (events: 2022, 2026)"
5680,39.005154,-8.966959,4.942,True,"Carregado / Azambuja (events: 2022, 2026)"
5681,39.005379,-8.966951,4.792,True,"Carregado / Azambuja (events: 2022, 2026)"
5682,39.005603,-8.966943,4.567,True,"Carregado / Azambuja (events: 2022, 2026)"
5683,39.005828,-8.966935,4.232,True,"Carregado / Azambuja (events: 2022, 2026)"
5684,39.006053,-8.966927,3.702,True,"Carregado / Azambuja (events: 2022, 2026)"
5685,39.006278,-8.966919,3.413,True,"Carregado / Azambuja (events: 2022, 2026)"
5686,39.006502,-8.966911,3.92,True,"Carregado / Azambuja (events: 2022, 2026)"
5687,39.006727,-8.966903,4.994,True,"Carregado / Azambuja (events: 2022, 2026)"
5688,39.006952,-8.966895,5.868,False,"Carregado / Azambuja (events: 2022, 2026)"
5689,39.007176,-8.966887,6.605,False,"Carregado / Azambuja (events: 2022, 2026)"
5690,39.007401,-8.966879,7.313,False,"Carregado / Azambuja (events: 2022, 2026)"
5691,39.007626,-8.966871,7.814,False,"Carregado / Azambuja (events: 2022, 2026)"
5692,39.007851,-8.966864,8.172,False,"Carregado / Azambuja (events: 2022, 2026)"
5693,39.008075,-8.966856,8.075,False,"Carregado / Azambuja (events: 2022, 2026)"
5694,39.007957,-8.96687,8.276,False,"Carregado / Azambuja (events: 2022, 2026)"
5695,39.007733,-8.966891,8.134,False,"Carregado / Azambuja (events: 2022, 2026)"
5696,39.007508,-8.966912,7.719,False,"Carregado / Azambuja (events: 2022, 2026)"
5697,39.007284,-8.966932,7.043,False,"Carregado / Azambuja (events: 2022, 2026)"
5698,39.00706,-8.966953,6.239,False,"Carregado / Azambuja (events: 2022, 2026)"
5699,39.006836,-8.966974,5.596,False,"Carregado / Azambuja (events: 2022, 2026)"
5700,39.006611,-8.966995,4.505,True,"Carregado / Azambuja (events: 2022, 2026)"
5701,39.006645,-8.966993,4.671,True,"Carregado / Azambuja (events: 2022, 2026)"
5702,39.006869,-8.966973,5.694,False,"Carregado / Azambuja (events: 2022, 2026)"
5703,39.007094,-8.966953,6.376,False,"Carregado / Azambuja (events: 2022, 2026)"
5704,39.007318,-8.966933,7.182,False,"Carregado / Azambuja (events: 2022, 2026)"
5705,39.007542,-8.966914,7.809,False,"Carregado / Azambuja (events: 2022, 2026)"
5706,39.007767,-8.966894,8.196,False,"Carregado / Azambuja (events: 2022, 2026)"
5707,39.007991,-8.966874,8.3,False,"Carregado / Azambuja (events: 2022, 2026)"
5708,39.008215,-8.966855,7.783,False,"Carregado / Azambuja (events: 2022, 2026)"
5709,39.00844,-8.966835,6.837,False,"Carregado / Azambuja (events: 2022, 2026)"
5710,39.008664,-8.966815,6.122,False,"Carregado / Azambuja (events: 2022, 2026)"
5711,39.008888,-8.966795,5.496,False,"Carregado / Azambuja (events: 2022, 2026)"
5712,39.009113,-8.966776,4.953,True,"Carregado / Azambuja (events: 2022, 2026)"
5713,39.009255,-8.966763,4.692,True,"Carregado / Azambuja (events: 2022, 2026)"
5714,39.009031,-8.966781,5.144,False,"Carregado / Azambuja (events: 2022, 2026)"
5715,39.008806,-8.966799,5.723,False,"Carregado / Azambuja (events: 2022, 2026)"
5716,39.008582,-8.966817,6.385,False,"Carregado / Azambuja (events: 2022, 2026)"
5717,39.008357,-8.966835,7.2,False,"Carregado / Azambuja (events: 2022, 2026)"
5718,39.008133,-8.966853,7.946,False,"Carregado / Azambuja (events: 2022, 2026)"
5719,39.007909,-8.966871,8.231,False,"Carregado / Azambuja (events: 2022, 2026)"
5720,39.007684,-8.966888,8.014,False,"Carregado / Azambuja (events: 2022, 2026)"
5721,39.00746,-8.966905,7.566,False,"Carregado / Azambuja (events: 2022, 2026)"
5722,39.007235,-8.966923,6.859,False,"Carregado / Azambuja (events: 2022, 2026)"
5723,39.007011,-8.96694,6.071,False,"Carregado / Azambuja (events: 2022, 2026)"
5724,39.006786,-8.966958,5.382,False,"Carregado / Azambuja (events: 2022, 2026)"
5725,39.006562,-8.966975,4.247,True,"Carregado / Azambuja (events: 2022, 2026)"
5726,39.006338,-8.966992,3.463,True,"Carregado / Azambuja (events: 2022, 2026)"
5727,39.006113,-8.96701,3.627,True,"Carregado / Azambuja (events: 2022, 2026)"
5728,39.005889,-8.967027,4.218,True,"Carregado / Azambuja (events: 2022, 2026)"
5729,39.005664,-8.967045,4.596,True,"Carregado / Azambuja (events: 2022, 2026)"
5730,39.00544,-8.967062,4.836,True,"Carregado / Azambuja (events: 2022, 2026)"
5731,39.005215,-8.967079,4.949,True,"Carregado / Azambuja (events: 2022, 2026)"
5732,39.004991,-8.967097,5.114,False,"Carregado / Azambuja (events: 2022, 2026)"
5733,39.004767,-8.967114,5.455,False,"Carregado / Azambuja (events: 2022, 2026)"
5734,39.004542,-8.967132,6.005,False,"Carregado / Azambuja (events: 2022, 2026)"
5735,39.004318,-8.967149,6.616,False,"Carregado / Azambuja (events: 2022, 2026)"
5736,39.004093,-8.967166,7.054,False,"Carregado / Azambuja (events: 2022, 2026)"
5737,39.003869,-8.967184,7.133,False,"Carregado / Azambuja (events: 2022, 2026)"
5738,39.003644,-8.967201,6.838,False,"Carregado / Azambuja (events: 2022, 2026)"
5739,39.00342,-8.967218,6.376,False,"Carregado / Azambuja (events: 2022, 2026)"
5740,39.003196,-8.967236,6.003,False,"Carregado / Azambuja (events: 2022, 2026)"
5741,39.002971,-8.967253,5.717,False,"Carregado / Azambuja (events: 2022, 2026)"
5742,39.002747,-8.967271,5.453,False,"Carregado / Azambuja (events: 2022, 2026)"
5743,39.002522,-8.967288,5.164,False,"Carregado / Azambuja (events: 2022, 2026)"
5744,39.002298,-8.967305,4.771,True,"Carregado / Azambuja (events: 2022, 2026)"
5745,39.002074,-8.967323,4.241,True,"Carregado / Azambuja (events: 2022, 2026)"
5746,39.001849,-8.967341,3.78,True,"Carregado / Azambuja (events: 2022, 2026)"
5747,39.001625,-8.967361,3.412,True,"Carregado / Azambuja (events: 2022, 2026)"
5748,39.001401,-8.96738,3.313,True,"Carregado / Azambuja (events: 2022, 2026)"
5749,39.001176,-8.9674,3.735,True,"Carregado / Azambuja (events: 2022, 2026)"
5750,39.000952,-8.967419,4.217,True,"Carregado / Azambuja (events: 2022, 2026)"
5751,39.000728,-8.967439,4.484,True,"Carregado / Azambuja (events: 2022, 2026)"
5752,39.000503,-8.967458,4.885,True,"Carregado / Azambuja (events: 2022, 2026)"
5753,39.000279,-8.967478,5.307,False,"Carregado / Azambuja (events: 2022, 2026)"
5754,39.000344,-8.96747,5.185,False,"Carregado / Azambuja (events: 2022, 2026)"
5755,39.000568,-8.967446,4.75,True,"Carregado / Azambuja (events: 2022, 2026)"
5756,39.000792,-8.967422,4.383,True,"Carregado / Azambuja (events: 2022, 2026)"
5757,39.001016,-8.967398,4.034,True,"Carregado / Azambuja (events: 2022, 2026)"
5758,39.00124,-8.967375,3.515,True,"Carregado / Azambuja (events: 2022, 2026)"
5759,39.001464,-8.967351,3.291,True,"Carregado / Azambuja (events: 2022, 2026)"
5760,39.001688,-8.967327,3.464,True,"Carregado / Azambuja (events: 2022, 2026)"
5761,39.001912,-8.967304,3.865,True,"Carregado / Azambuja (events: 2022, 2026)"
5762,39.002136,-8.96728,4.401,True,"Carregado / Azambuja (events: 2022, 2026)"
5763,39.00236,-8.967256,4.915,True,"Carregado / Azambuja (events: 2022, 2026)"
5764,39.002584,-8.967232,5.267,False,"Carregado / Azambuja (events: 2022, 2026)"
5765,39.002808,-8.967209,5.514,False,"Carregado / Azambuja (events: 2022, 2026)"
5766,39.003032,-8.967185,5.732,False,"Carregado / Azambuja (events: 2022, 2026)"
5767,39.003257,-8.967161,6.028,False,"Carregado / Azambuja (events: 2022, 2026)"
5768,39.003481,-8.967137,6.426,False,"Carregado / Azambuja (events: 2022, 2026)"
5769,39.003705,-8.967114,6.815,False,"Carregado / Azambuja (events: 2022, 2026)"
5770,39.003929,-8.96709,7.004,False,"Carregado / Azambuja (events: 2022, 2026)"
5771,39.004153,-8.967066,6.849,False,"Carregado / Azambuja (events: 2022, 2026)"
5772,39.004377,-8.967043,6.364,False,"Carregado / Azambuja (events: 2022, 2026)"
5773,39.004601,-8.967019,5.777,False,"Carregado / Azambuja (events: 2022, 2026)"
5774,39.004825,-8.966995,5.322,False,"Carregado / Azambuja (events: 2022, 2026)"
5775,39.005049,-8.966971,5.042,False,"Carregado / Azambuja (events: 2022, 2026)"
5776,39.005273,-8.966948,4.856,True,"Carregado / Azambuja (events: 2022, 2026)"
5777,39.005497,-8.966924,4.665,True,"Carregado / Azambuja (events: 2022, 2026)"
5778,39.005721,-8.9669,4.364,True,"Carregado / Azambuja (events: 2022, 2026)"
5779,39.005945,-8.966876,3.961,True,"Carregado / Azambuja (events: 2022, 2026)"
5780,39.00617,-8.966853,3.376,True,"Carregado / Azambuja (events: 2022, 2026)"
5781,39.006394,-8.966829,3.361,True,"Carregado / Azambuja (events: 2022, 2026)"
5782,39.006618,-8.966805,4.209,True,"Carregado / Azambuja (events: 2022, 2026)"
5783,39.006842,-8.966782,5.404,False,"Carregado / Azambuja (events: 2022, 2026)"
5784,39.007066,-8.966758,6.12,False,"Carregado / Azambuja (events: 2022, 2026)"
5785,39.00729,-8.966734,6.68,False,"Carregado / Azambuja (events: 2022, 2026)"
5786,39.007514,-8.96671,7.029,False,"Carregado / Azambuja (events: 2022, 2026)"
5787,39.007738,-8.966687,7.53,False,"Carregado / Azambuja (events: 2022, 2026)"
5788,39.007962,-8.966663,7.94,False,"Carregado / Azambuja (events: 2022, 2026)"
5789,39.008186,-8.966639,7.799,False,"Carregado / Azambuja (events: 2022, 2026)"
5790,39.00841,-8.966615,7.118,False,"Carregado / Azambuja (events: 2022, 2026)"
5791,39.008634,-8.966592,6.385,False,"Carregado / Azambuja (events: 2022, 2026)"
5792,39.008858,-8.966568,5.696,False,"Carregado / Azambuja (events: 2022, 2026)"
5793,39.009082,-8.966544,5.154,False,"Carregado / Azambuja (events: 2022, 2026)"
5794,39.009307,-8.966521,4.79,True,"Carregado / Azambuja (events: 2022, 2026)"
5795,39.009531,-8.966502,4.601,True,"Carregado / Azambuja (events: 2022, 2026)"
5796,39.009755,-8.966485,4.619,True,"Carregado / Azambuja (events: 2022, 2026)"
5797,39.009914,-8.966472,4.736,True,"Carregado / Azambuja (events: 2022, 2026)"
5798,39.00969,-8.96649,4.574,True,"Carregado / Azambuja (events: 2022, 2026)"
5799,39.009465,-8.966508,4.618,True,"Carregado / Azambuja (events: 2022, 2026)"
5800,39.009241,-8.966526,4.874,True,"Carregado / Azambuja (events: 2022, 2026)"
5801,39.009017,-8.966544,5.291,False,"Carregado / Azambuja (events: 2022, 2026)"
5802,39.008792,-8.966561,5.887,False,"Carregado / Azambuja (events: 2022, 2026)"
5803,39.008568,-8.966579,6.606,False,"Carregado / Azambuja (events: 2022, 2026)"
5804,39.008343,-8.966597,7.373,False,"Carregado / Azambuja (events: 2022, 2026)"
5805,39.008119,-8.966615,7.851,False,"Carregado / Azambuja (events: 2022, 2026)"
5806,39.007895,-8.966632,7.733,False,"Carregado / Azambuja (events: 2022, 2026)"
5807,39.00767,-8.96665,7.218,False,"Carregado / Azambuja (events: 2022, 2026)"
5808,39.007446,-8.966668,6.799,False,"Carregado / Azambuja (events: 2022, 2026)"
5809,39.007221,-8.966686,6.416,False,"Carregado / Azambuja (events: 2022, 2026)"
5810,39.006997,-8.966704,5.833,False,"Carregado / Azambuja (events: 2022, 2026)"
5811,39.006773,-8.966721,4.902,True,"Carregado / Azambuja (events: 2022, 2026)"
5812,39.006548,-8.966739,3.8,True,"Carregado / Azambuja (events: 2022, 2026)"
5813,39.006324,-8.966757,3.212,True,"Carregado / Azambuja (events: 2022, 2026)"
5814,39.006099,-8.966775,3.442,True,"Carregado / Azambuja (events: 2022, 2026)"
5815,39.005875,-8.966792,4.059,True,"Carregado / Azambuja (events: 2022, 2026)"
5816,39.005651,-8.96681,4.398,True,"Carregado / Azambuja (events: 2022, 2026)"
5817,39.005426,-8.966828,4.663,True,"Carregado / Azambuja (events: 2022, 2026)"
5818,39.005202,-8.966846,4.851,True,"Carregado / Azambuja (events: 2022, 2026)"
5819,39.004977,-8.966864,5.072,False,"Carregado / Azambuja (events: 2022, 2026)"
5820,39.004753,-8.966881,5.394,False,"Carregado / Azambuja (events: 2022, 2026)"
5821,39.004528,-8.966899,5.849,False,"Carregado / Azambuja (events: 2022, 2026)"
5822,39.004304,-8.966917,6.389,False,"Carregado / Azambuja (events: 2022, 2026)"
5823,39.00408,-8.966935,6.738,False,"Carregado / Azambuja (events: 2022, 2026)"
5824,39.003855,-8.966952,6.702,False,"Carregado / Azambuja (events: 2022, 2026)"
5825,39.003631,-8.96697,6.416,False,"Carregado / Azambuja (events: 2022, 2026)"
5826,39.003406,-8.966988,6.067,False,"Carregado / Azambuja (events: 2022, 2026)"
5827,39.003182,-8.967006,5.773,False,"Carregado / Azambuja (events: 2022, 2026)"
5828,39.002958,-8.967023,5.545,False,"Carregado / Azambuja (events: 2022, 2026)"
5829,39.002733,-8.967041,5.369,False,"Carregado / Azambuja (events: 2022, 2026)"
5830,39.002797,-8.967033,5.412,False,"Carregado / Azambuja (events: 2022, 2026)"
5831,39.003021,-8.96701,5.596,False,"Carregado / Azambuja (events: 2022, 2026)"
5832,39.003245,-8.966988,5.832,False,"Carregado / Azambuja (events: 2022, 2026)"
5833,39.00347,-8.966965,6.138,False,"Carregado / Azambuja (events: 2022, 2026)"
5834,39.003694,-8.966944,6.474,False,"Carregado / Azambuja (events: 2022, 2026)"
5835,39.003918,-8.966927,6.705,False,"Carregado / Azambuja (events: 2022, 2026)"
5836,39.004143,-8.96691,6.62,False,"Carregado / Azambuja (events: 2022, 2026)"
5837,39.004367,-8.966893,6.206,False,"Carregado / Azambuja (events: 2022, 2026)"
5838,39.004592,-8.966876,5.694,False,"Carregado / Azambuja (events: 2022, 2026)"
5839,39.004816,-8.966859,5.297,False,"Carregado / Azambuja (events: 2022, 2026)"
5840,39.00504,-8.966842,5.005,False,"Carregado / Azambuja (events: 2022, 2026)"
5841,39.005265,-8.966826,4.793,True,"Carregado / Azambuja (events: 2022, 2026)"
5842,39.005489,-8.966809,4.585,True,"Carregado / Azambuja (events: 2022, 2026)"
5843,39.005714,-8.966792,4.299,True,"Carregado / Azambuja (events: 2022, 2026)"
5844,39.005938,-8.966775,3.929,True,"Carregado / Azambuja (events: 2022, 2026)"
5845,39.006163,-8.966758,3.243,True,"Carregado / Azambuja (events: 2022, 2026)"
5846,39.006387,-8.966741,3.184,True,"Carregado / Azambuja (events: 2022, 2026)"
5847,39.006612,-8.966725,4.033,True,"Carregado / Azambuja (events: 2022, 2026)"
5848,39.006836,-8.966708,5.234,False,"Carregado / Azambuja (events: 2022, 2026)"
5849,39.007061,-8.966691,6.042,False,"Carregado / Azambuja (events: 2022, 2026)"
5850,39.007285,-8.966674,6.522,False,"Carregado / Azambuja (events: 2022, 2026)"
5851,39.007509,-8.966657,6.865,False,"Carregado / Azambuja (events: 2022, 2026)"
5852,39.007734,-8.96664,7.374,False,"Carregado / Azambuja (events: 2022, 2026)"
5853,39.007958,-8.966624,7.834,False,"Carregado / Azambuja (events: 2022, 2026)"
5854,39.008183,-8.966607,7.76,False,"Carregado / Azambuja (events: 2022, 2026)"
5855,39.008407,-8.96659,7.136,False,"Carregado / Azambuja (events: 2022, 2026)"
5856,39.008632,-8.966573,6.407,False,"Carregado / Azambuja (events: 2022, 2026)"
5857,39.008856,-8.966556,5.703,False,"Carregado / Azambuja (events: 2022, 2026)"
5858,39.009081,-8.966539,5.16,False,"Carregado / Azambuja (events: 2022, 2026)"
5859,39.009305,-8.966522,4.791,True,"Carregado / Azambuja (events: 2022, 2026)"
5860,39.009529,-8.966506,4.597,True,"Carregado / Azambuja (events: 2022, 2026)"
5861,39.009754,-8.966489,4.614,True,"Carregado / Azambuja (events: 2022, 2026)"
5862,39.009978,-8.966472,4.871,True,"Carregado / Azambuja (events: 2022, 2026)"
5863,39.010203,-8.966455,5.419,False,"Carregado / Azambuja (events: 2022, 2026)"
5864,39.010427,-8.966438,6.078,False,"Carregado / Azambuja (events: 2022, 2026)"
5865,39.010652,-8.966421,6.585,False,"Carregado / Azambuja (events: 2022, 2026)"
5866,39.010876,-8.966405,6.92,False,"Carregado / Azambuja (events: 2022, 2026)"
5867,39.011101,-8.966388,7.123,False,"Carregado / Azambuja (events: 2022, 2026)"
5868,39.011325,-8.966371,7.252,False,"Carregado / Azambuja (events: 2022, 2026)"
5869,39.01155,-8.966354,7.357,False,"Carregado / Azambuja (events: 2022, 2026)"
5870,39.011774,-8.966337,7.44,False,"Carregado / Azambuja (events: 2022, 2026)"
5871,39.011998,-8.96632,7.453,False,"Carregado / Azambuja (events: 2022, 2026)"
5872,39.012223,-8.966303,7.335,False,"Carregado / Azambuja (events: 2022, 2026)"
5873,39.012447,-8.966287,7.051,False,"Carregado / Azambuja (events: 2022, 2026)"
5874,39.012672,-8.96627,6.637,False,"Carregado / Azambuja (events: 2022, 2026)"
5875,39.012896,-8.966253,5.791,False,"Carregado / Azambuja (events: 2022, 2026)"
5876,39.013121,-8.966236,4.715,True,"Carregado / Azambuja (events: 2022, 2026)"
5877,39.013345,-8.966219,4.587,True,"Carregado / Azambuja (events: 2022, 2026)"
5878,39.01357,-8.966202,5.087,False,"Carregado / Azambuja (events: 2022, 2026)"
5879,39.013794,-8.966184,5.385,False,"Carregado / Azambuja (events: 2022, 2026)"
5880,39.014018,-8.966166,6.295,False,"Carregado / Azambuja (events: 2022, 2026)"
5881,39.014243,-8.966148,7.774,False,"Carregado / Azambuja (events: 2022, 2026)"
5882,39.014467,-8.96613,8.715,False,"Carregado / Azambuja (events: 2022, 2026)"
5883,39.014692,-8.966112,9.047,False,"Carregado / Azambuja (events: 2022, 2026)"
5884,39.014916,-8.966094,9.394,False,"Carregado / Azambuja (events: 2022, 2026)"
5885,39.01514,-8.966076,10.111,False,"Carregado / Azambuja (events: 2022, 2026)"
5886,39.015365,-8.966058,10.76,False,"Carregado / Azambuja (events: 2022, 2026)"
5887,39.015341,-8.96606,10.7,False,"Carregado / Azambuja (events: 2022, 2026)"
5888,39.015116,-8.966077,10.038,False,"Carregado / Azambuja (events: 2022, 2026)"
5889,39.014892,-8.966094,9.341,False,"Carregado / Azambuja (events: 2022, 2026)"
5890,39.014667,-8.966111,9.037,False,"Carregado / Azambuja (events: 2022, 2026)"
5891,39.014443,-8.966128,8.681,False,"Carregado / Azambuja (events: 2022, 2026)"
5892,39.014218,-8.966145,7.643,False,"Carregado / Azambuja (events: 2022, 2026)"
5893,39.013994,-8.966162,6.161,False,"Carregado / Azambuja (events: 2022, 2026)"
5894,39.01377,-8.966179,5.356,False,"Carregado / Azambuja (events: 2022, 2026)"
5895,39.013545,-8.966196,5.072,False,"Carregado / Azambuja (events: 2022, 2026)"
5896,39.013321,-8.966213,4.522,True,"Carregado / Azambuja (events: 2022, 2026)"
5897,39.013096,-8.96623,4.85,True,"Carregado / Azambuja (events: 2022, 2026)"
5898,39.012872,-8.966247,5.904,False,"Carregado / Azambuja (events: 2022, 2026)"
5899,39.012647,-8.966264,6.697,False,"Carregado / Azambuja (events: 2022, 2026)"
5900,39.012423,-8.966281,7.099,False,"Carregado / Azambuja (events: 2022, 2026)"
5901,39.012198,-8.966298,7.363,False,"Carregado / Azambuja (events: 2022, 2026)"
5902,39.011974,-8.966315,7.469,False,"Carregado / Azambuja (events: 2022, 2026)"
5903,39.01175,-8.966332,7.448,False,"Carregado / Azambuja (events: 2022, 2026)"
5904,39.011525,-8.966349,7.359,False,"Carregado / Azambuja (events: 2022, 2026)"
5905,39.011301,-8.966366,7.243,False,"Carregado / Azambuja (events: 2022, 2026)"
5906,39.011076,-8.966383,7.109,False,"Carregado / Azambuja (events: 2022, 2026)"
5907,39.010852,-8.9664,6.9,False,"Carregado / Azambuja (events: 2022, 2026)"
5908,39.010627,-8.966417,6.551,False,"Carregado / Azambuja (events: 2022, 2026)"
5909,39.010403,-8.966434,6.018,False,"Carregado / Azambuja (events: 2022, 2026)"
5910,39.010179,-8.966451,5.345,False,"Carregado / Azambuja (events: 2022, 2026)"
5911,39.009954,-8.966468,4.821,True,"Carregado / Azambuja (events: 2022, 2026)"
5912,39.00973,-8.966485,4.603,True,"Carregado / Azambuja (events: 2022, 2026)"
5913,39.009505,-8.966503,4.61,True,"Carregado / Azambuja (events: 2022, 2026)"
5914,39.009281,-8.96652,4.825,True,"Carregado / Azambuja (events: 2022, 2026)"
5915,39.009056,-8.966537,5.21,False,"Carregado / Azambuja (events: 2022, 2026)"
5916,39.008832,-8.966554,5.772,False,"Carregado / Azambuja (events: 2022, 2026)"
5917,39.008607,-8.966571,6.486,False,"Carregado / Azambuja (events: 2022, 2026)"
5918,39.008383,-8.966588,7.224,False,"Carregado / Azambuja (events: 2022, 2026)"
5919,39.008159,-8.966605,7.786,False,"Carregado / Azambuja (events: 2022, 2026)"
5920,39.007934,-8.966622,7.783,False,"Carregado / Azambuja (events: 2022, 2026)"
5921,39.00771,-8.966639,7.297,False,"Carregado / Azambuja (events: 2022, 2026)"
5922,39.007485,-8.966656,6.825,False,"Carregado / Azambuja (events: 2022, 2026)"
5923,39.007261,-8.966673,6.469,False,"Carregado / Azambuja (events: 2022, 2026)"
5924,39.007036,-8.96669,5.961,False,"Carregado / Azambuja (events: 2022, 2026)"
5925,39.006812,-8.966707,5.096,False,"Carregado / Azambuja (events: 2022, 2026)"
5926,39.006587,-8.966724,3.932,True,"Carregado / Azambuja (events: 2022, 2026)"
5927,39.006363,-8.966741,3.187,True,"Carregado / Azambuja (events: 2022, 2026)"
5928,39.006139,-8.966758,3.304,True,"Carregado / Azambuja (events: 2022, 2026)"
5929,39.005914,-8.966775,3.988,True,"Carregado / Azambuja (events: 2022, 2026)"
5930,39.00569,-8.966792,4.335,True,"Carregado / Azambuja (events: 2022, 2026)"
5931,39.005465,-8.966809,4.612,True,"Carregado / Azambuja (events: 2022, 2026)"
5932,39.005241,-8.966826,4.811,True,"Carregado / Azambuja (events: 2022, 2026)"
5933,39.005016,-8.966843,5.028,False,"Carregado / Azambuja (events: 2022, 2026)"
5934,39.004792,-8.96686,5.332,False,"Carregado / Azambuja (events: 2022, 2026)"
5935,39.004568,-8.966877,5.744,False,"Carregado / Azambuja (events: 2022, 2026)"
5936,39.004343,-8.966894,6.265,False,"Carregado / Azambuja (events: 2022, 2026)"
5937,39.004119,-8.966911,6.652,False,"Carregado / Azambuja (events: 2022, 2026)"
5938,39.003894,-8.966928,6.691,False,"Carregado / Azambuja (events: 2022, 2026)"
5939,39.00367,-8.966945,6.437,False,"Carregado / Azambuja (events: 2022, 2026)"
5940,39.003839,-8.966935,6.66,False,"Carregado / Azambuja (events: 2022, 2026)"
5941,39.004064,-8.966921,6.736,False,"Carregado / Azambuja (events: 2022, 2026)"
5942,39.004288,-8.966907,6.414,False,"Carregado / Azambuja (events: 2022, 2026)"
5943,39.004513,-8.966893,5.877,False,"Carregado / Azambuja (events: 2022, 2026)"
5944,39.004737,-8.966879,5.418,False,"Carregado / Azambuja (events: 2022, 2026)"
5945,39.004962,-8.966865,5.093,False,"Carregado / Azambuja (events: 2022, 2026)"
5946,39.005187,-8.966851,4.868,True,"Carregado / Azambuja (events: 2022, 2026)"
5947,39.005411,-8.966837,4.682,True,"Carregado / Azambuja (events: 2022, 2026)"
5948,39.005636,-8.966823,4.424,True,"Carregado / Azambuja (events: 2022, 2026)"
5949,39.00586,-8.966809,4.092,True,"Carregado / Azambuja (events: 2022, 2026)"
5950,39.006085,-8.966795,3.503,True,"Carregado / Azambuja (events: 2022, 2026)"
5951,39.006309,-8.966779,3.241,True,"Carregado / Azambuja (events: 2022, 2026)"
5952,39.006533,-8.966751,3.762,True,"Carregado / Azambuja (events: 2022, 2026)"
5953,39.006757,-8.966723,4.818,True,"Carregado / Azambuja (events: 2022, 2026)"
5954,39.006981,-8.966695,5.767,False,"Carregado / Azambuja (events: 2022, 2026)"
5955,39.007204,-8.966668,6.337,False,"Carregado / Azambuja (events: 2022, 2026)"
5956,39.007429,-8.966651,6.727,False,"Carregado / Azambuja (events: 2022, 2026)"
5957,39.007654,-8.966638,7.131,False,"Carregado / Azambuja (events: 2022, 2026)"
5958,39.007878,-8.966625,7.682,False,"Carregado / Azambuja (events: 2022, 2026)"
5959,39.008103,-8.966612,7.869,False,"Carregado / Azambuja (events: 2022, 2026)"
5960,39.008327,-8.966599,7.436,False,"Carregado / Azambuja (events: 2022, 2026)"
5961,39.008552,-8.966586,6.652,False,"Carregado / Azambuja (events: 2022, 2026)"
5962,39.008777,-8.966573,5.934,False,"Carregado / Azambuja (events: 2022, 2026)"
5963,39.009001,-8.96656,5.32,False,"Carregado / Azambuja (events: 2022, 2026)"
5964,39.009226,-8.966547,4.883,True,"Carregado / Azambuja (events: 2022, 2026)"
5965,39.00945,-8.966534,4.605,True,"Carregado / Azambuja (events: 2022, 2026)"
5966,39.009675,-8.96652,4.532,True,"Carregado / Azambuja (events: 2022, 2026)"
5967,39.0099,-8.966507,4.682,True,"Carregado / Azambuja (events: 2022, 2026)"
5968,39.010124,-8.966494,5.169,False,"Carregado / Azambuja (events: 2022, 2026)"
5969,39.010349,-8.966481,5.857,False,"Carregado / Azambuja (events: 2022, 2026)"
5970,39.010573,-8.966468,6.43,False,"Carregado / Azambuja (events: 2022, 2026)"
5971,39.010798,-8.966455,6.795,False,"Carregado / Azambuja (events: 2022, 2026)"
5972,39.011023,-8.966442,6.99,False,"Carregado / Azambuja (events: 2022, 2026)"
5973,39.011247,-8.966429,7.099,False,"Carregado / Azambuja (events: 2022, 2026)"
5974,39.011472,-8.966416,7.184,False,"Carregado / Azambuja (events: 2022, 2026)"
5975,39.011696,-8.966403,7.268,False,"Carregado / Azambuja (events: 2022, 2026)"
5976,39.011921,-8.966389,7.324,False,"Carregado / Azambuja (events: 2022, 2026)"
5977,39.012145,-8.966376,7.273,False,"Carregado / Azambuja (events: 2022, 2026)"
5978,39.01237,-8.966363,7.051,False,"Carregado / Azambuja (events: 2022, 2026)"
5979,39.012595,-8.96635,6.669,False,"Carregado / Azambuja (events: 2022, 2026)"
5980,39.012819,-8.966337,6.031,False,"Carregado / Azambuja (events: 2022, 2026)"
5981,39.013044,-8.966324,5.009,False,"Carregado / Azambuja (events: 2022, 2026)"
5982,39.013268,-8.966311,4.36,True,"Carregado / Azambuja (events: 2022, 2026)"
5983,39.013493,-8.966298,4.798,True,"Carregado / Azambuja (events: 2022, 2026)"
5984,39.013718,-8.966285,5.069,False,"Carregado / Azambuja (events: 2022, 2026)"
5985,39.013942,-8.966272,5.525,False,"Carregado / Azambuja (events: 2022, 2026)"
5986,39.014167,-8.966258,6.844,False,"Carregado / Azambuja (events: 2022, 2026)"
5987,39.014391,-8.966245,8.171,False,"Carregado / Azambuja (events: 2022, 2026)"
5988,39.014616,-8.966232,8.684,False,"Carregado / Azambuja (events: 2022, 2026)"
5989,39.014841,-8.966219,8.761,False,"Carregado / Azambuja (events: 2022, 2026)"
5990,39.015065,-8.966206,9.229,False,"Carregado / Azambuja (events: 2022, 2026)"
5991,39.01529,-8.966193,9.86,False,"Carregado / Azambuja (events: 2022, 2026)"
5992,39.015514,-8.96618,10.579,False,"Carregado / Azambuja (events: 2022, 2026)"
5993,39.015739,-8.966167,10.867,False,"Carregado / Azambuja (events: 2022, 2026)"
5994,39.015964,-8.966154,10.55,False,"Carregado / Azambuja (events: 2022, 2026)"
5995,39.016188,-8.966141,9.936,False,"Carregado / Azambuja (events: 2022, 2026)"
5996,39.016413,-8.966128,9.469,False,"Carregado / Azambuja (events: 2022, 2026)"
5997,39.016637,-8.966114,9.185,False,"Carregado / Azambuja (events: 2022, 2026)"
5998,39.016862,-8.966101,9.069,False,"Carregado / Azambuja (events: 2022, 2026)"
5999,39.017087,-8.966088,9.064,False,"Carregado / Azambuja (events: 2022, 2026)"
6000,39.017309,-8.966075,8.968,False,"Carregado / Azambuja (events: 2022, 2026)"
6001,39.017085,-8.966103,9.108,False,"Carregado / Azambuja (events: 2022, 2026)"
6002,39.016861,-8.96613,9.156,False,"Carregado / Azambuja (events: 2022, 2026)"
6003,39.016638,-8.966157,9.303,False,"Carregado / Azambuja (events: 2022, 2026)"
6004,39.016414,-8.96618,9.581,False,"Carregado / Azambuja (events: 2022, 2026)"
6005,39.016189,-8.966196,10.016,False,"Carregado / Azambuja (events: 2022, 2026)"
6006,39.015965,-8.966213,10.609,False,"Carregado / Azambuja (events: 2022, 2026)"
6007,39.01574,-8.966229,10.853,False,"Carregado / Azambuja (events: 2022, 2026)"
6008,39.015516,-8.966247,10.395,False,"Carregado / Azambuja (events: 2022, 2026)"
6009,39.015291,-8.966266,9.565,False,"Carregado / Azambuja (events: 2022, 2026)"
6010,39.015067,-8.966285,8.854,False,"Carregado / Azambuja (events: 2022, 2026)"
6011,39.014843,-8.966303,8.429,False,"Carregado / Azambuja (events: 2022, 2026)"
6012,39.014618,-8.966322,8.372,False,"Carregado / Azambuja (events: 2022, 2026)"
6013,39.014394,-8.966341,7.757,False,"Carregado / Azambuja (events: 2022, 2026)"
6014,39.01417,-8.966359,6.43,False,"Carregado / Azambuja (events: 2022, 2026)"
6015,39.013945,-8.966378,5.213,False,"Carregado / Azambuja (events: 2022, 2026)"
6016,39.013721,-8.966397,4.808,True,"Carregado / Azambuja (events: 2022, 2026)"
6017,39.013496,-8.966415,4.567,True,"Carregado / Azambuja (events: 2022, 2026)"
6018,39.013272,-8.966434,4.279,True,"Carregado / Azambuja (events: 2022, 2026)"
6019,39.013048,-8.966453,4.904,True,"Carregado / Azambuja (events: 2022, 2026)"
6020,39.012823,-8.966471,5.814,False,"Carregado / Azambuja (events: 2022, 2026)"
6021,39.012599,-8.96649,6.437,False,"Carregado / Azambuja (events: 2022, 2026)"
6022,39.012375,-8.966509,6.824,False,"Carregado / Azambuja (events: 2022, 2026)"
6023,39.01215,-8.966527,6.988,False,"Carregado / Azambuja (events: 2022, 2026)"
6024,39.011926,-8.966546,6.981,False,"Carregado / Azambuja (events: 2022, 2026)"
6025,39.011702,-8.966565,6.874,False,"Carregado / Azambuja (events: 2022, 2026)"
6026,39.011477,-8.966583,6.764,False,"Carregado / Azambuja (events: 2022, 2026)"
6027,39.011253,-8.966602,6.732,False,"Carregado / Azambuja (events: 2022, 2026)"
6028,39.011028,-8.966621,6.762,False,"Carregado / Azambuja (events: 2022, 2026)"
6029,39.010804,-8.966639,6.708,False,"Carregado / Azambuja (events: 2022, 2026)"
6030,39.01058,-8.966658,6.385,False,"Carregado / Azambuja (events: 2022, 2026)"
6031,39.010355,-8.966676,5.77,False,"Carregado / Azambuja (events: 2022, 2026)"
6032,39.010131,-8.966694,5.045,False,"Carregado / Azambuja (events: 2022, 2026)"
6033,39.009907,-8.966713,4.532,True,"Carregado / Azambuja (events: 2022, 2026)"
6034,39.009682,-8.96673,4.383,True,"Carregado / Azambuja (events: 2022, 2026)"
6035,39.009458,-8.966747,4.444,True,"Carregado / Azambuja (events: 2022, 2026)"
6036,39.009357,-8.966743,4.543,True,"Carregado / Azambuja (events: 2022, 2026)"
6037,39.009577,-8.966682,4.431,True,"Carregado / Azambuja (events: 2022, 2026)"
6038,39.009797,-8.966622,4.484,True,"Carregado / Azambuja (events: 2022, 2026)"
6039,39.010017,-8.966562,4.875,True,"Carregado / Azambuja (events: 2022, 2026)"
6040,39.010237,-8.966502,5.497,False,"Carregado / Azambuja (events: 2022, 2026)"
6041,39.010457,-8.966441,6.149,False,"Carregado / Azambuja (events: 2022, 2026)"
6042,39.010677,-8.966381,6.628,False,"Carregado / Azambuja (events: 2022, 2026)"
6043,39.010896,-8.966321,6.979,False,"Carregado / Azambuja (events: 2022, 2026)"
6044,39.011116,-8.96626,7.266,False,"Carregado / Azambuja (events: 2022, 2026)"
6045,39.011336,-8.9662,7.586,False,"Carregado / Azambuja (events: 2022, 2026)"
6046,39.011556,-8.96614,7.831,False,"Carregado / Azambuja (events: 2022, 2026)"
6047,39.011776,-8.966079,7.989,False,"Carregado / Azambuja (events: 2022, 2026)"
6048,39.011996,-8.966019,7.983,False,"Carregado / Azambuja (events: 2022, 2026)"
6049,39.012216,-8.965959,7.843,False,"Carregado / Azambuja (events: 2022, 2026)"
6050,39.012436,-8.965898,7.725,False,"Carregado / Azambuja (events: 2022, 2026)"
6051,39.012656,-8.965838,6.925,False,"Carregado / Azambuja (events: 2022, 2026)"
6052,39.012876,-8.965778,5.607,False,"Carregado / Azambuja (events: 2022, 2026)"
6053,39.013095,-8.965717,4.312,True,"Carregado / Azambuja (events: 2022, 2026)"
6054,39.013315,-8.965657,5.438,False,"Carregado / Azambuja (events: 2022, 2026)"
6055,39.013535,-8.965597,6.132,False,"Carregado / Azambuja (events: 2022, 2026)"
6056,39.013755,-8.965537,5.853,False,"Carregado / Azambuja (events: 2022, 2026)"
6057,39.013975,-8.965476,6.475,False,"Carregado / Azambuja (events: 2022, 2026)"
6058,39.014195,-8.965416,7.603,False,"Carregado / Azambuja (events: 2022, 2026)"
6059,39.014415,-8.965356,8.705,False,"Carregado / Azambuja (events: 2022, 2026)"
6060,39.014635,-8.965295,9.487,False,"Carregado / Azambuja (events: 2022, 2026)"
6061,39.014855,-8.965235,9.947,False,"Carregado / Azambuja (events: 2022, 2026)"
6062,39.015074,-8.965175,10.186,False,"Carregado / Azambuja (events: 2022, 2026)"
6063,39.015294,-8.965114,10.435,False,"Carregado / Azambuja (events: 2022, 2026)"
6064,39.015514,-8.965054,10.584,False,"Carregado / Azambuja (events: 2022, 2026)"
6065,39.015734,-8.964994,10.571,False,"Carregado / Azambuja (events: 2022, 2026)"
6066,39.015954,-8.964933,10.253,False,"Carregado / Azambuja (events: 2022, 2026)"
6067,39.016174,-8.964873,9.747,False,"Carregado / Azambuja (events: 2022, 2026)"
6068,39.016394,-8.964813,9.175,False,"Carregado / Azambuja (events: 2022, 2026)"
6069,39.016614,-8.964752,8.871,False,"Carregado / Azambuja (events: 2022, 2026)"
6070,39.016834,-8.964692,8.446,False,"Carregado / Azambuja (events: 2022, 2026)"
6071,39.017053,-8.964632,8.21,False,"Carregado / Azambuja (events: 2022, 2026)"
6072,39.017273,-8.964572,8.354,False,"Carregado / Azambuja (events: 2022, 2026)"
6073,39.017493,-8.964511,8.84,False,"Carregado / Azambuja (events: 2022, 2026)"
6074,39.017713,-8.964451,9.45,False,"Carregado / Azambuja (events: 2022, 2026)"
6075,39.017933,-8.964391,9.829,False,"Carregado / Azambuja (events: 2022, 2026)"
6076,39.018153,-8.96433,9.857,False,"Carregado / Azambuja (events: 2022, 2026)"
6077,39.018373,-8.96427,9.483,False,"Carregado / Azambuja (events: 2022, 2026)"
6078,39.018593,-8.96421,8.883,False,"Carregado / Azambuja (events: 2022, 2026)"
6079,39.018813,-8.964149,8.466,False,"Carregado / Azambuja (events: 2022, 2026)"
6080,39.019033,-8.964089,8.477,False,"Carregado / Azambuja (events: 2022, 2026)"
6081,39.019252,-8.964029,8.969,False,"Carregado / Azambuja (events: 2022, 2026)"
6082,39.019472,-8.963968,10.065,False,"Carregado / Azambuja (events: 2022, 2026)"
6083,39.019692,-8.963908,11.111,False,"Carregado / Azambuja (events: 2022, 2026)"
6084,39.019912,-8.963848,11.874,False,"Carregado / Azambuja (events: 2022, 2026)"
6085,39.020132,-8.963787,12.516,False,"Carregado / Azambuja (events: 2022, 2026)"
6086,39.020352,-8.963727,13.278,False,"Carregado / Azambuja (events: 2022, 2026)"
6087,39.020572,-8.963667,13.703,False,"Carregado / Azambuja (events: 2022, 2026)"
6088,39.020792,-8.963607,13.769,False,"Carregado / Azambuja (events: 2022, 2026)"
6089,39.021012,-8.963546,13.708,False,"Carregado / Azambuja (events: 2022, 2026)"
6090,39.021231,-8.963486,13.713,False,"Carregado / Azambuja (events: 2022, 2026)"
6091,39.021451,-8.963426,13.881,False,"Carregado / Azambuja (events: 2022, 2026)"
6092,39.021671,-8.963365,14.239,False,"Carregado / Azambuja (events: 2022, 2026)"
6093,39.021891,-8.963305,14.679,False,"Carregado / Azambuja (events: 2022, 2026)"
6094,39.022111,-8.963245,15.009,False,"Carregado / Azambuja (events: 2022, 2026)"
6095,39.022331,-8.963184,15.24,False,"Carregado / Azambuja (events: 2022, 2026)"
6096,39.022551,-8.963124,14.908,False,"Carregado / Azambuja (events: 2022, 2026)"
6097,39.022771,-8.963064,14.351,False,"Carregado / Azambuja (events: 2022, 2026)"
6098,39.022991,-8.963003,13.857,False,"Carregado / Azambuja (events: 2022, 2026)"
6099,39.02321,-8.962943,13.655,False,"Carregado / Azambuja (events: 2022, 2026)"
6100,39.02343,-8.962883,13.78,False,"Carregado / Azambuja (events: 2022, 2026)"
6101,39.02365,-8.962822,14.103,False,"Carregado / Azambuja (events: 2022, 2026)"
6102,39.02387,-8.962762,14.344,False,"Carregado / Azambuja (events: 2022, 2026)"
6103,39.02409,-8.962702,14.223,False,"Carregado / Azambuja (events: 2022, 2026)"
6104,39.02431,-8.962642,13.71,False,"Carregado / Azambuja (events: 2022, 2026)"
6105,39.02453,-8.962581,13.067,False,"Carregado / Azambuja (events: 2022, 2026)"
6106,39.02475,-8.962521,12.527,False,"Carregado / Azambuja (events: 2022, 2026)"
6107,39.02497,-8.962461,12.023,False,"Carregado / Azambuja (events: 2022, 2026)"
6108,39.02519,-8.9624,11.351,False,"Carregado / Azambuja (events: 2022, 2026)"
6109,39.025409,-8.96234,10.671,False,"Carregado / Azambuja (events: 2022, 2026)"
6110,39.025629,-8.96228,10.015,False,"Carregado / Azambuja (events: 2022, 2026)"
6111,39.025849,-8.962219,9.506,False,"Carregado / Azambuja (events: 2022, 2026)"
6112,39.026069,-8.962159,9.195,False,"Carregado / Azambuja (events: 2022, 2026)"
6113,39.026289,-8.962099,8.177,False,"Carregado / Azambuja (events: 2022, 2026)"
6114,39.026509,-8.962038,7.108,False,"Carregado / Azambuja (events: 2022, 2026)"
6115,39.026729,-8.961978,7.458,False,"Carregado / Azambuja (events: 2022, 2026)"
6116,39.026949,-8.961918,8.313,False,"Carregado / Azambuja (events: 2022, 2026)"
6117,39.027169,-8.961857,8.847,False,"Carregado / Azambuja (events: 2022, 2026)"
6118,39.027388,-8.961797,9.125,False,"Carregado / Azambuja (events: 2022, 2026)"
6119,39.027608,-8.961737,9.688,False,"Carregado / Azambuja (events: 2022, 2026)"
6120,39.027828,-8.961677,10.444,False,"Carregado / Azambuja (events: 2022, 2026)"
6121,39.028048,-8.961616,11.25,False,"Carregado / Azambuja (events: 2022, 2026)"
6122,39.028268,-8.961556,11.784,False,"Carregado / Azambuja (events: 2022, 2026)"
6123,39.028488,-8.961496,12.528,False,"Carregado / Azambuja (events: 2022, 2026)"
6124,39.028708,-8.961435,13.525,False,"Carregado / Azambuja (events: 2022, 2026)"
6125,39.028928,-8.961375,14.507,False,"Carregado / Azambuja (events: 2022, 2026)"
6126,39.029148,-8.961315,15.07,False,"Carregado / Azambuja (events: 2022, 2026)"
6127,39.029367,-8.961254,15.184,False,"Carregado / Azambuja (events: 2022, 2026)"
6128,39.029587,-8.961194,15.048,False,"Carregado / Azambuja (events: 2022, 2026)"
6129,39.029808,-8.961136,14.937,False,"Carregado / Azambuja (events: 2022, 2026)"
6130,39.030028,-8.961077,14.823,False,"Carregado / Azambuja (events: 2022, 2026)"
6131,39.030248,-8.961019,14.613,False,"Carregado / Azambuja (events: 2022, 2026)"
6132,39.030468,-8.960956,14.379,False,"Carregado / Azambuja (events: 2022, 2026)"
6133,39.030687,-8.960891,14.361,False,"Carregado / Azambuja (events: 2022, 2026)"
6134,39.030906,-8.960827,14.542,False,"Carregado / Azambuja (events: 2022, 2026)"
6135,39.030834,-8.96085,14.48,False,"Carregado / Azambuja (events: 2022, 2026)"
6136,39.030616,-8.960918,14.378,False,"Carregado / Azambuja (events: 2022, 2026)"
6137,39.030397,-8.960986,14.457,False,"Carregado / Azambuja (events: 2022, 2026)"
6138,39.030179,-8.961054,14.638,False,"Carregado / Azambuja (events: 2022, 2026)"
6139,39.02996,-8.961122,14.782,False,"Carregado / Azambuja (events: 2022, 2026)"
6140,39.029742,-8.96119,14.854,False,"Carregado / Azambuja (events: 2022, 2026)"
6141,39.029523,-8.961258,14.95,False,"Carregado / Azambuja (events: 2022, 2026)"
6142,39.029305,-8.961326,14.975,False,"Carregado / Azambuja (events: 2022, 2026)"
6143,39.029086,-8.961394,14.747,False,"Carregado / Azambuja (events: 2022, 2026)"
6144,39.028867,-8.961462,13.987,False,"Carregado / Azambuja (events: 2022, 2026)"
6145,39.028649,-8.96153,13.011,False,"Carregado / Azambuja (events: 2022, 2026)"
6146,39.02843,-8.961598,12.087,False,"Carregado / Azambuja (events: 2022, 2026)"
6147,39.028212,-8.961666,11.456,False,"Carregado / Azambuja (events: 2022, 2026)"
6148,39.027993,-8.961734,10.834,False,"Carregado / Azambuja (events: 2022, 2026)"
6149,39.027775,-8.961802,9.961,False,"Carregado / Azambuja (events: 2022, 2026)"
6150,39.027556,-8.96187,9.117,False,"Carregado / Azambuja (events: 2022, 2026)"
6151,39.027338,-8.961938,8.62,False,"Carregado / Azambuja (events: 2022, 2026)"
6152,39.027119,-8.962006,8.369,False,"Carregado / Azambuja (events: 2022, 2026)"
6153,39.026901,-8.962073,7.861,False,"Carregado / Azambuja (events: 2022, 2026)"
6154,39.026682,-8.962141,7.284,False,"Carregado / Azambuja (events: 2022, 2026)"
6155,39.026464,-8.962209,7.172,False,"Carregado / Azambuja (events: 2022, 2026)"
6156,39.026245,-8.962277,8.208,False,"Carregado / Azambuja (events: 2022, 2026)"
6157,39.026026,-8.962345,8.971,False,"Carregado / Azambuja (events: 2022, 2026)"
6158,39.025808,-8.962413,9.388,False,"Carregado / Azambuja (events: 2022, 2026)"
6159,39.025589,-8.962481,9.928,False,"Carregado / Azambuja (events: 2022, 2026)"
6160,39.025371,-8.962549,10.688,False,"Carregado / Azambuja (events: 2022, 2026)"
6161,39.025152,-8.962617,11.405,False,"Carregado / Azambuja (events: 2022, 2026)"
6162,39.024934,-8.962685,12.023,False,"Carregado / Azambuja (events: 2022, 2026)"
6163,39.024715,-8.962753,12.473,False,"Carregado / Azambuja (events: 2022, 2026)"
6164,39.024497,-8.962821,12.934,False,"Carregado / Azambuja (events: 2022, 2026)"
6165,39.024278,-8.962889,13.34,False,"Carregado / Azambuja (events: 2022, 2026)"
6166,39.02406,-8.962957,13.491,False,"Carregado / Azambuja (events: 2022, 2026)"
6167,39.023841,-8.963025,13.547,False,"Carregado / Azambuja (events: 2022, 2026)"
6168,39.023623,-8.963093,13.379,False,"Carregado / Azambuja (events: 2022, 2026)"
6169,39.023404,-8.963161,13.189,False,"Carregado / Azambuja (events: 2022, 2026)"
6170,39.023185,-8.963229,13.21,False,"Carregado / Azambuja (events: 2022, 2026)"
6171,39.022967,-8.963297,13.515,False,"Carregado / Azambuja (events: 2022, 2026)"
6172,39.022748,-8.963365,14.045,False,"Carregado / Azambuja (events: 2022, 2026)"
6173,39.02253,-8.963433,14.541,False,"Carregado / Azambuja (events: 2022, 2026)"
6174,39.022311,-8.963501,14.705,False,"Carregado / Azambuja (events: 2022, 2026)"
6175,39.022093,-8.963569,14.397,False,"Carregado / Azambuja (events: 2022, 2026)"
6176,39.021874,-8.963637,13.806,False,"Carregado / Azambuja (events: 2022, 2026)"
6177,39.021656,-8.963705,13.207,False,"Carregado / Azambuja (events: 2022, 2026)"
6178,39.021437,-8.963773,12.907,False,"Carregado / Azambuja (events: 2022, 2026)"
6179,39.021219,-8.963841,13.178,False,"Carregado / Azambuja (events: 2022, 2026)"
6180,39.021,-8.963909,13.683,False,"Carregado / Azambuja (events: 2022, 2026)"
6181,39.020782,-8.963977,14.138,False,"Carregado / Azambuja (events: 2022, 2026)"
6182,39.020563,-8.964045,14.237,False,"Carregado / Azambuja (events: 2022, 2026)"
6183,39.020344,-8.964113,13.793,False,"Carregado / Azambuja (events: 2022, 2026)"
6184,39.020126,-8.964181,12.88,False,"Carregado / Azambuja (events: 2022, 2026)"
6185,39.019907,-8.964249,12.041,False,"Carregado / Azambuja (events: 2022, 2026)"
6186,39.019689,-8.964317,11.143,False,"Carregado / Azambuja (events: 2022, 2026)"
6187,39.01947,-8.964385,10.28,False,"Carregado / Azambuja (events: 2022, 2026)"
6188,39.019252,-8.964453,9.733,False,"Carregado / Azambuja (events: 2022, 2026)"
6189,39.019033,-8.964521,9.523,False,"Carregado / Azambuja (events: 2022, 2026)"
6190,39.018815,-8.964589,9.732,False,"Carregado / Azambuja (events: 2022, 2026)"
6191,39.018596,-8.964657,10.313,False,"Carregado / Azambuja (events: 2022, 2026)"
6192,39.018378,-8.964725,10.78,False,"Carregado / Azambuja (events: 2022, 2026)"
6193,39.018159,-8.964793,10.789,False,"Carregado / Azambuja (events: 2022, 2026)"
6194,39.017941,-8.964861,10.122,False,"Carregado / Azambuja (events: 2022, 2026)"
6195,39.017722,-8.964929,9.123,False,"Carregado / Azambuja (events: 2022, 2026)"
6196,39.017503,-8.964997,8.217,False,"Carregado / Azambuja (events: 2022, 2026)"
6197,39.017285,-8.965065,7.77,False,"Carregado / Azambuja (events: 2022, 2026)"
6198,39.017066,-8.965133,7.951,False,"Carregado / Azambuja (events: 2022, 2026)"
6199,39.016848,-8.965201,8.413,False,"Carregado / Azambuja (events: 2022, 2026)"
6200,39.016629,-8.965269,8.797,False,"Carregado / Azambuja (events: 2022, 2026)"
6201,39.016411,-8.965337,9.231,False,"Carregado / Azambuja (events: 2022, 2026)"
6202,39.016192,-8.965405,9.703,False,"Carregado / Azambuja (events: 2022, 2026)"
6203,39.015974,-8.965473,10.334,False,"Carregado / Azambuja (events: 2022, 2026)"
6204,39.015755,-8.965541,11.09,False,"Carregado / Azambuja (events: 2022, 2026)"
6205,39.015537,-8.965609,11.897,False,"Carregado / Azambuja (events: 2022, 2026)"
6206,39.015318,-8.965677,12.176,False,"Carregado / Azambuja (events: 2022, 2026)"
6207,39.0151,-8.965744,11.986,False,"Carregado / Azambuja (events: 2022, 2026)"
6208,39.014881,-8.965812,10.731,False,"Carregado / Azambuja (events: 2022, 2026)"
6209,39.014662,-8.96588,9.656,False,"Carregado / Azambuja (events: 2022, 2026)"
6210,39.014444,-8.965948,9.104,False,"Carregado / Azambuja (events: 2022, 2026)"
6211,39.014225,-8.966016,7.96,False,"Carregado / Azambuja (events: 2022, 2026)"
6212,39.014007,-8.966084,6.484,False,"Carregado / Azambuja (events: 2022, 2026)"
6213,39.013788,-8.966152,5.449,False,"Carregado / Azambuja (events: 2022, 2026)"
6214,39.01357,-8.96622,5.051,False,"Carregado / Azambuja (events: 2022, 2026)"
6215,39.013351,-8.966288,4.537,True,"Carregado / Azambuja (events: 2022, 2026)"
6216,39.013133,-8.966356,4.521,True,"Carregado / Azambuja (events: 2022, 2026)"
6217,39.012914,-8.966424,5.518,False,"Carregado / Azambuja (events: 2022, 2026)"
6218,39.012694,-8.966475,6.261,False,"Carregado / Azambuja (events: 2022, 2026)"
6219,39.012469,-8.966495,6.705,False,"Carregado / Azambuja (events: 2022, 2026)"
6220,39.012245,-8.966514,6.964,False,"Carregado / Azambuja (events: 2022, 2026)"
6221,39.012021,-8.966533,7.013,False,"Carregado / Azambuja (events: 2022, 2026)"
6222,39.011796,-8.966553,6.93,False,"Carregado / Azambuja (events: 2022, 2026)"
6223,39.011572,-8.966572,6.813,False,"Carregado / Azambuja (events: 2022, 2026)"
6224,39.011348,-8.966591,6.746,False,"Carregado / Azambuja (events: 2022, 2026)"
6225,39.011123,-8.966611,6.747,False,"Carregado / Azambuja (events: 2022, 2026)"
6226,39.010899,-8.96663,6.737,False,"Carregado / Azambuja (events: 2022, 2026)"
6227,39.010675,-8.96665,6.513,False,"Carregado / Azambuja (events: 2022, 2026)"
6228,39.01045,-8.966662,6.037,False,"Carregado / Azambuja (events: 2022, 2026)"
6229,39.010225,-8.966656,5.372,False,"Carregado / Azambuja (events: 2022, 2026)"
6230,39.010001,-8.96665,4.761,True,"Carregado / Azambuja (events: 2022, 2026)"
6231,39.009776,-8.966643,4.465,True,"Carregado / Azambuja (events: 2022, 2026)"
6232,39.009551,-8.966637,4.477,True,"Carregado / Azambuja (events: 2022, 2026)"
6233,39.009326,-8.966631,4.682,True,"Carregado / Azambuja (events: 2022, 2026)"
6234,39.009102,-8.966625,5.077,False,"Carregado / Azambuja (events: 2022, 2026)"
6235,39.008877,-8.966619,5.639,False,"Carregado / Azambuja (events: 2022, 2026)"
6236,39.008652,-8.966613,6.313,False,"Carregado / Azambuja (events: 2022, 2026)"
6237,39.008427,-8.966607,7.058,False,"Carregado / Azambuja (events: 2022, 2026)"
6238,39.008202,-8.966601,7.73,False,"Carregado / Azambuja (events: 2022, 2026)"
6239,39.00817,-8.966593,7.756,False,"Carregado / Azambuja (events: 2022, 2026)"
6240,39.008394,-8.966582,7.184,False,"Carregado / Azambuja (events: 2022, 2026)"
6241,39.008619,-8.96657,6.45,False,"Carregado / Azambuja (events: 2022, 2026)"
6242,39.008844,-8.966559,5.739,False,"Carregado / Azambuja (events: 2022, 2026)"
6243,39.009068,-8.966549,5.182,False,"Carregado / Azambuja (events: 2022, 2026)"
6244,39.009293,-8.966538,4.796,True,"Carregado / Azambuja (events: 2022, 2026)"
6245,39.009518,-8.966527,4.576,True,"Carregado / Azambuja (events: 2022, 2026)"
6246,39.009742,-8.966516,4.574,True,"Carregado / Azambuja (events: 2022, 2026)"
6247,39.009967,-8.966506,4.814,True,"Carregado / Azambuja (events: 2022, 2026)"
6248,39.010192,-8.966495,5.359,False,"Carregado / Azambuja (events: 2022, 2026)"
6249,39.010416,-8.966484,6.044,False,"Carregado / Azambuja (events: 2022, 2026)"
6250,39.010641,-8.966474,6.563,False,"Carregado / Azambuja (events: 2022, 2026)"
6251,39.010866,-8.966463,6.875,False,"Carregado / Azambuja (events: 2022, 2026)"
6252,39.01109,-8.966452,7.026,False,"Carregado / Azambuja (events: 2022, 2026)"
6253,39.011315,-8.966442,7.101,False,"Carregado / Azambuja (events: 2022, 2026)"
6254,39.01154,-8.966431,7.165,False,"Carregado / Azambuja (events: 2022, 2026)"
6255,39.011764,-8.96642,7.237,False,"Carregado / Azambuja (events: 2022, 2026)"
6256,39.011989,-8.966409,7.28,False,"Carregado / Azambuja (events: 2022, 2026)"
6257,39.012214,-8.966399,7.191,False,"Carregado / Azambuja (events: 2022, 2026)"
6258,39.012438,-8.966388,6.912,False,"Carregado / Azambuja (events: 2022, 2026)"
6259,39.012663,-8.966377,6.483,False,"Carregado / Azambuja (events: 2022, 2026)"
6260,39.012888,-8.966367,5.698,False,"Carregado / Azambuja (events: 2022, 2026)"
6261,39.013112,-8.966356,4.625,True,"Carregado / Azambuja (events: 2022, 2026)"
6262,39.013337,-8.966345,4.443,True,"Carregado / Azambuja (events: 2022, 2026)"
6263,39.013562,-8.966335,4.816,True,"Carregado / Azambuja (events: 2022, 2026)"
6264,39.013786,-8.966324,5.016,False,"Carregado / Azambuja (events: 2022, 2026)"
6265,39.014011,-8.966313,5.734,False,"Carregado / Azambuja (events: 2022, 2026)"
6266,39.014236,-8.966303,7.081,False,"Carregado / Azambuja (events: 2022, 2026)"
6267,39.01446,-8.966292,8.16,False,"Carregado / Azambuja (events: 2022, 2026)"
6268,39.014685,-8.966281,8.51,False,"Carregado / Azambuja (events: 2022, 2026)"
6269,39.01491,-8.96627,8.648,False,"Carregado / Azambuja (events: 2022, 2026)"
6270,39.015134,-8.96626,9.167,False,"Carregado / Azambuja (events: 2022, 2026)"
6271,39.015359,-8.966249,9.88,False,"Carregado / Azambuja (events: 2022, 2026)"
6272,39.015584,-8.966238,10.59,False,"Carregado / Azambuja (events: 2022, 2026)"
6273,39.01555,-8.966244,10.493,False,"Carregado / Azambuja (events: 2022, 2026)"
6274,39.015325,-8.966263,9.706,False,"Carregado / Azambuja (events: 2022, 2026)"
6275,39.015101,-8.966281,8.97,False,"Carregado / Azambuja (events: 2022, 2026)"
6276,39.014877,-8.9663,8.479,False,"Carregado / Azambuja (events: 2022, 2026)"
6277,39.014652,-8.966318,8.39,False,"Carregado / Azambuja (events: 2022, 2026)"
6278,39.014428,-8.966337,7.881,False,"Carregado / Azambuja (events: 2022, 2026)"
6279,39.014203,-8.966355,6.661,False,"Carregado / Azambuja (events: 2022, 2026)"
6280,39.013979,-8.966372,5.375,False,"Carregado / Azambuja (events: 2022, 2026)"
6281,39.013755,-8.966388,4.837,True,"Carregado / Azambuja (events: 2022, 2026)"
6282,39.01353,-8.966401,4.642,True,"Carregado / Azambuja (events: 2022, 2026)"
6283,39.013305,-8.9664,4.338,True,"Carregado / Azambuja (events: 2022, 2026)"
6284,39.01308,-8.966398,4.75,True,"Carregado / Azambuja (events: 2022, 2026)"
6285,39.012855,-8.966397,5.792,False,"Carregado / Azambuja (events: 2022, 2026)"
6286,39.012631,-8.966395,6.522,False,"Carregado / Azambuja (events: 2022, 2026)"
6287,39.012406,-8.966394,6.951,False,"Carregado / Azambuja (events: 2022, 2026)"
6288,39.012181,-8.966392,7.223,False,"Carregado / Azambuja (events: 2022, 2026)"
6289,39.011956,-8.966391,7.322,False,"Carregado / Azambuja (events: 2022, 2026)"
6290,39.011731,-8.966389,7.307,False,"Carregado / Azambuja (events: 2022, 2026)"
6291,39.011507,-8.966388,7.261,False,"Carregado / Azambuja (events: 2022, 2026)"
6292,39.011282,-8.966386,7.193,False,"Carregado / Azambuja (events: 2022, 2026)"
6293,39.011057,-8.966384,7.089,False,"Carregado / Azambuja (events: 2022, 2026)"
6294,39.011182,-8.966372,7.166,False,"Carregado / Azambuja (events: 2022, 2026)"
6295,39.011407,-8.966357,7.301,False,"Carregado / Azambuja (events: 2022, 2026)"
6296,39.011631,-8.966342,7.405,False,"Carregado / Azambuja (events: 2022, 2026)"
6297,39.011856,-8.966327,7.468,False,"Carregado / Azambuja (events: 2022, 2026)"
6298,39.01208,-8.966312,7.425,False,"Carregado / Azambuja (events: 2022, 2026)"
6299,39.012305,-8.966297,7.255,False,"Carregado / Azambuja (events: 2022, 2026)"
6300,39.012529,-8.966282,6.913,False,"Carregado / Azambuja (events: 2022, 2026)"
6301,39.012753,-8.966259,6.419,False,"Carregado / Azambuja (events: 2022, 2026)"
6302,39.012973,-8.966199,5.521,False,"Carregado / Azambuja (events: 2022, 2026)"
6303,39.013193,-8.96614,4.434,True,"Carregado / Azambuja (events: 2022, 2026)"
6304,39.013413,-8.96608,5.079,False,"Carregado / Azambuja (events: 2022, 2026)"
6305,39.013633,-8.96602,5.494,False,"Carregado / Azambuja (events: 2022, 2026)"
6306,39.013853,-8.965961,5.982,False,"Carregado / Azambuja (events: 2022, 2026)"
6307,39.014073,-8.965901,7.166,False,"Carregado / Azambuja (events: 2022, 2026)"
6308,39.014293,-8.965842,8.607,False,"Carregado / Azambuja (events: 2022, 2026)"
6309,39.014513,-8.965782,9.428,False,"Carregado / Azambuja (events: 2022, 2026)"
6310,39.014733,-8.965722,10.327,False,"Carregado / Azambuja (events: 2022, 2026)"
6311,39.014953,-8.965663,11.368,False,"Carregado / Azambuja (events: 2022, 2026)"
6312,39.015173,-8.965603,12.214,False,"Carregado / Azambuja (events: 2022, 2026)"
6313,39.015393,-8.965544,12.155,False,"Carregado / Azambuja (events: 2022, 2026)"
6314,39.015613,-8.965484,11.493,False,"Carregado / Azambuja (events: 2022, 2026)"
6315,39.015833,-8.965424,10.816,False,"Carregado / Azambuja (events: 2022, 2026)"
6316,39.016053,-8.965365,10.168,False,"Carregado / Azambuja (events: 2022, 2026)"
6317,39.016273,-8.965305,9.63,False,"Carregado / Azambuja (events: 2022, 2026)"
6318,39.016493,-8.965246,9.14,False,"Carregado / Azambuja (events: 2022, 2026)"
6319,39.016713,-8.965186,8.735,False,"Carregado / Azambuja (events: 2022, 2026)"
6320,39.016933,-8.965126,8.292,False,"Carregado / Azambuja (events: 2022, 2026)"
6321,39.017153,-8.965067,7.827,False,"Carregado / Azambuja (events: 2022, 2026)"
6322,39.017373,-8.965007,7.801,False,"Carregado / Azambuja (events: 2022, 2026)"
6323,39.017593,-8.964948,8.598,False,"Carregado / Azambuja (events: 2022, 2026)"
6324,39.017813,-8.964888,9.541,False,"Carregado / Azambuja (events: 2022, 2026)"
6325,39.018033,-8.964828,10.49,False,"Carregado / Azambuja (events: 2022, 2026)"
6326,39.018253,-8.964769,10.801,False,"Carregado / Azambuja (events: 2022, 2026)"
6327,39.018473,-8.964709,10.686,False,"Carregado / Azambuja (events: 2022, 2026)"
6328,39.018693,-8.96465,10.108,False,"Carregado / Azambuja (events: 2022, 2026)"
6329,39.018913,-8.96459,9.681,False,"Carregado / Azambuja (events: 2022, 2026)"
6330,39.019133,-8.96453,9.647,False,"Carregado / Azambuja (events: 2022, 2026)"
6331,39.019353,-8.964471,10.071,False,"Carregado / Azambuja (events: 2022, 2026)"
6332,39.019573,-8.964411,10.669,False,"Carregado / Azambuja (events: 2022, 2026)"
6333,39.019793,-8.964352,11.618,False,"Carregado / Azambuja (events: 2022, 2026)"
6334,39.020013,-8.964292,12.494,False,"Carregado / Azambuja (events: 2022, 2026)"
6335,39.020234,-8.964232,13.394,False,"Carregado / Azambuja (events: 2022, 2026)"
6336,39.020454,-8.964173,14.109,False,"Carregado / Azambuja (events: 2022, 2026)"
6337,39.020674,-8.964113,14.326,False,"Carregado / Azambuja (events: 2022, 2026)"
6338,39.020894,-8.964054,14.011,False,"Carregado / Azambuja (events: 2022, 2026)"
6339,39.021114,-8.963994,13.368,False,"Carregado / Azambuja (events: 2022, 2026)"
6340,39.021334,-8.963934,12.805,False,"Carregado / Azambuja (events: 2022, 2026)"
6341,39.021554,-8.963875,12.538,False,"Carregado / Azambuja (events: 2022, 2026)"
6342,39.021774,-8.963815,12.928,False,"Carregado / Azambuja (events: 2022, 2026)"
6343,39.021994,-8.963756,13.66,False,"Carregado / Azambuja (events: 2022, 2026)"
6344,39.022214,-8.963696,14.149,False,"Carregado / Azambuja (events: 2022, 2026)"
6345,39.022434,-8.963636,14.17,False,"Carregado / Azambuja (events: 2022, 2026)"
6346,39.022654,-8.963577,13.866,False,"Carregado / Azambuja (events: 2022, 2026)"
6347,39.022874,-8.963517,13.321,False,"Carregado / Azambuja (events: 2022, 2026)"
6348,39.023094,-8.963458,12.913,False,"Carregado / Azambuja (events: 2022, 2026)"
6349,39.023314,-8.963398,12.764,False,"Carregado / Azambuja (events: 2022, 2026)"
6350,39.023534,-8.963338,12.814,False,"Carregado / Azambuja (events: 2022, 2026)"
6351,39.023754,-8.963279,12.983,False,"Carregado / Azambuja (events: 2022, 2026)"
6352,39.023974,-8.963219,12.97,False,"Carregado / Azambuja (events: 2022, 2026)"
6353,39.024194,-8.96316,12.873,False,"Carregado / Azambuja (events: 2022, 2026)"
6354,39.024414,-8.9631,12.571,False,"Carregado / Azambuja (events: 2022, 2026)"
6355,39.024634,-8.96304,12.243,False,"Carregado / Azambuja (events: 2022, 2026)"
6356,39.024854,-8.962981,11.835,False,"Carregado / Azambuja (events: 2022, 2026)"
6357,39.025074,-8.962921,11.208,False,"Carregado / Azambuja (events: 2022, 2026)"
6358,39.025294,-8.962862,10.507,False,"Carregado / Azambuja (events: 2022, 2026)"
6359,39.025359,-8.962859,10.192,False,"Carregado / Azambuja (events: 2022, 2026)"
6360,39.025149,-8.962963,10.795,False,"Carregado / Azambuja (events: 2022, 2026)"
6361,39.024942,-8.963075,11.352,False,"Carregado / Azambuja (events: 2022, 2026)"
6362,39.024734,-8.963187,11.567,False,"Carregado / Azambuja (events: 2022, 2026)"
6363,39.024527,-8.963299,11.804,False,"Carregado / Azambuja (events: 2022, 2026)"
6364,39.02432,-8.963412,12.06,False,"Carregado / Azambuja (events: 2022, 2026)"
6365,39.024113,-8.963524,12.292,False,"Carregado / Azambuja (events: 2022, 2026)"
6366,39.023908,-8.963644,12.322,False,"Carregado / Azambuja (events: 2022, 2026)"
6367,39.023953,-8.96364,12.287,False,"Carregado / Azambuja (events: 2022, 2026)"
6368,39.024167,-8.96355,12.192,False,"Carregado / Azambuja (events: 2022, 2026)"
6369,39.024381,-8.96346,11.813,False,"Carregado / Azambuja (events: 2022, 2026)"
6370,39.024595,-8.96337,11.461,False,"Carregado / Azambuja (events: 2022, 2026)"
6371,39.024808,-8.96328,11.091,False,"Carregado / Azambuja (events: 2022, 2026)"
6372,39.025022,-8.96319,10.674,False,"Carregado / Azambuja (events: 2022, 2026)"
6373,39.025236,-8.9631,9.972,False,"Carregado / Azambuja (events: 2022, 2026)"
6374,39.025449,-8.96301,9.254,False,"Carregado / Azambuja (events: 2022, 2026)"
6375,39.025663,-8.96292,8.342,False,"Carregado / Azambuja (events: 2022, 2026)"
6376,39.025877,-8.962831,8.044,False,"Carregado / Azambuja (events: 2022, 2026)"
6377,39.02609,-8.962741,7.963,False,"Carregado / Azambuja (events: 2022, 2026)"
6378,39.026304,-8.962651,7.667,False,"Carregado / Azambuja (events: 2022, 2026)"
6379,39.026518,-8.962561,7.23,False,"Carregado / Azambuja (events: 2022, 2026)"
6380,39.026732,-8.962471,7.137,False,"Carregado / Azambuja (events: 2022, 2026)"
6381,39.026945,-8.962381,7.319,False,"Carregado / Azambuja (events: 2022, 2026)"
6382,39.027159,-8.962291,7.355,False,"Carregado / Azambuja (events: 2022, 2026)"
6383,39.027373,-8.962201,7.717,False,"Carregado / Azambuja (events: 2022, 2026)"
6384,39.027586,-8.962111,8.403,False,"Carregado / Azambuja (events: 2022, 2026)"
6385,39.0278,-8.962021,9.389,False,"Carregado / Azambuja (events: 2022, 2026)"
6386,39.028014,-8.961931,10.343,False,"Carregado / Azambuja (events: 2022, 2026)"
6387,39.028228,-8.961842,11.006,False,"Carregado / Azambuja (events: 2022, 2026)"
6388,39.028441,-8.961752,11.678,False,"Carregado / Azambuja (events: 2022, 2026)"
6389,39.028655,-8.961662,12.568,False,"Carregado / Azambuja (events: 2022, 2026)"
6390,39.028611,-8.961663,12.422,False,"Carregado / Azambuja (events: 2022, 2026)"
6391,39.028391,-8.961725,11.653,False,"Carregado / Azambuja (events: 2022, 2026)"
6392,39.028171,-8.961786,11.05,False,"Carregado / Azambuja (events: 2022, 2026)"
6393,39.027952,-8.961849,10.431,False,"Carregado / Azambuja (events: 2022, 2026)"
6394,39.027735,-8.961924,9.431,False,"Carregado / Azambuja (events: 2022, 2026)"
6395,39.027517,-8.961998,8.579,False,"Carregado / Azambuja (events: 2022, 2026)"
6396,39.0273,-8.962072,8.134,False,"Carregado / Azambuja (events: 2022, 2026)"
6397,39.027083,-8.962146,7.877,False,"Carregado / Azambuja (events: 2022, 2026)"
6398,39.026865,-8.96222,7.549,False,"Carregado / Azambuja (events: 2022, 2026)"
6399,39.02665,-8.962305,7.177,False,"Carregado / Azambuja (events: 2022, 2026)"
6400,39.026436,-8.96239,7.266,False,"Carregado / Azambuja (events: 2022, 2026)"
6401,39.026603,-8.962342,7.085,False,"Carregado / Azambuja (events: 2022, 2026)"
6402,39.026822,-8.962275,7.422,False,"Carregado / Azambuja (events: 2022, 2026)"
6403,39.02704,-8.962208,7.696,False,"Carregado / Azambuja (events: 2022, 2026)"
6404,39.027259,-8.962142,7.869,False,"Carregado / Azambuja (events: 2022, 2026)"
6405,39.027478,-8.962075,8.232,False,"Carregado / Azambuja (events: 2022, 2026)"
6406,39.027697,-8.962008,9.038,False,"Carregado / Azambuja (events: 2022, 2026)"
6407,39.027916,-8.961941,10.051,False,"Carregado / Azambuja (events: 2022, 2026)"
6408,39.028134,-8.961875,10.738,False,"Carregado / Azambuja (events: 2022, 2026)"
6409,39.028353,-8.961808,11.339,False,"Carregado / Azambuja (events: 2022, 2026)"
6410,39.028572,-8.961741,12.038,False,"Carregado / Azambuja (events: 2022, 2026)"
6411,39.028791,-8.961675,12.954,False,"Carregado / Azambuja (events: 2022, 2026)"
6412,39.029009,-8.961608,13.799,False,"Carregado / Azambuja (events: 2022, 2026)"
6413,39.029228,-8.961541,14.282,False,"Carregado / Azambuja (events: 2022, 2026)"
6414,39.029447,-8.961474,14.419,False,"Carregado / Azambuja (events: 2022, 2026)"
6415,39.029666,-8.961408,14.354,False,"Carregado / Azambuja (events: 2022, 2026)"
6416,39.029885,-8.961341,14.236,False,"Carregado / Azambuja (events: 2022, 2026)"
6417,39.030103,-8.961274,14.149,False,"Carregado / Azambuja (events: 2022, 2026)"
6418,39.030322,-8.961208,14.191,False,"Carregado / Azambuja (events: 2022, 2026)"
6419,39.030541,-8.961141,14.227,False,"Carregado / Azambuja (events: 2022, 2026)"
6420,39.03076,-8.961074,14.415,False,"Carregado / Azambuja (events: 2022, 2026)"
6421,39.030817,-8.961056,14.496,False,"Carregado / Azambuja (events: 2022, 2026)"
6422,39.030598,-8.96112,14.247,False,"Carregado / Azambuja (events: 2022, 2026)"
6423,39.030379,-8.961185,14.191,False,"Carregado / Azambuja (events: 2022, 2026)"
6424,39.03016,-8.961248,14.146,False,"Carregado / Azambuja (events: 2022, 2026)"
6425,39.02994,-8.961307,14.257,False,"Carregado / Azambuja (events: 2022, 2026)"
6426,39.029719,-8.961365,14.4,False,"Carregado / Azambuja (events: 2022, 2026)"
6427,39.029499,-8.961424,14.507,False,"Carregado / Azambuja (events: 2022, 2026)"
6428,39.029279,-8.961482,14.463,False,"Carregado / Azambuja (events: 2022, 2026)"
6429,39.029059,-8.961541,14.135,False,"Carregado / Azambuja (events: 2022, 2026)"
6430,39.028839,-8.9616,13.39,False,"Carregado / Azambuja (events: 2022, 2026)"
6431,39.02862,-8.961666,12.439,False,"Carregado / Azambuja (events: 2022, 2026)"
6432,39.028403,-8.96174,11.633,False,"Carregado / Azambuja (events: 2022, 2026)"
6433,39.028185,-8.961814,11.001,False,"Carregado / Azambuja (events: 2022, 2026)"
6434,39.027968,-8.961887,10.382,False,"Carregado / Azambuja (events: 2022, 2026)"
6435,39.02775,-8.961961,9.376,False,"Carregado / Azambuja (events: 2022, 2026)"
6436,39.027533,-8.962035,8.501,False,"Carregado / Azambuja (events: 2022, 2026)"
6437,39.027315,-8.962108,8.014,False,"Carregado / Azambuja (events: 2022, 2026)"
6438,39.027098,-8.962182,7.744,False,"Carregado / Azambuja (events: 2022, 2026)"
6439,39.026881,-8.962255,7.513,False,"Carregado / Azambuja (events: 2022, 2026)"
6440,39.026663,-8.962329,7.192,False,"Carregado / Azambuja (events: 2022, 2026)"
6441,39.026446,-8.962403,7.226,False,"Carregado / Azambuja (events: 2022, 2026)"
6442,39.026228,-8.962476,8.036,False,"Carregado / Azambuja (events: 2022, 2026)"
6443,39.026011,-8.96255,8.547,False,"Carregado / Azambuja (events: 2022, 2026)"
6444,39.025793,-8.962624,8.918,False,"Carregado / Azambuja (events: 2022, 2026)"
6445,39.025576,-8.962697,9.543,False,"Carregado / Azambuja (events: 2022, 2026)"
6446,39.025359,-8.962771,10.371,False,"Carregado / Azambuja (events: 2022, 2026)"
6447,39.025141,-8.962844,11.168,False,"Carregado / Azambuja (events: 2022, 2026)"
6448,39.024924,-8.962918,11.738,False,"Carregado / Azambuja (events: 2022, 2026)"
6449,39.024706,-8.962992,12.242,False,"Carregado / Azambuja (events: 2022, 2026)"
6450,39.024489,-8.963065,12.495,False,"Carregado / Azambuja (events: 2022, 2026)"
6451,39.024271,-8.963139,12.806,False,"Carregado / Azambuja (events: 2022, 2026)"
6452,39.024054,-8.963212,12.903,False,"Carregado / Azambuja (events: 2022, 2026)"
6453,39.023837,-8.963286,12.927,False,"Carregado / Azambuja (events: 2022, 2026)"
6454,39.023619,-8.96336,12.799,False,"Carregado / Azambuja (events: 2022, 2026)"
6455,39.023402,-8.963433,12.65,False,"Carregado / Azambuja (events: 2022, 2026)"
6456,39.023184,-8.963507,12.654,False,"Carregado / Azambuja (events: 2022, 2026)"
6457,39.022967,-8.963581,12.889,False,"Carregado / Azambuja (events: 2022, 2026)"
6458,39.022749,-8.963654,13.374,False,"Carregado / Azambuja (events: 2022, 2026)"
6459,39.022532,-8.963728,13.755,False,"Carregado / Azambuja (events: 2022, 2026)"
6460,39.022315,-8.963801,13.808,False,"Carregado / Azambuja (events: 2022, 2026)"
6461,39.022097,-8.963875,13.38,False,"Carregado / Azambuja (events: 2022, 2026)"
6462,39.02188,-8.963949,12.703,False,"Carregado / Azambuja (events: 2022, 2026)"
6463,39.021662,-8.964022,12.249,False,"Carregado / Azambuja (events: 2022, 2026)"
6464,39.021445,-8.964096,12.193,False,"Carregado / Azambuja (events: 2022, 2026)"
6465,39.021227,-8.96417,13.072,False,"Carregado / Azambuja (events: 2022, 2026)"
6466,39.02101,-8.964243,13.841,False,"Carregado / Azambuja (events: 2022, 2026)"
6467,39.020793,-8.964317,14.382,False,"Carregado / Azambuja (events: 2022, 2026)"
6468,39.020575,-8.96439,14.456,False,"Carregado / Azambuja (events: 2022, 2026)"
6469,39.020358,-8.964464,14.003,False,"Carregado / Azambuja (events: 2022, 2026)"
6470,39.02014,-8.964538,13.219,False,"Carregado / Azambuja (events: 2022, 2026)"
6471,39.019923,-8.964611,12.397,False,"Carregado / Azambuja (events: 2022, 2026)"
6472,39.019705,-8.964685,11.618,False,"Carregado / Azambuja (events: 2022, 2026)"
6473,39.019488,-8.964758,10.973,False,"Carregado / Azambuja (events: 2022, 2026)"
6474,39.019271,-8.964832,10.645,False,"Carregado / Azambuja (events: 2022, 2026)"
6475,39.019053,-8.964906,10.497,False,"Carregado / Azambuja (events: 2022, 2026)"
6476,39.018836,-8.964979,10.626,False,"Carregado / Azambuja (events: 2022, 2026)"
6477,39.018618,-8.965053,10.932,False,"Carregado / Azambuja (events: 2022, 2026)"
6478,39.018401,-8.965127,10.843,False,"Carregado / Azambuja (events: 2022, 2026)"
6479,39.018183,-8.9652,10.427,False,"Carregado / Azambuja (events: 2022, 2026)"
6480,39.017966,-8.965274,9.588,False,"Carregado / Azambuja (events: 2022, 2026)"
6481,39.017749,-8.965347,8.656,False,"Carregado / Azambuja (events: 2022, 2026)"
6482,39.017531,-8.965421,7.914,False,"Carregado / Azambuja (events: 2022, 2026)"
6483,39.017314,-8.965495,7.543,False,"Carregado / Azambuja (events: 2022, 2026)"
6484,39.017096,-8.965568,7.73,False,"Carregado / Azambuja (events: 2022, 2026)"
6485,39.016879,-8.965642,8.065,False,"Carregado / Azambuja (events: 2022, 2026)"
6486,39.016661,-8.965716,8.424,False,"Carregado / Azambuja (events: 2022, 2026)"
6487,39.016444,-8.965789,8.858,False,"Carregado / Azambuja (events: 2022, 2026)"
6488,39.016227,-8.965863,9.374,False,"Carregado / Azambuja (events: 2022, 2026)"
6489,39.016009,-8.965936,10.197,False,"Carregado / Azambuja (events: 2022, 2026)"
6490,39.015792,-8.96601,10.896,False,"Carregado / Azambuja (events: 2022, 2026)"
6491,39.015574,-8.966084,10.942,False,"Carregado / Azambuja (events: 2022, 2026)"
6492,39.015357,-8.966157,10.218,False,"Carregado / Azambuja (events: 2022, 2026)"
6493,39.015139,-8.966231,9.314,False,"Carregado / Azambuja (events: 2022, 2026)"
6494,39.014922,-8.966304,8.515,False,"Carregado / Azambuja (events: 2022, 2026)"
6495,39.014705,-8.966378,8.211,False,"Carregado / Azambuja (events: 2022, 2026)"
6496,39.014487,-8.966452,7.645,False,"Carregado / Azambuja (events: 2022, 2026)"
6497,39.01427,-8.966525,6.456,False,"Carregado / Azambuja (events: 2022, 2026)"
6498,39.014052,-8.966599,4.928,True,"Carregado / Azambuja (events: 2022, 2026)"
6499,39.013835,-8.966673,4.239,True,"Carregado / Azambuja (events: 2022, 2026)"
6500,39.013617,-8.966746,4.299,True,"Carregado / Azambuja (events: 2022, 2026)"
6501,39.0134,-8.96682,4.299,True,"Carregado / Azambuja (events: 2022, 2026)"
6502,39.013183,-8.966893,4.692,True,"Carregado / Azambuja (events: 2022, 2026)"
6503,39.012965,-8.966967,5.209,False,"Carregado / Azambuja (events: 2022, 2026)"
6504,39.012748,-8.967041,5.669,False,"Carregado / Azambuja (events: 2022, 2026)"
6505,39.01253,-8.967114,5.968,False,"Carregado / Azambuja (events: 2022, 2026)"
6506,39.012313,-8.967188,5.907,False,"Carregado / Azambuja (events: 2022, 2026)"
6507,39.012095,-8.967262,5.409,False,"Carregado / Azambuja (events: 2022, 2026)"
6508,39.011878,-8.967335,4.742,True,"Carregado / Azambuja (events: 2022, 2026)"
6509,39.011661,-8.967409,4.131,True,"Carregado / Azambuja (events: 2022, 2026)"
6510,39.011443,-8.967482,3.956,True,"Carregado / Azambuja (events: 2022, 2026)"
6511,39.011226,-8.967556,4.196,True,"Carregado / Azambuja (events: 2022, 2026)"
6512,39.011008,-8.96763,4.615,True,"Carregado / Azambuja (events: 2022, 2026)"
6513,39.010791,-8.967703,4.873,True,"Carregado / Azambuja (events: 2022, 2026)"
6514,39.010573,-8.967777,4.835,True,"Carregado / Azambuja (events: 2022, 2026)"
6515,39.010356,-8.96785,4.608,True,"Carregado / Azambuja (events: 2022, 2026)"
6516,39.010139,-8.967924,4.326,True,"Carregado / Azambuja (events: 2022, 2026)"
6517,39.009921,-8.967998,4.251,True,"Carregado / Azambuja (events: 2022, 2026)"
6518,39.009704,-8.968071,4.43,True,"Carregado / Azambuja (events: 2022, 2026)"
6519,39.009486,-8.968145,4.778,True,"Carregado / Azambuja (events: 2022, 2026)"
6520,39.009269,-8.968219,5.286,False,"Carregado / Azambuja (events: 2022, 2026)"
6521,39.009051,-8.968292,5.742,False,"Carregado / Azambuja (events: 2022, 2026)"
6522,39.008834,-8.968366,6.193,False,"Carregado / Azambuja (events: 2022, 2026)"
6523,39.008617,-8.968439,6.557,False,"Carregado / Azambuja (events: 2022, 2026)"
6524,39.008399,-8.968513,6.787,False,"Carregado / Azambuja (events: 2022, 2026)"
6525,39.008182,-8.968587,6.775,False,"Carregado / Azambuja (events: 2022, 2026)"
6526,39.007964,-8.96866,6.503,False,"Carregado / Azambuja (events: 2022, 2026)"
6527,39.007747,-8.968734,6.098,False,"Carregado / Azambuja (events: 2022, 2026)"
6528,39.007529,-8.968808,5.696,False,"Carregado / Azambuja (events: 2022, 2026)"
6529,39.007312,-8.968881,5.292,False,"Carregado / Azambuja (events: 2022, 2026)"
6530,39.007095,-8.968955,4.978,True,"Carregado / Azambuja (events: 2022, 2026)"
6531,39.006877,-8.969028,4.846,True,"Carregado / Azambuja (events: 2022, 2026)"
6532,39.00666,-8.969102,4.892,True,"Carregado / Azambuja (events: 2022, 2026)"
6533,39.006442,-8.969176,4.777,True,"Carregado / Azambuja (events: 2022, 2026)"
6534,39.006225,-8.969249,4.388,True,"Carregado / Azambuja (events: 2022, 2026)"
6535,39.006007,-8.969323,3.905,True,"Carregado / Azambuja (events: 2022, 2026)"
6536,39.00579,-8.969396,3.902,True,"Carregado / Azambuja (events: 2022, 2026)"
6537,39.005573,-8.96947,4.746,True,"Carregado / Azambuja (events: 2022, 2026)"
6538,39.005355,-8.969544,6.543,False,"Carregado / Azambuja (events: 2022, 2026)"
6539,39.005138,-8.969617,7.846,False,"Carregado / Azambuja (events: 2022, 2026)"
6540,39.00492,-8.969691,8.545,False,"Carregado / Azambuja (events: 2022, 2026)"
6541,39.004703,-8.969765,9.376,False,"Carregado / Azambuja (events: 2022, 2026)"
6542,39.004485,-8.969838,10.176,False,"Carregado / Azambuja (events: 2022, 2026)"
6543,39.004268,-8.969912,10.81,False,"Carregado / Azambuja (events: 2022, 2026)"
6544,39.004051,-8.969985,10.952,False,"Carregado / Azambuja (events: 2022, 2026)"
6545,39.003833,-8.970059,10.787,False,"Carregado / Azambuja (events: 2022, 2026)"
6546,39.003616,-8.970133,10.369,False,"Carregado / Azambuja (events: 2022, 2026)"
6547,39.003398,-8.970206,10.118,False,"Carregado / Azambuja (events: 2022, 2026)"
6548,39.003181,-8.97028,9.706,False,"Carregado / Azambuja (events: 2022, 2026)"
6549,39.002963,-8.970354,9.275,False,"Carregado / Azambuja (events: 2022, 2026)"
6550,39.002746,-8.970427,8.57,False,"Carregado / Azambuja (events: 2022, 2026)"
6551,39.002529,-8.970501,8.188,False,"Carregado / Azambuja (events: 2022, 2026)"
6552,39.002311,-8.970574,8.703,False,"Carregado / Azambuja (events: 2022, 2026)"
6553,39.002094,-8.970648,9.887,False,"Carregado / Azambuja (events: 2022, 2026)"
6554,39.001876,-8.970722,10.89,False,"Carregado / Azambuja (events: 2022, 2026)"
6555,39.001659,-8.970795,11.367,False,"Carregado / Azambuja (events: 2022, 2026)"
6556,39.001441,-8.970869,11.747,False,"Carregado / Azambuja (events: 2022, 2026)"
6557,39.001224,-8.970942,12.14,False,"Carregado / Azambuja (events: 2022, 2026)"
6558,39.001007,-8.971016,12.458,False,"Carregado / Azambuja (events: 2022, 2026)"
6559,39.000789,-8.97109,12.787,False,"Carregado / Azambuja (events: 2022, 2026)"
6560,39.000572,-8.971163,13.287,False,"Carregado / Azambuja (events: 2022, 2026)"
6561,39.000354,-8.971237,13.761,False,"Carregado / Azambuja (events: 2022, 2026)"
6562,39.000137,-8.971311,14.373,False,"Carregado / Azambuja (events: 2022, 2026)"
6563,38.999919,-8.971384,15.151,False,"Carregado / Azambuja (events: 2022, 2026)"
6564,38.999702,-8.971458,15.75,False,"Carregado / Azambuja (events: 2022, 2026)"
6565,38.999485,-8.971531,16.217,False,"Carregado / Azambuja (events: 2022, 2026)"
6566,38.999267,-8.971605,16.817,False,"Carregado / Azambuja (events: 2022, 2026)"
6567,38.99905,-8.971679,17.556,False,"Carregado / Azambuja (events: 2022, 2026)"
6568,38.998832,-8.971752,18.208,False,"Carregado / Azambuja (events: 2022, 2026)"
6569,38.998615,-8.971826,18.91,False,"Carregado / Azambuja (events: 2022, 2026)"
6570,38.998397,-8.9719,19.547,False,"Carregado / Azambuja (events: 2022, 2026)"
6571,38.99818,-8.971973,19.984,False,"Carregado / Azambuja (events: 2022, 2026)"
6572,38.997963,-8.972047,21.018,False,"Carregado / Azambuja (events: 2022, 2026)"
6573,38.997745,-8.97212,22.247,False,"Carregado / Azambuja (events: 2022, 2026)"
6574,38.997528,-8.972194,23.116,False,"Carregado / Azambuja (events: 2022, 2026)"
6575,38.99731,-8.972268,23.622,False,"Carregado / Azambuja (events: 2022, 2026)"
6576,38.997093,-8.972341,23.793,False,"Carregado / Azambuja (events: 2022, 2026)"
6577,38.996875,-8.972415,23.964,False,"Carregado / Azambuja (events: 2022, 2026)"
6578,38.996658,-8.972488,23.828,False,"Carregado / Azambuja (events: 2022, 2026)"
6579,38.996441,-8.972562,23.363,False,"Carregado / Azambuja (events: 2022, 2026)"
6580,38.996223,-8.972636,22.845,False,"Carregado / Azambuja (events: 2022, 2026)"
6581,38.996006,-8.972709,22.233,False,"Carregado / Azambuja (events: 2022, 2026)"
6582,38.995788,-8.972783,21.625,False,"Carregado / Azambuja (events: 2022, 2026)"
6583,38.995571,-8.972857,20.865,False,"Carregado / Azambuja (events: 2022, 2026)"
6584,38.995353,-8.97293,19.903,False,"Carregado / Azambuja (events: 2022, 2026)"
6585,38.995136,-8.973004,18.999,False,"Carregado / Azambuja (events: 2022, 2026)"
6586,38.994919,-8.973077,17.705,False,"Carregado / Azambuja (events: 2022, 2026)"
6587,38.994701,-8.973151,16.821,False,"Carregado / Azambuja (events: 2022, 2026)"
6588,38.994484,-8.973225,17.466,False,"Carregado / Azambuja (events: 2022, 2026)"
6589,38.994266,-8.973298,19.121,False,"Carregado / Azambuja (events: 2022, 2026)"
6590,38.994049,-8.973372,21.308,False,"Carregado / Azambuja (events: 2022, 2026)"
6591,38.993831,-8.973446,23.74,False,"Carregado / Azambuja (events: 2022, 2026)"
6592,38.993614,-8.973519,25.756,False,"Carregado / Azambuja (events: 2022, 2026)"
6593,38.993397,-8.973593,26.966,False,"Carregado / Azambuja (events: 2022, 2026)"
6594,38.993179,-8.973666,27.412,False,"Carregado / Azambuja (events: 2022, 2026)"
6595,38.992962,-8.97374,27.008,False,"Carregado / Azambuja (events: 2022, 2026)"
6596,38.992744,-8.973814,26.932,False,"Carregado / Azambuja (events: 2022, 2026)"
6597,38.992527,-8.973887,26.299,False,"Carregado / Azambuja (events: 2022, 2026)"
6598,38.992309,-8.973961,25.732,False,"Carregado / Azambuja (events: 2022, 2026)"
6599,38.992092,-8.974034,25.719,False,"Carregado / Azambuja (events: 2022, 2026)"
6600,38.991875,-8.974108,26.101,False,"Carregado / Azambuja (events: 2022, 2026)"
6601,38.991657,-8.974182,27.364,False,"Carregado / Azambuja (events: 2022, 2026)"
6602,38.99144,-8.974255,28.704,False,"Carregado / Azambuja (events: 2022, 2026)"
6603,38.991222,-8.974329,31.545,False,"Carregado / Azambuja (events: 2022, 2026)"
6604,38.991005,-8.974403,34.136,False,"Carregado / Azambuja (events: 2022, 2026)"
6605,38.990787,-8.974476,38.04,False,"Carregado / Azambuja (events: 2022, 2026)"
6606,38.99057,-8.97455,42.14,False,"Carregado / Azambuja (events: 2022, 2026)"
6607,38.990353,-8.974623,46.595,False,"Carregado / Azambuja (events: 2022, 2026)"
6608,38.990135,-8.974697,51.322,False,"Carregado / Azambuja (events: 2022, 2026)"
6609,38.989918,-8.974771,55.617,False,"Carregado / Azambuja (events: 2022, 2026)"
6610,38.9897,-8.974844,60.254,False,"Carregado / Azambuja (events: 2022, 2026)"
6611,38.989483,-8.974918,65.055,False,"Carregado / Azambuja (events: 2022, 2026)"
6612,38.989265,-8.974992,69.242,False,"Carregado / Azambuja (events: 2022, 2026)"
6613,38.989048,-8.975065,72.819,False,"Carregado / Azambuja (events: 2022, 2026)"
6614,38.988831,-8.975139,74.383,False,"Carregado / Azambuja (events: 2022, 2026)"
6615,38.988613,-8.975212,74.906,False,"Carregado / Azambuja (events: 2022, 2026)"
6616,38.988396,-8.975286,73.443,False,"Carregado / Azambuja (events: 2022, 2026)"
6617,38.988178,-8.97536,70.116,False,"Carregado / Azambuja (events: 2022, 2026)"
6618,38.987961,-8.975433,65.461,False,"Carregado / Azambuja (events: 2022, 2026)"
6619,38.987743,-8.975507,60.048,False,"Carregado / Azambuja (events: 2022, 2026)"
6620,38.987526,-8.97558,54.25,False,"Carregado / Azambuja (events: 2022, 2026)"
6621,38.987309,-8.975654,48.694,False,"Carregado / Azambuja (events: 2022, 2026)"
6622,38.987091,-8.975728,43.433,False,"Carregado / Azambuja (events: 2022, 2026)"
6623,38.986874,-8.975801,38.666,False,"Carregado / Azambuja (events: 2022, 2026)"
6624,38.986656,-8.975875,34.626,False,"Carregado / Azambuja (events: 2022, 2026)"
6625,38.986439,-8.975949,31.474,False,"Carregado / Azambuja (events: 2022, 2026)"
6626,38.986221,-8.976022,29.259,False,"Carregado / Azambuja (events: 2022, 2026)"
6627,38.986004,-8.976096,27.065,False,"Carregado / Azambuja (events: 2022, 2026)"
6628,38.985787,-8.976169,25.999,False,"Carregado / Azambuja (events: 2022, 2026)"
6629,38.985569,-8.976243,25.118,False,"Carregado / Azambuja (events: 2022, 2026)"
6630,38.985352,-8.976317,24.626,False,"Carregado / Azambuja (events: 2022, 2026)"
6631,38.985134,-8.97639,24.515,False,"Carregado / Azambuja (events: 2022, 2026)"
6632,38.984917,-8.976464,24.252,False,"Carregado / Azambuja (events: 2022, 2026)"
6633,38.984699,-8.976538,24.103,False,"Carregado / Azambuja (events: 2022, 2026)"
6634,38.984482,-8.976611,24.25,False,"Carregado / Azambuja (events: 2022, 2026)"
6635,38.984265,-8.976685,24.437,False,"Carregado / Azambuja (events: 2022, 2026)"
6636,38.984047,-8.976758,24.686,False,"Carregado / Azambuja (events: 2022, 2026)"
6637,38.98383,-8.976832,25.514,False,"Carregado / Azambuja (events: 2022, 2026)"
6638,38.983612,-8.976906,26.26,False,"Carregado / Azambuja (events: 2022, 2026)"
6639,38.983395,-8.976979,27.087,False,"Carregado / Azambuja (events: 2022, 2026)"
6640,38.983177,-8.977053,27.95,False,"Carregado / Azambuja (events: 2022, 2026)"
6641,38.98296,-8.977126,28.514,False,"Carregado / Azambuja (events: 2022, 2026)"
6642,38.982743,-8.9772,28.28,False,"Carregado / Azambuja (events: 2022, 2026)"
6643,38.982525,-8.977274,27.891,False,"Carregado / Azambuja (events: 2022, 2026)"
6644,38.982308,-8.977347,27.254,False,"Carregado / Azambuja (events: 2022, 2026)"
6645,38.98209,-8.977421,26.388,False,"Carregado / Azambuja (events: 2022, 2026)"
6646,38.981873,-8.977495,25.382,False,"Carregado / Azambuja (events: 2022, 2026)"
6647,38.981655,-8.977568,24.165,False,"Carregado / Azambuja (events: 2022, 2026)"
6648,38.981438,-8.977642,23.117,False,"Carregado / Azambuja (events: 2022, 2026)"
6649,38.981221,-8.977715,22.61,False,"Carregado / Azambuja (events: 2022, 2026)"
6650,38.981003,-8.977789,22.746,False,"Carregado / Azambuja (events: 2022, 2026)"
6651,38.980786,-8.977863,22.968,False,"Carregado / Azambuja (events: 2022, 2026)"
6652,38.980568,-8.977936,23.029,False,"Carregado / Azambuja (events: 2022, 2026)"
6653,38.980351,-8.97801,23.017,False,"Carregado / Azambuja (events: 2022, 2026)"
6654,38.980133,-8.978084,23.128,False,"Carregado / Azambuja (events: 2022, 2026)"
6655,38.979916,-8.978157,22.147,False,"Carregado / Azambuja (events: 2022, 2026)"
6656,38.979699,-8.978231,20.101,False,"Carregado / Azambuja (events: 2022, 2026)"
6657,38.979481,-8.978304,18.045,False,"Carregado / Azambuja (events: 2022, 2026)"
6658,38.979264,-8.978378,16.857,False,"Carregado / Azambuja (events: 2022, 2026)"
6659,38.979046,-8.978452,16.463,False,"Carregado / Azambuja (events: 2022, 2026)"
6660,38.978829,-8.978525,17.047,False,"Carregado / Azambuja (events: 2022, 2026)"
6661,38.978611,-8.978599,18.135,False,"Carregado / Azambuja (events: 2022, 2026)"
6662,38.978394,-8.978672,18.837,False,"Carregado / Azambuja (events: 2022, 2026)"
6663,38.978177,-8.978746,18.876,False,"Carregado / Azambuja (events: 2022, 2026)"
6664,38.977959,-8.97882,18.384,False,"Carregado / Azambuja (events: 2022, 2026)"
6665,38.977742,-8.978893,17.884,False,"Carregado / Azambuja (events: 2022, 2026)"
6666,38.977524,-8.978967,17.71,False,"Carregado / Azambuja (events: 2022, 2026)"
6667,38.977307,-8.979041,17.805,False,"Carregado / Azambuja (events: 2022, 2026)"
6668,38.977089,-8.979114,18.174,False,"Carregado / Azambuja (events: 2022, 2026)"
6669,38.976872,-8.979188,18.518,False,"Carregado / Azambuja (events: 2022, 2026)"
6670,38.976655,-8.979261,19.032,False,"Carregado / Azambuja (events: 2022, 2026)"
6671,38.976437,-8.979335,19.519,False,"Carregado / Azambuja (events: 2022, 2026)"
6672,38.97622,-8.979409,20.003,False,"Carregado / Azambuja (events: 2022, 2026)"
6673,38.976002,-8.979482,20.478,False,"Carregado / Azambuja (events: 2022, 2026)"
6674,38.975785,-8.979556,20.631,False,"Carregado / Azambuja (events: 2022, 2026)"
6675,38.975567,-8.97963,20.315,False,"Carregado / Azambuja (events: 2022, 2026)"
6676,38.97535,-8.979703,19.616,False,"Carregado / Azambuja (events: 2022, 2026)"
6677,38.975133,-8.979777,18.749,False,"Carregado / Azambuja (events: 2022, 2026)"
6678,38.974915,-8.97985,17.902,False,Vila Franca de Xira approach (events: 2026)
6679,38.974698,-8.979924,17.163,False,Vila Franca de Xira approach (events: 2026)
6680,38.97448,-8.979998,16.763,False,Vila Franca de Xira approach (events: 2026)
6681,38.974263,-8.980071,16.599,False,Vila Franca de Xira approach (events: 2026)
6682,38.974045,-8.980145,16.211,False,Vila Franca de Xira approach (events: 2026)
6683,38.973828,-8.980218,15.231,False,Vila Franca de Xira approach (events: 2026)
6684,38.973611,-8.980292,14.405,False,Vila Franca de Xira approach (events: 2026)
6685,38.973393,-8.980366,13.432,False,Vila Franca de Xira approach (events: 2026)
6686,38.973176,-8.980439,12.294,False,Vila Franca de Xira approach (events: 2026)
6687,38.972958,-8.980513,11.252,False,Vila Franca de Xira approach (events: 2026)
6688,38.972741,-8.980587,10.276,False,Vila Franca de Xira approach (events: 2026)
6689,38.972523,-8.98066,9.461,False,Vila Franca de Xira approach (events: 2026)
6690,38.972306,-8.980734,8.613,False,Vila Franca de Xira approach (events: 2026)
6691,38.972089,-8.980807,8.137,False,Vila Franca de Xira approach (events: 2026)
6692,38.971871,-8.980881,8.005,False,Vila Franca de Xira approach (events: 2026)
6693,38.971654,-8.980955,7.821,False,Vila Franca de Xira approach (events: 2026)
6694,38.971436,-8.981028,7.808,False,Vila Franca de Xira approach (events: 2026)
6695,38.971219,-8.981102,7.987,False,Vila Franca de Xira approach (events: 2026)
6696,38.971001,-8.981176,8.306,False,Vila Franca de Xira approach (events: 2026)
6697,38.970784,-8.981249,8.559,False,Vila Franca de Xira approach (events: 2026)
6698,38.970715,-8.981218,8.534,False,Vila Franca de Xira approach (events: 2026)
6699,38.97088,-8.981021,8.243,False,Vila Franca de Xira approach (events: 2026)
6700,38.971045,-8.980825,7.831,False,Vila Franca de Xira approach (events: 2026)
6701,38.97121,-8.980628,7.46,False,Vila Franca de Xira approach (events: 2026)
6702,38.971375,-8.980432,7.216,False,Vila Franca de Xira approach (events: 2026)
6703,38.971284,-8.9806,7.379,False,Vila Franca de Xira approach (events: 2026)
6704,38.971149,-8.980832,7.731,False,Vila Franca de Xira approach (events: 2026)
6705,38.971014,-8.981063,8.152,False,Vila Franca de Xira approach (events: 2026)
6706,38.970878,-8.981294,8.57,False,Vila Franca de Xira approach (events: 2026)
6707,38.970738,-8.981519,8.863,False,Vila Franca de Xira approach (events: 2026)
6708,38.970572,-8.981714,8.987,False,Vila Franca de Xira approach (events: 2026)
6709,38.970406,-8.981909,9.114,False,Vila Franca de Xira approach (events: 2026)
6710,38.970236,-8.982098,9.573,False,Vila Franca de Xira approach (events: 2026)
6711,38.970053,-8.982265,10.222,False,Vila Franca de Xira approach (events: 2026)
6712,38.96987,-8.982433,10.85,False,Vila Franca de Xira approach (events: 2026)
6713,38.969686,-8.9826,11.246,False,Vila Franca de Xira approach (events: 2026)
6714,38.969503,-8.982768,11.541,False,Vila Franca de Xira approach (events: 2026)
6715,38.969316,-8.982928,11.631,False,Vila Franca de Xira approach (events: 2026)
6716,38.969124,-8.983079,11.938,False,Vila Franca de Xira approach (events: 2026)
6717,38.96917,-8.983033,11.865,False,Vila Franca de Xira approach (events: 2026)
6718,38.969355,-8.982869,11.482,False,Vila Franca de Xira approach (events: 2026)
6719,38.96954,-8.982705,11.302,False,Vila Franca de Xira approach (events: 2026)
6720,38.969726,-8.982542,11.099,False,Vila Franca de Xira approach (events: 2026)
6721,38.969911,-8.982378,10.66,False,Vila Franca de Xira approach (events: 2026)
6722,38.970097,-8.982214,10.013,False,Vila Franca de Xira approach (events: 2026)
6723,38.970282,-8.982051,9.367,False,Vila Franca de Xira approach (events: 2026)
6724,38.970467,-8.981887,9.108,False,Vila Franca de Xira approach (events: 2026)
6725,38.970653,-8.981724,9.02,False,Vila Franca de Xira approach (events: 2026)
6726,38.970838,-8.98156,8.9,False,Vila Franca de Xira approach (events: 2026)
6727,38.971023,-8.981396,8.577,False,Vila Franca de Xira approach (events: 2026)
6728,38.971209,-8.981233,8.188,False,Vila Franca de Xira approach (events: 2026)
6729,38.971394,-8.981069,7.856,False,Vila Franca de Xira approach (events: 2026)
6730,38.971579,-8.980905,7.611,False,Vila Franca de Xira approach (events: 2026)
6731,38.971765,-8.980742,7.492,False,Vila Franca de Xira approach (events: 2026)
6732,38.97195,-8.980578,7.41,False,Vila Franca de Xira approach (events: 2026)
6733,38.972136,-8.980414,7.504,False,Vila Franca de Xira approach (events: 2026)
6734,38.972321,-8.980251,7.944,False,Vila Franca de Xira approach (events: 2026)
6735,38.972506,-8.980087,8.401,False,Vila Franca de Xira approach (events: 2026)
6736,38.972692,-8.979923,8.917,False,Vila Franca de Xira approach (events: 2026)
6737,38.972877,-8.97976,9.427,False,Vila Franca de Xira approach (events: 2026)
6738,38.973062,-8.979596,9.69,False,Vila Franca de Xira approach (events: 2026)
6739,38.973248,-8.979432,10.152,False,Vila Franca de Xira approach (events: 2026)
6740,38.973433,-8.979269,10.821,False,Vila Franca de Xira approach (events: 2026)
6741,38.973618,-8.979105,11.493,False,Vila Franca de Xira approach (events: 2026)
6742,38.973804,-8.978941,11.839,False,Vila Franca de Xira approach (events: 2026)
6743,38.973989,-8.978778,11.899,False,Vila Franca de Xira approach (events: 2026)
6744,38.974175,-8.978614,11.871,False,Vila Franca de Xira approach (events: 2026)
6745,38.97436,-8.97845,11.631,False,Vila Franca de Xira approach (events: 2026)
6746,38.974545,-8.978287,11.345,False,Vila Franca de Xira approach (events: 2026)
6747,38.974731,-8.978123,11.123,False,Vila Franca de Xira approach (events: 2026)
6748,38.974916,-8.977959,10.917,False,Vila Franca de Xira approach (events: 2026)
6749,38.975101,-8.977796,10.887,False,"Carregado / Azambuja (events: 2022, 2026)"
6750,38.975177,-8.977715,10.953,False,"Carregado / Azambuja (events: 2022, 2026)"
6751,38.974977,-8.977847,10.716,False,Vila Franca de Xira approach (events: 2026)
6752,38.974777,-8.977978,10.606,False,Vila Franca de Xira approach (events: 2026)
6753,38.974576,-8.978109,10.615,False,Vila Franca de Xira approach (events: 2026)
6754,38.974376,-8.97824,10.576,False,Vila Franca de Xira approach (events: 2026)
6755,38.974176,-8.978371,10.553,False,Vila Franca de Xira approach (events: 2026)
6756,38.973975,-8.978502,10.459,False,Vila Franca de Xira approach (events: 2026)
6757,38.973775,-8.978633,10.16,False,Vila Franca de Xira approach (events: 2026)
6758,38.973574,-8.978765,9.652,False,Vila Franca de Xira approach (events: 2026)
6759,38.973376,-8.9789,8.961,False,Vila Franca de Xira approach (events: 2026)
6760,38.973181,-8.979045,8.51,False,Vila Franca de Xira approach (events: 2026)
6761,38.972987,-8.97919,8.477,False,Vila Franca de Xira approach (events: 2026)
6762,38.972793,-8.979336,8.611,False,Vila Franca de Xira approach (events: 2026)
6763,38.972598,-8.979481,8.706,False,Vila Franca de Xira approach (events: 2026)
6764,38.972418,-8.979654,8.435,False,Vila Franca de Xira approach (events: 2026)
6765,38.972241,-8.979831,7.999,False,Vila Franca de Xira approach (events: 2026)
6766,38.972063,-8.980009,7.634,False,Vila Franca de Xira approach (events: 2026)
6767,38.971885,-8.980186,7.365,False,Vila Franca de Xira approach (events: 2026)
6768,38.971708,-8.980363,7.206,False,Vila Franca de Xira approach (events: 2026)
6769,38.97153,-8.98054,7.239,False,Vila Franca de Xira approach (events: 2026)
6770,38.971352,-8.980717,7.438,False,Vila Franca de Xira approach (events: 2026)
6771,38.971174,-8.980894,7.78,False,Vila Franca de Xira approach (events: 2026)
6772,38.970997,-8.981071,8.182,False,Vila Franca de Xira approach (events: 2026)
6773,38.970819,-8.981249,8.551,False,Vila Franca de Xira approach (events: 2026)
6774,38.970641,-8.981426,8.755,False,Vila Franca de Xira approach (events: 2026)
6775,38.970464,-8.981603,8.836,False,Vila Franca de Xira approach (events: 2026)
6776,38.970286,-8.98178,8.921,False,Vila Franca de Xira approach (events: 2026)
6777,38.970241,-8.981809,8.944,False,Vila Franca de Xira approach (events: 2026)
6778,38.970401,-8.981607,8.798,False,Vila Franca de Xira approach (events: 2026)
6779,38.970562,-8.981405,8.715,False,Vila Franca de Xira approach (events: 2026)
6780,38.970733,-8.981218,8.531,False,Vila Franca de Xira approach (events: 2026)
6781,38.970915,-8.981048,8.244,False,Vila Franca de Xira approach (events: 2026)
6782,38.971097,-8.980878,7.841,False,Vila Franca de Xira approach (events: 2026)
6783,38.971279,-8.980708,7.487,False,Vila Franca de Xira approach (events: 2026)
6784,38.971461,-8.980538,7.241,False,Vila Franca de Xira approach (events: 2026)
6785,38.971643,-8.980369,7.196,False,Vila Franca de Xira approach (events: 2026)
6786,38.971825,-8.980199,7.32,False,Vila Franca de Xira approach (events: 2026)
6787,38.972007,-8.980029,7.553,False,Vila Franca de Xira approach (events: 2026)
6788,38.972188,-8.979859,7.897,False,Vila Franca de Xira approach (events: 2026)
6789,38.97237,-8.979689,8.338,False,Vila Franca de Xira approach (events: 2026)
6790,38.972552,-8.979519,8.649,False,Vila Franca de Xira approach (events: 2026)
6791,38.972417,-8.979654,8.433,False,Vila Franca de Xira approach (events: 2026)
6792,38.972238,-8.979829,7.996,False,Vila Franca de Xira approach (events: 2026)
6793,38.97206,-8.980005,7.632,False,Vila Franca de Xira approach (events: 2026)
6794,38.971881,-8.980181,7.364,False,Vila Franca de Xira approach (events: 2026)
6795,38.971702,-8.980356,7.203,False,Vila Franca de Xira approach (events: 2026)
6796,38.971529,-8.98054,7.239,False,Vila Franca de Xira approach (events: 2026)
6797,38.971367,-8.98074,7.447,False,Vila Franca de Xira approach (events: 2026)
6798,38.971205,-8.980941,7.806,False,Vila Franca de Xira approach (events: 2026)
6799,38.971043,-8.981142,8.219,False,Vila Franca de Xira approach (events: 2026)
6800,38.970881,-8.981342,8.622,False,Vila Franca de Xira approach (events: 2026)
6801,38.970806,-8.981417,8.749,False,Vila Franca de Xira approach (events: 2026)
6802,38.970941,-8.981186,8.38,False,Vila Franca de Xira approach (events: 2026)
6803,38.971077,-8.980955,7.953,False,Vila Franca de Xira approach (events: 2026)
6804,38.971212,-8.980724,7.557,False,Vila Franca de Xira approach (events: 2026)
6805,38.971347,-8.980493,7.258,False,Vila Franca de Xira approach (events: 2026)
6806,38.971507,-8.980294,7.149,False,Vila Franca de Xira approach (events: 2026)
6807,38.971684,-8.980115,7.244,False,Vila Franca de Xira approach (events: 2026)
6808,38.971861,-8.979936,7.436,False,Vila Franca de Xira approach (events: 2026)
6809,38.972038,-8.979757,7.733,False,Vila Franca de Xira approach (events: 2026)
6810,38.972214,-8.979579,8.134,False,Vila Franca de Xira approach (events: 2026)
6811,38.972397,-8.979412,8.539,False,Vila Franca de Xira approach (events: 2026)
6812,38.972592,-8.979266,8.601,False,Vila Franca de Xira approach (events: 2026)
6813,38.972786,-8.97912,8.32,False,Vila Franca de Xira approach (events: 2026)
6814,38.97298,-8.978975,7.939,False,Vila Franca de Xira approach (events: 2026)
6815,38.973174,-8.978829,7.766,False,Vila Franca de Xira approach (events: 2026)
6816,38.973368,-8.978683,8.205,False,Vila Franca de Xira approach (events: 2026)
6817,38.973567,-8.978549,8.719,False,Vila Franca de Xira approach (events: 2026)
6818,38.973766,-8.978414,9.09,False,Vila Franca de Xira approach (events: 2026)
6819,38.973737,-8.978428,9.018,False,Vila Franca de Xira approach (events: 2026)
6820,38.973535,-8.978556,8.579,False,Vila Franca de Xira approach (events: 2026)
6821,38.973334,-8.978683,8.054,False,Vila Franca de Xira approach (events: 2026)
6822,38.973132,-8.97881,7.718,False,Vila Franca de Xira approach (events: 2026)
6823,38.97293,-8.978938,7.799,False,Vila Franca de Xira approach (events: 2026)
6824,38.972728,-8.979065,8.307,False,Vila Franca de Xira approach (events: 2026)
6825,38.972526,-8.979193,8.564,False,Vila Franca de Xira approach (events: 2026)
6826,38.972324,-8.97932,8.441,False,Vila Franca de Xira approach (events: 2026)
6827,38.972123,-8.979447,8.008,False,Vila Franca de Xira approach (events: 2026)
6828,38.971921,-8.979575,7.555,False,Vila Franca de Xira approach (events: 2026)
6829,38.971719,-8.979702,7.236,False,Vila Franca de Xira approach (events: 2026)
6830,38.971517,-8.979829,7.034,False,Vila Franca de Xira approach (events: 2026)
6831,38.971315,-8.979957,6.919,False,Vila Franca de Xira approach (events: 2026)
6832,38.971113,-8.980084,6.891,False,Vila Franca de Xira approach (events: 2026)
6833,38.970912,-8.980212,7.022,False,Vila Franca de Xira approach (events: 2026)
6834,38.97071,-8.980339,7.278,False,Vila Franca de Xira approach (events: 2026)
6835,38.970508,-8.980466,7.504,False,Vila Franca de Xira approach (events: 2026)
6836,38.970306,-8.980594,7.598,False,Vila Franca de Xira approach (events: 2026)
6837,38.970104,-8.980721,7.538,False,Vila Franca de Xira approach (events: 2026)
6838,38.969902,-8.980849,7.43,False,Vila Franca de Xira approach (events: 2026)
6839,38.969701,-8.980976,7.343,False,Vila Franca de Xira approach (events: 2026)
6840,38.969499,-8.981103,7.393,False,Vila Franca de Xira approach (events: 2026)
6841,38.969297,-8.981231,7.521,False,Vila Franca de Xira approach (events: 2026)
6842,38.969095,-8.981358,7.675,False,Vila Franca de Xira approach (events: 2026)
6843,38.968893,-8.981485,7.732,False,Vila Franca de Xira approach (events: 2026)
6844,38.968691,-8.981613,7.761,False,Vila Franca de Xira approach (events: 2026)
6845,38.96849,-8.98174,7.824,False,Vila Franca de Xira approach (events: 2026)
6846,38.968288,-8.981868,8.261,False,Vila Franca de Xira approach (events: 2026)
6847,38.968086,-8.981995,8.889,False,Vila Franca de Xira approach (events: 2026)
6848,38.967884,-8.982122,9.665,False,Vila Franca de Xira approach (events: 2026)
6849,38.967682,-8.98225,10.35,False,Vila Franca de Xira approach (events: 2026)
6850,38.96748,-8.982377,10.661,False,Vila Franca de Xira approach (events: 2026)
6851,38.967279,-8.982505,10.579,False,Vila Franca de Xira approach (events: 2026)
6852,38.967077,-8.982632,10.272,False,Vila Franca de Xira approach (events: 2026)
6853,38.966875,-8.982759,9.781,False,Vila Franca de Xira approach (events: 2026)
6854,38.966673,-8.982887,9.473,False,Vila Franca de Xira approach (events: 2026)
6855,38.966471,-8.983014,9.26,False,Vila Franca de Xira approach (events: 2026)
6856,38.966269,-8.983141,9.06,False,Vila Franca de Xira approach (events: 2026)
6857,38.966068,-8.983269,8.759,False,Vila Franca de Xira approach (events: 2026)
6858,38.965866,-8.983396,8.475,False,Vila Franca de Xira approach (events: 2026)
6859,38.965664,-8.983524,8.133,False,Vila Franca de Xira approach (events: 2026)
6860,38.965462,-8.983651,7.838,False,Vila Franca de Xira approach (events: 2026)
6861,38.96526,-8.983778,7.424,False,Vila Franca de Xira approach (events: 2026)
6862,38.965058,-8.983906,7.083,False,Vila Franca de Xira approach (events: 2026)
6863,38.964857,-8.984033,6.893,False,Vila Franca de Xira approach (events: 2026)
6864,38.964655,-8.984161,6.933,False,Vila Franca de Xira approach (events: 2026)
6865,38.964453,-8.984288,7.173,False,Vila Franca de Xira approach (events: 2026)
6866,38.964251,-8.984415,7.398,False,Vila Franca de Xira approach (events: 2026)
6867,38.964049,-8.984543,7.784,False,Vila Franca de Xira approach (events: 2026)
6868,38.963847,-8.98467,8.426,False,Vila Franca de Xira approach (events: 2026)
6869,38.963646,-8.984797,9.424,False,Vila Franca de Xira approach (events: 2026)
6870,38.963444,-8.984925,10.79,False,Vila Franca de Xira approach (events: 2026)
6871,38.963242,-8.985052,11.982,False,Vila Franca de Xira approach (events: 2026)
6872,38.96304,-8.98518,12.794,False,Vila Franca de Xira approach (events: 2026)
6873,38.962838,-8.985307,13.3,False,Vila Franca de Xira approach (events: 2026)
6874,38.962636,-8.985434,14.171,False,Vila Franca de Xira approach (events: 2026)
6875,38.962435,-8.985562,15.417,False,Vila Franca de Xira approach (events: 2026)
6876,38.962233,-8.985689,17.593,False,Vila Franca de Xira approach (events: 2026)
6877,38.962031,-8.985816,20.413,False,Vila Franca de Xira approach (events: 2026)
6878,38.961829,-8.985944,23.28,False,Vila Franca de Xira approach (events: 2026)
6879,38.961627,-8.986071,25.034,False,Vila Franca de Xira approach (events: 2026)
6880,38.961425,-8.986199,26.344,False,Vila Franca de Xira approach (events: 2026)
6881,38.961223,-8.986326,26.189,False,Vila Franca de Xira approach (events: 2026)
6882,38.961022,-8.986453,25.477,False,Vila Franca de Xira approach (events: 2026)
6883,38.96082,-8.986581,24.64,False,Vila Franca de Xira approach (events: 2026)
6884,38.960618,-8.986708,24.06,False,Vila Franca de Xira approach (events: 2026)
6885,38.960416,-8.986836,23.727,False,Vila Franca de Xira approach (events: 2026)
6886,38.960214,-8.986963,23.912,False,Vila Franca de Xira approach (events: 2026)
6887,38.960012,-8.98709,23.934,False,Vila Franca de Xira approach (events: 2026)
6888,38.959811,-8.987218,23.959,False,Vila Franca de Xira approach (events: 2026)
6889,38.959609,-8.987345,23.637,False,Vila Franca de Xira approach (events: 2026)
6890,38.959407,-8.987472,22.969,False,Vila Franca de Xira approach (events: 2026)
6891,38.959205,-8.9876,22.838,False,Vila Franca de Xira approach (events: 2026)
6892,38.959003,-8.987727,23.372,False,Vila Franca de Xira approach (events: 2026)
6893,38.958801,-8.987855,23.892,False,Vila Franca de Xira approach (events: 2026)
6894,38.9586,-8.987982,23.734,False,Vila Franca de Xira approach (events: 2026)
6895,38.958398,-8.988109,23.264,False,Vila Franca de Xira approach (events: 2026)
6896,38.958196,-8.988237,22.663,False,Vila Franca de Xira approach (events: 2026)
6897,38.957994,-8.988364,21.688,False,Vila Franca de Xira approach (events: 2026)
6898,38.957792,-8.988492,20.151,False,Vila Franca de Xira approach (events: 2026)
6899,38.95759,-8.988619,19.279,False,Vila Franca de Xira approach (events: 2026)
6900,38.957389,-8.988746,19.311,False,Vila Franca de Xira approach (events: 2026)
6901,38.957187,-8.988874,19.603,False,Vila Franca de Xira approach (events: 2026)
6902,38.956985,-8.989001,19.652,False,Vila Franca de Xira approach (events: 2026)
6903,38.956783,-8.989128,19.195,False,Vila Franca de Xira approach (events: 2026)
6904,38.956581,-8.989256,18.832,False,Vila Franca de Xira approach (events: 2026)
6905,38.956379,-8.989383,18.514,False,Vila Franca de Xira approach (events: 2026)
6906,38.956178,-8.989511,18.397,False,Vila Franca de Xira approach (events: 2026)
6907,38.955976,-8.989638,18.515,False,Vila Franca de Xira approach (events: 2026)
6908,38.955774,-8.989765,18.325,False,Vila Franca de Xira approach (events: 2026)
6909,38.955572,-8.989893,17.714,False,Vila Franca de Xira approach (events: 2026)
6910,38.95537,-8.99002,16.531,False,Vila Franca de Xira approach (events: 2026)
6911,38.955168,-8.990148,15.421,False,Vila Franca de Xira approach (events: 2026)
6912,38.954967,-8.990275,14.848,False,Vila Franca de Xira approach (events: 2026)
6913,38.954765,-8.990402,14.653,False,Vila Franca de Xira approach (events: 2026)
6914,38.954563,-8.99053,14.733,False,Vila Franca de Xira approach (events: 2026)
6915,38.954361,-8.990657,14.696,False,Vila Franca de Xira approach (events: 2026)
6916,38.954159,-8.990784,14.323,False,Vila Franca de Xira approach (events: 2026)
6917,38.953957,-8.990912,13.966,False,Vila Franca de Xira approach (events: 2026)
6918,38.953756,-8.991039,13.801,False,Vila Franca de Xira approach (events: 2026)
6919,38.953554,-8.991167,14.063,False,Vila Franca de Xira approach (events: 2026)
6920,38.953352,-8.991294,14.623,False,Vila Franca de Xira approach (events: 2026)
6921,38.95315,-8.991421,15.692,False,Vila Franca de Xira approach (events: 2026)
6922,38.952948,-8.991549,17.023,False,Vila Franca de Xira approach (events: 2026)
6923,38.952746,-8.991676,18.947,False,Vila Franca de Xira approach (events: 2026)
6924,38.952545,-8.991804,21.798,False,Vila Franca de Xira approach (events: 2026)
6925,38.952343,-8.991931,24.83,False,Vila Franca de Xira approach (events: 2026)
6926,38.952141,-8.992058,27.397,False,Vila Franca de Xira approach (events: 2026)
6927,38.951939,-8.992186,29.618,False,Vila Franca de Xira approach (events: 2026)
6928,38.951737,-8.992313,31.629,False,Vila Franca de Xira approach (events: 2026)
6929,38.951535,-8.99244,32.583,False,Vila Franca de Xira approach (events: 2026)
6930,38.951334,-8.992568,33.305,False,Vila Franca de Xira approach (events: 2026)
6931,38.951132,-8.992695,34.557,False,Vila Franca de Xira approach (events: 2026)
6932,38.95093,-8.992823,36.33,False,Vila Franca de Xira approach (events: 2026)
6933,38.950728,-8.99295,37.262,False,Vila Franca de Xira approach (events: 2026)
6934,38.950526,-8.993077,34.136,False,Vila Franca de Xira approach (events: 2026)
6935,38.950324,-8.993205,31.88,False,Vila Franca de Xira approach (events: 2026)
6936,38.950123,-8.993332,31.229,False,Vila Franca de Xira approach (events: 2026)
6937,38.949921,-8.993459,32.408,False,Vila Franca de Xira approach (events: 2026)
6938,38.949719,-8.993587,33.871,False,Vila Franca de Xira approach (events: 2026)
6939,38.949517,-8.993714,35.907,False,Vila Franca de Xira approach (events: 2026)
6940,38.949315,-8.993842,37.59,False,Vila Franca de Xira approach (events: 2026)
6941,38.949113,-8.993969,39.074,False,Vila Franca de Xira approach (events: 2026)
6942,38.948912,-8.994096,40.874,False,Vila Franca de Xira approach (events: 2026)
6943,38.94871,-8.994224,42.387,False,Vila Franca de Xira approach (events: 2026)
6944,38.948508,-8.994351,43.781,False,Vila Franca de Xira approach (events: 2026)
6945,38.948306,-8.994479,44.639,False,Vila Franca de Xira approach (events: 2026)
6946,38.948104,-8.994606,45.162,False,Vila Franca de Xira approach (events: 2026)
6947,38.947902,-8.994733,45.31,False,Vila Franca de Xira approach (events: 2026)
6948,38.947701,-8.994861,44.995,False,Vila Franca de Xira approach (events: 2026)
6949,38.947499,-8.994988,44.387,False,Vila Franca de Xira approach (events: 2026)
6950,38.947297,-8.995115,43.339,False,Vila Franca de Xira approach (events: 2026)
6951,38.947095,-8.995243,41.639,False,Vila Franca de Xira approach (events: 2026)
6952,38.946893,-8.99537,39.94,False,Vila Franca de Xira approach (events: 2026)
6953,38.946691,-8.995498,38.338,False,Vila Franca de Xira approach (events: 2026)
6954,38.94649,-8.995625,36.738,False,Vila Franca de Xira approach (events: 2026)
6955,38.946288,-8.995752,35.027,False,Vila Franca de Xira approach (events: 2026)
6956,38.946086,-8.99588,32.112,False,Vila Franca de Xira approach (events: 2026)
6957,38.945884,-8.996007,28.995,False,Vila Franca de Xira approach (events: 2026)
6958,38.945682,-8.996135,25.789,False,Vila Franca de Xira approach (events: 2026)
6959,38.94548,-8.996262,22.779,False,Vila Franca de Xira approach (events: 2026)
6960,38.945279,-8.996389,20.674,False,Vila Franca de Xira approach (events: 2026)
6961,38.945077,-8.996517,19.299,False,Vila Franca de Xira approach (events: 2026)
6962,38.944875,-8.996644,18.079,False,Vila Franca de Xira approach (events: 2026)
6963,38.944673,-8.996771,16.633,False,Vila Franca de Xira approach (events: 2026)
6964,38.944507,-8.996965,15.496,False,Vila Franca de Xira approach (events: 2026)
6965,38.944346,-8.997166,14.471,False,Vila Franca de Xira approach (events: 2026)
6966,38.944184,-8.997367,13.62,False,Vila Franca de Xira approach (events: 2026)
6967,38.944022,-8.997568,13.087,False,Vila Franca de Xira approach (events: 2026)
6968,38.94393,-8.997684,12.895,False,Vila Franca de Xira approach (events: 2026)
6969,38.944093,-8.997486,13.32,False,Vila Franca de Xira approach (events: 2026)
6970,38.944256,-8.997287,13.951,False,Vila Franca de Xira approach (events: 2026)
6971,38.94442,-8.997089,15.001,False,Vila Franca de Xira approach (events: 2026)
6972,38.944583,-8.99689,16.021,False,Vila Franca de Xira approach (events: 2026)
6973,38.944747,-8.996692,17.05,False,Vila Franca de Xira approach (events: 2026)
6974,38.94491,-8.996493,17.415,False,Vila Franca de Xira approach (events: 2026)
6975,38.945074,-8.996295,18.078,False,Vila Franca de Xira approach (events: 2026)
6976,38.94506,-8.996308,17.993,False,Vila Franca de Xira approach (events: 2026)
6977,38.944893,-8.996502,17.289,False,Vila Franca de Xira approach (events: 2026)
6978,38.944727,-8.996697,16.846,False,Vila Franca de Xira approach (events: 2026)
6979,38.944555,-8.996883,15.644,False,Vila Franca de Xira approach (events: 2026)
6980,38.944378,-8.997061,14.452,False,Vila Franca de Xira approach (events: 2026)
6981,38.944201,-8.99724,13.36,False,Vila Franca de Xira approach (events: 2026)
6982,38.944025,-8.997419,12.61,False,Vila Franca de Xira approach (events: 2026)
6983,38.943848,-8.997597,12.337,False,Vila Franca de Xira approach (events: 2026)
6984,38.943671,-8.997776,12.365,False,Vila Franca de Xira approach (events: 2026)
6985,38.943494,-8.997955,12.76,False,Vila Franca de Xira approach (events: 2026)
6986,38.943318,-8.998133,13.118,False,Vila Franca de Xira approach (events: 2026)
6987,38.943141,-8.998312,13.553,False,Vila Franca de Xira approach (events: 2026)
6988,38.942964,-8.998491,14.146,False,Vila Franca de Xira approach (events: 2026)
6989,38.942787,-8.998669,15.039,False,Vila Franca de Xira approach (events: 2026)
6990,38.942611,-8.998848,16.177,False,Vila Franca de Xira approach (events: 2026)
6991,38.942434,-8.999027,18.286,False,Vila Franca de Xira approach (events: 2026)
6992,38.942257,-8.999205,20.161,False,Vila Franca de Xira approach (events: 2026)
6993,38.94208,-8.999384,20.763,False,Vila Franca de Xira approach (events: 2026)
6994,38.941904,-8.999563,20.733,False,Vila Franca de Xira approach (events: 2026)
6995,38.941727,-8.999741,20.536,False,Vila Franca de Xira approach (events: 2026)
6996,38.94155,-8.99992,20.375,False,Vila Franca de Xira approach (events: 2026)
6997,38.941373,-9.000099,20.435,False,Vila Franca de Xira approach (events: 2026)
6998,38.941197,-9.000277,20.399,False,Vila Franca de Xira approach (events: 2026)
6999,38.94102,-9.000456,20.798,False,Vila Franca de Xira approach (events: 2026)
7000,38.940843,-9.000635,21.862,False,Vila Franca de Xira approach (events: 2026)
7001,38.940666,-9.000813,23.762,False,Vila Franca de Xira approach (events: 2026)
7002,38.94049,-9.000992,25.684,False,Vila Franca de Xira approach (events: 2026)
7003,38.940313,-9.001171,26.992,False,Vila Franca de Xira approach (events: 2026)
7004,38.9405,-9.001043,26.623,False,Vila Franca de Xira approach (events: 2026)
7005,38.940699,-9.000907,25.606,False,Vila Franca de Xira approach (events: 2026)
7006,38.940897,-9.000771,24.532,False,Vila Franca de Xira approach (events: 2026)
7007,38.941078,-9.000602,23.438,False,Vila Franca de Xira approach (events: 2026)
7008,38.941254,-9.000422,22.762,False,Vila Franca de Xira approach (events: 2026)
7009,38.94143,-9.000242,22.452,False,Vila Franca de Xira approach (events: 2026)
7010,38.941607,-9.000062,22.259,False,Vila Franca de Xira approach (events: 2026)
7011,38.941783,-8.999883,22.232,False,Vila Franca de Xira approach (events: 2026)
7012,38.941959,-8.999703,22.122,False,Vila Franca de Xira approach (events: 2026)
7013,38.942135,-8.999523,21.951,False,Vila Franca de Xira approach (events: 2026)
7014,38.942311,-8.999343,21.584,False,Vila Franca de Xira approach (events: 2026)
7015,38.942487,-8.999164,19.965,False,Vila Franca de Xira approach (events: 2026)
7016,38.942663,-8.998984,17.889,False,Vila Franca de Xira approach (events: 2026)
7017,38.942839,-8.998804,16.185,False,Vila Franca de Xira approach (events: 2026)
7018,38.943015,-8.998624,14.848,False,Vila Franca de Xira approach (events: 2026)
7019,38.943191,-8.998445,14.026,False,Vila Franca de Xira approach (events: 2026)
7020,38.943367,-8.998265,13.478,False,Vila Franca de Xira approach (events: 2026)
7021,38.943543,-8.998085,13.058,False,Vila Franca de Xira approach (events: 2026)
7022,38.94372,-8.997905,12.812,False,Vila Franca de Xira approach (events: 2026)
7023,38.943894,-8.997727,12.876,False,Vila Franca de Xira approach (events: 2026)
7024,38.943739,-8.997935,12.922,False,Vila Franca de Xira approach (events: 2026)
7025,38.943581,-8.998142,13.182,False,Vila Franca de Xira approach (events: 2026)
7026,38.943424,-8.998349,13.676,False,Vila Franca de Xira approach (events: 2026)
7027,38.943267,-8.998555,14.527,False,Vila Franca de Xira approach (events: 2026)
7028,38.943108,-8.99876,15.809,False,Vila Franca de Xira approach (events: 2026)
7029,38.942948,-8.998963,17.47,False,Vila Franca de Xira approach (events: 2026)
7030,38.942788,-8.999166,19.6,False,Vila Franca de Xira approach (events: 2026)
7031,38.942623,-8.999362,20.929,False,Vila Franca de Xira approach (events: 2026)
7032,38.942458,-8.999558,22.388,False,Vila Franca de Xira approach (events: 2026)
7033,38.942284,-8.999741,23.395,False,Vila Franca de Xira approach (events: 2026)
7034,38.942108,-8.999921,24.371,False,Vila Franca de Xira approach (events: 2026)
7035,38.941921,-9.000079,24.878,False,Vila Franca de Xira approach (events: 2026)
7036,38.941722,-9.000214,24.991,False,Vila Franca de Xira approach (events: 2026)
7037,38.941523,-9.000348,24.556,False,Vila Franca de Xira approach (events: 2026)
7038,38.941324,-9.000482,24.199,False,Vila Franca de Xira approach (events: 2026)
7039,38.941125,-9.000617,24.118,False,Vila Franca de Xira approach (events: 2026)
7040,38.940963,-9.000724,24.194,False,Vila Franca de Xira approach (events: 2026)
7041,38.941156,-9.000575,23.816,False,Vila Franca de Xira approach (events: 2026)
7042,38.941346,-9.000421,23.704,False,Vila Franca de Xira approach (events: 2026)
7043,38.941531,-9.000256,23.558,False,Vila Franca de Xira approach (events: 2026)
7044,38.941716,-9.000092,23.581,False,Vila Franca de Xira approach (events: 2026)
7045,38.9419,-8.999927,23.534,False,Vila Franca de Xira approach (events: 2026)
7046,38.942079,-8.999752,23.064,False,Vila Franca de Xira approach (events: 2026)
7047,38.942256,-8.999574,22.551,False,Vila Franca de Xira approach (events: 2026)
7048,38.942427,-8.999387,21.839,False,Vila Franca de Xira approach (events: 2026)
7049,38.942591,-8.999189,19.968,False,Vila Franca de Xira approach (events: 2026)
7050,38.942755,-8.99899,17.995,False,Vila Franca de Xira approach (events: 2026)
7051,38.942918,-8.998792,16.095,False,Vila Franca de Xira approach (events: 2026)
7052,38.943082,-8.998594,14.751,False,Vila Franca de Xira approach (events: 2026)
7053,38.943242,-8.998391,13.783,False,Vila Franca de Xira approach (events: 2026)
7054,38.943402,-8.998187,13.279,False,Vila Franca de Xira approach (events: 2026)
7055,38.943561,-8.997984,12.848,False,Vila Franca de Xira approach (events: 2026)
7056,38.943721,-8.99778,12.465,False,Vila Franca de Xira approach (events: 2026)
7057,38.94388,-8.997576,12.391,False,Vila Franca de Xira approach (events: 2026)
7058,38.944039,-8.997372,12.559,False,Vila Franca de Xira approach (events: 2026)
7059,38.944199,-8.997168,13.112,False,Vila Franca de Xira approach (events: 2026)
7060,38.944358,-8.996965,13.889,False,Vila Franca de Xira approach (events: 2026)
7061,38.944518,-8.996761,14.743,False,Vila Franca de Xira approach (events: 2026)
7062,38.944683,-8.996565,15.453,False,Vila Franca de Xira approach (events: 2026)
7063,38.944852,-8.996374,16.097,False,Vila Franca de Xira approach (events: 2026)
7064,38.945021,-8.996183,16.827,False,Vila Franca de Xira approach (events: 2026)
7065,38.94521,-8.996031,18.303,False,Vila Franca de Xira approach (events: 2026)
7066,38.945412,-8.995906,20.321,False,Vila Franca de Xira approach (events: 2026)
7067,38.945615,-8.995781,23.081,False,Vila Franca de Xira approach (events: 2026)
7068,38.945818,-8.995656,26.071,False,Vila Franca de Xira approach (events: 2026)
7069,38.94602,-8.995531,28.645,False,Vila Franca de Xira approach (events: 2026)
7070,38.946223,-8.995406,30.459,False,Vila Franca de Xira approach (events: 2026)
7071,38.946426,-8.995281,31.124,False,Vila Franca de Xira approach (events: 2026)
7072,38.946629,-8.995156,32.195,False,Vila Franca de Xira approach (events: 2026)
7073,38.946831,-8.99503,33.695,False,Vila Franca de Xira approach (events: 2026)
7074,38.947034,-8.994905,35.144,False,Vila Franca de Xira approach (events: 2026)
7075,38.947237,-8.99478,36.692,False,Vila Franca de Xira approach (events: 2026)
7076,38.947439,-8.994655,37.937,False,Vila Franca de Xira approach (events: 2026)
7077,38.947642,-8.99453,38.937,False,Vila Franca de Xira approach (events: 2026)
7078,38.947845,-8.994405,39.666,False,Vila Franca de Xira approach (events: 2026)
7079,38.948047,-8.99428,39.251,False,Vila Franca de Xira approach (events: 2026)
7080,38.94825,-8.994155,38.598,False,Vila Franca de Xira approach (events: 2026)
7081,38.948453,-8.99403,37.651,False,Vila Franca de Xira approach (events: 2026)
7082,38.948656,-8.993905,36.048,False,Vila Franca de Xira approach (events: 2026)
7083,38.948858,-8.99378,34.195,False,Vila Franca de Xira approach (events: 2026)
7084,38.949061,-8.993655,32.485,False,Vila Franca de Xira approach (events: 2026)
7085,38.949264,-8.993529,31.198,False,Vila Franca de Xira approach (events: 2026)
7086,38.949466,-8.993404,29.575,False,Vila Franca de Xira approach (events: 2026)
7087,38.949669,-8.993279,28.424,False,Vila Franca de Xira approach (events: 2026)
7088,38.949872,-8.993154,27.655,False,Vila Franca de Xira approach (events: 2026)
7089,38.950074,-8.993029,27.608,False,Vila Franca de Xira approach (events: 2026)
7090,38.950277,-8.992904,29.526,False,Vila Franca de Xira approach (events: 2026)
7091,38.95048,-8.992779,33.466,False,Vila Franca de Xira approach (events: 2026)
7092,38.950683,-8.992654,36.641,False,Vila Franca de Xira approach (events: 2026)
7093,38.950885,-8.992529,35.729,False,Vila Franca de Xira approach (events: 2026)
7094,38.951088,-8.992404,34.013,False,Vila Franca de Xira approach (events: 2026)
7095,38.951291,-8.992279,33.158,False,Vila Franca de Xira approach (events: 2026)
7096,38.951493,-8.992153,32.174,False,Vila Franca de Xira approach (events: 2026)
7097,38.951696,-8.992028,30.386,False,Vila Franca de Xira approach (events: 2026)
7098,38.951899,-8.991903,27.885,False,Vila Franca de Xira approach (events: 2026)
7099,38.952101,-8.991778,25.313,False,Vila Franca de Xira approach (events: 2026)
7100,38.952304,-8.991653,22.449,False,Vila Franca de Xira approach (events: 2026)
7101,38.952507,-8.991528,19.44,False,Vila Franca de Xira approach (events: 2026)
7102,38.95271,-8.991403,16.962,False,Vila Franca de Xira approach (events: 2026)
7103,38.952912,-8.991278,15.627,False,Vila Franca de Xira approach (events: 2026)
7104,38.953115,-8.991153,14.629,False,Vila Franca de Xira approach (events: 2026)
7105,38.953318,-8.991028,13.988,False,Vila Franca de Xira approach (events: 2026)
7106,38.95352,-8.990903,13.717,False,Vila Franca de Xira approach (events: 2026)
7107,38.953723,-8.990778,13.713,False,Vila Franca de Xira approach (events: 2026)
7108,38.953926,-8.990652,13.875,False,Vila Franca de Xira approach (events: 2026)
7109,38.954128,-8.990527,14.144,False,Vila Franca de Xira approach (events: 2026)
7110,38.954331,-8.990402,14.329,False,Vila Franca de Xira approach (events: 2026)
7111,38.954534,-8.990277,14.331,False,Vila Franca de Xira approach (events: 2026)
7112,38.954737,-8.990152,14.312,False,Vila Franca de Xira approach (events: 2026)
7113,38.954939,-8.990027,14.48,False,Vila Franca de Xira approach (events: 2026)
7114,38.955142,-8.989902,15.026,False,Vila Franca de Xira approach (events: 2026)
7115,38.955345,-8.989777,15.881,False,Vila Franca de Xira approach (events: 2026)
7116,38.955547,-8.989652,16.539,False,Vila Franca de Xira approach (events: 2026)
7117,38.95575,-8.989527,16.992,False,Vila Franca de Xira approach (events: 2026)
7118,38.955953,-8.989402,17.206,False,Vila Franca de Xira approach (events: 2026)
7119,38.956155,-8.989276,17.228,False,Vila Franca de Xira approach (events: 2026)
7120,38.956358,-8.989151,17.232,False,Vila Franca de Xira approach (events: 2026)
7121,38.956561,-8.989026,17.229,False,Vila Franca de Xira approach (events: 2026)
7122,38.956764,-8.988901,17.423,False,Vila Franca de Xira approach (events: 2026)
7123,38.956966,-8.988776,17.573,False,Vila Franca de Xira approach (events: 2026)
7124,38.957169,-8.988651,17.717,False,Vila Franca de Xira approach (events: 2026)
7125,38.957372,-8.988526,17.027,False,Vila Franca de Xira approach (events: 2026)
7126,38.957574,-8.988401,17.183,False,Vila Franca de Xira approach (events: 2026)
7127,38.957777,-8.988276,18.212,False,Vila Franca de Xira approach (events: 2026)
7128,38.95798,-8.988151,19.34,False,Vila Franca de Xira approach (events: 2026)
7129,38.958182,-8.988026,20.116,False,Vila Franca de Xira approach (events: 2026)
7130,38.958385,-8.9879,20.519,False,Vila Franca de Xira approach (events: 2026)
7131,38.958588,-8.987775,20.939,False,Vila Franca de Xira approach (events: 2026)
7132,38.958791,-8.98765,20.808,False,Vila Franca de Xira approach (events: 2026)
7133,38.958993,-8.987525,20.368,False,Vila Franca de Xira approach (events: 2026)
7134,38.959196,-8.9874,20.026,False,Vila Franca de Xira approach (events: 2026)
7135,38.959399,-8.987275,20.486,False,Vila Franca de Xira approach (events: 2026)
7136,38.959601,-8.98715,21.124,False,Vila Franca de Xira approach (events: 2026)
7137,38.959804,-8.987025,21.262,False,Vila Franca de Xira approach (events: 2026)
7138,38.960007,-8.9869,21.301,False,Vila Franca de Xira approach (events: 2026)
7139,38.960209,-8.986775,21.101,False,Vila Franca de Xira approach (events: 2026)
7140,38.960412,-8.98665,21.28,False,Vila Franca de Xira approach (events: 2026)
7141,38.960615,-8.986525,21.434,False,Vila Franca de Xira approach (events: 2026)
7142,38.960818,-8.986399,21.847,False,Vila Franca de Xira approach (events: 2026)
7143,38.96102,-8.986274,22.444,False,Vila Franca de Xira approach (events: 2026)
7144,38.961223,-8.986149,23.208,False,Vila Franca de Xira approach (events: 2026)
7145,38.961426,-8.986024,22.728,False,Vila Franca de Xira approach (events: 2026)
7146,38.961628,-8.985899,21.863,False,Vila Franca de Xira approach (events: 2026)
7147,38.961831,-8.985774,20.319,False,Vila Franca de Xira approach (events: 2026)
7148,38.962034,-8.985649,17.918,False,Vila Franca de Xira approach (events: 2026)
7149,38.962237,-8.985524,15.598,False,Vila Franca de Xira approach (events: 2026)
7150,38.962439,-8.985399,13.959,False,Vila Franca de Xira approach (events: 2026)
7151,38.962642,-8.985274,13.202,False,Vila Franca de Xira approach (events: 2026)
7152,38.962845,-8.985149,12.38,False,Vila Franca de Xira approach (events: 2026)
7153,38.963047,-8.985023,11.606,False,Vila Franca de Xira approach (events: 2026)
7154,38.96325,-8.984898,10.662,False,Vila Franca de Xira approach (events: 2026)
7155,38.963453,-8.984773,9.289,False,Vila Franca de Xira approach (events: 2026)
7156,38.963655,-8.984648,8.436,False,Vila Franca de Xira approach (events: 2026)
7157,38.963858,-8.984523,7.609,False,Vila Franca de Xira approach (events: 2026)
7158,38.964061,-8.984398,7.386,False,Vila Franca de Xira approach (events: 2026)
7159,38.964264,-8.984273,7.151,False,Vila Franca de Xira approach (events: 2026)
7160,38.964466,-8.984148,6.875,False,Vila Franca de Xira approach (events: 2026)
7161,38.964669,-8.984023,6.817,False,Vila Franca de Xira approach (events: 2026)
7162,38.964872,-8.983898,6.874,False,Vila Franca de Xira approach (events: 2026)
7163,38.965074,-8.983773,7.15,False,Vila Franca de Xira approach (events: 2026)
7164,38.965277,-8.983648,7.581,False,Vila Franca de Xira approach (events: 2026)
7165,38.96548,-8.983522,7.912,False,Vila Franca de Xira approach (events: 2026)
7166,38.965682,-8.983397,8.178,False,Vila Franca de Xira approach (events: 2026)
7167,38.965885,-8.983272,8.416,False,Vila Franca de Xira approach (events: 2026)
7168,38.966088,-8.983147,8.717,False,Vila Franca de Xira approach (events: 2026)
7169,38.966291,-8.983022,8.884,False,Vila Franca de Xira approach (events: 2026)
7170,38.966493,-8.982897,9.076,False,Vila Franca de Xira approach (events: 2026)
7171,38.966696,-8.982772,9.288,False,Vila Franca de Xira approach (events: 2026)
7172,38.966899,-8.982647,9.697,False,Vila Franca de Xira approach (events: 2026)
7173,38.967101,-8.982522,10.234,False,Vila Franca de Xira approach (events: 2026)
7174,38.967304,-8.982397,10.549,False,Vila Franca de Xira approach (events: 2026)
7175,38.967507,-8.982272,10.538,False,Vila Franca de Xira approach (events: 2026)
7176,38.967709,-8.982146,10.186,False,Vila Franca de Xira approach (events: 2026)
7177,38.967912,-8.982021,9.284,False,Vila Franca de Xira approach (events: 2026)
7178,38.968115,-8.981896,8.525,False,Vila Franca de Xira approach (events: 2026)
7179,38.968318,-8.981771,7.908,False,Vila Franca de Xira approach (events: 2026)
7180,38.96852,-8.981646,7.658,False,Vila Franca de Xira approach (events: 2026)
7181,38.968723,-8.981521,7.606,False,Vila Franca de Xira approach (events: 2026)
7182,38.968926,-8.981396,7.598,False,Vila Franca de Xira approach (events: 2026)
7183,38.969128,-8.981271,7.51,False,Vila Franca de Xira approach (events: 2026)
7184,38.969331,-8.981146,7.355,False,Vila Franca de Xira approach (events: 2026)
7185,38.969534,-8.981021,7.285,False,Vila Franca de Xira approach (events: 2026)
7186,38.969736,-8.980896,7.301,False,Vila Franca de Xira approach (events: 2026)
7187,38.969939,-8.98077,7.4,False,Vila Franca de Xira approach (events: 2026)
7188,38.970142,-8.980645,7.535,False,Vila Franca de Xira approach (events: 2026)
7189,38.970345,-8.98052,7.547,False,Vila Franca de Xira approach (events: 2026)
7190,38.970547,-8.980395,7.395,False,Vila Franca de Xira approach (events: 2026)
7191,38.97075,-8.98027,7.15,False,Vila Franca de Xira approach (events: 2026)
7192,38.970953,-8.980145,6.91,False,Vila Franca de Xira approach (events: 2026)
7193,38.971155,-8.98002,6.857,False,Vila Franca de Xira approach (events: 2026)
7194,38.971358,-8.979895,6.919,False,Vila Franca de Xira approach (events: 2026)
7195,38.971561,-8.97977,7.056,False,Vila Franca de Xira approach (events: 2026)
7196,38.971763,-8.979645,7.285,False,Vila Franca de Xira approach (events: 2026)
7197,38.971966,-8.97952,7.644,False,Vila Franca de Xira approach (events: 2026)
7198,38.972169,-8.979395,8.122,False,Vila Franca de Xira approach (events: 2026)
7199,38.972372,-8.979269,8.508,False,Vila Franca de Xira approach (events: 2026)
7200,38.972574,-8.979144,8.538,False,Vila Franca de Xira approach (events: 2026)
7201,38.972777,-8.979019,8.171,False,Vila Franca de Xira approach (events: 2026)
7202,38.97298,-8.978894,7.785,False,Vila Franca de Xira approach (events: 2026)
7203,38.973182,-8.978769,7.626,False,Vila Franca de Xira approach (events: 2026)
7204,38.973385,-8.978644,8.173,False,Vila Franca de Xira approach (events: 2026)
7205,38.973588,-8.978519,8.711,False,Vila Franca de Xira approach (events: 2026)
7206,38.97379,-8.978394,9.109,False,Vila Franca de Xira approach (events: 2026)
7207,38.973992,-8.978266,9.399,False,Vila Franca de Xira approach (events: 2026)
7208,38.974194,-8.978137,9.505,False,Vila Franca de Xira approach (events: 2026)
7209,38.974395,-8.978009,9.701,False,Vila Franca de Xira approach (events: 2026)
7210,38.974596,-8.97788,9.809,False,Vila Franca de Xira approach (events: 2026)
7211,38.974797,-8.977751,9.986,False,Vila Franca de Xira approach (events: 2026)
7212,38.974999,-8.977622,10.22,False,Vila Franca de Xira approach (events: 2026)
7213,38.975202,-8.977501,10.605,False,"Carregado / Azambuja (events: 2022, 2026)"
7214,38.97542,-8.97743,11.204,False,"Carregado / Azambuja (events: 2022, 2026)"
7215,38.975638,-8.977359,11.689,False,"Carregado / Azambuja (events: 2022, 2026)"
7216,38.975856,-8.977288,11.928,False,"Carregado / Azambuja (events: 2022, 2026)"
7217,38.976074,-8.977217,11.972,False,"Carregado / Azambuja (events: 2022, 2026)"
7218,38.976292,-8.977146,12.034,False,"Carregado / Azambuja (events: 2022, 2026)"
7219,38.97651,-8.977075,12.41,False,"Carregado / Azambuja (events: 2022, 2026)"
7220,38.976728,-8.977004,13.09,False,"Carregado / Azambuja (events: 2022, 2026)"
7221,38.976946,-8.976933,13.529,False,"Carregado / Azambuja (events: 2022, 2026)"
7222,38.977164,-8.976862,13.904,False,"Carregado / Azambuja (events: 2022, 2026)"
7223,38.977382,-8.976791,13.967,False,"Carregado / Azambuja (events: 2022, 2026)"
7224,38.9776,-8.97672,13.629,False,"Carregado / Azambuja (events: 2022, 2026)"
7225,38.977818,-8.976649,13.101,False,"Carregado / Azambuja (events: 2022, 2026)"
7226,38.978036,-8.976578,12.614,False,"Carregado / Azambuja (events: 2022, 2026)"
7227,38.978254,-8.976507,11.912,False,"Carregado / Azambuja (events: 2022, 2026)"
7228,38.978472,-8.976436,11.098,False,"Carregado / Azambuja (events: 2022, 2026)"
7229,38.97869,-8.976365,10.305,False,"Carregado / Azambuja (events: 2022, 2026)"
7230,38.978908,-8.976295,9.776,False,"Carregado / Azambuja (events: 2022, 2026)"
7231,38.979126,-8.976224,9.704,False,"Carregado / Azambuja (events: 2022, 2026)"
7232,38.979343,-8.976153,9.811,False,"Carregado / Azambuja (events: 2022, 2026)"
7233,38.979561,-8.976082,9.898,False,"Carregado / Azambuja (events: 2022, 2026)"
7234,38.979779,-8.976011,10.085,False,"Carregado / Azambuja (events: 2022, 2026)"
7235,38.979997,-8.97594,10.334,False,"Carregado / Azambuja (events: 2022, 2026)"
7236,38.980215,-8.975869,10.372,False,"Carregado / Azambuja (events: 2022, 2026)"
7237,38.980433,-8.975798,9.862,False,"Carregado / Azambuja (events: 2022, 2026)"
7238,38.980651,-8.975727,9.129,False,"Carregado / Azambuja (events: 2022, 2026)"
7239,38.980869,-8.975656,8.303,False,"Carregado / Azambuja (events: 2022, 2026)"
7240,38.981087,-8.975585,7.848,False,"Carregado / Azambuja (events: 2022, 2026)"
7241,38.981305,-8.975514,7.697,False,"Carregado / Azambuja (events: 2022, 2026)"
7242,38.981523,-8.975443,7.699,False,"Carregado / Azambuja (events: 2022, 2026)"
7243,38.981741,-8.975372,8.022,False,"Carregado / Azambuja (events: 2022, 2026)"
7244,38.981959,-8.975301,8.408,False,"Carregado / Azambuja (events: 2022, 2026)"
7245,38.982177,-8.97523,8.992,False,"Carregado / Azambuja (events: 2022, 2026)"
7246,38.982395,-8.975159,9.592,False,"Carregado / Azambuja (events: 2022, 2026)"
7247,38.982613,-8.975088,10.219,False,"Carregado / Azambuja (events: 2022, 2026)"
7248,38.982831,-8.975017,10.867,False,"Carregado / Azambuja (events: 2022, 2026)"
7249,38.983049,-8.974946,11.444,False,"Carregado / Azambuja (events: 2022, 2026)"
7250,38.983267,-8.974875,12.173,False,"Carregado / Azambuja (events: 2022, 2026)"
7251,38.983485,-8.974804,13.166,False,"Carregado / Azambuja (events: 2022, 2026)"
7252,38.983703,-8.974733,13.828,False,"Carregado / Azambuja (events: 2022, 2026)"
7253,38.983921,-8.974662,14.191,False,"Carregado / Azambuja (events: 2022, 2026)"
7254,38.984139,-8.974591,14.548,False,"Carregado / Azambuja (events: 2022, 2026)"
7255,38.984356,-8.97452,14.363,False,"Carregado / Azambuja (events: 2022, 2026)"
7256,38.984574,-8.974449,13.603,False,"Carregado / Azambuja (events: 2022, 2026)"
7257,38.984792,-8.974378,12.914,False,"Carregado / Azambuja (events: 2022, 2026)"
7258,38.98501,-8.974307,12.279,False,"Carregado / Azambuja (events: 2022, 2026)"
7259,38.985228,-8.974236,11.606,False,"Carregado / Azambuja (events: 2022, 2026)"
7260,38.985446,-8.974165,11.115,False,"Carregado / Azambuja (events: 2022, 2026)"
7261,38.985664,-8.974094,10.992,False,"Carregado / Azambuja (events: 2022, 2026)"
7262,38.985882,-8.974023,10.938,False,"Carregado / Azambuja (events: 2022, 2026)"
7263,38.9861,-8.973952,11.275,False,"Carregado / Azambuja (events: 2022, 2026)"
7264,38.986318,-8.973881,12.131,False,"Carregado / Azambuja (events: 2022, 2026)"
7265,38.986536,-8.97381,13.43,False,"Carregado / Azambuja (events: 2022, 2026)"
7266,38.986754,-8.973739,15.413,False,"Carregado / Azambuja (events: 2022, 2026)"
7267,38.986972,-8.973668,17.915,False,"Carregado / Azambuja (events: 2022, 2026)"
7268,38.98719,-8.973597,20.257,False,"Carregado / Azambuja (events: 2022, 2026)"
7269,38.987408,-8.973526,21.752,False,"Carregado / Azambuja (events: 2022, 2026)"
7270,38.987626,-8.973455,22.169,False,"Carregado / Azambuja (events: 2022, 2026)"
7271,38.987844,-8.973385,21.983,False,"Carregado / Azambuja (events: 2022, 2026)"
7272,38.988062,-8.973314,21.857,False,"Carregado / Azambuja (events: 2022, 2026)"
7273,38.98828,-8.973243,21.842,False,"Carregado / Azambuja (events: 2022, 2026)"
7274,38.988498,-8.973172,21.484,False,"Carregado / Azambuja (events: 2022, 2026)"
7275,38.988716,-8.973101,21.036,False,"Carregado / Azambuja (events: 2022, 2026)"
7276,38.988934,-8.97303,20.746,False,"Carregado / Azambuja (events: 2022, 2026)"
7277,38.989152,-8.972959,20.49,False,"Carregado / Azambuja (events: 2022, 2026)"
7278,38.98937,-8.972888,19.81,False,"Carregado / Azambuja (events: 2022, 2026)"
7279,38.989587,-8.972817,18.646,False,"Carregado / Azambuja (events: 2022, 2026)"
7280,38.989805,-8.972746,17.37,False,"Carregado / Azambuja (events: 2022, 2026)"
7281,38.990023,-8.972675,16.404,False,"Carregado / Azambuja (events: 2022, 2026)"
7282,38.990241,-8.972604,15.848,False,"Carregado / Azambuja (events: 2022, 2026)"
7283,38.990459,-8.972533,15.594,False,"Carregado / Azambuja (events: 2022, 2026)"
7284,38.990677,-8.972462,15.419,False,"Carregado / Azambuja (events: 2022, 2026)"
7285,38.990895,-8.972391,15.182,False,"Carregado / Azambuja (events: 2022, 2026)"
7286,38.991113,-8.97232,15.248,False,"Carregado / Azambuja (events: 2022, 2026)"
7287,38.991331,-8.972249,15.746,False,"Carregado / Azambuja (events: 2022, 2026)"
7288,38.991549,-8.972178,16.302,False,"Carregado / Azambuja (events: 2022, 2026)"
7289,38.991767,-8.972107,16.792,False,"Carregado / Azambuja (events: 2022, 2026)"
7290,38.991985,-8.972036,17.141,False,"Carregado / Azambuja (events: 2022, 2026)"
7291,38.992203,-8.971965,17.377,False,"Carregado / Azambuja (events: 2022, 2026)"
7292,38.992421,-8.971894,17.28,False,"Carregado / Azambuja (events: 2022, 2026)"
7293,38.992639,-8.971823,17.053,False,"Carregado / Azambuja (events: 2022, 2026)"
7294,38.992857,-8.971752,16.812,False,"Carregado / Azambuja (events: 2022, 2026)"
7295,38.993075,-8.971681,16.546,False,"Carregado / Azambuja (events: 2022, 2026)"
7296,38.993293,-8.97161,16.111,False,"Carregado / Azambuja (events: 2022, 2026)"
7297,38.993511,-8.971539,15.497,False,"Carregado / Azambuja (events: 2022, 2026)"
7298,38.993729,-8.971468,14.798,False,"Carregado / Azambuja (events: 2022, 2026)"
7299,38.993947,-8.971397,14.214,False,"Carregado / Azambuja (events: 2022, 2026)"
7300,38.994165,-8.971326,13.856,False,"Carregado / Azambuja (events: 2022, 2026)"
7301,38.994383,-8.971255,13.699,False,"Carregado / Azambuja (events: 2022, 2026)"
7302,38.994601,-8.971184,13.573,False,"Carregado / Azambuja (events: 2022, 2026)"
7303,38.994818,-8.971113,13.434,False,"Carregado / Azambuja (events: 2022, 2026)"
7304,38.995036,-8.971042,13.415,False,"Carregado / Azambuja (events: 2022, 2026)"
7305,38.995254,-8.970971,13.442,False,"Carregado / Azambuja (events: 2022, 2026)"
7306,38.995472,-8.9709,13.551,False,"Carregado / Azambuja (events: 2022, 2026)"
7307,38.99569,-8.970829,13.557,False,"Carregado / Azambuja (events: 2022, 2026)"
7308,38.995908,-8.970758,13.341,False,"Carregado / Azambuja (events: 2022, 2026)"
7309,38.996126,-8.970687,12.849,False,"Carregado / Azambuja (events: 2022, 2026)"
7310,38.996344,-8.970616,12.397,False,"Carregado / Azambuja (events: 2022, 2026)"
7311,38.996562,-8.970546,12.192,False,"Carregado / Azambuja (events: 2022, 2026)"
7312,38.99678,-8.970475,11.863,False,"Carregado / Azambuja (events: 2022, 2026)"
7313,38.996998,-8.970404,11.427,False,"Carregado / Azambuja (events: 2022, 2026)"
7314,38.997216,-8.970333,10.767,False,"Carregado / Azambuja (events: 2022, 2026)"
7315,38.997434,-8.970262,10.535,False,"Carregado / Azambuja (events: 2022, 2026)"
7316,38.997652,-8.970191,10.38,False,"Carregado / Azambuja (events: 2022, 2026)"
7317,38.99787,-8.97012,10.421,False,"Carregado / Azambuja (events: 2022, 2026)"
7318,38.998088,-8.970049,10.416,False,"Carregado / Azambuja (events: 2022, 2026)"
7319,38.998306,-8.969978,10.276,False,"Carregado / Azambuja (events: 2022, 2026)"
7320,38.998524,-8.969907,9.976,False,"Carregado / Azambuja (events: 2022, 2026)"
7321,38.998742,-8.969836,9.585,False,"Carregado / Azambuja (events: 2022, 2026)"
7322,38.99896,-8.969765,9.129,False,"Carregado / Azambuja (events: 2022, 2026)"
7323,38.999178,-8.969694,8.512,False,"Carregado / Azambuja (events: 2022, 2026)"
7324,38.999396,-8.969623,7.856,False,"Carregado / Azambuja (events: 2022, 2026)"
7325,38.999614,-8.969552,7.155,False,"Carregado / Azambuja (events: 2022, 2026)"
7326,38.999832,-8.969481,6.922,False,"Carregado / Azambuja (events: 2022, 2026)"
7327,39.000049,-8.96941,7.045,False,"Carregado / Azambuja (events: 2022, 2026)"
7328,39.000267,-8.969339,7.38,False,"Carregado / Azambuja (events: 2022, 2026)"
7329,39.000485,-8.969268,7.708,False,"Carregado / Azambuja (events: 2022, 2026)"
7330,39.000703,-8.969197,7.815,False,"Carregado / Azambuja (events: 2022, 2026)"
7331,39.000921,-8.969126,7.707,False,"Carregado / Azambuja (events: 2022, 2026)"
7332,39.001139,-8.969055,7.471,False,"Carregado / Azambuja (events: 2022, 2026)"
7333,39.001357,-8.968984,7.199,False,"Carregado / Azambuja (events: 2022, 2026)"
7334,39.001575,-8.968913,6.938,False,"Carregado / Azambuja (events: 2022, 2026)"
7335,39.001793,-8.968842,6.579,False,"Carregado / Azambuja (events: 2022, 2026)"
7336,39.002011,-8.968771,6.14,False,"Carregado / Azambuja (events: 2022, 2026)"
7337,39.002229,-8.9687,5.745,False,"Carregado / Azambuja (events: 2022, 2026)"
7338,39.002447,-8.968629,5.718,False,"Carregado / Azambuja (events: 2022, 2026)"
7339,39.002665,-8.968558,5.966,False,"Carregado / Azambuja (events: 2022, 2026)"
7340,39.002883,-8.968487,6.281,False,"Carregado / Azambuja (events: 2022, 2026)"
7341,39.003101,-8.968416,6.666,False,"Carregado / Azambuja (events: 2022, 2026)"
7342,39.003319,-8.968345,6.946,False,"Carregado / Azambuja (events: 2022, 2026)"
7343,39.003537,-8.968274,7.137,False,"Carregado / Azambuja (events: 2022, 2026)"
7344,39.003755,-8.968203,7.263,False,"Carregado / Azambuja (events: 2022, 2026)"
7345,39.003973,-8.968132,7.151,False,"Carregado / Azambuja (events: 2022, 2026)"
7346,39.004191,-8.968061,6.834,False,"Carregado / Azambuja (events: 2022, 2026)"
7347,39.004409,-8.96799,6.107,False,"Carregado / Azambuja (events: 2022, 2026)"
7348,39.004627,-8.967919,5.471,False,"Carregado / Azambuja (events: 2022, 2026)"
7349,39.004845,-8.967848,4.894,True,"Carregado / Azambuja (events: 2022, 2026)"
7350,39.005062,-8.967777,4.772,True,"Carregado / Azambuja (events: 2022, 2026)"
7351,39.00528,-8.967706,4.887,True,"Carregado / Azambuja (events: 2022, 2026)"
7352,39.005498,-8.967636,4.976,True,"Carregado / Azambuja (events: 2022, 2026)"
7353,39.005716,-8.967565,4.891,True,"Carregado / Azambuja (events: 2022, 2026)"
7354,39.005934,-8.967494,4.574,True,"Carregado / Azambuja (events: 2022, 2026)"
7355,39.006152,-8.967423,4.094,True,"Carregado / Azambuja (events: 2022, 2026)"
7356,39.00637,-8.967352,4.065,True,"Carregado / Azambuja (events: 2022, 2026)"
7357,39.006588,-8.967281,4.713,True,"Carregado / Azambuja (events: 2022, 2026)"
7358,39.006806,-8.96721,5.568,False,"Carregado / Azambuja (events: 2022, 2026)"
7359,39.007024,-8.967139,6.255,False,"Carregado / Azambuja (events: 2022, 2026)"
7360,39.007242,-8.967068,7.165,False,"Carregado / Azambuja (events: 2022, 2026)"
7361,39.00746,-8.966997,7.926,False,"Carregado / Azambuja (events: 2022, 2026)"
7362,39.007678,-8.966926,8.171,False,"Carregado / Azambuja (events: 2022, 2026)"
7363,39.007896,-8.966855,8.192,False,"Carregado / Azambuja (events: 2022, 2026)"
7364,39.008114,-8.966784,8.001,False,"Carregado / Azambuja (events: 2022, 2026)"
7365,39.008332,-8.966713,7.419,False,"Carregado / Azambuja (events: 2022, 2026)"
7366,39.00855,-8.966642,6.617,False,"Carregado / Azambuja (events: 2022, 2026)"
7367,39.008768,-8.966571,5.96,False,"Carregado / Azambuja (events: 2022, 2026)"
7368,39.008991,-8.966546,5.344,False,"Carregado / Azambuja (events: 2022, 2026)"
7369,39.009216,-8.966527,4.908,True,"Carregado / Azambuja (events: 2022, 2026)"
7370,39.009215,-8.966526,4.91,True,"Carregado / Azambuja (events: 2022, 2026)"
7371,39.00899,-8.966542,5.347,False,"Carregado / Azambuja (events: 2022, 2026)"
7372,39.008766,-8.966557,5.963,False,"Carregado / Azambuja (events: 2022, 2026)"
7373,39.008541,-8.966573,6.695,False,"Carregado / Azambuja (events: 2022, 2026)"
7374,39.008317,-8.966588,7.475,False,"Carregado / Azambuja (events: 2022, 2026)"
7375,39.008092,-8.966604,7.869,False,"Carregado / Azambuja (events: 2022, 2026)"
7376,39.007868,-8.966619,7.647,False,"Carregado / Azambuja (events: 2022, 2026)"
7377,39.007643,-8.966635,7.089,False,"Carregado / Azambuja (events: 2022, 2026)"
7378,39.007419,-8.96665,6.708,False,"Carregado / Azambuja (events: 2022, 2026)"
7379,39.007307,-8.966657,6.527,False,"Carregado / Azambuja (events: 2022, 2026)"
7380,39.007531,-8.96664,6.845,False,"Carregado / Azambuja (events: 2022, 2026)"
7381,39.007756,-8.966623,7.384,False,"Carregado / Azambuja (events: 2022, 2026)"
7382,39.00798,-8.966605,7.83,False,"Carregado / Azambuja (events: 2022, 2026)"
7383,39.008204,-8.966589,7.712,False,"Carregado / Azambuja (events: 2022, 2026)"
7384,39.008429,-8.966574,7.064,False,"Carregado / Azambuja (events: 2022, 2026)"
7385,39.008653,-8.966558,6.336,False,"Carregado / Azambuja (events: 2022, 2026)"
7386,39.008878,-8.966543,5.643,False,"Carregado / Azambuja (events: 2022, 2026)"
7387,39.009102,-8.966528,5.121,False,"Carregado / Azambuja (events: 2022, 2026)"
7388,39.009327,-8.966512,4.77,True,"Carregado / Azambuja (events: 2022, 2026)"
7389,39.009551,-8.966497,4.6,True,"Carregado / Azambuja (events: 2022, 2026)"
7390,39.009776,-8.966482,4.636,True,"Carregado / Azambuja (events: 2022, 2026)"
7391,39.01,-8.966466,4.925,True,"Carregado / Azambuja (events: 2022, 2026)"
7392,39.010225,-8.966447,5.492,False,"Carregado / Azambuja (events: 2022, 2026)"
7393,39.010449,-8.966429,6.133,False,"Carregado / Azambuja (events: 2022, 2026)"
7394,39.010674,-8.966411,6.619,False,"Carregado / Azambuja (events: 2022, 2026)"
7395,39.010898,-8.966393,6.942,False,"Carregado / Azambuja (events: 2022, 2026)"
7396,39.01112,-8.966355,7.166,False,"Carregado / Azambuja (events: 2022, 2026)"
7397,39.011341,-8.966299,7.408,False,"Carregado / Azambuja (events: 2022, 2026)"
7398,39.011562,-8.966243,7.632,False,"Carregado / Azambuja (events: 2022, 2026)"
7399,39.011782,-8.966187,7.766,False,"Carregado / Azambuja (events: 2022, 2026)"
7400,39.012003,-8.966131,7.8,False,"Carregado / Azambuja (events: 2022, 2026)"
7401,39.012223,-8.966074,7.69,False,"Carregado / Azambuja (events: 2022, 2026)"
7402,39.012444,-8.966018,7.524,False,"Carregado / Azambuja (events: 2022, 2026)"
7403,39.012664,-8.965962,7.074,False,"Carregado / Azambuja (events: 2022, 2026)"
7404,39.012885,-8.965906,5.77,False,"Carregado / Azambuja (events: 2022, 2026)"
7405,39.013105,-8.96585,4.609,True,"Carregado / Azambuja (events: 2022, 2026)"
7406,39.013326,-8.965794,5.452,False,"Carregado / Azambuja (events: 2022, 2026)"
7407,39.013547,-8.965737,6.071,False,"Carregado / Azambuja (events: 2022, 2026)"
7408,39.013767,-8.965681,5.855,False,"Carregado / Azambuja (events: 2022, 2026)"
7409,39.013988,-8.965625,6.635,False,"Carregado / Azambuja (events: 2022, 2026)"
7410,39.014208,-8.965569,8.012,False,"Carregado / Azambuja (events: 2022, 2026)"
7411,39.014429,-8.965513,9.019,False,"Carregado / Azambuja (events: 2022, 2026)"
7412,39.014649,-8.965457,9.839,False,"Carregado / Azambuja (events: 2022, 2026)"
7413,39.01487,-8.9654,10.612,False,"Carregado / Azambuja (events: 2022, 2026)"
7414,39.01509,-8.965344,11.022,False,"Carregado / Azambuja (events: 2022, 2026)"
7415,39.015311,-8.965288,11.09,False,"Carregado / Azambuja (events: 2022, 2026)"
7416,39.015532,-8.965232,11.088,False,"Carregado / Azambuja (events: 2022, 2026)"
7417,39.015752,-8.965176,10.91,False,"Carregado / Azambuja (events: 2022, 2026)"
7418,39.015973,-8.96512,10.513,False,"Carregado / Azambuja (events: 2022, 2026)"
7419,39.016193,-8.965063,9.941,False,"Carregado / Azambuja (events: 2022, 2026)"
7420,39.016414,-8.965007,9.501,False,"Carregado / Azambuja (events: 2022, 2026)"
7421,39.016634,-8.964951,9.017,False,"Carregado / Azambuja (events: 2022, 2026)"
7422,39.016855,-8.964895,8.553,False,"Carregado / Azambuja (events: 2022, 2026)"
7423,39.017075,-8.964839,8.141,False,"Carregado / Azambuja (events: 2022, 2026)"
7424,39.017296,-8.964783,8.09,False,"Carregado / Azambuja (events: 2022, 2026)"
7425,39.017517,-8.964726,8.557,False,"Carregado / Azambuja (events: 2022, 2026)"
7426,39.017737,-8.96467,9.379,False,"Carregado / Azambuja (events: 2022, 2026)"
7427,39.017958,-8.964614,10.129,False,"Carregado / Azambuja (events: 2022, 2026)"
7428,39.018178,-8.964558,10.489,False,"Carregado / Azambuja (events: 2022, 2026)"
7429,39.018399,-8.964502,10.136,False,"Carregado / Azambuja (events: 2022, 2026)"
7430,39.018619,-8.964446,9.555,False,"Carregado / Azambuja (events: 2022, 2026)"
7431,39.01884,-8.964389,9.105,False,"Carregado / Azambuja (events: 2022, 2026)"
7432,39.01906,-8.964333,8.993,False,"Carregado / Azambuja (events: 2022, 2026)"
7433,39.019281,-8.964277,9.457,False,"Carregado / Azambuja (events: 2022, 2026)"
7434,39.019502,-8.964221,10.293,False,"Carregado / Azambuja (events: 2022, 2026)"
7435,39.019722,-8.964165,11.238,False,"Carregado / Azambuja (events: 2022, 2026)"
7436,39.019943,-8.964109,12.141,False,"Carregado / Azambuja (events: 2022, 2026)"
7437,39.020163,-8.964052,12.949,False,"Carregado / Azambuja (events: 2022, 2026)"
7438,39.020384,-8.963996,13.789,False,"Carregado / Azambuja (events: 2022, 2026)"
7439,39.020604,-8.96394,14.178,False,"Carregado / Azambuja (events: 2022, 2026)"
7440,39.020825,-8.963884,14.026,False,"Carregado / Azambuja (events: 2022, 2026)"
7441,39.021045,-8.963828,13.59,False,"Carregado / Azambuja (events: 2022, 2026)"
7442,39.021266,-8.963772,13.126,False,"Carregado / Azambuja (events: 2022, 2026)"
7443,39.021487,-8.963715,13.085,False,"Carregado / Azambuja (events: 2022, 2026)"
7444,39.021707,-8.963659,13.442,False,"Carregado / Azambuja (events: 2022, 2026)"
7445,39.021928,-8.963603,14.016,False,"Carregado / Azambuja (events: 2022, 2026)"
7446,39.022148,-8.963547,14.491,False,"Carregado / Azambuja (events: 2022, 2026)"
7447,39.022369,-8.963491,14.674,False,"Carregado / Azambuja (events: 2022, 2026)"
7448,39.022589,-8.963435,14.405,False,"Carregado / Azambuja (events: 2022, 2026)"
7449,39.02281,-8.963378,13.811,False,"Carregado / Azambuja (events: 2022, 2026)"
7450,39.02303,-8.963322,13.299,False,"Carregado / Azambuja (events: 2022, 2026)"
7451,39.023251,-8.963266,13.065,False,"Carregado / Azambuja (events: 2022, 2026)"
7452,39.023472,-8.96321,13.079,False,"Carregado / Azambuja (events: 2022, 2026)"
7453,39.023692,-8.963154,13.257,False,"Carregado / Azambuja (events: 2022, 2026)"
7454,39.023913,-8.963098,13.291,False,"Carregado / Azambuja (events: 2022, 2026)"
7455,39.024133,-8.963042,13.192,False,"Carregado / Azambuja (events: 2022, 2026)"
7456,39.024354,-8.962985,12.973,False,"Carregado / Azambuja (events: 2022, 2026)"
7457,39.024574,-8.962929,12.652,False,"Carregado / Azambuja (events: 2022, 2026)"
7458,39.024795,-8.962873,12.162,False,"Carregado / Azambuja (events: 2022, 2026)"
7459,39.025015,-8.962817,11.689,False,"Carregado / Azambuja (events: 2022, 2026)"
7460,39.025236,-8.962761,10.97,False,"Carregado / Azambuja (events: 2022, 2026)"
7461,39.025457,-8.962705,10.067,False,"Carregado / Azambuja (events: 2022, 2026)"
7462,39.025677,-8.962648,9.255,False,"Carregado / Azambuja (events: 2022, 2026)"
7463,39.025898,-8.962592,8.718,False,"Carregado / Azambuja (events: 2022, 2026)"
7464,39.026028,-8.962567,8.464,False,"Carregado / Azambuja (events: 2022, 2026)"
7465,39.025815,-8.962659,8.77,False,"Carregado / Azambuja (events: 2022, 2026)"
7466,39.025602,-8.962751,9.26,False,"Carregado / Azambuja (events: 2022, 2026)"
