idx,lat,lon,elev_m,below_threshold
0,39.218121,-8.682821,17.508,False
1,39.219078,-8.680866,18.244,False
2,39.220442,-8.679361,17.959,False
3,39.222059,-8.678362,28.189,False
4,39.223748,-8.677565,25.559,False
5,39.225489,-8.676984,24.742,False
6,39.227235,-8.676428,24.81,False
7,39.228871,-8.675474,17.423,False
8,39.230507,-8.674521,14.346,False
9,39.232004,-8.673235,4.589,True
10,39.233495,-8.671935,4.613,True
11,39.234987,-8.670634,4.656,True
12,39.236478,-8.669334,6.348,False
13,39.237969,-8.668034,7.728,False
14,39.23946,-8.666734,7.664,False
15,39.240952,-8.665433,8.324,False
16,39.242443,-8.664133,7.542,False
17,39.243934,-8.662833,7.366,False
18,39.245426,-8.661532,10.092,False
19,39.246917,-8.660232,8.52,False
20,39.248408,-8.658932,7.863,False
21,39.2499,-8.657631,9.558,False
22,39.251391,-8.656331,8.019,False
23,39.252882,-8.655031,9.002,False
24,39.254374,-8.653731,8.17,False
25,39.255865,-8.65243,8.965,False
26,39.257356,-8.65113,8.818,False
27,39.258848,-8.64983,9.443,False
28,39.260339,-8.648529,10.361,False
29,39.26183,-8.647229,9.323,False
30,39.263322,-8.645929,10.597,False
31,39.264813,-8.644628,10.437,False
32,39.266304,-8.643328,9.62,False
33,39.267796,-8.642028,9.99,False
34,39.269287,-8.640727,10.894,False
35,39.270778,-8.639427,10.923,False
36,39.27227,-8.638127,10.832,False
37,39.273761,-8.636827,11.442,False
38,39.275252,-8.635526,11.121,False
39,39.276743,-8.634226,11.157,False
40,39.278235,-8.632926,10.252,False
41,39.279726,-8.631625,10.941,False
42,39.281217,-8.630325,10.776,False
43,39.282709,-8.629025,11.242,False
44,39.2842,-8.627724,13.227,False
45,39.285691,-8.626424,15.409,False
46,39.287183,-8.625124,19.515,False
47,39.288674,-8.623824,21.093,False
48,39.290165,-8.622523,25.318,False
49,39.291657,-8.621223,24.372,False
50,39.293148,-8.619923,31.372,False
51,39.294639,-8.618622,42.944,False
52,39.296131,-8.617322,43.732,False
53,39.297622,-8.616022,36.797,False
54,39.299113,-8.614721,8.145,False
55,39.300605,-8.613421,16.756,False
56,39.302096,-8.612121,13.803,False
57,39.303587,-8.610821,13.845,False
58,39.305079,-8.60952,13.408,False
59,39.30657,-8.60822,11.875,False
60,39.308061,-8.60692,14.702,False
61,39.309553,-8.605619,12.349,False
62,39.311044,-8.604319,10.318,False
63,39.312535,-8.603019,10.598,False
64,39.314026,-8.601718,10.532,False
65,39.315518,-8.600418,9.162,False
66,39.317009,-8.599118,10.279,False
67,39.3185,-8.597818,10.158,False
68,39.319992,-8.596517,9.701,False
69,39.321483,-8.595217,9.34,False
70,39.322974,-8.593917,10.0,False
71,39.324466,-8.592616,9.938,False
72,39.325957,-8.591316,10.161,False
73,39.327448,-8.590016,9.794,False
74,39.32894,-8.588715,10.551,False
75,39.330431,-8.587415,10.787,False
76,39.331922,-8.586115,11.529,False
77,39.333414,-8.584814,11.93,False
78,39.334905,-8.583514,11.131,False
79,39.336396,-8.582214,11.117,False
80,39.337888,-8.580914,10.851,False
81,39.339379,-8.579613,11.219,False
82,39.34087,-8.578313,11.204,False
83,39.342362,-8.577013,10.701,False
84,39.343853,-8.575712,10.552,False
85,39.345344,-8.574412,11.161,False
86,39.346836,-8.573112,10.701,False
87,39.348327,-8.571811,12.968,False
88,39.349818,-8.570511,11.431,False
89,39.351309,-8.569211,12.296,False
90,39.352801,-8.567911,11.231,False
91,39.354292,-8.56661,11.546,False
92,39.355783,-8.56531,15.402,False
93,39.357275,-8.56401,12.39,False
94,39.358766,-8.562709,11.252,False
95,39.360257,-8.561409,12.26,False
96,39.361749,-8.560109,14.109,False
97,39.36324,-8.558808,13.778,False
98,39.364731,-8.557508,15.204,False
99,39.366223,-8.556208,16.579,False
100,39.367714,-8.554908,18.127,False
101,39.369205,-8.553607,17.812,False
102,39.370697,-8.552307,15.888,False
103,39.372188,-8.551007,15.976,False
104,39.373679,-8.549706,14.794,False
105,39.375171,-8.548406,15.735,False
106,39.376662,-8.547106,18.289,False
107,39.378153,-8.545805,18.573,False
108,39.379645,-8.544505,20.018,False
109,39.381136,-8.543205,20.686,False
110,39.382627,-8.541904,19.888,False
111,39.384119,-8.540604,18.63,False
112,39.38561,-8.539304,18.423,False
113,39.387101,-8.538004,15.397,False
114,39.388592,-8.536703,11.862,False
115,39.390084,-8.535403,10.222,False
116,39.391575,-8.534103,10.222,False
117,39.393066,-8.532802,12.263,False
118,39.394558,-8.531502,11.326,False
119,39.396049,-8.530202,13.1,False
120,39.39754,-8.528901,11.874,False
121,39.399032,-8.527601,11.775,False
122,39.400523,-8.526301,11.694,False
123,39.402014,-8.525001,11.603,False
124,39.403506,-8.5237,12.679,False
125,39.404997,-8.5224,14.178,False
126,39.406488,-8.5211,14.351,False
127,39.40798,-8.519799,13.785,False
128,39.409471,-8.518499,13.94,False
129,39.410962,-8.517199,13.7,False
130,39.412454,-8.515898,13.544,False
131,39.413945,-8.514598,13.774,False
132,39.415436,-8.513298,14.665,False
133,39.416928,-8.511998,14.42,False
134,39.418419,-8.510697,14.968,False
135,39.41991,-8.509397,18.127,False
136,39.421402,-8.508097,18.519,False
137,39.422893,-8.506796,17.651,False
138,39.424384,-8.505496,19.12,False
139,39.425876,-8.504196,18.252,False
140,39.427367,-8.502895,17.915,False
141,39.428858,-8.501595,27.219,False
142,39.430349,-8.500295,29.644,False
143,39.431841,-8.498995,27.849,False
144,39.433332,-8.497694,25.733,False
145,39.434823,-8.496394,24.423,False
146,39.436315,-8.495094,24.573,False
147,39.437806,-8.493793,26.42,False
148,39.439297,-8.492493,28.497,False
149,39.440789,-8.491193,28.501,False
150,39.44228,-8.489892,27.984,False
151,39.443771,-8.488592,27.394,False
152,39.445263,-8.487292,29.107,False
153,39.446754,-8.485991,28.819,False
154,39.448245,-8.484691,32.066,False
155,39.449737,-8.483391,32.601,False
156,39.451228,-8.482091,32.59,False
157,39.452719,-8.48079,31.852,False
158,39.454211,-8.47949,34.54,False
159,39.455702,-8.47819,32.894,False
160,39.457193,-8.476889,33.645,False
161,39.458685,-8.475589,33.342,False
162,39.460176,-8.474289,35.431,False
163,39.461667,-8.472988,34.834,False
164,39.463159,-8.471688,34.586,False
165,39.46465,-8.470388,34.29,False
166,39.466141,-8.469088,36.798,False
167,39.467532,-8.467621,35.236,False
168,39.468484,-8.465662,31.657,False
169,39.46839,-8.464509,25.905,False
170,39.467038,-8.466046,33.142,False
171,39.465686,-8.467582,35.728,False
172,39.464334,-8.469119,35.802,False
173,39.462983,-8.470655,34.489,False
174,39.461631,-8.472192,35.979,False
175,39.460279,-8.473728,36.095,False
176,39.458927,-8.475264,34.951,False
177,39.457575,-8.476801,33.126,False
178,39.456223,-8.478337,33.188,False
179,39.454871,-8.479874,33.096,False
180,39.453519,-8.48141,31.514,False
181,39.452167,-8.482947,32.473,False
182,39.450815,-8.484483,31.512,False
183,39.449463,-8.48602,32.343,False
184,39.448111,-8.487556,30.752,False
185,39.446759,-8.489093,29.844,False
186,39.445407,-8.490629,29.012,False
187,39.444055,-8.492166,29.389,False
188,39.442665,-8.493643,29.124,False
189,39.441263,-8.495102,27.442,False
190,39.439861,-8.496561,30.66,False
191,39.438458,-8.498018,27.823,False
192,39.437055,-8.499475,27.348,False
193,39.435652,-8.500932,27.507,False
194,39.434249,-8.502389,27.817,False
195,39.432846,-8.503847,30.378,False
196,39.431442,-8.505302,28.411,False
197,39.43004,-8.506761,29.499,False
198,39.428638,-8.50822,25.379,False
199,39.427237,-8.509679,24.883,False
200,39.425835,-8.511138,20.965,False
201,39.424433,-8.512597,17.486,False
202,39.423031,-8.514056,18.344,False
203,39.422284,-8.514837,16.382,False
204,39.42369,-8.513384,18.001,False
205,39.425096,-8.511932,18.15,False
206,39.426502,-8.51048,23.949,False
207,39.427908,-8.509028,24.788,False
208,39.429314,-8.507576,28.226,False
209,39.430717,-8.506119,29.124,False
210,39.432119,-8.50466,29.715,False
211,39.43089,-8.50593,28.861,False
212,39.429485,-8.507384,28.939,False
213,39.42808,-8.508837,24.772,False
214,39.426675,-8.510291,24.604,False
215,39.42527,-8.511744,18.761,False
216,39.423865,-8.513198,17.772,False
217,39.42246,-8.514652,16.866,False
218,39.421219,-8.515843,17.037,False
219,39.419746,-8.517177,16.531,False
220,39.418273,-8.518512,16.1,False
221,39.416801,-8.519846,17.791,False
222,39.415328,-8.52118,17.585,False
223,39.413855,-8.522515,15.237,False
224,39.412382,-8.523849,17.196,False
225,39.410909,-8.525183,18.477,False
226,39.409436,-8.526517,20.426,False
227,39.407963,-8.527852,17.138,False
228,39.40649,-8.529186,12.843,False
229,39.405018,-8.53052,12.744,False
230,39.403545,-8.531855,12.921,False
231,39.402072,-8.533189,13.838,False
232,39.400599,-8.534523,13.262,False
233,39.399126,-8.535858,14.35,False
234,39.397653,-8.537192,17.802,False
235,39.39618,-8.538526,22.37,False
236,39.394707,-8.53986,22.676,False
237,39.393235,-8.541195,22.307,False
238,39.391762,-8.542529,18.891,False
239,39.390289,-8.543863,17.2,False
240,39.388816,-8.545198,18.552,False
241,39.387343,-8.546532,17.461,False
242,39.38587,-8.547866,17.845,False
243,39.384397,-8.549201,16.712,False
244,39.382925,-8.550535,17.25,False
245,39.381452,-8.551869,19.45,False
246,39.379979,-8.553204,21.981,False
247,39.378506,-8.554538,27.662,False
248,39.377033,-8.555872,33.294,False
249,39.37556,-8.557206,31.445,False
250,39.374087,-8.558541,35.763,False
251,39.372614,-8.559875,42.019,False
252,39.371142,-8.561209,35.445,False
253,39.369669,-8.562544,26.111,False
254,39.368196,-8.563878,35.51,False
255,39.366723,-8.565212,42.145,False
256,39.36525,-8.566547,47.168,False
257,39.363777,-8.567881,49.811,False
258,39.362304,-8.569215,37.705,False
259,39.360831,-8.57055,43.11,False
260,39.359359,-8.571884,40.106,False
261,39.357886,-8.573218,27.595,False
262,39.356413,-8.574552,41.107,False
263,39.35494,-8.575887,55.05,False
264,39.353467,-8.577221,54.763,False
265,39.351994,-8.578555,42.424,False
266,39.350521,-8.57989,34.288,False
267,39.349048,-8.581224,30.509,False
268,39.347576,-8.582558,32.498,False
269,39.346103,-8.583893,25.636,False
270,39.34463,-8.585227,19.441,False
271,39.343157,-8.586561,12.837,False
272,39.341684,-8.587896,9.825,False
273,39.340211,-8.58923,8.773,False
274,39.338738,-8.590564,8.69,False
275,39.337266,-8.591898,31.424,False
276,39.335793,-8.593233,70.335,False
277,39.33432,-8.594567,67.569,False
278,39.332847,-8.595901,83.771,False
279,39.331374,-8.597236,92.204,False
280,39.329901,-8.59857,91.631,False
281,39.328428,-8.599904,96.472,False
282,39.326955,-8.601239,90.843,False
283,39.325483,-8.602573,88.073,False
284,39.32401,-8.603907,70.285,False
285,39.322537,-8.605242,42.541,False
286,39.321064,-8.606576,21.587,False
287,39.319591,-8.60791,40.115,False
288,39.318118,-8.609244,30.628,False
289,39.316645,-8.610579,21.341,False
290,39.315172,-8.611913,37.868,False
291,39.3137,-8.613247,44.551,False
292,39.312227,-8.614582,47.71,False
293,39.310754,-8.615916,59.035,False
294,39.309281,-8.61725,57.9,False
295,39.307808,-8.618585,64.112,False
296,39.306335,-8.619919,50.921,False
297,39.304862,-8.621253,41.503,False
298,39.303389,-8.622587,38.315,False
299,39.301917,-8.623922,32.894,False
300,39.300444,-8.625256,35.448,False
301,39.298971,-8.62659,38.446,False
302,39.297498,-8.627925,32.323,False
303,39.296025,-8.629259,26.027,False
304,39.294552,-8.630593,31.45,False
305,39.293079,-8.631928,27.242,False
306,39.291607,-8.633262,27.409,False
307,39.290134,-8.634596,35.084,False
308,39.288661,-8.635931,45.412,False
309,39.287188,-8.637265,37.234,False
310,39.285715,-8.638599,39.01,False
311,39.284242,-8.639933,37.556,False
312,39.282769,-8.641268,30.979,False
313,39.281296,-8.642602,25.516,False
314,39.279824,-8.643936,17.552,False
315,39.278351,-8.645271,11.565,False
316,39.276878,-8.646605,9.984,False
317,39.275405,-8.647939,14.007,False
318,39.273932,-8.649274,27.764,False
319,39.272459,-8.650608,14.94,False
320,39.270986,-8.651942,11.691,False
321,39.269513,-8.653277,12.146,False
322,39.268041,-8.654611,9.721,False
323,39.266568,-8.655945,9.218,False
324,39.265095,-8.657279,9.133,False
325,39.263622,-8.658614,9.078,False
326,39.262149,-8.659948,9.313,False
327,39.260676,-8.661282,7.842,False
328,39.259203,-8.662617,7.92,False
329,39.25773,-8.663951,7.877,False
330,39.256258,-8.665285,6.986,False
331,39.254785,-8.66662,8.554,False
332,39.253312,-8.667954,6.087,False
333,39.251839,-8.669288,6.194,False
334,39.250366,-8.670623,7.042,False
335,39.248893,-8.671957,7.411,False
336,39.24742,-8.673291,8.607,False
337,39.245948,-8.674625,15.611,False
338,39.244475,-8.67596,25.628,False
339,39.243002,-8.677294,40.111,False
340,39.241529,-8.678628,95.041,False
341,39.240056,-8.679963,97.485,False
342,39.238583,-8.681297,74.321,False
343,39.23711,-8.682631,96.684,False
344,39.235637,-8.683966,112.554,False
345,39.234165,-8.6853,108.476,False
346,39.232692,-8.686634,109.071,False
347,39.231219,-8.687968,102.533,False
348,39.229746,-8.689303,102.723,False
349,39.228273,-8.690637,94.313,False
350,39.2268,-8.691971,72.003,False
351,39.225327,-8.693306,95.929,False
352,39.223854,-8.69464,72.889,False
353,39.222382,-8.695974,41.051,False
354,39.220909,-8.697309,33.049,False
355,39.219436,-8.698643,27.783,False
356,39.217963,-8.699977,20.67,False
357,39.21649,-8.701312,21.933,False
358,39.215017,-8.702646,18.723,False
359,39.213544,-8.70398,22.201,False
360,39.212071,-8.705314,14.973,False
361,39.210599,-8.706649,14.196,False
362,39.209126,-8.707983,13.703,False
363,39.207653,-8.709317,7.851,False
364,39.20618,-8.710652,6.541,False
365,39.204707,-8.711986,5.783,False
366,39.203234,-8.71332,5.335,False
367,39.202258,-8.713977,7.921,False
368,39.203192,-8.711994,6.982,False
369,39.204026,-8.709937,7.132,False
370,39.20475,-8.707813,7.287,False
371,39.205408,-8.705653,9.415,False
372,39.206067,-8.703493,9.35,False
373,39.206725,-8.701333,10.403,False
374,39.207389,-8.699176,16.589,False
375,39.208093,-8.69704,17.68,False
376,39.208859,-8.69494,13.307,False
377,39.20969,-8.692881,11.59,False
378,39.210578,-8.690863,17.247,False
379,39.2108,-8.690499,18.62,False
380,39.210021,-8.692592,14.072,False
381,39.209242,-8.694684,16.335,False
382,39.208463,-8.696776,19.676,False
383,39.207684,-8.698869,19.127,False
384,39.206905,-8.700961,11.308,False
385,39.206126,-8.703053,9.313,False
386,39.205347,-8.705145,9.015,False
387,39.204568,-8.707238,7.615,False
388,39.203789,-8.70933,6.402,False
389,39.20301,-8.711422,7.494,False
390,39.202232,-8.713514,8.097,False
391,39.201453,-8.715607,5.427,False
392,39.202427,-8.714054,7.582,False
393,39.203902,-8.712724,5.427,False
394,39.205377,-8.711395,5.813,False
395,39.206853,-8.710065,5.749,False
396,39.208328,-8.708735,11.739,False
397,39.209804,-8.707406,14.057,False
398,39.211279,-8.706076,11.592,False
399,39.212754,-8.704747,20.182,False
400,39.21423,-8.703417,17.918,False
401,39.215705,-8.702088,21.017,False
402,39.217181,-8.700758,22.842,False
403,39.218656,-8.699428,20.767,False
404,39.220132,-8.698099,31.436,False
405,39.221607,-8.696769,32.666,False
406,39.223082,-8.69544,50.006,False
407,39.224558,-8.69411,93.809,False
408,39.226033,-8.692781,78.014,False
409,39.227509,-8.691451,76.348,False
410,39.228984,-8.690121,102.039,False
411,39.230459,-8.688792,102.518,False
412,39.231935,-8.687462,103.713,False
413,39.23341,-8.686133,109.613,False
414,39.234886,-8.684803,112.035,False
415,39.236361,-8.683474,111.408,False
416,39.237836,-8.682144,78.239,False
417,39.239312,-8.680814,88.512,False
418,39.240787,-8.679485,103.472,False
419,39.242263,-8.678155,74.303,False
420,39.243738,-8.676826,28.118,False
421,39.245214,-8.675496,24.291,False
422,39.246689,-8.674167,12.311,False
423,39.248164,-8.672837,7.244,False
424,39.24964,-8.671507,7.695,False
425,39.251115,-8.670178,6.847,False
426,39.252591,-8.668848,6.648,False
427,39.254066,-8.667519,6.714,False
428,39.255541,-8.666189,6.885,False
429,39.257017,-8.66486,7.797,False
430,39.258492,-8.66353,7.924,False
431,39.259968,-8.6622,7.928,False
432,39.261443,-8.660871,8.435,False
433,39.262918,-8.659541,8.993,False
434,39.264394,-8.658212,9.089,False
435,39.265869,-8.656882,9.017,False
436,39.267345,-8.655553,9.153,False
437,39.26882,-8.654223,10.529,False
438,39.270296,-8.652893,13.798,False
439,39.271771,-8.651564,9.186,False
440,39.273246,-8.650234,23.771,False
441,39.274722,-8.648905,24.412,False
442,39.276197,-8.647575,12.123,False
443,39.277673,-8.646246,9.877,False
444,39.279148,-8.644916,12.149,False
445,39.280623,-8.643586,21.817,False
446,39.282099,-8.642257,28.422,False
447,39.283574,-8.640927,36.192,False
448,39.28505,-8.639598,42.63,False
449,39.286525,-8.638268,47.101,False
450,39.288,-8.636939,42.246,False
451,39.289476,-8.635609,43.01,False
452,39.290951,-8.634279,35.654,False
453,39.292427,-8.63295,24.44,False
454,39.293902,-8.63162,31.264,False
455,39.295378,-8.630291,30.72,False
456,39.296853,-8.628961,26.02,False
457,39.298328,-8.627632,36.345,False
458,39.299804,-8.626302,38.806,False
459,39.301279,-8.624972,34.699,False
460,39.302755,-8.623643,34.269,False
461,39.30423,-8.622313,38.302,False
462,39.305705,-8.620984,43.442,False
463,39.307181,-8.619654,56.139,False
464,39.308656,-8.618325,60.653,False
465,39.310132,-8.616995,62.792,False
466,39.311607,-8.615665,53.189,False
467,39.313082,-8.614336,45.438,False
468,39.314558,-8.613006,41.685,False
469,39.316033,-8.611677,23.756,False
470,39.317509,-8.610347,27.037,False
471,39.318984,-8.609018,39.701,False
472,39.32046,-8.607688,31.278,False
473,39.321935,-8.606358,27.78,False
474,39.32341,-8.605029,50.033,False
475,39.324886,-8.603699,83.799,False
476,39.326361,-8.60237,90.135,False
477,39.327837,-8.60104,88.082,False
478,39.329312,-8.599711,93.711,False
479,39.330787,-8.598381,89.161,False
480,39.332263,-8.597051,88.781,False
481,39.333738,-8.595722,80.482,False
482,39.335214,-8.594392,62.624,False
483,39.336689,-8.593063,62.721,False
484,39.338164,-8.591733,20.458,False
485,39.33964,-8.590404,7.968,False
486,39.341115,-8.589074,9.691,False
487,39.342591,-8.587744,10.647,False
488,39.344066,-8.586415,17.289,False
489,39.345542,-8.585085,21.386,False
490,39.347017,-8.583756,29.705,False
491,39.348492,-8.582426,30.528,False
492,39.349968,-8.581097,33.595,False
493,39.351443,-8.579767,39.311,False
494,39.352919,-8.578437,49.68,False
495,39.354394,-8.577108,57.485,False
496,39.355869,-8.575778,57.859,False
497,39.357345,-8.574449,33.655,False
498,39.35882,-8.573119,35.801,False
499,39.360296,-8.57179,42.061,False
500,39.361771,-8.57046,41.525,False
501,39.363246,-8.56913,40.582,False
502,39.364722,-8.567801,49.422,False
503,39.366197,-8.566471,43.971,False
504,39.367673,-8.565142,38.675,False
505,39.369148,-8.563812,32.553,False
506,39.370623,-8.562483,31.704,False
507,39.372099,-8.561153,42.941,False
508,39.373574,-8.559823,42.711,False
509,39.37505,-8.558494,37.672,False
510,39.376525,-8.557164,33.663,False
511,39.378001,-8.555835,34.517,False
512,39.379476,-8.554505,28.816,False
513,39.380951,-8.553176,21.59,False
514,39.382427,-8.551846,18.741,False
515,39.383902,-8.550516,17.346,False
516,39.385378,-8.549187,17.577,False
517,39.386853,-8.547857,18.985,False
518,39.388328,-8.546528,17.356,False
519,39.389804,-8.545198,19.469,False
520,39.391279,-8.543869,20.083,False
521,39.392755,-8.542539,22.237,False
522,39.39423,-8.541209,24.157,False
523,39.395705,-8.53988,23.742,False
524,39.397181,-8.53855,23.669,False
525,39.398656,-8.537221,16.58,False
526,39.400132,-8.535891,13.365,False
527,39.401607,-8.534562,12.911,False
528,39.403083,-8.533232,12.687,False
529,39.404558,-8.531902,12.201,False
530,39.406033,-8.530573,11.857,False
531,39.407509,-8.529243,16.201,False
532,39.408984,-8.527914,25.957,False
533,39.41046,-8.526584,25.806,False
534,39.411935,-8.525255,23.684,False
535,39.41341,-8.523925,21.32,False
536,39.414886,-8.522595,19.267,False
537,39.416361,-8.521266,23.799,False
538,39.417837,-8.519936,18.911,False
539,39.419144,-8.51834,16.676,False
540,39.420462,-8.516757,15.948,False
541,39.421852,-8.51528,16.576,False
542,39.420485,-8.516771,15.915,False
543,39.41911,-8.518272,16.81,False
544,39.417735,-8.519772,18.008,False
545,39.41636,-8.521272,23.815,False
546,39.414985,-8.522772,20.113,False
547,39.41361,-8.524272,24.321,False
548,39.412235,-8.525772,28.229,False
549,39.41086,-8.527272,25.344,False
550,39.409485,-8.528772,26.215,False
551,39.40811,-8.530273,19.773,False
552,39.406735,-8.531773,16.231,False
553,39.40536,-8.533273,14.788,False
554,39.403985,-8.534773,12.841,False
555,39.40261,-8.536273,12.619,False
556,39.401235,-8.537773,15.802,False
557,39.39986,-8.539273,22.363,False
558,39.398485,-8.540773,34.402,False
559,39.39711,-8.542274,33.915,False
560,39.395735,-8.543774,35.763,False
561,39.39436,-8.545274,33.048,False
562,39.392985,-8.546774,30.987,False
563,39.39161,-8.548274,31.329,False
564,39.390235,-8.549774,31.407,False
565,39.38886,-8.551274,31.546,False
566,39.387485,-8.552774,33.277,False
567,39.38611,-8.554274,38.668,False
568,39.384735,-8.555775,40.962,False
569,39.38336,-8.557275,36.024,False
570,39.381985,-8.558775,37.686,False
571,39.38061,-8.560275,57.144,False
572,39.379235,-8.561775,68.232,False
573,39.37786,-8.563275,65.97,False
574,39.376484,-8.564775,59.393,False
575,39.375109,-8.566275,61.401,False
576,39.373734,-8.567776,55.29,False
577,39.372359,-8.569276,46.277,False
578,39.370984,-8.570776,38.613,False
579,39.369609,-8.572276,34.36,False
580,39.368234,-8.573776,41.357,False
581,39.366859,-8.575276,43.938,False
582,39.365484,-8.576776,42.949,False
583,39.364109,-8.578276,41.049,False
584,39.362734,-8.579777,37.528,False
585,39.361359,-8.581277,45.723,False
586,39.359984,-8.582777,63.851,False
587,39.358609,-8.584277,91.029,False
588,39.357234,-8.585777,94.49,False
589,39.355859,-8.587277,92.981,False
590,39.354484,-8.588777,85.892,False
591,39.353109,-8.590277,75.597,False
592,39.351734,-8.591777,56.35,False
593,39.350359,-8.593278,38.679,False
594,39.348984,-8.594778,31.918,False
595,39.347609,-8.596278,22.067,False
596,39.346234,-8.597778,14.203,False
597,39.344859,-8.599278,7.604,False
598,39.343484,-8.600778,9.203,False
599,39.342475,-8.60149,12.53,False
600,39.342926,-8.599239,10.293,False
601,39.34314,-8.598036,10.912,False
602,39.342723,-8.600298,11.793,False
603,39.342307,-8.602561,13.736,False
604,39.343295,-8.60103,9.937,False
605,39.344697,-8.599572,8.23,False
606,39.346099,-8.598113,12.005,False
607,39.347501,-8.596655,20.526,False
608,39.348904,-8.595197,29.281,False
609,39.350306,-8.593739,40.09,False
610,39.351708,-8.592281,51.389,False
611,39.35311,-8.590822,66.611,False
612,39.354512,-8.589364,76.954,False
613,39.355914,-8.587906,88.707,False
614,39.357316,-8.586448,87.098,False
615,39.358718,-8.58499,83.323,False
616,39.36012,-8.583532,60.761,False
617,39.361522,-8.582073,47.677,False
618,39.362924,-8.580615,37.381,False
619,39.364326,-8.579157,39.714,False
620,39.365728,-8.577699,41.838,False
621,39.36713,-8.576241,45.081,False
622,39.368532,-8.574783,43.517,False
623,39.369934,-8.573324,38.85,False
624,39.371336,-8.571866,35.542,False
625,39.372738,-8.570408,44.254,False
626,39.374141,-8.56895,59.222,False
627,39.375543,-8.567492,75.616,False
628,39.376945,-8.566034,69.105,False
629,39.378347,-8.564575,78.196,False
630,39.379749,-8.563117,82.856,False
631,39.381151,-8.561659,71.976,False
632,39.382553,-8.560201,38.765,False
633,39.383955,-8.558743,47.721,False
634,39.385357,-8.557284,36.251,False
635,39.386759,-8.555826,40.847,False
636,39.388161,-8.554368,46.28,False
637,39.389563,-8.55291,49.711,False
638,39.390965,-8.551452,44.629,False
639,39.392367,-8.549994,39.941,False
640,39.393769,-8.548535,39.177,False
641,39.395171,-8.547077,33.155,False
642,39.396573,-8.545619,38.8,False
643,39.397975,-8.544161,40.07,False
644,39.399378,-8.542703,40.518,False
645,39.40078,-8.541245,26.285,False
646,39.402182,-8.539786,18.028,False
647,39.403584,-8.538328,22.671,False
648,39.404986,-8.53687,27.255,False
649,39.406388,-8.535412,30.196,False
650,39.40779,-8.533954,35.219,False
651,39.409192,-8.532496,28.844,False
652,39.410594,-8.531037,21.983,False
653,39.411996,-8.529579,24.313,False
654,39.413398,-8.528121,28.237,False
655,39.4148,-8.526663,29.904,False
656,39.416202,-8.525205,26.69,False
657,39.417604,-8.523746,25.852,False
658,39.419006,-8.522288,28.0,False
659,39.420408,-8.52083,24.17,False
660,39.42181,-8.519372,15.586,False
661,39.423212,-8.517914,14.942,False
662,39.424615,-8.516456,14.066,False
663,39.426017,-8.514997,20.599,False
664,39.427419,-8.513539,24.364,False
665,39.428821,-8.512081,17.545,False
666,39.430223,-8.510623,23.778,False
667,39.431625,-8.509165,27.126,False
668,39.433027,-8.507707,29.602,False
669,39.434429,-8.506248,29.178,False
670,39.435831,-8.50479,29.936,False
671,39.437233,-8.503332,31.11,False
672,39.438635,-8.501874,27.444,False
673,39.440037,-8.500416,28.783,False
674,39.441439,-8.498958,29.401,False
675,39.442841,-8.497499,29.67,False
676,39.444243,-8.496041,30.076,False
677,39.445645,-8.494583,30.819,False
678,39.447047,-8.493125,29.878,False
679,39.448449,-8.491667,29.704,False
680,39.449852,-8.490208,30.514,False
681,39.451254,-8.48875,30.939,False
682,39.452656,-8.487292,31.857,False
683,39.454058,-8.485834,31.13,False
684,39.45546,-8.484376,30.154,False
685,39.456862,-8.482918,32.095,False
686,39.458264,-8.481459,32.087,False
687,39.459666,-8.480001,33.781,False
688,39.461068,-8.478543,33.527,False
689,39.46247,-8.477085,34.491,False
690,39.463872,-8.475627,35.855,False
691,39.465274,-8.474169,36.633,False
692,39.466676,-8.47271,36.03,False
693,39.468078,-8.471252,35.636,False
694,39.46948,-8.469794,38.881,False
695,39.470882,-8.468336,37.658,False
696,39.472284,-8.466878,34.041,False
697,39.473934,-8.466052,31.688,False
698,39.475672,-8.465453,33.668,False
699,39.47741,-8.464855,34.035,False
700,39.47911,-8.464099,36.357,False
701,39.480651,-8.462908,38.837,False
702,39.482012,-8.461385,40.415,False
703,39.483437,-8.459969,48.941,False
704,39.48506,-8.458978,47.349,False
705,39.486785,-8.458318,44.176,False
706,39.488516,-8.457682,44.979,False
707,39.490245,-8.457042,43.862,False
708,39.491975,-8.456405,40.615,False
709,39.493722,-8.455855,42.323,False
710,39.495515,-8.455699,43.781,False
711,39.497313,-8.455652,51.078,False
712,39.499085,-8.455283,48.335,False
713,39.500818,-8.454658,52.014,False
714,39.502552,-8.454037,52.105,False
715,39.504317,-8.453613,57.829,False
716,39.506111,-8.453683,58.338,False
717,39.507851,-8.454253,53.294,False
718,39.509458,-8.455292,53.96,False
719,39.511006,-8.45648,58.243,False
720,39.512553,-8.457669,58.313,False
721,39.5141,-8.458858,56.702,False
722,39.515647,-8.460047,56.476,False
723,39.517195,-8.461236,61.291,False
724,39.518742,-8.462425,65.683,False
725,39.520248,-8.463526,61.203,False
726,39.518701,-8.462337,65.202,False
727,39.517154,-8.461148,60.545,False
728,39.515606,-8.459959,56.246,False
729,39.514059,-8.45877,56.478,False
730,39.512512,-8.457581,57.634,False
731,39.510965,-8.456393,58.053,False
732,39.509417,-8.455205,53.561,False
733,39.507805,-8.45418,52.954,False
734,39.506062,-8.453625,58.068,False
735,39.504268,-8.45357,57.153,False
736,39.502504,-8.454004,51.213,False
737,39.50077,-8.454624,51.042,False
738,39.499037,-8.455249,47.996,False
739,39.497263,-8.455607,49.996,False
740,39.495465,-8.455651,43.502,False
741,39.493673,-8.455817,42.112,False
742,39.491927,-8.456372,40.45,False
743,39.490197,-8.457009,43.442,False
744,39.488468,-8.457649,44.341,False
745,39.486737,-8.458285,44.286,False
746,39.485013,-8.458948,46.847,False
747,39.483393,-8.459948,48.444,False
748,39.481971,-8.461368,40.05,False
749,39.480609,-8.462889,38.585,False
750,39.479064,-8.464074,36.231,False
751,39.477362,-8.46482,33.759,False
752,39.475625,-8.465424,33.274,False
753,39.473888,-8.466027,31.585,False
754,39.4722,-8.466787,34.019,False
755,39.470636,-8.467939,34.899,False
756,39.469073,-8.469091,38.099,False
757,39.46751,-8.470242,37.68,False
758,39.465946,-8.471394,34.19,False
759,39.464383,-8.472546,35.969,False
760,39.462819,-8.473698,34.001,False
761,39.461256,-8.47485,34.09,False
762,39.459693,-8.476002,33.568,False
763,39.458925,-8.476364,32.312,False
764,39.460292,-8.474851,34.747,False
765,39.461698,-8.473398,34.625,False
766,39.463152,-8.472032,34.285,False
767,39.464647,-8.470744,34.219,False
768,39.464447,-8.471,34.35,False
769,39.462961,-8.472311,34.162,False
770,39.463714,-8.471768,34.207,False
771,39.463471,-8.472071,34.199,False
772,39.462068,-8.473528,34.363,False
773,39.460665,-8.474986,34.507,False
774,39.459262,-8.476443,32.575,False
775,39.457859,-8.477901,32.734,False
776,39.456456,-8.479358,32.65,False
777,39.455053,-8.480816,31.173,False
778,39.453649,-8.482273,31.705,False
779,39.452246,-8.483731,33.329,False
780,39.451064,-8.484959,31.171,False
781,39.452467,-8.483502,32.981,False
782,39.453868,-8.48204,31.736,False
783,39.455269,-8.480579,31.152,False
784,39.45667,-8.479119,32.761,False
785,39.458072,-8.477659,32.74,False
786,39.459467,-8.476189,33.172,False
787,39.460835,-8.474679,34.749,False
788,39.462087,-8.473007,34.34,False
789,39.463339,-8.471334,34.642,False
790,39.464591,-8.469662,34.686,False
791,39.465844,-8.467989,36.041,False
792,39.467096,-8.466317,34.043,False
793,39.468348,-8.464644,26.738,False
794,39.468645,-8.462563,24.711,False
795,39.468317,-8.460273,29.297,False
796,39.467811,-8.458043,32.917,False
797,39.467233,-8.455837,34.191,False
798,39.466654,-8.453632,35.928,False
799,39.466073,-8.451426,36.675,False
800,39.465472,-8.44923,34.973,False
801,39.464873,-8.447034,33.994,False
802,39.464287,-8.444831,34.485,False
803,39.463696,-8.442631,36.826,False
804,39.463111,-8.440427,37.742,False
805,39.462328,-8.440601,36.155,False
806,39.461392,-8.442589,32.549,False
807,39.460455,-8.444578,29.817,False
808,39.459519,-8.446567,26.781,False
809,39.458583,-8.448555,25.041,False
810,39.457646,-8.450544,28.53,False
811,39.45671,-8.452533,29.195,False
812,39.455773,-8.454521,21.053,False
813,39.454837,-8.45651,16.741,False
814,39.4539,-8.458499,18.458,False
815,39.452964,-8.460487,22.529,False
816,39.452028,-8.462476,25.501,False
817,39.451091,-8.464464,26.443,False
818,39.450155,-8.466453,29.805,False
819,39.449218,-8.468442,30.505,False
820,39.448282,-8.47043,31.524,False
821,39.447345,-8.472419,29.998,False
822,39.446409,-8.474408,31.048,False
823,39.445473,-8.476396,29.848,False
824,39.444536,-8.478385,28.753,False
825,39.4436,-8.480374,29.733,False
826,39.442663,-8.482362,30.078,False
827,39.441727,-8.484351,30.074,False
828,39.440791,-8.48634,28.524,False
829,39.439854,-8.488328,29.381,False
830,39.438918,-8.490317,28.187,False
831,39.437981,-8.492306,26.806,False
832,39.437045,-8.494294,25.066,False
833,39.436108,-8.496283,26.292,False
834,39.435172,-8.498272,29.169,False
835,39.434236,-8.50026,27.2,False
836,39.433299,-8.502249,30.378,False
837,39.432363,-8.504238,30.92,False
838,39.433377,-8.503353,29.394,False
839,39.43478,-8.501896,27.403,False
840,39.436183,-8.500438,29.411,False
841,39.437586,-8.498981,27.951,False
842,39.438989,-8.497524,29.12,False
843,39.440392,-8.496066,30.355,False
844,39.441795,-8.494608,28.177,False
845,39.443197,-8.49315,29.423,False
846,39.44289,-8.493456,29.197,False
847,39.441485,-8.494909,27.329,False
848,39.44008,-8.496363,30.639,False
849,39.438675,-8.497817,28.093,False
850,39.437269,-8.49927,27.51,False
851,39.435864,-8.500724,28.552,False
852,39.434459,-8.502177,27.79,False
853,39.433053,-8.503631,29.951,False
854,39.43165,-8.505087,28.462,False
855,39.430249,-8.506547,29.572,False
856,39.428845,-8.508003,26.096,False
857,39.427439,-8.509456,24.815,False
858,39.426033,-8.510908,22.163,False
859,39.424627,-8.51236,17.467,False
860,39.42322,-8.513811,18.878,False
861,39.422051,-8.515016,16.269,False
862,39.42345,-8.513552,19.109,False
863,39.424849,-8.512088,18.162,False
864,39.426248,-8.510624,23.679,False
865,39.427646,-8.509159,24.971,False
866,39.429045,-8.507695,27.302,False
867,39.430444,-8.506231,29.426,False
868,39.431843,-8.504767,29.046,False
869,39.433241,-8.503303,29.665,False
870,39.43464,-8.501839,27.594,False
871,39.436039,-8.500375,29.261,False
872,39.437438,-8.49891,27.944,False
873,39.438837,-8.497446,29.08,False
874,39.440235,-8.495982,30.406,False
875,39.441634,-8.494518,27.915,False
876,39.443033,-8.493054,29.123,False
877,39.444432,-8.49159,28.724,False
878,39.44583,-8.490126,29.33,False
879,39.447229,-8.488661,30.673,False
880,39.448628,-8.487197,30.842,False
881,39.450027,-8.485733,31.026,False
882,39.451426,-8.484269,32.842,False
883,39.452824,-8.482805,31.941,False
884,39.454223,-8.481341,31.645,False
885,39.455622,-8.479877,32.041,False
886,39.457021,-8.478412,33.016,False
887,39.458419,-8.476948,32.256,False
888,39.459818,-8.475484,34.124,False
889,39.459817,-8.475491,34.115,False
890,39.458442,-8.476991,32.29,False
891,39.457131,-8.478583,32.886,False
892,39.455728,-8.480041,31.818,False
893,39.454327,-8.481501,31.902,False
894,39.452926,-8.482962,31.95,False
895,39.451525,-8.484423,32.69,False
896,39.450061,-8.485772,30.961,False
897,39.448553,-8.48704,30.877,False
898,39.447045,-8.488308,30.169,False
899,39.445536,-8.489576,28.742,False
900,39.444028,-8.490844,28.119,False
901,39.44252,-8.492113,27.928,False
902,39.441011,-8.493381,27.551,False
903,39.439503,-8.494649,28.961,False
904,39.437995,-8.495917,28.256,False
905,39.436487,-8.497185,31.258,False
906,39.434978,-8.498454,29.13,False
907,39.43347,-8.499722,29.142,False
908,39.431962,-8.50099,31.207,False
909,39.430453,-8.502258,30.814,False
910,39.428945,-8.503526,29.332,False
911,39.427437,-8.504795,18.403,False
912,39.425928,-8.506063,16.544,False
913,39.42442,-8.507331,15.769,False
914,39.422912,-8.508599,13.361,False
915,39.421403,-8.509867,15.481,False
916,39.419895,-8.511136,14.839,False
917,39.418387,-8.512404,14.21,False
918,39.416878,-8.513672,14.634,False
919,39.41537,-8.51494,14.716,False
920,39.413862,-8.516208,13.847,False
921,39.412353,-8.517477,13.968,False
922,39.410845,-8.518745,13.797,False
923,39.409337,-8.520013,14.01,False
924,39.407829,-8.521281,13.312,False
925,39.40632,-8.52255,13.374,False
926,39.404812,-8.523818,12.971,False
927,39.403304,-8.525086,12.628,False
928,39.401795,-8.526354,11.634,False
929,39.400287,-8.527622,12.027,False
930,39.398779,-8.528891,11.928,False
931,39.39727,-8.530159,11.892,False
932,39.395762,-8.531427,11.07,False
933,39.394254,-8.532695,13.373,False
934,39.392745,-8.533963,10.222,False
935,39.391237,-8.535232,13.427,False
936,39.389729,-8.5365,10.222,False
937,39.38822,-8.537768,14.988,False
938,39.386712,-8.539036,16.546,False
939,39.385204,-8.540304,19.08,False
940,39.383695,-8.541573,19.69,False
941,39.382187,-8.542841,20.263,False
942,39.380679,-8.544109,20.486,False
943,39.379171,-8.545377,19.09,False
944,39.377662,-8.546645,19.391,False
945,39.376154,-8.547914,16.482,False
946,39.374646,-8.549182,16.168,False
947,39.373137,-8.55045,15.474,False
948,39.371629,-8.551718,16.226,False
949,39.370121,-8.552986,17.154,False
950,39.368612,-8.554255,18.675,False
951,39.369969,-8.553301,17.7,False
952,39.371613,-8.552358,17.347,False
953,39.373257,-8.551416,15.812,False
954,39.374902,-8.550474,16.635,False
955,39.376547,-8.549533,16.773,False
956,39.378192,-8.548591,19.38,False
957,39.379837,-8.54765,19.28,False
958,39.381481,-8.546708,16.528,False
959,39.383126,-8.545766,17.65,False
960,39.384771,-8.544825,15.048,False
961,39.386416,-8.543883,13.734,False
962,39.388084,-8.543017,15.347,False
963,39.389786,-8.542268,19.389,False
964,39.391489,-8.541518,19.345,False
965,39.393192,-8.540769,21.799,False
966,39.394895,-8.540019,22.936,False
967,39.396598,-8.53927,24.011,False
968,39.398323,-8.538623,23.915,False
969,39.400116,-8.538475,17.548,False
970,39.401909,-8.538318,16.387,False
971,39.401284,-8.539259,17.278,False
972,39.399861,-8.540684,31.086,False
973,39.398439,-8.542108,39.179,False
974,39.397017,-8.543533,37.479,False
975,39.395595,-8.544957,37.624,False
976,39.394173,-8.546382,31.271,False
977,39.392751,-8.547807,34.157,False
978,39.391329,-8.549231,31.748,False
979,39.389907,-8.550656,33.751,False
980,39.388485,-8.55208,36.249,False
981,39.387063,-8.553505,36.917,False
982,39.385641,-8.55493,41.973,False
983,39.384219,-8.556354,35.302,False
984,39.382796,-8.557779,41.286,False
985,39.381374,-8.559203,38.617,False
986,39.379952,-8.560628,63.03,False
987,39.37853,-8.562053,65.598,False
988,39.377108,-8.563477,61.735,False
989,39.375686,-8.564902,55.688,False
990,39.374264,-8.566326,56.967,False
991,39.372842,-8.567751,47.899,False
992,39.37142,-8.569176,40.956,False
993,39.369998,-8.5706,34.281,False
994,39.368576,-8.572025,37.466,False
995,39.367153,-8.573449,41.387,False
996,39.365731,-8.574874,41.567,False
997,39.364309,-8.576299,42.184,False
998,39.362887,-8.577723,38.706,False
999,39.361465,-8.579148,37.759,False
1000,39.360043,-8.580572,61.965,False
1001,39.358621,-8.581997,88.163,False
1002,39.357199,-8.583422,94.019,False
1003,39.355777,-8.584846,90.201,False
1004,39.354355,-8.586271,93.807,False
1005,39.352933,-8.587695,89.077,False
1006,39.351511,-8.58912,83.01,False
1007,39.350088,-8.590545,49.403,False
1008,39.348666,-8.591969,35.17,False
1009,39.347244,-8.593394,26.151,False
1010,39.345822,-8.594818,19.492,False
1011,39.3444,-8.596243,16.882,False
1012,39.343325,-8.596943,13.584,False
1013,39.343677,-8.594663,15.953,False
1014,39.34403,-8.592382,15.388,False
1015,39.344382,-8.590101,17.334,False
1016,39.344734,-8.58782,18.261,False
1017,39.34509,-8.58554,19.989,False
1018,39.345448,-8.583261,27.279,False
1019,39.34589,-8.58101,23.898,False
1020,39.346743,-8.578969,29.243,False
1021,39.347945,-8.577247,30.109,False
1022,39.349363,-8.575817,27.124,False
1023,39.350798,-8.574415,24.965,False
1024,39.352233,-8.573012,20.325,False
1025,39.353661,-8.571598,17.067,False
1026,39.355098,-8.570199,15.174,False
1027,39.356481,-8.568712,15.476,False
1028,39.357794,-8.567124,17.752,False
1029,39.359103,-8.565528,16.791,False
1030,39.359595,-8.565199,16.85,False
1031,39.35861,-8.567145,22.947,False
1032,39.357624,-8.569091,27.114,False
1033,39.356639,-8.571037,26.904,False
1034,39.355654,-8.572983,23.414,False
1035,39.354668,-8.574929,47.042,False
1036,39.353683,-8.576875,55.064,False
1037,39.352698,-8.578821,47.619,False
1038,39.351713,-8.580767,43.879,False
1039,39.350727,-8.582713,43.445,False
1040,39.349742,-8.584659,46.973,False
1041,39.348757,-8.586605,65.87,False
1042,39.347771,-8.588551,60.299,False
1043,39.346786,-8.590496,28.898,False
1044,39.345801,-8.592442,20.115,False
1045,39.344815,-8.594388,15.705,False
1046,39.34383,-8.596334,15.811,False
1047,39.34371,-8.596834,14.005,False
1048,39.345016,-8.595234,19.053,False
1049,39.346322,-8.593635,21.146,False
1050,39.347628,-8.592035,30.127,False
1051,39.348934,-8.590435,45.1,False
1052,39.35024,-8.588836,69.416,False
1053,39.351546,-8.587236,89.847,False
1054,39.352852,-8.585637,74.023,False
1055,39.354158,-8.584037,81.386,False
1056,39.355464,-8.582438,67.352,False
1057,39.35677,-8.580838,62.025,False
1058,39.358076,-8.579239,52.158,False
1059,39.359382,-8.577639,37.536,False
1060,39.360689,-8.576039,53.122,False
1061,39.361995,-8.57444,52.365,False
1062,39.363301,-8.57284,48.281,False
1063,39.364607,-8.571241,45.305,False
1064,39.365913,-8.569641,46.595,False
1065,39.367219,-8.568042,42.658,False
1066,39.368525,-8.566442,39.34,False
1067,39.369831,-8.564843,30.733,False
1068,39.371137,-8.563243,38.98,False
1069,39.372443,-8.561643,44.887,False
1070,39.373749,-8.560044,43.932,False
1071,39.375055,-8.558444,37.421,False
1072,39.376361,-8.556845,33.025,False
1073,39.377668,-8.555245,31.643,False
1074,39.378974,-8.553646,22.242,False
1075,39.38028,-8.552046,19.118,False
1076,39.381586,-8.550447,18.568,False
1077,39.382892,-8.548847,15.233,False
1078,39.384198,-8.547248,16.499,False
1079,39.385504,-8.545648,16.536,False
1080,39.38681,-8.544048,13.747,False
1081,39.388346,-8.542976,15.588,False
1082,39.390085,-8.542382,18.257,False
1083,39.391824,-8.541788,18.694,False
1084,39.393563,-8.541194,23.018,False
1085,39.395302,-8.5406,24.82,False
1086,39.397041,-8.540005,27.062,False
1087,39.39878,-8.539411,27.511,False
1088,39.400519,-8.538817,17.679,False
1089,39.402258,-8.538223,16.544,False
1090,39.401213,-8.538944,16.748,False
1091,39.399591,-8.539948,28.765,False
1092,39.397969,-8.540953,35.013,False
1093,39.396346,-8.541958,32.529,False
1094,39.394724,-8.542963,28.646,False
1095,39.393102,-8.543968,25.359,False
1096,39.39148,-8.544973,21.095,False
1097,39.389857,-8.545978,20.84,False
1098,39.388235,-8.546982,18.224,False
1099,39.386613,-8.547987,18.729,False
1100,39.38499,-8.548992,17.524,False
1101,39.383368,-8.549997,16.735,False
1102,39.381746,-8.551002,18.923,False
1103,39.380123,-8.552007,19.118,False
1104,39.378501,-8.553012,20.435,False
1105,39.376879,-8.554016,24.407,False
1106,39.375257,-8.555021,25.883,False
1107,39.373634,-8.556026,23.463,False
1108,39.372012,-8.557031,22.493,False
1109,39.37039,-8.558036,24.0,False
1110,39.368767,-8.559041,21.753,False
1111,39.367145,-8.560046,24.865,False
1112,39.365523,-8.56105,34.798,False
1113,39.3639,-8.562055,27.148,False
1114,39.362278,-8.56306,28.214,False
1115,39.360656,-8.564065,21.143,False
1116,39.360841,-8.563901,21.963,False
1117,39.362457,-8.562879,28.375,False
1118,39.364073,-8.561857,27.973,False
1119,39.365689,-8.560835,33.355,False
1120,39.367305,-8.559813,23.249,False
1121,39.368921,-8.558791,22.831,False
1122,39.370536,-8.557769,23.136,False
1123,39.372152,-8.556747,22.072,False
1124,39.373768,-8.555725,23.472,False
1125,39.375384,-8.554703,25.116,False
1126,39.377,-8.553681,22.11,False
1127,39.378616,-8.552659,19.729,False
1128,39.380232,-8.551637,18.507,False
1129,39.381848,-8.550615,18.599,False
1130,39.383464,-8.549593,16.395,False
1131,39.38508,-8.548571,17.305,False
1132,39.386695,-8.547549,18.244,False
1133,39.388311,-8.546527,17.326,False
1134,39.389927,-8.545505,20.099,False
1135,39.391543,-8.544483,20.851,False
1136,39.393159,-8.543461,25.145,False
1137,39.394775,-8.542439,27.852,False
1138,39.396391,-8.541417,30.569,False
1139,39.398007,-8.540395,32.736,False
1140,39.399623,-8.539373,24.824,False
1141,39.401239,-8.538351,16.326,False
1142,39.402854,-8.537329,17.299,False
1143,39.40447,-8.536307,20.33,False
1144,39.405897,-8.534938,23.958,False
1145,39.407187,-8.533316,28.171,False
1146,39.408478,-8.531696,22.805,False
1147,39.40977,-8.530076,21.674,False
1148,39.411063,-8.528458,24.93,False
1149,39.412357,-8.52684,27.848,False
1150,39.41365,-8.525223,28.304,False
1151,39.414942,-8.523602,22.082,False
1152,39.416238,-8.521989,24.979,False
1153,39.417529,-8.520367,22.249,False
1154,39.416902,-8.520641,22.836,False
1155,39.415357,-8.521831,19.569,False
1156,39.413811,-8.52302,16.493,False
1157,39.412265,-8.52421,18.88,False
1158,39.410719,-8.5254,19.855,False
1159,39.409173,-8.52659,19.202,False
1160,39.407627,-8.527779,15.535,False
1161,39.406081,-8.528969,12.707,False
1162,39.404536,-8.530159,13.899,False
1163,39.40299,-8.531349,13.596,False
1164,39.401444,-8.532538,13.179,False
1165,39.399898,-8.533728,12.723,False
1166,39.398352,-8.534918,13.01,False
1167,39.396806,-8.536107,12.756,False
1168,39.39526,-8.537297,15.92,False
1169,39.393715,-8.538487,18.228,False
1170,39.392169,-8.539677,19.503,False
1171,39.390623,-8.540866,23.032,False
1172,39.389077,-8.542056,20.458,False
1173,39.387531,-8.543246,14.711,False
1174,39.385985,-8.544436,14.023,False
1175,39.38444,-8.545625,16.047,False
1176,39.382894,-8.546815,14.623,False
1177,39.381348,-8.548005,16.145,False
1178,39.379802,-8.549195,18.626,False
1179,39.378256,-8.550384,17.42,False
1180,39.37671,-8.551574,17.652,False
1181,39.375164,-8.552764,16.568,False
1182,39.373619,-8.553953,19.346,False
1183,39.372073,-8.555143,18.26,False
1184,39.370527,-8.556333,20.322,False
1185,39.368981,-8.557523,22.271,False
1186,39.367435,-8.558712,18.377,False
1187,39.365889,-8.559902,26.043,False
1188,39.364343,-8.561092,25.514,False
1189,39.362798,-8.562282,25.628,False
1190,39.361252,-8.563471,24.687,False
1191,39.360271,-8.564108,18.387,False
1192,39.361577,-8.562509,20.829,False
1193,39.362886,-8.560912,16.905,False
1194,39.364194,-8.559316,15.625,False
1195,39.365503,-8.55772,15.783,False
1196,39.366812,-8.556124,17.688,False
1197,39.368185,-8.554626,18.46,False
1198,39.369791,-8.553591,18.072,False
1199,39.371429,-8.552631,17.714,False
1200,39.373068,-8.55167,16.053,False
1201,39.374706,-8.55071,16.551,False
1202,39.376345,-8.54975,16.734,False
1203,39.377983,-8.54879,18.878,False
1204,39.379621,-8.54783,19.565,False
1205,39.38126,-8.546869,16.477,False
1206,39.382898,-8.545909,17.254,False
1207,39.384536,-8.544949,15.321,False
1208,39.386175,-8.543989,13.756,False
1209,39.386975,-8.543514,14.037,False
1210,39.38533,-8.544456,14.44,False
1211,39.383685,-8.545398,16.837,False
1212,39.38204,-8.546339,16.639,False
1213,39.380395,-8.547281,17.871,False
1214,39.37875,-8.548222,20.219,False
1215,39.377106,-8.549164,17.356,False
1216,39.375461,-8.550105,16.69,False
1217,39.373816,-8.551047,16.128,False
1218,39.372172,-8.551991,16.708,False
1219,39.370525,-8.552926,17.053,False
1220,39.368915,-8.55396,18.42,False
1221,39.369701,-8.553728,18.234,False
1222,39.371388,-8.552923,18.091,False
1223,39.373076,-8.552117,16.462,False
1224,39.374763,-8.551312,16.001,False
1225,39.376451,-8.550506,16.749,False
1226,39.378138,-8.549701,17.373,False
1227,39.379826,-8.548895,18.558,False
1228,39.381513,-8.54809,16.204,False
1229,39.383201,-8.547284,14.225,False
1230,39.384888,-8.546479,17.388,False
1231,39.386575,-8.545673,15.666,False
1232,39.388263,-8.544868,16.72,False
1233,39.38995,-8.544062,17.024,False
1234,39.391638,-8.543257,20.437,False
1235,39.393325,-8.542451,24.62,False
1236,39.395013,-8.541646,26.336,False
1237,39.3967,-8.54084,29.222,False
1238,39.398388,-8.540035,31.534,False
1239,39.400075,-8.539229,20.468,False
1240,39.401763,-8.538424,16.279,False
1241,39.401171,-8.538387,16.317,False
1242,39.399373,-8.538452,19.842,False
1243,39.397601,-8.5388,24.547,False
1244,39.395967,-8.539753,24.162,False
1245,39.394378,-8.540843,23.549,False
1246,39.392789,-8.541932,21.346,False
1247,39.391199,-8.543022,18.803,False
1248,39.38961,-8.544112,17.037,False
1249,39.388021,-8.545202,16.053,False
1250,39.386432,-8.546292,16.641,False
1251,39.384843,-8.547381,17.485,False
1252,39.383254,-8.548471,15.039,False
1253,39.381664,-8.549561,17.808,False
1254,39.380075,-8.550651,18.535,False
1255,39.378486,-8.551741,19.299,False
1256,39.376897,-8.552831,18.867,False
1257,39.375308,-8.55392,21.517,False
1258,39.373718,-8.55501,22.182,False
1259,39.372129,-8.5561,20.104,False
1260,39.37054,-8.55719,21.491,False
1261,39.368951,-8.55828,23.951,False
1262,39.367362,-8.55937,19.947,False
1263,39.365773,-8.560459,29.76,False
1264,39.364183,-8.561549,26.999,False
1265,39.362594,-8.562639,27.606,False
1266,39.361005,-8.563729,22.736,False
1267,39.359504,-8.564978,15.953,False
1268,39.358195,-8.566573,18.516,False
1269,39.356886,-8.568168,15.577,False
1270,39.355533,-8.569701,15.316,False
1271,39.354101,-8.571107,16.935,False
1272,39.352673,-8.572521,19.174,False
1273,39.351239,-8.573926,22.805,False
1274,39.349804,-8.575329,25.926,False
1275,39.348373,-8.576738,31.184,False
1276,39.347073,-8.578337,28.872,False
1277,39.346101,-8.580286,24.63,False
1278,39.345532,-8.582484,27.035,False
1279,39.345174,-8.584764,21.359,False
1280,39.344817,-8.587043,18.307,False
1281,39.344465,-8.589324,17.712,False
1282,39.344113,-8.591605,15.323,False
1283,39.343761,-8.593886,15.126,False
1284,39.343409,-8.596166,15.474,False
1285,39.343683,-8.596474,15.286,False
1286,39.344671,-8.59453,16.056,False
1287,39.345659,-8.592586,19.044,False
1288,39.346647,-8.590642,27.324,False
1289,39.347635,-8.588698,56.234,False
1290,39.348623,-8.586755,66.28,False
1291,39.349611,-8.584811,47.796,False
1292,39.350598,-8.582867,42.693,False
1293,39.351586,-8.580923,44.034,False
1294,39.352574,-8.578979,46.914,False
1295,39.353562,-8.577036,54.875,False
1296,39.35455,-8.575092,48.592,False
1297,39.355538,-8.573148,25.742,False
1298,39.356526,-8.571204,25.496,False
1299,39.357513,-8.56926,27.173,False
1300,39.358501,-8.567316,23.302,False
1301,39.359489,-8.565373,17.088,False
1302,39.36061,-8.56394,20.791,False
1303,39.362155,-8.562748,26.332,False
1304,39.3637,-8.561556,18.99,False
1305,39.365244,-8.560363,26.303,False
1306,39.366789,-8.559171,20.36,False
1307,39.368334,-8.557979,22.139,False
1308,39.369878,-8.556787,20.4,False
1309,39.371423,-8.555594,18.904,False
1310,39.372968,-8.554402,18.434,False
1311,39.374512,-8.55321,17.346,False
1312,39.376057,-8.552017,17.132,False
1313,39.377602,-8.550825,17.756,False
1314,39.379146,-8.549633,19.367,False
1315,39.380691,-8.54844,16.74,False
1316,39.382236,-8.547248,14.326,False
1317,39.38378,-8.546056,15.825,False
1318,39.385325,-8.544864,14.873,False
1319,39.38687,-8.543671,13.893,False
1320,39.388414,-8.542479,17.247,False
1321,39.389959,-8.541287,23.374,False
1322,39.391504,-8.540094,22.738,False
1323,39.393048,-8.538902,18.44,False
1324,39.394593,-8.53771,16.406,False
1325,39.396138,-8.536518,13.607,False
1326,39.397682,-8.535325,12.504,False
1327,39.399227,-8.534133,12.824,False
1328,39.400772,-8.532941,13.478,False
1329,39.402316,-8.531748,12.551,False
1330,39.403861,-8.530556,14.682,False
1331,39.405406,-8.529364,13.282,False
1332,39.40695,-8.528171,13.802,False
1333,39.408495,-8.526979,17.738,False
1334,39.41004,-8.525787,20.533,False
1335,39.411585,-8.524595,18.042,False
1336,39.413129,-8.523402,16.679,False
1337,39.414674,-8.52221,17.3,False
1338,39.416219,-8.521018,22.179,False
1339,39.417763,-8.519825,18.269,False
1340,39.417072,-8.520687,23.549,False
1341,39.415669,-8.522144,22.843,False
1342,39.414267,-8.5236,20.003,False
1343,39.412864,-8.525057,26.523,False
1344,39.411461,-8.526514,27.433,False
1345,39.410059,-8.52797,26.837,False
1346,39.408656,-8.529427,24.529,False
1347,39.407254,-8.530884,15.406,False
1348,39.405851,-8.53234,14.683,False
1349,39.404448,-8.533797,13.203,False
1350,39.403046,-8.535254,12.425,False
1351,39.401643,-8.53671,13.369,False
1352,39.40024,-8.538167,16.521,False
1353,39.398838,-8.539624,28.913,False
1354,39.397435,-8.54108,32.648,False
1355,39.396032,-8.542537,33.018,False
1356,39.39463,-8.543994,31.668,False
1357,39.393227,-8.54545,29.208,False
1358,39.391824,-8.546907,30.513,False
1359,39.390422,-8.548364,28.331,False
1360,39.389019,-8.54982,26.328,False
1361,39.387617,-8.551277,26.349,False
1362,39.386214,-8.552734,24.316,False
1363,39.384811,-8.55419,33.145,False
1364,39.383409,-8.555647,31.915,False
1365,39.382006,-8.557104,38.909,False
1366,39.380603,-8.55856,38.041,False
1367,39.379201,-8.560017,53.06,False
1368,39.377798,-8.561474,56.997,False
1369,39.376395,-8.56293,56.538,False
1370,39.374993,-8.564387,51.413,False
1371,39.37359,-8.565844,48.459,False
1372,39.372187,-8.5673,44.406,False
1373,39.370785,-8.568757,37.505,False
1374,39.369382,-8.570214,32.827,False
1375,39.36798,-8.57167,39.584,False
1376,39.366577,-8.573127,41.679,False
1377,39.365174,-8.574584,42.094,False
1378,39.363772,-8.57604,42.94,False
1379,39.362369,-8.577497,41.785,False
1380,39.360966,-8.578954,38.584,False
1381,39.359564,-8.58041,65.398,False
1382,39.358161,-8.581867,85.831,False
1383,39.356758,-8.583324,89.683,False
1384,39.355356,-8.58478,90.573,False
1385,39.353953,-8.586237,90.49,False
1386,39.352551,-8.587694,88.933,False
1387,39.351148,-8.58915,76.698,False
1388,39.349745,-8.590607,46.99,False
1389,39.348343,-8.592064,33.522,False
1390,39.34694,-8.59352,24.786,False
1391,39.345537,-8.594977,19.284,False
1392,39.344135,-8.596434,15.993,False
1393,39.343627,-8.597073,13.255,False
1394,39.345049,-8.595649,19.923,False
1395,39.346472,-8.594224,21.065,False
1396,39.347894,-8.5928,29.522,False
1397,39.349316,-8.591376,39.694,False
1398,39.350738,-8.589951,61.141,False
1399,39.352161,-8.588527,90.09,False
1400,39.353583,-8.587103,88.618,False
1401,39.355005,-8.585678,93.502,False
1402,39.356427,-8.584254,92.451,False
1403,39.35785,-8.58283,93.253,False
1404,39.359272,-8.581405,78.847,False
1405,39.360694,-8.579981,46.949,False
1406,39.362116,-8.578557,37.484,False
1407,39.363539,-8.577132,40.454,False
1408,39.364961,-8.575708,43.434,False
1409,39.366383,-8.574284,41.639,False
1410,39.367805,-8.572859,40.819,False
1411,39.369228,-8.571435,33.504,False
1412,39.37065,-8.570011,38.547,False
1413,39.372072,-8.568586,45.015,False
1414,39.373494,-8.567162,51.432,False
1415,39.374917,-8.565738,55.377,False
1416,39.376339,-8.564313,56.898,False
1417,39.377761,-8.562889,64.736,False
1418,39.379183,-8.561465,65.761,False
1419,39.380606,-8.56004,53.637,False
1420,39.382028,-8.558616,37.803,False
1421,39.38345,-8.557192,35.446,False
1422,39.384872,-8.555767,41.298,False
1423,39.386295,-8.554343,40.438,False
1424,39.387717,-8.552919,36.806,False
1425,39.389139,-8.551494,34.296,False
1426,39.390561,-8.55007,33.523,False
1427,39.391984,-8.548646,32.433,False
1428,39.393406,-8.547221,32.193,False
1429,39.394828,-8.545797,33.784,False
1430,39.39625,-8.544373,39.074,False
1431,39.397673,-8.542948,36.52,False
1432,39.399095,-8.541524,37.265,False
1433,39.400517,-8.5401,20.583,False
1434,39.401939,-8.538675,15.992,False
1435,39.401546,-8.538419,16.298,False
1436,39.399807,-8.539013,21.133,False
1437,39.398068,-8.539608,28.093,False
1438,39.396329,-8.540202,26.196,False
1439,39.39459,-8.540796,23.727,False
1440,39.392851,-8.54139,21.217,False
1441,39.391112,-8.541984,18.13,False
1442,39.389373,-8.542578,18.07,False
1443,39.387634,-8.543172,14.83,False
1444,39.386305,-8.544693,14.007,False
1445,39.385038,-8.546344,17.407,False
1446,39.383771,-8.547994,15.026,False
1447,39.382503,-8.549645,16.345,False
1448,39.381236,-8.551296,18.789,False
1449,39.379968,-8.552947,21.227,False
1450,39.378701,-8.554597,28.599,False
1451,39.377434,-8.556248,35.697,False
1452,39.376166,-8.557899,34.659,False
1453,39.374899,-8.55955,44.454,False
1454,39.373631,-8.561201,45.761,False
1455,39.372364,-8.562851,46.135,False
1456,39.371097,-8.564502,35.503,False
1457,39.369829,-8.566153,31.469,False
1458,39.368562,-8.567804,39.543,False
1459,39.367295,-8.569454,44.027,False
1460,39.366027,-8.571105,43.915,False
1461,39.36476,-8.572756,46.644,False
1462,39.363492,-8.574407,51.087,False
1463,39.362225,-8.576058,47.622,False
1464,39.360958,-8.577708,41.831,False
1465,39.35969,-8.579359,52.461,False
1466,39.358423,-8.58101,77.376,False
1467,39.357155,-8.582661,86.333,False
1468,39.355888,-8.584312,89.448,False
1469,39.354621,-8.585962,93.806,False
1470,39.353353,-8.587613,90.068,False
1471,39.352086,-8.589264,88.759,False
1472,39.350818,-8.590915,53.655,False
1473,39.349551,-8.592565,36.184,False
1474,39.348284,-8.594216,29.706,False
1475,39.347016,-8.595867,24.985,False
1476,39.345749,-8.597518,13.319,False
1477,39.344481,-8.599169,7.956,False
1478,39.343214,-8.600819,10.35,False
1479,39.342242,-8.602649,14.148,False
1480,39.343614,-8.601143,8.746,False
1481,39.344985,-8.599637,8.161,False
1482,39.346356,-8.598132,12.452,False
1483,39.347727,-8.596626,18.996,False
1484,39.349099,-8.59512,30.968,False
1485,39.35047,-8.593614,40.315,False
1486,39.351841,-8.592108,53.36,False
1487,39.353213,-8.590602,69.329,False
1488,39.354584,-8.589097,80.147,False
1489,39.355955,-8.587591,89.598,False
1490,39.357327,-8.586085,90.722,False
1491,39.358698,-8.584579,87.403,False
1492,39.360069,-8.583073,61.763,False
1493,39.36144,-8.581567,46.136,False
1494,39.362812,-8.580062,37.32,False
1495,39.364183,-8.578556,40.463,False
1496,39.365554,-8.57705,42.476,False
1497,39.366926,-8.575544,44.142,False
1498,39.368297,-8.574038,42.073,False
1499,39.369668,-8.572532,35.4,False
1500,39.371039,-8.571027,37.721,False
1501,39.372411,-8.569521,45.879,False
1502,39.373782,-8.568015,56.262,False
1503,39.375153,-8.566509,63.999,False
1504,39.376525,-8.565003,60.787,False
1505,39.377896,-8.563497,66.534,False
1506,39.379267,-8.561992,69.398,False
1507,39.380638,-8.560486,60.557,False
1508,39.38201,-8.55898,38.479,False
1509,39.383381,-8.557474,37.39,False
1510,39.384752,-8.555968,40.13,False
1511,39.386124,-8.554462,40.403,False
1512,39.387495,-8.552957,35.142,False
1513,39.388866,-8.551451,32.865,False
1514,39.390238,-8.549945,32.175,False
1515,39.391609,-8.548439,30.997,False
1516,39.39298,-8.546933,31.317,False
1517,39.394351,-8.545427,33.11,False
1518,39.395723,-8.543922,36.148,False
1519,39.397094,-8.542416,34.246,False
1520,39.398465,-8.54091,34.987,False
1521,39.399837,-8.539404,23.407,False
1522,39.401208,-8.537898,15.941,False
1523,39.402579,-8.536392,12.79,False
1524,39.40395,-8.534887,12.987,False
1525,39.405322,-8.533381,14.796,False
1526,39.406693,-8.531875,16.407,False
1527,39.408064,-8.530369,19.519,False
1528,39.409436,-8.528863,26.098,False
1529,39.410807,-8.527357,25.237,False
1530,39.412178,-8.525852,28.255,False
1531,39.413549,-8.524346,24.872,False
1532,39.414921,-8.52284,19.909,False
1533,39.416292,-8.521334,23.666,False
1534,39.417663,-8.519828,18.384,False
1535,39.419035,-8.518322,16.836,False
1536,39.420406,-8.516817,16.012,False
1537,39.421777,-8.515311,16.798,False
1538,39.420743,-8.516513,15.777,False
1539,39.419407,-8.518072,16.294,False
1540,39.418071,-8.519631,17.311,False
1541,39.416778,-8.521249,24.893,False
1542,39.415484,-8.522866,22.545,False
1543,39.41419,-8.524483,25.447,False
1544,39.412897,-8.526101,28.499,False
1545,39.411603,-8.527718,26.252,False
1546,39.410309,-8.529336,22.591,False
1547,39.409018,-8.530956,21.151,False
1548,39.407726,-8.532576,25.419,False
1549,39.406435,-8.534197,27.157,False
1550,39.405148,-8.535823,20.413,False
1551,39.403802,-8.537366,21.831,False
1552,39.402456,-8.53891,16.207,False
1553,39.40111,-8.540453,17.875,False
1554,39.399764,-8.541997,38.204,False
1555,39.398419,-8.543541,39.459,False
1556,39.397073,-8.545084,40.136,False
1557,39.395727,-8.546628,34.575,False
1558,39.394381,-8.548171,38.247,False
1559,39.393035,-8.549715,39.848,False
1560,39.391689,-8.551258,47.71,False
1561,39.390343,-8.552802,56.927,False
1562,39.388998,-8.554346,48.494,False
1563,39.387652,-8.555889,39.416,False
1564,39.386306,-8.557433,39.473,False
1565,39.38496,-8.558976,48.485,False
1566,39.383614,-8.56052,45.117,False
1567,39.382268,-8.562063,48.977,False
1568,39.380922,-8.563607,75.168,False
1569,39.379576,-8.56515,92.4,False
1570,39.378231,-8.566694,85.138,False
1571,39.376885,-8.568238,78.267,False
1572,39.375539,-8.569781,62.881,False
1573,39.374193,-8.571325,45.704,False
1574,39.372847,-8.572868,41.558,False
1575,39.371501,-8.574412,37.848,False
1576,39.370155,-8.575955,40.692,False
1577,39.36881,-8.577499,44.332,False
1578,39.367464,-8.579042,45.727,False
1579,39.366118,-8.580586,38.906,False
1580,39.364772,-8.58213,38.904,False
1581,39.363426,-8.583673,40.032,False
1582,39.36208,-8.585217,39.264,False
1583,39.360734,-8.58676,47.207,False
1584,39.359388,-8.588304,46.826,False
1585,39.358043,-8.589847,44.944,False
1586,39.356697,-8.591391,42.152,False
1587,39.355351,-8.592935,43.781,False
1588,39.354005,-8.594478,30.48,False
1589,39.352659,-8.596022,23.321,False
1590,39.351313,-8.597565,13.503,False
1591,39.349967,-8.599109,10.507,False
1592,39.348622,-8.600652,13.952,False
1593,39.347276,-8.602196,9.991,False
1594,39.34593,-8.603739,9.22,False
1595,39.344584,-8.605283,9.421,False
1596,39.343238,-8.606827,13.09,False
1597,39.341892,-8.60837,23.259,False
1598,39.341574,-8.6106,26.138,False
1599,39.340915,-8.612752,26.553,False
1600,39.339801,-8.614572,29.029,False
1601,39.33865,-8.616354,31.732,False
1602,39.337839,-8.618425,34.017,False
1603,39.337133,-8.620564,31.336,False
1604,39.336164,-8.622511,36.533,False
1605,39.334748,-8.623927,41.173,False
1606,39.33305,-8.624658,45.42,False
1607,39.331259,-8.624854,45.504,False
1608,39.329464,-8.625004,47.738,False
1609,39.327713,-8.625494,50.939,False
1610,39.326076,-8.626455,53.242,False
1611,39.324442,-8.627428,53.466,False
1612,39.322711,-8.628031,48.965,False
1613,39.322739,-8.627297,49.833,False
1614,39.324093,-8.625766,55.795,False
1615,39.325447,-8.624235,58.216,False
1616,39.326801,-8.622703,58.247,False
1617,39.328155,-8.621172,59.188,False
1618,39.32951,-8.619641,54.41,False
1619,39.330864,-8.618109,51.122,False
1620,39.332218,-8.616578,47.922,False
1621,39.333572,-8.615047,51.724,False
1622,39.334926,-8.613515,49.753,False
1623,39.336281,-8.611984,47.295,False
1624,39.337635,-8.610453,43.944,False
1625,39.338989,-8.608922,44.34,False
1626,39.340343,-8.60739,42.245,False
1627,39.341697,-8.605859,26.8,False
1628,39.343051,-8.604328,15.216,False
1629,39.344406,-8.602796,10.048,False
1630,39.34576,-8.601265,8.796,False
1631,39.347114,-8.599734,10.013,False
1632,39.348468,-8.598202,10.093,False
1633,39.349822,-8.596671,23.405,False
1634,39.351177,-8.59514,36.274,False
1635,39.352531,-8.593608,44.859,False
1636,39.353885,-8.592077,50.354,False
1637,39.355239,-8.590546,55.921,False
1638,39.356593,-8.589015,71.339,False
1639,39.357947,-8.587483,67.329,False
1640,39.359302,-8.585952,64.244,False
1641,39.360656,-8.584421,55.848,False
1642,39.36201,-8.582889,44.73,False
1643,39.363364,-8.581358,37.14,False
1644,39.364718,-8.579827,38.942,False
1645,39.366073,-8.578295,41.893,False
1646,39.367427,-8.576764,45.779,False
1647,39.368781,-8.575233,43.395,False
1648,39.370135,-8.573701,39.202,False
1649,39.371489,-8.57217,36.026,False
1650,39.372843,-8.570639,43.612,False
1651,39.374198,-8.569108,58.918,False
1652,39.375552,-8.567576,76.195,False
1653,39.376906,-8.566045,68.687,False
1654,39.37826,-8.564514,76.722,False
1655,39.379614,-8.562982,80.025,False
1656,39.380969,-8.561451,73.097,False
1657,39.382323,-8.55992,38.287,False
1658,39.383677,-8.558388,45.326,False
1659,39.385031,-8.556857,34.249,False
1660,39.386385,-8.555326,42.462,False
1661,39.387739,-8.553794,43.277,False
1662,39.389094,-8.552263,40.971,False
1663,39.390448,-8.550732,36.741,False
1664,39.391802,-8.5492,32.926,False
1665,39.393156,-8.547669,34.548,False
1666,39.39451,-8.546138,32.247,False
1667,39.395865,-8.544607,38.272,False
1668,39.397219,-8.543075,35.761,False
1669,39.398573,-8.541544,37.479,False
1670,39.399927,-8.540013,26.336,False
1671,39.401281,-8.538481,16.363,False
1672,39.402635,-8.53695,14.904,False
1673,39.40399,-8.535419,14.509,False
1674,39.405344,-8.533887,15.516,False
1675,39.406698,-8.532356,18.663,False
1676,39.408052,-8.530825,19.907,False
1677,39.409406,-8.529293,25.192,False
1678,39.410761,-8.527762,25.093,False
1679,39.412115,-8.526231,28.068,False
1680,39.413469,-8.5247,26.383,False
1681,39.414823,-8.523168,20.185,False
1682,39.416177,-8.521637,23.803,False
1683,39.417531,-8.520106,20.51,False
1684,39.418886,-8.518574,16.546,False
1685,39.42024,-8.517043,16.193,False
1686,39.421594,-8.515512,17.434,False
1687,39.420681,-8.516448,15.849,False
1688,39.419353,-8.518017,16.494,False
1689,39.418051,-8.519623,17.258,False
1690,39.41665,-8.521082,24.149,False
1691,39.415248,-8.52254,21.177,False
1692,39.413846,-8.523998,22.102,False
1693,39.412445,-8.525456,27.124,False
1694,39.411043,-8.526915,26.179,False
1695,39.409641,-8.528373,26.882,False
1696,39.40824,-8.529831,21.13,False
1697,39.406838,-8.53129,14.847,False
1698,39.405437,-8.532748,14.337,False
1699,39.404035,-8.534206,12.651,False
1700,39.402633,-8.535665,11.848,False
1701,39.401232,-8.537123,14.014,False
1702,39.39983,-8.538581,18.646,False
1703,39.398428,-8.540039,31.552,False
1704,39.397027,-8.541498,32.291,False
1705,39.395625,-8.542956,32.57,False
1706,39.394223,-8.544414,31.102,False
1707,39.392822,-8.545873,29.016,False
1708,39.39142,-8.547331,32.59,False
1709,39.390019,-8.548789,26.085,False
1710,39.388617,-8.550248,25.853,False
1711,39.387215,-8.551706,23.939,False
1712,39.385814,-8.553164,25.116,False
1713,39.384412,-8.554622,36.895,False
1714,39.38301,-8.556081,30.849,False
1715,39.381609,-8.557539,37.32,False
1716,39.380207,-8.558997,43.989,False
1717,39.378806,-8.560456,54.423,False
1718,39.377404,-8.561914,56.616,False
1719,39.376002,-8.563372,56.102,False
1720,39.374601,-8.564831,48.556,False
1721,39.373199,-8.566289,46.72,False
1722,39.371797,-8.567747,43.627,False
1723,39.370396,-8.569205,36.603,False
1724,39.368994,-8.570664,33.31,False
1725,39.367593,-8.572122,41.431,False
1726,39.366191,-8.57358,41.447,False
1727,39.364789,-8.575039,43.083,False
1728,39.363388,-8.576497,40.796,False
1729,39.361986,-8.577955,41.079,False
1730,39.360584,-8.579414,43.767,False
1731,39.359183,-8.580872,74.126,False
1732,39.357781,-8.58233,87.85,False
1733,39.35638,-8.583788,90.321,False
1734,39.354978,-8.585247,92.891,False
1735,39.353576,-8.586705,86.08,False
1736,39.352175,-8.588163,89.738,False
1737,39.350773,-8.589622,65.198,False
1738,39.349371,-8.59108,41.611,False
1739,39.34797,-8.592538,30.381,False
1740,39.346568,-8.593997,22.063,False
1741,39.345166,-8.595455,20.085,False
1742,39.343765,-8.596913,13.68,False
1743,39.342967,-8.598857,10.182,False
1744,39.342493,-8.6011,12.658,False
1745,39.342996,-8.600765,11.045,False
1746,39.344037,-8.598868,8.736,False
1747,39.345078,-8.596971,14.171,False
1748,39.346119,-8.595074,20.856,False
1749,39.34716,-8.593177,25.944,False
1750,39.348201,-8.59128,36.463,False
1751,39.349241,-8.589383,58.759,False
1752,39.350282,-8.587486,85.727,False
1753,39.351323,-8.585589,67.889,False
1754,39.352364,-8.583692,57.37,False
1755,39.353405,-8.581795,53.42,False
1756,39.354446,-8.579898,55.89,False
1757,39.355487,-8.578001,59.01,False
1758,39.356528,-8.576104,60.282,False
1759,39.357569,-8.574206,29.176,False
1760,39.35861,-8.572309,36.57,False
1761,39.359651,-8.570412,42.578,False
1762,39.360691,-8.568515,38.418,False
1763,39.361732,-8.566618,39.291,False
1764,39.362773,-8.564721,37.863,False
1765,39.363814,-8.562824,31.913,False
1766,39.364855,-8.560927,31.547,False
1767,39.365896,-8.55903,21.158,False
1768,39.366937,-8.557133,17.773,False
1769,39.367978,-8.555236,18.568,False
1770,39.367742,-8.555,18.235,False
1771,39.366405,-8.556554,16.779,False
1772,39.365097,-8.558151,15.908,False
1773,39.363788,-8.559747,15.709,False
1774,39.36248,-8.561343,17.408,False
1775,39.361172,-8.562941,20.614,False
1776,39.359857,-8.564526,16.0,False
1777,39.358445,-8.565967,16.9,False
1778,39.357034,-8.567408,14.651,False
1779,39.355622,-8.568849,14.186,False
1780,39.354211,-8.570291,15.096,False
1781,39.352799,-8.571732,15.259,False
1782,39.351388,-8.573173,17.904,False
1783,39.349976,-8.574614,21.728,False
1784,39.348565,-8.576055,27.749,False
1785,39.347153,-8.577496,24.001,False
1786,39.345742,-8.578937,26.087,False
1787,39.34433,-8.580379,23.051,False
1788,39.342918,-8.58182,15.257,False
1789,39.341507,-8.583261,11.303,False
1790,39.340095,-8.584702,9.058,False
1791,39.338684,-8.586143,10.675,False
1792,39.337272,-8.587584,10.095,False
1793,39.335861,-8.589025,10.649,False
1794,39.334449,-8.590466,9.984,False
1795,39.333038,-8.591908,18.679,False
1796,39.331626,-8.593349,41.652,False
1797,39.330215,-8.59479,74.492,False
1798,39.328803,-8.596231,87.897,False
1799,39.327392,-8.597672,85.985,False
1800,39.32598,-8.599113,81.405,False
1801,39.324569,-8.600554,53.773,False
1802,39.323157,-8.601996,40.462,False
1803,39.321746,-8.603437,47.389,False
1804,39.320334,-8.604878,22.131,False
1805,39.318923,-8.606319,39.834,False
1806,39.317511,-8.60776,26.441,False
1807,39.3161,-8.609201,23.144,False
1808,39.314688,-8.610642,42.31,False
1809,39.313277,-8.612084,43.579,False
1810,39.311865,-8.613525,43.693,False
1811,39.310454,-8.614966,50.965,False
1812,39.309042,-8.616407,49.386,False
1813,39.307631,-8.617848,63.686,False
1814,39.306219,-8.619289,56.019,False
1815,39.304808,-8.62073,43.441,False
1816,39.303396,-8.622171,40.343,False
1817,39.301985,-8.623613,32.766,False
1818,39.300573,-8.625054,34.604,False
1819,39.299162,-8.626495,38.511,False
1820,39.29775,-8.627936,33.689,False
1821,39.296338,-8.629377,26.441,False
1822,39.294927,-8.630818,33.012,False
1823,39.293515,-8.632259,27.733,False
1824,39.294377,-8.632306,28.213,False
1825,39.296151,-8.631936,34.372,False
1826,39.297942,-8.631733,34.986,False
1827,39.299735,-8.631542,34.563,False
1828,39.301528,-8.631355,36.321,False
1829,39.303319,-8.631141,39.545,False
1830,39.305112,-8.630959,44.521,False
1831,39.306904,-8.630762,48.735,False
1832,39.308696,-8.630565,47.533,False
1833,39.310488,-8.630373,48.285,False
1834,39.31228,-8.630169,51.569,False
1835,39.313398,-8.630043,49.374,False
1836,39.311608,-8.630276,51.047,False
1837,39.309819,-8.630509,47.363,False
1838,39.308029,-8.630742,47.138,False
1839,39.30624,-8.630975,48.354,False
1840,39.30445,-8.631208,42.431,False
1841,39.30266,-8.63144,38.197,False
1842,39.300871,-8.631673,36.111,False
1843,39.299081,-8.631906,35.943,False
1844,39.297292,-8.632139,35.518,False
1845,39.295502,-8.632372,31.869,False
1846,39.293712,-8.632605,26.447,False
1847,39.29415,-8.632507,27.172,False
1848,39.295936,-8.632232,33.74,False
1849,39.297722,-8.631957,35.307,False
1850,39.299508,-8.631681,35.108,False
1851,39.301294,-8.631406,36.015,False
1852,39.30308,-8.631131,39.057,False
1853,39.304866,-8.630856,43.963,False
1854,39.306652,-8.630581,49.595,False
1855,39.308438,-8.630305,47.911,False
1856,39.310224,-8.63003,48.785,False
1857,39.31201,-8.629755,52.111,False
1858,39.313796,-8.62948,49.915,False
1859,39.315582,-8.629204,51.329,False
1860,39.317368,-8.628929,48.85,False
1861,39.319154,-8.628654,46.871,False
1862,39.32094,-8.628379,46.843,False
1863,39.322723,-8.628077,48.933,False
1864,39.324454,-8.627472,53.391,False
1865,39.326088,-8.6265,53.335,False
1866,39.327725,-8.625537,51.06,False
1867,39.329476,-8.625048,47.797,False
1868,39.331271,-8.624898,45.44,False
1869,39.333062,-8.624701,45.448,False
1870,39.334759,-8.62397,41.081,False
1871,39.336178,-8.622559,36.58,False
1872,39.337154,-8.620617,31.423,False
1873,39.337861,-8.618479,33.581,False
1874,39.338667,-8.616405,31.484,False
1875,39.339816,-8.61462,28.742,False
1876,39.340934,-8.612804,26.303,False
1877,39.341603,-8.610656,25.558,False
1878,39.341678,-8.608621,26.976,False
1879,39.340129,-8.609803,41.089,False
1880,39.33858,-8.610985,45.139,False
1881,39.337032,-8.612168,46.707,False
1882,39.335483,-8.61335,50.249,False
1883,39.333934,-8.614532,52.269,False
1884,39.332385,-8.615715,50.175,False
1885,39.330837,-8.616897,50.883,False
1886,39.329288,-8.618079,56.406,False
1887,39.327739,-8.619262,56.546,False
1888,39.32619,-8.620444,59.551,False
1889,39.324642,-8.621626,59.308,False
1890,39.323093,-8.622809,61.21,False
1891,39.321544,-8.623991,58.357,False
1892,39.319995,-8.625174,54.7,False
1893,39.318447,-8.626356,50.555,False
1894,39.316898,-8.627538,53.42,False
1895,39.315349,-8.628721,51.096,False
1896,39.3138,-8.629903,49.104,False
1897,39.31202,-8.630154,51.661,False
1898,39.310228,-8.630354,47.939,False
1899,39.308435,-8.630545,47.421,False
1900,39.306643,-8.630743,48.994,False
1901,39.304851,-8.630941,43.734,False
1902,39.303058,-8.631121,39.022,False
1903,39.301267,-8.63134,35.797,False
1904,39.299474,-8.63152,34.418,False
1905,39.297682,-8.631716,34.939,False
1906,39.29589,-8.63192,33.676,False
1907,39.294121,-8.632332,27.816,False
1908,39.292372,-8.63287,24.224,False
1909,39.290632,-8.633458,31.093,False
1910,39.288884,-8.634009,27.941,False
1911,39.28714,-8.634576,28.741,False
1912,39.285394,-8.635136,26.01,False
1913,39.284652,-8.63536,25.792,False
1914,39.286396,-8.634795,26.181,False
1915,39.288141,-8.63423,28.631,False
1916,39.289886,-8.633665,29.183,False
1917,39.29163,-8.6331,26.15,False
1918,39.292881,-8.632807,25.034,False
1919,39.291496,-8.63429,33.96,False
1920,39.290111,-8.635772,47.412,False
1921,39.288726,-8.637255,53.856,False
1922,39.287341,-8.638738,56.859,False
1923,39.285956,-8.64022,57.171,False
1924,39.284571,-8.641703,45.131,False
1925,39.283186,-8.643186,29.419,False
1926,39.281802,-8.644668,17.794,False
1927,39.280417,-8.646151,12.355,False
1928,39.279032,-8.647634,13.234,False
1929,39.277647,-8.649116,17.528,False
1930,39.276262,-8.650599,31.235,False
1931,39.274877,-8.652082,18.885,False
1932,39.273492,-8.653564,10.427,False
1933,39.272107,-8.655047,22.781,False
1934,39.270722,-8.65653,11.487,False
1935,39.269338,-8.658012,8.097,False
1936,39.267953,-8.659495,9.505,False
1937,39.266568,-8.660978,9.845,False
1938,39.265813,-8.661729,10.632,False
1939,39.266978,-8.659966,10.145,False
1940,39.26792,-8.657987,10.296,False
1941,39.268843,-8.655993,9.742,False
1942,39.269765,-8.653998,13.594,False
1943,39.270684,-8.652001,12.114,False
1944,39.271612,-8.65001,12.692,False
1945,39.272635,-8.648104,19.342,False
1946,39.273886,-8.646436,11.677,False
1947,39.275265,-8.644946,11.981,False
1948,39.276658,-8.643476,14.956,False
1949,39.278051,-8.642006,20.998,False
1950,39.279443,-8.640535,18.628,False
1951,39.280836,-8.639065,26.087,False
1952,39.282229,-8.637594,24.922,False
1953,39.283622,-8.636124,24.545,False
1954,39.285236,-8.635236,26.196,False
1955,39.286981,-8.634673,28.614,False
1956,39.288726,-8.634109,28.591,False
1957,39.290473,-8.633555,31.316,False
1958,39.292214,-8.632971,24.489,False
1959,39.292311,-8.633474,26.034,False
1960,39.290929,-8.63496,39.598,False
1961,39.289546,-8.636446,56.648,False
1962,39.288163,-8.637932,51.41,False
1963,39.286781,-8.639418,57.728,False
1964,39.285398,-8.640904,53.428,False
1965,39.284015,-8.64239,35.344,False
1966,39.282632,-8.643876,22.136,False
1967,39.28125,-8.645362,15.197,False
1968,39.279867,-8.646848,11.729,False
1969,39.278484,-8.648334,12.446,False
1970,39.277101,-8.64982,25.918,False
1971,39.275719,-8.651306,27.619,False
1972,39.274336,-8.652792,13.035,False
1973,39.272953,-8.654278,13.373,False
1974,39.271571,-8.655764,18.641,False
1975,39.270188,-8.65725,8.742,False
1976,39.268805,-8.658736,9.33,False
1977,39.267422,-8.660222,9.348,False
1978,39.26604,-8.661708,10.116,False
1979,39.264657,-8.663194,10.061,False
1980,39.265128,-8.662572,9.628,False
1981,39.266229,-8.660748,10.535,False
1982,39.267258,-8.658842,10.297,False
1983,39.268288,-8.656937,9.947,False
1984,39.269317,-8.655032,10.797,False
1985,39.270346,-8.653126,14.484,False
1986,39.271375,-8.651221,10.062,False
1987,39.272404,-8.649316,21.229,False
1988,39.273433,-8.64741,15.342,False
1989,39.27455,-8.645601,11.257,False
1990,39.275836,-8.643976,12.858,False
1991,39.277122,-8.642352,17.288,False
1992,39.276946,-8.642856,17.069,False
1993,39.275851,-8.644698,12.703,False
1994,39.274755,-8.646541,11.752,False
1995,39.273659,-8.648383,20.815,False
1996,39.272564,-8.650226,18.382,False
1997,39.271468,-8.652068,11.01,False
1998,39.270372,-8.653911,15.955,False
1999,39.269277,-8.655754,9.5,False
2000,39.268181,-8.657596,10.294,False
2001,39.267086,-8.659439,10.271,False
2002,39.26599,-8.661281,10.531,False
2003,39.266029,-8.661236,10.477,False
2004,39.267124,-8.659392,10.277,False
2005,39.268219,-8.657549,10.24,False
2006,39.269314,-8.655706,9.505,False
2007,39.270409,-8.653863,16.089,False
2008,39.271504,-8.652019,10.698,False
2009,39.272599,-8.650176,19.169,False
2010,39.273694,-8.648333,20.275,False
2011,39.274788,-8.646489,11.684,False
2012,39.275883,-8.644646,12.767,False
2013,39.276978,-8.642803,17.269,False
2014,39.277245,-8.642348,18.101,False
2015,39.276125,-8.644166,13.201,False
2016,39.275006,-8.645985,10.911,False
2017,39.273887,-8.647804,15.997,False
2018,39.272767,-8.649622,24.354,False
2019,39.271648,-8.651441,9.431,False
2020,39.270529,-8.653259,15.276,False
2021,39.269409,-8.655078,10.788,False
2022,39.26829,-8.656897,9.927,False
2023,39.267171,-8.658715,10.141,False
2024,39.266052,-8.660534,10.614,False
2025,39.264932,-8.662353,9.724,False
2026,39.263917,-8.664026,12.254,False
2027,39.265037,-8.662218,9.837,False
2028,39.266096,-8.66034,10.55,False
2029,39.267155,-8.658462,9.838,False
2030,39.268213,-8.656584,9.745,False
2031,39.269272,-8.654706,11.27,False
2032,39.270331,-8.652828,13.732,False
2033,39.27139,-8.65095,10.87,False
2034,39.272449,-8.649072,21.399,False
2035,39.273508,-8.647194,13.057,False
2036,39.273507,-8.646819,11.719,False
2037,39.272136,-8.648324,16.504,False
2038,39.270766,-8.649828,10.403,False
2039,39.269396,-8.651333,9.451,False
2040,39.268025,-8.652838,9.39,False
2041,39.266655,-8.654342,9.87,False
2042,39.265285,-8.655847,9.444,False
2043,39.263914,-8.657352,9.369,False
2044,39.262544,-8.658856,8.209,False
2045,39.261173,-8.660361,8.338,False
2046,39.259803,-8.661865,7.955,False
2047,39.258433,-8.66337,7.894,False
2048,39.257062,-8.664875,7.875,False
2049,39.255692,-8.666379,7.034,False
2050,39.254322,-8.667884,6.526,False
2051,39.252951,-8.669389,5.689,False
2052,39.251581,-8.670893,8.026,False
2053,39.25021,-8.672398,9.078,False
2054,39.24884,-8.673902,12.468,False
2055,39.248131,-8.675048,22.984,False
2056,39.249881,-8.674524,23.395,False
2057,39.251614,-8.673901,23.375,False
2058,39.253347,-8.673278,18.912,False
2059,39.254376,-8.672814,18.369,False
2060,39.252597,-8.673156,16.402,False
2061,39.250818,-8.673498,16.68,False
2062,39.249039,-8.67384,12.877,False
2063,39.24726,-8.674182,13.059,False
2064,39.245481,-8.674524,14.449,False
2065,39.243702,-8.674866,15.447,False
2066,39.24192,-8.675163,20.98,False
2067,39.240126,-8.675042,23.236,False
2068,39.23836,-8.674631,19.401,False
2069,39.236708,-8.673715,19.424,False
2070,39.234944,-8.673333,21.19,False
2071,39.233861,-8.673353,14.403,False
2072,39.235455,-8.672276,8.866,False
2073,39.237048,-8.671198,9.264,False
2074,39.238642,-8.670121,8.279,False
2075,39.240235,-8.669043,8.329,False
2076,39.241828,-8.667966,7.771,False
2077,39.243422,-8.666888,6.64,False
2078,39.245015,-8.665811,9.21,False
2079,39.246609,-8.664733,6.874,False
2080,39.248202,-8.663656,8.704,False
2081,39.249795,-8.662578,7.799,False
2082,39.251389,-8.661501,7.05,False
2083,39.252982,-8.660424,7.365,False
2084,39.254576,-8.659346,8.422,False
2085,39.256169,-8.658269,8.932,False
2086,39.257763,-8.657191,9.524,False
2087,39.259356,-8.656114,7.649,False
2088,39.260949,-8.655036,8.94,False
2089,39.262543,-8.653959,8.571,False
2090,39.264136,-8.652881,7.428,False
2091,39.26573,-8.651804,8.086,False
2092,39.267323,-8.650726,8.963,False
2093,39.268917,-8.649649,10.188,False
2094,39.27051,-8.648571,9.147,False
2095,39.272103,-8.647494,12.861,False
2096,39.273697,-8.646416,11.685,False
2097,39.273018,-8.647485,16.226,False
2098,39.271905,-8.649304,15.675,False
2099,39.270973,-8.651291,10.788,False
2100,39.270051,-8.653286,14.186,False
2101,39.26913,-8.655282,10.228,False
2102,39.268207,-8.657276,10.204,False
2103,39.267282,-8.659269,10.322,False
2104,39.266215,-8.661134,10.161,False
2105,39.264926,-8.662753,9.616,False
2106,39.264021,-8.663736,11.54,False
2107,39.265089,-8.661866,10.136,False
2108,39.266158,-8.659997,10.352,False
2109,39.267226,-8.658128,9.581,False
2110,39.268294,-8.656259,9.715,False
2111,39.269362,-8.654389,11.914,False
2112,39.27043,-8.65252,13.177,False
2113,39.271498,-8.650651,11.542,False
2114,39.272566,-8.648782,21.75,False
2115,39.273635,-8.646913,11.908,False
2116,39.274716,-8.645324,11.241,False
2117,39.276003,-8.6437,13.094,False
2118,39.277289,-8.642076,17.53,False
2119,39.276612,-8.642932,15.047,False
2120,39.275326,-8.644556,12.334,False
2121,39.274049,-8.646191,11.765,False
2122,39.273022,-8.648097,21.007,False
2123,39.271994,-8.650004,14.822,False
2124,39.270966,-8.651911,11.658,False
2125,39.269938,-8.653817,14.383,False
2126,39.268911,-8.655724,9.801,False
2127,39.267883,-8.657631,10.146,False
2128,39.266855,-8.659538,10.301,False
2129,39.265828,-8.661444,10.844,False
2130,39.266121,-8.660987,10.453,False
2131,39.267218,-8.659145,10.351,False
2132,39.268314,-8.657303,10.045,False
2133,39.26941,-8.655461,9.874,False
2134,39.270506,-8.653619,16.243,False
2135,39.271602,-8.651777,9.545,False
2136,39.272699,-8.649935,21.945,False
2137,39.273795,-8.648093,18.073,False
2138,39.274891,-8.646251,11.337,False
2139,39.275987,-8.644409,12.981,False
2140,39.277083,-8.642567,17.607,False
2141,39.277032,-8.642453,16.985,False
2142,39.275791,-8.644135,12.836,False
2143,39.274551,-8.645817,11.378,False
2144,39.27331,-8.647498,16.421,False
2145,39.272069,-8.64918,17.5,False
2146,39.270828,-8.650862,11.059,False
2147,39.269588,-8.652544,10.9,False
2148,39.268347,-8.654226,9.944,False
2149,39.267106,-8.655908,9.104,False
2150,39.265865,-8.65759,8.728,False
2151,39.264625,-8.659272,9.277,False
2152,39.263384,-8.660954,9.437,False
2153,39.262143,-8.662636,8.76,False
2154,39.260902,-8.664318,7.907,False
2155,39.259662,-8.666,8.398,False
2156,39.258421,-8.667682,7.572,False
2157,39.25718,-8.669364,9.824,False
2158,39.255939,-8.671046,15.696,False
2159,39.254692,-8.672715,18.732,False
2160,39.252966,-8.673367,18.723,False
2161,39.251234,-8.673991,23.87,False
2162,39.249501,-8.674614,22.683,False
2163,39.247738,-8.675047,22.403,False
2164,39.24594,-8.67499,19.218,False
2165,39.244142,-8.674933,15.741,False
2166,39.242344,-8.674876,17.198,False
2167,39.240546,-8.674819,18.201,False
2168,39.238748,-8.674762,20.308,False
2169,39.236949,-8.674705,26.481,False
2170,39.235151,-8.674648,55.904,False
2171,39.233353,-8.674591,78.526,False
2172,39.231555,-8.674535,31.037,False
2173,39.230066,-8.675114,18.388,False
2174,39.228733,-8.676672,42.515,False
2175,39.2274,-8.678231,70.958,False
2176,39.226068,-8.67979,95.794,False
2177,39.224735,-8.681348,61.293,False
2178,39.223402,-8.682907,45.624,False
2179,39.222069,-8.684466,41.099,False
2180,39.220736,-8.686024,95.338,False
2181,39.219403,-8.687583,57.779,False
2182,39.21807,-8.689142,51.746,False
2183,39.216737,-8.6907,36.659,False
2184,39.215405,-8.692259,35.156,False
2185,39.214072,-8.693818,36.131,False
2186,39.212739,-8.695376,31.657,False
2187,39.211406,-8.696935,51.732,False
2188,39.210073,-8.698494,27.884,False
2189,39.20874,-8.700052,19.891,False
2190,39.207407,-8.701611,13.379,False
2191,39.206074,-8.703169,9.21,False
2192,39.204742,-8.704728,7.823,False
2193,39.203409,-8.706287,6.931,False
2194,39.202076,-8.707845,5.789,False
2195,39.200743,-8.709404,5.558,False
2196,39.19941,-8.710963,5.848,False
2197,39.198077,-8.712521,5.253,False
2198,39.196744,-8.71408,5.449,False
2199,39.195411,-8.715639,4.891,True
2200,39.194078,-8.717197,5.744,False
2201,39.192746,-8.718756,4.712,True
2202,39.191413,-8.720315,5.65,False
2203,39.19008,-8.721873,7.602,False
2204,39.188747,-8.723432,11.799,False
2205,39.189683,-8.723812,14.681,False
2206,39.19148,-8.723715,16.299,False
2207,39.193249,-8.723311,16.777,False
2208,39.194956,-8.722586,24.241,False
2209,39.196577,-8.721583,19.395,False
2210,39.198033,-8.720229,18.453,False
2211,39.199373,-8.71868,21.101,False
2212,39.20067,-8.717075,18.822,False
2213,39.20176,-8.715235,6.578,False
2214,39.202973,-8.713521,6.15,False
2215,39.204186,-8.711807,5.846,False
2216,39.205399,-8.710093,5.888,False
2217,39.206613,-8.70838,10.644,False
2218,39.207826,-8.706666,28.336,False
2219,39.209039,-8.704952,38.391,False
2220,39.210252,-8.703238,27.42,False
2221,39.211465,-8.701524,31.395,False
2222,39.212679,-8.69981,33.747,False
2223,39.213892,-8.698096,47.119,False
2224,39.215105,-8.696382,47.627,False
2225,39.216318,-8.694668,31.979,False
2226,39.217531,-8.692954,33.771,False
2227,39.218745,-8.69124,49.972,False
2228,39.219958,-8.689526,59.285,False
2229,39.221171,-8.687813,96.164,False
2230,39.222384,-8.686099,65.728,False
2231,39.223597,-8.684385,73.691,False
2232,39.22481,-8.682671,55.619,False
2233,39.226024,-8.680957,75.126,False
2234,39.227237,-8.679243,91.275,False
2235,39.22845,-8.677529,59.828,False
2236,39.229663,-8.675815,28.08,False
2237,39.23099,-8.674336,14.122,False
2238,39.232744,-8.673827,21.651,False
2239,39.234513,-8.673411,21.875,False
2240,39.236296,-8.673599,21.336,False
2241,39.237958,-8.674476,19.13,False
2242,39.239699,-8.675014,24.346,False
2243,39.241488,-8.675241,22.924,False
2244,39.241129,-8.676019,39.853,False
2245,39.239592,-8.677224,91.167,False
2246,39.238055,-8.678429,44.661,False
2247,39.236518,-8.679635,93.028,False
2248,39.234981,-8.68084,109.419,False
2249,39.233444,-8.682045,105.912,False
2250,39.231907,-8.68325,98.69,False
2251,39.23037,-8.684456,104.566,False
2252,39.228833,-8.685661,95.588,False
2253,39.227296,-8.686866,102.707,False
2254,39.225759,-8.688071,104.104,False
2255,39.224222,-8.689276,100.485,False
2256,39.222685,-8.690482,100.959,False
2257,39.221148,-8.691687,63.536,False
2258,39.219612,-8.692892,33.993,False
2259,39.218075,-8.694097,30.879,False
2260,39.216538,-8.695303,29.971,False
2261,39.215001,-8.696508,48.963,False
2262,39.213464,-8.697713,48.28,False
2263,39.211927,-8.698918,43.756,False
2264,39.21039,-8.700124,31.505,False
2265,39.208853,-8.701329,21.936,False
2266,39.207316,-8.702534,13.279,False
2267,39.205779,-8.703739,8.712,False
2268,39.204242,-8.704945,8.157,False
2269,39.202705,-8.70615,5.88,False
2270,39.201168,-8.707355,6.113,False
2271,39.199631,-8.70856,5.941,False
2272,39.198094,-8.709766,5.891,False
2273,39.196557,-8.710971,6.503,False
2274,39.19502,-8.712176,5.018,False
2275,39.193483,-8.713381,5.572,False
2276,39.191946,-8.714587,5.176,False
2277,39.190409,-8.715792,5.65,False
2278,39.188872,-8.716997,5.234,False
2279,39.187335,-8.718202,4.054,True
2280,39.185798,-8.719408,3.774,True
2281,39.184261,-8.720613,3.927,True
2282,39.182724,-8.721818,4.824,True
2283,39.181187,-8.723023,3.767,True
2284,39.17965,-8.724229,3.444,True
2285,39.178113,-8.725434,3.47,True
2286,39.176576,-8.726639,4.526,True
2287,39.175039,-8.727844,3.098,True
2288,39.173502,-8.72905,4.508,True
2289,39.171965,-8.730255,4.094,True
2290,39.170428,-8.73146,4.207,True
2291,39.168891,-8.732665,3.327,True
2292,39.167354,-8.733871,4.693,True
2293,39.165817,-8.735076,4.176,True
2294,39.16428,-8.736281,4.14,True
2295,39.162743,-8.737486,5.267,False
2296,39.161206,-8.738692,3.974,True
2297,39.159669,-8.739897,3.012,True
2298,39.158132,-8.741102,3.911,True
2299,39.156595,-8.742307,3.787,True
2300,39.155058,-8.743513,4.536,True
2301,39.153521,-8.744718,4.363,True
2302,39.151984,-8.745923,3.893,True
2303,39.150447,-8.747128,3.69,True
2304,39.14891,-8.748334,3.123,True
2305,39.147374,-8.749539,4.263,True
2306,39.145837,-8.750744,2.796,True
2307,39.1443,-8.751949,2.049,True
2308,39.142763,-8.753155,2.791,True
2309,39.141226,-8.75436,3.058,True
2310,39.139689,-8.755565,1.812,True
2311,39.138152,-8.75677,2.614,True
2312,39.136615,-8.757976,1.923,True
2313,39.135078,-8.759181,1.629,True
2314,39.133541,-8.760386,0.113,True
2315,39.132004,-8.761591,1.254,True
2316,39.130467,-8.762797,2.347,True
2317,39.12893,-8.764002,3.236,True
2318,39.127393,-8.765207,8.363,False
2319,39.125856,-8.766412,9.351,False
2320,39.124319,-8.767617,11.101,False
2321,39.122782,-8.768823,9.877,False
2322,39.121245,-8.770028,7.249,False
2323,39.121765,-8.769654,8.544,False
2324,39.123356,-8.768573,10.706,False
2325,39.124947,-8.767493,13.314,False
2326,39.126538,-8.766409,13.972,False
2327,39.128078,-8.765221,14.011,False
2328,39.129544,-8.763878,3.406,True
2329,39.131011,-8.762534,2.568,True
2330,39.132477,-8.761191,0.879,True
2331,39.133944,-8.759847,0.125,True
2332,39.13541,-8.758504,1.669,True
2333,39.136877,-8.75716,1.902,True
2334,39.138343,-8.755817,1.467,True
2335,39.139809,-8.754474,1.495,True
2336,39.141276,-8.75313,3.302,True
2337,39.142742,-8.751787,2.113,True
2338,39.144209,-8.750443,3.017,True
2339,39.145675,-8.7491,1.785,True
2340,39.147142,-8.747756,3.73,True
2341,39.148608,-8.746413,2.509,True
2342,39.150074,-8.745069,2.903,True
2343,39.151541,-8.743726,3.14,True
2344,39.153007,-8.742383,4.509,True
2345,39.154474,-8.741039,2.541,True
2346,39.15594,-8.739696,3.523,True
2347,39.157407,-8.738352,4.051,True
2348,39.158873,-8.737009,4.638,True
2349,39.160339,-8.735665,4.846,True
2350,39.161806,-8.734322,5.602,False
2351,39.163272,-8.732978,5.031,False
2352,39.164739,-8.731635,5.622,False
2353,39.166205,-8.730292,5.338,False
2354,39.167672,-8.728948,5.264,False
2355,39.169138,-8.727605,4.53,True
2356,39.170604,-8.726261,4.105,True
2357,39.172071,-8.724918,3.881,True
2358,39.173537,-8.723574,4.334,True
2359,39.175004,-8.722231,4.644,True
2360,39.17647,-8.720887,4.871,True
2361,39.177936,-8.719544,4.57,True
2362,39.179403,-8.7182,5.693,False
2363,39.180869,-8.716857,4.419,True
2364,39.182336,-8.715514,4.685,True
2365,39.183802,-8.71417,5.456,False
2366,39.185269,-8.712827,5.368,False
2367,39.186735,-8.711483,5.15,False
2368,39.188201,-8.71014,5.71,False
2369,39.189668,-8.708796,4.91,True
2370,39.191134,-8.707453,5.738,False
2371,39.192601,-8.706109,4.987,True
2372,39.194067,-8.704766,5.186,False
2373,39.195534,-8.703423,6.708,False
2374,39.197,-8.702079,7.061,False
2375,39.198466,-8.700736,8.87,False
2376,39.199933,-8.699392,9.457,False
2377,39.201399,-8.698049,7.171,False
2378,39.202866,-8.696705,6.845,False
2379,39.204332,-8.695362,8.536,False
2380,39.205799,-8.694018,8.472,False
2381,39.207265,-8.692675,7.539,False
2382,39.208731,-8.691332,7.717,False
2383,39.210198,-8.689988,10.933,False
2384,39.211664,-8.688645,16.933,False
2385,39.213131,-8.687301,29.67,False
2386,39.214597,-8.685958,26.553,False
2387,39.216063,-8.684614,17.652,False
2388,39.21753,-8.683271,16.171,False
2389,39.218999,-8.682193,24.121,False
2390,39.220596,-8.681125,32.32,False
2391,39.222193,-8.680057,67.134,False
2392,39.22379,-8.678989,74.089,False
2393,39.225387,-8.677921,53.73,False
2394,39.226984,-8.676854,32.24,False
2395,39.228581,-8.675786,19.378,False
2396,39.230179,-8.674718,14.719,False
2397,39.229683,-8.675659,25.513,False
2398,39.228463,-8.677365,56.168,False
2399,39.227244,-8.679071,89.506,False
2400,39.226024,-8.680777,79.411,False
2401,39.224804,-8.682484,53.069,False
2402,39.223585,-8.68419,71.175,False
2403,39.222365,-8.685896,60.983,False
2404,39.221146,-8.687603,97.961,False
2405,39.219926,-8.689309,59.528,False
2406,39.218706,-8.691015,54.304,False
2407,39.217487,-8.692721,34.165,False
2408,39.216267,-8.694428,32.588,False
2409,39.215047,-8.696134,46.989,False
2410,39.213828,-8.69784,49.897,False
2411,39.212608,-8.699547,35.087,False
2412,39.211388,-8.701253,32.385,False
2413,39.210169,-8.702959,28.39,False
2414,39.208949,-8.704665,37.2,False
2415,39.20773,-8.706372,29.959,False
2416,39.20651,-8.708078,11.792,False
2417,39.20529,-8.709784,5.943,False
2418,39.204071,-8.711491,5.929,False
2419,39.202851,-8.713197,6.46,False
2420,39.20171,-8.71498,8.144,False
2421,39.202042,-8.714759,7.7,False
2422,39.203255,-8.713044,5.42,False
2423,39.204467,-8.71133,5.651,False
2424,39.20568,-8.709615,6.133,False
2425,39.206892,-8.7079,13.904,False
2426,39.208105,-8.706186,35.224,False
2427,39.209318,-8.704471,35.677,False
2428,39.21053,-8.702756,29.196,False
2429,39.211743,-8.701041,33.362,False
2430,39.212955,-8.699327,32.281,False
2431,39.214168,-8.697612,53.211,False
2432,39.21538,-8.695897,43.565,False
2433,39.216593,-8.694183,30.847,False
2434,39.217805,-8.692468,34.322,False
2435,39.219018,-8.690753,56.893,False
2436,39.22023,-8.689039,66.411,False
2437,39.221443,-8.687324,99.215,False
2438,39.222655,-8.685609,53.121,False
2439,39.223868,-8.683895,72.106,False
2440,39.225081,-8.68218,52.796,False
2441,39.226293,-8.680465,86.717,False
2442,39.227506,-8.678751,82.312,False
2443,39.228718,-8.677036,51.889,False
2444,39.229931,-8.675321,20.658,False
2445,39.229702,-8.674868,14.698,False
2446,39.228107,-8.675939,19.211,False
2447,39.226402,-8.676663,24.482,False
2448,39.224651,-8.677191,24.259,False
2449,39.222937,-8.677889,26.122,False
2450,39.221258,-8.678723,20.074,False
2451,39.219752,-8.679977,17.079,False
2452,39.218553,-8.681693,19.839,False
2453,39.217633,-8.683684,17.456,False
2454,39.216646,-8.685625,23.539,False
2455,39.21566,-8.687566,42.123,False
2456,39.214673,-8.689507,47.352,False
2457,39.213687,-8.691448,34.294,False
2458,39.2127,-8.693389,29.889,False
2459,39.211714,-8.69533,41.695,False
2460,39.210727,-8.697271,41.013,False
2461,39.209741,-8.699212,25.607,False
2462,39.208754,-8.701153,20.551,False
2463,39.207768,-8.703094,17.441,False
2464,39.206781,-8.705035,16.73,False
2465,39.205795,-8.706976,11.528,False
2466,39.204808,-8.708917,6.671,False
2467,39.203822,-8.710858,6.338,False
2468,39.202835,-8.712799,6.459,False
2469,39.201849,-8.71474,8.131,False
2470,39.20086,-8.716679,15.328,False
2471,39.199613,-8.718343,21.5,False
2472,39.198274,-8.719893,18.574,False
2473,39.196857,-8.721316,19.095,False
2474,39.195257,-8.722372,23.605,False
2475,39.193565,-8.723155,17.663,False
2476,39.191806,-8.723626,16.564,False
2477,39.190011,-8.723756,14.347,False
2478,39.188488,-8.723653,12.839,False
2479,39.189659,-8.72189,5.347,False
2480,39.19083,-8.720128,4.459,True
2481,39.192,-8.718366,4.82,True
2482,39.193171,-8.716604,5.654,False
2483,39.194341,-8.714842,5.451,False
2484,39.195512,-8.71308,4.813,True
2485,39.196683,-8.711317,6.333,False
2486,39.197853,-8.709555,6.199,False
2487,39.199024,-8.707793,6.322,False
2488,39.200194,-8.706031,5.867,False
2489,39.201365,-8.704269,6.758,False
2490,39.202536,-8.702507,6.199,False
2491,39.203706,-8.700744,7.941,False
2492,39.204877,-8.698982,8.348,False
2493,39.206047,-8.69722,10.386,False
2494,39.207218,-8.695458,7.193,False
2495,39.208389,-8.693696,7.887,False
2496,39.209559,-8.691934,11.636,False
2497,39.21073,-8.690171,16.49,False
2498,39.210457,-8.691047,16.529,False
2499,39.209573,-8.693068,11.533,False
2500,39.208748,-8.695131,12.929,False
2501,39.207986,-8.697233,17.585,False
2502,39.207289,-8.699373,15.787,False
2503,39.206627,-8.701531,10.109,False
2504,39.205969,-8.703691,9.212,False
2505,39.205311,-8.705852,9.284,False
2506,39.204652,-8.708012,7.002,False
2507,39.20391,-8.710125,7.035,False
2508,39.20306,-8.712171,6.79,False
2509,39.202115,-8.714146,7.994,False
2510,39.200596,-8.715318,5.719,False
2511,39.198995,-8.716374,4.654,True
2512,39.197393,-8.717431,5.441,False
2513,39.195792,-8.718488,10.647,False
2514,39.19419,-8.719545,9.782,False
2515,39.192589,-8.720601,9.401,False
2516,39.190988,-8.721658,10.135,False
2517,39.189386,-8.722715,7.359,False
2518,39.187785,-8.723771,13.478,False
2519,39.186184,-8.724828,20.097,False
2520,39.184582,-8.725885,34.081,False
2521,39.182981,-8.726942,47.298,False
2522,39.18138,-8.727998,17.218,False
2523,39.180339,-8.729829,18.29,False
2524,39.179261,-8.731683,15.751,False
2525,39.178056,-8.733406,16.998,False
2526,39.176847,-8.735125,16.36,False
2527,39.175432,-8.736484,12.344,False
2528,39.173808,-8.737481,4.919,True
2529,39.172184,-8.738478,2.708,True
2530,39.17056,-8.739475,2.152,True
2531,39.168936,-8.740472,2.801,True
2532,39.167312,-8.741468,2.643,True
2533,39.165688,-8.742465,2.728,True
2534,39.164064,-8.743462,2.914,True
2535,39.16244,-8.744459,3.251,True
2536,39.160816,-8.745456,3.607,True
2537,39.159192,-8.746452,2.656,True
2538,39.157567,-8.747449,2.313,True
2539,39.155943,-8.748446,2.677,True
2540,39.154319,-8.749443,3.219,True
2541,39.152695,-8.75044,3.263,True
2542,39.151071,-8.751436,2.075,True
2543,39.149447,-8.752433,2.385,True
2544,39.147823,-8.75343,2.043,True
2545,39.146199,-8.754427,2.095,True
2546,39.144575,-8.755424,2.215,True
2547,39.142951,-8.75642,2.824,True
2548,39.141326,-8.757417,6.099,False
2549,39.139702,-8.758414,8.623,False
2550,39.138545,-8.759201,10.159,False
2551,39.14032,-8.758835,12.283,False
2552,39.142116,-8.758757,15.81,False
2553,39.14385,-8.758178,8.599,False
2554,39.145576,-8.757526,2.739,True
2555,39.147302,-8.756874,2.437,True
2556,39.149028,-8.756221,1.119,True
2557,39.150754,-8.755569,2.273,True
2558,39.15248,-8.754916,3.27,True
2559,39.154206,-8.754264,2.902,True
2560,39.155932,-8.753611,2.305,True
2561,39.157658,-8.752959,3.832,True
2562,39.159384,-8.752306,4.179,True
2563,39.16111,-8.751654,4.393,True
2564,39.162532,-8.751078,7.179,False
2565,39.160825,-8.751807,4.68,True
2566,39.159118,-8.752536,5.316,False
2567,39.15741,-8.753266,5.069,False
2568,39.155703,-8.753995,1.76,True
2569,39.153995,-8.754724,2.826,True
2570,39.152288,-8.755453,3.596,True
2571,39.15058,-8.756183,1.857,True
2572,39.148873,-8.756912,1.585,True
2573,39.147165,-8.757641,3.464,True
2574,39.145458,-8.75837,6.504,False
2575,39.144591,-8.758972,13.151,False
2576,39.146386,-8.759103,11.646,False
2577,39.148182,-8.759003,14.353,False
2578,39.149961,-8.758666,11.48,False
2579,39.151703,-8.758092,14.325,False
2580,39.153388,-8.757284,13.852,False
2581,39.155013,-8.756291,8.121,False
2582,39.15663,-8.755274,15.703,False
2583,39.158246,-8.754257,19.302,False
2584,39.159863,-8.753241,14.688,False
2585,39.161442,-8.752133,7.021,False
2586,39.162243,-8.75124,6.388,False
2587,39.160532,-8.751955,5.311,False
2588,39.158821,-8.75267,5.5,False
2589,39.15711,-8.753385,4.706,True
2590,39.155399,-8.7541,1.908,True
2591,39.153688,-8.754815,2.489,True
2592,39.151977,-8.755529,3.323,True
2593,39.150266,-8.756244,1.713,True
2594,39.148555,-8.756959,1.955,True
2595,39.146844,-8.757674,3.873,True
2596,39.145133,-8.758389,7.279,False
2597,39.143422,-8.759104,18.5,False
2598,39.14171,-8.759819,23.51,False
2599,39.139999,-8.760534,22.981,False
2600,39.138288,-8.761249,29.052,False
2601,39.136577,-8.761964,29.826,False
2602,39.134866,-8.762679,17.368,False
2603,39.133155,-8.763393,14.753,False
2604,39.131444,-8.764108,11.102,False
2605,39.129733,-8.764823,9.708,False
2606,39.128022,-8.765538,15.972,False
2607,39.128583,-8.765015,11.671,False
2608,39.130173,-8.763932,6.65,False
2609,39.131763,-8.762848,3.958,True
2610,39.133353,-8.761765,4.455,True
2611,39.134961,-8.760728,3.897,True
2612,39.136623,-8.75985,5.725,False
2613,39.138358,-8.759242,10.445,False
2614,39.140009,-8.758322,8.737,False
2615,39.14166,-8.757401,5.762,False
2616,39.143311,-8.756481,2.7,True
2617,39.144961,-8.75556,2.498,True
2618,39.146612,-8.75464,1.904,True
2619,39.148263,-8.753719,2.368,True
2620,39.149914,-8.752798,2.804,True
2621,39.151565,-8.751878,1.876,True
2622,39.153216,-8.750957,2.674,True
2623,39.154867,-8.750037,2.645,True
2624,39.156518,-8.749116,2.588,True
2625,39.158169,-8.748196,2.787,True
2626,39.15982,-8.747275,2.009,True
2627,39.161471,-8.746355,3.002,True
2628,39.163122,-8.745434,2.944,True
2629,39.164773,-8.744513,2.298,True
2630,39.166424,-8.743593,1.5,True
2631,39.168074,-8.742672,3.341,True
2632,39.169725,-8.741752,6.089,False
2633,39.171376,-8.740831,12.552,False
2634,39.173009,-8.739872,18.449,False
2635,39.174405,-8.738409,15.851,False
2636,39.175703,-8.736805,18.35,False
2637,39.176917,-8.735093,16.872,False
2638,39.178125,-8.733374,17.895,False
2639,39.179329,-8.73165,16.251,False
2640,39.1804,-8.729789,18.816,False
2641,39.180878,-8.728385,14.524,False
2642,39.179343,-8.729593,6.322,False
2643,39.177807,-8.7308,4.013,True
2644,39.176271,-8.732008,4.004,True
2645,39.174735,-8.733215,3.741,True
2646,39.1732,-8.734423,3.007,True
2647,39.171664,-8.73563,3.479,True
2648,39.170128,-8.736838,2.445,True
2649,39.168592,-8.738045,2.937,True
2650,39.167057,-8.739253,4.228,True
2651,39.165521,-8.74046,3.408,True
2652,39.163985,-8.741668,3.68,True
2653,39.162449,-8.742875,4.09,True
2654,39.160914,-8.744082,3.651,True
2655,39.159378,-8.74529,3.155,True
2656,39.157842,-8.746497,2.509,True
2657,39.156306,-8.747705,3.296,True
2658,39.154771,-8.748912,2.854,True
2659,39.153235,-8.75012,2.99,True
2660,39.151699,-8.751327,2.356,True
2661,39.150163,-8.752535,2.841,True
2662,39.148627,-8.753742,2.196,True
2663,39.147092,-8.75495,2.003,True
2664,39.145556,-8.756157,1.765,True
2665,39.14402,-8.757365,3.953,True
2666,39.142484,-8.758572,14.553,False
2667,39.140719,-8.758748,12.264,False
2668,39.138935,-8.759035,10.089,False
2669,39.13726,-8.759847,9.682,False
2670,39.135629,-8.760824,5.968,False
2671,39.133998,-8.761802,7.81,False
2672,39.132367,-8.762779,5.686,False
2673,39.130736,-8.763757,7.218,False
2674,39.129105,-8.764734,8.615,False
2675,39.127473,-8.765711,13.522,False
2676,39.125883,-8.766795,13.087,False
2677,39.124293,-8.767878,11.717,False
2678,39.122702,-8.76896,9.978,False
2679,39.121127,-8.770078,6.723,False
2680,39.121972,-8.769803,9.523,False
2681,39.123665,-8.76902,15.388,False
2682,39.125358,-8.768236,26.683,False
2683,39.12705,-8.767453,34.486,False
2684,39.128743,-8.76667,32.535,False
2685,39.130436,-8.765886,21.044,False
2686,39.132129,-8.765103,29.136,False
2687,39.133822,-8.76432,30.286,False
2688,39.135515,-8.763537,23.469,False
2689,39.137208,-8.762753,30.466,False
2690,39.138901,-8.76197,28.368,False
2691,39.140594,-8.761187,21.69,False
2692,39.142287,-8.760403,25.802,False
2693,39.14398,-8.75962,18.986,False
2694,39.145673,-8.758837,9.852,False
2695,39.147366,-8.758053,4.397,True
2696,39.149059,-8.75727,2.25,True
2697,39.150752,-8.756487,2.168,True
2698,39.152444,-8.755703,3.663,True
2699,39.154137,-8.75492,3.046,True
2700,39.15583,-8.754137,2.343,True
2701,39.157523,-8.753353,6.286,False
2702,39.159216,-8.75257,6.043,False
2703,39.160909,-8.751787,4.688,True
2704,39.162602,-8.751003,7.42,False
2705,39.161212,-8.752256,8.637,False
2706,39.159622,-8.753339,15.29,False
2707,39.158006,-8.754356,18.005,False
2708,39.156389,-8.755373,13.294,False
2709,39.154773,-8.756391,7.954,False
2710,39.153142,-8.757368,13.058,False
2711,39.151448,-8.758145,13.915,False
2712,39.149699,-8.758679,12.072,False
2713,39.147917,-8.758989,12.878,False
2714,39.14612,-8.759052,11.335,False
2715,39.144326,-8.758894,13.65,False
2716,39.14253,-8.758973,18.687,False
2717,39.140733,-8.759081,14.911,False
2718,39.138936,-8.759188,11.036,False
2719,39.137177,-8.75961,7.055,False
2720,39.135485,-8.760376,3.868,True
2721,39.133859,-8.761365,4.125,True
2722,39.132269,-8.762448,3.59,True
2723,39.130678,-8.76353,5.047,False
2724,39.129088,-8.764613,7.33,False
2725,39.127497,-8.765695,13.567,False
2726,39.125985,-8.766951,15.91,False
2727,39.124475,-8.76821,14.707,False
2728,39.122965,-8.76947,15.548,False
2729,39.121455,-8.770729,6.699,False
2730,39.119945,-8.771988,2.935,True
2731,39.118435,-8.773248,3.652,True
2732,39.116924,-8.774507,3.77,True
2733,39.115414,-8.775766,5.113,False
2734,39.116627,-8.774455,4.588,True
2735,39.1175,-8.773552,3.986,True
2736,39.116138,-8.775066,4.955,True
2737,39.114776,-8.77658,8.969,False
2738,39.113414,-8.778094,11.554,False
2739,39.112052,-8.779608,10.373,False
2740,39.11069,-8.781122,9.016,False
2741,39.109328,-8.782636,8.345,False
2742,39.107966,-8.78415,9.423,False
2743,39.106604,-8.785664,9.208,False
2744,39.105242,-8.787178,8.515,False
2745,39.10388,-8.788692,12.978,False
2746,39.102518,-8.790205,18.694,False
2747,39.101156,-8.791719,15.175,False
2748,39.100746,-8.792151,13.062,False
2749,39.102163,-8.790726,20.71,False
2750,39.103651,-8.789424,22.898,False
2751,39.105119,-8.788085,14.054,False
2752,39.10653,-8.786647,12.93,False
2753,39.107931,-8.785195,14.816,False
2754,39.109284,-8.783668,15.209,False
2755,39.110562,-8.782036,15.286,False
2756,39.111821,-8.780381,12.334,False
2757,39.113072,-8.778716,11.662,False
2758,39.114345,-8.777078,13.339,False
2759,39.115645,-8.775477,4.781,True
2760,39.117034,-8.774005,4.032,True
2761,39.116929,-8.774202,4.174,True
2762,39.115581,-8.775737,5.219,False
2763,39.114233,-8.777272,14.681,False
2764,39.114379,-8.777016,12.824,False
2765,39.115699,-8.775444,4.871,True
2766,39.11709,-8.773973,3.914,True
2767,39.118483,-8.772508,4.406,True
2768,39.119913,-8.771102,4.582,True
2769,39.119595,-8.771493,4.433,True
2770,39.118162,-8.772893,4.275,True
2771,39.116728,-8.774293,4.615,True
2772,39.11555,-8.775528,4.704,True
2773,39.116944,-8.774064,4.257,True
2774,39.117129,-8.773868,3.915,True
2775,39.115735,-8.775333,4.867,True
2776,39.114416,-8.776907,11.736,False
2777,39.113135,-8.778534,11.109,False
2778,39.111872,-8.780186,12.029,False
2779,39.110615,-8.781843,13.64,False
2780,39.109358,-8.783501,14.388,False
2781,39.108016,-8.785042,14.682,False
2782,39.106614,-8.786494,12.541,False
2783,39.105207,-8.787939,13.193,False
2784,39.103741,-8.789281,21.541,False
2785,39.102256,-8.790588,20.275,False
2786,39.100829,-8.791997,12.797,False
2787,39.101026,-8.791807,14.038,False
2788,39.102388,-8.790293,18.301,False
2789,39.10375,-8.788778,13.623,False
2790,39.105112,-8.787264,8.067,False
2791,39.106473,-8.78575,8.746,False
2792,39.107835,-8.784235,9.427,False
2793,39.109197,-8.782721,7.975,False
2794,39.110559,-8.781207,8.511,False
2795,39.11192,-8.779692,10.26,False
2796,39.113282,-8.778178,10.563,False
2797,39.114644,-8.776663,9.509,False
2798,39.116005,-8.775149,5.011,False
2799,39.117367,-8.773635,3.918,True
2800,39.116526,-8.77446,4.77,True
2801,39.117042,-8.773973,4.031,True
2802,39.118468,-8.772561,4.363,True
2803,39.119895,-8.771148,4.533,True
2804,39.119576,-8.771356,4.595,True
2805,39.118162,-8.772787,4.374,True
2806,39.116769,-8.774254,4.567,True
2807,39.115378,-8.775723,4.982,True
2808,39.114069,-8.777313,13.705,False
2809,39.114517,-8.776948,12.483,False
2810,39.115907,-8.775476,5.176,False
2811,39.117296,-8.774004,3.437,True
2812,39.118685,-8.772531,4.163,True
2813,39.120075,-8.771059,4.678,True
2814,39.121065,-8.770272,6.001,False
2815,39.122734,-8.769409,13.183,False
2816,39.124404,-8.768545,16.566,False
2817,39.126073,-8.767682,25.707,False
2818,39.127743,-8.766819,32.108,False
2819,39.129412,-8.765956,21.936,False
2820,39.131081,-8.765093,19.124,False
2821,39.132751,-8.76423,23.863,False
2822,39.13442,-8.763367,22.999,False
2823,39.13609,-8.762503,27.318,False
2824,39.137759,-8.76164,31.152,False
2825,39.139428,-8.760777,25.09,False
2826,39.141098,-8.759914,22.469,False
2827,39.142767,-8.759051,19.28,False
2828,39.143795,-8.75887,14.992,False
2829,39.142566,-8.758554,14.581,False
2830,39.14419,-8.757557,4.422,True
2831,39.145814,-8.756559,1.555,True
2832,39.147437,-8.755562,2.448,True
2833,39.149061,-8.754564,2.007,True
2834,39.150685,-8.753567,2.74,True
2835,39.152309,-8.752569,0.488,True
2836,39.153933,-8.751572,2.655,True
2837,39.155557,-8.750574,1.968,True
2838,39.157181,-8.749577,2.47,True
2839,39.158804,-8.748579,2.503,True
2840,39.160428,-8.747582,2.09,True
2841,39.162052,-8.746584,3.48,True
2842,39.163676,-8.745587,2.77,True
2843,39.1653,-8.744589,2.284,True
2844,39.166924,-8.743592,2.541,True
2845,39.168547,-8.742594,3.442,True
2846,39.170171,-8.741597,8.647,False
2847,39.171795,-8.740599,13.114,False
2848,39.172408,-8.740416,17.289,False
2849,39.170999,-8.741858,16.927,False
2850,39.169589,-8.743298,9.349,False
2851,39.168179,-8.744738,12.623,False
2852,39.166773,-8.746184,16.096,False
2853,39.165421,-8.747714,15.915,False
2854,39.164109,-8.749301,15.136,False
2855,39.162772,-8.750851,8.532,False
2856,39.163877,-8.749648,15.407,False
2857,39.165189,-8.748061,17.214,False
2858,39.166525,-8.746507,16.778,False
2859,39.167928,-8.745056,13.347,False
2860,39.169338,-8.743616,8.955,False
2861,39.170748,-8.742175,15.706,False
2862,39.172157,-8.740734,18.124,False
2863,39.173474,-8.739167,13.963,False
2864,39.174678,-8.737443,10.631,False
2865,39.175882,-8.735719,11.59,False
2866,39.177086,-8.733996,10.77,False
2867,39.17829,-8.732272,9.628,False
2868,39.179494,-8.730548,11.145,False
2869,39.180698,-8.728824,14.958,False
2870,39.181737,-8.726942,16.28,False
2871,39.182985,-8.725287,17.277,False
2872,39.184587,-8.724257,17.69,False
2873,39.186362,-8.723934,13.817,False
2874,39.188159,-8.723829,13.904,False
2875,39.186803,-8.723875,13.682,False
2876,39.185014,-8.724071,16.242,False
2877,39.183349,-8.72492,16.725,False
2878,39.181995,-8.72643,15.252,False
2879,39.181233,-8.72802,16.07,False
2880,39.182523,-8.726402,22.274,False
2881,39.183813,-8.724784,20.332,False
2882,39.185103,-8.723167,10.769,False
2883,39.186392,-8.721549,4.804,True
2884,39.187682,-8.719931,4.867,True
2885,39.188972,-8.718314,4.867,True
2886,39.190261,-8.716696,4.969,True
2887,39.191551,-8.715078,4.939,True
2888,39.192841,-8.71346,5.815,False
2889,39.194131,-8.711843,6.201,False
2890,39.19542,-8.710225,6.498,False
2891,39.19671,-8.708607,7.068,False
2892,39.198,-8.70699,7.368,False
2893,39.19929,-8.705372,6.038,False
2894,39.200579,-8.703754,5.871,False
2895,39.201869,-8.702136,6.627,False
2896,39.203159,-8.700519,8.217,False
2897,39.204449,-8.698901,8.268,False
2898,39.205738,-8.697283,9.937,False
2899,39.207028,-8.695666,7.593,False
2900,39.208318,-8.694048,7.832,False
2901,39.209608,-8.69243,11.835,False
2902,39.210897,-8.690812,20.648,False
2903,39.212187,-8.689195,29.631,False
2904,39.213477,-8.687577,40.206,False
2905,39.214766,-8.685959,28.214,False
2906,39.213547,-8.686325,22.914,False
2907,39.212106,-8.687692,15.798,False
2908,39.211097,-8.689607,17.795,False
2909,39.212738,-8.688837,37.722,False
2910,39.214422,-8.688021,53.984,False
2911,39.216106,-8.687204,36.349,False
2912,39.21779,-8.686388,25.731,False
2913,39.219474,-8.685572,64.7,False
2914,39.221157,-8.684755,58.598,False
2915,39.222841,-8.683939,47.79,False
2916,39.224525,-8.683122,61.623,False
2917,39.226209,-8.682306,70.106,False
2918,39.227893,-8.681489,65.815,False
2919,39.229576,-8.680673,86.15,False
2920,39.23126,-8.679856,102.332,False
2921,39.232944,-8.67904,73.286,False
2922,39.234628,-8.678223,99.466,False
2923,39.236312,-8.677407,61.416,False
2924,39.237995,-8.67659,30.85,False
2925,39.239679,-8.675774,51.458,False
2926,39.241363,-8.674957,19.01,False
2927,39.243047,-8.674141,8.53,False
2928,39.244731,-8.673324,8.027,False
2929,39.246414,-8.672508,8.069,False
2930,39.248098,-8.671691,6.118,False
2931,39.249782,-8.670875,6.59,False
2932,39.251466,-8.670058,6.464,False
2933,39.25315,-8.669242,5.352,False
2934,39.254833,-8.668425,7.45,False
2935,39.256517,-8.667609,7.225,False
2936,39.258201,-8.666792,6.946,False
2937,39.259885,-8.665976,8.984,False
2938,39.261569,-8.665159,11.487,False
2939,39.263252,-8.664343,12.332,False
2940,39.262974,-8.66509,16.615,False
2941,39.261653,-8.666667,18.746,False
2942,39.260336,-8.668249,20.105,False
2943,39.258966,-8.669751,22.296,False
2944,39.257435,-8.670967,22.085,False
2945,39.255863,-8.672097,22.116,False
2946,39.255221,-8.672518,19.513,False
2947,39.256825,-8.671471,24.559,False
2948,39.258381,-8.670307,23.35,False
2949,39.259821,-8.668921,20.576,False
2950,39.261142,-8.667345,18.82,False
2951,39.262461,-8.665765,21.445,False
2952,39.263782,-8.664188,12.513,False
2953,39.26521,-8.662775,9.382,False
2954,39.266644,-8.661373,8.739,False
2955,39.268079,-8.659971,8.979,False
2956,39.269514,-8.658569,8.719,False
2957,39.270949,-8.657166,11.775,False
2958,39.272383,-8.655764,22.92,False
2959,39.273818,-8.654362,12.884,False
2960,39.275253,-8.65296,13.896,False
2961,39.276688,-8.651557,28.067,False
2962,39.278122,-8.650155,30.419,False
2963,39.279557,-8.648753,19.068,False
2964,39.280992,-8.647351,11.413,False
2965,39.282427,-8.645948,11.466,False
2966,39.283861,-8.644546,19.866,False
2967,39.285296,-8.643144,36.847,False
2968,39.286731,-8.641742,63.236,False
2969,39.288166,-8.64034,64.49,False
2970,39.2896,-8.638937,68.213,False
2971,39.291035,-8.637535,66.455,False
2972,39.29247,-8.636133,41.617,False
2973,39.293905,-8.634731,31.849,False
2974,39.295339,-8.633328,29.659,False
2975,39.296774,-8.631926,35.253,False
2976,39.298209,-8.630524,30.087,False
2977,39.299644,-8.629122,34.018,False
2978,39.301078,-8.627719,41.805,False
2979,39.302513,-8.626317,42.114,False
2980,39.303948,-8.624915,40.151,False
2981,39.305383,-8.623513,41.505,False
2982,39.306818,-8.62211,41.799,False
2983,39.308252,-8.620708,50.3,False
2984,39.309687,-8.619306,56.195,False
2985,39.311122,-8.617904,60.744,False
2986,39.312557,-8.616502,54.177,False
2987,39.313991,-8.615099,48.622,False
2988,39.315426,-8.613697,39.87,False
2989,39.316861,-8.612295,26.843,False
2990,39.318296,-8.610893,35.265,False
2991,39.31973,-8.60949,43.299,False
2992,39.321165,-8.608088,31.063,False
2993,39.3226,-8.606686,30.031,False
2994,39.324035,-8.605284,52.058,False
2995,39.325469,-8.603881,78.314,False
2996,39.326904,-8.602479,86.499,False
2997,39.328339,-8.601077,88.964,False
2998,39.329774,-8.599675,90.118,False
2999,39.331208,-8.598272,89.867,False
3000,39.332643,-8.59687,88.333,False
3001,39.334078,-8.595468,75.633,False
3002,39.335513,-8.594066,67.363,False
3003,39.336947,-8.592663,52.312,False
3004,39.338382,-8.591261,14.053,False
3005,39.339817,-8.589859,8.632,False
3006,39.341252,-8.588457,9.77,False
3007,39.342686,-8.587055,11.1,False
3008,39.344121,-8.585652,17.82,False
3009,39.345556,-8.58425,23.209,False
3010,39.346991,-8.582848,32.773,False
3011,39.348425,-8.581446,28.363,False
3012,39.34986,-8.580043,32.681,False
3013,39.351295,-8.578641,37.159,False
3014,39.35273,-8.577239,47.435,False
3015,39.354164,-8.575837,53.222,False
3016,39.355599,-8.574434,41.035,False
3017,39.357034,-8.573032,24.515,False
3018,39.358469,-8.57163,38.249,False
3019,39.359903,-8.570228,42.42,False
3020,39.361338,-8.568825,37.591,False
3021,39.362773,-8.567423,46.297,False
3022,39.364208,-8.566021,45.518,False
3023,39.365643,-8.564619,41.712,False
3024,39.367077,-8.563217,34.3,False
3025,39.368512,-8.561814,27.603,False
3026,39.369947,-8.560412,25.242,False
3027,39.371382,-8.55901,31.938,False
3028,39.372816,-8.557608,24.911,False
3029,39.374251,-8.556205,26.017,False
3030,39.375686,-8.554803,26.938,False
3031,39.377121,-8.553401,20.559,False
3032,39.378555,-8.551999,19.256,False
3033,39.37999,-8.550596,18.629,False
3034,39.381425,-8.549194,17.761,False
3035,39.38286,-8.547792,14.235,False
3036,39.384294,-8.54639,15.845,False
3037,39.385729,-8.544987,14.968,False
3038,39.387164,-8.543585,14.136,False
3039,39.388775,-8.542583,17.688,False
3040,39.390481,-8.541846,19.984,False
3041,39.392191,-8.541123,20.38,False
3042,39.3939,-8.5404,22.428,False
3043,39.395611,-8.539679,23.14,False
3044,39.396698,-8.539174,23.858,False
3045,39.394989,-8.539898,22.82,False
3046,39.393279,-8.540621,21.686,False
3047,39.391569,-8.541342,19.957,False
3048,39.389859,-8.542063,20.722,False
3049,39.388164,-8.542839,15.814,False
3050,39.388481,-8.542886,15.995,False
3051,39.390221,-8.542295,18.481,False
3052,39.391961,-8.541705,18.833,False
3053,39.393701,-8.541115,23.124,False
3054,39.395441,-8.540525,24.935,False
3055,39.397181,-8.539935,27.094,False
3056,39.39892,-8.539345,27.075,False
3057,39.40066,-8.538755,17.257,False
3058,39.4024,-8.538165,16.794,False
3059,39.404015,-8.537168,22.868,False
3060,39.405371,-8.535641,21.135,False
3061,39.406736,-8.534125,29.431,False
3062,39.408101,-8.532609,26.404,False
3063,39.409466,-8.531093,21.527,False
3064,39.410831,-8.529577,21.813,False
3065,39.412196,-8.52806,27.334,False
3066,39.413561,-8.526544,30.426,False
3067,39.414927,-8.525028,27.929,False
3068,39.416292,-8.523512,24.601,False
3069,39.417657,-8.521996,27.967,False
3070,39.419022,-8.52048,18.877,False
3071,39.420387,-8.518963,14.673,False
3072,39.421752,-8.517447,13.903,False
3073,39.423117,-8.515931,13.574,False
3074,39.424482,-8.514415,15.729,False
3075,39.425848,-8.512899,17.307,False
3076,39.427213,-8.511383,16.921,False
3077,39.428578,-8.509866,23.645,False
3078,39.429943,-8.50835,28.195,False
3079,39.431308,-8.506834,27.834,False
3080,39.432673,-8.505318,29.856,False
3081,39.434038,-8.503802,27.069,False
3082,39.435404,-8.502286,27.682,False
3083,39.436769,-8.500769,28.91,False
3084,39.438134,-8.499253,28.278,False
3085,39.439499,-8.497737,29.903,False
3086,39.440864,-8.496221,29.646,False
3087,39.442229,-8.494705,29.35,False
3088,39.443594,-8.493189,29.749,False
3089,39.44496,-8.491673,28.009,False
3090,39.446325,-8.490156,29.34,False
3091,39.44769,-8.48864,31.003,False
3092,39.449055,-8.487124,31.072,False
3093,39.45042,-8.485608,30.801,False
3094,39.450053,-8.485953,30.951,False
3095,39.448652,-8.487412,30.756,False
3096,39.44725,-8.488873,30.587,False
3097,39.445848,-8.490332,29.14,False
3098,39.444446,-8.491791,28.701,False
3099,39.444414,-8.491829,28.774,False
3100,39.44582,-8.490377,29.088,False
3101,39.447227,-8.488925,30.527,False
3102,39.448633,-8.487473,30.747,False
3103,39.45004,-8.486021,30.975,False
3104,39.451446,-8.484568,32.31,False
3105,39.452852,-8.483116,32.154,False
3106,39.454259,-8.481664,31.942,False
3107,39.455665,-8.480212,31.629,False
3108,39.457072,-8.47876,32.85,False
3109,39.458478,-8.477308,32.621,False
3110,39.459884,-8.475855,33.743,False
3111,39.461291,-8.474403,34.588,False
3112,39.462697,-8.472951,33.916,False
3113,39.464104,-8.471499,34.086,False
3114,39.46551,-8.470047,34.405,False
3115,39.466942,-8.468645,37.77,False
3116,39.468641,-8.467896,35.487,False
3117,39.470377,-8.46729,33.586,False
3118,39.472114,-8.466682,33.912,False
3119,39.471505,-8.467088,32.858,False
3120,39.469835,-8.467953,36.089,False
3121,39.468165,-8.468818,39.703,False
3122,39.466495,-8.469683,36.124,False
3123,39.465214,-8.470255,33.965,False
3124,39.466648,-8.468854,36.944,False
3125,39.467521,-8.466834,34.223,False
3126,39.468359,-8.464773,27.615,False
3127,39.468787,-8.462586,24.694,False
3128,39.468424,-8.460312,29.54,False
3129,39.467842,-8.460865,26.156,False
3130,39.467261,-8.463071,20.434,False
3131,39.466681,-8.465276,29.465,False
3132,39.4661,-8.467481,35.346,False
3133,39.46552,-8.469686,35.083,False
3134,39.466488,-8.468787,36.497,False
3135,39.465004,-8.4701,33.991,False
3136,39.46352,-8.471413,34.478,False
3137,39.462037,-8.472726,34.684,False
3138,39.460553,-8.47404,35.63,False
3139,39.459069,-8.475353,34.669,False
3140,39.457585,-8.476666,32.954,False
3141,39.456101,-8.477979,33.074,False
3142,39.454617,-8.479293,34.565,False
3143,39.453133,-8.480606,31.162,False
3144,39.451649,-8.481919,32.497,False
3145,39.450166,-8.483232,32.314,False
3146,39.448682,-8.484546,32.953,False
3147,39.447198,-8.485859,29.858,False
3148,39.445714,-8.487172,29.231,False
3149,39.44423,-8.488485,27.468,False
3150,39.442746,-8.489799,28.099,False
3151,39.441262,-8.491112,28.044,False
3152,39.439778,-8.492425,28.446,False
3153,39.438294,-8.493738,27.006,False
3154,39.436811,-8.495052,24.392,False
3155,39.435327,-8.496365,24.188,False
3156,39.433843,-8.497678,26.817,False
3157,39.432359,-8.498991,28.611,False
3158,39.430875,-8.500305,30.503,False
3159,39.429391,-8.501618,29.505,False
3160,39.427907,-8.502931,19.995,False
3161,39.426423,-8.504244,16.799,False
3162,39.42494,-8.505557,17.838,False
3163,39.423456,-8.506871,16.905,False
3164,39.421972,-8.508184,15.49,False
3165,39.420488,-8.509497,16.727,False
3166,39.419004,-8.51081,14.894,False
3167,39.41752,-8.512124,14.519,False
3168,39.416036,-8.513437,14.836,False
3169,39.414552,-8.51475,13.759,False
3170,39.413069,-8.516063,13.965,False
3171,39.411585,-8.517377,13.781,False
3172,39.410101,-8.51869,14.356,False
3173,39.408617,-8.520003,14.191,False
3174,39.407133,-8.521316,13.969,False
3175,39.405649,-8.52263,13.711,False
3176,39.404165,-8.523943,12.715,False
3177,39.402681,-8.525256,11.777,False
3178,39.401198,-8.526569,11.82,False
3179,39.399714,-8.527883,11.707,False
3180,39.39823,-8.529196,12.292,False
3181,39.396746,-8.530509,12.045,False
3182,39.395262,-8.531822,11.115,False
3183,39.393778,-8.533136,13.16,False
3184,39.392294,-8.534449,10.291,False
3185,39.39081,-8.535762,11.593,False
3186,39.389327,-8.537075,12.578,False
3187,39.387843,-8.538388,16.611,False
3188,39.386359,-8.539702,16.424,False
3189,39.384875,-8.541015,19.206,False
3190,39.383391,-8.542328,19.155,False
3191,39.381907,-8.543641,21.562,False
3192,39.380423,-8.544955,18.346,False
3193,39.378939,-8.546268,16.896,False
3194,39.377456,-8.547581,20.076,False
3195,39.375972,-8.548894,16.528,False
3196,39.374488,-8.550208,16.181,False
3197,39.373004,-8.551521,15.991,False
3198,39.37152,-8.552834,18.064,False
3199,39.370036,-8.554147,18.617,False
3200,39.368552,-8.555461,19.263,False
3201,39.367068,-8.556774,18.584,False
3202,39.365585,-8.558087,16.308,False
3203,39.364101,-8.5594,15.634,False
3204,39.362617,-8.560714,16.294,False
3205,39.361133,-8.562027,14.744,False
3206,39.359649,-8.56334,12.877,False
3207,39.358165,-8.564653,12.722,False
3208,39.356681,-8.565967,14.861,False
3209,39.355197,-8.56728,12.653,False
3210,39.353714,-8.568593,10.34,False
3211,39.35223,-8.569906,11.63,False
3212,39.350746,-8.571219,11.151,False
3213,39.349262,-8.572533,12.048,False
3214,39.347778,-8.573846,11.009,False
3215,39.346294,-8.575159,10.188,False
3216,39.34481,-8.576472,11.652,False
3217,39.343326,-8.577786,10.904,False
3218,39.341843,-8.579099,11.455,False
3219,39.340359,-8.580412,10.984,False
3220,39.338875,-8.581725,10.703,False
3221,39.337391,-8.583039,10.676,False
3222,39.335907,-8.584352,10.61,False
3223,39.334423,-8.585665,10.861,False
3224,39.332939,-8.586978,10.267,False
3225,39.331455,-8.588292,10.784,False
3226,39.329972,-8.589605,10.473,False
3227,39.328488,-8.590918,10.212,False
3228,39.327004,-8.592231,16.707,False
3229,39.32552,-8.593545,17.755,False
3230,39.324036,-8.594858,11.893,False
3231,39.322552,-8.596171,10.23,False
3232,39.321068,-8.597484,10.134,False
3233,39.319584,-8.598798,9.534,False
3234,39.3181,-8.600111,9.194,False
3235,39.316617,-8.601424,9.854,False
3236,39.315133,-8.602737,9.209,False
3237,39.313649,-8.60405,10.394,False
3238,39.312165,-8.605364,13.761,False
3239,39.310681,-8.606677,25.016,False
3240,39.309197,-8.60799,36.43,False
3241,39.307713,-8.609303,35.417,False
3242,39.306229,-8.610617,32.354,False
3243,39.304746,-8.61193,26.776,False
3244,39.303262,-8.613243,24.036,False
3245,39.301778,-8.614556,35.948,False
3246,39.300294,-8.61587,48.069,False
3247,39.29881,-8.617183,71.478,False
3248,39.297326,-8.618496,62.947,False
3249,39.295842,-8.619809,50.312,False
3250,39.294358,-8.621123,46.872,False
3251,39.292875,-8.622436,44.398,False
3252,39.291391,-8.623749,47.561,False
3253,39.289907,-8.625062,47.583,False
3254,39.288423,-8.626376,44.707,False
3255,39.286939,-8.627689,35.371,False
3256,39.285455,-8.629002,24.675,False
3257,39.283971,-8.630315,12.433,False
3258,39.282487,-8.631629,11.646,False
3259,39.281004,-8.632942,11.437,False
3260,39.27952,-8.634255,10.742,False
3261,39.278036,-8.635568,10.946,False
3262,39.276552,-8.636881,10.868,False
3263,39.275068,-8.638195,11.059,False
3264,39.273584,-8.639508,10.91,False
3265,39.2721,-8.640821,10.307,False
3266,39.270616,-8.642134,10.941,False
3267,39.269133,-8.643448,9.903,False
3268,39.267649,-8.644761,9.555,False
3269,39.266165,-8.646074,10.327,False
3270,39.264681,-8.647387,10.371,False
3271,39.263197,-8.648701,9.971,False
3272,39.261713,-8.650014,9.004,False
3273,39.260229,-8.651327,9.056,False
3274,39.258745,-8.65264,9.548,False
3275,39.257262,-8.653954,8.765,False
3276,39.255778,-8.655267,9.211,False
3277,39.254294,-8.65658,8.954,False
3278,39.25281,-8.657893,8.959,False
3279,39.251326,-8.659207,7.278,False
3280,39.249842,-8.66052,9.538,False
3281,39.248358,-8.661833,8.563,False
3282,39.246874,-8.663146,7.64,False
3283,39.245391,-8.66446,8.006,False
3284,39.243907,-8.665773,7.072,False
3285,39.242423,-8.667086,7.581,False
3286,39.240939,-8.668399,7.77,False
3287,39.239455,-8.669712,8.725,False
3288,39.237971,-8.671026,7.961,False
3289,39.236487,-8.672339,11.309,False
3290,39.235003,-8.673652,28.557,False
3291,39.23352,-8.674965,91.41,False
3292,39.232036,-8.676279,50.633,False
3293,39.230552,-8.677592,80.126,False
3294,39.229068,-8.678905,92.803,False
3295,39.227584,-8.680218,80.332,False
3296,39.2261,-8.681532,65.469,False
3297,39.224616,-8.682845,57.334,False
3298,39.223132,-8.684158,57.042,False
3299,39.221649,-8.685471,66.774,False
3300,39.220165,-8.686785,91.06,False
3301,39.218681,-8.688098,42.179,False
3302,39.217197,-8.689411,44.253,False
3303,39.215713,-8.690724,36.002,False
3304,39.214229,-8.692038,38.652,False
3305,39.212745,-8.693351,30.432,False
3306,39.211261,-8.694664,35.342,False
3307,39.209777,-8.695977,28.907,False
3308,39.208294,-8.697291,21.824,False
3309,39.20681,-8.698604,10.838,False
3310,39.205326,-8.699917,6.848,False
3311,39.203842,-8.70123,7.194,False
3312,39.202358,-8.702544,6.234,False
3313,39.200874,-8.703857,5.87,False
3314,39.19939,-8.70517,6.334,False
3315,39.197906,-8.706483,7.267,False
3316,39.196423,-8.707796,7.235,False
3317,39.194939,-8.70911,6.394,False
3318,39.193455,-8.710423,6.452,False
3319,39.191971,-8.711736,4.355,True
3320,39.190487,-8.713049,4.795,True
3321,39.189003,-8.714363,3.961,True
3322,39.187519,-8.715676,4.315,True
3323,39.186035,-8.716989,4.494,True
3324,39.184552,-8.718302,3.096,True
3325,39.183068,-8.719616,3.904,True
3326,39.181584,-8.720929,4.628,True
3327,39.1801,-8.722242,4.407,True
3328,39.178616,-8.723555,4.581,True
3329,39.177132,-8.724869,3.944,True
3330,39.175648,-8.726182,4.72,True
3331,39.174164,-8.727495,3.649,True
3332,39.172681,-8.728808,5.268,False
3333,39.171197,-8.730122,4.117,True
3334,39.169713,-8.731435,3.243,True
3335,39.168229,-8.732748,4.692,True
3336,39.166745,-8.734061,4.115,True
3337,39.165261,-8.735375,4.42,True
3338,39.163777,-8.736688,3.925,True
3339,39.162293,-8.738001,4.765,True
3340,39.16081,-8.739314,4.226,True
3341,39.159326,-8.740627,3.768,True
3342,39.157842,-8.741941,3.456,True
3343,39.156358,-8.743254,3.257,True
3344,39.154874,-8.744567,3.755,True
3345,39.15339,-8.74588,3.899,True
3346,39.151906,-8.747194,3.842,True
3347,39.150422,-8.748507,2.297,True
3348,39.148939,-8.74982,2.951,True
3349,39.147455,-8.751133,3.116,True
3350,39.145971,-8.752447,2.28,True
3351,39.144487,-8.75376,2.067,True
3352,39.143003,-8.755073,2.299,True
3353,39.141519,-8.756386,1.326,True
3354,39.140035,-8.7577,5.051,False
3355,39.138551,-8.759013,9.424,False
3356,39.137068,-8.760326,13.079,False
3357,39.135584,-8.761639,14.996,False
3358,39.1341,-8.762953,16.358,False
3359,39.132616,-8.764266,22.839,False
3360,39.131132,-8.765579,23.123,False
3361,39.129648,-8.766892,32.032,False
3362,39.128164,-8.768206,37.014,False
3363,39.12668,-8.769519,29.729,False
3364,39.125197,-8.770832,18.38,False
3365,39.123713,-8.772145,3.296,True
3366,39.122229,-8.773458,3.035,True
3367,39.120745,-8.774772,6.218,False
3368,39.119261,-8.776085,5.412,False
3369,39.117777,-8.777398,8.076,False
3370,39.116293,-8.778711,14.842,False
3371,39.114809,-8.780025,21.709,False
3372,39.113326,-8.781338,33.2,False
3373,39.111842,-8.782651,33.946,False
3374,39.110358,-8.783964,31.291,False
3375,39.108874,-8.785278,26.785,False
3376,39.10739,-8.786591,16.488,False
3377,39.105906,-8.787904,18.72,False
3378,39.104422,-8.789217,24.324,False
3379,39.102938,-8.790531,27.491,False
3380,39.101455,-8.791844,18.683,False
3381,39.099971,-8.793157,12.049,False
3382,39.100474,-8.792476,12.722,False
3383,39.101831,-8.790955,18.948,False
3384,39.103188,-8.789434,18.255,False
3385,39.104545,-8.787913,7.94,False
3386,39.105903,-8.786393,9.629,False
3387,39.10726,-8.784872,10.329,False
3388,39.108617,-8.783351,7.906,False
3389,39.109975,-8.78183,7.785,False
3390,39.111332,-8.780309,8.663,False
3391,39.112689,-8.778788,8.978,False
3392,39.114047,-8.777267,13.098,False
3393,39.115404,-8.775746,5.058,False
3394,39.11698,-8.774652,3.479,True
3395,39.118598,-8.773637,3.203,True
3396,39.120215,-8.772622,2.314,True
3397,39.121832,-8.771607,4.283,True
3398,39.123449,-8.770592,11.408,False
3399,39.125067,-8.769578,27.947,False
3400,39.126684,-8.768563,33.022,False
3401,39.128301,-8.767548,40.222,False
3402,39.129918,-8.766533,26.515,False
3403,39.131535,-8.765519,25.679,False
3404,39.133153,-8.764504,31.132,False
3405,39.13477,-8.763489,23.331,False
3406,39.136387,-8.762474,30.229,False
3407,39.138004,-8.76146,30.294,False
3408,39.139622,-8.760445,23.601,False
3409,39.141239,-8.75943,19.831,False
3410,39.142918,-8.758805,16.949,False
3411,39.144485,-8.75779,4.851,True
3412,39.14601,-8.75656,1.833,True
3413,39.147535,-8.755329,2.403,True
3414,39.149059,-8.754098,2.061,True
3415,39.150584,-8.752868,2.831,True
3416,39.152109,-8.751637,2.229,True
3417,39.153634,-8.750406,3.065,True
3418,39.155158,-8.749176,2.544,True
3419,39.156683,-8.747945,3.051,True
3420,39.158208,-8.746714,2.791,True
3421,39.159732,-8.745484,2.611,True
3422,39.161257,-8.744253,3.225,True
3423,39.162782,-8.743022,4.106,True
3424,39.164306,-8.741792,3.539,True
3425,39.165831,-8.740561,3.606,True
3426,39.167356,-8.739331,4.022,True
3427,39.16888,-8.7381,2.862,True
3428,39.170405,-8.736869,2.405,True
3429,39.17193,-8.735639,3.213,True
3430,39.173455,-8.734408,3.298,True
3431,39.174979,-8.733177,3.615,True
3432,39.176504,-8.731947,3.773,True
3433,39.178029,-8.730716,4.106,True
3434,39.179553,-8.729485,7.398,False
3435,39.181078,-8.728255,15.608,False
3436,39.182603,-8.727024,34.546,False
3437,39.184127,-8.725793,35.933,False
3438,39.185652,-8.724563,18.678,False
3439,39.18731,-8.7239,14.368,False
3440,39.188854,-8.723148,9.623,False
3441,39.190025,-8.721386,5.431,False
3442,39.191196,-8.719624,4.693,True
3443,39.192367,-8.717863,5.119,False
3444,39.193538,-8.716101,5.539,False
3445,39.194709,-8.714339,5.044,False
3446,39.19588,-8.712577,4.873,True
3447,39.197051,-8.710816,6.842,False
3448,39.198222,-8.709054,6.026,False
3449,39.199393,-8.707292,6.288,False
3450,39.200563,-8.70553,5.903,False
3451,39.201734,-8.703769,6.189,False
3452,39.202905,-8.702007,6.251,False
3453,39.204076,-8.700245,7.624,False
3454,39.205247,-8.698483,8.012,False
3455,39.206418,-8.696721,10.664,False
3456,39.207589,-8.69496,6.946,False
3457,39.20876,-8.693198,8.13,False
3458,39.209931,-8.691436,13.453,False
3459,39.211102,-8.689674,18.209,False
3460,39.212108,-8.687757,16.154,False
3461,39.213542,-8.686378,23.551,False
3462,39.215246,-8.685652,27.129,False
3463,39.216895,-8.684764,19.365,False
3464,39.218043,-8.683005,17.329,False
3465,39.219709,-8.682319,26.27,False
3466,39.221457,-8.681767,45.391,False
3467,39.223204,-8.681215,55.063,False
3468,39.224951,-8.680663,80.361,False
3469,39.226698,-8.680112,92.39,False
3470,39.228445,-8.67956,83.829,False
3471,39.230192,-8.679008,99.991,False
3472,39.231939,-8.678456,69.186,False
3473,39.233686,-8.677904,88.88,False
3474,39.235433,-8.677352,87.289,False
3475,39.237181,-8.676801,33.385,False
3476,39.238928,-8.676249,56.131,False
3477,39.240675,-8.675697,37.592,False
3478,39.242431,-8.675235,20.596,False
3479,39.244229,-8.675202,17.575,False
3480,39.246028,-8.675162,21.536,False
3481,39.247808,-8.675035,22.36,False
3482,39.249168,-8.673514,11.286,False
3483,39.250528,-8.671994,8.688,False
3484,39.251888,-8.670474,7.353,False
3485,39.253248,-8.668954,5.241,False
3486,39.254608,-8.667434,7.961,False
3487,39.255969,-8.665914,6.787,False
3488,39.257329,-8.664394,7.733,False
3489,39.258689,-8.662873,7.83,False
3490,39.260049,-8.661353,7.946,False
3491,39.261409,-8.659833,8.415,False
3492,39.262769,-8.658313,8.348,False
3493,39.264129,-8.656793,9.069,False
3494,39.265489,-8.655273,9.492,False
3495,39.266849,-8.653752,9.169,False
3496,39.268209,-8.652232,9.816,False
3497,39.269569,-8.650712,9.732,False
3498,39.27093,-8.649192,10.158,False
3499,39.27229,-8.647672,14.731,False
3500,39.27365,-8.646152,11.681,False
3501,39.27501,-8.644632,11.954,False
3502,39.27637,-8.643111,14.2,False
3503,39.277728,-8.641588,18.053,False
3504,39.279015,-8.639966,16.927,False
3505,39.280301,-8.638341,23.015,False
3506,39.281656,-8.636818,23.128,False
3507,39.283285,-8.635863,23.882,False
3508,39.285044,-8.635396,26.402,False
3509,39.286824,-8.635061,28.645,False
3510,39.288604,-8.634727,33.612,False
3511,39.290384,-8.634392,35.075,False
3512,39.292164,-8.634057,28.817,False
3513,39.293943,-8.633722,26.485,False
3514,39.295723,-8.633387,32.33,False
3515,39.297503,-8.633053,36.558,False
3516,39.299283,-8.632718,38.159,False
3517,39.301063,-8.632383,38.056,False
3518,39.302843,-8.632048,38.63,False
3519,39.304623,-8.631714,42.926,False
3520,39.306403,-8.631379,48.438,False
3521,39.308183,-8.631044,46.533,False
3522,39.309962,-8.630709,47.013,False
3523,39.311742,-8.630374,51.143,False
3524,39.313522,-8.63004,49.179,False
3525,39.315298,-8.629678,50.787,False
3526,39.317066,-8.62925,48.208,False
3527,39.318834,-8.628822,47.856,False
3528,39.320609,-8.628445,46.581,False
3529,39.322315,-8.627907,48.291,False
3530,39.32374,-8.626489,54.248,False
3531,39.325166,-8.625071,57.538,False
3532,39.326592,-8.623653,55.703,False
3533,39.328017,-8.622235,58.351,False
3534,39.329443,-8.620817,53.867,False
3535,39.330868,-8.6194,49.574,False
3536,39.332294,-8.617982,45.686,False
3537,39.333719,-8.616564,50.204,False
3538,39.335145,-8.615146,49.765,False
3539,39.336571,-8.613728,45.716,False
3540,39.337996,-8.61231,45.064,False
3541,39.339422,-8.610892,41.584,False
3542,39.340847,-8.609474,39.366,False
3543,39.341835,-8.607756,26.691,False
3544,39.341951,-8.605435,23.721,False
3545,39.342215,-8.603136,15.158,False
3546,39.343384,-8.60148,9.014,False
3547,39.344762,-8.599985,8.612,False
3548,39.34614,-8.598489,10.866,False
3549,39.347518,-8.596994,18.972,False
3550,39.348897,-8.595498,27.833,False
3551,39.350275,-8.594003,40.589,False
3552,39.351653,-8.592507,49.073,False
3553,39.353031,-8.591012,64.433,False
3554,39.354409,-8.589516,75.752,False
3555,39.355787,-8.588021,88.471,False
3556,39.357165,-8.586525,87.252,False
3557,39.358544,-8.585029,86.176,False
3558,39.359922,-8.583534,64.273,False
3559,39.3613,-8.582038,49.369,False
3560,39.362678,-8.580543,37.857,False
3561,39.364056,-8.579047,39.843,False
3562,39.365434,-8.577552,41.544,False
3563,39.366813,-8.576056,44.517,False
3564,39.368191,-8.574561,43.021,False
3565,39.369569,-8.573065,38.98,False
3566,39.370947,-8.57157,35.451,False
3567,39.372325,-8.570074,44.051,False
3568,39.373703,-8.568579,56.682,False
3569,39.375082,-8.567083,68.482,False
3570,39.37646,-8.565588,62.898,False
3571,39.377838,-8.564092,69.469,False
3572,39.379216,-8.562596,72.128,False
3573,39.380594,-8.561101,71.012,False
3574,39.381972,-8.559605,39.284,False
3575,39.383351,-8.55811,42.94,False
3576,39.384729,-8.556614,35.197,False
3577,39.386107,-8.555119,42.744,False
3578,39.387485,-8.553623,40.437,False
3579,39.388863,-8.552128,38.215,False
3580,39.390241,-8.550632,35.131,False
3581,39.39162,-8.549137,32.101,False
3582,39.392998,-8.547641,34.026,False
3583,39.394376,-8.546146,32.063,False
3584,39.395754,-8.54465,37.976,False
3585,39.397132,-8.543155,35.981,False
3586,39.39851,-8.541659,37.827,False
3587,39.399888,-8.540163,27.664,False
3588,39.401267,-8.538668,16.433,False
3589,39.402645,-8.537172,16.056,False
3590,39.404023,-8.535677,15.456,False
3591,39.405401,-8.534181,16.518,False
3592,39.406779,-8.532686,21.253,False
3593,39.408157,-8.53119,21.078,False
3594,39.409536,-8.529695,23.586,False
3595,39.410914,-8.528199,25.086,False
3596,39.412292,-8.526704,27.769,False
3597,39.41367,-8.525208,28.294,False
3598,39.415048,-8.523713,22.739,False
3599,39.416426,-8.522217,25.985,False
3600,39.417805,-8.520722,24.6,False
3601,39.419183,-8.519226,15.541,False
3602,39.420561,-8.51773,15.273,False
3603,39.421939,-8.516235,15.37,False
3604,39.423317,-8.514739,14.982,False
3605,39.424695,-8.513244,15.508,False
3606,39.426074,-8.511748,16.873,False
3607,39.427452,-8.510253,21.683,False
3608,39.42883,-8.508757,24.54,False
3609,39.430208,-8.507262,28.984,False
3610,39.431586,-8.505766,28.794,False
3611,39.432964,-8.504271,29.864,False
3612,39.434342,-8.502775,27.58,False
3613,39.435721,-8.50128,27.272,False
3614,39.437099,-8.499784,27.191,False
3615,39.438477,-8.498289,27.682,False
3616,39.439855,-8.496793,30.77,False
3617,39.441233,-8.495297,27.781,False
3618,39.442611,-8.493802,29.301,False
3619,39.443994,-8.492313,29.442,False
3620,39.445398,-8.490857,28.906,False
3621,39.446802,-8.489401,29.894,False
3622,39.448203,-8.487941,30.78,False
3623,39.449605,-8.486481,31.727,False
3624,39.451004,-8.485018,31.062,False
3625,39.452378,-8.483514,33.044,False
3626,39.453752,-8.482011,31.706,False
3627,39.455125,-8.480507,31.33,False
3628,39.456499,-8.479003,32.814,False
3629,39.457873,-8.4775,32.739,False
3630,39.459247,-8.475996,33.161,False
3631,39.460625,-8.4745,35.109,False
3632,39.461161,-8.474091,35.029,False
3633,39.461256,-8.474318,34.722,False
3634,39.462269,-8.472798,34.341,False
3635,39.461588,-8.473646,34.733,False
3636,39.462983,-8.472596,33.955,False
3637,39.464598,-8.47157,34.128,False
3638,39.466213,-8.470544,35.002,False
3639,39.467828,-8.469518,39.169,False
3640,39.469443,-8.468492,37.118,False
3641,39.471058,-8.467467,32.91,False
3642,39.472617,-8.466468,34.066,False
3643,39.47088,-8.467072,32.789,False
3644,39.469143,-8.467676,34.73,False
3645,39.467416,-8.468322,38.291,False
3646,39.465908,-8.46956,35.842,False
3647,39.464532,-8.47106,34.184,False
3648,39.463157,-8.47256,33.953,False
3649,39.461781,-8.47406,34.618,False
3650,39.460405,-8.475561,33.921,False
3651,39.45903,-8.477061,32.502,False
3652,39.457654,-8.478561,32.726,False
3653,39.456278,-8.480061,32.683,False
3654,39.454903,-8.481562,32.31,False
3655,39.453527,-8.483062,31.789,False
3656,39.452151,-8.484562,32.908,False
3657,39.450776,-8.486063,30.315,False
3658,39.4494,-8.487563,31.302,False
3659,39.448024,-8.489063,30.534,False
3660,39.446649,-8.490563,28.868,False
3661,39.445273,-8.492064,27.875,False
3662,39.443897,-8.493564,30.408,False
3663,39.442522,-8.495064,29.956,False
3664,39.441146,-8.496565,28.895,False
3665,39.43977,-8.498065,30.227,False
3666,39.438395,-8.499565,28.202,False
3667,39.437019,-8.501065,27.904,False
3668,39.435643,-8.502566,28.326,False
3669,39.434268,-8.504066,26.605,False
3670,39.432892,-8.505566,29.897,False
3671,39.431516,-8.507066,27.438,False
3672,39.430141,-8.508567,28.222,False
3673,39.428765,-8.510067,23.678,False
3674,39.427389,-8.511567,16.934,False
3675,39.426013,-8.513068,18.089,False
3676,39.424638,-8.514568,16.047,False
3677,39.423262,-8.516068,13.774,False
3678,39.421886,-8.517568,13.948,False
3679,39.420511,-8.519069,14.675,False
3680,39.419135,-8.520569,19.574,False
3681,39.417759,-8.522069,27.855,False
3682,39.416384,-8.52357,24.748,False
3683,39.415008,-8.52507,27.895,False
3684,39.413632,-8.52657,30.594,False
3685,39.412257,-8.52807,27.412,False
3686,39.410881,-8.529571,21.898,False
3687,39.409505,-8.531071,21.465,False
3688,39.40813,-8.532571,26.267,False
3689,39.406754,-8.534071,29.338,False
3690,39.405378,-8.535572,20.876,False
3691,39.404025,-8.537102,22.676,False
3692,39.402442,-8.538179,16.848,False
3693,39.401056,-8.539663,17.979,False
3694,39.399671,-8.541147,33.902,False
3695,39.398285,-8.54263,39.272,False
3696,39.3969,-8.544114,40.406,False
3697,39.395515,-8.545598,36.068,False
3698,39.394129,-8.547082,31.836,False
3699,39.392744,-8.548565,35.79,False
3700,39.391358,-8.550049,37.07,False
3701,39.389973,-8.551533,40.024,False
3702,39.388587,-8.553017,43.25,False
3703,39.387202,-8.5545,45.047,False
3704,39.385816,-8.555984,38.909,False
3705,39.384431,-8.557468,37.0,False
3706,39.383045,-8.558952,45.654,False
3707,39.38166,-8.560435,48.638,False
3708,39.380274,-8.561919,79.894,False
3709,39.378889,-8.563403,73.689,False
3710,39.377503,-8.564887,70.928,False
3711,39.376118,-8.56637,65.273,False
3712,39.374733,-8.567854,66.637,False
3713,39.373347,-8.569338,51.817,False
3714,39.371962,-8.570822,40.472,False
3715,39.370576,-8.572305,34.241,False
3716,39.369191,-8.573789,42.512,False
3717,39.367805,-8.575273,43.967,False
3718,39.36642,-8.576757,44.259,False
3719,39.365034,-8.57824,39.727,False
3720,39.363649,-8.579724,38.545,False
3721,39.362263,-8.581208,39.797,False
3722,39.360878,-8.582692,51.803,False
3723,39.359492,-8.584175,72.052,False
3724,39.358107,-8.585659,87.335,False
3725,39.356722,-8.587143,85.189,False
3726,39.355336,-8.588627,84.036,False
3727,39.353951,-8.59011,71.492,False
3728,39.352565,-8.591594,58.809,False
3729,39.35118,-8.593078,42.55,False
3730,39.349794,-8.594562,37.286,False
3731,39.348409,-8.596045,21.645,False
3732,39.347023,-8.597529,17.773,False
3733,39.345638,-8.599013,8.056,False
3734,39.344252,-8.600497,8.259,False
3735,39.342867,-8.60198,11.206,False
3736,39.342052,-8.6039,19.406,False
3737,39.34187,-8.606212,25.922,False
3738,39.341751,-8.608531,25.535,False
3739,39.340325,-8.609948,40.365,False
3740,39.338898,-8.611364,44.29,False
3741,39.337471,-8.61278,44.733,False
3742,39.336045,-8.614196,48.533,False
3743,39.334618,-8.615612,49.983,False
3744,39.333192,-8.617028,47.356,False
3745,39.331765,-8.618445,46.821,False
3746,39.330338,-8.619861,50.634,False
3747,39.328912,-8.621277,57.371,False
3748,39.327485,-8.622693,55.721,False
3749,39.326059,-8.624109,56.645,False
3750,39.324632,-8.625526,57.365,False
3751,39.323205,-8.626942,51.523,False
3752,39.321734,-8.628217,47.309,False
3753,39.319952,-8.62853,45.629,False
3754,39.318181,-8.628933,49.045,False
3755,39.316413,-8.629362,49.545,False
3756,39.314645,-8.629789,49.527,False
3757,39.312865,-8.630118,50.56,False
3758,39.311085,-8.630453,49.296,False
3759,39.309305,-8.630788,47.049,False
3760,39.307525,-8.631123,47.456,False
3761,39.305745,-8.631458,46.817,False
3762,39.303965,-8.631793,41.382,False
3763,39.302186,-8.632128,37.313,False
3764,39.300406,-8.632463,38.024,False
3765,39.298626,-8.632798,37.317,False
3766,39.296846,-8.633133,36.101,False
3767,39.295066,-8.633468,28.02,False
3768,39.293286,-8.633803,27.134,False
3769,39.291506,-8.634138,33.056,False
3770,39.289726,-8.634473,32.847,False
3771,39.287947,-8.634808,32.918,False
3772,39.286167,-8.635143,26.525,False
3773,39.284387,-8.635478,25.349,False
3774,39.282653,-8.63608,22.372,False
3775,39.281125,-8.637284,24.789,False
3776,39.279826,-8.638891,20.49,False
3777,39.278537,-8.640511,17.185,False
3778,39.277223,-8.642097,17.164,False
3779,39.275863,-8.643617,12.761,False
3780,39.274503,-8.645138,11.317,False
3781,39.273143,-8.646658,11.4,False
3782,39.271784,-8.648179,13.866,False
3783,39.270424,-8.649699,9.728,False
3784,39.269064,-8.65122,9.753,False
3785,39.267704,-8.65274,9.166,False
3786,39.266344,-8.654261,9.532,False
3787,39.264984,-8.655781,9.093,False
3788,39.263624,-8.657302,9.142,False
3789,39.262264,-8.658822,7.738,False
3790,39.260905,-8.660343,8.047,False
3791,39.259545,-8.661863,7.799,False
3792,39.258185,-8.663384,7.856,False
3793,39.256825,-8.664904,7.522,False
3794,39.255465,-8.666425,7.273,False
3795,39.254105,-8.667945,5.857,False
3796,39.252745,-8.669466,6.085,False
3797,39.251386,-8.670986,8.125,False
3798,39.250026,-8.672507,9.134,False
3799,39.248666,-8.674027,12.8,False
3800,39.247163,-8.675094,22.584,False
3801,39.245364,-8.675123,19.432,False
3802,39.243566,-8.675141,16.664,False
3803,39.241771,-8.675103,20.598,False
3804,39.239991,-8.674773,18.172,False
3805,39.23821,-8.674443,18.005,False
3806,39.23643,-8.674113,26.382,False
3807,39.234649,-8.673783,33.298,False
3808,39.232875,-8.673747,20.978,False
3809,39.231119,-8.674244,13.322,False
3810,39.229482,-8.675184,18.085,False
3811,39.227885,-8.676251,23.626,False
3812,39.226288,-8.677319,41.834,False
3813,39.224691,-8.678387,63.582,False
3814,39.223094,-8.679455,76.944,False
3815,39.221497,-8.680523,50.733,False
3816,39.219899,-8.681591,27.951,False
3817,39.218302,-8.682659,18.507,False
3818,39.217173,-8.684414,18.084,False
3819,39.215598,-8.685482,26.323,False
3820,39.214161,-8.686754,36.969,False
3821,39.212893,-8.6884,37.873,False
3822,39.211626,-8.690046,26.542,False
3823,39.210358,-8.691692,17.099,False
3824,39.20909,-8.693339,10.012,False
3825,39.207822,-8.694985,7.023,False
3826,39.206554,-8.696631,10.353,False
3827,39.205286,-8.698277,7.995,False
3828,39.204018,-8.699923,7.7,False
3829,39.20275,-8.701569,6.355,False
3830,39.201482,-8.703216,5.801,False
3831,39.200215,-8.704862,6.853,False
3832,39.198947,-8.706508,6.211,False
3833,39.197679,-8.708154,6.242,False
3834,39.196411,-8.7098,6.844,False
3835,39.195143,-8.711446,5.426,False
3836,39.193875,-8.713092,5.198,False
3837,39.192607,-8.714739,5.259,False
3838,39.191339,-8.716385,4.904,True
3839,39.190071,-8.718031,5.008,False
3840,39.188803,-8.719677,5.327,False
3841,39.187536,-8.721323,4.342,True
3842,39.186268,-8.722969,8.822,False
3843,39.185,-8.724616,19.679,False
3844,39.183732,-8.726262,46.829,False
3845,39.182464,-8.727908,40.562,False
3846,39.181196,-8.729554,30.65,False
3847,39.179928,-8.7312,24.734,False
3848,39.17866,-8.732846,20.49,False
3849,39.177392,-8.734493,16.428,False
3850,39.17613,-8.736145,17.707,False
3851,39.174874,-8.737805,15.194,False
3852,39.173498,-8.739298,16.02,False
3853,39.171982,-8.740525,14.177,False
3854,39.170381,-8.741581,10.511,False
3855,39.168779,-8.742638,4.067,True
3856,39.167178,-8.743694,3.494,True
3857,39.165577,-8.74475,2.268,True
3858,39.163976,-8.745807,2.881,True
3859,39.162374,-8.746863,3.272,True
3860,39.160773,-8.747919,2.711,True
3861,39.159172,-8.748976,2.763,True
3862,39.15757,-8.750032,2.873,True
3863,39.155969,-8.751088,2.546,True
3864,39.154368,-8.752145,2.739,True
3865,39.152766,-8.753201,1.304,True
3866,39.151165,-8.754257,2.153,True
3867,39.149564,-8.755314,1.383,True
3868,39.147962,-8.75637,2.41,True
3869,39.146361,-8.757426,3.502,True
3870,39.14476,-8.758482,8.829,False
3871,39.143059,-8.758877,17.545,False
3872,39.141525,-8.760087,23.825,False
3873,39.139991,-8.761298,23.104,False
3874,39.138457,-8.762509,27.102,False
3875,39.136923,-8.76372,26.177,False
3876,39.135389,-8.764931,17.859,False
3877,39.133855,-8.766142,23.346,False
3878,39.132322,-8.767352,20.365,False
3879,39.130788,-8.768563,19.356,False
3880,39.129254,-8.769774,22.011,False
3881,39.12772,-8.770985,10.297,False
3882,39.126186,-8.772196,8.904,False
3883,39.124652,-8.773407,3.747,True
3884,39.123118,-8.774617,3.756,True
3885,39.121585,-8.775828,10.979,False
3886,39.120051,-8.777039,11.908,False
3887,39.118517,-8.77825,8.168,False
3888,39.116983,-8.779461,7.256,False
3889,39.115449,-8.780672,17.984,False
3890,39.113915,-8.781882,29.404,False
3891,39.112381,-8.783093,34.64,False
3892,39.110848,-8.784304,39.115,False
3893,39.109314,-8.785515,35.564,False
3894,39.10778,-8.786726,19.613,False
3895,39.106246,-8.787937,21.936,False
3896,39.104712,-8.789147,24.341,False
3897,39.103178,-8.790358,28.093,False
3898,39.101645,-8.791569,19.722,False
3899,39.100127,-8.792809,11.84,False
3900,39.1003,-8.792808,13.057,False
3901,39.101784,-8.791497,21.015,False
3902,39.103269,-8.790185,27.423,False
3903,39.104754,-8.788873,21.001,False
3904,39.106238,-8.787561,17.909,False
3905,39.107723,-8.78625,16.935,False
3906,39.109208,-8.784938,26.85,False
3907,39.110692,-8.783626,32.172,False
3908,39.112177,-8.782315,33.747,False
3909,39.113662,-8.781003,31.517,False
3910,39.115146,-8.779691,19.222,False
3911,39.116631,-8.778379,13.014,False
3912,39.118116,-8.777068,6.842,False
3913,39.1196,-8.775756,6.289,False
3914,39.121085,-8.774444,5.023,False
3915,39.12257,-8.773132,3.241,True
3916,39.124054,-8.771821,5.215,False
3917,39.125539,-8.770509,25.679,False
3918,39.127024,-8.769197,28.978,False
3919,39.128508,-8.767886,38.518,False
3920,39.129993,-8.766574,26.277,False
3921,39.131478,-8.765262,23.797,False
3922,39.132962,-8.76395,21.668,False
3923,39.134447,-8.762639,15.209,False
3924,39.135932,-8.761327,14.201,False
3925,39.137416,-8.760015,11.928,False
3926,39.138901,-8.758704,8.167,False
3927,39.140386,-8.757392,4.728,True
3928,39.141871,-8.75608,1.724,True
3929,39.143355,-8.754768,1.762,True
3930,39.14484,-8.753457,2.511,True
3931,39.146325,-8.752145,1.659,True
3932,39.147809,-8.750833,2.504,True
3933,39.149294,-8.749521,3.096,True
3934,39.150779,-8.74821,1.776,True
3935,39.152263,-8.746898,4.177,True
3936,39.153748,-8.745586,3.999,True
3937,39.155233,-8.744275,3.795,True
3938,39.156717,-8.742963,3.135,True
3939,39.158202,-8.741651,3.868,True
3940,39.159687,-8.740339,3.455,True
3941,39.161171,-8.739028,4.092,True
3942,39.162656,-8.737716,5.203,False
3943,39.164141,-8.736404,4.013,True
3944,39.165625,-8.735092,4.14,True
3945,39.16711,-8.733781,4.505,True
3946,39.168595,-8.732469,4.195,True
3947,39.170079,-8.731157,3.923,True
3948,39.171564,-8.729846,4.035,True
3949,39.173049,-8.728534,4.892,True
3950,39.174533,-8.727222,3.357,True
3951,39.176018,-8.72591,4.543,True
3952,39.177503,-8.724599,4.217,True
3953,39.178987,-8.723287,4.257,True
3954,39.180472,-8.721975,3.948,True
3955,39.181957,-8.720664,5.07,False
3956,39.183441,-8.719352,3.814,True
3957,39.184926,-8.71804,3.772,True
3958,39.186411,-8.716728,4.748,True
3959,39.187895,-8.715417,4.895,True
3960,39.18938,-8.714105,4.264,True
3961,39.190865,-8.712793,4.684,True
3962,39.192349,-8.711481,4.86,True
3963,39.193834,-8.71017,6.184,False
3964,39.195319,-8.708858,7.393,False
3965,39.196803,-8.707546,6.629,False
3966,39.198288,-8.706235,7.105,False
3967,39.199773,-8.704923,7.181,False
3968,39.201257,-8.703611,5.938,False
3969,39.202742,-8.702299,6.228,False
3970,39.204227,-8.700988,7.005,False
3971,39.205711,-8.699676,7.239,False
3972,39.207196,-8.698364,12.851,False
3973,39.208681,-8.697053,24.691,False
3974,39.210165,-8.695741,34.402,False
3975,39.21165,-8.694429,29.519,False
3976,39.213135,-8.693117,33.684,False
3977,39.214619,-8.691806,37.902,False
3978,39.216104,-8.690494,35.901,False
3979,39.217589,-8.689182,47.865,False
3980,39.219073,-8.68787,47.244,False
3981,39.220558,-8.686559,98.612,False
3982,39.222043,-8.685247,52.695,False
3983,39.223527,-8.683935,65.984,False
3984,39.225012,-8.682624,56.387,False
3985,39.226497,-8.681312,68.593,False
3986,39.227981,-8.68,79.771,False
3987,39.229466,-8.678688,97.541,False
3988,39.230951,-8.677377,64.794,False
3989,39.232435,-8.676065,68.037,False
3990,39.23392,-8.674753,83.88,False
3991,39.235405,-8.673441,23.904,False
3992,39.236889,-8.67213,11.144,False
3993,39.238374,-8.670818,7.274,False
3994,39.239859,-8.669506,8.674,False
3995,39.241343,-8.668195,7.746,False
3996,39.242828,-8.666883,6.899,False
3997,39.244313,-8.665571,7.663,False
3998,39.245797,-8.664259,7.264,False
3999,39.247282,-8.662948,8.525,False
4000,39.248767,-8.661636,8.133,False
4001,39.250251,-8.660324,9.175,False
4002,39.251736,-8.659013,7.098,False
4003,39.253221,-8.657701,9.15,False
4004,39.254705,-8.656389,9.501,False
4005,39.25619,-8.655077,9.052,False
4006,39.257675,-8.653766,8.883,False
4007,39.259159,-8.652454,8.911,False
4008,39.260644,-8.651142,9.102,False
4009,39.262129,-8.64983,9.939,False
4010,39.263613,-8.648519,9.38,False
4011,39.265098,-8.647207,10.236,False
4012,39.266583,-8.645895,10.391,False
4013,39.268067,-8.644584,10.189,False
4014,39.269552,-8.643272,10.319,False
4015,39.271037,-8.64196,10.868,False
4016,39.272521,-8.640648,10.13,False
4017,39.274006,-8.639337,11.319,False
4018,39.275491,-8.638025,11.079,False
4019,39.276975,-8.636713,11.144,False
4020,39.27846,-8.635402,11.214,False
4021,39.279945,-8.63409,10.794,False
4022,39.281429,-8.632778,11.751,False
4023,39.282914,-8.631466,11.237,False
4024,39.284399,-8.630155,13.572,False
4025,39.285883,-8.628843,27.087,False
4026,39.287368,-8.627531,35.668,False
4027,39.288853,-8.626219,47.702,False
4028,39.290337,-8.624908,49.073,False
4029,39.291822,-8.623596,48.361,False
4030,39.293307,-8.622284,42.978,False
4031,39.294791,-8.620973,45.454,False
4032,39.296276,-8.619661,50.777,False
4033,39.297761,-8.618349,66.527,False
4034,39.299245,-8.617037,70.028,False
4035,39.30073,-8.615726,48.579,False
4036,39.302215,-8.614414,36.572,False
4037,39.303699,-8.613102,33.333,False
4038,39.305184,-8.61179,36.46,False
4039,39.306669,-8.610479,37.752,False
4040,39.308153,-8.609167,40.438,False
4041,39.309638,-8.607855,39.598,False
4042,39.311123,-8.606544,24.188,False
4043,39.312607,-8.605232,14.231,False
4044,39.314092,-8.60392,10.359,False
4045,39.315577,-8.602608,9.131,False
4046,39.317061,-8.601297,10.195,False
4047,39.318546,-8.599985,9.028,False
4048,39.320031,-8.598673,9.897,False
4049,39.321515,-8.597362,10.746,False
4050,39.323,-8.59605,13.294,False
4051,39.324485,-8.594738,14.467,False
4052,39.325969,-8.593426,21.278,False
4053,39.327454,-8.592115,19.357,False
4054,39.328939,-8.590803,10.749,False
4055,39.330423,-8.589491,9.735,False
4056,39.331908,-8.588179,10.349,False
4057,39.333393,-8.586868,10.187,False
4058,39.334877,-8.585556,10.925,False
4059,39.336362,-8.584244,10.205,False
4060,39.337847,-8.582933,10.105,False
4061,39.339331,-8.581621,10.631,False
4062,39.340816,-8.580309,10.902,False
4063,39.342301,-8.578997,11.515,False
4064,39.343785,-8.577686,11.058,False
4065,39.34527,-8.576374,11.612,False
4066,39.346755,-8.575062,10.788,False
4067,39.348239,-8.57375,11.333,False
4068,39.349724,-8.572439,12.521,False
4069,39.351209,-8.571127,11.236,False
4070,39.352693,-8.569815,11.188,False
4071,39.354178,-8.568504,10.979,False
4072,39.355663,-8.567192,13.644,False
4073,39.357147,-8.56588,14.949,False
4074,39.358632,-8.564568,13.065,False
4075,39.360117,-8.563257,14.694,False
4076,39.361601,-8.561945,16.744,False
4077,39.363086,-8.560633,16.03,False
4078,39.364571,-8.559322,14.929,False
4079,39.366055,-8.55801,16.797,False
4080,39.36754,-8.556698,20.141,False
4081,39.369025,-8.555386,19.98,False
4082,39.370509,-8.554075,18.109,False
4083,39.371994,-8.552763,17.894,False
4084,39.373479,-8.551451,15.814,False
4085,39.374963,-8.550139,16.631,False
4086,39.376448,-8.548828,16.932,False
4087,39.377933,-8.547516,19.382,False
4088,39.379417,-8.546204,17.292,False
4089,39.380902,-8.544893,18.554,False
4090,39.382387,-8.543581,20.744,False
4091,39.383871,-8.542269,17.782,False
4092,39.385356,-8.540957,18.904,False
4093,39.386841,-8.539646,15.992,False
4094,39.388325,-8.538334,16.943,False
4095,39.38981,-8.537022,11.463,False
4096,39.391295,-8.535711,13.12,False
4097,39.392779,-8.534399,12.58,False
4098,39.394264,-8.533087,13.573,False
4099,39.395749,-8.531775,11.025,False
4100,39.397233,-8.530464,11.804,False
4101,39.398718,-8.529152,11.98,False
4102,39.400203,-8.52784,11.87,False
4103,39.401687,-8.526528,11.768,False
4104,39.403172,-8.525217,12.517,False
4105,39.404657,-8.523905,12.829,False
4106,39.406141,-8.522593,13.352,False
4107,39.407626,-8.521282,13.492,False
4108,39.409111,-8.51997,14.3,False
4109,39.410595,-8.518658,13.852,False
4110,39.41208,-8.517346,13.71,False
4111,39.413565,-8.516035,13.945,False
4112,39.415049,-8.514723,14.112,False
4113,39.416534,-8.513411,14.819,False
4114,39.418019,-8.512099,14.231,False
4115,39.419504,-8.510788,15.246,False
4116,39.420988,-8.509476,16.196,False
4117,39.422473,-8.508164,14.165,False
4118,39.423958,-8.506853,16.415,False
4119,39.425442,-8.505541,16.627,False
4120,39.426927,-8.504229,17.169,False
4121,39.428412,-8.502917,24.657,False
4122,39.429896,-8.501606,30.539,False
4123,39.431381,-8.500294,30.375,False
4124,39.432866,-8.498982,29.202,False
4125,39.43435,-8.497671,27.364,False
4126,39.435835,-8.496359,25.418,False
4127,39.43732,-8.495047,25.028,False
4128,39.438804,-8.493735,27.089,False
4129,39.440289,-8.492424,28.133,False
4130,39.441774,-8.491112,27.874,False
4131,39.443258,-8.4898,28.164,False
4132,39.444743,-8.488488,27.627,False
4133,39.446228,-8.487177,28.789,False
4134,39.447712,-8.485865,31.031,False
4135,39.449197,-8.484553,33.368,False
4136,39.450682,-8.483242,31.98,False
4137,39.452166,-8.48193,31.96,False
4138,39.453651,-8.480618,31.136,False
4139,39.455136,-8.479306,33.654,False
4140,39.45662,-8.477995,33.298,False
4141,39.458105,-8.476683,32.282,False
4142,39.45959,-8.475371,34.446,False
4143,39.461074,-8.47406,35.153,False
4144,39.462559,-8.472748,34.151,False
4145,39.464044,-8.471436,34.17,False
4146,39.464585,-8.470828,34.291,False
4147,39.465566,-8.469787,34.909,False
4148,39.465944,-8.469441,36.214,False
