section,lat,lon,elev_m,flood_zone
A — Sacavém / Bobadela → Vila Franca de Xira (~22 km),38.877251,-9.040933,-2.321,"Póvoa de Santa Iria (events: 2008, 2010, 2026)"
A — Sacavém / Bobadela → Vila Franca de Xira (~22 km),38.856501,-9.055981,-1.439,"Póvoa de Santa Iria (events: 2008, 2010, 2026)"
A — Sacavém / Bobadela → Vila Franca de Xira (~22 km),38.856892,-9.055698,-1.348,"Póvoa de Santa Iria (events: 2008, 2010, 2026)"
A — Sacavém / Bobadela → Vila Franca de Xira (~22 km),38.847496,-9.062512,-1.265,"Sacavém / Bobadela (events: 2008, 2014, 2026)"
A — Sacavém / Bobadela → Vila Franca de Xira (~22 km),38.878139,-9.043611,-1.256,"Póvoa de Santa Iria (events: 2008, 2010, 2026)"
A — Sacavém / Bobadela → Vila Franca de Xira (~22 km),38.87047,-9.046586,-1.251,"Póvoa de Santa Iria (events: 2008, 2010, 2026)"
A — Sacavém / Bobadela → Vila Franca de Xira (~22 km),38.847887,-9.062228,-1.211,"Sacavém / Bobadela (events: 2008, 2014, 2026)"
A — Sacavém / Bobadela → Vila Franca de Xira (~22 km),38.881181,-9.041144,-1.18,"Póvoa de Santa Iria (events: 2008, 2010, 2026)"
A — Sacavém / Bobadela → Vila Franca de Xira (~22 km),38.87686,-9.041216,-1.168,"Póvoa de Santa Iria (events: 2008, 2010, 2026)"
A — Sacavém / Bobadela → Vila Franca de Xira (~22 km),38.878232,-9.043733,-1.084,"Póvoa de Santa Iria (events: 2008, 2010, 2026)"
A — Sacavém / Bobadela → Vila Franca de Xira (~22 km),38.88195,-9.037525,-1.023,"Póvoa de Santa Iria (events: 2008, 2010, 2026)"
A — Sacavém / Bobadela → Vila Franca de Xira (~22 km),38.882868,-9.037208,-1.0,"Póvoa de Santa Iria (events: 2008, 2010, 2026)"
A — Sacavém / Bobadela → Vila Franca de Xira (~22 km),38.883256,-9.036915,-1.0,"Póvoa de Santa Iria (events: 2008, 2010, 2026)"
A — Sacavém / Bobadela → Vila Franca de Xira (~22 km),38.883643,-9.036622,-1.0,"Póvoa de Santa Iria (events: 2008, 2010, 2026)"
A — Sacavém / Bobadela → Vila Franca de Xira (~22 km),38.884031,-9.036329,-1.0,"Póvoa de Santa Iria (events: 2008, 2010, 2026)"
A — Sacavém / Bobadela → Vila Franca de Xira (~22 km),38.882733,-9.036957,-1.0,"Póvoa de Santa Iria (events: 2008, 2010, 2026)"
A — Sacavém / Bobadela → Vila Franca de Xira (~22 km),38.883124,-9.036673,-1.0,"Póvoa de Santa Iria (events: 2008, 2010, 2026)"
A — Sacavém / Bobadela → Vila Franca de Xira (~22 km),38.883516,-9.036389,-1.0,"Póvoa de Santa Iria (events: 2008, 2010, 2026)"
A — Sacavém / Bobadela → Vila Franca de Xira (~22 km),38.883907,-9.036106,-1.0,"Póvoa de Santa Iria (events: 2008, 2010, 2026)"
A — Sacavém / Bobadela → Vila Franca de Xira (~22 km),38.882341,-9.037241,-0.984,"Póvoa de Santa Iria (events: 2008, 2010, 2026)"
A — Sacavém / Bobadela → Vila Franca de Xira (~22 km),38.882481,-9.037501,-0.981,"Póvoa de Santa Iria (events: 2008, 2010, 2026)"
A — Sacavém / Bobadela → Vila Franca de Xira (~22 km),38.877444,-9.041311,-0.868,"Póvoa de Santa Iria (events: 2008, 2010, 2026)"
A — Sacavém / Bobadela → Vila Franca de Xira (~22 km),38.882094,-9.037794,-0.803,"Póvoa de Santa Iria (events: 2008, 2010, 2026)"
A — Sacavém / Bobadela → Vila Franca de Xira (~22 km),38.877643,-9.040649,-0.756,"Póvoa de Santa Iria (events: 2008, 2010, 2026)"
A — Sacavém / Bobadela → Vila Franca de Xira (~22 km),38.80907,-9.090701,-0.753,"Sacavém / Bobadela (events: 2008, 2014, 2026)"
A — Sacavém / Bobadela → Vila Franca de Xira (~22 km),38.870204,-9.046044,-0.712,"Póvoa de Santa Iria (events: 2008, 2010, 2026)"
A — Sacavém / Bobadela → Vila Franca de Xira (~22 km),38.881558,-9.037809,-0.7,"Póvoa de Santa Iria (events: 2008, 2010, 2026)"
A — Sacavém / Bobadela → Vila Franca de Xira (~22 km),38.881412,-9.041573,-0.692,"Póvoa de Santa Iria (events: 2008, 2010, 2026)"
A — Sacavém / Bobadela → Vila Franca de Xira (~22 km),38.87852,-9.043303,-0.686,"Póvoa de Santa Iria (events: 2008, 2010, 2026)"
A — Sacavém / Bobadela → Vila Franca de Xira (~22 km),38.822515,-9.084693,-0.623,"Sacavém / Bobadela (events: 2008, 2014, 2026)"
A — Sacavém / Bobadela → Vila Franca de Xira (~22 km),38.878212,-9.044001,-0.586,"Póvoa de Santa Iria (events: 2008, 2010, 2026)"
A — Sacavém / Bobadela → Vila Franca de Xira (~22 km),38.869812,-9.046327,-0.551,"Póvoa de Santa Iria (events: 2008, 2010, 2026)"
A — Sacavém / Bobadela → Vila Franca de Xira (~22 km),38.810465,-9.091555,-0.529,"Sacavém / Bobadela (events: 2008, 2014, 2026)"
A — Sacavém / Bobadela → Vila Franca de Xira (~22 km),38.884418,-9.036036,-0.508,"Póvoa de Santa Iria (events: 2008, 2010, 2026)"
A — Sacavém / Bobadela → Vila Franca de Xira (~22 km),38.822424,-9.084879,-0.502,"Sacavém / Bobadela (events: 2008, 2014, 2026)"
A — Sacavém / Bobadela → Vila Franca de Xira (~22 km),38.881561,-9.040836,-0.502,"Póvoa de Santa Iria (events: 2008, 2010, 2026)"
A — Sacavém / Bobadela → Vila Franca de Xira (~22 km),38.856109,-9.056265,-0.481,"Póvoa de Santa Iria (events: 2008, 2010, 2026)"
A — Sacavém / Bobadela → Vila Franca de Xira (~22 km),38.808735,-9.090622,-0.457,"Sacavém / Bobadela (events: 2008, 2014, 2026)"
A — Sacavém / Bobadela → Vila Franca de Xira (~22 km),38.847104,-9.062796,-0.45,"Sacavém / Bobadela (events: 2008, 2014, 2026)"
A — Sacavém / Bobadela → Vila Franca de Xira (~22 km),38.857284,-9.055414,-0.431,"Póvoa de Santa Iria (events: 2008, 2010, 2026)"
A — Sacavém / Bobadela → Vila Franca de Xira (~22 km),38.877057,-9.041604,-0.418,"Póvoa de Santa Iria (events: 2008, 2010, 2026)"
A — Sacavém / Bobadela → Vila Franca de Xira (~22 km),38.849845,-9.060809,-0.414,"Sacavém / Bobadela (events: 2008, 2014, 2026)"
A — Sacavém / Bobadela → Vila Franca de Xira (~22 km),38.822636,-9.08493,-0.349,"Sacavém / Bobadela (events: 2008, 2014, 2026)"
A — Sacavém / Bobadela → Vila Franca de Xira (~22 km),38.880801,-9.041452,-0.319,"Póvoa de Santa Iria (events: 2008, 2010, 2026)"
A — Sacavém / Bobadela → Vila Franca de Xira (~22 km),38.822836,-9.084648,-0.303,"Sacavém / Bobadela (events: 2008, 2014, 2026)"
A — Sacavém / Bobadela → Vila Franca de Xira (~22 km),38.884299,-9.035822,-0.3,"Póvoa de Santa Iria (events: 2008, 2010, 2026)"
A — Sacavém / Bobadela → Vila Franca de Xira (~22 km),38.822917,-9.084435,-0.271,"Sacavém / Bobadela (events: 2008, 2014, 2026)"
A — Sacavém / Bobadela → Vila Franca de Xira (~22 km),38.824073,-9.083958,-0.255,"Sacavém / Bobadela (events: 2008, 2014, 2026)"
A — Sacavém / Bobadela → Vila Franca de Xira (~22 km),38.808672,-9.090971,-0.253,"Sacavém / Bobadela (events: 2008, 2014, 2026)"
A — Sacavém / Bobadela → Vila Franca de Xira (~22 km),38.806047,-9.089523,-0.253,"Sacavém / Bobadela (events: 2008, 2014, 2026)"
A — Sacavém / Bobadela → Vila Franca de Xira (~22 km),38.848386,-9.06329,-0.233,"Sacavém / Bobadela (events: 2008, 2014, 2026)"
A — Sacavém / Bobadela → Vila Franca de Xira (~22 km),38.878605,-9.043721,-0.233,"Póvoa de Santa Iria (events: 2008, 2010, 2026)"
A — Sacavém / Bobadela → Vila Franca de Xira (~22 km),38.823722,-9.08392,-0.222,"Sacavém / Bobadela (events: 2008, 2014, 2026)"
A — Sacavém / Bobadela → Vila Franca de Xira (~22 km),38.881167,-9.038093,-0.208,"Póvoa de Santa Iria (events: 2008, 2010, 2026)"
A — Sacavém / Bobadela → Vila Franca de Xira (~22 km),38.870595,-9.04576,-0.208,"Póvoa de Santa Iria (events: 2008, 2010, 2026)"
A — Sacavém / Bobadela → Vila Franca de Xira (~22 km),38.822195,-9.085043,-0.186,"Sacavém / Bobadela (events: 2008, 2014, 2026)"
A — Sacavém / Bobadela → Vila Franca de Xira (~22 km),38.822338,-9.085192,-0.18,"Sacavém / Bobadela (events: 2008, 2014, 2026)"
A — Sacavém / Bobadela → Vila Franca de Xira (~22 km),38.878629,-9.043463,-0.158,"Póvoa de Santa Iria (events: 2008, 2010, 2026)"
A — Sacavém / Bobadela → Vila Franca de Xira (~22 km),38.823661,-9.084188,-0.152,"Sacavém / Bobadela (events: 2008, 2014, 2026)"
A — Sacavém / Bobadela → Vila Franca de Xira (~22 km),38.881809,-9.041304,-0.146,"Póvoa de Santa Iria (events: 2008, 2010, 2026)"
A — Sacavém / Bobadela → Vila Franca de Xira (~22 km),38.806487,-9.089406,-0.142,"Sacavém / Bobadela (events: 2008, 2014, 2026)"
A — Sacavém / Bobadela → Vila Franca de Xira (~22 km),38.822112,-9.084951,-0.121,"Sacavém / Bobadela (events: 2008, 2014, 2026)"
A — Sacavém / Bobadela → Vila Franca de Xira (~22 km),38.822779,-9.085075,-0.118,"Sacavém / Bobadela (events: 2008, 2014, 2026)"
A — Sacavém / Bobadela → Vila Franca de Xira (~22 km),38.848774,-9.062996,-0.103,"Sacavém / Bobadela (events: 2008, 2014, 2026)"
A — Sacavém / Bobadela → Vila Franca de Xira (~22 km),38.824124,-9.083662,-0.1,"Sacavém / Bobadela (events: 2008, 2014, 2026)"
A — Sacavém / Bobadela → Vila Franca de Xira (~22 km),38.881706,-9.038087,-0.086,"Póvoa de Santa Iria (events: 2008, 2010, 2026)"
A — Sacavém / Bobadela → Vila Franca de Xira (~22 km),38.809126,-9.090339,-0.077,"Sacavém / Bobadela (events: 2008, 2014, 2026)"
A — Sacavém / Bobadela → Vila Franca de Xira (~22 km),38.849936,-9.062117,-0.064,"Sacavém / Bobadela (events: 2008, 2014, 2026)"
A — Sacavém / Bobadela → Vila Franca de Xira (~22 km),38.844755,-9.0645,-0.062,"Sacavém / Bobadela (events: 2008, 2014, 2026)"
A — Sacavém / Bobadela → Vila Franca de Xira (~22 km),38.81001,-9.08847,-0.055,"Sacavém / Bobadela (events: 2008, 2014, 2026)"
A — Sacavém / Bobadela → Vila Franca de Xira (~22 km),38.850323,-9.061824,-0.05,"Sacavém / Bobadela (events: 2008, 2014, 2026)"
A — Sacavém / Bobadela → Vila Franca de Xira (~22 km),38.849453,-9.061092,-0.04,"Sacavém / Bobadela (events: 2008, 2014, 2026)"
A — Sacavém / Bobadela → Vila Franca de Xira (~22 km),38.846321,-9.063364,-0.04,"Sacavém / Bobadela (events: 2008, 2014, 2026)"
A — Sacavém / Bobadela → Vila Franca de Xira (~22 km),38.805607,-9.08964,-0.032,"Sacavém / Bobadela (events: 2008, 2014, 2026)"
A — Sacavém / Bobadela → Vila Franca de Xira (~22 km),38.806928,-9.089289,-0.027,"Sacavém / Bobadela (events: 2008, 2014, 2026)"
A — Sacavém / Bobadela → Vila Franca de Xira (~22 km),38.805877,-9.08921,-0.021,"Sacavém / Bobadela (events: 2008, 2014, 2026)"
A — Sacavém / Bobadela → Vila Franca de Xira (~22 km),38.809569,-9.088587,0.0,"Sacavém / Bobadela (events: 2008, 2014, 2026)"
A — Sacavém / Bobadela → Vila Franca de Xira (~22 km),38.809129,-9.088704,0.0,"Sacavém / Bobadela (events: 2008, 2014, 2026)"
A — Sacavém / Bobadela → Vila Franca de Xira (~22 km),38.947882,-8.991415,0.0,Alverca / Vila Franca (events: 2026)
A — Sacavém / Bobadela → Vila Franca de Xira (~22 km),38.949073,-8.9906,0.0,Alverca / Vila Franca (events: 2026)
A — Sacavém / Bobadela → Vila Franca de Xira (~22 km),38.949832,-8.990028,0.0,Alverca / Vila Franca (events: 2026)
A — Sacavém / Bobadela → Vila Franca de Xira (~22 km),38.949038,-8.990571,0.0,Alverca / Vila Franca (events: 2026)
A — Sacavém / Bobadela → Vila Franca de Xira (~22 km),38.947847,-8.991386,0.0,Alverca / Vila Franca (events: 2026)
A — Sacavém / Bobadela → Vila Franca de Xira (~22 km),38.806318,-9.089098,0.0,"Sacavém / Bobadela (events: 2008, 2014, 2026)"
A — Sacavém / Bobadela → Vila Franca de Xira (~22 km),38.806759,-9.088985,0.0,"Sacavém / Bobadela (events: 2008, 2014, 2026)"
A — Sacavém / Bobadela → Vila Franca de Xira (~22 km),38.8072,-9.088873,0.0,"Sacavém / Bobadela (events: 2008, 2014, 2026)"
A — Sacavém / Bobadela → Vila Franca de Xira (~22 km),38.807641,-9.08876,0.0,"Sacavém / Bobadela (events: 2008, 2014, 2026)"
A — Sacavém / Bobadela → Vila Franca de Xira (~22 km),38.808082,-9.088647,0.0,"Sacavém / Bobadela (events: 2008, 2014, 2026)"
A — Sacavém / Bobadela → Vila Franca de Xira (~22 km),38.808523,-9.088535,0.0,"Sacavém / Bobadela (events: 2008, 2014, 2026)"
A — Sacavém / Bobadela → Vila Franca de Xira (~22 km),38.808964,-9.088422,0.0,"Sacavém / Bobadela (events: 2008, 2014, 2026)"
A — Sacavém / Bobadela → Vila Franca de Xira (~22 km),38.809405,-9.088309,0.0,"Sacavém / Bobadela (events: 2008, 2014, 2026)"
A — Sacavém / Bobadela → Vila Franca de Xira (~22 km),38.809846,-9.088197,0.0,"Sacavém / Bobadela (events: 2008, 2014, 2026)"
A — Sacavém / Bobadela → Vila Franca de Xira (~22 km),38.810287,-9.088084,0.0,"Sacavém / Bobadela (events: 2008, 2014, 2026)"
B — Vila Franca de Xira → Azambuja (~28 km),39.027913,-8.919131,0.0,"Castanheira / Azambuja (events: 2022, 2026)"
B — Vila Franca de Xira → Azambuja (~28 km),39.027584,-8.919525,0.0,"Castanheira / Azambuja (events: 2022, 2026)"
B — Vila Franca de Xira → Azambuja (~28 km),39.027255,-8.91992,0.0,"Castanheira / Azambuja (events: 2022, 2026)"
B — Vila Franca de Xira → Azambuja (~28 km),39.026926,-8.920314,0.0,"Castanheira / Azambuja (events: 2022, 2026)"
B — Vila Franca de Xira → Azambuja (~28 km),39.026597,-8.920709,0.0,"Castanheira / Azambuja (events: 2022, 2026)"
B — Vila Franca de Xira → Azambuja (~28 km),39.026268,-8.921103,0.0,"Castanheira / Azambuja (events: 2022, 2026)"
B — Vila Franca de Xira → Azambuja (~28 km),39.025939,-8.921497,0.0,"Castanheira / Azambuja (events: 2022, 2026)"
B — Vila Franca de Xira → Azambuja (~28 km),39.025609,-8.921892,0.0,"Castanheira / Azambuja (events: 2022, 2026)"
B — Vila Franca de Xira → Azambuja (~28 km),39.02528,-8.922286,0.0,"Castanheira / Azambuja (events: 2022, 2026)"
B — Vila Franca de Xira → Azambuja (~28 km),39.024951,-8.92268,0.0,"Castanheira / Azambuja (events: 2022, 2026)"
B — Vila Franca de Xira → Azambuja (~28 km),39.024622,-8.923075,0.0,"Castanheira / Azambuja (events: 2022, 2026)"
B — Vila Franca de Xira → Azambuja (~28 km),39.024293,-8.923469,0.0,"Castanheira / Azambuja (events: 2022, 2026)"
B — Vila Franca de Xira → Azambuja (~28 km),39.023964,-8.923864,0.0,"Castanheira / Azambuja (events: 2022, 2026)"
B — Vila Franca de Xira → Azambuja (~28 km),39.023635,-8.924258,0.0,"Castanheira / Azambuja (events: 2022, 2026)"
B — Vila Franca de Xira → Azambuja (~28 km),39.023306,-8.924652,0.0,"Castanheira / Azambuja (events: 2022, 2026)"
B — Vila Franca de Xira → Azambuja (~28 km),39.022976,-8.925047,0.0,"Castanheira / Azambuja (events: 2022, 2026)"
B — Vila Franca de Xira → Azambuja (~28 km),39.022647,-8.925441,0.0,"Castanheira / Azambuja (events: 2022, 2026)"
B — Vila Franca de Xira → Azambuja (~28 km),39.022318,-8.925835,0.0,"Castanheira / Azambuja (events: 2022, 2026)"
B — Vila Franca de Xira → Azambuja (~28 km),39.021989,-8.92623,0.0,"Castanheira / Azambuja (events: 2022, 2026)"
B — Vila Franca de Xira → Azambuja (~28 km),39.02166,-8.926624,0.0,"Castanheira / Azambuja (events: 2022, 2026)"
B — Vila Franca de Xira → Azambuja (~28 km),39.021331,-8.927019,0.0,"Castanheira / Azambuja (events: 2022, 2026)"
B — Vila Franca de Xira → Azambuja (~28 km),39.021002,-8.927413,0.0,"Castanheira / Azambuja (events: 2022, 2026)"
B — Vila Franca de Xira → Azambuja (~28 km),39.020672,-8.927807,0.0,"Castanheira / Azambuja (events: 2022, 2026)"
B — Vila Franca de Xira → Azambuja (~28 km),39.020343,-8.928202,0.0,"Castanheira / Azambuja (events: 2022, 2026)"
B — Vila Franca de Xira → Azambuja (~28 km),39.020014,-8.928596,0.0,"Castanheira / Azambuja (events: 2022, 2026)"
B — Vila Franca de Xira → Azambuja (~28 km),39.019685,-8.928991,0.0,"Castanheira / Azambuja (events: 2022, 2026)"
B — Vila Franca de Xira → Azambuja (~28 km),39.019356,-8.929385,0.0,"Castanheira / Azambuja (events: 2022, 2026)"
B — Vila Franca de Xira → Azambuja (~28 km),39.019027,-8.929779,0.0,"Castanheira / Azambuja (events: 2022, 2026)"
B — Vila Franca de Xira → Azambuja (~28 km),39.018698,-8.930174,0.0,"Castanheira / Azambuja (events: 2022, 2026)"
B — Vila Franca de Xira → Azambuja (~28 km),39.018369,-8.930568,0.0,"Castanheira / Azambuja (events: 2022, 2026)"
B — Vila Franca de Xira → Azambuja (~28 km),39.018039,-8.930962,0.0,"Castanheira / Azambuja (events: 2022, 2026)"
B — Vila Franca de Xira → Azambuja (~28 km),39.01771,-8.931357,0.0,"Castanheira / Azambuja (events: 2022, 2026)"
B — Vila Franca de Xira → Azambuja (~28 km),39.017381,-8.931751,0.0,"Castanheira / Azambuja (events: 2022, 2026)"
B — Vila Franca de Xira → Azambuja (~28 km),39.017052,-8.932146,0.0,"Castanheira / Azambuja (events: 2022, 2026)"
B — Vila Franca de Xira → Azambuja (~28 km),39.016723,-8.93254,0.0,"Castanheira / Azambuja (events: 2022, 2026)"
B — Vila Franca de Xira → Azambuja (~28 km),39.016394,-8.932934,0.0,"Castanheira / Azambuja (events: 2022, 2026)"
B — Vila Franca de Xira → Azambuja (~28 km),39.016065,-8.933329,0.0,"Castanheira / Azambuja (events: 2022, 2026)"
B — Vila Franca de Xira → Azambuja (~28 km),39.015735,-8.933723,0.0,"Castanheira / Azambuja (events: 2022, 2026)"
B — Vila Franca de Xira → Azambuja (~28 km),39.015406,-8.934118,0.0,"Castanheira / Azambuja (events: 2022, 2026)"
B — Vila Franca de Xira → Azambuja (~28 km),39.015077,-8.934512,0.0,"Castanheira / Azambuja (events: 2022, 2026)"
B — Vila Franca de Xira → Azambuja (~28 km),39.014748,-8.934906,0.0,"Castanheira / Azambuja (events: 2022, 2026)"
B — Vila Franca de Xira → Azambuja (~28 km),39.014419,-8.935301,0.0,"Castanheira / Azambuja (events: 2022, 2026)"
B — Vila Franca de Xira → Azambuja (~28 km),39.01409,-8.935695,0.0,"Castanheira / Azambuja (events: 2022, 2026)"
B — Vila Franca de Xira → Azambuja (~28 km),39.013761,-8.936089,0.0,"Castanheira / Azambuja (events: 2022, 2026)"
B — Vila Franca de Xira → Azambuja (~28 km),39.013432,-8.936484,0.0,"Castanheira / Azambuja (events: 2022, 2026)"
B — Vila Franca de Xira → Azambuja (~28 km),39.013102,-8.936878,0.0,"Castanheira / Azambuja (events: 2022, 2026)"
B — Vila Franca de Xira → Azambuja (~28 km),39.012773,-8.937273,0.0,"Castanheira / Azambuja (events: 2022, 2026)"
B — Vila Franca de Xira → Azambuja (~28 km),39.012444,-8.937667,0.0,"Castanheira / Azambuja (events: 2022, 2026)"
B — Vila Franca de Xira → Azambuja (~28 km),39.012115,-8.938061,0.0,"Castanheira / Azambuja (events: 2022, 2026)"
B — Vila Franca de Xira → Azambuja (~28 km),39.011786,-8.938456,0.0,"Castanheira / Azambuja (events: 2022, 2026)"
B — Vila Franca de Xira → Azambuja (~28 km),39.011457,-8.93885,0.0,"Castanheira / Azambuja (events: 2022, 2026)"
B — Vila Franca de Xira → Azambuja (~28 km),39.011128,-8.939244,0.0,"Castanheira / Azambuja (events: 2022, 2026)"
B — Vila Franca de Xira → Azambuja (~28 km),39.010799,-8.939639,0.0,"Castanheira / Azambuja (events: 2022, 2026)"
B — Vila Franca de Xira → Azambuja (~28 km),39.010469,-8.940033,0.0,"Castanheira / Azambuja (events: 2022, 2026)"
B — Vila Franca de Xira → Azambuja (~28 km),39.01014,-8.940428,0.0,"Castanheira / Azambuja (events: 2022, 2026)"
B — Vila Franca de Xira → Azambuja (~28 km),39.009811,-8.940822,0.0,"Castanheira / Azambuja (events: 2022, 2026)"
B — Vila Franca de Xira → Azambuja (~28 km),39.012173,-8.939126,0.0,"Castanheira / Azambuja (events: 2022, 2026)"
B — Vila Franca de Xira → Azambuja (~28 km),39.012498,-8.938726,0.0,"Castanheira / Azambuja (events: 2022, 2026)"
B — Vila Franca de Xira → Azambuja (~28 km),39.012823,-8.938326,0.0,"Castanheira / Azambuja (events: 2022, 2026)"
B — Vila Franca de Xira → Azambuja (~28 km),39.013148,-8.937925,0.0,"Castanheira / Azambuja (events: 2022, 2026)"
B — Vila Franca de Xira → Azambuja (~28 km),39.013473,-8.937525,0.0,"Castanheira / Azambuja (events: 2022, 2026)"
B — Vila Franca de Xira → Azambuja (~28 km),39.013797,-8.937125,0.0,"Castanheira / Azambuja (events: 2022, 2026)"
B — Vila Franca de Xira → Azambuja (~28 km),39.014122,-8.936725,0.0,"Castanheira / Azambuja (events: 2022, 2026)"
B — Vila Franca de Xira → Azambuja (~28 km),39.014447,-8.936325,0.0,"Castanheira / Azambuja (events: 2022, 2026)"
B — Vila Franca de Xira → Azambuja (~28 km),39.014772,-8.935925,0.0,"Castanheira / Azambuja (events: 2022, 2026)"
B — Vila Franca de Xira → Azambuja (~28 km),39.015097,-8.935524,0.0,"Castanheira / Azambuja (events: 2022, 2026)"
B — Vila Franca de Xira → Azambuja (~28 km),39.015422,-8.935124,0.0,"Castanheira / Azambuja (events: 2022, 2026)"
B — Vila Franca de Xira → Azambuja (~28 km),39.015747,-8.934724,0.0,"Castanheira / Azambuja (events: 2022, 2026)"
B — Vila Franca de Xira → Azambuja (~28 km),39.016072,-8.934324,0.0,"Castanheira / Azambuja (events: 2022, 2026)"
B — Vila Franca de Xira → Azambuja (~28 km),39.016397,-8.933924,0.0,"Castanheira / Azambuja (events: 2022, 2026)"
B — Vila Franca de Xira → Azambuja (~28 km),39.016722,-8.933524,0.0,"Castanheira / Azambuja (events: 2022, 2026)"
B — Vila Franca de Xira → Azambuja (~28 km),39.017046,-8.933123,0.0,"Castanheira / Azambuja (events: 2022, 2026)"
B — Vila Franca de Xira → Azambuja (~28 km),39.017371,-8.932723,0.0,"Castanheira / Azambuja (events: 2022, 2026)"
B — Vila Franca de Xira → Azambuja (~28 km),39.017696,-8.932323,0.0,"Castanheira / Azambuja (events: 2022, 2026)"
B — Vila Franca de Xira → Azambuja (~28 km),39.018021,-8.931923,0.0,"Castanheira / Azambuja (events: 2022, 2026)"
B — Vila Franca de Xira → Azambuja (~28 km),39.018346,-8.931523,0.0,"Castanheira / Azambuja (events: 2022, 2026)"
B — Vila Franca de Xira → Azambuja (~28 km),39.018671,-8.931123,0.0,"Castanheira / Azambuja (events: 2022, 2026)"
B — Vila Franca de Xira → Azambuja (~28 km),39.018996,-8.930722,0.0,"Castanheira / Azambuja (events: 2022, 2026)"
B — Vila Franca de Xira → Azambuja (~28 km),39.019321,-8.930322,0.0,"Castanheira / Azambuja (events: 2022, 2026)"
B — Vila Franca de Xira → Azambuja (~28 km),39.019646,-8.929922,0.0,"Castanheira / Azambuja (events: 2022, 2026)"
B — Vila Franca de Xira → Azambuja (~28 km),39.01997,-8.929522,0.0,"Castanheira / Azambuja (events: 2022, 2026)"
B — Vila Franca de Xira → Azambuja (~28 km),39.020295,-8.929122,0.0,"Castanheira / Azambuja (events: 2022, 2026)"
B — Vila Franca de Xira → Azambuja (~28 km),39.02062,-8.928722,0.0,"Castanheira / Azambuja (events: 2022, 2026)"
B — Vila Franca de Xira → Azambuja (~28 km),39.020945,-8.928321,0.0,"Castanheira / Azambuja (events: 2022, 2026)"
B — Vila Franca de Xira → Azambuja (~28 km),39.02127,-8.927921,0.0,"Castanheira / Azambuja (events: 2022, 2026)"
B — Vila Franca de Xira → Azambuja (~28 km),39.021595,-8.927521,0.0,"Castanheira / Azambuja (events: 2022, 2026)"
B — Vila Franca de Xira → Azambuja (~28 km),39.02192,-8.927121,0.0,"Castanheira / Azambuja (events: 2022, 2026)"
B — Vila Franca de Xira → Azambuja (~28 km),39.022245,-8.926721,0.0,"Castanheira / Azambuja (events: 2022, 2026)"
B — Vila Franca de Xira → Azambuja (~28 km),39.02257,-8.926321,0.0,"Castanheira / Azambuja (events: 2022, 2026)"
B — Vila Franca de Xira → Azambuja (~28 km),39.022895,-8.92592,0.0,"Castanheira / Azambuja (events: 2022, 2026)"
B — Vila Franca de Xira → Azambuja (~28 km),39.023219,-8.92552,0.0,"Castanheira / Azambuja (events: 2022, 2026)"
B — Vila Franca de Xira → Azambuja (~28 km),39.023544,-8.92512,0.0,"Castanheira / Azambuja (events: 2022, 2026)"
B — Vila Franca de Xira → Azambuja (~28 km),39.023869,-8.92472,0.0,"Castanheira / Azambuja (events: 2022, 2026)"
B — Vila Franca de Xira → Azambuja (~28 km),39.024194,-8.92432,0.0,"Castanheira / Azambuja (events: 2022, 2026)"
B — Vila Franca de Xira → Azambuja (~28 km),39.024519,-8.92392,0.0,"Castanheira / Azambuja (events: 2022, 2026)"
B — Vila Franca de Xira → Azambuja (~28 km),39.024844,-8.923519,0.0,"Castanheira / Azambuja (events: 2022, 2026)"
B — Vila Franca de Xira → Azambuja (~28 km),39.025169,-8.923119,0.0,"Castanheira / Azambuja (events: 2022, 2026)"
B — Vila Franca de Xira → Azambuja (~28 km),39.025494,-8.922719,0.0,"Castanheira / Azambuja (events: 2022, 2026)"
B — Vila Franca de Xira → Azambuja (~28 km),39.025819,-8.922319,0.0,"Castanheira / Azambuja (events: 2022, 2026)"
B — Vila Franca de Xira → Azambuja (~28 km),39.026144,-8.921919,0.0,"Castanheira / Azambuja (events: 2022, 2026)"
B — Vila Franca de Xira → Azambuja (~28 km),39.026468,-8.921519,0.0,"Castanheira / Azambuja (events: 2022, 2026)"
B — Vila Franca de Xira → Azambuja (~28 km),39.026793,-8.921118,0.0,"Castanheira / Azambuja (events: 2022, 2026)"
B — Vila Franca de Xira → Azambuja (~28 km),39.027118,-8.920718,0.0,"Castanheira / Azambuja (events: 2022, 2026)"
B — Vila Franca de Xira → Azambuja (~28 km),39.027443,-8.920318,0.0,"Castanheira / Azambuja (events: 2022, 2026)"
B — Vila Franca de Xira → Azambuja (~28 km),39.02736,-8.921442,0.0,"Castanheira / Azambuja (events: 2022, 2026)"
B — Vila Franca de Xira → Azambuja (~28 km),39.027038,-8.921847,0.0,"Castanheira / Azambuja (events: 2022, 2026)"
B — Vila Franca de Xira → Azambuja (~28 km),39.026717,-8.922252,0.0,"Castanheira / Azambuja (events: 2022, 2026)"
B — Vila Franca de Xira → Azambuja (~28 km),39.026395,-8.922657,0.0,"Castanheira / Azambuja (events: 2022, 2026)"
B — Vila Franca de Xira → Azambuja (~28 km),39.026074,-8.923061,0.0,"Castanheira / Azambuja (events: 2022, 2026)"
B — Vila Franca de Xira → Azambuja (~28 km),39.025752,-8.923466,0.0,"Castanheira / Azambuja (events: 2022, 2026)"
B — Vila Franca de Xira → Azambuja (~28 km),39.025431,-8.923871,0.0,"Castanheira / Azambuja (events: 2022, 2026)"
B — Vila Franca de Xira → Azambuja (~28 km),39.02511,-8.924276,0.0,"Castanheira / Azambuja (events: 2022, 2026)"
B — Vila Franca de Xira → Azambuja (~28 km),39.024788,-8.92468,0.0,"Castanheira / Azambuja (events: 2022, 2026)"
B — Vila Franca de Xira → Azambuja (~28 km),39.024467,-8.925085,0.0,"Castanheira / Azambuja (events: 2022, 2026)"
B — Vila Franca de Xira → Azambuja (~28 km),39.024145,-8.92549,0.0,"Castanheira / Azambuja (events: 2022, 2026)"
B — Vila Franca de Xira → Azambuja (~28 km),39.023824,-8.925895,0.0,"Castanheira / Azambuja (events: 2022, 2026)"
B — Vila Franca de Xira → Azambuja (~28 km),39.023502,-8.9263,0.0,"Castanheira / Azambuja (events: 2022, 2026)"
B — Vila Franca de Xira → Azambuja (~28 km),39.023181,-8.926704,0.0,"Castanheira / Azambuja (events: 2022, 2026)"
B — Vila Franca de Xira → Azambuja (~28 km),39.022859,-8.927109,0.0,"Castanheira / Azambuja (events: 2022, 2026)"
B — Vila Franca de Xira → Azambuja (~28 km),39.022538,-8.927514,0.0,"Castanheira / Azambuja (events: 2022, 2026)"
B — Vila Franca de Xira → Azambuja (~28 km),39.022217,-8.927919,0.0,"Castanheira / Azambuja (events: 2022, 2026)"
B — Vila Franca de Xira → Azambuja (~28 km),39.021895,-8.928324,0.0,"Castanheira / Azambuja (events: 2022, 2026)"
B — Vila Franca de Xira → Azambuja (~28 km),39.021574,-8.928728,0.0,"Castanheira / Azambuja (events: 2022, 2026)"
B — Vila Franca de Xira → Azambuja (~28 km),39.021252,-8.929133,0.0,"Castanheira / Azambuja (events: 2022, 2026)"
B — Vila Franca de Xira → Azambuja (~28 km),39.020931,-8.929538,0.0,"Castanheira / Azambuja (events: 2022, 2026)"
B — Vila Franca de Xira → Azambuja (~28 km),39.020609,-8.929943,0.0,"Castanheira / Azambuja (events: 2022, 2026)"
B — Vila Franca de Xira → Azambuja (~28 km),39.020288,-8.930347,0.0,"Castanheira / Azambuja (events: 2022, 2026)"
B — Vila Franca de Xira → Azambuja (~28 km),39.019967,-8.930752,0.0,"Castanheira / Azambuja (events: 2022, 2026)"
B — Vila Franca de Xira → Azambuja (~28 km),39.019645,-8.931157,0.0,"Castanheira / Azambuja (events: 2022, 2026)"
B — Vila Franca de Xira → Azambuja (~28 km),39.019324,-8.931562,0.0,"Castanheira / Azambuja (events: 2022, 2026)"
B — Vila Franca de Xira → Azambuja (~28 km),39.019002,-8.931967,0.0,"Castanheira / Azambuja (events: 2022, 2026)"
B — Vila Franca de Xira → Azambuja (~28 km),39.018681,-8.932371,0.0,"Castanheira / Azambuja (events: 2022, 2026)"
B — Vila Franca de Xira → Azambuja (~28 km),39.018359,-8.932776,0.0,"Castanheira / Azambuja (events: 2022, 2026)"
B — Vila Franca de Xira → Azambuja (~28 km),39.018038,-8.933181,0.0,"Castanheira / Azambuja (events: 2022, 2026)"
B — Vila Franca de Xira → Azambuja (~28 km),39.017717,-8.933586,0.0,"Castanheira / Azambuja (events: 2022, 2026)"
B — Vila Franca de Xira → Azambuja (~28 km),39.017395,-8.933991,0.0,"Castanheira / Azambuja (events: 2022, 2026)"
B — Vila Franca de Xira → Azambuja (~28 km),39.017074,-8.934395,0.0,"Castanheira / Azambuja (events: 2022, 2026)"
B — Vila Franca de Xira → Azambuja (~28 km),39.016752,-8.9348,0.0,"Castanheira / Azambuja (events: 2022, 2026)"
B — Vila Franca de Xira → Azambuja (~28 km),39.016431,-8.935205,0.0,"Castanheira / Azambuja (events: 2022, 2026)"
B — Vila Franca de Xira → Azambuja (~28 km),39.016109,-8.93561,0.0,"Castanheira / Azambuja (events: 2022, 2026)"
B — Vila Franca de Xira → Azambuja (~28 km),39.015788,-8.936014,0.0,"Castanheira / Azambuja (events: 2022, 2026)"
B — Vila Franca de Xira → Azambuja (~28 km),39.015466,-8.936419,0.0,"Castanheira / Azambuja (events: 2022, 2026)"
B — Vila Franca de Xira → Azambuja (~28 km),39.015145,-8.936824,0.0,"Castanheira / Azambuja (events: 2022, 2026)"
B — Vila Franca de Xira → Azambuja (~28 km),39.014824,-8.937229,0.0,"Castanheira / Azambuja (events: 2022, 2026)"
B — Vila Franca de Xira → Azambuja (~28 km),39.014502,-8.937634,0.0,"Castanheira / Azambuja (events: 2022, 2026)"
B — Vila Franca de Xira → Azambuja (~28 km),39.014181,-8.938038,0.0,"Castanheira / Azambuja (events: 2022, 2026)"
B — Vila Franca de Xira → Azambuja (~28 km),38.946431,-8.991948,0.0,Alverca / Vila Franca (events: 2026)
B — Vila Franca de Xira → Azambuja (~28 km),38.946789,-8.991597,0.0,Alverca / Vila Franca (events: 2026)
B — Vila Franca de Xira → Azambuja (~28 km),38.947147,-8.991247,0.0,Alverca / Vila Franca (events: 2026)
B — Vila Franca de Xira → Azambuja (~28 km),38.947504,-8.990897,0.0,Alverca / Vila Franca (events: 2026)
B — Vila Franca de Xira → Azambuja (~28 km),38.947862,-8.990546,0.0,Alverca / Vila Franca (events: 2026)
B — Vila Franca de Xira → Azambuja (~28 km),38.94822,-8.990196,0.0,Alverca / Vila Franca (events: 2026)
B — Vila Franca de Xira → Azambuja (~28 km),38.948578,-8.989846,0.0,Alverca / Vila Franca (events: 2026)
B — Vila Franca de Xira → Azambuja (~28 km),38.948936,-8.989495,0.0,Alverca / Vila Franca (events: 2026)
B — Vila Franca de Xira → Azambuja (~28 km),38.949294,-8.989145,0.0,Alverca / Vila Franca (events: 2026)
B — Vila Franca de Xira → Azambuja (~28 km),38.949651,-8.988794,0.0,Alverca / Vila Franca (events: 2026)
B — Vila Franca de Xira → Azambuja (~28 km),38.950009,-8.988444,0.0,Alverca / Vila Franca (events: 2026)
B — Vila Franca de Xira → Azambuja (~28 km),38.950367,-8.988094,0.0,Alverca / Vila Franca (events: 2026)
B — Vila Franca de Xira → Azambuja (~28 km),38.950725,-8.987743,0.0,Alverca / Vila Franca (events: 2026)
B — Vila Franca de Xira → Azambuja (~28 km),38.951083,-8.987393,0.0,Alverca / Vila Franca (events: 2026)
B — Vila Franca de Xira → Azambuja (~28 km),38.951441,-8.987042,0.0,Alverca / Vila Franca (events: 2026)
B — Vila Franca de Xira → Azambuja (~28 km),38.951799,-8.986692,0.0,Alverca / Vila Franca (events: 2026)
B — Vila Franca de Xira → Azambuja (~28 km),38.952156,-8.986342,0.0,Alverca / Vila Franca (events: 2026)
B — Vila Franca de Xira → Azambuja (~28 km),38.952514,-8.985991,0.0,Alverca / Vila Franca (events: 2026)
B — Vila Franca de Xira → Azambuja (~28 km),38.952872,-8.985641,0.0,Alverca / Vila Franca (events: 2026)
B — Vila Franca de Xira → Azambuja (~28 km),38.95323,-8.985291,0.0,Alverca / Vila Franca (events: 2026)
B — Vila Franca de Xira → Azambuja (~28 km),38.953588,-8.98494,0.0,Alverca / Vila Franca (events: 2026)
B — Vila Franca de Xira → Azambuja (~28 km),38.953946,-8.98459,0.0,Alverca / Vila Franca (events: 2026)
B — Vila Franca de Xira → Azambuja (~28 km),38.954303,-8.984239,0.0,Alverca / Vila Franca (events: 2026)
B — Vila Franca de Xira → Azambuja (~28 km),38.954661,-8.983889,0.0,Alverca / Vila Franca (events: 2026)
B — Vila Franca de Xira → Azambuja (~28 km),38.955019,-8.983539,0.0,Alverca / Vila Franca (events: 2026)
B — Vila Franca de Xira → Azambuja (~28 km),38.955377,-8.983188,0.0,Alverca / Vila Franca (events: 2026)
B — Vila Franca de Xira → Azambuja (~28 km),38.956093,-8.982488,0.0,Alverca / Vila Franca (events: 2026)
B — Vila Franca de Xira → Azambuja (~28 km),38.992592,-8.946749,0.0,"Castanheira / Azambuja (events: 2022, 2026)"
B — Vila Franca de Xira → Azambuja (~28 km),38.99295,-8.946399,0.0,"Castanheira / Azambuja (events: 2022, 2026)"
B — Vila Franca de Xira → Azambuja (~28 km),38.993308,-8.946048,0.0,"Castanheira / Azambuja (events: 2022, 2026)"
B — Vila Franca de Xira → Azambuja (~28 km),38.993665,-8.945698,0.0,"Castanheira / Azambuja (events: 2022, 2026)"
B — Vila Franca de Xira → Azambuja (~28 km),38.994023,-8.945347,0.0,"Castanheira / Azambuja (events: 2022, 2026)"
B — Vila Franca de Xira → Azambuja (~28 km),38.994381,-8.944997,0.0,"Castanheira / Azambuja (events: 2022, 2026)"
B — Vila Franca de Xira → Azambuja (~28 km),38.994739,-8.944647,0.0,"Castanheira / Azambuja (events: 2022, 2026)"
B — Vila Franca de Xira → Azambuja (~28 km),38.995097,-8.944296,0.0,"Castanheira / Azambuja (events: 2022, 2026)"
B — Vila Franca de Xira → Azambuja (~28 km),38.995455,-8.943946,0.0,"Castanheira / Azambuja (events: 2022, 2026)"
B — Vila Franca de Xira → Azambuja (~28 km),38.995812,-8.943596,0.0,"Castanheira / Azambuja (events: 2022, 2026)"
B — Vila Franca de Xira → Azambuja (~28 km),38.99617,-8.943245,0.0,"Castanheira / Azambuja (events: 2022, 2026)"
B — Vila Franca de Xira → Azambuja (~28 km),38.996528,-8.942895,0.0,"Castanheira / Azambuja (events: 2022, 2026)"
B — Vila Franca de Xira → Azambuja (~28 km),38.996886,-8.942544,0.0,"Castanheira / Azambuja (events: 2022, 2026)"
B — Vila Franca de Xira → Azambuja (~28 km),38.997244,-8.942194,0.0,"Castanheira / Azambuja (events: 2022, 2026)"
B — Vila Franca de Xira → Azambuja (~28 km),38.997602,-8.941844,0.0,"Castanheira / Azambuja (events: 2022, 2026)"
B — Vila Franca de Xira → Azambuja (~28 km),38.997959,-8.941493,0.0,"Castanheira / Azambuja (events: 2022, 2026)"
B — Vila Franca de Xira → Azambuja (~28 km),38.998317,-8.941143,0.0,"Castanheira / Azambuja (events: 2022, 2026)"
B — Vila Franca de Xira → Azambuja (~28 km),38.998675,-8.940793,0.0,"Castanheira / Azambuja (events: 2022, 2026)"
B — Vila Franca de Xira → Azambuja (~28 km),38.999033,-8.940442,0.0,"Castanheira / Azambuja (events: 2022, 2026)"
B — Vila Franca de Xira → Azambuja (~28 km),38.999391,-8.940092,0.0,"Castanheira / Azambuja (events: 2022, 2026)"
B — Vila Franca de Xira → Azambuja (~28 km),38.999749,-8.939741,0.0,"Castanheira / Azambuja (events: 2022, 2026)"
B — Vila Franca de Xira → Azambuja (~28 km),39.000106,-8.939391,0.0,"Castanheira / Azambuja (events: 2022, 2026)"
B — Vila Franca de Xira → Azambuja (~28 km),39.000464,-8.939041,0.0,"Castanheira / Azambuja (events: 2022, 2026)"
B — Vila Franca de Xira → Azambuja (~28 km),39.000822,-8.93869,0.0,"Castanheira / Azambuja (events: 2022, 2026)"
B — Vila Franca de Xira → Azambuja (~28 km),39.00118,-8.93834,0.0,"Castanheira / Azambuja (events: 2022, 2026)"
B — Vila Franca de Xira → Azambuja (~28 km),39.001538,-8.93799,0.0,"Castanheira / Azambuja (events: 2022, 2026)"
B — Vila Franca de Xira → Azambuja (~28 km),39.001896,-8.937639,0.0,"Castanheira / Azambuja (events: 2022, 2026)"
B — Vila Franca de Xira → Azambuja (~28 km),39.002253,-8.937289,0.0,"Castanheira / Azambuja (events: 2022, 2026)"
B — Vila Franca de Xira → Azambuja (~28 km),39.002611,-8.936938,0.0,"Castanheira / Azambuja (events: 2022, 2026)"
B — Vila Franca de Xira → Azambuja (~28 km),39.002969,-8.936588,0.0,"Castanheira / Azambuja (events: 2022, 2026)"
B — Vila Franca de Xira → Azambuja (~28 km),39.003327,-8.936238,0.0,"Castanheira / Azambuja (events: 2022, 2026)"
B — Vila Franca de Xira → Azambuja (~28 km),39.003685,-8.935887,0.0,"Castanheira / Azambuja (events: 2022, 2026)"
B — Vila Franca de Xira → Azambuja (~28 km),39.004043,-8.935537,0.0,"Castanheira / Azambuja (events: 2022, 2026)"
B — Vila Franca de Xira → Azambuja (~28 km),39.0044,-8.935187,0.0,"Castanheira / Azambuja (events: 2022, 2026)"
B — Vila Franca de Xira → Azambuja (~28 km),39.004758,-8.934836,0.0,"Castanheira / Azambuja (events: 2022, 2026)"
B — Vila Franca de Xira → Azambuja (~28 km),39.005116,-8.934486,0.0,"Castanheira / Azambuja (events: 2022, 2026)"
B — Vila Franca de Xira → Azambuja (~28 km),39.005474,-8.934135,0.0,"Castanheira / Azambuja (events: 2022, 2026)"
B — Vila Franca de Xira → Azambuja (~28 km),39.005832,-8.933785,0.0,"Castanheira / Azambuja (events: 2022, 2026)"
B — Vila Franca de Xira → Azambuja (~28 km),39.00619,-8.933435,0.0,"Castanheira / Azambuja (events: 2022, 2026)"
B — Vila Franca de Xira → Azambuja (~28 km),39.006547,-8.933084,0.0,"Castanheira / Azambuja (events: 2022, 2026)"
B — Vila Franca de Xira → Azambuja (~28 km),39.006905,-8.932734,0.0,"Castanheira / Azambuja (events: 2022, 2026)"
B — Vila Franca de Xira → Azambuja (~28 km),39.007263,-8.932383,0.0,"Castanheira / Azambuja (events: 2022, 2026)"
B — Vila Franca de Xira → Azambuja (~28 km),39.007621,-8.932033,0.0,"Castanheira / Azambuja (events: 2022, 2026)"
B — Vila Franca de Xira → Azambuja (~28 km),39.007979,-8.931683,0.0,"Castanheira / Azambuja (events: 2022, 2026)"
B — Vila Franca de Xira → Azambuja (~28 km),39.008337,-8.931332,0.0,"Castanheira / Azambuja (events: 2022, 2026)"
B — Vila Franca de Xira → Azambuja (~28 km),39.008695,-8.930982,0.0,"Castanheira / Azambuja (events: 2022, 2026)"
B — Vila Franca de Xira → Azambuja (~28 km),39.009052,-8.930632,0.0,"Castanheira / Azambuja (events: 2022, 2026)"
B — Vila Franca de Xira → Azambuja (~28 km),39.00941,-8.930281,0.0,"Castanheira / Azambuja (events: 2022, 2026)"
B — Vila Franca de Xira → Azambuja (~28 km),39.024081,-8.915916,0.0,"Castanheira / Azambuja (events: 2022, 2026)"
B — Vila Franca de Xira → Azambuja (~28 km),39.024439,-8.915565,0.0,"Castanheira / Azambuja (events: 2022, 2026)"
B — Vila Franca de Xira → Azambuja (~28 km),39.024797,-8.915215,0.0,"Castanheira / Azambuja (events: 2022, 2026)"
B — Vila Franca de Xira → Azambuja (~28 km),39.025155,-8.914865,0.0,"Castanheira / Azambuja (events: 2022, 2026)"
B — Vila Franca de Xira → Azambuja (~28 km),39.025513,-8.914514,0.0,"Castanheira / Azambuja (events: 2022, 2026)"
B — Vila Franca de Xira → Azambuja (~28 km),39.025871,-8.914164,0.0,"Castanheira / Azambuja (events: 2022, 2026)"
B — Vila Franca de Xira → Azambuja (~28 km),39.026228,-8.913813,0.0,"Castanheira / Azambuja (events: 2022, 2026)"
B — Vila Franca de Xira → Azambuja (~28 km),39.026586,-8.913463,0.0,"Castanheira / Azambuja (events: 2022, 2026)"
B — Vila Franca de Xira → Azambuja (~28 km),39.026944,-8.913113,0.0,"Castanheira / Azambuja (events: 2022, 2026)"
B — Vila Franca de Xira → Azambuja (~28 km),39.027302,-8.912762,0.0,"Castanheira / Azambuja (events: 2022, 2026)"
B — Vila Franca de Xira → Azambuja (~28 km),39.02766,-8.912412,0.0,"Castanheira / Azambuja (events: 2022, 2026)"
B — Vila Franca de Xira → Azambuja (~28 km),39.028018,-8.912062,0.0,"Castanheira / Azambuja (events: 2022, 2026)"
B — Vila Franca de Xira → Azambuja (~28 km),39.028376,-8.911711,0.0,"Castanheira / Azambuja (events: 2022, 2026)"
B — Vila Franca de Xira → Azambuja (~28 km),39.028733,-8.911361,0.0,"Castanheira / Azambuja (events: 2022, 2026)"
B — Vila Franca de Xira → Azambuja (~28 km),39.029091,-8.91101,0.0,"Castanheira / Azambuja (events: 2022, 2026)"
B — Vila Franca de Xira → Azambuja (~28 km),39.029449,-8.91066,0.0,"Castanheira / Azambuja (events: 2022, 2026)"
B — Vila Franca de Xira → Azambuja (~28 km),39.029807,-8.91031,0.0,"Castanheira / Azambuja (events: 2022, 2026)"
B — Vila Franca de Xira → Azambuja (~28 km),39.030165,-8.909959,0.0,"Castanheira / Azambuja (events: 2022, 2026)"
B — Vila Franca de Xira → Azambuja (~28 km),39.030729,-8.909313,0.0,"Castanheira / Azambuja (events: 2022, 2026)"
B — Vila Franca de Xira → Azambuja (~28 km),39.030375,-8.90967,0.0,"Castanheira / Azambuja (events: 2022, 2026)"
B — Vila Franca de Xira → Azambuja (~28 km),39.030022,-8.910027,0.0,"Castanheira / Azambuja (events: 2022, 2026)"
B — Vila Franca de Xira → Azambuja (~28 km),39.029668,-8.910384,0.0,"Castanheira / Azambuja (events: 2022, 2026)"
B — Vila Franca de Xira → Azambuja (~28 km),39.029314,-8.910742,0.0,"Castanheira / Azambuja (events: 2022, 2026)"
B — Vila Franca de Xira → Azambuja (~28 km),39.02896,-8.911099,0.0,"Castanheira / Azambuja (events: 2022, 2026)"
B — Vila Franca de Xira → Azambuja (~28 km),39.028607,-8.911456,0.0,"Castanheira / Azambuja (events: 2022, 2026)"
B — Vila Franca de Xira → Azambuja (~28 km),39.028253,-8.911813,0.0,"Castanheira / Azambuja (events: 2022, 2026)"
B — Vila Franca de Xira → Azambuja (~28 km),39.027899,-8.912171,0.0,"Castanheira / Azambuja (events: 2022, 2026)"
B — Vila Franca de Xira → Azambuja (~28 km),39.027545,-8.912528,0.0,"Castanheira / Azambuja (events: 2022, 2026)"
B — Vila Franca de Xira → Azambuja (~28 km),39.027192,-8.912885,0.0,"Castanheira / Azambuja (events: 2022, 2026)"
B — Vila Franca de Xira → Azambuja (~28 km),39.026838,-8.913242,0.0,"Castanheira / Azambuja (events: 2022, 2026)"
B — Vila Franca de Xira → Azambuja (~28 km),39.026484,-8.913599,0.0,"Castanheira / Azambuja (events: 2022, 2026)"
B — Vila Franca de Xira → Azambuja (~28 km),39.02613,-8.913957,0.0,"Castanheira / Azambuja (events: 2022, 2026)"
B — Vila Franca de Xira → Azambuja (~28 km),39.025777,-8.914314,0.0,"Castanheira / Azambuja (events: 2022, 2026)"
B — Vila Franca de Xira → Azambuja (~28 km),39.025423,-8.914671,0.0,"Castanheira / Azambuja (events: 2022, 2026)"
B — Vila Franca de Xira → Azambuja (~28 km),39.025069,-8.915028,0.0,"Castanheira / Azambuja (events: 2022, 2026)"
B — Vila Franca de Xira → Azambuja (~28 km),39.024715,-8.915386,0.0,"Castanheira / Azambuja (events: 2022, 2026)"
B — Vila Franca de Xira → Azambuja (~28 km),39.024362,-8.915743,0.0,"Castanheira / Azambuja (events: 2022, 2026)"
B — Vila Franca de Xira → Azambuja (~28 km),39.024008,-8.9161,0.0,"Castanheira / Azambuja (events: 2022, 2026)"
B — Vila Franca de Xira → Azambuja (~28 km),39.010212,-8.930032,0.0,"Castanheira / Azambuja (events: 2022, 2026)"
B — Vila Franca de Xira → Azambuja (~28 km),39.009858,-8.930389,0.0,"Castanheira / Azambuja (events: 2022, 2026)"
B — Vila Franca de Xira → Azambuja (~28 km),39.009504,-8.930747,0.0,"Castanheira / Azambuja (events: 2022, 2026)"
B — Vila Franca de Xira → Azambuja (~28 km),39.00915,-8.931104,0.0,"Castanheira / Azambuja (events: 2022, 2026)"
B — Vila Franca de Xira → Azambuja (~28 km),39.008797,-8.931461,0.0,"Castanheira / Azambuja (events: 2022, 2026)"
B — Vila Franca de Xira → Azambuja (~28 km),39.008443,-8.931818,0.0,"Castanheira / Azambuja (events: 2022, 2026)"
B — Vila Franca de Xira → Azambuja (~28 km),39.008089,-8.932175,0.0,"Castanheira / Azambuja (events: 2022, 2026)"
B — Vila Franca de Xira → Azambuja (~28 km),39.007735,-8.932533,0.0,"Castanheira / Azambuja (events: 2022, 2026)"
B — Vila Franca de Xira → Azambuja (~28 km),39.007382,-8.93289,0.0,"Castanheira / Azambuja (events: 2022, 2026)"
B — Vila Franca de Xira → Azambuja (~28 km),39.007028,-8.933247,0.0,"Castanheira / Azambuja (events: 2022, 2026)"
B — Vila Franca de Xira → Azambuja (~28 km),39.006674,-8.933604,0.0,"Castanheira / Azambuja (events: 2022, 2026)"
B — Vila Franca de Xira → Azambuja (~28 km),39.00632,-8.933962,0.0,"Castanheira / Azambuja (events: 2022, 2026)"
B — Vila Franca de Xira → Azambuja (~28 km),39.005967,-8.934319,0.0,"Castanheira / Azambuja (events: 2022, 2026)"
B — Vila Franca de Xira → Azambuja (~28 km),39.005613,-8.934676,0.0,"Castanheira / Azambuja (events: 2022, 2026)"
B — Vila Franca de Xira → Azambuja (~28 km),39.005259,-8.935033,0.0,"Castanheira / Azambuja (events: 2022, 2026)"
B — Vila Franca de Xira → Azambuja (~28 km),39.004905,-8.935391,0.0,"Castanheira / Azambuja (events: 2022, 2026)"
B — Vila Franca de Xira → Azambuja (~28 km),39.004552,-8.935748,0.0,"Castanheira / Azambuja (events: 2022, 2026)"
B — Vila Franca de Xira → Azambuja (~28 km),39.004198,-8.936105,0.0,"Castanheira / Azambuja (events: 2022, 2026)"
B — Vila Franca de Xira → Azambuja (~28 km),39.003844,-8.936462,0.0,"Castanheira / Azambuja (events: 2022, 2026)"
B — Vila Franca de Xira → Azambuja (~28 km),39.00349,-8.93682,0.0,"Castanheira / Azambuja (events: 2022, 2026)"
B — Vila Franca de Xira → Azambuja (~28 km),39.003137,-8.937177,0.0,"Castanheira / Azambuja (events: 2022, 2026)"
B — Vila Franca de Xira → Azambuja (~28 km),39.002783,-8.937534,0.0,"Castanheira / Azambuja (events: 2022, 2026)"
B — Vila Franca de Xira → Azambuja (~28 km),39.002429,-8.937891,0.0,"Castanheira / Azambuja (events: 2022, 2026)"
B — Vila Franca de Xira → Azambuja (~28 km),39.002075,-8.938248,0.0,"Castanheira / Azambuja (events: 2022, 2026)"
B — Vila Franca de Xira → Azambuja (~28 km),39.001722,-8.938606,0.0,"Castanheira / Azambuja (events: 2022, 2026)"
B — Vila Franca de Xira → Azambuja (~28 km),39.001368,-8.938963,0.0,"Castanheira / Azambuja (events: 2022, 2026)"
B — Vila Franca de Xira → Azambuja (~28 km),39.001014,-8.93932,0.0,"Castanheira / Azambuja (events: 2022, 2026)"
B — Vila Franca de Xira → Azambuja (~28 km),39.00066,-8.939677,0.0,"Castanheira / Azambuja (events: 2022, 2026)"
B — Vila Franca de Xira → Azambuja (~28 km),39.000307,-8.940035,0.0,"Castanheira / Azambuja (events: 2022, 2026)"
B — Vila Franca de Xira → Azambuja (~28 km),38.999953,-8.940392,0.0,"Castanheira / Azambuja (events: 2022, 2026)"
B — Vila Franca de Xira → Azambuja (~28 km),38.999599,-8.940749,0.0,"Castanheira / Azambuja (events: 2022, 2026)"
B — Vila Franca de Xira → Azambuja (~28 km),38.999245,-8.941106,0.0,"Castanheira / Azambuja (events: 2022, 2026)"
B — Vila Franca de Xira → Azambuja (~28 km),38.998892,-8.941464,0.0,"Castanheira / Azambuja (events: 2022, 2026)"
B — Vila Franca de Xira → Azambuja (~28 km),38.998538,-8.941821,0.0,"Castanheira / Azambuja (events: 2022, 2026)"
B — Vila Franca de Xira → Azambuja (~28 km),38.998184,-8.942178,0.0,"Castanheira / Azambuja (events: 2022, 2026)"
B — Vila Franca de Xira → Azambuja (~28 km),38.99783,-8.942535,0.0,"Castanheira / Azambuja (events: 2022, 2026)"
B — Vila Franca de Xira → Azambuja (~28 km),38.997477,-8.942892,0.0,"Castanheira / Azambuja (events: 2022, 2026)"
B — Vila Franca de Xira → Azambuja (~28 km),38.997123,-8.94325,0.0,"Castanheira / Azambuja (events: 2022, 2026)"
B — Vila Franca de Xira → Azambuja (~28 km),38.996769,-8.943607,0.0,"Castanheira / Azambuja (events: 2022, 2026)"
B — Vila Franca de Xira → Azambuja (~28 km),38.996415,-8.943964,0.0,"Castanheira / Azambuja (events: 2022, 2026)"
B — Vila Franca de Xira → Azambuja (~28 km),38.996062,-8.944321,0.0,"Castanheira / Azambuja (events: 2022, 2026)"
B — Vila Franca de Xira → Azambuja (~28 km),38.995708,-8.944679,0.0,"Castanheira / Azambuja (events: 2022, 2026)"
B — Vila Franca de Xira → Azambuja (~28 km),38.995354,-8.945036,0.0,"Castanheira / Azambuja (events: 2022, 2026)"
B — Vila Franca de Xira → Azambuja (~28 km),38.995,-8.945393,0.0,"Castanheira / Azambuja (events: 2022, 2026)"
B — Vila Franca de Xira → Azambuja (~28 km),38.994647,-8.94575,0.0,"Castanheira / Azambuja (events: 2022, 2026)"
B — Vila Franca de Xira → Azambuja (~28 km),38.994293,-8.946108,0.0,"Castanheira / Azambuja (events: 2022, 2026)"
B — Vila Franca de Xira → Azambuja (~28 km),38.993939,-8.946465,0.0,"Castanheira / Azambuja (events: 2022, 2026)"
B — Vila Franca de Xira → Azambuja (~28 km),38.993585,-8.946822,0.0,"Castanheira / Azambuja (events: 2022, 2026)"
B — Vila Franca de Xira → Azambuja (~28 km),39.0063,-8.943127,0.0,"Castanheira / Azambuja (events: 2022, 2026)"
B — Vila Franca de Xira → Azambuja (~28 km),39.006637,-8.942743,0.0,"Castanheira / Azambuja (events: 2022, 2026)"
B — Vila Franca de Xira → Azambuja (~28 km),39.006973,-8.942359,0.0,"Castanheira / Azambuja (events: 2022, 2026)"
B — Vila Franca de Xira → Azambuja (~28 km),39.00731,-8.941975,0.0,"Castanheira / Azambuja (events: 2022, 2026)"
B — Vila Franca de Xira → Azambuja (~28 km),39.007646,-8.941591,0.0,"Castanheira / Azambuja (events: 2022, 2026)"
B — Vila Franca de Xira → Azambuja (~28 km),39.007982,-8.941207,0.0,"Castanheira / Azambuja (events: 2022, 2026)"
B — Vila Franca de Xira → Azambuja (~28 km),39.008319,-8.940823,0.0,"Castanheira / Azambuja (events: 2022, 2026)"
B — Vila Franca de Xira → Azambuja (~28 km),39.008655,-8.940439,0.0,"Castanheira / Azambuja (events: 2022, 2026)"
B — Vila Franca de Xira → Azambuja (~28 km),39.008992,-8.940055,0.0,"Castanheira / Azambuja (events: 2022, 2026)"
B — Vila Franca de Xira → Azambuja (~28 km),39.009328,-8.939671,0.0,"Castanheira / Azambuja (events: 2022, 2026)"
B — Vila Franca de Xira → Azambuja (~28 km),39.009665,-8.939287,0.0,"Castanheira / Azambuja (events: 2022, 2026)"
B — Vila Franca de Xira → Azambuja (~28 km),39.010001,-8.938903,0.0,"Castanheira / Azambuja (events: 2022, 2026)"
B — Vila Franca de Xira → Azambuja (~28 km),39.010338,-8.938519,0.0,"Castanheira / Azambuja (events: 2022, 2026)"
B — Vila Franca de Xira → Azambuja (~28 km),39.010674,-8.938135,0.0,"Castanheira / Azambuja (events: 2022, 2026)"
B — Vila Franca de Xira → Azambuja (~28 km),39.01101,-8.937751,0.0,"Castanheira / Azambuja (events: 2022, 2026)"
B — Vila Franca de Xira → Azambuja (~28 km),39.011347,-8.937367,0.0,"Castanheira / Azambuja (events: 2022, 2026)"
B — Vila Franca de Xira → Azambuja (~28 km),39.011683,-8.936983,0.0,"Castanheira / Azambuja (events: 2022, 2026)"
B — Vila Franca de Xira → Azambuja (~28 km),39.01202,-8.936599,0.0,"Castanheira / Azambuja (events: 2022, 2026)"
B — Vila Franca de Xira → Azambuja (~28 km),39.012356,-8.936215,0.0,"Castanheira / Azambuja (events: 2022, 2026)"
B — Vila Franca de Xira → Azambuja (~28 km),39.012693,-8.935831,0.0,"Castanheira / Azambuja (events: 2022, 2026)"
B — Vila Franca de Xira → Azambuja (~28 km),39.013029,-8.935447,0.0,"Castanheira / Azambuja (events: 2022, 2026)"
B — Vila Franca de Xira → Azambuja (~28 km),39.013366,-8.935063,0.0,"Castanheira / Azambuja (events: 2022, 2026)"
B — Vila Franca de Xira → Azambuja (~28 km),39.013702,-8.934679,0.0,"Castanheira / Azambuja (events: 2022, 2026)"
B — Vila Franca de Xira → Azambuja (~28 km),39.014038,-8.934295,0.0,"Castanheira / Azambuja (events: 2022, 2026)"
B — Vila Franca de Xira → Azambuja (~28 km),39.014375,-8.933911,0.0,"Castanheira / Azambuja (events: 2022, 2026)"
B — Vila Franca de Xira → Azambuja (~28 km),39.014711,-8.933527,0.0,"Castanheira / Azambuja (events: 2022, 2026)"
B — Vila Franca de Xira → Azambuja (~28 km),39.015048,-8.933143,0.0,"Castanheira / Azambuja (events: 2022, 2026)"
B — Vila Franca de Xira → Azambuja (~28 km),39.015384,-8.932759,0.0,"Castanheira / Azambuja (events: 2022, 2026)"
B — Vila Franca de Xira → Azambuja (~28 km),39.015721,-8.932375,0.0,"Castanheira / Azambuja (events: 2022, 2026)"
B — Vila Franca de Xira → Azambuja (~28 km),39.016057,-8.931991,0.0,"Castanheira / Azambuja (events: 2022, 2026)"
B — Vila Franca de Xira → Azambuja (~28 km),39.016394,-8.931607,0.0,"Castanheira / Azambuja (events: 2022, 2026)"
B — Vila Franca de Xira → Azambuja (~28 km),39.01673,-8.931223,0.0,"Castanheira / Azambuja (events: 2022, 2026)"
B — Vila Franca de Xira → Azambuja (~28 km),39.017066,-8.930839,0.0,"Castanheira / Azambuja (events: 2022, 2026)"
B — Vila Franca de Xira → Azambuja (~28 km),39.017403,-8.930455,0.0,"Castanheira / Azambuja (events: 2022, 2026)"
B — Vila Franca de Xira → Azambuja (~28 km),39.017739,-8.930071,0.0,"Castanheira / Azambuja (events: 2022, 2026)"
B — Vila Franca de Xira → Azambuja (~28 km),39.018076,-8.929687,0.0,"Castanheira / Azambuja (events: 2022, 2026)"
B — Vila Franca de Xira → Azambuja (~28 km),39.018412,-8.929303,0.0,"Castanheira / Azambuja (events: 2022, 2026)"
B — Vila Franca de Xira → Azambuja (~28 km),39.018749,-8.928919,0.0,"Castanheira / Azambuja (events: 2022, 2026)"
B — Vila Franca de Xira → Azambuja (~28 km),39.019085,-8.928535,0.0,"Castanheira / Azambuja (events: 2022, 2026)"
B — Vila Franca de Xira → Azambuja (~28 km),39.019422,-8.928151,0.0,"Castanheira / Azambuja (events: 2022, 2026)"
B — Vila Franca de Xira → Azambuja (~28 km),39.019758,-8.927767,0.0,"Castanheira / Azambuja (events: 2022, 2026)"
B — Vila Franca de Xira → Azambuja (~28 km),39.020094,-8.927383,0.0,"Castanheira / Azambuja (events: 2022, 2026)"
B — Vila Franca de Xira → Azambuja (~28 km),39.020431,-8.926999,0.0,"Castanheira / Azambuja (events: 2022, 2026)"
B — Vila Franca de Xira → Azambuja (~28 km),39.020767,-8.926615,0.0,"Castanheira / Azambuja (events: 2022, 2026)"
B — Vila Franca de Xira → Azambuja (~28 km),39.021104,-8.926231,0.0,"Castanheira / Azambuja (events: 2022, 2026)"
B — Vila Franca de Xira → Azambuja (~28 km),39.02144,-8.925847,0.0,"Castanheira / Azambuja (events: 2022, 2026)"
B — Vila Franca de Xira → Azambuja (~28 km),39.021777,-8.925463,0.0,"Castanheira / Azambuja (events: 2022, 2026)"
B — Vila Franca de Xira → Azambuja (~28 km),39.022113,-8.925079,0.0,"Castanheira / Azambuja (events: 2022, 2026)"
B — Vila Franca de Xira → Azambuja (~28 km),39.02245,-8.924695,0.0,"Castanheira / Azambuja (events: 2022, 2026)"
B — Vila Franca de Xira → Azambuja (~28 km),39.022786,-8.924311,0.0,"Castanheira / Azambuja (events: 2022, 2026)"
B — Vila Franca de Xira → Azambuja (~28 km),39.023122,-8.923927,0.0,"Castanheira / Azambuja (events: 2022, 2026)"
B — Vila Franca de Xira → Azambuja (~28 km),39.023459,-8.923543,0.0,"Castanheira / Azambuja (events: 2022, 2026)"
B — Vila Franca de Xira → Azambuja (~28 km),39.023795,-8.923159,0.0,"Castanheira / Azambuja (events: 2022, 2026)"
B — Vila Franca de Xira → Azambuja (~28 km),39.024132,-8.922775,0.0,"Castanheira / Azambuja (events: 2022, 2026)"
B — Vila Franca de Xira → Azambuja (~28 km),39.024468,-8.922391,0.0,"Castanheira / Azambuja (events: 2022, 2026)"
B — Vila Franca de Xira → Azambuja (~28 km),39.024805,-8.922007,0.0,"Castanheira / Azambuja (events: 2022, 2026)"
B — Vila Franca de Xira → Azambuja (~28 km),39.025141,-8.921623,0.0,"Castanheira / Azambuja (events: 2022, 2026)"
B — Vila Franca de Xira → Azambuja (~28 km),39.025478,-8.921239,0.0,"Castanheira / Azambuja (events: 2022, 2026)"
B — Vila Franca de Xira → Azambuja (~28 km),39.025814,-8.920855,0.0,"Castanheira / Azambuja (events: 2022, 2026)"
B — Vila Franca de Xira → Azambuja (~28 km),39.02615,-8.920471,0.0,"Castanheira / Azambuja (events: 2022, 2026)"
B — Vila Franca de Xira → Azambuja (~28 km),39.026487,-8.920087,0.0,"Castanheira / Azambuja (events: 2022, 2026)"
B — Vila Franca de Xira → Azambuja (~28 km),39.026823,-8.919703,0.0,"Castanheira / Azambuja (events: 2022, 2026)"
B — Vila Franca de Xira → Azambuja (~28 km),39.02716,-8.919319,0.0,"Castanheira / Azambuja (events: 2022, 2026)"
B — Vila Franca de Xira → Azambuja (~28 km),39.027496,-8.918935,0.0,"Castanheira / Azambuja (events: 2022, 2026)"
B — Vila Franca de Xira → Azambuja (~28 km),39.027833,-8.918551,0.0,"Castanheira / Azambuja (events: 2022, 2026)"
B — Vila Franca de Xira → Azambuja (~28 km),39.028169,-8.918167,0.0,"Castanheira / Azambuja (events: 2022, 2026)"
B — Vila Franca de Xira → Azambuja (~28 km),39.027853,-8.919205,0.0,"Castanheira / Azambuja (events: 2022, 2026)"
B — Vila Franca de Xira → Azambuja (~28 km),39.027523,-8.919599,0.0,"Castanheira / Azambuja (events: 2022, 2026)"
B — Vila Franca de Xira → Azambuja (~28 km),39.027193,-8.919992,0.0,"Castanheira / Azambuja (events: 2022, 2026)"
B — Vila Franca de Xira → Azambuja (~28 km),39.026863,-8.920386,0.0,"Castanheira / Azambuja (events: 2022, 2026)"
B — Vila Franca de Xira → Azambuja (~28 km),39.026533,-8.920779,0.0,"Castanheira / Azambuja (events: 2022, 2026)"
B — Vila Franca de Xira → Azambuja (~28 km),39.026203,-8.921173,0.0,"Castanheira / Azambuja (events: 2022, 2026)"
B — Vila Franca de Xira → Azambuja (~28 km),39.025874,-8.921566,0.0,"Castanheira / Azambuja (events: 2022, 2026)"
B — Vila Franca de Xira → Azambuja (~28 km),39.025544,-8.921959,0.0,"Castanheira / Azambuja (events: 2022, 2026)"
B — Vila Franca de Xira → Azambuja (~28 km),39.025214,-8.922353,0.0,"Castanheira / Azambuja (events: 2022, 2026)"
B — Vila Franca de Xira → Azambuja (~28 km),39.024884,-8.922746,0.0,"Castanheira / Azambuja (events: 2022, 2026)"
B — Vila Franca de Xira → Azambuja (~28 km),39.024554,-8.92314,0.0,"Castanheira / Azambuja (events: 2022, 2026)"
B — Vila Franca de Xira → Azambuja (~28 km),39.024224,-8.923533,0.0,"Castanheira / Azambuja (events: 2022, 2026)"
B — Vila Franca de Xira → Azambuja (~28 km),39.023895,-8.923926,0.0,"Castanheira / Azambuja (events: 2022, 2026)"
B — Vila Franca de Xira → Azambuja (~28 km),39.023565,-8.92432,0.0,"Castanheira / Azambuja (events: 2022, 2026)"
B — Vila Franca de Xira → Azambuja (~28 km),39.023235,-8.924713,0.0,"Castanheira / Azambuja (events: 2022, 2026)"
B — Vila Franca de Xira → Azambuja (~28 km),39.022905,-8.925107,0.0,"Castanheira / Azambuja (events: 2022, 2026)"
B — Vila Franca de Xira → Azambuja (~28 km),39.022575,-8.9255,0.0,"Castanheira / Azambuja (events: 2022, 2026)"
B — Vila Franca de Xira → Azambuja (~28 km),39.022245,-8.925894,0.0,"Castanheira / Azambuja (events: 2022, 2026)"
B — Vila Franca de Xira → Azambuja (~28 km),39.021916,-8.926287,0.0,"Castanheira / Azambuja (events: 2022, 2026)"
B — Vila Franca de Xira → Azambuja (~28 km),39.021586,-8.92668,0.0,"Castanheira / Azambuja (events: 2022, 2026)"
B — Vila Franca de Xira → Azambuja (~28 km),39.021256,-8.927074,0.0,"Castanheira / Azambuja (events: 2022, 2026)"
B — Vila Franca de Xira → Azambuja (~28 km),39.020926,-8.927467,0.0,"Castanheira / Azambuja (events: 2022, 2026)"
B — Vila Franca de Xira → Azambuja (~28 km),39.020596,-8.927861,0.0,"Castanheira / Azambuja (events: 2022, 2026)"
B — Vila Franca de Xira → Azambuja (~28 km),39.020267,-8.928254,0.0,"Castanheira / Azambuja (events: 2022, 2026)"
B — Vila Franca de Xira → Azambuja (~28 km),39.019937,-8.928647,0.0,"Castanheira / Azambuja (events: 2022, 2026)"
B — Vila Franca de Xira → Azambuja (~28 km),39.019607,-8.929041,0.0,"Castanheira / Azambuja (events: 2022, 2026)"
B — Vila Franca de Xira → Azambuja (~28 km),39.019277,-8.929434,0.0,"Castanheira / Azambuja (events: 2022, 2026)"
B — Vila Franca de Xira → Azambuja (~28 km),39.018947,-8.929828,0.0,"Castanheira / Azambuja (events: 2022, 2026)"
B — Vila Franca de Xira → Azambuja (~28 km),39.018617,-8.930221,0.0,"Castanheira / Azambuja (events: 2022, 2026)"
B — Vila Franca de Xira → Azambuja (~28 km),39.018288,-8.930615,0.0,"Castanheira / Azambuja (events: 2022, 2026)"
B — Vila Franca de Xira → Azambuja (~28 km),39.017958,-8.931008,0.0,"Castanheira / Azambuja (events: 2022, 2026)"
B — Vila Franca de Xira → Azambuja (~28 km),39.017628,-8.931401,0.0,"Castanheira / Azambuja (events: 2022, 2026)"
B — Vila Franca de Xira → Azambuja (~28 km),39.017298,-8.931795,0.0,"Castanheira / Azambuja (events: 2022, 2026)"
B — Vila Franca de Xira → Azambuja (~28 km),39.016968,-8.932188,0.0,"Castanheira / Azambuja (events: 2022, 2026)"
B — Vila Franca de Xira → Azambuja (~28 km),39.016638,-8.932582,0.0,"Castanheira / Azambuja (events: 2022, 2026)"
B — Vila Franca de Xira → Azambuja (~28 km),39.016309,-8.932975,0.0,"Castanheira / Azambuja (events: 2022, 2026)"
B — Vila Franca de Xira → Azambuja (~28 km),39.015979,-8.933368,0.0,"Castanheira / Azambuja (events: 2022, 2026)"
B — Vila Franca de Xira → Azambuja (~28 km),39.015649,-8.933762,0.0,"Castanheira / Azambuja (events: 2022, 2026)"
B — Vila Franca de Xira → Azambuja (~28 km),39.015319,-8.934155,0.0,"Castanheira / Azambuja (events: 2022, 2026)"
B — Vila Franca de Xira → Azambuja (~28 km),39.014989,-8.934549,0.0,"Castanheira / Azambuja (events: 2022, 2026)"
B — Vila Franca de Xira → Azambuja (~28 km),39.014659,-8.934942,0.0,"Castanheira / Azambuja (events: 2022, 2026)"
B — Vila Franca de Xira → Azambuja (~28 km),39.01433,-8.935336,0.0,"Castanheira / Azambuja (events: 2022, 2026)"
B — Vila Franca de Xira → Azambuja (~28 km),39.014,-8.935729,0.0,"Castanheira / Azambuja (events: 2022, 2026)"
B — Vila Franca de Xira → Azambuja (~28 km),39.01367,-8.936122,0.0,"Castanheira / Azambuja (events: 2022, 2026)"
B — Vila Franca de Xira → Azambuja (~28 km),39.01334,-8.936516,0.0,"Castanheira / Azambuja (events: 2022, 2026)"
B — Vila Franca de Xira → Azambuja (~28 km),39.01301,-8.936909,0.0,"Castanheira / Azambuja (events: 2022, 2026)"
B — Vila Franca de Xira → Azambuja (~28 km),39.01268,-8.937303,0.0,"Castanheira / Azambuja (events: 2022, 2026)"
B — Vila Franca de Xira → Azambuja (~28 km),39.012351,-8.937696,0.0,"Castanheira / Azambuja (events: 2022, 2026)"
B — Vila Franca de Xira → Azambuja (~28 km),39.012021,-8.938089,0.0,"Castanheira / Azambuja (events: 2022, 2026)"
B — Vila Franca de Xira → Azambuja (~28 km),39.011691,-8.938483,0.0,"Castanheira / Azambuja (events: 2022, 2026)"
B — Vila Franca de Xira → Azambuja (~28 km),39.011361,-8.938876,0.0,"Castanheira / Azambuja (events: 2022, 2026)"
B — Vila Franca de Xira → Azambuja (~28 km),39.011031,-8.93927,0.0,"Castanheira / Azambuja (events: 2022, 2026)"
B — Vila Franca de Xira → Azambuja (~28 km),39.010702,-8.939663,0.0,"Castanheira / Azambuja (events: 2022, 2026)"
B — Vila Franca de Xira → Azambuja (~28 km),39.010372,-8.940057,0.0,"Castanheira / Azambuja (events: 2022, 2026)"
B — Vila Franca de Xira → Azambuja (~28 km),39.010042,-8.94045,0.0,"Castanheira / Azambuja (events: 2022, 2026)"
B — Vila Franca de Xira → Azambuja (~28 km),39.009712,-8.940843,0.0,"Castanheira / Azambuja (events: 2022, 2026)"
B — Vila Franca de Xira → Azambuja (~28 km),39.009382,-8.941237,0.0,"Castanheira / Azambuja (events: 2022, 2026)"
B — Vila Franca de Xira → Azambuja (~28 km),39.014136,-8.938127,0.0,"Castanheira / Azambuja (events: 2022, 2026)"
B — Vila Franca de Xira → Azambuja (~28 km),39.014461,-8.937727,0.0,"Castanheira / Azambuja (events: 2022, 2026)"
B — Vila Franca de Xira → Azambuja (~28 km),39.014786,-8.937327,0.0,"Castanheira / Azambuja (events: 2022, 2026)"
B — Vila Franca de Xira → Azambuja (~28 km),39.015111,-8.936927,0.0,"Castanheira / Azambuja (events: 2022, 2026)"
B — Vila Franca de Xira → Azambuja (~28 km),39.015436,-8.936527,0.0,"Castanheira / Azambuja (events: 2022, 2026)"
B — Vila Franca de Xira → Azambuja (~28 km),39.015761,-8.936127,0.0,"Castanheira / Azambuja (events: 2022, 2026)"
B — Vila Franca de Xira → Azambuja (~28 km),39.016086,-8.935727,0.0,"Castanheira / Azambuja (events: 2022, 2026)"
B — Vila Franca de Xira → Azambuja (~28 km),39.016411,-8.935327,0.0,"Castanheira / Azambuja (events: 2022, 2026)"
B — Vila Franca de Xira → Azambuja (~28 km),39.016736,-8.934927,0.0,"Castanheira / Azambuja (events: 2022, 2026)"
B — Vila Franca de Xira → Azambuja (~28 km),39.017061,-8.934527,0.0,"Castanheira / Azambuja (events: 2022, 2026)"
B — Vila Franca de Xira → Azambuja (~28 km),39.017386,-8.934127,0.0,"Castanheira / Azambuja (events: 2022, 2026)"
B — Vila Franca de Xira → Azambuja (~28 km),39.017711,-8.933727,0.0,"Castanheira / Azambuja (events: 2022, 2026)"
B — Vila Franca de Xira → Azambuja (~28 km),39.018037,-8.933327,0.0,"Castanheira / Azambuja (events: 2022, 2026)"
B — Vila Franca de Xira → Azambuja (~28 km),39.018362,-8.932928,0.0,"Castanheira / Azambuja (events: 2022, 2026)"
B — Vila Franca de Xira → Azambuja (~28 km),39.018687,-8.932528,0.0,"Castanheira / Azambuja (events: 2022, 2026)"
B — Vila Franca de Xira → Azambuja (~28 km),39.019012,-8.932128,0.0,"Castanheira / Azambuja (events: 2022, 2026)"
B — Vila Franca de Xira → Azambuja (~28 km),39.019337,-8.931728,0.0,"Castanheira / Azambuja (events: 2022, 2026)"
B — Vila Franca de Xira → Azambuja (~28 km),39.019662,-8.931328,0.0,"Castanheira / Azambuja (events: 2022, 2026)"
B — Vila Franca de Xira → Azambuja (~28 km),39.019987,-8.930928,0.0,"Castanheira / Azambuja (events: 2022, 2026)"
B — Vila Franca de Xira → Azambuja (~28 km),39.020312,-8.930528,0.0,"Castanheira / Azambuja (events: 2022, 2026)"
B — Vila Franca de Xira → Azambuja (~28 km),39.020637,-8.930128,0.0,"Castanheira / Azambuja (events: 2022, 2026)"
B — Vila Franca de Xira → Azambuja (~28 km),39.020962,-8.929728,0.0,"Castanheira / Azambuja (events: 2022, 2026)"
B — Vila Franca de Xira → Azambuja (~28 km),39.021287,-8.929328,0.0,"Castanheira / Azambuja (events: 2022, 2026)"
B — Vila Franca de Xira → Azambuja (~28 km),39.021612,-8.928928,0.0,"Castanheira / Azambuja (events: 2022, 2026)"
B — Vila Franca de Xira → Azambuja (~28 km),39.021938,-8.928528,0.0,"Castanheira / Azambuja (events: 2022, 2026)"
B — Vila Franca de Xira → Azambuja (~28 km),39.022263,-8.928128,0.0,"Castanheira / Azambuja (events: 2022, 2026)"
B — Vila Franca de Xira → Azambuja (~28 km),39.022588,-8.927728,0.0,"Castanheira / Azambuja (events: 2022, 2026)"
B — Vila Franca de Xira → Azambuja (~28 km),39.022913,-8.927329,0.0,"Castanheira / Azambuja (events: 2022, 2026)"
B — Vila Franca de Xira → Azambuja (~28 km),39.023238,-8.926929,0.0,"Castanheira / Azambuja (events: 2022, 2026)"
B — Vila Franca de Xira → Azambuja (~28 km),39.023563,-8.926529,0.0,"Castanheira / Azambuja (events: 2022, 2026)"
B — Vila Franca de Xira → Azambuja (~28 km),39.023888,-8.926129,0.0,"Castanheira / Azambuja (events: 2022, 2026)"
B — Vila Franca de Xira → Azambuja (~28 km),39.024213,-8.925729,0.0,"Castanheira / Azambuja (events: 2022, 2026)"
B — Vila Franca de Xira → Azambuja (~28 km),39.024538,-8.925329,0.0,"Castanheira / Azambuja (events: 2022, 2026)"
B — Vila Franca de Xira → Azambuja (~28 km),39.024863,-8.924929,0.0,"Castanheira / Azambuja (events: 2022, 2026)"
B — Vila Franca de Xira → Azambuja (~28 km),39.025188,-8.924529,0.0,"Castanheira / Azambuja (events: 2022, 2026)"
B — Vila Franca de Xira → Azambuja (~28 km),39.025513,-8.924129,0.0,"Castanheira / Azambuja (events: 2022, 2026)"
B — Vila Franca de Xira → Azambuja (~28 km),39.025838,-8.923729,0.0,"Castanheira / Azambuja (events: 2022, 2026)"
B — Vila Franca de Xira → Azambuja (~28 km),39.026164,-8.923329,0.0,"Castanheira / Azambuja (events: 2022, 2026)"
B — Vila Franca de Xira → Azambuja (~28 km),39.026489,-8.922929,0.0,"Castanheira / Azambuja (events: 2022, 2026)"
B — Vila Franca de Xira → Azambuja (~28 km),39.026814,-8.922529,0.0,"Castanheira / Azambuja (events: 2022, 2026)"
B — Vila Franca de Xira → Azambuja (~28 km),39.027516,-8.920893,0.0,"Castanheira / Azambuja (events: 2022, 2026)"
B — Vila Franca de Xira → Azambuja (~28 km),39.027189,-8.92129,0.0,"Castanheira / Azambuja (events: 2022, 2026)"
B — Vila Franca de Xira → Azambuja (~28 km),39.026861,-8.921686,0.0,"Castanheira / Azambuja (events: 2022, 2026)"
B — Vila Franca de Xira → Azambuja (~28 km),39.026534,-8.922083,0.0,"Castanheira / Azambuja (events: 2022, 2026)"
B — Vila Franca de Xira → Azambuja (~28 km),39.026207,-8.92248,0.0,"Castanheira / Azambuja (events: 2022, 2026)"
B — Vila Franca de Xira → Azambuja (~28 km),39.025879,-8.922877,0.0,"Castanheira / Azambuja (events: 2022, 2026)"
B — Vila Franca de Xira → Azambuja (~28 km),39.025552,-8.923274,0.0,"Castanheira / Azambuja (events: 2022, 2026)"
B — Vila Franca de Xira → Azambuja (~28 km),39.025225,-8.923671,0.0,"Castanheira / Azambuja (events: 2022, 2026)"
B — Vila Franca de Xira → Azambuja (~28 km),39.024897,-8.924068,0.0,"Castanheira / Azambuja (events: 2022, 2026)"
B — Vila Franca de Xira → Azambuja (~28 km),39.02457,-8.924464,0.0,"Castanheira / Azambuja (events: 2022, 2026)"
B — Vila Franca de Xira → Azambuja (~28 km),39.024243,-8.924861,0.0,"Castanheira / Azambuja (events: 2022, 2026)"
B — Vila Franca de Xira → Azambuja (~28 km),39.023915,-8.925258,0.0,"Castanheira / Azambuja (events: 2022, 2026)"
B — Vila Franca de Xira → Azambuja (~28 km),39.023588,-8.925655,0.0,"Castanheira / Azambuja (events: 2022, 2026)"
B — Vila Franca de Xira → Azambuja (~28 km),39.023261,-8.926052,0.0,"Castanheira / Azambuja (events: 2022, 2026)"
B — Vila Franca de Xira → Azambuja (~28 km),39.022933,-8.926449,0.0,"Castanheira / Azambuja (events: 2022, 2026)"
B — Vila Franca de Xira → Azambuja (~28 km),39.022606,-8.926846,0.0,"Castanheira / Azambuja (events: 2022, 2026)"
B — Vila Franca de Xira → Azambuja (~28 km),39.022279,-8.927242,0.0,"Castanheira / Azambuja (events: 2022, 2026)"
B — Vila Franca de Xira → Azambuja (~28 km),39.021951,-8.927639,0.0,"Castanheira / Azambuja (events: 2022, 2026)"
B — Vila Franca de Xira → Azambuja (~28 km),39.021624,-8.928036,0.0,"Castanheira / Azambuja (events: 2022, 2026)"
B — Vila Franca de Xira → Azambuja (~28 km),39.021297,-8.928433,0.0,"Castanheira / Azambuja (events: 2022, 2026)"
B — Vila Franca de Xira → Azambuja (~28 km),39.020969,-8.92883,0.0,"Castanheira / Azambuja (events: 2022, 2026)"
B — Vila Franca de Xira → Azambuja (~28 km),39.020642,-8.929227,0.0,"Castanheira / Azambuja (events: 2022, 2026)"
B — Vila Franca de Xira → Azambuja (~28 km),39.020315,-8.929624,0.0,"Castanheira / Azambuja (events: 2022, 2026)"
B — Vila Franca de Xira → Azambuja (~28 km),39.019987,-8.93002,0.0,"Castanheira / Azambuja (events: 2022, 2026)"
B — Vila Franca de Xira → Azambuja (~28 km),39.01966,-8.930417,0.0,"Castanheira / Azambuja (events: 2022, 2026)"
B — Vila Franca de Xira → Azambuja (~28 km),39.019333,-8.930814,0.0,"Castanheira / Azambuja (events: 2022, 2026)"
B — Vila Franca de Xira → Azambuja (~28 km),39.019005,-8.931211,0.0,"Castanheira / Azambuja (events: 2022, 2026)"
B — Vila Franca de Xira → Azambuja (~28 km),39.018678,-8.931608,0.0,"Castanheira / Azambuja (events: 2022, 2026)"
B — Vila Franca de Xira → Azambuja (~28 km),39.018351,-8.932005,0.0,"Castanheira / Azambuja (events: 2022, 2026)"
B — Vila Franca de Xira → Azambuja (~28 km),39.018023,-8.932402,0.0,"Castanheira / Azambuja (events: 2022, 2026)"
B — Vila Franca de Xira → Azambuja (~28 km),39.017696,-8.932799,0.0,"Castanheira / Azambuja (events: 2022, 2026)"
B — Vila Franca de Xira → Azambuja (~28 km),39.017369,-8.933195,0.0,"Castanheira / Azambuja (events: 2022, 2026)"
B — Vila Franca de Xira → Azambuja (~28 km),39.017041,-8.933592,0.0,"Castanheira / Azambuja (events: 2022, 2026)"
B — Vila Franca de Xira → Azambuja (~28 km),39.016714,-8.933989,0.0,"Castanheira / Azambuja (events: 2022, 2026)"
B — Vila Franca de Xira → Azambuja (~28 km),39.016387,-8.934386,0.0,"Castanheira / Azambuja (events: 2022, 2026)"
B — Vila Franca de Xira → Azambuja (~28 km),39.016059,-8.934783,0.0,"Castanheira / Azambuja (events: 2022, 2026)"
B — Vila Franca de Xira → Azambuja (~28 km),39.015732,-8.93518,0.0,"Castanheira / Azambuja (events: 2022, 2026)"
B — Vila Franca de Xira → Azambuja (~28 km),39.015405,-8.935577,0.0,"Castanheira / Azambuja (events: 2022, 2026)"
B — Vila Franca de Xira → Azambuja (~28 km),39.015077,-8.935973,0.0,"Castanheira / Azambuja (events: 2022, 2026)"
B — Vila Franca de Xira → Azambuja (~28 km),39.01475,-8.93637,0.0,"Castanheira / Azambuja (events: 2022, 2026)"
B — Vila Franca de Xira → Azambuja (~28 km),39.014423,-8.936767,0.0,"Castanheira / Azambuja (events: 2022, 2026)"
B — Vila Franca de Xira → Azambuja (~28 km),39.014095,-8.937164,0.0,"Castanheira / Azambuja (events: 2022, 2026)"
B — Vila Franca de Xira → Azambuja (~28 km),39.013768,-8.937561,0.0,"Castanheira / Azambuja (events: 2022, 2026)"
B — Vila Franca de Xira → Azambuja (~28 km),39.013441,-8.937958,0.0,"Castanheira / Azambuja (events: 2022, 2026)"
B — Vila Franca de Xira → Azambuja (~28 km),39.013113,-8.938355,0.0,"Castanheira / Azambuja (events: 2022, 2026)"
B — Vila Franca de Xira → Azambuja (~28 km),39.012786,-8.938751,0.0,"Castanheira / Azambuja (events: 2022, 2026)"
B — Vila Franca de Xira → Azambuja (~28 km),39.012459,-8.939148,0.0,"Castanheira / Azambuja (events: 2022, 2026)"
B — Vila Franca de Xira → Azambuja (~28 km),39.030523,-8.909609,0.0,"Castanheira / Azambuja (events: 2022, 2026)"
B — Vila Franca de Xira → Azambuja (~28 km),39.009482,-8.941216,0.001,"Castanheira / Azambuja (events: 2022, 2026)"
B — Vila Franca de Xira → Azambuja (~28 km),39.027768,-8.919918,0.002,"Castanheira / Azambuja (events: 2022, 2026)"
A — Sacavém / Bobadela → Vila Franca de Xira (~22 km),38.948244,-8.991115,0.002,Alverca / Vila Franca (events: 2026)
A — Sacavém / Bobadela → Vila Franca de Xira (~22 km),38.808689,-9.088821,0.002,"Sacavém / Bobadela (events: 2008, 2014, 2026)"
A — Sacavém / Bobadela → Vila Franca de Xira (~22 km),38.823959,-9.084592,0.003,"Sacavém / Bobadela (events: 2008, 2014, 2026)"
B — Vila Franca de Xira → Azambuja (~28 km),39.027139,-8.922129,0.005,"Castanheira / Azambuja (events: 2022, 2026)"
B — Vila Franca de Xira → Azambuja (~28 km),39.013859,-8.938443,0.005,"Castanheira / Azambuja (events: 2022, 2026)"
B — Vila Franca de Xira → Azambuja (~28 km),38.956808,-8.981787,0.006,Alverca / Vila Franca (events: 2026)
B — Vila Franca de Xira → Azambuja (~28 km),39.028182,-8.918812,0.006,"Castanheira / Azambuja (events: 2022, 2026)"
A — Sacavém / Bobadela → Vila Franca de Xira (~22 km),38.810053,-9.091785,0.01,"Sacavém / Bobadela (events: 2008, 2014, 2026)"
A — Sacavém / Bobadela → Vila Franca de Xira (~22 km),38.949867,-8.990057,0.012,Alverca / Vila Franca (events: 2026)
A — Sacavém / Bobadela → Vila Franca de Xira (~22 km),38.807808,-9.089055,0.02,"Sacavém / Bobadela (events: 2008, 2014, 2026)"
A — Sacavém / Bobadela → Vila Franca de Xira (~22 km),38.823319,-9.084178,0.023,"Sacavém / Bobadela (events: 2008, 2014, 2026)"
B — Vila Franca de Xira → Azambuja (~28 km),39.013811,-8.938527,0.029,"Castanheira / Azambuja (events: 2022, 2026)"
A — Sacavém / Bobadela → Vila Franca de Xira (~22 km),38.805436,-9.089323,0.03,"Sacavém / Bobadela (events: 2008, 2014, 2026)"
B — Vila Franca de Xira → Azambuja (~28 km),38.95645,-8.982137,0.031,Alverca / Vila Franca (events: 2026)
A — Sacavém / Bobadela → Vila Franca de Xira (~22 km),38.823077,-9.084818,0.034,"Sacavém / Bobadela (events: 2008, 2014, 2026)"
A — Sacavém / Bobadela → Vila Franca de Xira (~22 km),38.823659,-9.084841,0.035,"Sacavém / Bobadela (events: 2008, 2014, 2026)"
A — Sacavém / Bobadela → Vila Franca de Xira (~22 km),38.849613,-9.063168,0.035,"Sacavém / Bobadela (events: 2008, 2014, 2026)"
B — Vila Franca de Xira → Azambuja (~28 km),39.011848,-8.939526,0.036,"Castanheira / Azambuja (events: 2022, 2026)"
B — Vila Franca de Xira → Azambuja (~28 km),39.010565,-8.929675,0.038,"Castanheira / Azambuja (events: 2022, 2026)"
A — Sacavém / Bobadela → Vila Franca de Xira (~22 km),38.810728,-9.087971,0.039,"Sacavém / Bobadela (events: 2008, 2014, 2026)"
A — Sacavém / Bobadela → Vila Franca de Xira (~22 km),38.846712,-9.06308,0.04,"Sacavém / Bobadela (events: 2008, 2014, 2026)"
B — Vila Franca de Xira → Azambuja (~28 km),38.955735,-8.982838,0.045,Alverca / Vila Franca (events: 2026)
A — Sacavém / Bobadela → Vila Franca de Xira (~22 km),38.81045,-9.088353,0.047,"Sacavém / Bobadela (events: 2008, 2014, 2026)"
A — Sacavém / Bobadela → Vila Franca de Xira (~22 km),38.85001,-9.062898,0.05,"Sacavém / Bobadela (events: 2008, 2014, 2026)"
A — Sacavém / Bobadela → Vila Franca de Xira (~22 km),38.856523,-9.057135,0.051,"Póvoa de Santa Iria (events: 2008, 2010, 2026)"
A — Sacavém / Bobadela → Vila Franca de Xira (~22 km),38.870858,-9.046293,0.053,"Póvoa de Santa Iria (events: 2008, 2010, 2026)"
A — Sacavém / Bobadela → Vila Franca de Xira (~22 km),38.849549,-9.06241,0.054,"Sacavém / Bobadela (events: 2008, 2014, 2026)"
B — Vila Franca de Xira → Azambuja (~28 km),39.03088,-8.909259,0.055,"Castanheira / Azambuja (events: 2022, 2026)"
B — Vila Franca de Xira → Azambuja (~28 km),39.005964,-8.943511,0.057,"Castanheira / Azambuja (events: 2022, 2026)"
A — Sacavém / Bobadela → Vila Franca de Xira (~22 km),38.823518,-9.084705,0.058,"Sacavém / Bobadela (events: 2008, 2014, 2026)"
B — Vila Franca de Xira → Azambuja (~28 km),39.028242,-8.918737,0.059,"Castanheira / Azambuja (events: 2022, 2026)"
B — Vila Franca de Xira → Azambuja (~28 km),39.010126,-8.92958,0.062,"Castanheira / Azambuja (events: 2022, 2026)"
A — Sacavém / Bobadela → Vila Franca de Xira (~22 km),38.85691,-9.056842,0.064,"Póvoa de Santa Iria (events: 2008, 2010, 2026)"
A — Sacavém / Bobadela → Vila Franca de Xira (~22 km),38.823248,-9.084418,0.066,"Sacavém / Bobadela (events: 2008, 2014, 2026)"
A — Sacavém / Bobadela → Vila Franca de Xira (~22 km),38.804995,-9.089436,0.066,"Sacavém / Bobadela (events: 2008, 2014, 2026)"
A — Sacavém / Bobadela → Vila Franca de Xira (~22 km),38.849161,-9.062703,0.067,"Sacavém / Bobadela (events: 2008, 2014, 2026)"
B — Vila Franca de Xira → Azambuja (~28 km),39.009052,-8.94163,0.072,"Castanheira / Azambuja (events: 2022, 2026)"
A — Sacavém / Bobadela → Vila Franca de Xira (~22 km),38.870083,-9.046879,0.073,"Póvoa de Santa Iria (events: 2008, 2010, 2026)"
A — Sacavém / Bobadela → Vila Franca de Xira (~22 km),38.850805,-9.062358,0.073,"Sacavém / Bobadela (events: 2008, 2014, 2026)"
A — Sacavém / Bobadela → Vila Franca de Xira (~22 km),38.850408,-9.062628,0.074,"Sacavém / Bobadela (events: 2008, 2014, 2026)"
B — Vila Franca de Xira → Azambuja (~28 km),39.028093,-8.919518,0.074,"Castanheira / Azambuja (events: 2022, 2026)"
A — Sacavém / Bobadela → Vila Franca de Xira (~22 km),38.88175,-9.041478,0.075,"Póvoa de Santa Iria (events: 2008, 2010, 2026)"
B — Vila Franca de Xira → Azambuja (~28 km),39.027464,-8.92173,0.085,"Castanheira / Azambuja (events: 2022, 2026)"
A — Sacavém / Bobadela → Vila Franca de Xira (~22 km),38.948279,-8.991143,0.087,Alverca / Vila Franca (events: 2026)
B — Vila Franca de Xira → Azambuja (~28 km),39.009768,-8.929931,0.098,"Castanheira / Azambuja (events: 2022, 2026)"
A — Sacavém / Bobadela → Vila Franca de Xira (~22 km),38.823219,-9.084958,0.103,"Sacavém / Bobadela (events: 2008, 2014, 2026)"
A — Sacavém / Bobadela → Vila Franca de Xira (~22 km),38.822011,-9.085109,0.114,"Sacavém / Bobadela (events: 2008, 2014, 2026)"
A — Sacavém / Bobadela → Vila Franca de Xira (~22 km),38.836147,-9.074001,0.115,"Sacavém / Bobadela (events: 2008, 2014, 2026)"
A — Sacavém / Bobadela → Vila Franca de Xira (~22 km),38.847999,-9.063583,0.115,"Sacavém / Bobadela (events: 2008, 2014, 2026)"
A — Sacavém / Bobadela → Vila Franca de Xira (~22 km),38.797057,-9.091463,0.119,"Sacavém / Bobadela (events: 2008, 2014, 2026)"
B — Vila Franca de Xira → Azambuja (~28 km),38.945715,-8.992649,0.122,Alverca / Vila Franca (events: 2026)
A — Sacavém / Bobadela → Vila Franca de Xira (~22 km),38.835361,-9.074562,0.125,"Sacavém / Bobadela (events: 2008, 2014, 2026)"
B — Vila Franca de Xira → Azambuja (~28 km),39.011523,-8.939926,0.132,"Castanheira / Azambuja (events: 2022, 2026)"
A — Sacavém / Bobadela → Vila Franca de Xira (~22 km),38.808248,-9.088938,0.132,"Sacavém / Bobadela (events: 2008, 2014, 2026)"
A — Sacavém / Bobadela → Vila Franca de Xira (~22 km),38.848279,-9.061944,0.132,"Sacavém / Bobadela (events: 2008, 2014, 2026)"
A — Sacavém / Bobadela → Vila Franca de Xira (~22 km),38.949435,-8.9903,0.133,Alverca / Vila Franca (events: 2026)
A — Sacavém / Bobadela → Vila Franca de Xira (~22 km),38.882321,-9.040219,0.134,"Póvoa de Santa Iria (events: 2008, 2010, 2026)"
A — Sacavém / Bobadela → Vila Franca de Xira (~22 km),38.807368,-9.089172,0.137,"Sacavém / Bobadela (events: 2008, 2014, 2026)"
A — Sacavém / Bobadela → Vila Franca de Xira (~22 km),38.877832,-9.041018,0.146,"Póvoa de Santa Iria (events: 2008, 2010, 2026)"
A — Sacavém / Bobadela → Vila Franca de Xira (~22 km),38.8241,-9.084724,0.149,"Sacavém / Bobadela (events: 2008, 2014, 2026)"
A — Sacavém / Bobadela → Vila Franca de Xira (~22 km),38.796616,-9.091576,0.151,"Sacavém / Bobadela (events: 2008, 2014, 2026)"
A — Sacavém / Bobadela → Vila Franca de Xira (~22 km),38.850236,-9.060525,0.159,"Sacavém / Bobadela (events: 2008, 2014, 2026)"
B — Vila Franca de Xira → Azambuja (~28 km),39.023654,-8.916457,0.16,"Castanheira / Azambuja (events: 2022, 2026)"
A — Sacavém / Bobadela → Vila Franca de Xira (~22 km),38.944274,-8.99383,0.171,Alverca / Vila Franca (events: 2026)
B — Vila Franca de Xira → Azambuja (~28 km),38.946073,-8.992298,0.187,Alverca / Vila Franca (events: 2026)
A — Sacavém / Bobadela → Vila Franca de Xira (~22 km),38.882702,-9.039911,0.198,"Póvoa de Santa Iria (events: 2008, 2010, 2026)"
B — Vila Franca de Xira → Azambuja (~28 km),39.028512,-8.918419,0.204,"Castanheira / Azambuja (events: 2022, 2026)"
A — Sacavém / Bobadela → Vila Franca de Xira (~22 km),38.881941,-9.040527,0.21,"Póvoa de Santa Iria (events: 2008, 2010, 2026)"
A — Sacavém / Bobadela → Vila Franca de Xira (~22 km),38.94745,-8.991658,0.214,Alverca / Vila Franca (events: 2026)
A — Sacavém / Bobadela → Vila Franca de Xira (~22 km),38.858067,-9.054846,0.216,"Póvoa de Santa Iria (events: 2008, 2010, 2026)"
A — Sacavém / Bobadela → Vila Franca de Xira (~22 km),38.94947,-8.990329,0.223,Alverca / Vila Franca (events: 2026)
A — Sacavém / Bobadela → Vila Franca de Xira (~22 km),38.881357,-9.041758,0.26,"Póvoa de Santa Iria (events: 2008, 2010, 2026)"
A — Sacavém / Bobadela → Vila Franca de Xira (~22 km),38.845146,-9.064216,0.261,"Sacavém / Bobadela (events: 2008, 2014, 2026)"
A — Sacavém / Bobadela → Vila Franca de Xira (~22 km),38.857675,-9.05513,0.262,"Póvoa de Santa Iria (events: 2008, 2010, 2026)"
A — Sacavém / Bobadela → Vila Franca de Xira (~22 km),38.870987,-9.045476,0.262,"Póvoa de Santa Iria (events: 2008, 2010, 2026)"
A — Sacavém / Bobadela → Vila Franca de Xira (~22 km),38.847971,-9.071596,0.27,"Sacavém / Bobadela (events: 2008, 2014, 2026)"
A — Sacavém / Bobadela → Vila Franca de Xira (~22 km),38.877834,-9.044003,0.276,"Póvoa de Santa Iria (events: 2008, 2010, 2026)"
A — Sacavém / Bobadela → Vila Franca de Xira (~22 km),38.880775,-9.038377,0.287,"Póvoa de Santa Iria (events: 2008, 2010, 2026)"
A — Sacavém / Bobadela → Vila Franca de Xira (~22 km),38.856135,-9.057429,0.287,"Póvoa de Santa Iria (events: 2008, 2010, 2026)"
A — Sacavém / Bobadela → Vila Franca de Xira (~22 km),38.821898,-9.085309,0.296,"Sacavém / Bobadela (events: 2008, 2014, 2026)"
B — Vila Franca de Xira → Azambuja (~28 km),39.023724,-8.916266,0.304,"Castanheira / Azambuja (events: 2022, 2026)"
A — Sacavém / Bobadela → Vila Franca de Xira (~22 km),38.8789,-9.042994,0.306,"Póvoa de Santa Iria (events: 2008, 2010, 2026)"
A — Sacavém / Bobadela → Vila Franca de Xira (~22 km),38.840218,-9.073353,0.306,"Sacavém / Bobadela (events: 2008, 2014, 2026)"
A — Sacavém / Bobadela → Vila Franca de Xira (~22 km),38.824485,-9.083728,0.31,"Sacavém / Bobadela (events: 2008, 2014, 2026)"
A — Sacavém / Bobadela → Vila Franca de Xira (~22 km),38.801908,-9.090224,0.311,"Sacavém / Bobadela (events: 2008, 2014, 2026)"
A — Sacavém / Bobadela → Vila Franca de Xira (~22 km),38.828148,-9.081085,0.323,"Sacavém / Bobadela (events: 2008, 2014, 2026)"
B — Vila Franca de Xira → Azambuja (~28 km),39.027843,-8.920496,0.329,"Castanheira / Azambuja (events: 2022, 2026)"
A — Sacavém / Bobadela → Vila Franca de Xira (~22 km),38.824526,-9.083405,0.336,"Sacavém / Bobadela (events: 2008, 2014, 2026)"
A — Sacavém / Bobadela → Vila Franca de Xira (~22 km),38.845929,-9.063648,0.337,"Sacavém / Bobadela (events: 2008, 2014, 2026)"
A — Sacavém / Bobadela → Vila Franca de Xira (~22 km),38.876468,-9.0415,0.339,"Póvoa de Santa Iria (events: 2008, 2010, 2026)"
A — Sacavém / Bobadela → Vila Franca de Xira (~22 km),38.802349,-9.090112,0.345,"Sacavém / Bobadela (events: 2008, 2014, 2026)"
A — Sacavém / Bobadela → Vila Franca de Xira (~22 km),38.82855,-9.080827,0.347,"Sacavém / Bobadela (events: 2008, 2014, 2026)"
A — Sacavém / Bobadela → Vila Franca de Xira (~22 km),38.850711,-9.061531,0.356,"Sacavém / Bobadela (events: 2008, 2014, 2026)"
A — Sacavém / Bobadela → Vila Franca de Xira (~22 km),38.869421,-9.046611,0.372,"Póvoa de Santa Iria (events: 2008, 2010, 2026)"
A — Sacavém / Bobadela → Vila Franca de Xira (~22 km),38.877759,-9.043919,0.372,"Póvoa de Santa Iria (events: 2008, 2010, 2026)"
A — Sacavém / Bobadela → Vila Franca de Xira (~22 km),38.948641,-8.990843,0.375,Alverca / Vila Franca (events: 2026)
A — Sacavém / Bobadela → Vila Franca de Xira (~22 km),38.847571,-9.07186,0.383,"Sacavém / Bobadela (events: 2008, 2014, 2026)"
B — Vila Franca de Xira → Azambuja (~28 km),39.027681,-8.921037,0.392,"Castanheira / Azambuja (events: 2022, 2026)"
A — Sacavém / Bobadela → Vila Franca de Xira (~22 km),38.839816,-9.073611,0.403,"Sacavém / Bobadela (events: 2008, 2014, 2026)"
B — Vila Franca de Xira → Azambuja (~28 km),39.010919,-8.929318,0.417,"Castanheira / Azambuja (events: 2022, 2026)"
A — Sacavém / Bobadela → Vila Franca de Xira (~22 km),38.881319,-9.03838,0.417,"Póvoa de Santa Iria (events: 2008, 2010, 2026)"
A — Sacavém / Bobadela → Vila Franca de Xira (~22 km),38.849958,-9.071639,0.426,"Sacavém / Bobadela (events: 2008, 2014, 2026)"
A — Sacavém / Bobadela → Vila Franca de Xira (~22 km),38.875685,-9.042068,0.43,"Póvoa de Santa Iria (events: 2008, 2010, 2026)"
A — Sacavém / Bobadela → Vila Franca de Xira (~22 km),38.809467,-9.090431,0.431,"Sacavém / Bobadela (events: 2008, 2014, 2026)"
A — Sacavém / Bobadela → Vila Franca de Xira (~22 km),38.8244,-9.08448,0.435,"Sacavém / Bobadela (events: 2008, 2014, 2026)"
A — Sacavém / Bobadela → Vila Franca de Xira (~22 km),38.796175,-9.091688,0.439,"Sacavém / Bobadela (events: 2008, 2014, 2026)"
A — Sacavém / Bobadela → Vila Franca de Xira (~22 km),38.850802,-9.072322,0.439,"Sacavém / Bobadela (events: 2008, 2014, 2026)"
B — Vila Franca de Xira → Azambuja (~28 km),39.028506,-8.917783,0.44,"Castanheira / Azambuja (events: 2022, 2026)"
B — Vila Franca de Xira → Azambuja (~28 km),39.011198,-8.940326,0.441,"Castanheira / Azambuja (events: 2022, 2026)"
A — Sacavém / Bobadela → Vila Franca de Xira (~22 km),38.824929,-9.083147,0.445,"Sacavém / Bobadela (events: 2008, 2014, 2026)"
A — Sacavém / Bobadela → Vila Franca de Xira (~22 km),38.944671,-8.993558,0.45,Alverca / Vila Franca (events: 2026)
A — Sacavém / Bobadela → Vila Franca de Xira (~22 km),38.867897,-9.050751,0.451,"Póvoa de Santa Iria (events: 2008, 2010, 2026)"
B — Vila Franca de Xira → Azambuja (~28 km),39.013538,-8.938848,0.452,"Castanheira / Azambuja (events: 2022, 2026)"
A — Sacavém / Bobadela → Vila Franca de Xira (~22 km),38.852194,-9.059105,0.455,"Sacavém / Bobadela (events: 2008, 2014, 2026)"
A — Sacavém / Bobadela → Vila Franca de Xira (~22 km),38.947485,-8.991686,0.456,Alverca / Vila Franca (events: 2026)
B — Vila Franca de Xira → Azambuja (~28 km),39.013485,-8.938926,0.461,"Castanheira / Azambuja (events: 2022, 2026)"
A — Sacavém / Bobadela → Vila Franca de Xira (~22 km),38.805166,-9.089757,0.462,"Sacavém / Bobadela (events: 2008, 2014, 2026)"
A — Sacavém / Bobadela → Vila Franca de Xira (~22 km),38.825331,-9.082889,0.469,"Sacavém / Bobadela (events: 2008, 2014, 2026)"
B — Vila Franca de Xira → Azambuja (~28 km),39.008393,-8.942417,0.483,"Castanheira / Azambuja (events: 2022, 2026)"
A — Sacavém / Bobadela → Vila Franca de Xira (~22 km),38.851203,-9.062088,0.484,"Sacavém / Bobadela (events: 2008, 2014, 2026)"
A — Sacavém / Bobadela → Vila Franca de Xira (~22 km),38.94431,-8.993858,0.489,Alverca / Vila Franca (events: 2026)
A — Sacavém / Bobadela → Vila Franca de Xira (~22 km),38.804113,-9.089661,0.49,"Sacavém / Bobadela (events: 2008, 2014, 2026)"
A — Sacavém / Bobadela → Vila Franca de Xira (~22 km),38.848371,-9.071333,0.495,"Sacavém / Bobadela (events: 2008, 2014, 2026)"
B — Vila Franca de Xira → Azambuja (~28 km),39.080441,-8.843726,0.505,"Castanheira / Azambuja (events: 2022, 2026)"
A — Sacavém / Bobadela → Vila Franca de Xira (~22 km),38.871378,-9.045192,0.507,"Póvoa de Santa Iria (events: 2008, 2010, 2026)"
B — Vila Franca de Xira → Azambuja (~28 km),39.008723,-8.942024,0.53,"Castanheira / Azambuja (events: 2022, 2026)"
A — Sacavém / Bobadela → Vila Franca de Xira (~22 km),38.810417,-9.092009,0.53,"Sacavém / Bobadela (events: 2008, 2014, 2026)"
A — Sacavém / Bobadela → Vila Franca de Xira (~22 km),38.819058,-9.088663,0.534,"Sacavém / Bobadela (events: 2008, 2014, 2026)"
A — Sacavém / Bobadela → Vila Franca de Xira (~22 km),38.804554,-9.089548,0.537,"Sacavém / Bobadela (events: 2008, 2014, 2026)"
A — Sacavém / Bobadela → Vila Franca de Xira (~22 km),38.801467,-9.090337,0.541,"Sacavém / Bobadela (events: 2008, 2014, 2026)"
A — Sacavém / Bobadela → Vila Franca de Xira (~22 km),38.878643,-9.044696,0.543,"Póvoa de Santa Iria (events: 2008, 2010, 2026)"
A — Sacavém / Bobadela → Vila Franca de Xira (~22 km),38.821754,-9.085156,0.548,"Sacavém / Bobadela (events: 2008, 2014, 2026)"
A — Sacavém / Bobadela → Vila Franca de Xira (~22 km),38.819167,-9.088679,0.548,"Sacavém / Bobadela (events: 2008, 2014, 2026)"
B — Vila Franca de Xira → Azambuja (~28 km),39.056553,-8.883235,0.567,"Castanheira / Azambuja (events: 2022, 2026)"
A — Sacavém / Bobadela → Vila Franca de Xira (~22 km),38.878817,-9.039797,0.57,"Póvoa de Santa Iria (events: 2008, 2010, 2026)"
A — Sacavém / Bobadela → Vila Franca de Xira (~22 km),38.82171,-9.085209,0.578,"Sacavém / Bobadela (events: 2008, 2014, 2026)"
B — Vila Franca de Xira → Azambuja (~28 km),39.009153,-8.941611,0.58,"Castanheira / Azambuja (events: 2022, 2026)"
A — Sacavém / Bobadela → Vila Franca de Xira (~22 km),38.81089,-9.088235,0.587,"Sacavém / Bobadela (events: 2008, 2014, 2026)"
B — Vila Franca de Xira → Azambuja (~28 km),39.053066,-8.887535,0.59,"Castanheira / Azambuja (events: 2022, 2026)"
A — Sacavém / Bobadela → Vila Franca de Xira (~22 km),38.809641,-9.092015,0.597,"Sacavém / Bobadela (events: 2008, 2014, 2026)"
B — Vila Franca de Xira → Azambuja (~28 km),39.012131,-8.939545,0.605,"Castanheira / Azambuja (events: 2022, 2026)"
A — Sacavém / Bobadela → Vila Franca de Xira (~22 km),38.809909,-9.089771,0.614,"Sacavém / Bobadela (events: 2008, 2014, 2026)"
B — Vila Franca de Xira → Azambuja (~28 km),39.031083,-8.908955,0.615,"Castanheira / Azambuja (events: 2022, 2026)"
A — Sacavém / Bobadela → Vila Franca de Xira (~22 km),38.808343,-9.090906,0.616,"Sacavém / Bobadela (events: 2008, 2014, 2026)"
A — Sacavém / Bobadela → Vila Franca de Xira (~22 km),38.881832,-9.041497,0.619,"Póvoa de Santa Iria (events: 2008, 2010, 2026)"
B — Vila Franca de Xira → Azambuja (~28 km),39.028572,-8.918342,0.626,"Castanheira / Azambuja (events: 2022, 2026)"
A — Sacavém / Bobadela → Vila Franca de Xira (~22 km),38.80279,-9.089999,0.628,"Sacavém / Bobadela (events: 2008, 2014, 2026)"
B — Vila Franca de Xira → Azambuja (~28 km),39.0805,-8.843684,0.633,"Castanheira / Azambuja (events: 2022, 2026)"
A — Sacavém / Bobadela → Vila Franca de Xira (~22 km),38.809518,-9.090055,0.636,"Sacavém / Bobadela (events: 2008, 2014, 2026)"
A — Sacavém / Bobadela → Vila Franca de Xira (~22 km),38.850628,-9.060241,0.641,"Sacavém / Bobadela (events: 2008, 2014, 2026)"
A — Sacavém / Bobadela → Vila Franca de Xira (~22 km),38.821599,-9.085339,0.653,"Sacavém / Bobadela (events: 2008, 2014, 2026)"
A — Sacavém / Bobadela → Vila Franca de Xira (~22 km),38.875067,-9.046244,0.653,"Póvoa de Santa Iria (events: 2008, 2010, 2026)"
A — Sacavém / Bobadela → Vila Franca de Xira (~22 km),38.851998,-9.061548,0.656,"Sacavém / Bobadela (events: 2008, 2014, 2026)"
A — Sacavém / Bobadela → Vila Franca de Xira (~22 km),38.82837,-9.084518,0.657,"Sacavém / Bobadela (events: 2008, 2014, 2026)"
A — Sacavém / Bobadela → Vila Franca de Xira (~22 km),38.851971,-9.068959,0.659,"Sacavém / Bobadela (events: 2008, 2014, 2026)"
A — Sacavém / Bobadela → Vila Franca de Xira (~22 km),38.853171,-9.068168,0.674,"Sacavém / Bobadela (events: 2008, 2014, 2026)"
A — Sacavém / Bobadela → Vila Franca de Xira (~22 km),38.803672,-9.089774,0.683,"Sacavém / Bobadela (events: 2008, 2014, 2026)"
A — Sacavém / Bobadela → Vila Franca de Xira (~22 km),38.79636,-9.092099,0.683,"Sacavém / Bobadela (events: 2008, 2014, 2026)"
A — Sacavém / Bobadela → Vila Franca de Xira (~22 km),38.81949,-9.088504,0.683,"Sacavém / Bobadela (events: 2008, 2014, 2026)"
A — Sacavém / Bobadela → Vila Franca de Xira (~22 km),38.948676,-8.990872,0.688,Alverca / Vila Franca (events: 2026)
A — Sacavém / Bobadela → Vila Franca de Xira (~22 km),38.944706,-8.993587,0.692,Alverca / Vila Franca (events: 2026)
A — Sacavém / Bobadela → Vila Franca de Xira (~22 km),38.876077,-9.041784,0.712,"Póvoa de Santa Iria (events: 2008, 2010, 2026)"
B — Vila Franca de Xira → Azambuja (~28 km),39.0233,-8.916815,0.713,"Castanheira / Azambuja (events: 2022, 2026)"
A — Sacavém / Bobadela → Vila Franca de Xira (~22 km),38.877818,-9.044282,0.717,"Póvoa de Santa Iria (events: 2008, 2010, 2026)"
B — Vila Franca de Xira → Azambuja (~28 km),39.01316,-8.939326,0.718,"Castanheira / Azambuja (events: 2022, 2026)"
A — Sacavém / Bobadela → Vila Franca de Xira (~22 km),38.828952,-9.080569,0.719,"Sacavém / Bobadela (events: 2008, 2014, 2026)"
A — Sacavém / Bobadela → Vila Franca de Xira (~22 km),38.87928,-9.042686,0.721,"Póvoa de Santa Iria (events: 2008, 2010, 2026)"
A — Sacavém / Bobadela → Vila Franca de Xira (~22 km),38.824898,-9.083497,0.726,"Sacavém / Bobadela (events: 2008, 2014, 2026)"
A — Sacavém / Bobadela → Vila Franca de Xira (~22 km),38.802084,-9.090577,0.727,"Sacavém / Bobadela (events: 2008, 2014, 2026)"
A — Sacavém / Bobadela → Vila Franca de Xira (~22 km),38.811169,-9.087859,0.727,"Sacavém / Bobadela (events: 2008, 2014, 2026)"
A — Sacavém / Bobadela → Vila Franca de Xira (~22 km),38.819002,-9.088842,0.729,"Sacavém / Bobadela (events: 2008, 2014, 2026)"
A — Sacavém / Bobadela → Vila Franca de Xira (~22 km),38.840771,-9.076343,0.734,"Sacavém / Bobadela (events: 2008, 2014, 2026)"
A — Sacavém / Bobadela → Vila Franca de Xira (~22 km),38.881014,-9.041843,0.738,"Póvoa de Santa Iria (events: 2008, 2010, 2026)"
A — Sacavém / Bobadela → Vila Franca de Xira (~22 km),38.82454,-9.084606,0.738,"Sacavém / Bobadela (events: 2008, 2014, 2026)"
A — Sacavém / Bobadela → Vila Franca de Xira (~22 km),38.7968,-9.091982,0.741,"Sacavém / Bobadela (events: 2008, 2014, 2026)"
B — Vila Franca de Xira → Azambuja (~28 km),39.013216,-8.939253,0.748,"Castanheira / Azambuja (events: 2022, 2026)"
A — Sacavém / Bobadela → Vila Franca de Xira (~22 km),38.834968,-9.074842,0.749,"Sacavém / Bobadela (events: 2008, 2014, 2026)"
B — Vila Franca de Xira → Azambuja (~28 km),39.053435,-8.888304,0.751,"Castanheira / Azambuja (events: 2022, 2026)"
A — Sacavém / Bobadela → Vila Franca de Xira (~22 km),38.874796,-9.048733,0.755,"Póvoa de Santa Iria (events: 2008, 2010, 2026)"
A — Sacavém / Bobadela → Vila Franca de Xira (~22 km),38.852371,-9.068695,0.759,"Sacavém / Bobadela (events: 2008, 2014, 2026)"
A — Sacavém / Bobadela → Vila Franca de Xira (~22 km),38.81003,-9.092302,0.77,"Sacavém / Bobadela (events: 2008, 2014, 2026)"
A — Sacavém / Bobadela → Vila Franca de Xira (~22 km),38.810301,-9.089487,0.77,"Sacavém / Bobadela (events: 2008, 2014, 2026)"
A — Sacavém / Bobadela → Vila Franca de Xira (~22 km),38.876871,-9.046474,0.77,"Póvoa de Santa Iria (events: 2008, 2010, 2026)"
A — Sacavém / Bobadela → Vila Franca de Xira (~22 km),38.849062,-9.061376,0.773,"Sacavém / Bobadela (events: 2008, 2014, 2026)"
A — Sacavém / Bobadela → Vila Franca de Xira (~22 km),38.875507,-9.042776,0.774,"Póvoa de Santa Iria (events: 2008, 2010, 2026)"
A — Sacavém / Bobadela → Vila Franca de Xira (~22 km),38.803845,-9.090109,0.777,"Sacavém / Bobadela (events: 2008, 2014, 2026)"
A — Sacavém / Bobadela → Vila Franca de Xira (~22 km),38.825733,-9.082631,0.777,"Sacavém / Bobadela (events: 2008, 2014, 2026)"
A — Sacavém / Bobadela → Vila Franca de Xira (~22 km),38.85215,-9.069618,0.778,"Sacavém / Bobadela (events: 2008, 2014, 2026)"
A — Sacavém / Bobadela → Vila Franca de Xira (~22 km),38.803231,-9.089886,0.782,"Sacavém / Bobadela (events: 2008, 2014, 2026)"
A — Sacavém / Bobadela → Vila Franca de Xira (~22 km),38.879027,-9.043193,0.783,"Póvoa de Santa Iria (events: 2008, 2010, 2026)"
A — Sacavém / Bobadela → Vila Franca de Xira (~22 km),38.852515,-9.069281,0.791,"Sacavém / Bobadela (events: 2008, 2014, 2026)"
A — Sacavém / Bobadela → Vila Franca de Xira (~22 km),38.853246,-9.068608,0.792,"Sacavém / Bobadela (events: 2008, 2014, 2026)"
A — Sacavém / Bobadela → Vila Franca de Xira (~22 km),38.840883,-9.073832,0.792,"Sacavém / Bobadela (events: 2008, 2014, 2026)"
A — Sacavém / Bobadela → Vila Franca de Xira (~22 km),38.802524,-9.09046,0.807,"Sacavém / Bobadela (events: 2008, 2014, 2026)"
A — Sacavém / Bobadela → Vila Franca de Xira (~22 km),38.87177,-9.044908,0.809,"Póvoa de Santa Iria (events: 2008, 2010, 2026)"
A — Sacavém / Bobadela → Vila Franca de Xira (~22 km),38.801026,-9.090449,0.813,"Sacavém / Bobadela (events: 2008, 2014, 2026)"
A — Sacavém / Bobadela → Vila Franca de Xira (~22 km),38.87443,-9.049069,0.822,"Póvoa de Santa Iria (events: 2008, 2010, 2026)"
A — Sacavém / Bobadela → Vila Franca de Xira (~22 km),38.876253,-9.049839,0.829,"Póvoa de Santa Iria (events: 2008, 2010, 2026)"
A — Sacavém / Bobadela → Vila Franca de Xira (~22 km),38.819599,-9.088518,0.831,"Sacavém / Bobadela (events: 2008, 2014, 2026)"
A — Sacavém / Bobadela → Vila Franca de Xira (~22 km),38.852113,-9.068304,0.832,"Sacavém / Bobadela (events: 2008, 2014, 2026)"
A — Sacavém / Bobadela → Vila Franca de Xira (~22 km),38.840503,-9.07414,0.833,"Sacavém / Bobadela (events: 2008, 2014, 2026)"
B — Vila Franca de Xira → Azambuja (~28 km),39.05311,-8.888705,0.836,"Castanheira / Azambuja (events: 2022, 2026)"
A — Sacavém / Bobadela → Vila Franca de Xira (~22 km),38.851802,-9.059389,0.837,"Sacavém / Bobadela (events: 2008, 2014, 2026)"
B — Vila Franca de Xira → Azambuja (~28 km),38.957166,-8.981436,0.841,Alverca / Vila Franca (events: 2026)
A — Sacavém / Bobadela → Vila Franca de Xira (~22 km),38.819,-9.088895,0.841,"Sacavém / Bobadela (events: 2008, 2014, 2026)"
A — Sacavém / Bobadela → Vila Franca de Xira (~22 km),38.804286,-9.089991,0.842,"Sacavém / Bobadela (events: 2008, 2014, 2026)"
B — Vila Franca de Xira → Azambuja (~28 km),39.043791,-8.912873,0.844,"Castanheira / Azambuja (events: 2022, 2026)"
A — Sacavém / Bobadela → Vila Franca de Xira (~22 km),38.852771,-9.068432,0.845,"Sacavém / Bobadela (events: 2008, 2014, 2026)"
A — Sacavém / Bobadela → Vila Franca de Xira (~22 km),38.875048,-9.049443,0.855,"Póvoa de Santa Iria (events: 2008, 2010, 2026)"
A — Sacavém / Bobadela → Vila Franca de Xira (~22 km),38.875098,-9.046078,0.856,"Póvoa de Santa Iria (events: 2008, 2010, 2026)"
A — Sacavém / Bobadela → Vila Franca de Xira (~22 km),38.87509,-9.049427,0.858,"Póvoa de Santa Iria (events: 2008, 2010, 2026)"
B — Vila Franca de Xira → Azambuja (~28 km),39.053396,-8.888654,0.859,"Castanheira / Azambuja (events: 2022, 2026)"
A — Sacavém / Bobadela → Vila Franca de Xira (~22 km),38.828609,-9.081426,0.86,"Sacavém / Bobadela (events: 2008, 2014, 2026)"
A — Sacavém / Bobadela → Vila Franca de Xira (~22 km),38.821458,-9.085426,0.861,"Sacavém / Bobadela (events: 2008, 2014, 2026)"
A — Sacavém / Bobadela → Vila Franca de Xira (~22 km),38.875052,-9.045892,0.864,"Póvoa de Santa Iria (events: 2008, 2010, 2026)"
B — Vila Franca de Xira → Azambuja (~28 km),39.04377,-8.91284,0.865,"Castanheira / Azambuja (events: 2022, 2026)"
A — Sacavém / Bobadela → Vila Franca de Xira (~22 km),38.819435,-9.088688,0.866,"Sacavém / Bobadela (events: 2008, 2014, 2026)"
A — Sacavém / Bobadela → Vila Franca de Xira (~22 km),38.874744,-9.048607,0.869,"Póvoa de Santa Iria (events: 2008, 2010, 2026)"
A — Sacavém / Bobadela → Vila Franca de Xira (~22 km),38.878998,-9.043441,0.87,"Póvoa de Santa Iria (events: 2008, 2010, 2026)"
B — Vila Franca de Xira → Azambuja (~28 km),39.010873,-8.940727,0.871,"Castanheira / Azambuja (events: 2022, 2026)"
A — Sacavém / Bobadela → Vila Franca de Xira (~22 km),38.849593,-9.071976,0.872,"Sacavém / Bobadela (events: 2008, 2014, 2026)"
A — Sacavém / Bobadela → Vila Franca de Xira (~22 km),38.87439,-9.048962,0.875,"Póvoa de Santa Iria (events: 2008, 2010, 2026)"
A — Sacavém / Bobadela → Vila Franca de Xira (~22 km),38.855718,-9.056549,0.882,"Póvoa de Santa Iria (events: 2008, 2010, 2026)"
A — Sacavém / Bobadela → Vila Franca de Xira (~22 km),38.875294,-9.049237,0.882,"Póvoa de Santa Iria (events: 2008, 2010, 2026)"
B — Vila Franca de Xira → Azambuja (~28 km),39.053257,-8.888764,0.885,"Castanheira / Azambuja (events: 2022, 2026)"
B — Vila Franca de Xira → Azambuja (~28 km),38.992234,-8.947099,0.892,"Castanheira / Azambuja (events: 2022, 2026)"
B — Vila Franca de Xira → Azambuja (~28 km),39.008495,-8.9424,0.893,"Castanheira / Azambuja (events: 2022, 2026)"
A — Sacavém / Bobadela → Vila Franca de Xira (~22 km),38.874905,-9.049526,0.895,"Póvoa de Santa Iria (events: 2008, 2010, 2026)"
A — Sacavém / Bobadela → Vila Franca de Xira (~22 km),38.84867,-9.06166,0.9,"Sacavém / Bobadela (events: 2008, 2014, 2026)"
B — Vila Franca de Xira → Azambuja (~28 km),39.056907,-8.882878,0.901,"Castanheira / Azambuja (events: 2022, 2026)"
B — Vila Franca de Xira → Azambuja (~28 km),39.027789,-8.92133,0.905,"Castanheira / Azambuja (events: 2022, 2026)"
A — Sacavém / Bobadela → Vila Franca de Xira (~22 km),38.945862,-8.992744,0.905,Alverca / Vila Franca (events: 2026)
B — Vila Franca de Xira → Azambuja (~28 km),39.043682,-8.913145,0.908,"Castanheira / Azambuja (events: 2022, 2026)"
A — Sacavém / Bobadela → Vila Franca de Xira (~22 km),38.844242,-9.070776,0.914,"Sacavém / Bobadela (events: 2008, 2014, 2026)"
A — Sacavém / Bobadela → Vila Franca de Xira (~22 km),38.853611,-9.068271,0.915,"Sacavém / Bobadela (events: 2008, 2014, 2026)"
B — Vila Franca de Xira → Azambuja (~28 km),39.023366,-8.916616,0.919,"Castanheira / Azambuja (events: 2022, 2026)"
A — Sacavém / Bobadela → Vila Franca de Xira (~22 km),38.852585,-9.058821,0.92,"Sacavém / Bobadela (events: 2008, 2014, 2026)"
A — Sacavém / Bobadela → Vila Franca de Xira (~22 km),38.851098,-9.061238,0.924,"Sacavém / Bobadela (events: 2008, 2014, 2026)"
A — Sacavém / Bobadela → Vila Franca de Xira (~22 km),38.882206,-9.041034,0.927,"Póvoa de Santa Iria (events: 2008, 2010, 2026)"
A — Sacavém / Bobadela → Vila Franca de Xira (~22 km),38.875895,-9.042483,0.931,"Póvoa de Santa Iria (events: 2008, 2010, 2026)"
B — Vila Franca de Xira → Azambuja (~28 km),39.008824,-8.942005,0.931,"Castanheira / Azambuja (events: 2022, 2026)"
B — Vila Franca de Xira → Azambuja (~28 km),39.011273,-8.92896,0.934,"Castanheira / Azambuja (events: 2022, 2026)"
A — Sacavém / Bobadela → Vila Franca de Xira (~22 km),38.883082,-9.039602,0.949,"Póvoa de Santa Iria (events: 2008, 2010, 2026)"
A — Sacavém / Bobadela → Vila Franca de Xira (~22 km),38.845538,-9.063932,0.953,"Sacavém / Bobadela (events: 2008, 2014, 2026)"
A — Sacavém / Bobadela → Vila Franca de Xira (~22 km),38.878288,-9.045052,0.96,"Póvoa de Santa Iria (events: 2008, 2010, 2026)"
A — Sacavém / Bobadela → Vila Franca de Xira (~22 km),38.825421,-9.084372,0.968,"Sacavém / Bobadela (events: 2008, 2014, 2026)"
A — Sacavém / Bobadela → Vila Franca de Xira (~22 km),38.829021,-9.081195,0.97,"Sacavém / Bobadela (events: 2008, 2014, 2026)"
A — Sacavém / Bobadela → Vila Franca de Xira (~22 km),38.819433,-9.08874,0.972,"Sacavém / Bobadela (events: 2008, 2014, 2026)"
A — Sacavém / Bobadela → Vila Franca de Xira (~22 km),38.804726,-9.089874,0.975,"Sacavém / Bobadela (events: 2008, 2014, 2026)"
A — Sacavém / Bobadela → Vila Franca de Xira (~22 km),38.841194,-9.074632,0.975,"Sacavém / Bobadela (events: 2008, 2014, 2026)"
A — Sacavém / Bobadela → Vila Franca de Xira (~22 km),38.849608,-9.068325,0.979,"Sacavém / Bobadela (events: 2008, 2014, 2026)"
A — Sacavém / Bobadela → Vila Franca de Xira (~22 km),38.812051,-9.087634,0.979,"Sacavém / Bobadela (events: 2008, 2014, 2026)"
A — Sacavém / Bobadela → Vila Franca de Xira (~22 km),38.851019,-9.059957,0.984,"Sacavém / Bobadela (events: 2008, 2014, 2026)"
A — Sacavém / Bobadela → Vila Franca de Xira (~22 km),38.878034,-9.040365,0.989,"Póvoa de Santa Iria (events: 2008, 2010, 2026)"
A — Sacavém / Bobadela → Vila Franca de Xira (~22 km),38.852395,-9.061278,0.991,"Sacavém / Bobadela (events: 2008, 2014, 2026)"
B — Vila Franca de Xira → Azambuja (~28 km),39.053579,-8.888519,0.997,"Castanheira / Azambuja (events: 2022, 2026)"
A — Sacavém / Bobadela → Vila Franca de Xira (~22 km),38.848771,-9.071069,0.997,"Sacavém / Bobadela (events: 2008, 2014, 2026)"
A — Sacavém / Bobadela → Vila Franca de Xira (~22 km),38.869029,-9.046895,1.004,"Póvoa de Santa Iria (events: 2008, 2010, 2026)"
B — Vila Franca de Xira → Azambuja (~28 km),39.053586,-8.888369,1.005,"Castanheira / Azambuja (events: 2022, 2026)"
B — Vila Franca de Xira → Azambuja (~28 km),39.060577,-8.88081,1.007,"Castanheira / Azambuja (events: 2022, 2026)"
A — Sacavém / Bobadela → Vila Franca de Xira (~22 km),38.862751,-9.05892,1.011,"Póvoa de Santa Iria (events: 2008, 2010, 2026)"
A — Sacavém / Bobadela → Vila Franca de Xira (~22 km),38.875437,-9.049154,1.011,"Póvoa de Santa Iria (events: 2008, 2010, 2026)"
A — Sacavém / Bobadela → Vila Franca de Xira (~22 km),38.840621,-9.073095,1.016,"Sacavém / Bobadela (events: 2008, 2014, 2026)"
A — Sacavém / Bobadela → Vila Franca de Xira (~22 km),38.875445,-9.049073,1.018,"Póvoa de Santa Iria (events: 2008, 2010, 2026)"
A — Sacavém / Bobadela → Vila Franca de Xira (~22 km),38.849755,-9.068262,1.022,"Sacavém / Bobadela (events: 2008, 2014, 2026)"
A — Sacavém / Bobadela → Vila Franca de Xira (~22 km),38.853368,-9.058253,1.025,"Sacavém / Bobadela (events: 2008, 2014, 2026)"
A — Sacavém / Bobadela → Vila Franca de Xira (~22 km),38.818736,-9.088844,1.026,"Sacavém / Bobadela (events: 2008, 2014, 2026)"
A — Sacavém / Bobadela → Vila Franca de Xira (~22 km),38.85288,-9.068945,1.027,"Sacavém / Bobadela (events: 2008, 2014, 2026)"
A — Sacavém / Bobadela → Vila Franca de Xira (~22 km),38.852977,-9.058537,1.03,"Sacavém / Bobadela (events: 2008, 2014, 2026)"
A — Sacavém / Bobadela → Vila Franca de Xira (~22 km),38.841171,-9.076079,1.032,"Sacavém / Bobadela (events: 2008, 2014, 2026)"
A — Sacavém / Bobadela → Vila Franca de Xira (~22 km),38.800585,-9.090562,1.039,"Sacavém / Bobadela (events: 2008, 2014, 2026)"
A — Sacavém / Bobadela → Vila Franca de Xira (~22 km),38.874931,-9.050325,1.041,"Póvoa de Santa Iria (events: 2008, 2010, 2026)"
B — Vila Franca de Xira → Azambuja (~28 km),39.00665,-8.945929,1.042,"Castanheira / Azambuja (events: 2022, 2026)"
A — Sacavém / Bobadela → Vila Franca de Xira (~22 km),38.824841,-9.084367,1.043,"Sacavém / Bobadela (events: 2008, 2014, 2026)"
A — Sacavém / Bobadela → Vila Franca de Xira (~22 km),38.844644,-9.070518,1.046,"Sacavém / Bobadela (events: 2008, 2014, 2026)"
A — Sacavém / Bobadela → Vila Franca de Xira (~22 km),38.819923,-9.088348,1.046,"Sacavém / Bobadela (events: 2008, 2014, 2026)"
B — Vila Franca de Xira → Azambuja (~28 km),39.060176,-8.880651,1.052,"Castanheira / Azambuja (events: 2022, 2026)"
B — Vila Franca de Xira → Azambuja (~28 km),39.043938,-8.912668,1.056,"Castanheira / Azambuja (events: 2022, 2026)"
A — Sacavém / Bobadela → Vila Franca de Xira (~22 km),38.862596,-9.058708,1.064,"Póvoa de Santa Iria (events: 2008, 2010, 2026)"
A — Sacavém / Bobadela → Vila Franca de Xira (~22 km),38.876634,-9.049532,1.064,"Póvoa de Santa Iria (events: 2008, 2010, 2026)"
A — Sacavém / Bobadela → Vila Franca de Xira (~22 km),38.880931,-9.038673,1.064,"Póvoa de Santa Iria (events: 2008, 2010, 2026)"
A — Sacavém / Bobadela → Vila Franca de Xira (~22 km),38.875349,-9.049565,1.065,"Póvoa de Santa Iria (events: 2008, 2010, 2026)"
A — Sacavém / Bobadela → Vila Franca de Xira (~22 km),38.875384,-9.049535,1.067,"Póvoa de Santa Iria (events: 2008, 2010, 2026)"
B — Vila Franca de Xira → Azambuja (~28 km),39.053249,-8.888912,1.069,"Castanheira / Azambuja (events: 2022, 2026)"
A — Sacavém / Bobadela → Vila Franca de Xira (~22 km),38.945068,-8.993287,1.072,Alverca / Vila Franca (events: 2026)
A — Sacavém / Bobadela → Vila Franca de Xira (~22 km),38.855748,-9.057722,1.077,"Póvoa de Santa Iria (events: 2008, 2010, 2026)"
A — Sacavém / Bobadela → Vila Franca de Xira (~22 km),38.872162,-9.044624,1.078,"Póvoa de Santa Iria (events: 2008, 2010, 2026)"
A — Sacavém / Bobadela → Vila Franca de Xira (~22 km),38.827745,-9.081343,1.08,"Sacavém / Bobadela (events: 2008, 2014, 2026)"
A — Sacavém / Bobadela → Vila Franca de Xira (~22 km),38.874659,-9.049733,1.081,"Póvoa de Santa Iria (events: 2008, 2010, 2026)"
A — Sacavém / Bobadela → Vila Franca de Xira (~22 km),38.82498,-9.084489,1.082,"Sacavém / Bobadela (events: 2008, 2014, 2026)"
A — Sacavém / Bobadela → Vila Franca de Xira (~22 km),38.82875,-9.085124,1.082,"Sacavém / Bobadela (events: 2008, 2014, 2026)"
A — Sacavém / Bobadela → Vila Franca de Xira (~22 km),38.841435,-9.074399,1.084,"Sacavém / Bobadela (events: 2008, 2014, 2026)"
B — Vila Franca de Xira → Azambuja (~28 km),38.993232,-8.947179,1.091,"Castanheira / Azambuja (events: 2022, 2026)"
A — Sacavém / Bobadela → Vila Franca de Xira (~22 km),38.8737,-9.049743,1.091,"Póvoa de Santa Iria (events: 2008, 2010, 2026)"
A — Sacavém / Bobadela → Vila Franca de Xira (~22 km),38.874736,-9.049782,1.091,"Póvoa de Santa Iria (events: 2008, 2010, 2026)"
A — Sacavém / Bobadela → Vila Franca de Xira (~22 km),38.825282,-9.084254,1.093,"Sacavém / Bobadela (events: 2008, 2014, 2026)"
A — Sacavém / Bobadela → Vila Franca de Xira (~22 km),38.810805,-9.091715,1.095,"Sacavém / Bobadela (events: 2008, 2014, 2026)"
A — Sacavém / Bobadela → Vila Franca de Xira (~22 km),38.873681,-9.049673,1.095,"Póvoa de Santa Iria (events: 2008, 2010, 2026)"
A — Sacavém / Bobadela → Vila Franca de Xira (~22 km),38.809865,-9.090161,1.1,"Sacavém / Bobadela (events: 2008, 2014, 2026)"
A — Sacavém / Bobadela → Vila Franca de Xira (~22 km),38.812492,-9.087521,1.104,"Sacavém / Bobadela (events: 2008, 2014, 2026)"
A — Sacavém / Bobadela → Vila Franca de Xira (~22 km),38.841392,-9.074289,1.109,"Sacavém / Bobadela (events: 2008, 2014, 2026)"
A — Sacavém / Bobadela → Vila Franca de Xira (~22 km),38.874991,-9.050176,1.112,"Póvoa de Santa Iria (events: 2008, 2010, 2026)"
B — Vila Franca de Xira → Azambuja (~28 km),39.057002,-8.883681,1.113,"Castanheira / Azambuja (events: 2022, 2026)"
A — Sacavém / Bobadela → Vila Franca de Xira (~22 km),38.849228,-9.072313,1.115,"Sacavém / Bobadela (events: 2008, 2014, 2026)"
A — Sacavém / Bobadela → Vila Franca de Xira (~22 km),38.875006,-9.049939,1.123,"Póvoa de Santa Iria (events: 2008, 2010, 2026)"
A — Sacavém / Bobadela → Vila Franca de Xira (~22 km),38.87499,-9.050077,1.127,"Póvoa de Santa Iria (events: 2008, 2010, 2026)"
A — Sacavém / Bobadela → Vila Franca de Xira (~22 km),38.875039,-9.049905,1.129,"Póvoa de Santa Iria (events: 2008, 2010, 2026)"
B — Vila Franca de Xira → Azambuja (~28 km),38.944642,-8.9937,1.13,Alverca / Vila Franca (events: 2026)
A — Sacavém / Bobadela → Vila Franca de Xira (~22 km),38.875427,-9.049637,1.13,"Póvoa de Santa Iria (events: 2008, 2010, 2026)"
A — Sacavém / Bobadela → Vila Franca de Xira (~22 km),38.875016,-9.050061,1.132,"Póvoa de Santa Iria (events: 2008, 2010, 2026)"
B — Vila Franca de Xira → Azambuja (~28 km),39.043454,-8.913113,1.135,"Castanheira / Azambuja (events: 2022, 2026)"
A — Sacavém / Bobadela → Vila Franca de Xira (~22 km),38.81161,-9.087746,1.136,"Sacavém / Bobadela (events: 2008, 2014, 2026)"
A — Sacavém / Bobadela → Vila Franca de Xira (~22 km),38.875332,-9.049703,1.138,"Póvoa de Santa Iria (events: 2008, 2010, 2026)"
B — Vila Franca de Xira → Azambuja (~28 km),39.04371,-8.912638,1.143,"Castanheira / Azambuja (events: 2022, 2026)"
A — Sacavém / Bobadela → Vila Franca de Xira (~22 km),38.875362,-9.049692,1.144,"Póvoa de Santa Iria (events: 2008, 2010, 2026)"
A — Sacavém / Bobadela → Vila Franca de Xira (~22 km),38.875083,-9.050009,1.146,"Póvoa de Santa Iria (events: 2008, 2010, 2026)"
A — Sacavém / Bobadela → Vila Franca de Xira (~22 km),38.875678,-9.04943,1.148,"Póvoa de Santa Iria (events: 2008, 2010, 2026)"
A — Sacavém / Bobadela → Vila Franca de Xira (~22 km),38.821313,-9.085268,1.148,"Sacavém / Bobadela (events: 2008, 2014, 2026)"
A — Sacavém / Bobadela → Vila Franca de Xira (~22 km),38.8517,-9.068534,1.149,"Sacavém / Bobadela (events: 2008, 2014, 2026)"
B — Vila Franca de Xira → Azambuja (~28 km),39.060223,-8.880528,1.15,"Castanheira / Azambuja (events: 2022, 2026)"
A — Sacavém / Bobadela → Vila Franca de Xira (~22 km),38.874065,-9.049406,1.15,"Póvoa de Santa Iria (events: 2008, 2010, 2026)"
A — Sacavém / Bobadela → Vila Franca de Xira (~22 km),38.828203,-9.084232,1.15,"Sacavém / Bobadela (events: 2008, 2014, 2026)"
A — Sacavém / Bobadela → Vila Franca de Xira (~22 km),38.87512,-9.043069,1.153,"Póvoa de Santa Iria (events: 2008, 2010, 2026)"
A — Sacavém / Bobadela → Vila Franca de Xira (~22 km),38.875613,-9.049573,1.154,"Póvoa de Santa Iria (events: 2008, 2010, 2026)"
A — Sacavém / Bobadela → Vila Franca de Xira (~22 km),38.852525,-9.068074,1.157,"Sacavém / Bobadela (events: 2008, 2014, 2026)"
A — Sacavém / Bobadela → Vila Franca de Xira (~22 km),38.881478,-9.041852,1.164,"Póvoa de Santa Iria (events: 2008, 2010, 2026)"
A — Sacavém / Bobadela → Vila Franca de Xira (~22 km),38.803405,-9.090226,1.167,"Sacavém / Bobadela (events: 2008, 2014, 2026)"
A — Sacavém / Bobadela → Vila Franca de Xira (~22 km),38.874739,-9.050381,1.167,"Póvoa de Santa Iria (events: 2008, 2010, 2026)"
B — Vila Franca de Xira → Azambuja (~28 km),39.053424,-8.887185,1.168,"Castanheira / Azambuja (events: 2022, 2026)"
A — Sacavém / Bobadela → Vila Franca de Xira (~22 km),38.840979,-9.07452,1.17,"Sacavém / Bobadela (events: 2008, 2014, 2026)"
A — Sacavém / Bobadela → Vila Franca de Xira (~22 km),38.882143,-9.041198,1.17,"Póvoa de Santa Iria (events: 2008, 2010, 2026)"
B — Vila Franca de Xira → Azambuja (~28 km),38.945,-8.993349,1.171,Alverca / Vila Franca (events: 2026)
A — Sacavém / Bobadela → Vila Franca de Xira (~22 km),38.82531,-9.083267,1.171,"Sacavém / Bobadela (events: 2008, 2014, 2026)"
A — Sacavém / Bobadela → Vila Franca de Xira (~22 km),38.878997,-9.044341,1.171,"Póvoa de Santa Iria (events: 2008, 2010, 2026)"
A — Sacavém / Bobadela → Vila Franca de Xira (~22 km),38.875674,-9.049328,1.173,"Póvoa de Santa Iria (events: 2008, 2010, 2026)"
A — Sacavém / Bobadela → Vila Franca de Xira (~22 km),38.874035,-9.049318,1.176,"Póvoa de Santa Iria (events: 2008, 2010, 2026)"
A — Sacavém / Bobadela → Vila Franca de Xira (~22 km),38.827957,-9.084317,1.178,"Sacavém / Bobadela (events: 2008, 2014, 2026)"
A — Sacavém / Bobadela → Vila Franca de Xira (~22 km),38.869696,-9.047172,1.179,"Póvoa de Santa Iria (events: 2008, 2010, 2026)"
A — Sacavém / Bobadela → Vila Franca de Xira (~22 km),38.801644,-9.090694,1.181,"Sacavém / Bobadela (events: 2008, 2014, 2026)"
A — Sacavém / Bobadela → Vila Franca de Xira (~22 km),38.818627,-9.088828,1.182,"Sacavém / Bobadela (events: 2008, 2014, 2026)"
A — Sacavém / Bobadela → Vila Franca de Xira (~22 km),38.876246,-9.045403,1.183,"Póvoa de Santa Iria (events: 2008, 2010, 2026)"
B — Vila Franca de Xira → Azambuja (~28 km),39.048063,-8.891808,1.185,"Castanheira / Azambuja (events: 2022, 2026)"
A — Sacavém / Bobadela → Vila Franca de Xira (~22 km),38.882187,-9.041141,1.187,"Póvoa de Santa Iria (events: 2008, 2010, 2026)"
A — Sacavém / Bobadela → Vila Franca de Xira (~22 km),38.874516,-9.049815,1.19,"Póvoa de Santa Iria (events: 2008, 2010, 2026)"
A — Sacavém / Bobadela → Vila Franca de Xira (~22 km),38.828196,-9.081656,1.191,"Sacavém / Bobadela (events: 2008, 2014, 2026)"
A — Sacavém / Bobadela → Vila Franca de Xira (~22 km),38.875708,-9.049323,1.192,"Póvoa de Santa Iria (events: 2008, 2010, 2026)"
B — Vila Franca de Xira → Azambuja (~28 km),39.053739,-8.888983,1.192,"Castanheira / Azambuja (events: 2022, 2026)"
A — Sacavém / Bobadela → Vila Franca de Xira (~22 km),38.851486,-9.060945,1.194,"Sacavém / Bobadela (events: 2008, 2014, 2026)"
A — Sacavém / Bobadela → Vila Franca de Xira (~22 km),38.825861,-9.084255,1.199,"Sacavém / Bobadela (events: 2008, 2014, 2026)"
A — Sacavém / Bobadela → Vila Franca de Xira (~22 km),38.862451,-9.058781,1.203,"Póvoa de Santa Iria (events: 2008, 2010, 2026)"
A — Sacavém / Bobadela → Vila Franca de Xira (~22 km),38.875335,-9.049803,1.205,"Póvoa de Santa Iria (events: 2008, 2010, 2026)"
A — Sacavém / Bobadela → Vila Franca de Xira (~22 km),38.821307,-9.085466,1.205,"Sacavém / Bobadela (events: 2008, 2014, 2026)"
B — Vila Franca de Xira → Azambuja (~28 km),39.05412,-8.888935,1.209,"Castanheira / Azambuja (events: 2022, 2026)"
A — Sacavém / Bobadela → Vila Franca de Xira (~22 km),38.841046,-9.074688,1.212,"Sacavém / Bobadela (events: 2008, 2014, 2026)"
A — Sacavém / Bobadela → Vila Franca de Xira (~22 km),38.875692,-9.049192,1.214,"Póvoa de Santa Iria (events: 2008, 2010, 2026)"
A — Sacavém / Bobadela → Vila Franca de Xira (~22 km),38.852937,-9.067844,1.215,"Sacavém / Bobadela (events: 2008, 2014, 2026)"
A — Sacavém / Bobadela → Vila Franca de Xira (~22 km),38.851165,-9.067168,1.218,"Sacavém / Bobadela (events: 2008, 2014, 2026)"
A — Sacavém / Bobadela → Vila Franca de Xira (~22 km),38.878813,-9.045027,1.218,"Póvoa de Santa Iria (events: 2008, 2010, 2026)"
B — Vila Franca de Xira → Azambuja (~28 km),39.052708,-8.887885,1.219,"Castanheira / Azambuja (events: 2022, 2026)"
B — Vila Franca de Xira → Azambuja (~28 km),39.056199,-8.883592,1.221,"Castanheira / Azambuja (events: 2022, 2026)"
A — Sacavém / Bobadela → Vila Franca de Xira (~22 km),38.874694,-9.050276,1.224,"Póvoa de Santa Iria (events: 2008, 2010, 2026)"
A — Sacavém / Bobadela → Vila Franca de Xira (~22 km),38.8675,-9.051021,1.227,"Póvoa de Santa Iria (events: 2008, 2010, 2026)"
A — Sacavém / Bobadela → Vila Franca de Xira (~22 km),38.825723,-9.084142,1.237,"Sacavém / Bobadela (events: 2008, 2014, 2026)"
B — Vila Franca de Xira → Azambuja (~28 km),39.048417,-8.891451,1.238,"Castanheira / Azambuja (events: 2022, 2026)"
A — Sacavém / Bobadela → Vila Franca de Xira (~22 km),38.853571,-9.067904,1.239,"Sacavém / Bobadela (events: 2008, 2014, 2026)"
A — Sacavém / Bobadela → Vila Franca de Xira (~22 km),38.875771,-9.049265,1.24,"Póvoa de Santa Iria (events: 2008, 2010, 2026)"
B — Vila Franca de Xira → Azambuja (~28 km),39.060168,-8.880482,1.241,"Castanheira / Azambuja (events: 2022, 2026)"
A — Sacavém / Bobadela → Vila Franca de Xira (~22 km),38.802965,-9.090343,1.246,"Sacavém / Bobadela (events: 2008, 2014, 2026)"
A — Sacavém / Bobadela → Vila Franca de Xira (~22 km),38.875729,-9.049165,1.249,"Póvoa de Santa Iria (events: 2008, 2010, 2026)"
A — Sacavém / Bobadela → Vila Franca de Xira (~22 km),38.810692,-9.089203,1.25,"Sacavém / Bobadela (events: 2008, 2014, 2026)"
B — Vila Franca de Xira → Azambuja (~28 km),39.053703,-8.889144,1.256,"Castanheira / Azambuja (events: 2022, 2026)"
A — Sacavém / Bobadela → Vila Franca de Xira (~22 km),38.873327,-9.050029,1.262,"Póvoa de Santa Iria (events: 2008, 2010, 2026)"
A — Sacavém / Bobadela → Vila Franca de Xira (~22 km),38.832216,-9.076805,1.263,"Sacavém / Bobadela (events: 2008, 2014, 2026)"
A — Sacavém / Bobadela → Vila Franca de Xira (~22 km),38.875272,-9.049949,1.266,"Póvoa de Santa Iria (events: 2008, 2010, 2026)"
A — Sacavém / Bobadela → Vila Franca de Xira (~22 km),38.840371,-9.076607,1.273,"Sacavém / Bobadela (events: 2008, 2014, 2026)"
A — Sacavém / Bobadela → Vila Franca de Xira (~22 km),38.86284,-9.058492,1.274,"Póvoa de Santa Iria (events: 2008, 2010, 2026)"
B — Vila Franca de Xira → Azambuja (~28 km),39.053717,-8.88825,1.277,"Castanheira / Azambuja (events: 2022, 2026)"
A — Sacavém / Bobadela → Vila Franca de Xira (~22 km),38.946656,-8.992201,1.278,Alverca / Vila Franca (events: 2026)
B — Vila Franca de Xira → Azambuja (~28 km),39.059029,-8.880734,1.279,"Castanheira / Azambuja (events: 2022, 2026)"
A — Sacavém / Bobadela → Vila Franca de Xira (~22 km),38.874663,-9.050312,1.282,"Póvoa de Santa Iria (events: 2008, 2010, 2026)"
B — Vila Franca de Xira → Azambuja (~28 km),38.945357,-8.992999,1.285,Alverca / Vila Franca (events: 2026)
B — Vila Franca de Xira → Azambuja (~28 km),39.058856,-8.882224,1.287,"Castanheira / Azambuja (events: 2022, 2026)"
A — Sacavém / Bobadela → Vila Franca de Xira (~22 km),38.861284,-9.059649,1.288,"Póvoa de Santa Iria (events: 2008, 2010, 2026)"
A — Sacavém / Bobadela → Vila Franca de Xira (~22 km),38.877225,-9.046118,1.29,"Póvoa de Santa Iria (events: 2008, 2010, 2026)"
A — Sacavém / Bobadela → Vila Franca de Xira (~22 km),38.851311,-9.067104,1.29,"Sacavém / Bobadela (events: 2008, 2014, 2026)"
A — Sacavém / Bobadela → Vila Franca de Xira (~22 km),38.875294,-9.042352,1.293,"Póvoa de Santa Iria (events: 2008, 2010, 2026)"
B — Vila Franca de Xira → Azambuja (~28 km),39.049536,-8.893106,1.294,"Castanheira / Azambuja (events: 2022, 2026)"
B — Vila Franca de Xira → Azambuja (~28 km),39.054898,-8.886945,1.301,"Castanheira / Azambuja (events: 2022, 2026)"
B — Vila Franca de Xira → Azambuja (~28 km),39.058676,-8.881091,1.309,"Castanheira / Azambuja (events: 2022, 2026)"
A — Sacavém / Bobadela → Vila Franca de Xira (~22 km),38.85536,-9.058015,1.311,"Póvoa de Santa Iria (events: 2008, 2010, 2026)"
A — Sacavém / Bobadela → Vila Franca de Xira (~22 km),38.875161,-9.048396,1.312,"Póvoa de Santa Iria (events: 2008, 2010, 2026)"
A — Sacavém / Bobadela → Vila Franca de Xira (~22 km),38.828974,-9.085099,1.314,"Sacavém / Bobadela (events: 2008, 2014, 2026)"
B — Vila Franca de Xira → Azambuja (~28 km),38.977205,-8.961815,1.317,Alverca / Vila Franca (events: 2026)
A — Sacavém / Bobadela → Vila Franca de Xira (~22 km),38.851411,-9.059673,1.32,"Sacavém / Bobadela (events: 2008, 2014, 2026)"
B — Vila Franca de Xira → Azambuja (~28 km),39.054682,-8.887035,1.321,"Castanheira / Azambuja (events: 2022, 2026)"
A — Sacavém / Bobadela → Vila Franca de Xira (~22 km),38.879209,-9.039513,1.321,"Póvoa de Santa Iria (events: 2008, 2010, 2026)"
B — Vila Franca de Xira → Azambuja (~28 km),38.976847,-8.962166,1.322,Alverca / Vila Franca (events: 2026)
B — Vila Franca de Xira → Azambuja (~28 km),39.053074,-8.889059,1.323,"Castanheira / Azambuja (events: 2022, 2026)"
B — Vila Franca de Xira → Azambuja (~28 km),39.054902,-8.886792,1.326,"Castanheira / Azambuja (events: 2022, 2026)"
A — Sacavém / Bobadela → Vila Franca de Xira (~22 km),38.875099,-9.048251,1.327,"Póvoa de Santa Iria (events: 2008, 2010, 2026)"
A — Sacavém / Bobadela → Vila Franca de Xira (~22 km),38.820031,-9.088358,1.332,"Sacavém / Bobadela (events: 2008, 2014, 2026)"
A — Sacavém / Bobadela → Vila Franca de Xira (~22 km),38.879424,-9.042923,1.333,"Póvoa de Santa Iria (events: 2008, 2010, 2026)"
B — Vila Franca de Xira → Azambuja (~28 km),39.059825,-8.880559,1.335,"Castanheira / Azambuja (events: 2022, 2026)"
B — Vila Franca de Xira → Azambuja (~28 km),39.05403,-8.888747,1.337,"Castanheira / Azambuja (events: 2022, 2026)"
B — Vila Franca de Xira → Azambuja (~28 km),39.057009,-8.883903,1.337,"Castanheira / Azambuja (events: 2022, 2026)"
A — Sacavém / Bobadela → Vila Franca de Xira (~22 km),38.872795,-9.044827,1.338,"Póvoa de Santa Iria (events: 2008, 2010, 2026)"
A — Sacavém / Bobadela → Vila Franca de Xira (~22 km),38.811331,-9.088118,1.339,"Sacavém / Bobadela (events: 2008, 2014, 2026)"
A — Sacavém / Bobadela → Vila Franca de Xira (~22 km),38.855326,-9.056833,1.339,"Póvoa de Santa Iria (events: 2008, 2010, 2026)"
B — Vila Franca de Xira → Azambuja (~28 km),39.049636,-8.893102,1.34,"Castanheira / Azambuja (events: 2022, 2026)"
A — Sacavém / Bobadela → Vila Franca de Xira (~22 km),38.871245,-9.046,1.344,"Póvoa de Santa Iria (events: 2008, 2010, 2026)"
A — Sacavém / Bobadela → Vila Franca de Xira (~22 km),38.874718,-9.046386,1.351,"Póvoa de Santa Iria (events: 2008, 2010, 2026)"
B — Vila Franca de Xira → Azambuja (~28 km),39.060622,-8.880937,1.352,"Castanheira / Azambuja (events: 2022, 2026)"
A — Sacavém / Bobadela → Vila Franca de Xira (~22 km),38.827963,-9.084476,1.355,"Sacavém / Bobadela (events: 2008, 2014, 2026)"
A — Sacavém / Bobadela → Vila Franca de Xira (~22 km),38.819869,-9.088536,1.355,"Sacavém / Bobadela (events: 2008, 2014, 2026)"
A — Sacavém / Bobadela → Vila Franca de Xira (~22 km),38.875683,-9.048948,1.36,"Póvoa de Santa Iria (events: 2008, 2010, 2026)"
B — Vila Franca de Xira → Azambuja (~28 km),38.979082,-8.961468,1.361,Alverca / Vila Franca (events: 2026)
A — Sacavém / Bobadela → Vila Franca de Xira (~22 km),38.851873,-9.060652,1.361,"Sacavém / Bobadela (events: 2008, 2014, 2026)"
B — Vila Franca de Xira → Azambuja (~28 km),39.022947,-8.917172,1.371,"Castanheira / Azambuja (events: 2022, 2026)"
B — Vila Franca de Xira → Azambuja (~28 km),38.977666,-8.962897,1.375,Alverca / Vila Franca (events: 2026)
B — Vila Franca de Xira → Azambuja (~28 km),39.054734,-8.886704,1.375,"Castanheira / Azambuja (events: 2022, 2026)"
A — Sacavém / Bobadela → Vila Franca de Xira (~22 km),38.872553,-9.04434,1.376,"Póvoa de Santa Iria (events: 2008, 2010, 2026)"
B — Vila Franca de Xira → Azambuja (~28 km),39.052785,-8.889105,1.377,"Castanheira / Azambuja (events: 2022, 2026)"
A — Sacavém / Bobadela → Vila Franca de Xira (~22 km),38.876987,-9.046711,1.377,"Póvoa de Santa Iria (events: 2008, 2010, 2026)"
A — Sacavém / Bobadela → Vila Franca de Xira (~22 km),38.878426,-9.040081,1.379,"Póvoa de Santa Iria (events: 2008, 2010, 2026)"
B — Vila Franca de Xira → Azambuja (~28 km),39.058852,-8.882059,1.385,"Castanheira / Azambuja (events: 2022, 2026)"
A — Sacavém / Bobadela → Vila Franca de Xira (~22 km),38.833002,-9.076244,1.386,"Sacavém / Bobadela (events: 2008, 2014, 2026)"
A — Sacavém / Bobadela → Vila Franca de Xira (~22 km),38.807082,-9.09205,1.387,"Sacavém / Bobadela (events: 2008, 2014, 2026)"
B — Vila Franca de Xira → Azambuja (~28 km),39.049621,-8.89324,1.389,"Castanheira / Azambuja (events: 2022, 2026)"
B — Vila Franca de Xira → Azambuja (~28 km),38.97802,-8.96254,1.392,Alverca / Vila Franca (events: 2026)
B — Vila Franca de Xira → Azambuja (~28 km),39.05376,-8.887904,1.392,"Castanheira / Azambuja (events: 2022, 2026)"
B — Vila Franca de Xira → Azambuja (~28 km),38.979435,-8.961111,1.395,Alverca / Vila Franca (events: 2026)
A — Sacavém / Bobadela → Vila Franca de Xira (~22 km),38.844684,-9.070748,1.395,"Sacavém / Bobadela (events: 2008, 2014, 2026)"
A — Sacavém / Bobadela → Vila Franca de Xira (~22 km),38.806685,-9.09232,1.398,"Sacavém / Bobadela (events: 2008, 2014, 2026)"
B — Vila Franca de Xira → Azambuja (~28 km),39.053795,-8.889335,1.4,"Castanheira / Azambuja (events: 2022, 2026)"
A — Sacavém / Bobadela → Vila Franca de Xira (~22 km),38.875954,-9.049197,1.406,"Póvoa de Santa Iria (events: 2008, 2010, 2026)"
A — Sacavém / Bobadela → Vila Franca de Xira (~22 km),38.843437,-9.071291,1.407,"Sacavém / Bobadela (events: 2008, 2014, 2026)"
B — Vila Franca de Xira → Azambuja (~28 km),39.059608,-8.880701,1.41,"Castanheira / Azambuja (events: 2022, 2026)"
A — Sacavém / Bobadela → Vila Franca de Xira (~22 km),38.876669,-9.041897,1.415,"Póvoa de Santa Iria (events: 2008, 2010, 2026)"
B — Vila Franca de Xira → Azambuja (~28 km),39.060947,-8.880537,1.42,"Castanheira / Azambuja (events: 2022, 2026)"
A — Sacavém / Bobadela → Vila Franca de Xira (~22 km),38.809642,-9.092595,1.421,"Sacavém / Bobadela (events: 2008, 2014, 2026)"
A — Sacavém / Bobadela → Vila Franca de Xira (~22 km),38.826646,-9.085389,1.424,"Sacavém / Bobadela (events: 2008, 2014, 2026)"
A — Sacavém / Bobadela → Vila Franca de Xira (~22 km),38.878994,-9.040139,1.426,"Póvoa de Santa Iria (events: 2008, 2010, 2026)"
A — Sacavém / Bobadela → Vila Franca de Xira (~22 km),38.852793,-9.061008,1.427,"Sacavém / Bobadela (events: 2008, 2014, 2026)"
B — Vila Franca de Xira → Azambuja (~28 km),38.975898,-8.964684,1.427,Alverca / Vila Franca (events: 2026)
A — Sacavém / Bobadela → Vila Franca de Xira (~22 km),38.850922,-9.067394,1.43,"Sacavém / Bobadela (events: 2008, 2014, 2026)"
A — Sacavém / Bobadela → Vila Franca de Xira (~22 km),38.833396,-9.075964,1.432,"Sacavém / Bobadela (events: 2008, 2014, 2026)"
A — Sacavém / Bobadela → Vila Franca de Xira (~22 km),38.841583,-9.074342,1.432,"Sacavém / Bobadela (events: 2008, 2014, 2026)"
A — Sacavém / Bobadela → Vila Franca de Xira (~22 km),38.85376,-9.057969,1.434,"Sacavém / Bobadela (events: 2008, 2014, 2026)"
A — Sacavém / Bobadela → Vila Franca de Xira (~22 km),38.87467,-9.05043,1.435,"Póvoa de Santa Iria (events: 2008, 2010, 2026)"
B — Vila Franca de Xira → Azambuja (~28 km),39.043511,-8.913313,1.435,"Castanheira / Azambuja (events: 2022, 2026)"
A — Sacavém / Bobadela → Vila Franca de Xira (~22 km),38.873335,-9.05008,1.439,"Póvoa de Santa Iria (events: 2008, 2010, 2026)"
A — Sacavém / Bobadela → Vila Franca de Xira (~22 km),38.861428,-9.059577,1.441,"Póvoa de Santa Iria (events: 2008, 2010, 2026)"
B — Vila Franca de Xira → Azambuja (~28 km),39.044046,-8.912395,1.441,"Castanheira / Azambuja (events: 2022, 2026)"
B — Vila Franca de Xira → Azambuja (~28 km),39.054573,-8.887186,1.441,"Castanheira / Azambuja (events: 2022, 2026)"
B — Vila Franca de Xira → Azambuja (~28 km),39.042426,-8.915014,1.441,"Castanheira / Azambuja (events: 2022, 2026)"
A — Sacavém / Bobadela → Vila Franca de Xira (~22 km),38.82854,-9.085249,1.447,"Sacavém / Bobadela (events: 2008, 2014, 2026)"
B — Vila Franca de Xira → Azambuja (~28 km),39.057206,-8.884031,1.448,"Castanheira / Azambuja (events: 2022, 2026)"
B — Vila Franca de Xira → Azambuja (~28 km),39.057253,-8.883797,1.45,"Castanheira / Azambuja (events: 2022, 2026)"
A — Sacavém / Bobadela → Vila Franca de Xira (~22 km),38.841023,-9.072838,1.454,"Sacavém / Bobadela (events: 2008, 2014, 2026)"
A — Sacavém / Bobadela → Vila Franca de Xira (~22 km),38.849997,-9.068036,1.458,"Sacavém / Bobadela (events: 2008, 2014, 2026)"
B — Vila Franca de Xira → Azambuja (~28 km),39.059267,-8.882397,1.459,"Castanheira / Azambuja (events: 2022, 2026)"
B — Vila Franca de Xira → Azambuja (~28 km),39.042477,-8.915208,1.464,"Castanheira / Azambuja (events: 2022, 2026)"
A — Sacavém / Bobadela → Vila Franca de Xira (~22 km),38.872408,-9.04512,1.464,"Póvoa de Santa Iria (events: 2008, 2010, 2026)"
B — Vila Franca de Xira → Azambuja (~28 km),39.054569,-8.887339,1.471,"Castanheira / Azambuja (events: 2022, 2026)"
B — Vila Franca de Xira → Azambuja (~28 km),39.044029,-8.912366,1.471,"Castanheira / Azambuja (events: 2022, 2026)"
A — Sacavém / Bobadela → Vila Franca de Xira (~22 km),38.874654,-9.046162,1.472,"Póvoa de Santa Iria (events: 2008, 2010, 2026)"
A — Sacavém / Bobadela → Vila Franca de Xira (~22 km),38.839414,-9.073868,1.473,"Sacavém / Bobadela (events: 2008, 2014, 2026)"
A — Sacavém / Bobadela → Vila Franca de Xira (~22 km),38.819296,-9.086755,1.476,"Sacavém / Bobadela (events: 2008, 2014, 2026)"
B — Vila Franca de Xira → Azambuja (~28 km),39.059865,-8.880878,1.479,"Castanheira / Azambuja (events: 2022, 2026)"
A — Sacavém / Bobadela → Vila Franca de Xira (~22 km),38.807169,-9.091758,1.479,"Sacavém / Bobadela (events: 2008, 2014, 2026)"
B — Vila Franca de Xira → Azambuja (~28 km),39.042517,-8.915258,1.48,"Castanheira / Azambuja (events: 2022, 2026)"
A — Sacavém / Bobadela → Vila Franca de Xira (~22 km),38.879391,-9.04316,1.482,"Póvoa de Santa Iria (events: 2008, 2010, 2026)"
A — Sacavém / Bobadela → Vila Franca de Xira (~22 km),38.811084,-9.088919,1.485,"Sacavém / Bobadela (events: 2008, 2014, 2026)"
B — Vila Franca de Xira → Azambuja (~28 km),39.054075,-8.888599,1.485,"Castanheira / Azambuja (events: 2022, 2026)"
B — Vila Franca de Xira → Azambuja (~28 km),39.006325,-8.946329,1.485,"Castanheira / Azambuja (events: 2022, 2026)"
A — Sacavém / Bobadela → Vila Franca de Xira (~22 km),38.844304,-9.071057,1.486,"Sacavém / Bobadela (events: 2008, 2014, 2026)"
B — Vila Franca de Xira → Azambuja (~28 km),39.060921,-8.880796,1.486,"Castanheira / Azambuja (events: 2022, 2026)"
B — Vila Franca de Xira → Azambuja (~28 km),39.059839,-8.880876,1.488,"Castanheira / Azambuja (events: 2022, 2026)"
A — Sacavém / Bobadela → Vila Franca de Xira (~22 km),38.799262,-9.0909,1.489,"Sacavém / Bobadela (events: 2008, 2014, 2026)"
A — Sacavém / Bobadela → Vila Franca de Xira (~22 km),38.829433,-9.080965,1.489,"Sacavém / Bobadela (events: 2008, 2014, 2026)"
B — Vila Franca de Xira → Azambuja (~28 km),39.04986,-8.893107,1.49,"Castanheira / Azambuja (events: 2022, 2026)"
A — Sacavém / Bobadela → Vila Franca de Xira (~22 km),38.819866,-9.088585,1.49,"Sacavém / Bobadela (events: 2008, 2014, 2026)"
A — Sacavém / Bobadela → Vila Franca de Xira (~22 km),38.819113,-9.089125,1.495,"Sacavém / Bobadela (events: 2008, 2014, 2026)"
A — Sacavém / Bobadela → Vila Franca de Xira (~22 km),38.831823,-9.077085,1.496,"Sacavém / Bobadela (events: 2008, 2014, 2026)"
A — Sacavém / Bobadela → Vila Franca de Xira (~22 km),38.877015,-9.049225,1.497,"Póvoa de Santa Iria (events: 2008, 2010, 2026)"
A — Sacavém / Bobadela → Vila Franca de Xira (~22 km),38.880421,-9.041761,1.497,"Póvoa de Santa Iria (events: 2008, 2010, 2026)"
A — Sacavém / Bobadela → Vila Franca de Xira (~22 km),38.810262,-9.089891,1.499,"Sacavém / Bobadela (events: 2008, 2014, 2026)"
B — Vila Franca de Xira → Azambuja (~28 km),39.052927,-8.889158,1.502,"Castanheira / Azambuja (events: 2022, 2026)"
B — Vila Franca de Xira → Azambuja (~28 km),39.060804,-8.880919,1.502,"Castanheira / Azambuja (events: 2022, 2026)"
A — Sacavém / Bobadela → Vila Franca de Xira (~22 km),38.861039,-9.059866,1.502,"Póvoa de Santa Iria (events: 2008, 2010, 2026)"
B — Vila Franca de Xira → Azambuja (~28 km),39.048414,-8.89209,1.504,"Castanheira / Azambuja (events: 2022, 2026)"
A — Sacavém / Bobadela → Vila Franca de Xira (~22 km),38.841571,-9.075816,1.508,"Sacavém / Bobadela (events: 2008, 2014, 2026)"
A — Sacavém / Bobadela → Vila Franca de Xira (~22 km),38.797498,-9.091351,1.509,"Sacavém / Bobadela (events: 2008, 2014, 2026)"
A — Sacavém / Bobadela → Vila Franca de Xira (~22 km),38.829003,-9.085115,1.514,"Sacavém / Bobadela (events: 2008, 2014, 2026)"
B — Vila Franca de Xira → Azambuja (~28 km),39.080686,-8.84324,1.514,"Castanheira / Azambuja (events: 2022, 2026)"
A — Sacavém / Bobadela → Vila Franca de Xira (~22 km),38.79838,-9.091125,1.519,"Sacavém / Bobadela (events: 2008, 2014, 2026)"
B — Vila Franca de Xira → Azambuja (~28 km),39.055003,-8.886631,1.52,"Castanheira / Azambuja (events: 2022, 2026)"
A — Sacavém / Bobadela → Vila Franca de Xira (~22 km),38.806777,-9.092042,1.52,"Sacavém / Bobadela (events: 2008, 2014, 2026)"
B — Vila Franca de Xira → Azambuja (~28 km),39.043536,-8.91335,1.524,"Castanheira / Azambuja (events: 2022, 2026)"
A — Sacavém / Bobadela → Vila Franca de Xira (~22 km),38.82677,-9.085573,1.524,"Sacavém / Bobadela (events: 2008, 2014, 2026)"
A — Sacavém / Bobadela → Vila Franca de Xira (~22 km),38.862985,-9.058419,1.528,"Póvoa de Santa Iria (events: 2008, 2010, 2026)"
A — Sacavém / Bobadela → Vila Franca de Xira (~22 km),38.868295,-9.050481,1.531,"Póvoa de Santa Iria (events: 2008, 2010, 2026)"
B — Vila Franca de Xira → Azambuja (~28 km),38.982572,-8.95656,1.531,"Castanheira / Azambuja (events: 2022, 2026)"
A — Sacavém / Bobadela → Vila Franca de Xira (~22 km),38.832609,-9.076524,1.533,"Sacavém / Bobadela (events: 2008, 2014, 2026)"
B — Vila Franca de Xira → Azambuja (~28 km),39.051486,-8.890705,1.538,"Castanheira / Azambuja (events: 2022, 2026)"
A — Sacavém / Bobadela → Vila Franca de Xira (~22 km),38.874646,-9.05045,1.543,"Póvoa de Santa Iria (events: 2008, 2010, 2026)"
B — Vila Franca de Xira → Azambuja (~28 km),39.057207,-8.884191,1.543,"Castanheira / Azambuja (events: 2022, 2026)"
A — Sacavém / Bobadela → Vila Franca de Xira (~22 km),38.806386,-9.092326,1.543,"Sacavém / Bobadela (events: 2008, 2014, 2026)"
A — Sacavém / Bobadela → Vila Franca de Xira (~22 km),38.877437,-9.044273,1.548,"Póvoa de Santa Iria (events: 2008, 2010, 2026)"
A — Sacavém / Bobadela → Vila Franca de Xira (~22 km),38.826796,-9.085344,1.549,"Sacavém / Bobadela (events: 2008, 2014, 2026)"
A — Sacavém / Bobadela → Vila Franca de Xira (~22 km),38.815734,-9.086948,1.549,"Sacavém / Bobadela (events: 2008, 2014, 2026)"
A — Sacavém / Bobadela → Vila Franca de Xira (~22 km),38.853976,-9.067934,1.549,"Sacavém / Bobadela (events: 2008, 2014, 2026)"
A — Sacavém / Bobadela → Vila Franca de Xira (~22 km),38.862207,-9.058998,1.552,"Póvoa de Santa Iria (events: 2008, 2010, 2026)"
A — Sacavém / Bobadela → Vila Franca de Xira (~22 km),38.869308,-9.047465,1.553,"Póvoa de Santa Iria (events: 2008, 2010, 2026)"
A — Sacavém / Bobadela → Vila Franca de Xira (~22 km),38.820356,-9.088191,1.555,"Sacavém / Bobadela (events: 2008, 2014, 2026)"
B — Vila Franca de Xira → Azambuja (~28 km),39.051993,-8.888586,1.556,"Castanheira / Azambuja (events: 2022, 2026)"
A — Sacavém / Bobadela → Vila Franca de Xira (~22 km),38.826436,-9.08555,1.557,"Sacavém / Bobadela (events: 2008, 2014, 2026)"
B — Vila Franca de Xira → Azambuja (~28 km),38.977313,-8.963255,1.561,Alverca / Vila Franca (events: 2026)
A — Sacavém / Bobadela → Vila Franca de Xira (~22 km),38.819125,-9.08672,1.562,"Sacavém / Bobadela (events: 2008, 2014, 2026)"
A — Sacavém / Bobadela → Vila Franca de Xira (~22 km),38.880384,-9.038661,1.562,"Póvoa de Santa Iria (events: 2008, 2010, 2026)"
A — Sacavém / Bobadela → Vila Franca de Xira (~22 km),38.882541,-9.040786,1.562,"Póvoa de Santa Iria (events: 2008, 2010, 2026)"
A — Sacavém / Bobadela → Vila Franca de Xira (~22 km),38.806287,-9.09259,1.563,"Sacavém / Bobadela (events: 2008, 2014, 2026)"
A — Sacavém / Bobadela → Vila Franca de Xira (~22 km),38.808275,-9.09124,1.564,"Sacavém / Bobadela (events: 2008, 2014, 2026)"
A — Sacavém / Bobadela → Vila Franca de Xira (~22 km),38.878448,-9.045364,1.565,"Póvoa de Santa Iria (events: 2008, 2010, 2026)"
B — Vila Franca de Xira → Azambuja (~28 km),39.042661,-8.915052,1.57,"Castanheira / Azambuja (events: 2022, 2026)"
A — Sacavém / Bobadela → Vila Franca de Xira (~22 km),38.828576,-9.085298,1.571,"Sacavém / Bobadela (events: 2008, 2014, 2026)"
A — Sacavém / Bobadela → Vila Franca de Xira (~22 km),38.884602,-9.038369,1.573,"Póvoa de Santa Iria (events: 2008, 2010, 2026)"
A — Sacavém / Bobadela → Vila Franca de Xira (~22 km),38.835357,-9.078975,1.574,"Sacavém / Bobadela (events: 2008, 2014, 2026)"
B — Vila Franca de Xira → Azambuja (~28 km),38.973269,-8.965669,1.574,Alverca / Vila Franca (events: 2026)
A — Sacavém / Bobadela → Vila Franca de Xira (~22 km),38.821186,-9.085569,1.58,"Sacavém / Bobadela (events: 2008, 2014, 2026)"
A — Sacavém / Bobadela → Vila Franca de Xira (~22 km),38.848862,-9.07265,1.581,"Sacavém / Bobadela (events: 2008, 2014, 2026)"
B — Vila Franca de Xira → Azambuja (~28 km),39.060859,-8.880905,1.581,"Castanheira / Azambuja (events: 2022, 2026)"
A — Sacavém / Bobadela → Vila Franca de Xira (~22 km),38.875826,-9.048864,1.582,"Póvoa de Santa Iria (events: 2008, 2010, 2026)"
B — Vila Franca de Xira → Azambuja (~28 km),39.051601,-8.888236,1.584,"Castanheira / Azambuja (events: 2022, 2026)"
A — Sacavém / Bobadela → Vila Franca de Xira (~22 km),38.841263,-9.073524,1.584,"Sacavém / Bobadela (events: 2008, 2014, 2026)"
A — Sacavém / Bobadela → Vila Franca de Xira (~22 km),38.845047,-9.07026,1.587,"Sacavém / Bobadela (events: 2008, 2014, 2026)"
B — Vila Franca de Xira → Azambuja (~28 km),39.051611,-8.890735,1.587,"Castanheira / Azambuja (events: 2022, 2026)"
A — Sacavém / Bobadela → Vila Franca de Xira (~22 km),38.834794,-9.077973,1.588,"Sacavém / Bobadela (events: 2008, 2014, 2026)"
A — Sacavém / Bobadela → Vila Franca de Xira (~22 km),38.850324,-9.071303,1.589,"Sacavém / Bobadela (events: 2008, 2014, 2026)"
B — Vila Franca de Xira → Azambuja (~28 km),39.059933,-8.880301,1.592,"Castanheira / Azambuja (events: 2022, 2026)"
A — Sacavém / Bobadela → Vila Franca de Xira (~22 km),38.877379,-9.044228,1.593,"Póvoa de Santa Iria (events: 2008, 2010, 2026)"
A — Sacavém / Bobadela → Vila Franca de Xira (~22 km),38.819537,-9.08649,1.596,"Sacavém / Bobadela (events: 2008, 2014, 2026)"
A — Sacavém / Bobadela → Vila Franca de Xira (~22 km),38.875872,-9.050146,1.597,"Póvoa de Santa Iria (events: 2008, 2010, 2026)"
A — Sacavém / Bobadela → Vila Franca de Xira (~22 km),38.876021,-9.049057,1.598,"Póvoa de Santa Iria (events: 2008, 2010, 2026)"
B — Vila Franca de Xira → Azambuja (~28 km),39.05441,-8.887104,1.599,"Castanheira / Azambuja (events: 2022, 2026)"
B — Vila Franca de Xira → Azambuja (~28 km),39.042406,-8.915528,1.604,"Castanheira / Azambuja (events: 2022, 2026)"
A — Sacavém / Bobadela → Vila Franca de Xira (~22 km),38.840122,-9.074449,1.605,"Sacavém / Bobadela (events: 2008, 2014, 2026)"
B — Vila Franca de Xira → Azambuja (~28 km),39.052662,-8.887164,1.608,"Castanheira / Azambuja (events: 2022, 2026)"
A — Sacavém / Bobadela → Vila Franca de Xira (~22 km),38.854934,-9.057117,1.612,"Sacavém / Bobadela (events: 2008, 2014, 2026)"
A — Sacavém / Bobadela → Vila Franca de Xira (~22 km),38.877352,-9.046375,1.615,"Póvoa de Santa Iria (events: 2008, 2010, 2026)"
B — Vila Franca de Xira → Azambuja (~28 km),39.059503,-8.880964,1.616,"Castanheira / Azambuja (events: 2022, 2026)"
A — Sacavém / Bobadela → Vila Franca de Xira (~22 km),38.854973,-9.058308,1.616,"Sacavém / Bobadela (events: 2008, 2014, 2026)"
B — Vila Franca de Xira → Azambuja (~28 km),39.0516,-8.890879,1.617,"Castanheira / Azambuja (events: 2022, 2026)"
B — Vila Franca de Xira → Azambuja (~28 km),39.053909,-8.888126,1.625,"Castanheira / Azambuja (events: 2022, 2026)"
B — Vila Franca de Xira → Azambuja (~28 km),39.046648,-8.893237,1.625,"Castanheira / Azambuja (events: 2022, 2026)"
A — Sacavém / Bobadela → Vila Franca de Xira (~22 km),38.828316,-9.085274,1.625,"Sacavém / Bobadela (events: 2008, 2014, 2026)"
A — Sacavém / Bobadela → Vila Franca de Xira (~22 km),38.818569,-9.088998,1.626,"Sacavém / Bobadela (events: 2008, 2014, 2026)"
A — Sacavém / Bobadela → Vila Franca de Xira (~22 km),38.815293,-9.087065,1.627,"Sacavém / Bobadela (events: 2008, 2014, 2026)"
A — Sacavém / Bobadela → Vila Franca de Xira (~22 km),38.812933,-9.087408,1.628,"Sacavém / Bobadela (events: 2008, 2014, 2026)"
A — Sacavém / Bobadela → Vila Franca de Xira (~22 km),38.860894,-9.059938,1.633,"Póvoa de Santa Iria (events: 2008, 2010, 2026)"
A — Sacavém / Bobadela → Vila Franca de Xira (~22 km),38.829184,-9.084974,1.634,"Sacavém / Bobadela (events: 2008, 2014, 2026)"
A — Sacavém / Bobadela → Vila Franca de Xira (~22 km),38.80748,-9.09178,1.636,"Sacavém / Bobadela (events: 2008, 2014, 2026)"
A — Sacavém / Bobadela → Vila Franca de Xira (~22 km),38.825722,-9.083037,1.637,"Sacavém / Bobadela (events: 2008, 2014, 2026)"
A — Sacavém / Bobadela → Vila Franca de Xira (~22 km),38.826816,-9.085242,1.639,"Sacavém / Bobadela (events: 2008, 2014, 2026)"
A — Sacavém / Bobadela → Vila Franca de Xira (~22 km),38.863153,-9.058662,1.639,"Póvoa de Santa Iria (events: 2008, 2010, 2026)"
A — Sacavém / Bobadela → Vila Franca de Xira (~22 km),38.82797,-9.084782,1.64,"Sacavém / Bobadela (events: 2008, 2014, 2026)"
A — Sacavém / Bobadela → Vila Franca de Xira (~22 km),38.826407,-9.085634,1.641,"Sacavém / Bobadela (events: 2008, 2014, 2026)"
B — Vila Franca de Xira → Azambuja (~28 km),39.023008,-8.916967,1.643,"Castanheira / Azambuja (events: 2022, 2026)"
A — Sacavém / Bobadela → Vila Franca de Xira (~22 km),38.874732,-9.043362,1.644,"Póvoa de Santa Iria (events: 2008, 2010, 2026)"
B — Vila Franca de Xira → Azambuja (~28 km),39.054445,-8.888535,1.645,"Castanheira / Azambuja (events: 2022, 2026)"
B — Vila Franca de Xira → Azambuja (~28 km),39.056932,-8.884202,1.645,"Castanheira / Azambuja (events: 2022, 2026)"
A — Sacavém / Bobadela → Vila Franca de Xira (~22 km),38.876639,-9.045123,1.647,"Póvoa de Santa Iria (events: 2008, 2010, 2026)"
A — Sacavém / Bobadela → Vila Franca de Xira (~22 km),38.845851,-9.069745,1.652,"Sacavém / Bobadela (events: 2008, 2014, 2026)"
B — Vila Franca de Xira → Azambuja (~28 km),39.060904,-8.880413,1.653,"Castanheira / Azambuja (events: 2022, 2026)"
B — Vila Franca de Xira → Azambuja (~28 km),38.977563,-8.961465,1.655,Alverca / Vila Franca (events: 2026)
A — Sacavém / Bobadela → Vila Franca de Xira (~22 km),38.819121,-9.089155,1.657,"Sacavém / Bobadela (events: 2008, 2014, 2026)"
A — Sacavém / Bobadela → Vila Franca de Xira (~22 km),38.798821,-9.091013,1.657,"Sacavém / Bobadela (events: 2008, 2014, 2026)"
A — Sacavém / Bobadela → Vila Franca de Xira (~22 km),38.882896,-9.04043,1.658,"Póvoa de Santa Iria (events: 2008, 2010, 2026)"
A — Sacavém / Bobadela → Vila Franca de Xira (~22 km),38.861544,-9.059693,1.659,"Póvoa de Santa Iria (events: 2008, 2010, 2026)"
A — Sacavém / Bobadela → Vila Franca de Xira (~22 km),38.862348,-9.059178,1.659,"Póvoa de Santa Iria (events: 2008, 2010, 2026)"
A — Sacavém / Bobadela → Vila Franca de Xira (~22 km),38.873182,-9.044534,1.661,"Póvoa de Santa Iria (events: 2008, 2010, 2026)"
A — Sacavém / Bobadela → Vila Franca de Xira (~22 km),38.841426,-9.07258,1.661,"Sacavém / Bobadela (events: 2008, 2014, 2026)"
B — Vila Franca de Xira → Azambuja (~28 km),39.053915,-8.887975,1.662,"Castanheira / Azambuja (events: 2022, 2026)"
B — Vila Franca de Xira → Azambuja (~28 km),38.978278,-8.960764,1.664,Alverca / Vila Franca (events: 2026)
A — Sacavém / Bobadela → Vila Franca de Xira (~22 km),38.866289,-9.048883,1.664,"Póvoa de Santa Iria (events: 2008, 2010, 2026)"
A — Sacavém / Bobadela → Vila Franca de Xira (~22 km),38.843544,-9.071673,1.664,"Sacavém / Bobadela (events: 2008, 2014, 2026)"
A — Sacavém / Bobadela → Vila Franca de Xira (~22 km),38.797939,-9.091238,1.667,"Sacavém / Bobadela (events: 2008, 2014, 2026)"
A — Sacavém / Bobadela → Vila Franca de Xira (~22 km),38.943877,-8.994101,1.667,Alverca / Vila Franca (events: 2026)
B — Vila Franca de Xira → Azambuja (~28 km),38.976489,-8.962516,1.669,Alverca / Vila Franca (events: 2026)
A — Sacavém / Bobadela → Vila Franca de Xira (~22 km),38.87427,-9.050023,1.67,"Póvoa de Santa Iria (events: 2008, 2010, 2026)"
B — Vila Franca de Xira → Azambuja (~28 km),39.057334,-8.883502,1.671,"Castanheira / Azambuja (events: 2022, 2026)"
B — Vila Franca de Xira → Azambuja (~28 km),39.060505,-8.880257,1.671,"Castanheira / Azambuja (events: 2022, 2026)"
A — Sacavém / Bobadela → Vila Franca de Xira (~22 km),38.849365,-9.068552,1.671,"Sacavém / Bobadela (events: 2008, 2014, 2026)"
A — Sacavém / Bobadela → Vila Franca de Xira (~22 km),38.80756,-9.091474,1.672,"Sacavém / Bobadela (events: 2008, 2014, 2026)"
A — Sacavém / Bobadela → Vila Franca de Xira (~22 km),38.828353,-9.084186,1.675,"Sacavém / Bobadela (events: 2008, 2014, 2026)"
A — Sacavém / Bobadela → Vila Franca de Xira (~22 km),38.850776,-9.067458,1.68,"Sacavém / Bobadela (events: 2008, 2014, 2026)"
A — Sacavém / Bobadela → Vila Franca de Xira (~22 km),38.945103,-8.993315,1.68,Alverca / Vila Franca (events: 2026)
A — Sacavém / Bobadela → Vila Franca de Xira (~22 km),38.840805,-9.074921,1.681,"Sacavém / Bobadela (events: 2008, 2014, 2026)"
A — Sacavém / Bobadela → Vila Franca de Xira (~22 km),38.800144,-9.090675,1.684,"Sacavém / Bobadela (events: 2008, 2014, 2026)"
B — Vila Franca de Xira → Azambuja (~28 km),39.058792,-8.881929,1.684,"Castanheira / Azambuja (events: 2022, 2026)"
A — Sacavém / Bobadela → Vila Franca de Xira (~22 km),38.874673,-9.046525,1.684,"Póvoa de Santa Iria (events: 2008, 2010, 2026)"
A — Sacavém / Bobadela → Vila Franca de Xira (~22 km),38.945897,-8.992772,1.685,Alverca / Vila Franca (events: 2026)
A — Sacavém / Bobadela → Vila Franca de Xira (~22 km),38.819538,-9.088933,1.687,"Sacavém / Bobadela (events: 2008, 2014, 2026)"
B — Vila Franca de Xira → Azambuja (~28 km),39.043967,-8.912162,1.688,"Castanheira / Azambuja (events: 2022, 2026)"
A — Sacavém / Bobadela → Vila Franca de Xira (~22 km),38.85335,-9.067613,1.689,"Sacavém / Bobadela (events: 2008, 2014, 2026)"
A — Sacavém / Bobadela → Vila Franca de Xira (~22 km),38.854151,-9.057685,1.693,"Sacavém / Bobadela (events: 2008, 2014, 2026)"
B — Vila Franca de Xira → Azambuja (~28 km),39.055012,-8.887556,1.693,"Castanheira / Azambuja (events: 2022, 2026)"
A — Sacavém / Bobadela → Vila Franca de Xira (~22 km),38.874647,-9.050548,1.693,"Póvoa de Santa Iria (events: 2008, 2010, 2026)"
B — Vila Franca de Xira → Azambuja (~28 km),39.059283,-8.881101,1.696,"Castanheira / Azambuja (events: 2022, 2026)"
B — Vila Franca de Xira → Azambuja (~28 km),38.960423,-8.983155,1.696,Alverca / Vila Franca (events: 2026)
A — Sacavém / Bobadela → Vila Franca de Xira (~22 km),38.876016,-9.048953,1.698,"Póvoa de Santa Iria (events: 2008, 2010, 2026)"
B — Vila Franca de Xira → Azambuja (~28 km),39.061045,-8.880734,1.698,"Castanheira / Azambuja (events: 2022, 2026)"
A — Sacavém / Bobadela → Vila Franca de Xira (~22 km),38.809228,-9.092245,1.705,"Sacavém / Bobadela (events: 2008, 2014, 2026)"
B — Vila Franca de Xira → Azambuja (~28 km),39.049861,-8.892706,1.706,"Castanheira / Azambuja (events: 2022, 2026)"
B — Vila Franca de Xira → Azambuja (~28 km),39.057261,-8.88252,1.707,"Castanheira / Azambuja (events: 2022, 2026)"
A — Sacavém / Bobadela → Vila Franca de Xira (~22 km),38.847171,-9.072124,1.707,"Sacavém / Bobadela (events: 2008, 2014, 2026)"
A — Sacavém / Bobadela → Vila Franca de Xira (~22 km),38.843924,-9.071365,1.711,"Sacavém / Bobadela (events: 2008, 2014, 2026)"
B — Vila Franca de Xira → Azambuja (~28 km),38.960826,-8.982899,1.715,Alverca / Vila Franca (events: 2026)
B — Vila Franca de Xira → Azambuja (~28 km),39.006,-8.946729,1.715,"Castanheira / Azambuja (events: 2022, 2026)"
A — Sacavém / Bobadela → Vila Franca de Xira (~22 km),38.876516,-9.046829,1.716,"Póvoa de Santa Iria (events: 2008, 2010, 2026)"
A — Sacavém / Bobadela → Vila Franca de Xira (~22 km),38.8758,-9.048718,1.718,"Póvoa de Santa Iria (events: 2008, 2010, 2026)"
A — Sacavém / Bobadela → Vila Franca de Xira (~22 km),38.862062,-9.05907,1.718,"Póvoa de Santa Iria (events: 2008, 2010, 2026)"
B — Vila Franca de Xira → Azambuja (~28 km),39.055085,-8.887447,1.719,"Castanheira / Azambuja (events: 2022, 2026)"
B — Vila Franca de Xira → Azambuja (~28 km),39.049951,-8.892847,1.72,"Castanheira / Azambuja (events: 2022, 2026)"
A — Sacavém / Bobadela → Vila Franca de Xira (~22 km),38.880963,-9.042039,1.721,"Póvoa de Santa Iria (events: 2008, 2010, 2026)"
B — Vila Franca de Xira → Azambuja (~28 km),39.052351,-8.888236,1.724,"Castanheira / Azambuja (events: 2022, 2026)"
B — Vila Franca de Xira → Azambuja (~28 km),39.029192,-8.936412,1.725,"Castanheira / Azambuja (events: 2022, 2026)"
B — Vila Franca de Xira → Azambuja (~28 km),39.05436,-8.88744,1.728,"Castanheira / Azambuja (events: 2022, 2026)"
B — Vila Franca de Xira → Azambuja (~28 km),38.966346,-8.974329,1.731,Alverca / Vila Franca (events: 2026)
B — Vila Franca de Xira → Azambuja (~28 km),39.046294,-8.893595,1.732,"Castanheira / Azambuja (events: 2022, 2026)"
B — Vila Franca de Xira → Azambuja (~28 km),39.056645,-8.884031,1.733,"Castanheira / Azambuja (events: 2022, 2026)"
A — Sacavém / Bobadela → Vila Franca de Xira (~22 km),38.810878,-9.091324,1.734,"Sacavém / Bobadela (events: 2008, 2014, 2026)"
A — Sacavém / Bobadela → Vila Franca de Xira (~22 km),38.809808,-9.092786,1.736,"Sacavém / Bobadela (events: 2008, 2014, 2026)"
A — Sacavém / Bobadela → Vila Franca de Xira (~22 km),38.819698,-9.086497,1.736,"Sacavém / Bobadela (events: 2008, 2014, 2026)"
A — Sacavém / Bobadela → Vila Franca de Xira (~22 km),38.876054,-9.048955,1.736,"Póvoa de Santa Iria (events: 2008, 2010, 2026)"
B — Vila Franca de Xira → Azambuja (~28 km),39.047483,-8.896684,1.74,"Castanheira / Azambuja (events: 2022, 2026)"
A — Sacavém / Bobadela → Vila Franca de Xira (~22 km),38.851554,-9.066879,1.74,"Sacavém / Bobadela (events: 2008, 2014, 2026)"
B — Vila Franca de Xira → Azambuja (~28 km),39.006239,-8.946689,1.742,"Castanheira / Azambuja (events: 2022, 2026)"
B — Vila Franca de Xira → Azambuja (~28 km),39.05736,-8.883331,1.744,"Castanheira / Azambuja (events: 2022, 2026)"
A — Sacavém / Bobadela → Vila Franca de Xira (~22 km),38.854543,-9.057401,1.748,"Sacavém / Bobadela (events: 2008, 2014, 2026)"
A — Sacavém / Bobadela → Vila Franca de Xira (~22 km),38.852648,-9.060066,1.748,"Sacavém / Bobadela (events: 2008, 2014, 2026)"
A — Sacavém / Bobadela → Vila Franca de Xira (~22 km),38.87202,-9.045413,1.749,"Póvoa de Santa Iria (events: 2008, 2010, 2026)"
B — Vila Franca de Xira → Azambuja (~28 km),39.054748,-8.887831,1.75,"Castanheira / Azambuja (events: 2022, 2026)"
A — Sacavém / Bobadela → Vila Franca de Xira (~22 km),38.826164,-9.084029,1.75,"Sacavém / Bobadela (events: 2008, 2014, 2026)"
B — Vila Franca de Xira → Azambuja (~28 km),39.059186,-8.881831,1.752,"Castanheira / Azambuja (events: 2022, 2026)"
B — Vila Franca de Xira → Azambuja (~28 km),39.050038,-8.893207,1.757,"Castanheira / Azambuja (events: 2022, 2026)"
B — Vila Franca de Xira → Azambuja (~28 km),38.965993,-8.974686,1.757,Alverca / Vila Franca (events: 2026)
B — Vila Franca de Xira → Azambuja (~28 km),39.080749,-8.843202,1.757,"Castanheira / Azambuja (events: 2022, 2026)"
A — Sacavém / Bobadela → Vila Franca de Xira (~22 km),38.81602,-9.08662,1.757,"Sacavém / Bobadela (events: 2008, 2014, 2026)"
A — Sacavém / Bobadela → Vila Franca de Xira (~22 km),38.812211,-9.087884,1.759,"Sacavém / Bobadela (events: 2008, 2014, 2026)"
A — Sacavém / Bobadela → Vila Franca de Xira (~22 km),38.861141,-9.059951,1.76,"Póvoa de Santa Iria (events: 2008, 2010, 2026)"
A — Sacavém / Bobadela → Vila Franca de Xira (~22 km),38.827013,-9.085722,1.762,"Sacavém / Bobadela (events: 2008, 2014, 2026)"
B — Vila Franca de Xira → Azambuja (~28 km),39.053215,-8.895053,1.762,"Castanheira / Azambuja (events: 2022, 2026)"
A — Sacavém / Bobadela → Vila Franca de Xira (~22 km),38.829355,-9.080312,1.763,"Sacavém / Bobadela (events: 2008, 2014, 2026)"
A — Sacavém / Bobadela → Vila Franca de Xira (~22 km),38.827814,-9.084521,1.763,"Sacavém / Bobadela (events: 2008, 2014, 2026)"
A — Sacavém / Bobadela → Vila Franca de Xira (~22 km),38.94348,-8.994373,1.764,Alverca / Vila Franca (events: 2026)
A — Sacavém / Bobadela → Vila Franca de Xira (~22 km),38.799703,-9.090787,1.764,"Sacavém / Bobadela (events: 2008, 2014, 2026)"
A — Sacavém / Bobadela → Vila Franca de Xira (~22 km),38.807952,-9.09119,1.765,"Sacavém / Bobadela (events: 2008, 2014, 2026)"
B — Vila Franca de Xira → Azambuja (~28 km),38.976251,-8.964326,1.766,Alverca / Vila Franca (events: 2026)
B — Vila Franca de Xira → Azambuja (~28 km),39.05152,-8.892135,1.768,"Castanheira / Azambuja (events: 2022, 2026)"
B — Vila Franca de Xira → Azambuja (~28 km),38.96104,-8.979687,1.769,Alverca / Vila Franca (events: 2026)
A — Sacavém / Bobadela → Vila Franca de Xira (~22 km),38.882604,-9.040764,1.77,"Póvoa de Santa Iria (events: 2008, 2010, 2026)"
B — Vila Franca de Xira → Azambuja (~28 km),39.031238,-8.908908,1.773,"Castanheira / Azambuja (events: 2022, 2026)"
B — Vila Franca de Xira → Azambuja (~28 km),39.049307,-8.893496,1.783,"Castanheira / Azambuja (events: 2022, 2026)"
B — Vila Franca de Xira → Azambuja (~28 km),39.04594,-8.893952,1.785,"Castanheira / Azambuja (events: 2022, 2026)"
B — Vila Franca de Xira → Azambuja (~28 km),39.051467,-8.891083,1.788,"Castanheira / Azambuja (events: 2022, 2026)"
A — Sacavém / Bobadela → Vila Franca de Xira (~22 km),38.845825,-9.069823,1.789,"Sacavém / Bobadela (events: 2008, 2014, 2026)"
A — Sacavém / Bobadela → Vila Franca de Xira (~22 km),38.861673,-9.059359,1.79,"Póvoa de Santa Iria (events: 2008, 2010, 2026)"
B — Vila Franca de Xira → Azambuja (~28 km),39.060146,-8.880154,1.796,"Castanheira / Azambuja (events: 2022, 2026)"
B — Vila Franca de Xira → Azambuja (~28 km),39.054357,-8.88835,1.799,"Castanheira / Azambuja (events: 2022, 2026)"
B — Vila Franca de Xira → Azambuja (~28 km),39.051635,-8.888937,1.8,"Castanheira / Azambuja (events: 2022, 2026)"
A — Sacavém / Bobadela → Vila Franca de Xira (~22 km),38.868638,-9.047179,1.806,"Póvoa de Santa Iria (events: 2008, 2010, 2026)"
A — Sacavém / Bobadela → Vila Franca de Xira (~22 km),38.811771,-9.088001,1.806,"Sacavém / Bobadela (events: 2008, 2014, 2026)"
A — Sacavém / Bobadela → Vila Franca de Xira (~22 km),38.874381,-9.050137,1.807,"Póvoa de Santa Iria (events: 2008, 2010, 2026)"
B — Vila Franca de Xira → Azambuja (~28 km),39.006567,-8.946292,1.807,"Castanheira / Azambuja (events: 2022, 2026)"
B — Vila Franca de Xira → Azambuja (~28 km),39.051789,-8.890678,1.808,"Castanheira / Azambuja (events: 2022, 2026)"
A — Sacavém / Bobadela → Vila Franca de Xira (~22 km),38.826301,-9.084138,1.809,"Sacavém / Bobadela (events: 2008, 2014, 2026)"
B — Vila Franca de Xira → Azambuja (~28 km),39.054085,-8.887504,1.81,"Castanheira / Azambuja (events: 2022, 2026)"
B — Vila Franca de Xira → Azambuja (~28 km),39.049211,-8.893507,1.812,"Castanheira / Azambuja (events: 2022, 2026)"
A — Sacavém / Bobadela → Vila Franca de Xira (~22 km),38.850144,-9.067973,1.813,"Sacavém / Bobadela (events: 2008, 2014, 2026)"
B — Vila Franca de Xira → Azambuja (~28 km),38.992038,-8.962119,1.813,"Castanheira / Azambuja (events: 2022, 2026)"
A — Sacavém / Bobadela → Vila Franca de Xira (~22 km),38.845065,-9.07044,1.82,"Sacavém / Bobadela (events: 2008, 2014, 2026)"
B — Vila Franca de Xira → Azambuja (~28 km),39.054244,-8.88758,1.82,"Castanheira / Azambuja (events: 2022, 2026)"
A — Sacavém / Bobadela → Vila Franca de Xira (~22 km),38.818567,-9.08905,1.822,"Sacavém / Bobadela (events: 2008, 2014, 2026)"
A — Sacavém / Bobadela → Vila Franca de Xira (~22 km),38.840567,-9.07475,1.822,"Sacavém / Bobadela (events: 2008, 2014, 2026)"
A — Sacavém / Bobadela → Vila Franca de Xira (~22 km),38.81885,-9.086337,1.823,"Sacavém / Bobadela (events: 2008, 2014, 2026)"
A — Sacavém / Bobadela → Vila Franca de Xira (~22 km),38.854585,-9.058601,1.825,"Sacavém / Bobadela (events: 2008, 2014, 2026)"
B — Vila Franca de Xira → Azambuja (~28 km),39.054039,-8.887845,1.826,"Castanheira / Azambuja (events: 2022, 2026)"
B — Vila Franca de Xira → Azambuja (~28 km),39.059846,-8.881044,1.826,"Castanheira / Azambuja (events: 2022, 2026)"
B — Vila Franca de Xira → Azambuja (~28 km),39.047347,-8.896279,1.827,"Castanheira / Azambuja (events: 2022, 2026)"
B — Vila Franca de Xira → Azambuja (~28 km),39.047289,-8.896345,1.829,"Castanheira / Azambuja (events: 2022, 2026)"
B — Vila Franca de Xira → Azambuja (~28 km),39.056877,-8.884425,1.829,"Castanheira / Azambuja (events: 2022, 2026)"
B — Vila Franca de Xira → Azambuja (~28 km),39.011627,-8.928603,1.831,"Castanheira / Azambuja (events: 2022, 2026)"
B — Vila Franca de Xira → Azambuja (~28 km),39.010484,-8.92923,1.831,"Castanheira / Azambuja (events: 2022, 2026)"
B — Vila Franca de Xira → Azambuja (~28 km),38.972911,-8.96602,1.831,Alverca / Vila Franca (events: 2026)
B — Vila Franca de Xira → Azambuja (~28 km),39.053217,-8.895219,1.832,"Castanheira / Azambuja (events: 2022, 2026)"
B — Vila Franca de Xira → Azambuja (~28 km),39.049539,-8.893512,1.834,"Castanheira / Azambuja (events: 2022, 2026)"
A — Sacavém / Bobadela → Vila Franca de Xira (~22 km),38.820463,-9.088196,1.837,"Sacavém / Bobadela (events: 2008, 2014, 2026)"
A — Sacavém / Bobadela → Vila Franca de Xira (~22 km),38.86668,-9.048599,1.838,"Póvoa de Santa Iria (events: 2008, 2010, 2026)"
A — Sacavém / Bobadela → Vila Franca de Xira (~22 km),38.819546,-9.088968,1.839,"Sacavém / Bobadela (events: 2008, 2014, 2026)"
B — Vila Franca de Xira → Azambuja (~28 km),39.052919,-8.889306,1.839,"Castanheira / Azambuja (events: 2022, 2026)"
B — Vila Franca de Xira → Azambuja (~28 km),38.963516,-8.977187,1.839,Alverca / Vila Franca (events: 2026)
B — Vila Franca de Xira → Azambuja (~28 km),39.05246,-8.889505,1.842,"Castanheira / Azambuja (events: 2022, 2026)"
A — Sacavém / Bobadela → Vila Franca de Xira (~22 km),38.827447,-9.085573,1.842,"Sacavém / Bobadela (events: 2008, 2014, 2026)"
A — Sacavém / Bobadela → Vila Franca de Xira (~22 km),38.852261,-9.060359,1.843,"Sacavém / Bobadela (events: 2008, 2014, 2026)"
A — Sacavém / Bobadela → Vila Franca de Xira (~22 km),38.878219,-9.040725,1.846,"Póvoa de Santa Iria (events: 2008, 2010, 2026)"
B — Vila Franca de Xira → Azambuja (~28 km),39.05886,-8.881773,1.847,"Castanheira / Azambuja (events: 2022, 2026)"
A — Sacavém / Bobadela → Vila Franca de Xira (~22 km),38.835208,-9.079026,1.847,"Sacavém / Bobadela (events: 2008, 2014, 2026)"
B — Vila Franca de Xira → Azambuja (~28 km),39.059322,-8.882536,1.85,"Castanheira / Azambuja (events: 2022, 2026)"
A — Sacavém / Bobadela → Vila Franca de Xira (~22 km),38.883462,-9.039294,1.851,"Póvoa de Santa Iria (events: 2008, 2010, 2026)"
B — Vila Franca de Xira → Azambuja (~28 km),39.049965,-8.892707,1.852,"Castanheira / Azambuja (events: 2022, 2026)"
B — Vila Franca de Xira → Azambuja (~28 km),39.006975,-8.945529,1.853,"Castanheira / Azambuja (events: 2022, 2026)"
A — Sacavém / Bobadela → Vila Franca de Xira (~22 km),38.876239,-9.045153,1.853,"Póvoa de Santa Iria (events: 2008, 2010, 2026)"
A — Sacavém / Bobadela → Vila Franca de Xira (~22 km),38.828105,-9.085398,1.855,"Sacavém / Bobadela (events: 2008, 2014, 2026)"
B — Vila Franca de Xira → Azambuja (~28 km),39.054685,-8.887953,1.856,"Castanheira / Azambuja (events: 2022, 2026)"
A — Sacavém / Bobadela → Vila Franca de Xira (~22 km),38.877934,-9.045407,1.857,"Póvoa de Santa Iria (events: 2008, 2010, 2026)"
B — Vila Franca de Xira → Azambuja (~28 km),38.978374,-8.962183,1.857,Alverca / Vila Franca (events: 2026)
B — Vila Franca de Xira → Azambuja (~28 km),39.032317,-8.914315,1.857,"Castanheira / Azambuja (events: 2022, 2026)"
B — Vila Franca de Xira → Azambuja (~28 km),39.055846,-8.883949,1.857,"Castanheira / Azambuja (events: 2022, 2026)"
A — Sacavém / Bobadela → Vila Franca de Xira (~22 km),38.816238,-9.088332,1.859,"Sacavém / Bobadela (events: 2008, 2014, 2026)"
A — Sacavém / Bobadela → Vila Franca de Xira (~22 km),38.835597,-9.078737,1.859,"Sacavém / Bobadela (events: 2008, 2014, 2026)"
B — Vila Franca de Xira → Azambuja (~28 km),39.061141,-8.880535,1.863,"Castanheira / Azambuja (events: 2022, 2026)"
B — Vila Franca de Xira → Azambuja (~28 km),39.055228,-8.886552,1.867,"Castanheira / Azambuja (events: 2022, 2026)"
A — Sacavém / Bobadela → Vila Franca de Xira (~22 km),38.816651,-9.088102,1.868,"Sacavém / Bobadela (events: 2008, 2014, 2026)"
B — Vila Franca de Xira → Azambuja (~28 km),39.054239,-8.887732,1.871,"Castanheira / Azambuja (events: 2022, 2026)"
A — Sacavém / Bobadela → Vila Franca de Xira (~22 km),38.849171,-9.070805,1.871,"Sacavém / Bobadela (events: 2008, 2014, 2026)"
A — Sacavém / Bobadela → Vila Franca de Xira (~22 km),38.827237,-9.085697,1.871,"Sacavém / Bobadela (events: 2008, 2014, 2026)"
A — Sacavém / Bobadela → Vila Franca de Xira (~22 km),38.812652,-9.087767,1.872,"Sacavém / Bobadela (events: 2008, 2014, 2026)"
A — Sacavém / Bobadela → Vila Franca de Xira (~22 km),38.801204,-9.090811,1.874,"Sacavém / Bobadela (events: 2008, 2014, 2026)"
B — Vila Franca de Xira → Azambuja (~28 km),39.059383,-8.880377,1.874,"Castanheira / Azambuja (events: 2022, 2026)"
B — Vila Franca de Xira → Azambuja (~28 km),39.042772,-8.914781,1.875,"Castanheira / Azambuja (events: 2022, 2026)"
B — Vila Franca de Xira → Azambuja (~28 km),39.032192,-8.914004,1.877,"Castanheira / Azambuja (events: 2022, 2026)"
A — Sacavém / Bobadela → Vila Franca de Xira (~22 km),38.876035,-9.048819,1.878,"Póvoa de Santa Iria (events: 2008, 2010, 2026)"
A — Sacavém / Bobadela → Vila Franca de Xira (~22 km),38.876115,-9.048893,1.878,"Póvoa de Santa Iria (events: 2008, 2010, 2026)"
A — Sacavém / Bobadela → Vila Franca de Xira (~22 km),38.844159,-9.072374,1.88,"Sacavém / Bobadela (events: 2008, 2014, 2026)"
A — Sacavém / Bobadela → Vila Franca de Xira (~22 km),38.861818,-9.059287,1.883,"Póvoa de Santa Iria (events: 2008, 2010, 2026)"
A — Sacavém / Bobadela → Vila Franca de Xira (~22 km),38.805994,-9.09261,1.883,"Sacavém / Bobadela (events: 2008, 2014, 2026)"
B — Vila Franca de Xira → Azambuja (~28 km),39.056684,-8.884303,1.886,"Castanheira / Azambuja (events: 2022, 2026)"
A — Sacavém / Bobadela → Vila Franca de Xira (~22 km),38.826257,-9.085678,1.888,"Sacavém / Bobadela (events: 2008, 2014, 2026)"
A — Sacavém / Bobadela → Vila Franca de Xira (~22 km),38.840657,-9.074977,1.891,"Sacavém / Bobadela (events: 2008, 2014, 2026)"
B — Vila Franca de Xira → Azambuja (~28 km),39.054412,-8.888215,1.891,"Castanheira / Azambuja (events: 2022, 2026)"
A — Sacavém / Bobadela → Vila Franca de Xira (~22 km),38.896346,-9.028858,1.895,Alverca / Vila Franca (events: 2026)
B — Vila Franca de Xira → Azambuja (~28 km),39.051282,-8.89113,1.896,"Castanheira / Azambuja (events: 2022, 2026)"
B — Vila Franca de Xira → Azambuja (~28 km),39.05181,-8.890305,1.896,"Castanheira / Azambuja (events: 2022, 2026)"
A — Sacavém / Bobadela → Vila Franca de Xira (~22 km),38.816491,-9.088019,1.898,"Sacavém / Bobadela (events: 2008, 2014, 2026)"
A — Sacavém / Bobadela → Vila Franca de Xira (~22 km),38.827671,-9.085547,1.898,"Sacavém / Bobadela (events: 2008, 2014, 2026)"
A — Sacavém / Bobadela → Vila Franca de Xira (~22 km),38.946259,-8.992472,1.9,Alverca / Vila Franca (events: 2026)
B — Vila Franca de Xira → Azambuja (~28 km),38.96387,-8.976829,1.9,Alverca / Vila Franca (events: 2026)
A — Sacavém / Bobadela → Vila Franca de Xira (~22 km),38.851181,-9.072011,1.901,"Sacavém / Bobadela (events: 2008, 2014, 2026)"
B — Vila Franca de Xira → Azambuja (~28 km),39.047619,-8.896934,1.903,"Castanheira / Azambuja (events: 2022, 2026)"
B — Vila Franca de Xira → Azambuja (~28 km),39.048772,-8.89174,1.905,"Castanheira / Azambuja (events: 2022, 2026)"
A — Sacavém / Bobadela → Vila Franca de Xira (~22 km),38.818816,-9.086128,1.906,"Sacavém / Bobadela (events: 2008, 2014, 2026)"
A — Sacavém / Bobadela → Vila Franca de Xira (~22 km),38.81265,-9.087783,1.906,"Sacavém / Bobadela (events: 2008, 2014, 2026)"
A — Sacavém / Bobadela → Vila Franca de Xira (~22 km),38.843164,-9.071982,1.907,"Sacavém / Bobadela (events: 2008, 2014, 2026)"
A — Sacavém / Bobadela → Vila Franca de Xira (~22 km),38.879179,-9.04469,1.907,"Póvoa de Santa Iria (events: 2008, 2010, 2026)"
B — Vila Franca de Xira → Azambuja (~28 km),38.975058,-8.963918,1.908,Alverca / Vila Franca (events: 2026)
B — Vila Franca de Xira → Azambuja (~28 km),39.052198,-8.897127,1.909,"Castanheira / Azambuja (events: 2022, 2026)"
A — Sacavém / Bobadela → Vila Franca de Xira (~22 km),38.827881,-9.085423,1.909,"Sacavém / Bobadela (events: 2008, 2014, 2026)"
A — Sacavém / Bobadela → Vila Franca de Xira (~22 km),38.826801,-9.085841,1.91,"Sacavém / Bobadela (events: 2008, 2014, 2026)"
B — Vila Franca de Xira → Azambuja (~28 km),39.056877,-8.884585,1.91,"Castanheira / Azambuja (events: 2022, 2026)"
B — Vila Franca de Xira → Azambuja (~28 km),39.054771,-8.888136,1.912,"Castanheira / Azambuja (events: 2022, 2026)"
B — Vila Franca de Xira → Azambuja (~28 km),39.042169,-8.915489,1.912,"Castanheira / Azambuja (events: 2022, 2026)"
B — Vila Franca de Xira → Azambuja (~28 km),39.042735,-8.914734,1.913,"Castanheira / Azambuja (events: 2022, 2026)"
B — Vila Franca de Xira → Azambuja (~28 km),39.053403,-8.889367,1.913,"Castanheira / Azambuja (events: 2022, 2026)"
A — Sacavém / Bobadela → Vila Franca de Xira (~22 km),38.827723,-9.085662,1.914,"Sacavém / Bobadela (events: 2008, 2014, 2026)"
A — Sacavém / Bobadela → Vila Franca de Xira (~22 km),38.818667,-9.085944,1.921,"Sacavém / Bobadela (events: 2008, 2014, 2026)"
B — Vila Franca de Xira → Azambuja (~28 km),39.051411,-8.891922,1.925,"Castanheira / Azambuja (events: 2022, 2026)"
A — Sacavém / Bobadela → Vila Franca de Xira (~22 km),38.82815,-9.08548,1.926,"Sacavém / Bobadela (events: 2008, 2014, 2026)"
B — Vila Franca de Xira → Azambuja (~28 km),38.98293,-8.956209,1.927,"Castanheira / Azambuja (events: 2022, 2026)"
A — Sacavém / Bobadela → Vila Franca de Xira (~22 km),38.82717,-9.085309,1.93,"Sacavém / Bobadela (events: 2008, 2014, 2026)"
A — Sacavém / Bobadela → Vila Franca de Xira (~22 km),38.806754,-9.093626,1.931,"Sacavém / Bobadela (events: 2008, 2014, 2026)"
A — Sacavém / Bobadela → Vila Franca de Xira (~22 km),38.872945,-9.044056,1.932,"Póvoa de Santa Iria (events: 2008, 2010, 2026)"
B — Vila Franca de Xira → Azambuja (~28 km),39.059181,-8.881665,1.933,"Castanheira / Azambuja (events: 2022, 2026)"
A — Sacavém / Bobadela → Vila Franca de Xira (~22 km),38.872269,-9.047782,1.934,"Póvoa de Santa Iria (events: 2008, 2010, 2026)"
B — Vila Franca de Xira → Azambuja (~28 km),39.03214,-8.914091,1.935,"Castanheira / Azambuja (events: 2022, 2026)"
A — Sacavém / Bobadela → Vila Franca de Xira (~22 km),38.826578,-9.085869,1.937,"Sacavém / Bobadela (events: 2008, 2014, 2026)"
B — Vila Franca de Xira → Azambuja (~28 km),38.984004,-8.955158,1.939,"Castanheira / Azambuja (events: 2022, 2026)"
A — Sacavém / Bobadela → Vila Franca de Xira (~22 km),38.844307,-9.072316,1.94,"Sacavém / Bobadela (events: 2008, 2014, 2026)"
B — Vila Franca de Xira → Azambuja (~28 km),39.052306,-8.89721,1.942,"Castanheira / Azambuja (events: 2022, 2026)"
A — Sacavém / Bobadela → Vila Franca de Xira (~22 km),38.850386,-9.067747,1.943,"Sacavém / Bobadela (events: 2008, 2014, 2026)"
A — Sacavém / Bobadela → Vila Franca de Xira (~22 km),38.827784,-9.081886,1.944,"Sacavém / Bobadela (events: 2008, 2014, 2026)"
A — Sacavém / Bobadela → Vila Franca de Xira (~22 km),38.850533,-9.067683,1.945,"Sacavém / Bobadela (events: 2008, 2014, 2026)"
A — Sacavém / Bobadela → Vila Franca de Xira (~22 km),38.816479,-9.088559,1.947,"Sacavém / Bobadela (events: 2008, 2014, 2026)"
A — Sacavém / Bobadela → Vila Franca de Xira (~22 km),38.866596,-9.049516,1.948,"Póvoa de Santa Iria (events: 2008, 2010, 2026)"
B — Vila Franca de Xira → Azambuja (~28 km),39.051954,-8.887879,1.949,"Castanheira / Azambuja (events: 2022, 2026)"
A — Sacavém / Bobadela → Vila Franca de Xira (~22 km),38.876074,-9.048794,1.952,"Póvoa de Santa Iria (events: 2008, 2010, 2026)"
B — Vila Franca de Xira → Azambuja (~28 km),39.059182,-8.881368,1.955,"Castanheira / Azambuja (events: 2022, 2026)"
B — Vila Franca de Xira → Azambuja (~28 km),39.060581,-8.880177,1.956,"Castanheira / Azambuja (events: 2022, 2026)"
A — Sacavém / Bobadela → Vila Franca de Xira (~22 km),38.82637,-9.085837,1.961,"Sacavém / Bobadela (events: 2008, 2014, 2026)"
B — Vila Franca de Xira → Azambuja (~28 km),39.055096,-8.887736,1.962,"Castanheira / Azambuja (events: 2022, 2026)"
B — Vila Franca de Xira → Azambuja (~28 km),39.052958,-8.895529,1.963,"Castanheira / Azambuja (events: 2022, 2026)"
A — Sacavém / Bobadela → Vila Franca de Xira (~22 km),38.795734,-9.091801,1.963,"Sacavém / Bobadela (events: 2008, 2014, 2026)"
B — Vila Franca de Xira → Azambuja (~28 km),38.977921,-8.961115,1.966,Alverca / Vila Franca (events: 2026)
A — Sacavém / Bobadela → Vila Franca de Xira (~22 km),38.879352,-9.043985,1.968,"Póvoa de Santa Iria (events: 2008, 2010, 2026)"
B — Vila Franca de Xira → Azambuja (~28 km),39.044193,-8.912192,1.968,"Castanheira / Azambuja (events: 2022, 2026)"
A — Sacavém / Bobadela → Vila Franca de Xira (~22 km),38.826136,-9.082374,1.969,"Sacavém / Bobadela (events: 2008, 2014, 2026)"
B — Vila Franca de Xira → Azambuja (~28 km),39.058958,-8.881502,1.97,"Castanheira / Azambuja (events: 2022, 2026)"
B — Vila Franca de Xira → Azambuja (~28 km),39.010842,-8.92888,1.97,"Castanheira / Azambuja (events: 2022, 2026)"
A — Sacavém / Bobadela → Vila Franca de Xira (~22 km),38.809639,-9.092941,1.972,"Sacavém / Bobadela (events: 2008, 2014, 2026)"
B — Vila Franca de Xira → Azambuja (~28 km),39.027273,-8.938278,1.979,"Castanheira / Azambuja (events: 2022, 2026)"
A — Sacavém / Bobadela → Vila Franca de Xira (~22 km),38.861946,-9.059435,1.98,"Póvoa de Santa Iria (events: 2008, 2010, 2026)"
A — Sacavém / Bobadela → Vila Franca de Xira (~22 km),38.813041,-9.087499,1.981,"Sacavém / Bobadela (events: 2008, 2014, 2026)"
A — Sacavém / Bobadela → Vila Franca de Xira (~22 km),38.884668,-9.038653,1.981,"Póvoa de Santa Iria (events: 2008, 2010, 2026)"
A — Sacavém / Bobadela → Vila Franca de Xira (~22 km),38.871633,-9.045706,1.982,"Póvoa de Santa Iria (events: 2008, 2010, 2026)"
A — Sacavém / Bobadela → Vila Franca de Xira (~22 km),38.853971,-9.067641,1.984,"Sacavém / Bobadela (events: 2008, 2014, 2026)"
A — Sacavém / Bobadela → Vila Franca de Xira (~22 km),38.853078,-9.07046,1.984,"Sacavém / Bobadela (events: 2008, 2014, 2026)"
A — Sacavém / Bobadela → Vila Franca de Xira (~22 km),38.818893,-9.087013,1.985,"Sacavém / Bobadela (events: 2008, 2014, 2026)"
A — Sacavém / Bobadela → Vila Franca de Xira (~22 km),38.816098,-9.0883,1.989,"Sacavém / Bobadela (events: 2008, 2014, 2026)"
B — Vila Franca de Xira → Azambuja (~28 km),39.052308,-8.887522,1.989,"Castanheira / Azambuja (events: 2022, 2026)"
A — Sacavém / Bobadela → Vila Franca de Xira (~22 km),38.88325,-9.040075,1.992,"Póvoa de Santa Iria (events: 2008, 2010, 2026)"
B — Vila Franca de Xira → Azambuja (~28 km),39.051161,-8.891106,1.994,"Castanheira / Azambuja (events: 2022, 2026)"
B — Vila Franca de Xira → Azambuja (~28 km),39.006894,-8.945895,1.995,"Castanheira / Azambuja (events: 2022, 2026)"
A — Sacavém / Bobadela → Vila Franca de Xira (~22 km),38.80589,-9.09286,1.995,"Sacavém / Bobadela (events: 2008, 2014, 2026)"
B — Vila Franca de Xira → Azambuja (~28 km),39.052187,-8.896954,1.996,"Castanheira / Azambuja (events: 2022, 2026)"
B — Vila Franca de Xira → Azambuja (~28 km),39.028842,-8.917399,1.996,"Castanheira / Azambuja (events: 2022, 2026)"
B — Vila Franca de Xira → Azambuja (~28 km),39.057614,-8.882163,2.001,"Castanheira / Azambuja (events: 2022, 2026)"
A — Sacavém / Bobadela → Vila Franca de Xira (~22 km),38.876282,-9.04219,2.001,"Póvoa de Santa Iria (events: 2008, 2010, 2026)"
B — Vila Franca de Xira → Azambuja (~28 km),39.059149,-8.881579,2.002,"Castanheira / Azambuja (events: 2022, 2026)"
A — Sacavém / Bobadela → Vila Franca de Xira (~22 km),38.880617,-9.042113,2.003,"Póvoa de Santa Iria (events: 2008, 2010, 2026)"
B — Vila Franca de Xira → Azambuja (~28 km),38.963163,-8.977544,2.003,Alverca / Vila Franca (events: 2026)
B — Vila Franca de Xira → Azambuja (~28 km),39.05661,-8.884607,2.005,"Castanheira / Azambuja (events: 2022, 2026)"
A — Sacavém / Bobadela → Vila Franca de Xira (~22 km),38.828541,-9.08548,2.005,"Sacavém / Bobadela (events: 2008, 2014, 2026)"
A — Sacavém / Bobadela → Vila Franca de Xira (~22 km),38.834575,-9.075122,2.006,"Sacavém / Bobadela (events: 2008, 2014, 2026)"
B — Vila Franca de Xira → Azambuja (~28 km),39.05414,-8.886484,2.006,"Castanheira / Azambuja (events: 2022, 2026)"
B — Vila Franca de Xira → Azambuja (~28 km),39.016225,-8.923959,2.008,"Castanheira / Azambuja (events: 2022, 2026)"
A — Sacavém / Bobadela → Vila Franca de Xira (~22 km),38.828107,-9.085628,2.01,"Sacavém / Bobadela (events: 2008, 2014, 2026)"
A — Sacavém / Bobadela → Vila Franca de Xira (~22 km),38.827672,-9.085776,2.013,"Sacavém / Bobadela (events: 2008, 2014, 2026)"
B — Vila Franca de Xira → Azambuja (~28 km),39.061114,-8.880428,2.014,"Castanheira / Azambuja (events: 2022, 2026)"
B — Vila Franca de Xira → Azambuja (~28 km),39.057303,-8.884778,2.015,"Castanheira / Azambuja (events: 2022, 2026)"
B — Vila Franca de Xira → Azambuja (~28 km),38.983327,-8.957182,2.016,"Castanheira / Azambuja (events: 2022, 2026)"
B — Vila Franca de Xira → Azambuja (~28 km),38.991901,-8.962088,2.017,"Castanheira / Azambuja (events: 2022, 2026)"
B — Vila Franca de Xira → Azambuja (~28 km),39.053782,-8.886834,2.017,"Castanheira / Azambuja (events: 2022, 2026)"
A — Sacavém / Bobadela → Vila Franca de Xira (~22 km),38.879099,-9.04548,2.019,"Póvoa de Santa Iria (events: 2008, 2010, 2026)"
A — Sacavém / Bobadela → Vila Franca de Xira (~22 km),38.878607,-9.040432,2.02,"Póvoa de Santa Iria (events: 2008, 2010, 2026)"
A — Sacavém / Bobadela → Vila Franca de Xira (~22 km),38.854216,-9.069529,2.02,"Sacavém / Bobadela (events: 2008, 2014, 2026)"
A — Sacavém / Bobadela → Vila Franca de Xira (~22 km),38.828103,-9.085674,2.023,"Sacavém / Bobadela (events: 2008, 2014, 2026)"
B — Vila Franca de Xira → Azambuja (~28 km),39.058633,-8.881902,2.023,"Castanheira / Azambuja (events: 2022, 2026)"
B — Vila Franca de Xira → Azambuja (~28 km),39.049702,-8.893591,2.024,"Castanheira / Azambuja (events: 2022, 2026)"
A — Sacavém / Bobadela → Vila Franca de Xira (~22 km),38.820303,-9.088383,2.024,"Sacavém / Bobadela (events: 2008, 2014, 2026)"
A — Sacavém / Bobadela → Vila Franca de Xira (~22 km),38.874127,-9.050105,2.025,"Póvoa de Santa Iria (events: 2008, 2010, 2026)"
A — Sacavém / Bobadela → Vila Franca de Xira (~22 km),38.879237,-9.045368,2.025,"Póvoa de Santa Iria (events: 2008, 2010, 2026)"
A — Sacavém / Bobadela → Vila Franca de Xira (~22 km),38.878995,-9.045527,2.026,"Póvoa de Santa Iria (events: 2008, 2010, 2026)"
B — Vila Franca de Xira → Azambuja (~28 km),39.053016,-8.886807,2.029,"Castanheira / Azambuja (events: 2022, 2026)"
B — Vila Franca de Xira → Azambuja (~28 km),39.051195,-8.892535,2.031,"Castanheira / Azambuja (events: 2022, 2026)"
B — Vila Franca de Xira → Azambuja (~28 km),39.05193,-8.890486,2.034,"Castanheira / Azambuja (events: 2022, 2026)"
B — Vila Franca de Xira → Azambuja (~28 km),39.05194,-8.890341,2.037,"Castanheira / Azambuja (events: 2022, 2026)"
B — Vila Franca de Xira → Azambuja (~28 km),39.056287,-8.884382,2.039,"Castanheira / Azambuja (events: 2022, 2026)"
B — Vila Franca de Xira → Azambuja (~28 km),39.05744,-8.884759,2.04,"Castanheira / Azambuja (events: 2022, 2026)"
B — Vila Franca de Xira → Azambuja (~28 km),39.047312,-8.895994,2.042,"Castanheira / Azambuja (events: 2022, 2026)"
B — Vila Franca de Xira → Azambuja (~28 km),39.052598,-8.889552,2.043,"Castanheira / Azambuja (events: 2022, 2026)"
A — Sacavém / Bobadela → Vila Franca de Xira (~22 km),38.811475,-9.088635,2.043,"Sacavém / Bobadela (events: 2008, 2014, 2026)"
B — Vila Franca de Xira → Azambuja (~28 km),39.055339,-8.887159,2.044,"Castanheira / Azambuja (events: 2022, 2026)"
B — Vila Franca de Xira → Azambuja (~28 km),39.05127,-8.891273,2.045,"Castanheira / Azambuja (events: 2022, 2026)"
A — Sacavém / Bobadela → Vila Franca de Xira (~22 km),38.87918,-9.045462,2.046,"Póvoa de Santa Iria (events: 2008, 2010, 2026)"
B — Vila Franca de Xira → Azambuja (~28 km),39.053385,-8.895033,2.047,"Castanheira / Azambuja (events: 2022, 2026)"
A — Sacavém / Bobadela → Vila Franca de Xira (~22 km),38.876244,-9.045083,2.048,"Póvoa de Santa Iria (events: 2008, 2010, 2026)"
B — Vila Franca de Xira → Azambuja (~28 km),39.046625,-8.893842,2.048,"Castanheira / Azambuja (events: 2022, 2026)"
B — Vila Franca de Xira → Azambuja (~28 km),39.053129,-8.89551,2.05,"Castanheira / Azambuja (events: 2022, 2026)"
A — Sacavém / Bobadela → Vila Franca de Xira (~22 km),38.821017,-9.085543,2.051,"Sacavém / Bobadela (events: 2008, 2014, 2026)"
A — Sacavém / Bobadela → Vila Franca de Xira (~22 km),38.845445,-9.070131,2.051,"Sacavém / Bobadela (events: 2008, 2014, 2026)"
B — Vila Franca de Xira → Azambuja (~28 km),39.059507,-8.881228,2.052,"Castanheira / Azambuja (events: 2022, 2026)"
A — Sacavém / Bobadela → Vila Franca de Xira (~22 km),38.875453,-9.047896,2.052,"Póvoa de Santa Iria (events: 2008, 2010, 2026)"
B — Vila Franca de Xira → Azambuja (~28 km),39.051277,-8.889287,2.053,"Castanheira / Azambuja (events: 2022, 2026)"
A — Sacavém / Bobadela → Vila Franca de Xira (~22 km),38.877425,-9.044562,2.054,"Póvoa de Santa Iria (events: 2008, 2010, 2026)"
B — Vila Franca de Xira → Azambuja (~28 km),38.978728,-8.961826,2.054,Alverca / Vila Franca (events: 2026)
B — Vila Franca de Xira → Azambuja (~28 km),39.062075,-8.877725,2.055,"Castanheira / Azambuja (events: 2022, 2026)"
B — Vila Franca de Xira → Azambuja (~28 km),39.050919,-8.889637,2.058,"Castanheira / Azambuja (events: 2022, 2026)"
A — Sacavém / Bobadela → Vila Franca de Xira (~22 km),38.872667,-9.047512,2.058,"Póvoa de Santa Iria (events: 2008, 2010, 2026)"
B — Vila Franca de Xira → Azambuja (~28 km),39.061859,-8.877876,2.058,"Castanheira / Azambuja (events: 2022, 2026)"
A — Sacavém / Bobadela → Vila Franca de Xira (~22 km),38.87935,-9.045173,2.058,"Póvoa de Santa Iria (events: 2008, 2010, 2026)"
A — Sacavém / Bobadela → Vila Franca de Xira (~22 km),38.894723,-9.032226,2.062,Alverca / Vila Franca (events: 2026)
B — Vila Franca de Xira → Azambuja (~28 km),39.061882,-8.8779,2.063,"Castanheira / Azambuja (events: 2022, 2026)"
A — Sacavém / Bobadela → Vila Franca de Xira (~22 km),38.807167,-9.093396,2.063,"Sacavém / Bobadela (events: 2008, 2014, 2026)"
A — Sacavém / Bobadela → Vila Franca de Xira (~22 km),38.862373,-9.051722,2.066,"Póvoa de Santa Iria (events: 2008, 2010, 2026)"
B — Vila Franca de Xira → Azambuja (~28 km),39.052363,-8.89694,2.066,"Castanheira / Azambuja (events: 2022, 2026)"
B — Vila Franca de Xira → Azambuja (~28 km),39.050204,-8.890338,2.067,"Castanheira / Azambuja (events: 2022, 2026)"
B — Vila Franca de Xira → Azambuja (~28 km),39.050561,-8.889988,2.069,"Castanheira / Azambuja (events: 2022, 2026)"
A — Sacavém / Bobadela → Vila Franca de Xira (~22 km),38.816881,-9.088301,2.073,"Sacavém / Bobadela (events: 2008, 2014, 2026)"
B — Vila Franca de Xira → Azambuja (~28 km),38.992367,-8.961724,2.073,"Castanheira / Azambuja (events: 2022, 2026)"
B — Vila Franca de Xira → Azambuja (~28 km),38.983646,-8.955508,2.073,"Castanheira / Azambuja (events: 2022, 2026)"
A — Sacavém / Bobadela → Vila Franca de Xira (~22 km),38.828078,-9.085884,2.075,"Sacavém / Bobadela (events: 2008, 2014, 2026)"
A — Sacavém / Bobadela → Vila Franca de Xira (~22 km),38.875526,-9.048059,2.075,"Póvoa de Santa Iria (events: 2008, 2010, 2026)"
B — Vila Franca de Xira → Azambuja (~28 km),39.051247,-8.888593,2.076,"Castanheira / Azambuja (events: 2022, 2026)"
B — Vila Franca de Xira → Azambuja (~28 km),39.050102,-8.893509,2.084,"Castanheira / Azambuja (events: 2022, 2026)"
B — Vila Franca de Xira → Azambuja (~28 km),38.967543,-8.971275,2.085,Alverca / Vila Franca (events: 2026)
B — Vila Franca de Xira → Azambuja (~28 km),39.049846,-8.890688,2.087,"Castanheira / Azambuja (events: 2022, 2026)"
B — Vila Franca de Xira → Azambuja (~28 km),39.052135,-8.889905,2.089,"Castanheira / Azambuja (events: 2022, 2026)"
A — Sacavém / Bobadela → Vila Franca de Xira (~22 km),38.828538,-9.085527,2.091,"Sacavém / Bobadela (events: 2008, 2014, 2026)"
A — Sacavém / Bobadela → Vila Franca de Xira (~22 km),38.947053,-8.991929,2.093,Alverca / Vila Franca (events: 2026)
B — Vila Franca de Xira → Azambuja (~28 km),39.052753,-8.889464,2.093,"Castanheira / Azambuja (events: 2022, 2026)"
B — Vila Franca de Xira → Azambuja (~28 km),39.05172,-8.891287,2.094,"Castanheira / Azambuja (events: 2022, 2026)"
B — Vila Franca de Xira → Azambuja (~28 km),39.058539,-8.882178,2.095,"Castanheira / Azambuja (events: 2022, 2026)"
B — Vila Franca de Xira → Azambuja (~28 km),39.062213,-8.877519,2.095,"Castanheira / Azambuja (events: 2022, 2026)"
A — Sacavém / Bobadela → Vila Franca de Xira (~22 km),38.827669,-9.085822,2.095,"Sacavém / Bobadela (events: 2008, 2014, 2026)"
B — Vila Franca de Xira → Azambuja (~28 km),39.056359,-8.884703,2.096,"Castanheira / Azambuja (events: 2022, 2026)"
A — Sacavém / Bobadela → Vila Franca de Xira (~22 km),38.882536,-9.040917,2.098,"Póvoa de Santa Iria (events: 2008, 2010, 2026)"
B — Vila Franca de Xira → Azambuja (~28 km),39.062207,-8.8775,2.098,"Castanheira / Azambuja (events: 2022, 2026)"
A — Sacavém / Bobadela → Vila Franca de Xira (~22 km),38.83518,-9.078458,2.1,"Sacavém / Bobadela (events: 2008, 2014, 2026)"
A — Sacavém / Bobadela → Vila Franca de Xira (~22 km),38.827035,-9.0851,2.1,"Sacavém / Bobadela (events: 2008, 2014, 2026)"
B — Vila Franca de Xira → Azambuja (~28 km),39.049291,-8.893633,2.102,"Castanheira / Azambuja (events: 2022, 2026)"
B — Vila Franca de Xira → Azambuja (~28 km),39.051384,-8.891671,2.102,"Castanheira / Azambuja (events: 2022, 2026)"
B — Vila Franca de Xira → Azambuja (~28 km),39.029059,-8.93678,2.103,"Castanheira / Azambuja (events: 2022, 2026)"
B — Vila Franca de Xira → Azambuja (~28 km),39.054242,-8.893152,2.104,"Castanheira / Azambuja (events: 2022, 2026)"
B — Vila Franca de Xira → Azambuja (~28 km),38.976959,-8.963612,2.105,Alverca / Vila Franca (events: 2026)
B — Vila Franca de Xira → Azambuja (~28 km),39.060249,-8.881206,2.107,"Castanheira / Azambuja (events: 2022, 2026)"
A — Sacavém / Bobadela → Vila Franca de Xira (~22 km),38.819243,-9.086057,2.109,"Sacavém / Bobadela (events: 2008, 2014, 2026)"
B — Vila Franca de Xira → Azambuja (~28 km),39.062143,-8.878115,2.11,"Castanheira / Azambuja (events: 2022, 2026)"
A — Sacavém / Bobadela → Vila Franca de Xira (~22 km),38.876073,-9.048659,2.111,"Póvoa de Santa Iria (events: 2008, 2010, 2026)"
B — Vila Franca de Xira → Azambuja (~28 km),39.059737,-8.88002,2.111,"Castanheira / Azambuja (events: 2022, 2026)"
A — Sacavém / Bobadela → Vila Franca de Xira (~22 km),38.827296,-9.085844,2.112,"Sacavém / Bobadela (events: 2008, 2014, 2026)"
B — Vila Franca de Xira → Azambuja (~28 km),39.028002,-8.920633,2.112,"Castanheira / Azambuja (events: 2022, 2026)"
B — Vila Franca de Xira → Azambuja (~28 km),39.060497,-8.880087,2.112,"Castanheira / Azambuja (events: 2022, 2026)"
A — Sacavém / Bobadela → Vila Franca de Xira (~22 km),38.945465,-8.993015,2.114,Alverca / Vila Franca (events: 2026)
B — Vila Franca de Xira → Azambuja (~28 km),39.059459,-8.882455,2.115,"Castanheira / Azambuja (events: 2022, 2026)"
A — Sacavém / Bobadela → Vila Franca de Xira (~22 km),38.840416,-9.075211,2.116,"Sacavém / Bobadela (events: 2008, 2014, 2026)"
B — Vila Franca de Xira → Azambuja (~28 km),39.027469,-8.938195,2.116,"Castanheira / Azambuja (events: 2022, 2026)"
B — Vila Franca de Xira → Azambuja (~28 km),39.032641,-8.913915,2.122,"Castanheira / Azambuja (events: 2022, 2026)"
A — Sacavém / Bobadela → Vila Franca de Xira (~22 km),38.895161,-9.030522,2.124,Alverca / Vila Franca (events: 2026)
B — Vila Franca de Xira → Azambuja (~28 km),39.061753,-8.87813,2.125,"Castanheira / Azambuja (events: 2022, 2026)"
A — Sacavém / Bobadela → Vila Franca de Xira (~22 km),38.87966,-9.042378,2.126,"Póvoa de Santa Iria (events: 2008, 2010, 2026)"
B — Vila Franca de Xira → Azambuja (~28 km),39.052108,-8.897416,2.128,"Castanheira / Azambuja (events: 2022, 2026)"
B — Vila Franca de Xira → Azambuja (~28 km),39.055421,-8.887063,2.128,"Castanheira / Azambuja (events: 2022, 2026)"
B — Vila Franca de Xira → Azambuja (~28 km),39.05951,-8.88127,2.132,"Castanheira / Azambuja (events: 2022, 2026)"
B — Vila Franca de Xira → Azambuja (~28 km),39.056548,-8.88482,2.133,"Castanheira / Azambuja (events: 2022, 2026)"
B — Vila Franca de Xira → Azambuja (~28 km),39.028801,-8.936697,2.133,"Castanheira / Azambuja (events: 2022, 2026)"
B — Vila Franca de Xira → Azambuja (~28 km),38.959271,-8.981473,2.133,Alverca / Vila Franca (events: 2026)
B — Vila Franca de Xira → Azambuja (~28 km),39.05334,-8.895316,2.135,"Castanheira / Azambuja (events: 2022, 2026)"
B — Vila Franca de Xira → Azambuja (~28 km),39.060091,-8.879662,2.135,"Castanheira / Azambuja (events: 2022, 2026)"
B — Vila Franca de Xira → Azambuja (~28 km),39.011804,-8.939942,2.136,"Castanheira / Azambuja (events: 2022, 2026)"
A — Sacavém / Bobadela → Vila Franca de Xira (~22 km),38.820872,-9.085381,2.136,"Sacavém / Bobadela (events: 2008, 2014, 2026)"
A — Sacavém / Bobadela → Vila Franca de Xira (~22 km),38.879104,-9.045593,2.136,"Póvoa de Santa Iria (events: 2008, 2010, 2026)"
B — Vila Franca de Xira → Azambuja (~28 km),39.062472,-8.877721,2.137,"Castanheira / Azambuja (events: 2022, 2026)"
B — Vila Franca de Xira → Azambuja (~28 km),39.045252,-8.909786,2.137,"Castanheira / Azambuja (events: 2022, 2026)"
A — Sacavém / Bobadela → Vila Franca de Xira (~22 km),38.879212,-9.045546,2.14,"Póvoa de Santa Iria (events: 2008, 2010, 2026)"
A — Sacavém / Bobadela → Vila Franca de Xira (~22 km),38.87758,-9.045763,2.145,"Póvoa de Santa Iria (events: 2008, 2010, 2026)"
A — Sacavém / Bobadela → Vila Franca de Xira (~22 km),38.818712,-9.086951,2.146,"Sacavém / Bobadela (events: 2008, 2014, 2026)"
B — Vila Franca de Xira → Azambuja (~28 km),39.055929,-8.884732,2.148,"Castanheira / Azambuja (events: 2022, 2026)"
A — Sacavém / Bobadela → Vila Franca de Xira (~22 km),38.83037,-9.083199,2.148,"Sacavém / Bobadela (events: 2008, 2014, 2026)"
A — Sacavém / Bobadela → Vila Franca de Xira (~22 km),38.884222,-9.038677,2.151,"Póvoa de Santa Iria (events: 2008, 2010, 2026)"
A — Sacavém / Bobadela → Vila Franca de Xira (~22 km),38.866983,-9.049223,2.152,"Póvoa de Santa Iria (events: 2008, 2010, 2026)"
B — Vila Franca de Xira → Azambuja (~28 km),39.042262,-8.915735,2.153,"Castanheira / Azambuja (events: 2022, 2026)"
A — Sacavém / Bobadela → Vila Franca de Xira (~22 km),38.814853,-9.087182,2.155,"Sacavém / Bobadela (events: 2008, 2014, 2026)"
A — Sacavém / Bobadela → Vila Franca de Xira (~22 km),38.851785,-9.069955,2.156,"Sacavém / Bobadela (events: 2008, 2014, 2026)"
B — Vila Franca de Xira → Azambuja (~28 km),39.062388,-8.878042,2.157,"Castanheira / Azambuja (events: 2022, 2026)"
A — Sacavém / Bobadela → Vila Franca de Xira (~22 km),38.876296,-9.04882,2.159,"Póvoa de Santa Iria (events: 2008, 2010, 2026)"
A — Sacavém / Bobadela → Vila Franca de Xira (~22 km),38.862765,-9.051438,2.159,"Póvoa de Santa Iria (events: 2008, 2010, 2026)"
B — Vila Franca de Xira → Azambuja (~28 km),39.042218,-8.915681,2.161,"Castanheira / Azambuja (events: 2022, 2026)"
B — Vila Franca de Xira → Azambuja (~28 km),39.062155,-8.87829,2.163,"Castanheira / Azambuja (events: 2022, 2026)"
A — Sacavém / Bobadela → Vila Franca de Xira (~22 km),38.875449,-9.045622,2.163,"Póvoa de Santa Iria (events: 2008, 2010, 2026)"
A — Sacavém / Bobadela → Vila Franca de Xira (~22 km),38.830704,-9.082968,2.164,"Sacavém / Bobadela (events: 2008, 2014, 2026)"
B — Vila Franca de Xira → Azambuja (~28 km),39.057371,-8.884936,2.166,"Castanheira / Azambuja (events: 2022, 2026)"
A — Sacavém / Bobadela → Vila Franca de Xira (~22 km),38.835746,-9.078685,2.167,"Sacavém / Bobadela (events: 2008, 2014, 2026)"
B — Vila Franca de Xira → Azambuja (~28 km),38.976605,-8.963969,2.168,Alverca / Vila Franca (events: 2026)
B — Vila Franca de Xira → Azambuja (~28 km),39.058322,-8.881449,2.169,"Castanheira / Azambuja (events: 2022, 2026)"
B — Vila Franca de Xira → Azambuja (~28 km),39.052962,-8.895696,2.169,"Castanheira / Azambuja (events: 2022, 2026)"
B — Vila Franca de Xira → Azambuja (~28 km),39.047262,-8.895908,2.169,"Castanheira / Azambuja (events: 2022, 2026)"
B — Vila Franca de Xira → Azambuja (~28 km),38.961394,-8.97933,2.169,Alverca / Vila Franca (events: 2026)
A — Sacavém / Bobadela → Vila Franca de Xira (~22 km),38.879381,-9.045456,2.17,"Póvoa de Santa Iria (events: 2008, 2010, 2026)"
B — Vila Franca de Xira → Azambuja (~28 km),39.047332,-8.895862,2.17,"Castanheira / Azambuja (events: 2022, 2026)"
B — Vila Franca de Xira → Azambuja (~28 km),39.062484,-8.877897,2.171,"Castanheira / Azambuja (events: 2022, 2026)"
A — Sacavém / Bobadela → Vila Franca de Xira (~22 km),38.835206,-9.077742,2.171,"Sacavém / Bobadela (events: 2008, 2014, 2026)"
B — Vila Franca de Xira → Azambuja (~28 km),39.062462,-8.877944,2.171,"Castanheira / Azambuja (events: 2022, 2026)"
B — Vila Franca de Xira → Azambuja (~28 km),38.992231,-8.961694,2.173,"Castanheira / Azambuja (events: 2022, 2026)"
A — Sacavém / Bobadela → Vila Franca de Xira (~22 km),38.853762,-9.067383,2.173,"Sacavém / Bobadela (events: 2008, 2014, 2026)"
A — Sacavém / Bobadela → Vila Franca de Xira (~22 km),38.875858,-9.045461,2.174,"Póvoa de Santa Iria (events: 2008, 2010, 2026)"
A — Sacavém / Bobadela → Vila Franca de Xira (~22 km),38.872708,-9.047926,2.176,"Póvoa de Santa Iria (events: 2008, 2010, 2026)"
B — Vila Franca de Xira → Azambuja (~28 km),38.975544,-8.965041,2.176,Alverca / Vila Franca (events: 2026)
A — Sacavém / Bobadela → Vila Franca de Xira (~22 km),38.836428,-9.081446,2.177,"Sacavém / Bobadela (events: 2008, 2014, 2026)"
A — Sacavém / Bobadela → Vila Franca de Xira (~22 km),38.875853,-9.045683,2.177,"Póvoa de Santa Iria (events: 2008, 2010, 2026)"
A — Sacavém / Bobadela → Vila Franca de Xira (~22 km),38.879448,-9.04522,2.182,"Póvoa de Santa Iria (events: 2008, 2010, 2026)"
A — Sacavém / Bobadela → Vila Franca de Xira (~22 km),38.876622,-9.047048,2.183,"Póvoa de Santa Iria (events: 2008, 2010, 2026)"
B — Vila Franca de Xira → Azambuja (~28 km),39.062643,-8.877565,2.188,"Castanheira / Azambuja (events: 2022, 2026)"
A — Sacavém / Bobadela → Vila Franca de Xira (~22 km),38.87546,-9.045964,2.192,"Póvoa de Santa Iria (events: 2008, 2010, 2026)"
B — Vila Franca de Xira → Azambuja (~28 km),39.062321,-8.878351,2.193,"Castanheira / Azambuja (events: 2022, 2026)"
B — Vila Franca de Xira → Azambuja (~28 km),39.052269,-8.889947,2.194,"Castanheira / Azambuja (events: 2022, 2026)"
A — Sacavém / Bobadela → Vila Franca de Xira (~22 km),38.816174,-9.086831,2.194,"Sacavém / Bobadela (events: 2008, 2014, 2026)"
B — Vila Franca de Xira → Azambuja (~28 km),39.054499,-8.892677,2.196,"Castanheira / Azambuja (events: 2022, 2026)"
A — Sacavém / Bobadela → Vila Franca de Xira (~22 km),38.879169,-9.045635,2.197,"Póvoa de Santa Iria (events: 2008, 2010, 2026)"
A — Sacavém / Bobadela → Vila Franca de Xira (~22 km),38.819256,-9.086011,2.198,"Sacavém / Bobadela (events: 2008, 2014, 2026)"
B — Vila Franca de Xira → Azambuja (~28 km),38.960686,-8.980044,2.199,Alverca / Vila Franca (events: 2026)
A — Sacavém / Bobadela → Vila Franca de Xira (~22 km),38.826366,-9.085983,2.2,"Sacavém / Bobadela (events: 2008, 2014, 2026)"
A — Sacavém / Bobadela → Vila Franca de Xira (~22 km),38.826605,-9.083917,2.2,"Sacavém / Bobadela (events: 2008, 2014, 2026)"
B — Vila Franca de Xira → Azambuja (~28 km),39.050182,-8.892702,2.201,"Castanheira / Azambuja (events: 2022, 2026)"
A — Sacavém / Bobadela → Vila Franca de Xira (~22 km),38.818305,-9.089008,2.201,"Sacavém / Bobadela (events: 2008, 2014, 2026)"
A — Sacavém / Bobadela → Vila Franca de Xira (~22 km),38.810041,-9.092683,2.201,"Sacavém / Bobadela (events: 2008, 2014, 2026)"
A — Sacavém / Bobadela → Vila Franca de Xira (~22 km),38.841828,-9.072322,2.202,"Sacavém / Bobadela (events: 2008, 2014, 2026)"
B — Vila Franca de Xira → Azambuja (~28 km),39.061359,-8.880634,2.204,"Castanheira / Azambuja (events: 2022, 2026)"
A — Sacavém / Bobadela → Vila Franca de Xira (~22 km),38.818491,-9.087271,2.205,"Sacavém / Bobadela (events: 2008, 2014, 2026)"
A — Sacavém / Bobadela → Vila Franca de Xira (~22 km),38.8348,-9.078766,2.205,"Sacavém / Bobadela (events: 2008, 2014, 2026)"
A — Sacavém / Bobadela → Vila Franca de Xira (~22 km),38.83597,-9.079508,2.205,"Sacavém / Bobadela (events: 2008, 2014, 2026)"
A — Sacavém / Bobadela → Vila Franca de Xira (~22 km),38.805602,-9.092894,2.206,"Sacavém / Bobadela (events: 2008, 2014, 2026)"
B — Vila Franca de Xira → Azambuja (~28 km),39.047002,-8.89288,2.206,"Castanheira / Azambuja (events: 2022, 2026)"
A — Sacavém / Bobadela → Vila Franca de Xira (~22 km),38.820299,-9.08843,2.207,"Sacavém / Bobadela (events: 2008, 2014, 2026)"
B — Vila Franca de Xira → Azambuja (~28 km),39.060258,-8.879901,2.208,"Castanheira / Azambuja (events: 2022, 2026)"
A — Sacavém / Bobadela → Vila Franca de Xira (~22 km),38.863229,-9.058203,2.208,"Póvoa de Santa Iria (events: 2008, 2010, 2026)"
A — Sacavém / Bobadela → Vila Franca de Xira (~22 km),38.875847,-9.045352,2.208,"Póvoa de Santa Iria (events: 2008, 2010, 2026)"
B — Vila Franca de Xira → Azambuja (~28 km),39.061506,-8.878234,2.209,"Castanheira / Azambuja (events: 2022, 2026)"
A — Sacavém / Bobadela → Vila Franca de Xira (~22 km),38.879451,-9.045323,2.209,"Póvoa de Santa Iria (events: 2008, 2010, 2026)"
B — Vila Franca de Xira → Azambuja (~28 km),39.049832,-8.890022,2.209,"Castanheira / Azambuja (events: 2022, 2026)"
B — Vila Franca de Xira → Azambuja (~28 km),39.055231,-8.886397,2.211,"Castanheira / Azambuja (events: 2022, 2026)"
B — Vila Franca de Xira → Azambuja (~28 km),39.062396,-8.87732,2.212,"Castanheira / Azambuja (events: 2022, 2026)"
A — Sacavém / Bobadela → Vila Franca de Xira (~22 km),38.827622,-9.083787,2.212,"Sacavém / Bobadela (events: 2008, 2014, 2026)"
B — Vila Franca de Xira → Azambuja (~28 km),39.04761,-8.895941,2.214,"Castanheira / Azambuja (events: 2022, 2026)"
B — Vila Franca de Xira → Azambuja (~28 km),39.06237,-8.878425,2.214,"Castanheira / Azambuja (events: 2022, 2026)"
A — Sacavém / Bobadela → Vila Franca de Xira (~22 km),38.829846,-9.080735,2.216,"Sacavém / Bobadela (events: 2008, 2014, 2026)"
A — Sacavém / Bobadela → Vila Franca de Xira (~22 km),38.826741,-9.084021,2.217,"Sacavém / Bobadela (events: 2008, 2014, 2026)"
B — Vila Franca de Xira → Azambuja (~28 km),39.055013,-8.891727,2.217,"Castanheira / Azambuja (events: 2022, 2026)"
B — Vila Franca de Xira → Azambuja (~28 km),39.005912,-8.947086,2.218,"Castanheira / Azambuja (events: 2022, 2026)"
B — Vila Franca de Xira → Azambuja (~28 km),39.006659,-8.947325,2.218,"Castanheira / Azambuja (events: 2022, 2026)"
A — Sacavém / Bobadela → Vila Franca de Xira (~22 km),38.815841,-9.087906,2.219,"Sacavém / Bobadela (events: 2008, 2014, 2026)"
B — Vila Franca de Xira → Azambuja (~28 km),39.043047,-8.897346,2.219,"Castanheira / Azambuja (events: 2022, 2026)"
A — Sacavém / Bobadela → Vila Franca de Xira (~22 km),38.826135,-9.082807,2.219,"Sacavém / Bobadela (events: 2008, 2014, 2026)"
B — Vila Franca de Xira → Azambuja (~28 km),38.98368,-8.956824,2.221,"Castanheira / Azambuja (events: 2022, 2026)"
B — Vila Franca de Xira → Azambuja (~28 km),39.062205,-8.878419,2.221,"Castanheira / Azambuja (events: 2022, 2026)"
B — Vila Franca de Xira → Azambuja (~28 km),39.029153,-8.918908,2.221,"Castanheira / Azambuja (events: 2022, 2026)"
B — Vila Franca de Xira → Azambuja (~28 km),39.062577,-8.877875,2.222,"Castanheira / Azambuja (events: 2022, 2026)"
B — Vila Franca de Xira → Azambuja (~28 km),39.055492,-8.884307,2.222,"Castanheira / Azambuja (events: 2022, 2026)"
B — Vila Franca de Xira → Azambuja (~28 km),39.062719,-8.877469,2.223,"Castanheira / Azambuja (events: 2022, 2026)"
A — Sacavém / Bobadela → Vila Franca de Xira (~22 km),38.809415,-9.093066,2.223,"Sacavém / Bobadela (events: 2008, 2014, 2026)"
B — Vila Franca de Xira → Azambuja (~28 km),39.028171,-8.920099,2.223,"Castanheira / Azambuja (events: 2022, 2026)"
A — Sacavém / Bobadela → Vila Franca de Xira (~22 km),38.878083,-9.045701,2.223,"Póvoa de Santa Iria (events: 2008, 2010, 2026)"
B — Vila Franca de Xira → Azambuja (~28 km),39.011199,-8.928529,2.226,"Castanheira / Azambuja (events: 2022, 2026)"
A — Sacavém / Bobadela → Vila Franca de Xira (~22 km),38.797241,-9.091864,2.227,"Sacavém / Bobadela (events: 2008, 2014, 2026)"
A — Sacavém / Bobadela → Vila Franca de Xira (~22 km),38.874902,-9.042636,2.227,"Póvoa de Santa Iria (events: 2008, 2010, 2026)"
A — Sacavém / Bobadela → Vila Franca de Xira (~22 km),38.8517,-9.066815,2.228,"Sacavém / Bobadela (events: 2008, 2014, 2026)"
B — Vila Franca de Xira → Azambuja (~28 km),39.048057,-8.89244,2.228,"Castanheira / Azambuja (events: 2022, 2026)"
B — Vila Franca de Xira → Azambuja (~28 km),39.04877,-8.891094,2.23,"Castanheira / Azambuja (events: 2022, 2026)"
B — Vila Franca de Xira → Azambuja (~28 km),39.051084,-8.892319,2.232,"Castanheira / Azambuja (events: 2022, 2026)"
B — Vila Franca de Xira → Azambuja (~28 km),39.027076,-8.938474,2.233,"Castanheira / Azambuja (events: 2022, 2026)"
B — Vila Franca de Xira → Azambuja (~28 km),39.051739,-8.891525,2.233,"Castanheira / Azambuja (events: 2022, 2026)"
A — Sacavém / Bobadela → Vila Franca de Xira (~22 km),38.879108,-9.045696,2.234,"Póvoa de Santa Iria (events: 2008, 2010, 2026)"
B — Vila Franca de Xira → Azambuja (~28 km),39.027095,-8.938188,2.235,"Castanheira / Azambuja (events: 2022, 2026)"
B — Vila Franca de Xira → Azambuja (~28 km),39.049478,-8.890379,2.235,"Castanheira / Azambuja (events: 2022, 2026)"
A — Sacavém / Bobadela → Vila Franca de Xira (~22 km),38.850423,-9.072632,2.237,"Sacavém / Bobadela (events: 2008, 2014, 2026)"
A — Sacavém / Bobadela → Vila Franca de Xira (~22 km),38.851571,-9.069223,2.238,"Sacavém / Bobadela (events: 2008, 2014, 2026)"
B — Vila Franca de Xira → Azambuja (~28 km),39.028967,-8.919418,2.238,"Castanheira / Azambuja (events: 2022, 2026)"
B — Vila Franca de Xira → Azambuja (~28 km),39.038395,-8.901901,2.238,"Castanheira / Azambuja (events: 2022, 2026)"
B — Vila Franca de Xira → Azambuja (~28 km),39.045039,-8.899179,2.24,"Castanheira / Azambuja (events: 2022, 2026)"
B — Vila Franca de Xira → Azambuja (~28 km),38.962809,-8.977901,2.24,Alverca / Vila Franca (events: 2026)
A — Sacavém / Bobadela → Vila Franca de Xira (~22 km),38.844549,-9.072085,2.241,"Sacavém / Bobadela (events: 2008, 2014, 2026)"
B — Vila Franca de Xira → Azambuja (~28 km),39.062814,-8.877503,2.244,"Castanheira / Azambuja (events: 2022, 2026)"
A — Sacavém / Bobadela → Vila Franca de Xira (~22 km),38.840155,-9.07498,2.245,"Sacavém / Bobadela (events: 2008, 2014, 2026)"
B — Vila Franca de Xira → Azambuja (~28 km),39.053723,-8.886093,2.246,"Castanheira / Azambuja (events: 2022, 2026)"
B — Vila Franca de Xira → Azambuja (~28 km),39.03247,-8.913698,2.246,"Castanheira / Azambuja (events: 2022, 2026)"
A — Sacavém / Bobadela → Vila Franca de Xira (~22 km),38.946691,-8.992229,2.248,Alverca / Vila Franca (events: 2026)
B — Vila Franca de Xira → Azambuja (~28 km),39.05211,-8.890274,2.25,"Castanheira / Azambuja (events: 2022, 2026)"
A — Sacavém / Bobadela → Vila Franca de Xira (~22 km),38.852699,-9.07077,2.25,"Sacavém / Bobadela (events: 2008, 2014, 2026)"
B — Vila Franca de Xira → Azambuja (~28 km),38.988805,-8.963095,2.25,"Castanheira / Azambuja (events: 2022, 2026)"
B — Vila Franca de Xira → Azambuja (~28 km),39.049124,-8.890737,2.251,"Castanheira / Azambuja (events: 2022, 2026)"
A — Sacavém / Bobadela → Vila Franca de Xira (~22 km),38.872817,-9.047928,2.254,"Póvoa de Santa Iria (events: 2008, 2010, 2026)"
A — Sacavém / Bobadela → Vila Franca de Xira (~22 km),38.833789,-9.075683,2.255,"Sacavém / Bobadela (events: 2008, 2014, 2026)"
A — Sacavém / Bobadela → Vila Franca de Xira (~22 km),38.830574,-9.082903,2.258,"Sacavém / Bobadela (events: 2008, 2014, 2026)"
B — Vila Franca de Xira → Azambuja (~28 km),39.025894,-8.939311,2.259,"Castanheira / Azambuja (events: 2022, 2026)"
B — Vila Franca de Xira → Azambuja (~28 km),39.033743,-8.906456,2.259,"Castanheira / Azambuja (events: 2022, 2026)"
B — Vila Franca de Xira → Azambuja (~28 km),39.049488,-8.891039,2.259,"Castanheira / Azambuja (events: 2022, 2026)"
A — Sacavém / Bobadela → Vila Franca de Xira (~22 km),38.810201,-9.092505,2.26,"Sacavém / Bobadela (events: 2008, 2014, 2026)"
B — Vila Franca de Xira → Azambuja (~28 km),38.963249,-8.97548,2.261,Alverca / Vila Franca (events: 2026)
A — Sacavém / Bobadela → Vila Franca de Xira (~22 km),38.847989,-9.070606,2.262,"Sacavém / Bobadela (events: 2008, 2014, 2026)"
A — Sacavém / Bobadela → Vila Franca de Xira (~22 km),38.836748,-9.081326,2.262,"Sacavém / Bobadela (events: 2008, 2014, 2026)"
B — Vila Franca de Xira → Azambuja (~28 km),39.033552,-8.912023,2.262,"Castanheira / Azambuja (events: 2022, 2026)"
B — Vila Franca de Xira → Azambuja (~28 km),39.056547,-8.884978,2.263,"Castanheira / Azambuja (events: 2022, 2026)"
A — Sacavém / Bobadela → Vila Franca de Xira (~22 km),38.840268,-9.075266,2.263,"Sacavém / Bobadela (events: 2008, 2014, 2026)"
B — Vila Franca de Xira → Azambuja (~28 km),38.982215,-8.95691,2.264,"Castanheira / Azambuja (events: 2022, 2026)"
A — Sacavém / Bobadela → Vila Franca de Xira (~22 km),38.853837,-9.06984,2.265,"Sacavém / Bobadela (events: 2008, 2014, 2026)"
A — Sacavém / Bobadela → Vila Franca de Xira (~22 km),38.81326,-9.090621,2.267,"Sacavém / Bobadela (events: 2008, 2014, 2026)"
B — Vila Franca de Xira → Azambuja (~28 km),38.997962,-8.95502,2.267,"Castanheira / Azambuja (events: 2022, 2026)"
B — Vila Franca de Xira → Azambuja (~28 km),39.042683,-8.914539,2.268,"Castanheira / Azambuja (events: 2022, 2026)"
B — Vila Franca de Xira → Azambuja (~28 km),39.038158,-8.901811,2.27,"Castanheira / Azambuja (events: 2022, 2026)"
B — Vila Franca de Xira → Azambuja (~28 km),39.062832,-8.877398,2.274,"Castanheira / Azambuja (events: 2022, 2026)"
B — Vila Franca de Xira → Azambuja (~28 km),39.055667,-8.886762,2.274,"Castanheira / Azambuja (events: 2022, 2026)"
B — Vila Franca de Xira → Azambuja (~28 km),38.9747,-8.964268,2.274,Alverca / Vila Franca (events: 2026)
A — Sacavém / Bobadela → Vila Franca de Xira (~22 km),38.879515,-9.045266,2.274,"Póvoa de Santa Iria (events: 2008, 2010, 2026)"
B — Vila Franca de Xira → Azambuja (~28 km),39.005627,-8.943895,2.276,"Castanheira / Azambuja (events: 2022, 2026)"
A — Sacavém / Bobadela → Vila Franca de Xira (~22 km),38.807877,-9.09151,2.277,"Sacavém / Bobadela (events: 2008, 2014, 2026)"
A — Sacavém / Bobadela → Vila Franca de Xira (~22 km),38.875478,-9.04577,2.277,"Póvoa de Santa Iria (events: 2008, 2010, 2026)"
A — Sacavém / Bobadela → Vila Franca de Xira (~22 km),38.878892,-9.045739,2.277,"Póvoa de Santa Iria (events: 2008, 2010, 2026)"
B — Vila Franca de Xira → Azambuja (~28 km),39.052432,-8.889869,2.278,"Castanheira / Azambuja (events: 2022, 2026)"
A — Sacavém / Bobadela → Vila Franca de Xira (~22 km),38.805492,-9.09313,2.281,"Sacavém / Bobadela (events: 2008, 2014, 2026)"
A — Sacavém / Bobadela → Vila Franca de Xira (~22 km),38.943913,-8.994129,2.281,Alverca / Vila Franca (events: 2026)
A — Sacavém / Bobadela → Vila Franca de Xira (~22 km),38.836307,-9.081439,2.281,"Sacavém / Bobadela (events: 2008, 2014, 2026)"
B — Vila Franca de Xira → Azambuja (~28 km),38.991833,-8.959639,2.282,"Castanheira / Azambuja (events: 2022, 2026)"
B — Vila Franca de Xira → Azambuja (~28 km),39.047811,-8.896287,2.282,"Castanheira / Azambuja (events: 2022, 2026)"
A — Sacavém / Bobadela → Vila Franca de Xira (~22 km),38.896711,-9.028521,2.286,Alverca / Vila Franca (events: 2026)
A — Sacavém / Bobadela → Vila Franca de Xira (~22 km),38.843918,-9.072605,2.288,"Sacavém / Bobadela (events: 2008, 2014, 2026)"
B — Vila Franca de Xira → Azambuja (~28 km),39.062393,-8.878739,2.288,"Castanheira / Azambuja (events: 2022, 2026)"
A — Sacavém / Bobadela → Vila Franca de Xira (~22 km),38.874587,-9.050698,2.29,"Póvoa de Santa Iria (events: 2008, 2010, 2026)"
B — Vila Franca de Xira → Azambuja (~28 km),39.047709,-8.892166,2.291,"Castanheira / Azambuja (events: 2022, 2026)"
B — Vila Franca de Xira → Azambuja (~28 km),39.05226,-8.890093,2.291,"Castanheira / Azambuja (events: 2022, 2026)"
B — Vila Franca de Xira → Azambuja (~28 km),39.062801,-8.877326,2.291,"Castanheira / Azambuja (events: 2022, 2026)"
A — Sacavém / Bobadela → Vila Franca de Xira (~22 km),38.879443,-9.045108,2.292,"Póvoa de Santa Iria (events: 2008, 2010, 2026)"
B — Vila Franca de Xira → Azambuja (~28 km),39.057631,-8.884381,2.292,"Castanheira / Azambuja (events: 2022, 2026)"
B — Vila Franca de Xira → Azambuja (~28 km),39.054756,-8.892202,2.293,"Castanheira / Azambuja (events: 2022, 2026)"
A — Sacavém / Bobadela → Vila Franca de Xira (~22 km),38.813374,-9.087296,2.293,"Sacavém / Bobadela (events: 2008, 2014, 2026)"
A — Sacavém / Bobadela → Vila Franca de Xira (~22 km),38.83077,-9.082936,2.293,"Sacavém / Bobadela (events: 2008, 2014, 2026)"
B — Vila Franca de Xira → Azambuja (~28 km),39.050893,-8.888951,2.293,"Castanheira / Azambuja (events: 2022, 2026)"
A — Sacavém / Bobadela → Vila Franca de Xira (~22 km),38.805211,-9.093178,2.293,"Sacavém / Bobadela (events: 2008, 2014, 2026)"
B — Vila Franca de Xira → Azambuja (~28 km),39.062133,-8.878519,2.294,"Castanheira / Azambuja (events: 2022, 2026)"
B — Vila Franca de Xira → Azambuja (~28 km),38.997838,-8.955006,2.295,"Castanheira / Azambuja (events: 2022, 2026)"
B — Vila Franca de Xira → Azambuja (~28 km),38.963607,-8.97513,2.295,Alverca / Vila Franca (events: 2026)
A — Sacavém / Bobadela → Vila Franca de Xira (~22 km),38.813433,-9.087215,2.296,"Sacavém / Bobadela (events: 2008, 2014, 2026)"
B — Vila Franca de Xira → Azambuja (~28 km),39.045192,-8.899462,2.298,"Castanheira / Azambuja (events: 2022, 2026)"
B — Vila Franca de Xira → Azambuja (~28 km),39.061557,-8.8783,2.299,"Castanheira / Azambuja (events: 2022, 2026)"
B — Vila Franca de Xira → Azambuja (~28 km),39.05259,-8.889699,2.299,"Castanheira / Azambuja (events: 2022, 2026)"
B — Vila Franca de Xira → Azambuja (~28 km),38.996747,-8.958198,2.3,"Castanheira / Azambuja (events: 2022, 2026)"
B — Vila Franca de Xira → Azambuja (~28 km),39.045519,-8.899065,2.302,"Castanheira / Azambuja (events: 2022, 2026)"
B — Vila Franca de Xira → Azambuja (~28 km),39.027488,-8.937907,2.303,"Castanheira / Azambuja (events: 2022, 2026)"
B — Vila Franca de Xira → Azambuja (~28 km),39.046983,-8.893492,2.305,"Castanheira / Azambuja (events: 2022, 2026)"
A — Sacavém / Bobadela → Vila Franca de Xira (~22 km),38.827343,-9.0816,2.309,"Sacavém / Bobadela (events: 2008, 2014, 2026)"
B — Vila Franca de Xira → Azambuja (~28 km),39.077995,-8.845946,2.31,"Castanheira / Azambuja (events: 2022, 2026)"
B — Vila Franca de Xira → Azambuja (~28 km),39.0423,-8.902039,2.31,"Castanheira / Azambuja (events: 2022, 2026)"
A — Sacavém / Bobadela → Vila Franca de Xira (~22 km),38.851288,-9.068764,2.31,"Sacavém / Bobadela (events: 2008, 2014, 2026)"
B — Vila Franca de Xira → Azambuja (~28 km),39.038037,-8.902251,2.311,"Castanheira / Azambuja (events: 2022, 2026)"
B — Vila Franca de Xira → Azambuja (~28 km),38.984742,-8.955753,2.313,"Castanheira / Azambuja (events: 2022, 2026)"
B — Vila Franca de Xira → Azambuja (~28 km),39.033509,-8.912426,2.313,"Castanheira / Azambuja (events: 2022, 2026)"
A — Sacavém / Bobadela → Vila Franca de Xira (~22 km),38.883001,-9.040494,2.313,"Póvoa de Santa Iria (events: 2008, 2010, 2026)"
A — Sacavém / Bobadela → Vila Franca de Xira (~22 km),38.813092,-9.08765,2.314,"Sacavém / Bobadela (events: 2008, 2014, 2026)"
B — Vila Franca de Xira → Azambuja (~28 km),39.062541,-8.878428,2.316,"Castanheira / Azambuja (events: 2022, 2026)"
B — Vila Franca de Xira → Azambuja (~28 km),39.058523,-8.882453,2.317,"Castanheira / Azambuja (events: 2022, 2026)"
B — Vila Franca de Xira → Azambuja (~28 km),39.059516,-8.881437,2.317,"Castanheira / Azambuja (events: 2022, 2026)"
B — Vila Franca de Xira → Azambuja (~28 km),39.063067,-8.877499,2.317,"Castanheira / Azambuja (events: 2022, 2026)"
A — Sacavém / Bobadela → Vila Franca de Xira (~22 km),38.820786,-9.088025,2.318,"Sacavém / Bobadela (events: 2008, 2014, 2026)"
A — Sacavém / Bobadela → Vila Franca de Xira (~22 km),38.809255,-9.092888,2.319,"Sacavém / Bobadela (events: 2008, 2014, 2026)"
A — Sacavém / Bobadela → Vila Franca de Xira (~22 km),38.830264,-9.083085,2.32,"Sacavém / Bobadela (events: 2008, 2014, 2026)"
B — Vila Franca de Xira → Azambuja (~28 km),39.063102,-8.877472,2.322,"Castanheira / Azambuja (events: 2022, 2026)"
A — Sacavém / Bobadela → Vila Franca de Xira (~22 km),38.827237,-9.085924,2.322,"Sacavém / Bobadela (events: 2008, 2014, 2026)"
A — Sacavém / Bobadela → Vila Franca de Xira (~22 km),38.827185,-9.085055,2.326,"Sacavém / Bobadela (events: 2008, 2014, 2026)"
A — Sacavém / Bobadela → Vila Franca de Xira (~22 km),38.839742,-9.074757,2.326,"Sacavém / Bobadela (events: 2008, 2014, 2026)"
A — Sacavém / Bobadela → Vila Franca de Xira (~22 km),38.842633,-9.071807,2.326,"Sacavém / Bobadela (events: 2008, 2014, 2026)"
B — Vila Franca de Xira → Azambuja (~28 km),39.044717,-8.899584,2.327,"Castanheira / Azambuja (events: 2022, 2026)"
B — Vila Franca de Xira → Azambuja (~28 km),39.063141,-8.877467,2.327,"Castanheira / Azambuja (events: 2022, 2026)"
A — Sacavém / Bobadela → Vila Franca de Xira (~22 km),38.818376,-9.086245,2.328,"Sacavém / Bobadela (events: 2008, 2014, 2026)"
B — Vila Franca de Xira → Azambuja (~28 km),39.051146,-8.891488,2.328,"Castanheira / Azambuja (events: 2022, 2026)"
B — Vila Franca de Xira → Azambuja (~28 km),39.055421,-8.887336,2.329,"Castanheira / Azambuja (events: 2022, 2026)"
B — Vila Franca de Xira → Azambuja (~28 km),39.033559,-8.906455,2.329,"Castanheira / Azambuja (events: 2022, 2026)"
A — Sacavém / Bobadela → Vila Franca de Xira (~22 km),38.814065,-9.090106,2.329,"Sacavém / Bobadela (events: 2008, 2014, 2026)"
A — Sacavém / Bobadela → Vila Franca de Xira (~22 km),38.850463,-9.069225,2.331,"Sacavém / Bobadela (events: 2008, 2014, 2026)"
B — Vila Franca de Xira → Azambuja (~28 km),39.054077,-8.885735,2.331,"Castanheira / Azambuja (events: 2022, 2026)"
B — Vila Franca de Xira → Azambuja (~28 km),39.055059,-8.886304,2.332,"Castanheira / Azambuja (events: 2022, 2026)"
A — Sacavém / Bobadela → Vila Franca de Xira (~22 km),38.877718,-9.046038,2.332,"Póvoa de Santa Iria (events: 2008, 2010, 2026)"
B — Vila Franca de Xira → Azambuja (~28 km),39.055,-8.891879,2.335,"Castanheira / Azambuja (events: 2022, 2026)"
A — Sacavém / Bobadela → Vila Franca de Xira (~22 km),38.885022,-9.038297,2.336,"Póvoa de Santa Iria (events: 2008, 2010, 2026)"
B — Vila Franca de Xira → Azambuja (~28 km),39.062371,-8.878932,2.336,"Castanheira / Azambuja (events: 2022, 2026)"
B — Vila Franca de Xira → Azambuja (~28 km),39.052453,-8.89665,2.337,"Castanheira / Azambuja (events: 2022, 2026)"
B — Vila Franca de Xira → Azambuja (~28 km),39.042365,-8.901895,2.337,"Castanheira / Azambuja (events: 2022, 2026)"
A — Sacavém / Bobadela → Vila Franca de Xira (~22 km),38.828505,-9.0857,2.337,"Sacavém / Bobadela (events: 2008, 2014, 2026)"
B — Vila Franca de Xira → Azambuja (~28 km),39.062447,-8.878956,2.339,"Castanheira / Azambuja (events: 2022, 2026)"
B — Vila Franca de Xira → Azambuja (~28 km),39.055758,-8.886679,2.34,"Castanheira / Azambuja (events: 2022, 2026)"
B — Vila Franca de Xira → Azambuja (~28 km),39.063559,-8.877254,2.341,"Castanheira / Azambuja (events: 2022, 2026)"
B — Vila Franca de Xira → Azambuja (~28 km),39.033789,-8.912124,2.341,"Castanheira / Azambuja (events: 2022, 2026)"
B — Vila Franca de Xira → Azambuja (~28 km),39.063524,-8.877321,2.342,"Castanheira / Azambuja (events: 2022, 2026)"
B — Vila Franca de Xira → Azambuja (~28 km),39.057968,-8.881806,2.343,"Castanheira / Azambuja (events: 2022, 2026)"
B — Vila Franca de Xira → Azambuja (~28 km),39.027235,-8.937836,2.343,"Castanheira / Azambuja (events: 2022, 2026)"
B — Vila Franca de Xira → Azambuja (~28 km),39.062572,-8.878537,2.345,"Castanheira / Azambuja (events: 2022, 2026)"
B — Vila Franca de Xira → Azambuja (~28 km),39.063169,-8.877319,2.346,"Castanheira / Azambuja (events: 2022, 2026)"
A — Sacavém / Bobadela → Vila Franca de Xira (~22 km),38.879784,-9.04288,2.346,"Póvoa de Santa Iria (events: 2008, 2010, 2026)"
B — Vila Franca de Xira → Azambuja (~28 km),39.015851,-8.923974,2.347,"Castanheira / Azambuja (events: 2022, 2026)"
B — Vila Franca de Xira → Azambuja (~28 km),39.029288,-8.919013,2.348,"Castanheira / Azambuja (events: 2022, 2026)"
B — Vila Franca de Xira → Azambuja (~28 km),39.063063,-8.877635,2.349,"Castanheira / Azambuja (events: 2022, 2026)"
B — Vila Franca de Xira → Azambuja (~28 km),38.979789,-8.960754,2.35,Alverca / Vila Franca (events: 2026)
A — Sacavém / Bobadela → Vila Franca de Xira (~22 km),38.828975,-9.08533,2.35,"Sacavém / Bobadela (events: 2008, 2014, 2026)"
B — Vila Franca de Xira → Azambuja (~28 km),39.057537,-8.883798,2.35,"Castanheira / Azambuja (events: 2022, 2026)"
A — Sacavém / Bobadela → Vila Franca de Xira (~22 km),38.827577,-9.084625,2.352,"Sacavém / Bobadela (events: 2008, 2014, 2026)"
B — Vila Franca de Xira → Azambuja (~28 km),39.033913,-8.906098,2.353,"Castanheira / Azambuja (events: 2022, 2026)"
B — Vila Franca de Xira → Azambuja (~28 km),39.061177,-8.880321,2.353,"Castanheira / Azambuja (events: 2022, 2026)"
B — Vila Franca de Xira → Azambuja (~28 km),39.042689,-8.897696,2.355,"Castanheira / Azambuja (events: 2022, 2026)"
A — Sacavém / Bobadela → Vila Franca de Xira (~22 km),38.818196,-9.088992,2.355,"Sacavém / Bobadela (events: 2008, 2014, 2026)"
B — Vila Franca de Xira → Azambuja (~28 km),39.057696,-8.884536,2.356,"Castanheira / Azambuja (events: 2022, 2026)"
B — Vila Franca de Xira → Azambuja (~28 km),39.042388,-8.90191,2.356,"Castanheira / Azambuja (events: 2022, 2026)"
A — Sacavém / Bobadela → Vila Franca de Xira (~22 km),38.805095,-9.0934,2.356,"Sacavém / Bobadela (events: 2008, 2014, 2026)"
B — Vila Franca de Xira → Azambuja (~28 km),39.050539,-8.889308,2.356,"Castanheira / Azambuja (events: 2022, 2026)"
A — Sacavém / Bobadela → Vila Franca de Xira (~22 km),38.849219,-9.068614,2.358,"Sacavém / Bobadela (events: 2008, 2014, 2026)"
B — Vila Franca de Xira → Azambuja (~28 km),39.063104,-8.877615,2.358,"Castanheira / Azambuja (events: 2022, 2026)"
B — Vila Franca de Xira → Azambuja (~28 km),39.051845,-8.891735,2.359,"Castanheira / Azambuja (events: 2022, 2026)"
A — Sacavém / Bobadela → Vila Franca de Xira (~22 km),38.812258,-9.088067,2.36,"Sacavém / Bobadela (events: 2008, 2014, 2026)"
B — Vila Franca de Xira → Azambuja (~28 km),39.062597,-8.878625,2.36,"Castanheira / Azambuja (events: 2022, 2026)"
A — Sacavém / Bobadela → Vila Franca de Xira (~22 km),38.894885,-9.030205,2.36,Alverca / Vila Franca (events: 2026)
A — Sacavém / Bobadela → Vila Franca de Xira (~22 km),38.841824,-9.074109,2.361,"Sacavém / Bobadela (events: 2008, 2014, 2026)"
B — Vila Franca de Xira → Azambuja (~28 km),39.025669,-8.938974,2.361,"Castanheira / Azambuja (events: 2022, 2026)"
B — Vila Franca de Xira → Azambuja (~28 km),39.060468,-8.881303,2.361,"Castanheira / Azambuja (events: 2022, 2026)"
B — Vila Franca de Xira → Azambuja (~28 km),39.047683,-8.895895,2.363,"Castanheira / Azambuja (events: 2022, 2026)"
B — Vila Franca de Xira → Azambuja (~28 km),39.052444,-8.896479,2.363,"Castanheira / Azambuja (events: 2022, 2026)"
B — Vila Franca de Xira → Azambuja (~28 km),39.029089,-8.91973,2.364,"Castanheira / Azambuja (events: 2022, 2026)"
A — Sacavém / Bobadela → Vila Franca de Xira (~22 km),38.841804,-9.074059,2.365,"Sacavém / Bobadela (events: 2008, 2014, 2026)"
A — Sacavém / Bobadela → Vila Franca de Xira (~22 km),38.868383,-9.051011,2.366,"Póvoa de Santa Iria (events: 2008, 2010, 2026)"
B — Vila Franca de Xira → Azambuja (~28 km),39.042757,-8.897167,2.366,"Castanheira / Azambuja (events: 2022, 2026)"
A — Sacavém / Bobadela → Vila Franca de Xira (~22 km),38.82757,-9.085045,2.366,"Sacavém / Bobadela (events: 2008, 2014, 2026)"
B — Vila Franca de Xira → Azambuja (~28 km),39.053472,-8.894742,2.366,"Castanheira / Azambuja (events: 2022, 2026)"
B — Vila Franca de Xira → Azambuja (~28 km),39.051047,-8.892055,2.366,"Castanheira / Azambuja (events: 2022, 2026)"
A — Sacavém / Bobadela → Vila Franca de Xira (~22 km),38.853457,-9.07015,2.367,"Sacavém / Bobadela (events: 2008, 2014, 2026)"
A — Sacavém / Bobadela → Vila Franca de Xira (~22 km),38.86065,-9.060156,2.368,"Póvoa de Santa Iria (events: 2008, 2010, 2026)"
B — Vila Franca de Xira → Azambuja (~28 km),39.05193,-8.89743,2.368,"Castanheira / Azambuja (events: 2022, 2026)"
B — Vila Franca de Xira → Azambuja (~28 km),39.045993,-8.898934,2.369,"Castanheira / Azambuja (events: 2022, 2026)"
B — Vila Franca de Xira → Azambuja (~28 km),39.062609,-8.878441,2.37,"Castanheira / Azambuja (events: 2022, 2026)"
B — Vila Franca de Xira → Azambuja (~28 km),39.044655,-8.899351,2.37,"Castanheira / Azambuja (events: 2022, 2026)"
B — Vila Franca de Xira → Azambuja (~28 km),39.042403,-8.897524,2.37,"Castanheira / Azambuja (events: 2022, 2026)"
A — Sacavém / Bobadela → Vila Franca de Xira (~22 km),38.819962,-9.088741,2.371,"Sacavém / Bobadela (events: 2008, 2014, 2026)"
A — Sacavém / Bobadela → Vila Franca de Xira (~22 km),38.880544,-9.038966,2.373,"Póvoa de Santa Iria (events: 2008, 2010, 2026)"
B — Vila Franca de Xira → Azambuja (~28 km),38.996578,-8.958334,2.374,"Castanheira / Azambuja (events: 2022, 2026)"
B — Vila Franca de Xira → Azambuja (~28 km),39.050185,-8.889665,2.375,"Castanheira / Azambuja (events: 2022, 2026)"
A — Sacavém / Bobadela → Vila Franca de Xira (~22 km),38.826143,-9.086015,2.375,"Sacavém / Bobadela (events: 2008, 2014, 2026)"
B — Vila Franca de Xira → Azambuja (~28 km),39.028418,-8.919117,2.375,"Castanheira / Azambuja (events: 2022, 2026)"
B — Vila Franca de Xira → Azambuja (~28 km),39.062567,-8.877162,2.375,"Castanheira / Azambuja (events: 2022, 2026)"
A — Sacavém / Bobadela → Vila Franca de Xira (~22 km),38.847577,-9.070836,2.376,"Sacavém / Bobadela (events: 2008, 2014, 2026)"
B — Vila Franca de Xira → Azambuja (~28 km),39.050219,-8.893735,2.376,"Castanheira / Azambuja (events: 2022, 2026)"
B — Vila Franca de Xira → Azambuja (~28 km),38.973627,-8.965319,2.377,Alverca / Vila Franca (events: 2026)
B — Vila Franca de Xira → Azambuja (~28 km),39.054491,-8.892833,2.379,"Castanheira / Azambuja (events: 2022, 2026)"
B — Vila Franca de Xira → Azambuja (~28 km),38.990402,-8.950037,2.379,"Castanheira / Azambuja (events: 2022, 2026)"
A — Sacavém / Bobadela → Vila Franca de Xira (~22 km),38.876215,-9.048575,2.379,"Póvoa de Santa Iria (events: 2008, 2010, 2026)"
A — Sacavém / Bobadela → Vila Franca de Xira (~22 km),38.847165,-9.071066,2.381,"Sacavém / Bobadela (events: 2008, 2014, 2026)"
B — Vila Franca de Xira → Azambuja (~28 km),38.985449,-8.955038,2.382,"Castanheira / Azambuja (events: 2022, 2026)"
B — Vila Franca de Xira → Azambuja (~28 km),39.057535,-8.883637,2.382,"Castanheira / Azambuja (events: 2022, 2026)"
B — Vila Franca de Xira → Azambuja (~28 km),39.052701,-8.896004,2.382,"Castanheira / Azambuja (events: 2022, 2026)"
A — Sacavém / Bobadela → Vila Franca de Xira (~22 km),38.818166,-9.086147,2.384,"Sacavém / Bobadela (events: 2008, 2014, 2026)"
A — Sacavém / Bobadela → Vila Franca de Xira (~22 km),38.818226,-9.086057,2.384,"Sacavém / Bobadela (events: 2008, 2014, 2026)"
B — Vila Franca de Xira → Azambuja (~28 km),39.062652,-8.878266,2.385,"Castanheira / Azambuja (events: 2022, 2026)"
B — Vila Franca de Xira → Azambuja (~28 km),38.978636,-8.960414,2.385,Alverca / Vila Franca (events: 2026)
A — Sacavém / Bobadela → Vila Franca de Xira (~22 km),38.806342,-9.093857,2.385,"Sacavém / Bobadela (events: 2008, 2014, 2026)"
B — Vila Franca de Xira → Azambuja (~28 km),39.053375,-8.889541,2.386,"Castanheira / Azambuja (events: 2022, 2026)"
A — Sacavém / Bobadela → Vila Franca de Xira (~22 km),38.827182,-9.083904,2.387,"Sacavém / Bobadela (events: 2008, 2014, 2026)"
B — Vila Franca de Xira → Azambuja (~28 km),39.045668,-8.899334,2.388,"Castanheira / Azambuja (events: 2022, 2026)"
B — Vila Franca de Xira → Azambuja (~28 km),38.985095,-8.955396,2.388,"Castanheira / Azambuja (events: 2022, 2026)"
B — Vila Franca de Xira → Azambuja (~28 km),39.042395,-8.901778,2.391,"Castanheira / Azambuja (events: 2022, 2026)"
B — Vila Franca de Xira → Azambuja (~28 km),39.057103,-8.885143,2.391,"Castanheira / Azambuja (events: 2022, 2026)"
A — Sacavém / Bobadela → Vila Franca de Xira (~22 km),38.865897,-9.049167,2.393,"Póvoa de Santa Iria (events: 2008, 2010, 2026)"
B — Vila Franca de Xira → Azambuja (~28 km),39.062363,-8.87912,2.394,"Castanheira / Azambuja (events: 2022, 2026)"
A — Sacavém / Bobadela → Vila Franca de Xira (~22 km),38.879038,-9.04583,2.395,"Póvoa de Santa Iria (events: 2008, 2010, 2026)"
B — Vila Franca de Xira → Azambuja (~28 km),39.044865,-8.899859,2.395,"Castanheira / Azambuja (events: 2022, 2026)"
A — Sacavém / Bobadela → Vila Franca de Xira (~22 km),38.825476,-9.086251,2.397,"Sacavém / Bobadela (events: 2008, 2014, 2026)"
B — Vila Franca de Xira → Azambuja (~28 km),39.034101,-8.906105,2.397,"Castanheira / Azambuja (events: 2022, 2026)"
B — Vila Franca de Xira → Azambuja (~28 km),39.042066,-8.902173,2.398,"Castanheira / Azambuja (events: 2022, 2026)"
B — Vila Franca de Xira → Azambuja (~28 km),39.056071,-8.886536,2.399,"Castanheira / Azambuja (events: 2022, 2026)"
B — Vila Franca de Xira → Azambuja (~28 km),39.060664,-8.881271,2.399,"Castanheira / Azambuja (events: 2022, 2026)"
A — Sacavém / Bobadela → Vila Franca de Xira (~22 km),38.84469,-9.072448,2.4,"Sacavém / Bobadela (events: 2008, 2014, 2026)"
B — Vila Franca de Xira → Azambuja (~28 km),39.025277,-8.939259,2.4,"Castanheira / Azambuja (events: 2022, 2026)"
B — Vila Franca de Xira → Azambuja (~28 km),38.967185,-8.971626,2.4,Alverca / Vila Franca (events: 2026)
B — Vila Franca de Xira → Azambuja (~28 km),39.033941,-8.912315,2.4,"Castanheira / Azambuja (events: 2022, 2026)"
A — Sacavém / Bobadela → Vila Franca de Xira (~22 km),38.826056,-9.085859,2.401,"Sacavém / Bobadela (events: 2008, 2014, 2026)"
B — Vila Franca de Xira → Azambuja (~28 km),39.05894,-8.882794,2.401,"Castanheira / Azambuja (events: 2022, 2026)"
A — Sacavém / Bobadela → Vila Franca de Xira (~22 km),38.861982,-9.052006,2.402,"Póvoa de Santa Iria (events: 2008, 2010, 2026)"
B — Vila Franca de Xira → Azambuja (~28 km),39.058434,-8.882279,2.402,"Castanheira / Azambuja (events: 2022, 2026)"
B — Vila Franca de Xira → Azambuja (~28 km),39.056289,-8.885011,2.403,"Castanheira / Azambuja (events: 2022, 2026)"
A — Sacavém / Bobadela → Vila Franca de Xira (~22 km),38.876364,-9.048684,2.404,"Póvoa de Santa Iria (events: 2008, 2010, 2026)"
A — Sacavém / Bobadela → Vila Franca de Xira (~22 km),38.807579,-9.093166,2.404,"Sacavém / Bobadela (events: 2008, 2014, 2026)"
B — Vila Franca de Xira → Azambuja (~28 km),39.044995,-8.910261,2.406,"Castanheira / Azambuja (events: 2022, 2026)"
B — Vila Franca de Xira → Azambuja (~28 km),39.044991,-8.898967,2.406,"Castanheira / Azambuja (events: 2022, 2026)"
B — Vila Franca de Xira → Azambuja (~28 km),39.046267,-8.894192,2.406,"Castanheira / Azambuja (events: 2022, 2026)"
B — Vila Franca de Xira → Azambuja (~28 km),39.062247,-8.878937,2.407,"Castanheira / Azambuja (events: 2022, 2026)"
B — Vila Franca de Xira → Azambuja (~28 km),39.047156,-8.897081,2.407,"Castanheira / Azambuja (events: 2022, 2026)"
B — Vila Franca de Xira → Azambuja (~28 km),39.062213,-8.878825,2.408,"Castanheira / Azambuja (events: 2022, 2026)"
B — Vila Franca de Xira → Azambuja (~28 km),38.991709,-8.962513,2.408,"Castanheira / Azambuja (events: 2022, 2026)"
B — Vila Franca de Xira → Azambuja (~28 km),39.062911,-8.877792,2.408,"Castanheira / Azambuja (events: 2022, 2026)"
B — Vila Franca de Xira → Azambuja (~28 km),39.062728,-8.878075,2.412,"Castanheira / Azambuja (events: 2022, 2026)"
B — Vila Franca de Xira → Azambuja (~28 km),39.059595,-8.882,2.413,"Castanheira / Azambuja (events: 2022, 2026)"
B — Vila Franca de Xira → Azambuja (~28 km),39.050186,-8.892306,2.413,"Castanheira / Azambuja (events: 2022, 2026)"
B — Vila Franca de Xira → Azambuja (~28 km),39.033216,-8.912407,2.415,"Castanheira / Azambuja (events: 2022, 2026)"
A — Sacavém / Bobadela → Vila Franca de Xira (~22 km),38.878835,-9.045832,2.415,"Póvoa de Santa Iria (events: 2008, 2010, 2026)"
A — Sacavém / Bobadela → Vila Franca de Xira (~22 km),38.884983,-9.03806,2.415,"Póvoa de Santa Iria (events: 2008, 2010, 2026)"
B — Vila Franca de Xira → Azambuja (~28 km),39.043405,-8.896995,2.417,"Castanheira / Azambuja (events: 2022, 2026)"
B — Vila Franca de Xira → Azambuja (~28 km),39.043762,-8.896645,2.417,"Castanheira / Azambuja (events: 2022, 2026)"
B — Vila Franca de Xira → Azambuja (~28 km),39.044674,-8.899141,2.417,"Castanheira / Azambuja (events: 2022, 2026)"
B — Vila Franca de Xira → Azambuja (~28 km),39.053082,-8.89579,2.42,"Castanheira / Azambuja (events: 2022, 2026)"
B — Vila Franca de Xira → Azambuja (~28 km),39.026091,-8.939115,2.42,"Castanheira / Azambuja (events: 2022, 2026)"
A — Sacavém / Bobadela → Vila Franca de Xira (~22 km),38.827372,-9.082116,2.422,"Sacavém / Bobadela (events: 2008, 2014, 2026)"
B — Vila Franca de Xira → Azambuja (~28 km),39.0393,-8.906606,2.422,"Castanheira / Azambuja (events: 2022, 2026)"
A — Sacavém / Bobadela → Vila Franca de Xira (~22 km),38.879556,-9.045174,2.422,"Póvoa de Santa Iria (events: 2008, 2010, 2026)"
B — Vila Franca de Xira → Azambuja (~28 km),39.047003,-8.896257,2.422,"Castanheira / Azambuja (events: 2022, 2026)"
B — Vila Franca de Xira → Azambuja (~28 km),39.063075,-8.877711,2.424,"Castanheira / Azambuja (events: 2022, 2026)"
B — Vila Franca de Xira → Azambuja (~28 km),39.03346,-8.912517,2.425,"Castanheira / Azambuja (events: 2022, 2026)"
A — Sacavém / Bobadela → Vila Franca de Xira (~22 km),38.87357,-9.044241,2.428,"Póvoa de Santa Iria (events: 2008, 2010, 2026)"
A — Sacavém / Bobadela → Vila Franca de Xira (~22 km),38.872437,-9.048237,2.428,"Póvoa de Santa Iria (events: 2008, 2010, 2026)"
B — Vila Franca de Xira → Azambuja (~28 km),39.052057,-8.890903,2.428,"Castanheira / Azambuja (events: 2022, 2026)"
B — Vila Franca de Xira → Azambuja (~28 km),38.996903,-8.957934,2.43,"Castanheira / Azambuja (events: 2022, 2026)"
A — Sacavém / Bobadela → Vila Franca de Xira (~22 km),38.813663,-9.090363,2.43,"Sacavém / Bobadela (events: 2008, 2014, 2026)"
A — Sacavém / Bobadela → Vila Franca de Xira (~22 km),38.872972,-9.050384,2.432,"Póvoa de Santa Iria (events: 2008, 2010, 2026)"
B — Vila Franca de Xira → Azambuja (~28 km),39.056976,-8.885175,2.432,"Castanheira / Azambuja (events: 2022, 2026)"
A — Sacavém / Bobadela → Vila Franca de Xira (~22 km),38.834183,-9.077219,2.432,"Sacavém / Bobadela (events: 2008, 2014, 2026)"
B — Vila Franca de Xira → Azambuja (~28 km),39.025697,-8.939394,2.433,"Castanheira / Azambuja (events: 2022, 2026)"
A — Sacavém / Bobadela → Vila Franca de Xira (~22 km),38.844278,-9.072678,2.433,"Sacavém / Bobadela (events: 2008, 2014, 2026)"
B — Vila Franca de Xira → Azambuja (~28 km),38.962101,-8.978616,2.434,Alverca / Vila Franca (events: 2026)
B — Vila Franca de Xira → Azambuja (~28 km),38.996646,-8.956597,2.435,"Castanheira / Azambuja (events: 2022, 2026)"
A — Sacavém / Bobadela → Vila Franca de Xira (~22 km),38.827046,-9.083804,2.435,"Sacavém / Bobadela (events: 2008, 2014, 2026)"
A — Sacavém / Bobadela → Vila Franca de Xira (~22 km),38.81066,-9.089621,2.435,"Sacavém / Bobadela (events: 2008, 2014, 2026)"
B — Vila Franca de Xira → Azambuja (~28 km),39.025916,-8.939033,2.436,"Castanheira / Azambuja (events: 2022, 2026)"
B — Vila Franca de Xira → Azambuja (~28 km),38.996519,-8.95658,2.438,"Castanheira / Azambuja (events: 2022, 2026)"
B — Vila Franca de Xira → Azambuja (~28 km),39.06332,-8.877226,2.44,"Castanheira / Azambuja (events: 2022, 2026)"
B — Vila Franca de Xira → Azambuja (~28 km),39.044663,-8.899109,2.441,"Castanheira / Azambuja (events: 2022, 2026)"
B — Vila Franca de Xira → Azambuja (~28 km),38.965754,-8.973027,2.441,Alverca / Vila Franca (events: 2026)
B — Vila Franca de Xira → Azambuja (~28 km),39.028743,-8.918717,2.443,"Castanheira / Azambuja (events: 2022, 2026)"
B — Vila Franca de Xira → Azambuja (~28 km),38.96647,-8.972327,2.443,Alverca / Vila Franca (events: 2026)
B — Vila Franca de Xira → Azambuja (~28 km),38.982973,-8.957539,2.444,"Castanheira / Azambuja (events: 2022, 2026)"
A — Sacavém / Bobadela → Vila Franca de Xira (~22 km),38.850051,-9.069455,2.444,"Sacavém / Bobadela (events: 2008, 2014, 2026)"
B — Vila Franca de Xira → Azambuja (~28 km),38.997882,-8.958123,2.445,"Castanheira / Azambuja (events: 2022, 2026)"
B — Vila Franca de Xira → Azambuja (~28 km),39.044287,-8.911893,2.447,"Castanheira / Azambuja (events: 2022, 2026)"
B — Vila Franca de Xira → Azambuja (~28 km),39.060297,-8.881337,2.447,"Castanheira / Azambuja (events: 2022, 2026)"
B — Vila Franca de Xira → Azambuja (~28 km),39.050375,-8.892823,2.452,"Castanheira / Azambuja (events: 2022, 2026)"
B — Vila Franca de Xira → Azambuja (~28 km),39.062532,-8.8771,2.452,"Castanheira / Azambuja (events: 2022, 2026)"
A — Sacavém / Bobadela → Vila Franca de Xira (~22 km),38.86799,-9.051291,2.453,"Póvoa de Santa Iria (events: 2008, 2010, 2026)"
A — Sacavém / Bobadela → Vila Franca de Xira (~22 km),38.883842,-9.038985,2.453,"Póvoa de Santa Iria (events: 2008, 2010, 2026)"
A — Sacavém / Bobadela → Vila Franca de Xira (~22 km),38.82553,-9.086229,2.453,"Sacavém / Bobadela (events: 2008, 2014, 2026)"
A — Sacavém / Bobadela → Vila Franca de Xira (~22 km),38.854595,-9.069219,2.456,"Sacavém / Bobadela (events: 2008, 2014, 2026)"
B — Vila Franca de Xira → Azambuja (~28 km),39.042916,-8.914575,2.456,"Castanheira / Azambuja (events: 2022, 2026)"
A — Sacavém / Bobadela → Vila Franca de Xira (~22 km),38.811455,-9.089081,2.457,"Sacavém / Bobadela (events: 2008, 2014, 2026)"
B — Vila Franca de Xira → Azambuja (~28 km),39.044699,-8.899018,2.457,"Castanheira / Azambuja (events: 2022, 2026)"
B — Vila Franca de Xira → Azambuja (~28 km),38.984362,-8.954808,2.457,"Castanheira / Azambuja (events: 2022, 2026)"
B — Vila Franca de Xira → Azambuja (~28 km),39.062692,-8.87847,2.458,"Castanheira / Azambuja (events: 2022, 2026)"
B — Vila Franca de Xira → Azambuja (~28 km),38.959625,-8.981116,2.458,Alverca / Vila Franca (events: 2026)
B — Vila Franca de Xira → Azambuja (~28 km),39.025524,-8.939315,2.458,"Castanheira / Azambuja (events: 2022, 2026)"
B — Vila Franca de Xira → Azambuja (~28 km),39.047944,-8.896534,2.458,"Castanheira / Azambuja (events: 2022, 2026)"
B — Vila Franca de Xira → Azambuja (~28 km),39.044224,-8.911687,2.458,"Castanheira / Azambuja (events: 2022, 2026)"
A — Sacavém / Bobadela → Vila Franca de Xira (~22 km),38.878754,-9.045852,2.459,"Póvoa de Santa Iria (events: 2008, 2010, 2026)"
A — Sacavém / Bobadela → Vila Franca de Xira (~22 km),38.836869,-9.081329,2.459,"Sacavém / Bobadela (events: 2008, 2014, 2026)"
A — Sacavém / Bobadela → Vila Franca de Xira (~22 km),38.8183,-9.087181,2.46,"Sacavém / Bobadela (events: 2008, 2014, 2026)"
B — Vila Franca de Xira → Azambuja (~28 km),39.060789,-8.881211,2.461,"Castanheira / Azambuja (events: 2022, 2026)"
B — Vila Franca de Xira → Azambuja (~28 km),39.039817,-8.906532,2.462,"Castanheira / Azambuja (events: 2022, 2026)"
B — Vila Franca de Xira → Azambuja (~28 km),39.050429,-8.893112,2.462,"Castanheira / Azambuja (events: 2022, 2026)"
B — Vila Franca de Xira → Azambuja (~28 km),39.0443,-8.911918,2.462,"Castanheira / Azambuja (events: 2022, 2026)"
A — Sacavém / Bobadela → Vila Franca de Xira (~22 km),38.820422,-9.085216,2.463,"Sacavém / Bobadela (events: 2008, 2014, 2026)"
A — Sacavém / Bobadela → Vila Franca de Xira (~22 km),38.872315,-9.048207,2.463,"Póvoa de Santa Iria (events: 2008, 2010, 2026)"
A — Sacavém / Bobadela → Vila Franca de Xira (~22 km),38.809237,-9.093198,2.463,"Sacavém / Bobadela (events: 2008, 2014, 2026)"
A — Sacavém / Bobadela → Vila Franca de Xira (~22 km),38.943516,-8.994401,2.463,Alverca / Vila Franca (events: 2026)
B — Vila Franca de Xira → Azambuja (~28 km),39.062828,-8.87799,2.464,"Castanheira / Azambuja (events: 2022, 2026)"
B — Vila Franca de Xira → Azambuja (~28 km),39.033838,-8.912032,2.465,"Castanheira / Azambuja (events: 2022, 2026)"
B — Vila Franca de Xira → Azambuja (~28 km),38.985803,-8.954681,2.465,"Castanheira / Azambuja (events: 2022, 2026)"
B — Vila Franca de Xira → Azambuja (~28 km),39.062853,-8.877955,2.467,"Castanheira / Azambuja (events: 2022, 2026)"
A — Sacavém / Bobadela → Vila Franca de Xira (~22 km),38.827574,-9.084765,2.467,"Sacavém / Bobadela (events: 2008, 2014, 2026)"
B — Vila Franca de Xira → Azambuja (~28 km),39.046983,-8.896387,2.469,"Castanheira / Azambuja (events: 2022, 2026)"
A — Sacavém / Bobadela → Vila Franca de Xira (~22 km),38.894762,-9.030788,2.469,Alverca / Vila Franca (events: 2026)
A — Sacavém / Bobadela → Vila Franca de Xira (~22 km),38.879525,-9.045091,2.471,"Póvoa de Santa Iria (events: 2008, 2010, 2026)"
A — Sacavém / Bobadela → Vila Franca de Xira (~22 km),38.826018,-9.085923,2.471,"Sacavém / Bobadela (events: 2008, 2014, 2026)"
A — Sacavém / Bobadela → Vila Franca de Xira (~22 km),38.827196,-9.084933,2.475,"Sacavém / Bobadela (events: 2008, 2014, 2026)"
A — Sacavém / Bobadela → Vila Franca de Xira (~22 km),38.844696,-9.072026,2.476,"Sacavém / Bobadela (events: 2008, 2014, 2026)"
B — Vila Franca de Xira → Azambuja (~28 km),39.033385,-8.906806,2.477,"Castanheira / Azambuja (events: 2022, 2026)"
B — Vila Franca de Xira → Azambuja (~28 km),38.989141,-8.962711,2.479,"Castanheira / Azambuja (events: 2022, 2026)"
A — Sacavém / Bobadela → Vila Franca de Xira (~22 km),38.818089,-9.087528,2.48,"Sacavém / Bobadela (events: 2008, 2014, 2026)"
B — Vila Franca de Xira → Azambuja (~28 km),39.002101,-8.951531,2.481,"Castanheira / Azambuja (events: 2022, 2026)"
B — Vila Franca de Xira → Azambuja (~28 km),38.983288,-8.955859,2.481,"Castanheira / Azambuja (events: 2022, 2026)"
B — Vila Franca de Xira → Azambuja (~28 km),39.032521,-8.91361,2.482,"Castanheira / Azambuja (events: 2022, 2026)"
B — Vila Franca de Xira → Azambuja (~28 km),39.04701,-8.896663,2.483,"Castanheira / Azambuja (events: 2022, 2026)"
A — Sacavém / Bobadela → Vila Franca de Xira (~22 km),38.818457,-9.086618,2.484,"Sacavém / Bobadela (events: 2008, 2014, 2026)"
A — Sacavém / Bobadela → Vila Franca de Xira (~22 km),38.816229,-9.087613,2.489,"Sacavém / Bobadela (events: 2008, 2014, 2026)"
B — Vila Franca de Xira → Azambuja (~28 km),39.050281,-8.892453,2.489,"Castanheira / Azambuja (events: 2022, 2026)"
A — Sacavém / Bobadela → Vila Franca de Xira (~22 km),38.828972,-9.085376,2.49,"Sacavém / Bobadela (events: 2008, 2014, 2026)"
B — Vila Franca de Xira → Azambuja (~28 km),39.034063,-8.912955,2.491,"Castanheira / Azambuja (events: 2022, 2026)"
A — Sacavém / Bobadela → Vila Franca de Xira (~22 km),38.819189,-9.089303,2.493,"Sacavém / Bobadela (events: 2008, 2014, 2026)"
A — Sacavém / Bobadela → Vila Franca de Xira (~22 km),38.814256,-9.08707,2.495,"Sacavém / Bobadela (events: 2008, 2014, 2026)"
B — Vila Franca de Xira → Azambuja (~28 km),39.033965,-8.913731,2.496,"Castanheira / Azambuja (events: 2022, 2026)"
B — Vila Franca de Xira → Azambuja (~28 km),39.062545,-8.879264,2.499,"Castanheira / Azambuja (events: 2022, 2026)"
B — Vila Franca de Xira → Azambuja (~28 km),39.059647,-8.882137,2.499,"Castanheira / Azambuja (events: 2022, 2026)"
B — Vila Franca de Xira → Azambuja (~28 km),39.054236,-8.89331,2.499,"Castanheira / Azambuja (events: 2022, 2026)"
A — Sacavém / Bobadela → Vila Franca de Xira (~22 km),38.848497,-9.072987,2.5,"Sacavém / Bobadela (events: 2008, 2014, 2026)"
B — Vila Franca de Xira → Azambuja (~28 km),39.042063,-8.90231,2.501,"Castanheira / Azambuja (events: 2022, 2026)"
A — Sacavém / Bobadela → Vila Franca de Xira (~22 km),38.861412,-9.05718,2.502,"Póvoa de Santa Iria (events: 2008, 2010, 2026)"
B — Vila Franca de Xira → Azambuja (~28 km),39.042035,-8.902289,2.503,"Castanheira / Azambuja (events: 2022, 2026)"
B — Vila Franca de Xira → Azambuja (~28 km),39.055746,-8.886936,2.504,"Castanheira / Azambuja (events: 2022, 2026)"
B — Vila Franca de Xira → Azambuja (~28 km),39.06258,-8.879198,2.506,"Castanheira / Azambuja (events: 2022, 2026)"
B — Vila Franca de Xira → Azambuja (~28 km),39.047294,-8.897334,2.506,"Castanheira / Azambuja (events: 2022, 2026)"
B — Vila Franca de Xira → Azambuja (~28 km),39.033616,-8.912715,2.507,"Castanheira / Azambuja (events: 2022, 2026)"
A — Sacavém / Bobadela → Vila Franca de Xira (~22 km),38.827487,-9.083691,2.507,"Sacavém / Bobadela (events: 2008, 2014, 2026)"
A — Sacavém / Bobadela → Vila Franca de Xira (~22 km),38.830298,-9.082738,2.508,"Sacavém / Bobadela (events: 2008, 2014, 2026)"
B — Vila Franca de Xira → Azambuja (~28 km),39.057575,-8.883392,2.508,"Castanheira / Azambuja (events: 2022, 2026)"
B — Vila Franca de Xira → Azambuja (~28 km),39.052874,-8.895986,2.509,"Castanheira / Azambuja (events: 2022, 2026)"
B — Vila Franca de Xira → Azambuja (~28 km),39.053369,-8.88645,2.512,"Castanheira / Azambuja (events: 2022, 2026)"
A — Sacavém / Bobadela → Vila Franca de Xira (~22 km),38.879822,-9.042653,2.514,"Póvoa de Santa Iria (events: 2008, 2010, 2026)"
B — Vila Franca de Xira → Azambuja (~28 km),39.039253,-8.906465,2.515,"Castanheira / Azambuja (events: 2022, 2026)"
B — Vila Franca de Xira → Azambuja (~28 km),39.052564,-8.896737,2.516,"Castanheira / Azambuja (events: 2022, 2026)"
A — Sacavém / Bobadela → Vila Franca de Xira (~22 km),38.86114,-9.05534,2.517,"Póvoa de Santa Iria (events: 2008, 2010, 2026)"
B — Vila Franca de Xira → Azambuja (~28 km),38.966112,-8.972677,2.517,Alverca / Vila Franca (events: 2026)
B — Vila Franca de Xira → Azambuja (~28 km),38.9667,-8.973972,2.517,Alverca / Vila Franca (events: 2026)
B — Vila Franca de Xira → Azambuja (~28 km),39.041695,-8.898239,2.518,"Castanheira / Azambuja (events: 2022, 2026)"
A — Sacavém / Bobadela → Vila Franca de Xira (~22 km),38.815826,-9.088562,2.521,"Sacavém / Bobadela (events: 2008, 2014, 2026)"
B — Vila Franca de Xira → Azambuja (~28 km),39.03187,-8.913943,2.523,"Castanheira / Azambuja (events: 2022, 2026)"
A — Sacavém / Bobadela → Vila Franca de Xira (~22 km),38.816077,-9.088817,2.523,"Sacavém / Bobadela (events: 2008, 2014, 2026)"
A — Sacavém / Bobadela → Vila Franca de Xira (~22 km),38.860739,-9.060209,2.524,"Póvoa de Santa Iria (events: 2008, 2010, 2026)"
B — Vila Franca de Xira → Azambuja (~28 km),39.062335,-8.879684,2.524,"Castanheira / Azambuja (events: 2022, 2026)"
B — Vila Franca de Xira → Azambuja (~28 km),39.054498,-8.886134,2.524,"Castanheira / Azambuja (events: 2022, 2026)"
B — Vila Franca de Xira → Azambuja (~28 km),39.049875,-8.901232,2.525,"Castanheira / Azambuja (events: 2022, 2026)"
B — Vila Franca de Xira → Azambuja (~28 km),39.052066,-8.891128,2.526,"Castanheira / Azambuja (events: 2022, 2026)"
B — Vila Franca de Xira → Azambuja (~28 km),39.049905,-8.901422,2.528,"Castanheira / Azambuja (events: 2022, 2026)"
B — Vila Franca de Xira → Azambuja (~28 km),39.04913,-8.891389,2.528,"Castanheira / Azambuja (events: 2022, 2026)"
A — Sacavém / Bobadela → Vila Franca de Xira (~22 km),38.827234,-9.08597,2.528,"Sacavém / Bobadela (events: 2008, 2014, 2026)"
B — Vila Franca de Xira → Azambuja (~28 km),39.063297,-8.87714,2.529,"Castanheira / Azambuja (events: 2022, 2026)"
A — Sacavém / Bobadela → Vila Franca de Xira (~22 km),38.896759,-9.02946,2.53,Alverca / Vila Franca (events: 2026)
A — Sacavém / Bobadela → Vila Franca de Xira (~22 km),38.878868,-9.045918,2.531,"Póvoa de Santa Iria (events: 2008, 2010, 2026)"
A — Sacavém / Bobadela → Vila Franca de Xira (~22 km),38.804819,-9.093462,2.531,"Sacavém / Bobadela (events: 2008, 2014, 2026)"
A — Sacavém / Bobadela → Vila Franca de Xira (~22 km),38.809792,-9.093091,2.533,"Sacavém / Bobadela (events: 2008, 2014, 2026)"
A — Sacavém / Bobadela → Vila Franca de Xira (~22 km),38.84377,-9.072663,2.533,"Sacavém / Bobadela (events: 2008, 2014, 2026)"
A — Sacavém / Bobadela → Vila Franca de Xira (~22 km),38.87864,-9.045882,2.535,"Póvoa de Santa Iria (events: 2008, 2010, 2026)"
B — Vila Franca de Xira → Azambuja (~28 km),39.061152,-8.878591,2.535,"Castanheira / Azambuja (events: 2022, 2026)"
B — Vila Franca de Xira → Azambuja (~28 km),38.961748,-8.978973,2.535,Alverca / Vila Franca (events: 2026)
B — Vila Franca de Xira → Azambuja (~28 km),39.054406,-8.893127,2.536,"Castanheira / Azambuja (events: 2022, 2026)"
B — Vila Franca de Xira → Azambuja (~28 km),39.062922,-8.877972,2.536,"Castanheira / Azambuja (events: 2022, 2026)"
B — Vila Franca de Xira → Azambuja (~28 km),38.944284,-8.99405,2.536,Alverca / Vila Franca (events: 2026)
A — Sacavém / Bobadela → Vila Franca de Xira (~22 km),38.884895,-9.039235,2.538,"Póvoa de Santa Iria (events: 2008, 2010, 2026)"
B — Vila Franca de Xira → Azambuja (~28 km),39.054745,-8.892356,2.538,"Castanheira / Azambuja (events: 2022, 2026)"
A — Sacavém / Bobadela → Vila Franca de Xira (~22 km),38.876359,-9.048579,2.538,"Póvoa de Santa Iria (events: 2008, 2010, 2026)"
B — Vila Franca de Xira → Azambuja (~28 km),39.02265,-8.917317,2.538,"Castanheira / Azambuja (events: 2022, 2026)"
B — Vila Franca de Xira → Azambuja (~28 km),39.063768,-8.876835,2.539,"Castanheira / Azambuja (events: 2022, 2026)"
B — Vila Franca de Xira → Azambuja (~28 km),39.080252,-8.844167,2.539,"Castanheira / Azambuja (events: 2022, 2026)"
B — Vila Franca de Xira → Azambuja (~28 km),39.051943,-8.897605,2.541,"Castanheira / Azambuja (events: 2022, 2026)"
B — Vila Franca de Xira → Azambuja (~28 km),39.043197,-8.913588,2.541,"Castanheira / Azambuja (events: 2022, 2026)"
B — Vila Franca de Xira → Azambuja (~28 km),38.997633,-8.955414,2.541,"Castanheira / Azambuja (events: 2022, 2026)"
A — Sacavém / Bobadela → Vila Franca de Xira (~22 km),38.800763,-9.090928,2.542,"Sacavém / Bobadela (events: 2008, 2014, 2026)"
B — Vila Franca de Xira → Azambuja (~28 km),39.043427,-8.913622,2.543,"Castanheira / Azambuja (events: 2022, 2026)"
B — Vila Franca de Xira → Azambuja (~28 km),39.06283,-8.87813,2.543,"Castanheira / Azambuja (events: 2022, 2026)"
B — Vila Franca de Xira → Azambuja (~28 km),39.04536,-8.898774,2.544,"Castanheira / Azambuja (events: 2022, 2026)"
B — Vila Franca de Xira → Azambuja (~28 km),39.061814,-8.87851,2.546,"Castanheira / Azambuja (events: 2022, 2026)"
B — Vila Franca de Xira → Azambuja (~28 km),39.050545,-8.893335,2.546,"Castanheira / Azambuja (events: 2022, 2026)"
A — Sacavém / Bobadela → Vila Franca de Xira (~22 km),38.819971,-9.08878,2.547,"Sacavém / Bobadela (events: 2008, 2014, 2026)"
A — Sacavém / Bobadela → Vila Franca de Xira (~22 km),38.825629,-9.086213,2.547,"Sacavém / Bobadela (events: 2008, 2014, 2026)"
A — Sacavém / Bobadela → Vila Franca de Xira (~22 km),38.876155,-9.048364,2.548,"Póvoa de Santa Iria (events: 2008, 2010, 2026)"
B — Vila Franca de Xira → Azambuja (~28 km),39.060444,-8.879305,2.55,"Castanheira / Azambuja (events: 2022, 2026)"
B — Vila Franca de Xira → Azambuja (~28 km),39.052707,-8.896173,2.552,"Castanheira / Azambuja (events: 2022, 2026)"
B — Vila Franca de Xira → Azambuja (~28 km),38.996317,-8.956992,2.552,"Castanheira / Azambuja (events: 2022, 2026)"
B — Vila Franca de Xira → Azambuja (~28 km),39.03411,-8.912942,2.553,"Castanheira / Azambuja (events: 2022, 2026)"
B — Vila Franca de Xira → Azambuja (~28 km),39.037804,-8.902168,2.553,"Castanheira / Azambuja (events: 2022, 2026)"
A — Sacavém / Bobadela → Vila Franca de Xira (~22 km),38.865046,-9.050688,2.553,"Póvoa de Santa Iria (events: 2008, 2010, 2026)"
B — Vila Franca de Xira → Azambuja (~28 km),39.0623,-8.87975,2.555,"Castanheira / Azambuja (events: 2022, 2026)"
B — Vila Franca de Xira → Azambuja (~28 km),39.032426,-8.91494,2.556,"Castanheira / Azambuja (events: 2022, 2026)"
B — Vila Franca de Xira → Azambuja (~28 km),39.059122,-8.882839,2.557,"Castanheira / Azambuja (events: 2022, 2026)"
B — Vila Franca de Xira → Azambuja (~28 km),39.042467,-8.902417,2.558,"Castanheira / Azambuja (events: 2022, 2026)"
B — Vila Franca de Xira → Azambuja (~28 km),39.050294,-8.892313,2.56,"Castanheira / Azambuja (events: 2022, 2026)"
A — Sacavém / Bobadela → Vila Franca de Xira (~22 km),38.872969,-9.050417,2.56,"Póvoa de Santa Iria (events: 2008, 2010, 2026)"
B — Vila Franca de Xira → Azambuja (~28 km),39.028666,-8.937061,2.566,"Castanheira / Azambuja (events: 2022, 2026)"
B — Vila Franca de Xira → Azambuja (~28 km),39.063314,-8.87774,2.568,"Castanheira / Azambuja (events: 2022, 2026)"
B — Vila Franca de Xira → Azambuja (~28 km),38.965639,-8.975043,2.568,Alverca / Vila Franca (events: 2026)
B — Vila Franca de Xira → Azambuja (~28 km),39.06279,-8.878778,2.571,"Castanheira / Azambuja (events: 2022, 2026)"
A — Sacavém / Bobadela → Vila Franca de Xira (~22 km),38.825963,-9.086078,2.571,"Sacavém / Bobadela (events: 2008, 2014, 2026)"
A — Sacavém / Bobadela → Vila Franca de Xira (~22 km),38.88004,-9.042069,2.571,"Póvoa de Santa Iria (events: 2008, 2010, 2026)"
A — Sacavém / Bobadela → Vila Franca de Xira (~22 km),38.825499,-9.08634,2.573,"Sacavém / Bobadela (events: 2008, 2014, 2026)"
A — Sacavém / Bobadela → Vila Franca de Xira (~22 km),38.8764,-9.048586,2.574,"Póvoa de Santa Iria (events: 2008, 2010, 2026)"
B — Vila Franca de Xira → Azambuja (~28 km),39.062873,-8.878111,2.574,"Castanheira / Azambuja (events: 2022, 2026)"
A — Sacavém / Bobadela → Vila Franca de Xira (~22 km),38.879717,-9.045969,2.574,"Póvoa de Santa Iria (events: 2008, 2010, 2026)"
B — Vila Franca de Xira → Azambuja (~28 km),39.016209,-8.923624,2.574,"Castanheira / Azambuja (events: 2022, 2026)"
A — Sacavém / Bobadela → Vila Franca de Xira (~22 km),38.849971,-9.070278,2.575,"Sacavém / Bobadela (events: 2008, 2014, 2026)"
B — Vila Franca de Xira → Azambuja (~28 km),39.052047,-8.897684,2.576,"Castanheira / Azambuja (events: 2022, 2026)"
A — Sacavém / Bobadela → Vila Franca de Xira (~22 km),38.868921,-9.047758,2.576,"Póvoa de Santa Iria (events: 2008, 2010, 2026)"
B — Vila Franca de Xira → Azambuja (~28 km),39.032206,-8.913559,2.576,"Castanheira / Azambuja (events: 2022, 2026)"
A — Sacavém / Bobadela → Vila Franca de Xira (~22 km),38.820905,-9.085724,2.577,"Sacavém / Bobadela (events: 2008, 2014, 2026)"
B — Vila Franca de Xira → Azambuja (~28 km),39.05347,-8.889735,2.577,"Castanheira / Azambuja (events: 2022, 2026)"
A — Sacavém / Bobadela → Vila Franca de Xira (~22 km),38.946294,-8.992501,2.578,Alverca / Vila Franca (events: 2026)
B — Vila Franca de Xira → Azambuja (~28 km),39.033205,-8.906812,2.579,"Castanheira / Azambuja (events: 2022, 2026)"
A — Sacavém / Bobadela → Vila Franca de Xira (~22 km),38.884751,-9.039432,2.579,"Póvoa de Santa Iria (events: 2008, 2010, 2026)"
B — Vila Franca de Xira → Azambuja (~28 km),39.050953,-8.891524,2.58,"Castanheira / Azambuja (events: 2022, 2026)"
B — Vila Franca de Xira → Azambuja (~28 km),39.006788,-8.947348,2.581,"Castanheira / Azambuja (events: 2022, 2026)"
B — Vila Franca de Xira → Azambuja (~28 km),39.063298,-8.877092,2.582,"Castanheira / Azambuja (events: 2022, 2026)"
B — Vila Franca de Xira → Azambuja (~28 km),38.984388,-8.95611,2.582,"Castanheira / Azambuja (events: 2022, 2026)"
A — Sacavém / Bobadela → Vila Franca de Xira (~22 km),38.882929,-9.040637,2.583,"Póvoa de Santa Iria (events: 2008, 2010, 2026)"
A — Sacavém / Bobadela → Vila Franca de Xira (~22 km),38.809371,-9.093294,2.584,"Sacavém / Bobadela (events: 2008, 2014, 2026)"
B — Vila Franca de Xira → Azambuja (~28 km),38.998109,-8.958278,2.587,"Castanheira / Azambuja (events: 2022, 2026)"
A — Sacavém / Bobadela → Vila Franca de Xira (~22 km),38.827425,-9.08481,2.587,"Sacavém / Bobadela (events: 2008, 2014, 2026)"
B — Vila Franca de Xira → Azambuja (~28 km),39.062066,-8.878828,2.587,"Castanheira / Azambuja (events: 2022, 2026)"
B — Vila Franca de Xira → Azambuja (~28 km),39.045343,-8.899733,2.591,"Castanheira / Azambuja (events: 2022, 2026)"
A — Sacavém / Bobadela → Vila Franca de Xira (~22 km),38.841971,-9.075552,2.593,"Sacavém / Bobadela (events: 2008, 2014, 2026)"
A — Sacavém / Bobadela → Vila Franca de Xira (~22 km),38.815454,-9.088199,2.593,"Sacavém / Bobadela (events: 2008, 2014, 2026)"
A — Sacavém / Bobadela → Vila Franca de Xira (~22 km),38.881124,-9.042208,2.594,"Póvoa de Santa Iria (events: 2008, 2010, 2026)"
A — Sacavém / Bobadela → Vila Franca de Xira (~22 km),38.825101,-9.086401,2.595,"Sacavém / Bobadela (events: 2008, 2014, 2026)"
A — Sacavém / Bobadela → Vila Franca de Xira (~22 km),38.871077,-9.048592,2.595,"Póvoa de Santa Iria (events: 2008, 2010, 2026)"
B — Vila Franca de Xira → Azambuja (~28 km),39.048978,-8.893891,2.595,"Castanheira / Azambuja (events: 2022, 2026)"
B — Vila Franca de Xira → Azambuja (~28 km),38.996419,-8.958595,2.595,"Castanheira / Azambuja (events: 2022, 2026)"
B — Vila Franca de Xira → Azambuja (~28 km),39.045322,-8.909998,2.596,"Castanheira / Azambuja (events: 2022, 2026)"
A — Sacavém / Bobadela → Vila Franca de Xira (~22 km),38.825209,-9.086411,2.596,"Sacavém / Bobadela (events: 2008, 2014, 2026)"
A — Sacavém / Bobadela → Vila Franca de Xira (~22 km),38.830149,-9.082786,2.597,"Sacavém / Bobadela (events: 2008, 2014, 2026)"
B — Vila Franca de Xira → Azambuja (~28 km),39.033165,-8.932258,2.597,"Castanheira / Azambuja (events: 2022, 2026)"
B — Vila Franca de Xira → Azambuja (~28 km),39.027666,-8.937999,2.597,"Castanheira / Azambuja (events: 2022, 2026)"
B — Vila Franca de Xira → Azambuja (~28 km),39.002311,-8.951451,2.599,"Castanheira / Azambuja (events: 2022, 2026)"
B — Vila Franca de Xira → Azambuja (~28 km),39.052619,-8.896463,2.6,"Castanheira / Azambuja (events: 2022, 2026)"
A — Sacavém / Bobadela → Vila Franca de Xira (~22 km),38.82687,-9.086026,2.601,"Sacavém / Bobadela (events: 2008, 2014, 2026)"
B — Vila Franca de Xira → Azambuja (~28 km),39.046937,-8.896308,2.601,"Castanheira / Azambuja (events: 2022, 2026)"
A — Sacavém / Bobadela → Vila Franca de Xira (~22 km),38.811867,-9.088351,2.601,"Sacavém / Bobadela (events: 2008, 2014, 2026)"
B — Vila Franca de Xira → Azambuja (~28 km),39.048886,-8.893907,2.601,"Castanheira / Azambuja (events: 2022, 2026)"
A — Sacavém / Bobadela → Vila Franca de Xira (~22 km),38.825868,-9.085967,2.602,"Sacavém / Bobadela (events: 2008, 2014, 2026)"
A — Sacavém / Bobadela → Vila Franca de Xira (~22 km),38.825676,-9.086167,2.603,"Sacavém / Bobadela (events: 2008, 2014, 2026)"
B — Vila Franca de Xira → Azambuja (~28 km),39.057659,-8.883102,2.603,"Castanheira / Azambuja (events: 2022, 2026)"
A — Sacavém / Bobadela → Vila Franca de Xira (~22 km),38.808867,-9.093181,2.604,"Sacavém / Bobadela (events: 2008, 2014, 2026)"
B — Vila Franca de Xira → Azambuja (~28 km),39.062825,-8.878712,2.605,"Castanheira / Azambuja (events: 2022, 2026)"
B — Vila Franca de Xira → Azambuja (~28 km),39.060468,-8.879749,2.605,"Castanheira / Azambuja (events: 2022, 2026)"
A — Sacavém / Bobadela → Vila Franca de Xira (~22 km),38.849571,-9.070541,2.606,"Sacavém / Bobadela (events: 2008, 2014, 2026)"
B — Vila Franca de Xira → Azambuja (~28 km),39.045319,-8.91001,2.608,"Castanheira / Azambuja (events: 2022, 2026)"
B — Vila Franca de Xira → Azambuja (~28 km),39.063803,-8.876768,2.608,"Castanheira / Azambuja (events: 2022, 2026)"
B — Vila Franca de Xira → Azambuja (~28 km),39.073329,-8.855849,2.609,"Castanheira / Azambuja (events: 2022, 2026)"
B — Vila Franca de Xira → Azambuja (~28 km),38.997557,-8.958523,2.611,"Castanheira / Azambuja (events: 2022, 2026)"
B — Vila Franca de Xira → Azambuja (~28 km),39.063144,-8.87711,2.612,"Castanheira / Azambuja (events: 2022, 2026)"
B — Vila Franca de Xira → Azambuja (~28 km),39.061629,-8.880578,2.612,"Castanheira / Azambuja (events: 2022, 2026)"
B — Vila Franca de Xira → Azambuja (~28 km),39.053471,-8.894578,2.613,"Castanheira / Azambuja (events: 2022, 2026)"
B — Vila Franca de Xira → Azambuja (~28 km),38.991497,-8.960023,2.614,"Castanheira / Azambuja (events: 2022, 2026)"
B — Vila Franca de Xira → Azambuja (~28 km),39.033179,-8.932123,2.614,"Castanheira / Azambuja (events: 2022, 2026)"
B — Vila Franca de Xira → Azambuja (~28 km),38.966828,-8.971976,2.614,Alverca / Vila Franca (events: 2026)
B — Vila Franca de Xira → Azambuja (~28 km),38.998292,-8.954625,2.615,"Castanheira / Azambuja (events: 2022, 2026)"
A — Sacavém / Bobadela → Vila Franca de Xira (~22 km),38.830133,-9.083015,2.617,"Sacavém / Bobadela (events: 2008, 2014, 2026)"
A — Sacavém / Bobadela → Vila Franca de Xira (~22 km),38.877396,-9.048917,2.617,"Póvoa de Santa Iria (events: 2008, 2010, 2026)"
B — Vila Franca de Xira → Azambuja (~28 km),38.997508,-8.9554,2.618,"Castanheira / Azambuja (events: 2022, 2026)"
B — Vila Franca de Xira → Azambuja (~28 km),39.029452,-8.936498,2.618,"Castanheira / Azambuja (events: 2022, 2026)"
B — Vila Franca de Xira → Azambuja (~28 km),38.985793,-8.953406,2.619,"Castanheira / Azambuja (events: 2022, 2026)"
A — Sacavém / Bobadela → Vila Franca de Xira (~22 km),38.884969,-9.03964,2.619,"Póvoa de Santa Iria (events: 2008, 2010, 2026)"
B — Vila Franca de Xira → Azambuja (~28 km),39.062898,-8.877088,2.621,"Castanheira / Azambuja (events: 2022, 2026)"
B — Vila Franca de Xira → Azambuja (~28 km),39.057046,-8.885336,2.621,"Castanheira / Azambuja (events: 2022, 2026)"
A — Sacavém / Bobadela → Vila Franca de Xira (~22 km),38.879382,-9.039845,2.622,"Póvoa de Santa Iria (events: 2008, 2010, 2026)"
B — Vila Franca de Xira → Azambuja (~28 km),39.045847,-8.898668,2.623,"Castanheira / Azambuja (events: 2022, 2026)"
B — Vila Franca de Xira → Azambuja (~28 km),39.055994,-8.886366,2.623,"Castanheira / Azambuja (events: 2022, 2026)"
A — Sacavém / Bobadela → Vila Franca de Xira (~22 km),38.861307,-9.056057,2.623,"Póvoa de Santa Iria (events: 2008, 2010, 2026)"
B — Vila Franca de Xira → Azambuja (~28 km),39.029584,-8.936127,2.623,"Castanheira / Azambuja (events: 2022, 2026)"
A — Sacavém / Bobadela → Vila Franca de Xira (~22 km),38.894519,-9.030542,2.624,Alverca / Vila Franca (events: 2026)
B — Vila Franca de Xira → Azambuja (~28 km),39.058526,-8.882618,2.624,"Castanheira / Azambuja (events: 2022, 2026)"
A — Sacavém / Bobadela → Vila Franca de Xira (~22 km),38.809022,-9.093347,2.625,"Sacavém / Bobadela (events: 2008, 2014, 2026)"
A — Sacavém / Bobadela → Vila Franca de Xira (~22 km),38.895116,-9.031945,2.631,Alverca / Vila Franca (events: 2026)
A — Sacavém / Bobadela → Vila Franca de Xira (~22 km),38.825767,-9.086202,2.631,"Sacavém / Bobadela (events: 2008, 2014, 2026)"
B — Vila Franca de Xira → Azambuja (~28 km),39.045509,-8.909311,2.632,"Castanheira / Azambuja (events: 2022, 2026)"
A — Sacavém / Bobadela → Vila Franca de Xira (~22 km),38.873101,-9.047646,2.632,"Póvoa de Santa Iria (events: 2008, 2010, 2026)"
B — Vila Franca de Xira → Azambuja (~28 km),39.06215,-8.879383,2.632,"Castanheira / Azambuja (events: 2022, 2026)"
A — Sacavém / Bobadela → Vila Franca de Xira (~22 km),38.884716,-9.039594,2.632,"Póvoa de Santa Iria (events: 2008, 2010, 2026)"
A — Sacavém / Bobadela → Vila Franca de Xira (~22 km),38.811057,-9.089351,2.633,"Sacavém / Bobadela (events: 2008, 2014, 2026)"
A — Sacavém / Bobadela → Vila Franca de Xira (~22 km),38.825924,-9.086153,2.634,"Sacavém / Bobadela (events: 2008, 2014, 2026)"
B — Vila Franca de Xira → Azambuja (~28 km),39.042049,-8.897881,2.634,"Castanheira / Azambuja (events: 2022, 2026)"
B — Vila Franca de Xira → Azambuja (~28 km),39.063279,-8.877807,2.634,"Castanheira / Azambuja (events: 2022, 2026)"
A — Sacavém / Bobadela → Vila Franca de Xira (~22 km),38.827652,-9.086067,2.635,"Sacavém / Bobadela (events: 2008, 2014, 2026)"
A — Sacavém / Bobadela → Vila Franca de Xira (~22 km),38.884702,-9.039537,2.636,"Póvoa de Santa Iria (events: 2008, 2010, 2026)"
B — Vila Franca de Xira → Azambuja (~28 km),39.05094,-8.891666,2.637,"Castanheira / Azambuja (events: 2022, 2026)"
B — Vila Franca de Xira → Azambuja (~28 km),39.062012,-8.878776,2.638,"Castanheira / Azambuja (events: 2022, 2026)"
B — Vila Franca de Xira → Azambuja (~28 km),39.054917,-8.892173,2.641,"Castanheira / Azambuja (events: 2022, 2026)"
B — Vila Franca de Xira → Azambuja (~28 km),38.991572,-8.962481,2.642,"Castanheira / Azambuja (events: 2022, 2026)"
A — Sacavém / Bobadela → Vila Franca de Xira (~22 km),38.878761,-9.045966,2.643,"Póvoa de Santa Iria (events: 2008, 2010, 2026)"
B — Vila Franca de Xira → Azambuja (~28 km),39.062135,-8.879213,2.643,"Castanheira / Azambuja (events: 2022, 2026)"
A — Sacavém / Bobadela → Vila Franca de Xira (~22 km),38.8796,-9.039229,2.644,"Póvoa de Santa Iria (events: 2008, 2010, 2026)"
B — Vila Franca de Xira → Azambuja (~28 km),39.033788,-8.913346,2.645,"Castanheira / Azambuja (events: 2022, 2026)"
B — Vila Franca de Xira → Azambuja (~28 km),39.032753,-8.914543,2.645,"Castanheira / Azambuja (events: 2022, 2026)"
B — Vila Franca de Xira → Azambuja (~28 km),39.032503,-8.914966,2.646,"Castanheira / Azambuja (events: 2022, 2026)"
B — Vila Franca de Xira → Azambuja (~28 km),38.962455,-8.978258,2.646,Alverca / Vila Franca (events: 2026)
A — Sacavém / Bobadela → Vila Franca de Xira (~22 km),38.819949,-9.08626,2.648,"Sacavém / Bobadela (events: 2008, 2014, 2026)"
A — Sacavém / Bobadela → Vila Franca de Xira (~22 km),38.871872,-9.048052,2.648,"Póvoa de Santa Iria (events: 2008, 2010, 2026)"
B — Vila Franca de Xira → Azambuja (~28 km),39.026288,-8.939032,2.649,"Castanheira / Azambuja (events: 2022, 2026)"
B — Vila Franca de Xira → Azambuja (~28 km),39.046967,-8.89675,2.649,"Castanheira / Azambuja (events: 2022, 2026)"
A — Sacavém / Bobadela → Vila Franca de Xira (~22 km),38.84223,-9.072064,2.649,"Sacavém / Bobadela (events: 2008, 2014, 2026)"
B — Vila Franca de Xira → Azambuja (~28 km),39.073096,-8.856344,2.651,"Castanheira / Azambuja (events: 2022, 2026)"
B — Vila Franca de Xira → Azambuja (~28 km),38.971299,-8.969328,2.651,Alverca / Vila Franca (events: 2026)
A — Sacavém / Bobadela → Vila Franca de Xira (~22 km),38.881147,-9.047502,2.652,"Póvoa de Santa Iria (events: 2008, 2010, 2026)"
A — Sacavém / Bobadela → Vila Franca de Xira (~22 km),38.807705,-9.09406,2.652,"Sacavém / Bobadela (events: 2008, 2014, 2026)"
A — Sacavém / Bobadela → Vila Franca de Xira (~22 km),38.818689,-9.089316,2.653,"Sacavém / Bobadela (events: 2008, 2014, 2026)"
B — Vila Franca de Xira → Azambuja (~28 km),39.049775,-8.893906,2.654,"Castanheira / Azambuja (events: 2022, 2026)"
A — Sacavém / Bobadela → Vila Franca de Xira (~22 km),38.863156,-9.051154,2.654,"Póvoa de Santa Iria (events: 2008, 2010, 2026)"
B — Vila Franca de Xira → Azambuja (~28 km),39.033469,-8.93221,2.655,"Castanheira / Azambuja (events: 2022, 2026)"
A — Sacavém / Bobadela → Vila Franca de Xira (~22 km),38.840026,-9.0755,2.655,"Sacavém / Bobadela (events: 2008, 2014, 2026)"
A — Sacavém / Bobadela → Vila Franca de Xira (~22 km),38.809478,-9.093299,2.655,"Sacavém / Bobadela (events: 2008, 2014, 2026)"
A — Sacavém / Bobadela → Vila Franca de Xira (~22 km),38.850371,-9.070014,2.657,"Sacavém / Bobadela (events: 2008, 2014, 2026)"
B — Vila Franca de Xira → Azambuja (~28 km),39.049978,-8.901473,2.657,"Castanheira / Azambuja (events: 2022, 2026)"
B — Vila Franca de Xira → Azambuja (~28 km),39.045587,-8.894309,2.658,"Castanheira / Azambuja (events: 2022, 2026)"
A — Sacavém / Bobadela → Vila Franca de Xira (~22 km),38.817284,-9.088044,2.659,"Sacavém / Bobadela (events: 2008, 2014, 2026)"
B — Vila Franca de Xira → Azambuja (~28 km),39.055172,-8.891697,2.659,"Castanheira / Azambuja (events: 2022, 2026)"
B — Vila Franca de Xira → Azambuja (~28 km),39.047642,-8.8956,2.659,"Castanheira / Azambuja (events: 2022, 2026)"
B — Vila Franca de Xira → Azambuja (~28 km),38.958918,-8.981831,2.659,Alverca / Vila Franca (events: 2026)
A — Sacavém / Bobadela → Vila Franca de Xira (~22 km),38.860505,-9.060227,2.659,"Póvoa de Santa Iria (events: 2008, 2010, 2026)"
B — Vila Franca de Xira → Azambuja (~28 km),39.056094,-8.886295,2.66,"Castanheira / Azambuja (events: 2022, 2026)"
A — Sacavém / Bobadela → Vila Franca de Xira (~22 km),38.808092,-9.093767,2.66,"Sacavém / Bobadela (events: 2008, 2014, 2026)"
A — Sacavém / Bobadela → Vila Franca de Xira (~22 km),38.875491,-9.050453,2.662,"Póvoa de Santa Iria (events: 2008, 2010, 2026)"
B — Vila Franca de Xira → Azambuja (~28 km),38.996253,-8.958734,2.665,"Castanheira / Azambuja (events: 2022, 2026)"
A — Sacavém / Bobadela → Vila Franca de Xira (~22 km),38.839971,-9.07687,2.667,"Sacavém / Bobadela (events: 2008, 2014, 2026)"
B — Vila Franca de Xira → Azambuja (~28 km),39.062133,-8.879424,2.667,"Castanheira / Azambuja (events: 2022, 2026)"
A — Sacavém / Bobadela → Vila Franca de Xira (~22 km),38.815705,-9.08858,2.667,"Sacavém / Bobadela (events: 2008, 2014, 2026)"
B — Vila Franca de Xira → Azambuja (~28 km),39.049217,-8.893917,2.668,"Castanheira / Azambuja (events: 2022, 2026)"
B — Vila Franca de Xira → Azambuja (~28 km),39.034267,-8.90574,2.669,"Castanheira / Azambuja (events: 2022, 2026)"
B — Vila Franca de Xira → Azambuja (~28 km),39.038512,-8.901454,2.67,"Castanheira / Azambuja (events: 2022, 2026)"
B — Vila Franca de Xira → Azambuja (~28 km),39.052393,-8.890519,2.67,"Castanheira / Azambuja (events: 2022, 2026)"
B — Vila Franca de Xira → Azambuja (~28 km),39.045018,-8.900133,2.671,"Castanheira / Azambuja (events: 2022, 2026)"
B — Vila Franca de Xira → Azambuja (~28 km),39.058308,-8.882302,2.671,"Castanheira / Azambuja (events: 2022, 2026)"
B — Vila Franca de Xira → Azambuja (~28 km),39.034206,-8.930222,2.671,"Castanheira / Azambuja (events: 2022, 2026)"
B — Vila Franca de Xira → Azambuja (~28 km),39.041963,-8.902423,2.671,"Castanheira / Azambuja (events: 2022, 2026)"
A — Sacavém / Bobadela → Vila Franca de Xira (~22 km),38.885005,-9.039449,2.672,"Póvoa de Santa Iria (events: 2008, 2010, 2026)"
B — Vila Franca de Xira → Azambuja (~28 km),38.994525,-8.956567,2.674,"Castanheira / Azambuja (events: 2022, 2026)"
A — Sacavém / Bobadela → Vila Franca de Xira (~22 km),38.820894,-9.088032,2.676,"Sacavém / Bobadela (events: 2008, 2014, 2026)"
B — Vila Franca de Xira → Azambuja (~28 km),38.996092,-8.958991,2.677,"Castanheira / Azambuja (events: 2022, 2026)"
A — Sacavém / Bobadela → Vila Franca de Xira (~22 km),38.878822,-9.046004,2.678,"Póvoa de Santa Iria (events: 2008, 2010, 2026)"
A — Sacavém / Bobadela → Vila Franca de Xira (~22 km),38.876619,-9.044845,2.678,"Póvoa de Santa Iria (events: 2008, 2010, 2026)"
B — Vila Franca de Xira → Azambuja (~28 km),39.033433,-8.932335,2.68,"Castanheira / Azambuja (events: 2022, 2026)"
A — Sacavém / Bobadela → Vila Franca de Xira (~22 km),38.817495,-9.086479,2.68,"Sacavém / Bobadela (events: 2008, 2014, 2026)"
B — Vila Franca de Xira → Azambuja (~28 km),38.970945,-8.969685,2.68,Alverca / Vila Franca (events: 2026)
B — Vila Franca de Xira → Azambuja (~28 km),39.056034,-8.885103,2.68,"Castanheira / Azambuja (events: 2022, 2026)"
B — Vila Franca de Xira → Azambuja (~28 km),39.053599,-8.894842,2.681,"Castanheira / Azambuja (events: 2022, 2026)"
B — Vila Franca de Xira → Azambuja (~28 km),39.029414,-8.91933,2.681,"Castanheira / Azambuja (events: 2022, 2026)"
B — Vila Franca de Xira → Azambuja (~28 km),39.050836,-8.891506,2.682,"Castanheira / Azambuja (events: 2022, 2026)"
B — Vila Franca de Xira → Azambuja (~28 km),39.028848,-8.937161,2.683,"Castanheira / Azambuja (events: 2022, 2026)"
A — Sacavém / Bobadela → Vila Franca de Xira (~22 km),38.817935,-9.086362,2.684,"Sacavém / Bobadela (events: 2008, 2014, 2026)"
B — Vila Franca de Xira → Azambuja (~28 km),39.050066,-8.901229,2.684,"Castanheira / Azambuja (events: 2022, 2026)"
A — Sacavém / Bobadela → Vila Franca de Xira (~22 km),38.895561,-9.030256,2.685,Alverca / Vila Franca (events: 2026)
A — Sacavém / Bobadela → Vila Franca de Xira (~22 km),38.884989,-9.039144,2.687,"Póvoa de Santa Iria (events: 2008, 2010, 2026)"
B — Vila Franca de Xira → Azambuja (~28 km),38.961229,-8.982643,2.688,Alverca / Vila Franca (events: 2026)
A — Sacavém / Bobadela → Vila Franca de Xira (~22 km),38.9455,-8.993044,2.689,Alverca / Vila Franca (events: 2026)
B — Vila Franca de Xira → Azambuja (~28 km),39.060605,-8.881382,2.689,"Castanheira / Azambuja (events: 2022, 2026)"
A — Sacavém / Bobadela → Vila Franca de Xira (~22 km),38.817778,-9.086441,2.689,"Sacavém / Bobadela (events: 2008, 2014, 2026)"
B — Vila Franca de Xira → Azambuja (~28 km),39.05087,-8.892935,2.69,"Castanheira / Azambuja (events: 2022, 2026)"
A — Sacavém / Bobadela → Vila Franca de Xira (~22 km),38.884669,-9.039633,2.69,"Póvoa de Santa Iria (events: 2008, 2010, 2026)"
A — Sacavém / Bobadela → Vila Franca de Xira (~22 km),38.885029,-9.039499,2.691,"Póvoa de Santa Iria (events: 2008, 2010, 2026)"
B — Vila Franca de Xira → Azambuja (~28 km),39.04437,-8.899412,2.692,"Castanheira / Azambuja (events: 2022, 2026)"
B — Vila Franca de Xira → Azambuja (~28 km),39.027626,-8.937551,2.692,"Castanheira / Azambuja (events: 2022, 2026)"
A — Sacavém / Bobadela → Vila Franca de Xira (~22 km),38.830238,-9.082466,2.692,"Sacavém / Bobadela (events: 2008, 2014, 2026)"
B — Vila Franca de Xira → Azambuja (~28 km),39.062119,-8.879607,2.693,"Castanheira / Azambuja (events: 2022, 2026)"
B — Vila Franca de Xira → Azambuja (~28 km),39.054661,-8.89265,2.693,"Castanheira / Azambuja (events: 2022, 2026)"
A — Sacavém / Bobadela → Vila Franca de Xira (~22 km),38.884313,-9.039008,2.693,"Póvoa de Santa Iria (events: 2008, 2010, 2026)"
A — Sacavém / Bobadela → Vila Franca de Xira (~22 km),38.79592,-9.092216,2.694,"Sacavém / Bobadela (events: 2008, 2014, 2026)"
B — Vila Franca de Xira → Azambuja (~28 km),38.998168,-8.954613,2.695,"Castanheira / Azambuja (events: 2022, 2026)"
B — Vila Franca de Xira → Azambuja (~28 km),38.994861,-8.956183,2.695,"Castanheira / Azambuja (events: 2022, 2026)"
B — Vila Franca de Xira → Azambuja (~28 km),39.061432,-8.878535,2.696,"Castanheira / Azambuja (events: 2022, 2026)"
B — Vila Franca de Xira → Azambuja (~28 km),39.028273,-8.937343,2.699,"Castanheira / Azambuja (events: 2022, 2026)"
B — Vila Franca de Xira → Azambuja (~28 km),39.034458,-8.92989,2.699,"Castanheira / Azambuja (events: 2022, 2026)"
B — Vila Franca de Xira → Azambuja (~28 km),39.028018,-8.937266,2.7,"Castanheira / Azambuja (events: 2022, 2026)"
B — Vila Franca de Xira → Azambuja (~28 km),39.078229,-8.845451,2.701,"Castanheira / Azambuja (events: 2022, 2026)"
A — Sacavém / Bobadela → Vila Franca de Xira (~22 km),38.860742,-9.05561,2.701,"Póvoa de Santa Iria (events: 2008, 2010, 2026)"
B — Vila Franca de Xira → Azambuja (~28 km),39.05282,-8.890535,2.701,"Castanheira / Azambuja (events: 2022, 2026)"
B — Vila Franca de Xira → Azambuja (~28 km),38.964224,-8.976472,2.702,Alverca / Vila Franca (events: 2026)
B — Vila Franca de Xira → Azambuja (~28 km),39.0613,-8.880258,2.702,"Castanheira / Azambuja (events: 2022, 2026)"
A — Sacavém / Bobadela → Vila Franca de Xira (~22 km),38.808834,-9.093456,2.703,"Sacavém / Bobadela (events: 2008, 2014, 2026)"
A — Sacavém / Bobadela → Vila Franca de Xira (~22 km),38.879581,-9.044997,2.703,"Póvoa de Santa Iria (events: 2008, 2010, 2026)"
A — Sacavém / Bobadela → Vila Franca de Xira (~22 km),38.874511,-9.04292,2.703,"Póvoa de Santa Iria (events: 2008, 2010, 2026)"
A — Sacavém / Bobadela → Vila Franca de Xira (~22 km),38.873336,-9.043772,2.704,"Póvoa de Santa Iria (events: 2008, 2010, 2026)"
B — Vila Franca de Xira → Azambuja (~28 km),39.0255,-8.93959,2.704,"Castanheira / Azambuja (events: 2022, 2026)"
A — Sacavém / Bobadela → Vila Franca de Xira (~22 km),38.874345,-9.043655,2.704,"Póvoa de Santa Iria (events: 2008, 2010, 2026)"
B — Vila Franca de Xira → Azambuja (~28 km),39.015872,-8.924316,2.705,"Castanheira / Azambuja (events: 2022, 2026)"
B — Vila Franca de Xira → Azambuja (~28 km),39.045004,-8.898748,2.705,"Castanheira / Azambuja (events: 2022, 2026)"
A — Sacavém / Bobadela → Vila Franca de Xira (~22 km),38.885015,-9.03937,2.706,"Póvoa de Santa Iria (events: 2008, 2010, 2026)"
A — Sacavém / Bobadela → Vila Franca de Xira (~22 km),38.884591,-9.039414,2.707,"Póvoa de Santa Iria (events: 2008, 2010, 2026)"
B — Vila Franca de Xira → Azambuja (~28 km),39.037679,-8.902601,2.708,"Castanheira / Azambuja (events: 2022, 2026)"
B — Vila Franca de Xira → Azambuja (~28 km),38.995928,-8.959134,2.708,"Castanheira / Azambuja (events: 2022, 2026)"
B — Vila Franca de Xira → Azambuja (~28 km),39.050321,-8.900753,2.708,"Castanheira / Azambuja (events: 2022, 2026)"
B — Vila Franca de Xira → Azambuja (~28 km),39.033735,-8.913352,2.708,"Castanheira / Azambuja (events: 2022, 2026)"
A — Sacavém / Bobadela → Vila Franca de Xira (~22 km),38.852868,-9.065946,2.709,"Sacavém / Bobadela (events: 2008, 2014, 2026)"
B — Vila Franca de Xira → Azambuja (~28 km),38.960333,-8.980402,2.709,Alverca / Vila Franca (events: 2026)
B — Vila Franca de Xira → Azambuja (~28 km),39.057776,-8.884375,2.71,"Castanheira / Azambuja (events: 2022, 2026)"
B — Vila Franca de Xira → Azambuja (~28 km),38.988469,-8.963479,2.711,"Castanheira / Azambuja (events: 2022, 2026)"
A — Sacavém / Bobadela → Vila Franca de Xira (~22 km),38.884657,-9.039637,2.712,"Póvoa de Santa Iria (events: 2008, 2010, 2026)"
B — Vila Franca de Xira → Azambuja (~28 km),39.005675,-8.947129,2.715,"Castanheira / Azambuja (events: 2022, 2026)"
B — Vila Franca de Xira → Azambuja (~28 km),39.04311,-8.89681,2.715,"Castanheira / Azambuja (events: 2022, 2026)"
B — Vila Franca de Xira → Azambuja (~28 km),39.007221,-8.945498,2.716,"Castanheira / Azambuja (events: 2022, 2026)"
A — Sacavém / Bobadela → Vila Franca de Xira (~22 km),38.868146,-9.048344,2.719,"Póvoa de Santa Iria (events: 2008, 2010, 2026)"
B — Vila Franca de Xira → Azambuja (~28 km),39.033346,-8.932435,2.72,"Castanheira / Azambuja (events: 2022, 2026)"
B — Vila Franca de Xira → Azambuja (~28 km),38.984034,-8.956467,2.72,"Castanheira / Azambuja (events: 2022, 2026)"
B — Vila Franca de Xira → Azambuja (~28 km),39.061656,-8.880406,2.724,"Castanheira / Azambuja (events: 2022, 2026)"
A — Sacavém / Bobadela → Vila Franca de Xira (~22 km),38.885011,-9.039259,2.724,"Póvoa de Santa Iria (events: 2008, 2010, 2026)"
B — Vila Franca de Xira → Azambuja (~28 km),39.029045,-8.937078,2.725,"Castanheira / Azambuja (events: 2022, 2026)"
B — Vila Franca de Xira → Azambuja (~28 km),39.041342,-8.898596,2.725,"Castanheira / Azambuja (events: 2022, 2026)"
B — Vila Franca de Xira → Azambuja (~28 km),39.009038,-8.944515,2.725,"Castanheira / Azambuja (events: 2022, 2026)"
A — Sacavém / Bobadela → Vila Franca de Xira (~22 km),38.883604,-9.039719,2.726,"Póvoa de Santa Iria (events: 2008, 2010, 2026)"
B — Vila Franca de Xira → Azambuja (~28 km),39.044344,-8.899535,2.726,"Castanheira / Azambuja (events: 2022, 2026)"
B — Vila Franca de Xira → Azambuja (~28 km),38.997074,-8.957801,2.728,"Castanheira / Azambuja (events: 2022, 2026)"
A — Sacavém / Bobadela → Vila Franca de Xira (~22 km),38.876378,-9.048445,2.728,"Póvoa de Santa Iria (events: 2008, 2010, 2026)"
A — Sacavém / Bobadela → Vila Franca de Xira (~22 km),38.87646,-9.048521,2.728,"Póvoa de Santa Iria (events: 2008, 2010, 2026)"
B — Vila Franca de Xira → Azambuja (~28 km),39.03333,-8.932456,2.729,"Castanheira / Azambuja (events: 2022, 2026)"
A — Sacavém / Bobadela → Vila Franca de Xira (~22 km),38.875111,-9.05076,2.729,"Póvoa de Santa Iria (events: 2008, 2010, 2026)"
B — Vila Franca de Xira → Azambuja (~28 km),39.034463,-8.929747,2.731,"Castanheira / Azambuja (events: 2022, 2026)"
B — Vila Franca de Xira → Azambuja (~28 km),39.044338,-8.899509,2.731,"Castanheira / Azambuja (events: 2022, 2026)"
B — Vila Franca de Xira → Azambuja (~28 km),39.063305,-8.877007,2.732,"Castanheira / Azambuja (events: 2022, 2026)"
B — Vila Franca de Xira → Azambuja (~28 km),39.024886,-8.939544,2.733,"Castanheira / Azambuja (events: 2022, 2026)"
A — Sacavém / Bobadela → Vila Franca de Xira (~22 km),38.834182,-9.075403,2.733,"Sacavém / Bobadela (events: 2008, 2014, 2026)"
A — Sacavém / Bobadela → Vila Franca de Xira (~22 km),38.873197,-9.04762,2.733,"Póvoa de Santa Iria (events: 2008, 2010, 2026)"
A — Sacavém / Bobadela → Vila Franca de Xira (~22 km),38.819616,-9.089121,2.735,"Sacavém / Bobadela (events: 2008, 2014, 2026)"
B — Vila Franca de Xira → Azambuja (~28 km),39.05016,-8.900944,2.735,"Castanheira / Azambuja (events: 2022, 2026)"
A — Sacavém / Bobadela → Vila Franca de Xira (~22 km),38.885023,-9.0393,2.736,"Póvoa de Santa Iria (events: 2008, 2010, 2026)"
A — Sacavém / Bobadela → Vila Franca de Xira (~22 km),38.826803,-9.086072,2.738,"Sacavém / Bobadela (events: 2008, 2014, 2026)"
B — Vila Franca de Xira → Azambuja (~28 km),39.022593,-8.917529,2.739,"Castanheira / Azambuja (events: 2022, 2026)"
B — Vila Franca de Xira → Azambuja (~28 km),39.052721,-8.890334,2.739,"Castanheira / Azambuja (events: 2022, 2026)"
B — Vila Franca de Xira → Azambuja (~28 km),38.990048,-8.950394,2.74,"Castanheira / Azambuja (events: 2022, 2026)"
A — Sacavém / Bobadela → Vila Franca de Xira (~22 km),38.880107,-9.04568,2.74,"Póvoa de Santa Iria (events: 2008, 2010, 2026)"
B — Vila Franca de Xira → Azambuja (~28 km),38.992169,-8.959255,2.74,"Castanheira / Azambuja (events: 2022, 2026)"
B — Vila Franca de Xira → Azambuja (~28 km),39.050824,-8.891893,2.741,"Castanheira / Azambuja (events: 2022, 2026)"
B — Vila Franca de Xira → Azambuja (~28 km),39.050236,-8.900999,2.741,"Castanheira / Azambuja (events: 2022, 2026)"
B — Vila Franca de Xira → Azambuja (~28 km),39.06335,-8.876989,2.741,"Castanheira / Azambuja (events: 2022, 2026)"
B — Vila Franca de Xira → Azambuja (~28 km),38.996189,-8.956973,2.742,"Castanheira / Azambuja (events: 2022, 2026)"
A — Sacavém / Bobadela → Vila Franca de Xira (~22 km),38.854341,-9.067597,2.743,"Sacavém / Bobadela (events: 2008, 2014, 2026)"
B — Vila Franca de Xira → Azambuja (~28 km),39.06209,-8.88017,2.744,"Castanheira / Azambuja (events: 2022, 2026)"
B — Vila Franca de Xira → Azambuja (~28 km),39.062056,-8.880236,2.745,"Castanheira / Azambuja (events: 2022, 2026)"
B — Vila Franca de Xira → Azambuja (~28 km),39.050711,-8.892439,2.748,"Castanheira / Azambuja (events: 2022, 2026)"
B — Vila Franca de Xira → Azambuja (~28 km),39.050503,-8.892298,2.748,"Castanheira / Azambuja (events: 2022, 2026)"
B — Vila Franca de Xira → Azambuja (~28 km),39.031863,-8.914398,2.751,"Castanheira / Azambuja (events: 2022, 2026)"
A — Sacavém / Bobadela → Vila Franca de Xira (~22 km),38.80853,-9.093702,2.751,"Sacavém / Bobadela (events: 2008, 2014, 2026)"
A — Sacavém / Bobadela → Vila Franca de Xira (~22 km),38.88057,-9.042319,2.752,"Póvoa de Santa Iria (events: 2008, 2010, 2026)"
B — Vila Franca de Xira → Azambuja (~28 km),39.028764,-8.92013,2.753,"Castanheira / Azambuja (events: 2022, 2026)"
A — Sacavém / Bobadela → Vila Franca de Xira (~22 km),38.83557,-9.079771,2.753,"Sacavém / Bobadela (events: 2008, 2014, 2026)"
B — Vila Franca de Xira → Azambuja (~28 km),39.052393,-8.890731,2.754,"Castanheira / Azambuja (events: 2022, 2026)"
B — Vila Franca de Xira → Azambuja (~28 km),39.031992,-8.914716,2.754,"Castanheira / Azambuja (events: 2022, 2026)"
B — Vila Franca de Xira → Azambuja (~28 km),39.05217,-8.891335,2.755,"Castanheira / Azambuja (events: 2022, 2026)"
B — Vila Franca de Xira → Azambuja (~28 km),39.057718,-8.88298,2.755,"Castanheira / Azambuja (events: 2022, 2026)"
B — Vila Franca de Xira → Azambuja (~28 km),39.049618,-8.901707,2.758,"Castanheira / Azambuja (events: 2022, 2026)"
A — Sacavém / Bobadela → Vila Franca de Xira (~22 km),38.826368,-9.08622,2.758,"Sacavém / Bobadela (events: 2008, 2014, 2026)"
B — Vila Franca de Xira → Azambuja (~28 km),39.042331,-8.898046,2.759,"Castanheira / Azambuja (events: 2022, 2026)"
A — Sacavém / Bobadela → Vila Franca de Xira (~22 km),38.885051,-9.039364,2.759,"Póvoa de Santa Iria (events: 2008, 2010, 2026)"
A — Sacavém / Bobadela → Vila Franca de Xira (~22 km),38.80895,-9.093497,2.761,"Sacavém / Bobadela (events: 2008, 2014, 2026)"
A — Sacavém / Bobadela → Vila Franca de Xira (~22 km),38.884705,-9.039733,2.761,"Póvoa de Santa Iria (events: 2008, 2010, 2026)"
B — Vila Franca de Xira → Azambuja (~28 km),39.008934,-8.944525,2.761,"Castanheira / Azambuja (events: 2022, 2026)"
A — Sacavém / Bobadela → Vila Franca de Xira (~22 km),38.87722,-9.0473,2.763,"Póvoa de Santa Iria (events: 2008, 2010, 2026)"
B — Vila Franca de Xira → Azambuja (~28 km),38.996849,-8.956187,2.763,"Castanheira / Azambuja (events: 2022, 2026)"
B — Vila Franca de Xira → Azambuja (~28 km),39.056396,-8.886136,2.764,"Castanheira / Azambuja (events: 2022, 2026)"
B — Vila Franca de Xira → Azambuja (~28 km),39.026879,-8.938557,2.766,"Castanheira / Azambuja (events: 2022, 2026)"
A — Sacavém / Bobadela → Vila Franca de Xira (~22 km),38.839011,-9.074126,2.766,"Sacavém / Bobadela (events: 2008, 2014, 2026)"
B — Vila Franca de Xira → Azambuja (~28 km),38.998852,-8.955533,2.766,"Castanheira / Azambuja (events: 2022, 2026)"
B — Vila Franca de Xira → Azambuja (~28 km),39.050757,-8.892715,2.767,"Castanheira / Azambuja (events: 2022, 2026)"
B — Vila Franca de Xira → Azambuja (~28 km),39.049365,-8.893975,2.767,"Castanheira / Azambuja (events: 2022, 2026)"
B — Vila Franca de Xira → Azambuja (~28 km),38.990755,-8.94968,2.767,"Castanheira / Azambuja (events: 2022, 2026)"
B — Vila Franca de Xira → Azambuja (~28 km),39.028409,-8.936982,2.769,"Castanheira / Azambuja (events: 2022, 2026)"
B — Vila Franca de Xira → Azambuja (~28 km),39.00652,-8.944766,2.769,"Castanheira / Azambuja (events: 2022, 2026)"
B — Vila Franca de Xira → Azambuja (~28 km),39.041973,-8.898397,2.769,"Castanheira / Azambuja (events: 2022, 2026)"
A — Sacavém / Bobadela → Vila Franca de Xira (~22 km),38.818695,-9.089343,2.769,"Sacavém / Bobadela (events: 2008, 2014, 2026)"
B — Vila Franca de Xira → Azambuja (~28 km),39.047355,-8.892523,2.769,"Castanheira / Azambuja (events: 2022, 2026)"
B — Vila Franca de Xira → Azambuja (~28 km),39.025131,-8.939597,2.77,"Castanheira / Azambuja (events: 2022, 2026)"
A — Sacavém / Bobadela → Vila Franca de Xira (~22 km),38.808629,-9.093627,2.772,"Sacavém / Bobadela (events: 2008, 2014, 2026)"
B — Vila Franca de Xira → Azambuja (~28 km),38.973775,-8.966827,2.772,Alverca / Vila Franca (events: 2026)
B — Vila Franca de Xira → Azambuja (~28 km),38.967901,-8.970925,2.773,Alverca / Vila Franca (events: 2026)
B — Vila Franca de Xira → Azambuja (~28 km),39.072862,-8.856839,2.775,"Castanheira / Azambuja (events: 2022, 2026)"
A — Sacavém / Bobadela → Vila Franca de Xira (~22 km),38.827928,-9.083579,2.776,"Sacavém / Bobadela (events: 2008, 2014, 2026)"
B — Vila Franca de Xira → Azambuja (~28 km),39.024494,-8.939828,2.777,"Castanheira / Azambuja (events: 2022, 2026)"
B — Vila Franca de Xira → Azambuja (~28 km),39.03364,-8.914131,2.778,"Castanheira / Azambuja (events: 2022, 2026)"
B — Vila Franca de Xira → Azambuja (~28 km),39.044318,-8.899735,2.78,"Castanheira / Azambuja (events: 2022, 2026)"
B — Vila Franca de Xira → Azambuja (~28 km),39.050511,-8.891906,2.781,"Castanheira / Azambuja (events: 2022, 2026)"
A — Sacavém / Bobadela → Vila Franca de Xira (~22 km),38.820736,-9.088227,2.783,"Sacavém / Bobadela (events: 2008, 2014, 2026)"
B — Vila Franca de Xira → Azambuja (~28 km),39.048961,-8.894027,2.784,"Castanheira / Azambuja (events: 2022, 2026)"
B — Vila Franca de Xira → Azambuja (~28 km),39.047587,-8.895507,2.785,"Castanheira / Azambuja (events: 2022, 2026)"
B — Vila Franca de Xira → Azambuja (~28 km),39.06336,-8.876961,2.785,"Castanheira / Azambuja (events: 2022, 2026)"
A — Sacavém / Bobadela → Vila Franca de Xira (~22 km),38.876642,-9.044813,2.786,"Póvoa de Santa Iria (events: 2008, 2010, 2026)"
B — Vila Franca de Xira → Azambuja (~28 km),38.96002,-8.983412,2.786,Alverca / Vila Franca (events: 2026)
A — Sacavém / Bobadela → Vila Franca de Xira (~22 km),38.852721,-9.066011,2.787,"Sacavém / Bobadela (events: 2008, 2014, 2026)"
B — Vila Franca de Xira → Azambuja (~28 km),39.028825,-8.919305,2.788,"Castanheira / Azambuja (events: 2022, 2026)"
B — Vila Franca de Xira → Azambuja (~28 km),39.044988,-8.898709,2.789,"Castanheira / Azambuja (events: 2022, 2026)"
A — Sacavém / Bobadela → Vila Franca de Xira (~22 km),38.80848,-9.093474,2.789,"Sacavém / Bobadela (events: 2008, 2014, 2026)"
B — Vila Franca de Xira → Azambuja (~28 km),39.024103,-8.940113,2.79,"Castanheira / Azambuja (events: 2022, 2026)"
B — Vila Franca de Xira → Azambuja (~28 km),39.062976,-8.876994,2.79,"Castanheira / Azambuja (events: 2022, 2026)"
B — Vila Franca de Xira → Azambuja (~28 km),39.056219,-8.885214,2.791,"Castanheira / Azambuja (events: 2022, 2026)"
B — Vila Franca de Xira → Azambuja (~28 km),39.0342,-8.930364,2.792,"Castanheira / Azambuja (events: 2022, 2026)"
A — Sacavém / Bobadela → Vila Franca de Xira (~22 km),38.825052,-9.086442,2.793,"Sacavém / Bobadela (events: 2008, 2014, 2026)"
A — Sacavém / Bobadela → Vila Franca de Xira (~22 km),38.828931,-9.085517,2.794,"Sacavém / Bobadela (events: 2008, 2014, 2026)"
B — Vila Franca de Xira → Azambuja (~28 km),39.04547,-8.909809,2.795,"Castanheira / Azambuja (events: 2022, 2026)"
B — Vila Franca de Xira → Azambuja (~28 km),39.038931,-8.90687,2.795,"Castanheira / Azambuja (events: 2022, 2026)"
B — Vila Franca de Xira → Azambuja (~28 km),39.033627,-8.932021,2.795,"Castanheira / Azambuja (events: 2022, 2026)"
A — Sacavém / Bobadela → Vila Franca de Xira (~22 km),38.842784,-9.07229,2.795,"Sacavém / Bobadela (events: 2008, 2014, 2026)"
A — Sacavém / Bobadela → Vila Franca de Xira (~22 km),38.881526,-9.047192,2.796,"Póvoa de Santa Iria (events: 2008, 2010, 2026)"
B — Vila Franca de Xira → Azambuja (~28 km),39.028324,-8.920228,2.797,"Castanheira / Azambuja (events: 2022, 2026)"
B — Vila Franca de Xira → Azambuja (~28 km),38.999177,-8.955133,2.797,"Castanheira / Azambuja (events: 2022, 2026)"
A — Sacavém / Bobadela → Vila Franca de Xira (~22 km),38.870679,-9.048862,2.797,"Póvoa de Santa Iria (events: 2008, 2010, 2026)"
A — Sacavém / Bobadela → Vila Franca de Xira (~22 km),38.876419,-9.048424,2.797,"Póvoa de Santa Iria (events: 2008, 2010, 2026)"
B — Vila Franca de Xira → Azambuja (~28 km),39.045214,-8.910285,2.798,"Castanheira / Azambuja (events: 2022, 2026)"
A — Sacavém / Bobadela → Vila Franca de Xira (~22 km),38.89598,-9.029194,2.8,Alverca / Vila Franca (events: 2026)
A — Sacavém / Bobadela → Vila Franca de Xira (~22 km),38.853036,-9.059773,2.8,"Sacavém / Bobadela (events: 2008, 2014, 2026)"
A — Sacavém / Bobadela → Vila Franca de Xira (~22 km),38.866209,-9.049809,2.802,"Póvoa de Santa Iria (events: 2008, 2010, 2026)"
B — Vila Franca de Xira → Azambuja (~28 km),39.061825,-8.878684,2.804,"Castanheira / Azambuja (events: 2022, 2026)"
A — Sacavém / Bobadela → Vila Franca de Xira (~22 km),38.885047,-9.039166,2.804,"Póvoa de Santa Iria (events: 2008, 2010, 2026)"
B — Vila Franca de Xira → Azambuja (~28 km),39.012895,-8.939658,2.804,"Castanheira / Azambuja (events: 2022, 2026)"
B — Vila Franca de Xira → Azambuja (~28 km),38.985435,-8.953757,2.806,"Castanheira / Azambuja (events: 2022, 2026)"
A — Sacavém / Bobadela → Vila Franca de Xira (~22 km),38.798562,-9.091513,2.807,"Sacavém / Bobadela (events: 2008, 2014, 2026)"
A — Sacavém / Bobadela → Vila Franca de Xira (~22 km),38.878765,-9.04607,2.81,"Póvoa de Santa Iria (events: 2008, 2010, 2026)"
B — Vila Franca de Xira → Azambuja (~28 km),39.016579,-8.923602,2.811,"Castanheira / Azambuja (events: 2022, 2026)"
B — Vila Franca de Xira → Azambuja (~28 km),39.033601,-8.931958,2.812,"Castanheira / Azambuja (events: 2022, 2026)"
B — Vila Franca de Xira → Azambuja (~28 km),39.049894,-8.894134,2.812,"Castanheira / Azambuja (events: 2022, 2026)"
B — Vila Franca de Xira → Azambuja (~28 km),39.047341,-8.893141,2.812,"Castanheira / Azambuja (events: 2022, 2026)"
B — Vila Franca de Xira → Azambuja (~28 km),38.976131,-8.962866,2.813,Alverca / Vila Franca (events: 2026)
B — Vila Franca de Xira → Azambuja (~28 km),39.05273,-8.890135,2.813,"Castanheira / Azambuja (events: 2022, 2026)"
B — Vila Franca de Xira → Azambuja (~28 km),39.060798,-8.878948,2.814,"Castanheira / Azambuja (events: 2022, 2026)"
A — Sacavém / Bobadela → Vila Franca de Xira (~22 km),38.816461,-9.086507,2.815,"Sacavém / Bobadela (events: 2008, 2014, 2026)"
B — Vila Franca de Xira → Azambuja (~28 km),39.050611,-8.89206,2.815,"Castanheira / Azambuja (events: 2022, 2026)"
B — Vila Franca de Xira → Azambuja (~28 km),38.998527,-8.955933,2.816,"Castanheira / Azambuja (events: 2022, 2026)"
B — Vila Franca de Xira → Azambuja (~28 km),38.971837,-8.967071,2.818,Alverca / Vila Franca (events: 2026)
B — Vila Franca de Xira → Azambuja (~28 km),38.967761,-8.9729,2.818,Alverca / Vila Franca (events: 2026)
A — Sacavém / Bobadela → Vila Franca de Xira (~22 km),38.854198,-9.058894,2.818,"Sacavém / Bobadela (events: 2008, 2014, 2026)"
B — Vila Franca de Xira → Azambuja (~28 km),39.055325,-8.886226,2.819,"Castanheira / Azambuja (events: 2022, 2026)"
A — Sacavém / Bobadela → Vila Franca de Xira (~22 km),38.817063,-9.087871,2.819,"Sacavém / Bobadela (events: 2008, 2014, 2026)"
B — Vila Franca de Xira → Azambuja (~28 km),39.052823,-8.896263,2.82,"Castanheira / Azambuja (events: 2022, 2026)"
A — Sacavém / Bobadela → Vila Franca de Xira (~22 km),38.885061,-9.039222,2.82,"Póvoa de Santa Iria (events: 2008, 2010, 2026)"
B — Vila Franca de Xira → Azambuja (~28 km),39.073796,-8.854858,2.821,"Castanheira / Azambuja (events: 2022, 2026)"
B — Vila Franca de Xira → Azambuja (~28 km),39.062718,-8.876916,2.821,"Castanheira / Azambuja (events: 2022, 2026)"
A — Sacavém / Bobadela → Vila Franca de Xira (~22 km),38.808636,-9.093705,2.821,"Sacavém / Bobadela (events: 2008, 2014, 2026)"
A — Sacavém / Bobadela → Vila Franca de Xira (~22 km),38.876162,-9.047185,2.822,"Póvoa de Santa Iria (events: 2008, 2010, 2026)"
A — Sacavém / Bobadela → Vila Franca de Xira (~22 km),38.884668,-9.039737,2.822,"Póvoa de Santa Iria (events: 2008, 2010, 2026)"
B — Vila Franca de Xira → Azambuja (~28 km),39.050623,-8.891919,2.822,"Castanheira / Azambuja (events: 2022, 2026)"
A — Sacavém / Bobadela → Vila Franca de Xira (~22 km),38.809899,-9.093096,2.822,"Sacavém / Bobadela (events: 2008, 2014, 2026)"
A — Sacavém / Bobadela → Vila Franca de Xira (~22 km),38.841643,-9.073215,2.824,"Sacavém / Bobadela (events: 2008, 2014, 2026)"
B — Vila Franca de Xira → Azambuja (~28 km),39.032824,-8.914561,2.824,"Castanheira / Azambuja (events: 2022, 2026)"
B — Vila Franca de Xira → Azambuja (~28 km),39.050132,-8.900756,2.824,"Castanheira / Azambuja (events: 2022, 2026)"
B — Vila Franca de Xira → Azambuja (~28 km),39.063034,-8.878293,2.824,"Castanheira / Azambuja (events: 2022, 2026)"
B — Vila Franca de Xira → Azambuja (~28 km),39.043377,-8.915161,2.824,"Castanheira / Azambuja (events: 2022, 2026)"
A — Sacavém / Bobadela → Vila Franca de Xira (~22 km),38.868246,-9.047463,2.825,"Póvoa de Santa Iria (events: 2008, 2010, 2026)"
B — Vila Franca de Xira → Azambuja (~28 km),39.050495,-8.900526,2.825,"Castanheira / Azambuja (events: 2022, 2026)"
A — Sacavém / Bobadela → Vila Franca de Xira (~22 km),38.839742,-9.07521,2.826,"Sacavém / Bobadela (events: 2008, 2014, 2026)"
B — Vila Franca de Xira → Azambuja (~28 km),39.061846,-8.880655,2.827,"Castanheira / Azambuja (events: 2022, 2026)"
A — Sacavém / Bobadela → Vila Franca de Xira (~22 km),38.830538,-9.082497,2.828,"Sacavém / Bobadela (events: 2008, 2014, 2026)"
B — Vila Franca de Xira → Azambuja (~28 km),39.056767,-8.885527,2.828,"Castanheira / Azambuja (events: 2022, 2026)"
B — Vila Franca de Xira → Azambuja (~28 km),39.043464,-8.896452,2.828,"Castanheira / Azambuja (events: 2022, 2026)"
B — Vila Franca de Xira → Azambuja (~28 km),38.998621,-8.954231,2.829,"Castanheira / Azambuja (events: 2022, 2026)"
B — Vila Franca de Xira → Azambuja (~28 km),39.059795,-8.882071,2.829,"Castanheira / Azambuja (events: 2022, 2026)"
A — Sacavém / Bobadela → Vila Franca de Xira (~22 km),38.808432,-9.093714,2.831,"Sacavém / Bobadela (events: 2008, 2014, 2026)"
B — Vila Franca de Xira → Azambuja (~28 km),39.006414,-8.944778,2.832,"Castanheira / Azambuja (events: 2022, 2026)"
B — Vila Franca de Xira → Azambuja (~28 km),38.996975,-8.956203,2.832,"Castanheira / Azambuja (events: 2022, 2026)"
B — Vila Franca de Xira → Azambuja (~28 km),39.028651,-8.937357,2.834,"Castanheira / Azambuja (events: 2022, 2026)"
B — Vila Franca de Xira → Azambuja (~28 km),39.052495,-8.890935,2.834,"Castanheira / Azambuja (events: 2022, 2026)"
B — Vila Franca de Xira → Azambuja (~28 km),39.038753,-8.90155,2.834,"Castanheira / Azambuja (events: 2022, 2026)"
B — Vila Franca de Xira → Azambuja (~28 km),39.04412,-8.896295,2.834,"Castanheira / Azambuja (events: 2022, 2026)"
B — Vila Franca de Xira → Azambuja (~28 km),39.044396,-8.899989,2.835,"Castanheira / Azambuja (events: 2022, 2026)"
B — Vila Franca de Xira → Azambuja (~28 km),38.974129,-8.96647,2.835,Alverca / Vila Franca (events: 2026)
A — Sacavém / Bobadela → Vila Franca de Xira (~22 km),38.861792,-9.056871,2.835,"Póvoa de Santa Iria (events: 2008, 2010, 2026)"
A — Sacavém / Bobadela → Vila Franca de Xira (~22 km),38.841972,-9.074053,2.835,"Sacavém / Bobadela (events: 2008, 2014, 2026)"
B — Vila Franca de Xira → Azambuja (~28 km),39.041615,-8.898747,2.836,"Castanheira / Azambuja (events: 2022, 2026)"
B — Vila Franca de Xira → Azambuja (~28 km),39.033889,-8.911639,2.837,"Castanheira / Azambuja (events: 2022, 2026)"
B — Vila Franca de Xira → Azambuja (~28 km),39.025303,-8.939674,2.838,"Castanheira / Azambuja (events: 2022, 2026)"
B — Vila Franca de Xira → Azambuja (~28 km),38.972515,-8.975463,2.84,Alverca / Vila Franca (events: 2026)
A — Sacavém / Bobadela → Vila Franca de Xira (~22 km),38.809057,-9.093502,2.841,"Sacavém / Bobadela (events: 2008, 2014, 2026)"
B — Vila Franca de Xira → Azambuja (~28 km),39.079629,-8.84248,2.843,"Castanheira / Azambuja (events: 2022, 2026)"
B — Vila Franca de Xira → Azambuja (~28 km),39.029242,-8.936881,2.843,"Castanheira / Azambuja (events: 2022, 2026)"
A — Sacavém / Bobadela → Vila Franca de Xira (~22 km),38.807691,-9.094118,2.844,"Sacavém / Bobadela (events: 2008, 2014, 2026)"
A — Sacavém / Bobadela → Vila Franca de Xira (~22 km),38.877032,-9.044842,2.844,"Póvoa de Santa Iria (events: 2008, 2010, 2026)"
B — Vila Franca de Xira → Azambuja (~28 km),38.981558,-8.958968,2.845,"Castanheira / Azambuja (events: 2022, 2026)"
B — Vila Franca de Xira → Azambuja (~28 km),39.039492,-8.906932,2.847,"Castanheira / Azambuja (events: 2022, 2026)"
B — Vila Franca de Xira → Azambuja (~28 km),39.061948,-8.878895,2.847,"Castanheira / Azambuja (events: 2022, 2026)"
B — Vila Franca de Xira → Azambuja (~28 km),39.02788,-8.937625,2.848,"Castanheira / Azambuja (events: 2022, 2026)"
B — Vila Franca de Xira → Azambuja (~28 km),38.972714,-8.967899,2.849,Alverca / Vila Franca (events: 2026)
A — Sacavém / Bobadela → Vila Franca de Xira (~22 km),38.804697,-9.09367,2.849,"Sacavém / Bobadela (events: 2008, 2014, 2026)"
B — Vila Franca de Xira → Azambuja (~28 km),39.006191,-8.94516,2.85,"Castanheira / Azambuja (events: 2022, 2026)"
B — Vila Franca de Xira → Azambuja (~28 km),39.006334,-8.947725,2.85,"Castanheira / Azambuja (events: 2022, 2026)"
B — Vila Franca de Xira → Azambuja (~28 km),39.063069,-8.878226,2.85,"Castanheira / Azambuja (events: 2022, 2026)"
B — Vila Franca de Xira → Azambuja (~28 km),39.034291,-8.913331,2.854,"Castanheira / Azambuja (events: 2022, 2026)"
B — Vila Franca de Xira → Azambuja (~28 km),38.980979,-8.970078,2.855,"Castanheira / Azambuja (events: 2022, 2026)"
B — Vila Franca de Xira → Azambuja (~28 km),38.959979,-8.980759,2.855,Alverca / Vila Franca (events: 2026)
B — Vila Franca de Xira → Azambuja (~28 km),39.060583,-8.879501,2.856,"Castanheira / Azambuja (events: 2022, 2026)"
B — Vila Franca de Xira → Azambuja (~28 km),39.04981,-8.901706,2.858,"Castanheira / Azambuja (events: 2022, 2026)"
A — Sacavém / Bobadela → Vila Franca de Xira (~22 km),38.879724,-9.045083,2.858,"Póvoa de Santa Iria (events: 2008, 2010, 2026)"
A — Sacavém / Bobadela → Vila Franca de Xira (~22 km),38.875891,-9.047722,2.859,"Póvoa de Santa Iria (events: 2008, 2010, 2026)"
A — Sacavém / Bobadela → Vila Franca de Xira (~22 km),38.834382,-9.078203,2.859,"Sacavém / Bobadela (events: 2008, 2014, 2026)"
A — Sacavém / Bobadela → Vila Franca de Xira (~22 km),38.877575,-9.046945,2.859,"Póvoa de Santa Iria (events: 2008, 2010, 2026)"
A — Sacavém / Bobadela → Vila Franca de Xira (~22 km),38.80811,-9.093909,2.86,"Sacavém / Bobadela (events: 2008, 2014, 2026)"
B — Vila Franca de Xira → Azambuja (~28 km),39.033767,-8.932441,2.86,"Castanheira / Azambuja (events: 2022, 2026)"
A — Sacavém / Bobadela → Vila Franca de Xira (~22 km),38.879544,-9.044353,2.86,"Póvoa de Santa Iria (events: 2008, 2010, 2026)"
A — Sacavém / Bobadela → Vila Franca de Xira (~22 km),38.863374,-9.058129,2.861,"Póvoa de Santa Iria (events: 2008, 2010, 2026)"
A — Sacavém / Bobadela → Vila Franca de Xira (~22 km),38.817686,-9.087786,2.862,"Sacavém / Bobadela (events: 2008, 2014, 2026)"
A — Sacavém / Bobadela → Vila Franca de Xira (~22 km),38.8201,-9.08624,2.862,"Sacavém / Bobadela (events: 2008, 2014, 2026)"
A — Sacavém / Bobadela → Vila Franca de Xira (~22 km),38.826443,-9.086208,2.862,"Sacavém / Bobadela (events: 2008, 2014, 2026)"
B — Vila Franca de Xira → Azambuja (~28 km),38.998207,-8.957723,2.864,"Castanheira / Azambuja (events: 2022, 2026)"
A — Sacavém / Bobadela → Vila Franca de Xira (~22 km),38.873064,-9.047242,2.865,"Póvoa de Santa Iria (events: 2008, 2010, 2026)"
B — Vila Franca de Xira → Azambuja (~28 km),38.999038,-8.95542,2.866,"Castanheira / Azambuja (events: 2022, 2026)"
B — Vila Franca de Xira → Azambuja (~28 km),39.042573,-8.902637,2.867,"Castanheira / Azambuja (events: 2022, 2026)"
B — Vila Franca de Xira → Azambuja (~28 km),39.045328,-8.898583,2.869,"Castanheira / Azambuja (events: 2022, 2026)"
A — Sacavém / Bobadela → Vila Franca de Xira (~22 km),38.877039,-9.044543,2.871,"Póvoa de Santa Iria (events: 2008, 2010, 2026)"
B — Vila Franca de Xira → Azambuja (~28 km),39.045574,-8.909533,2.871,"Castanheira / Azambuja (events: 2022, 2026)"
A — Sacavém / Bobadela → Vila Franca de Xira (~22 km),38.865434,-9.050395,2.872,"Póvoa de Santa Iria (events: 2008, 2010, 2026)"
B — Vila Franca de Xira → Azambuja (~28 km),39.033424,-8.931784,2.872,"Castanheira / Azambuja (events: 2022, 2026)"
B — Vila Franca de Xira → Azambuja (~28 km),39.040142,-8.906132,2.874,"Castanheira / Azambuja (events: 2022, 2026)"
B — Vila Franca de Xira → Azambuja (~28 km),39.038973,-8.907002,2.874,"Castanheira / Azambuja (events: 2022, 2026)"
B — Vila Franca de Xira → Azambuja (~28 km),38.975416,-8.963567,2.875,Alverca / Vila Franca (events: 2026)
A — Sacavém / Bobadela → Vila Franca de Xira (~22 km),38.885096,-9.039062,2.876,"Póvoa de Santa Iria (events: 2008, 2010, 2026)"
B — Vila Franca de Xira → Azambuja (~28 km),39.047699,-8.892791,2.876,"Castanheira / Azambuja (events: 2022, 2026)"
B — Vila Franca de Xira → Azambuja (~28 km),39.061811,-8.880722,2.877,"Castanheira / Azambuja (events: 2022, 2026)"
B — Vila Franca de Xira → Azambuja (~28 km),39.039627,-8.906209,2.877,"Castanheira / Azambuja (events: 2022, 2026)"
B — Vila Franca de Xira → Azambuja (~28 km),39.044043,-8.901333,2.877,"Castanheira / Azambuja (events: 2022, 2026)"
B — Vila Franca de Xira → Azambuja (~28 km),39.059922,-8.881603,2.878,"Castanheira / Azambuja (events: 2022, 2026)"
A — Sacavém / Bobadela → Vila Franca de Xira (~22 km),38.853588,-9.060469,2.879,"Sacavém / Bobadela (events: 2008, 2014, 2026)"
A — Sacavém / Bobadela → Vila Franca de Xira (~22 km),38.814467,-9.089848,2.879,"Sacavém / Bobadela (events: 2008, 2014, 2026)"
B — Vila Franca de Xira → Azambuja (~28 km),39.061232,-8.8787,2.88,"Castanheira / Azambuja (events: 2022, 2026)"
B — Vila Franca de Xira → Azambuja (~28 km),39.023136,-8.941265,2.881,"Castanheira / Azambuja (events: 2022, 2026)"
A — Sacavém / Bobadela → Vila Franca de Xira (~22 km),38.879706,-9.04363,2.882,"Póvoa de Santa Iria (events: 2008, 2010, 2026)"
A — Sacavém / Bobadela → Vila Franca de Xira (~22 km),38.808816,-9.092475,2.883,"Sacavém / Bobadela (events: 2008, 2014, 2026)"
B — Vila Franca de Xira → Azambuja (~28 km),39.005862,-8.945555,2.883,"Castanheira / Azambuja (events: 2022, 2026)"
B — Vila Franca de Xira → Azambuja (~28 km),39.03449,-8.930304,2.884,"Castanheira / Azambuja (events: 2022, 2026)"
A — Sacavém / Bobadela → Vila Franca de Xira (~22 km),38.807991,-9.092936,2.884,"Sacavém / Bobadela (events: 2008, 2014, 2026)"
B — Vila Franca de Xira → Azambuja (~28 km),39.047661,-8.895468,2.884,"Castanheira / Azambuja (events: 2022, 2026)"
B — Vila Franca de Xira → Azambuja (~28 km),39.063565,-8.87674,2.885,"Castanheira / Azambuja (events: 2022, 2026)"
A — Sacavém / Bobadela → Vila Franca de Xira (~22 km),38.799002,-9.091396,2.887,"Sacavém / Bobadela (events: 2008, 2014, 2026)"
B — Vila Franca de Xira → Azambuja (~28 km),39.045581,-8.909524,2.887,"Castanheira / Azambuja (events: 2022, 2026)"
B — Vila Franca de Xira → Azambuja (~28 km),39.048649,-8.894285,2.887,"Castanheira / Azambuja (events: 2022, 2026)"
B — Vila Franca de Xira → Azambuja (~28 km),38.971122,-8.967772,2.888,Alverca / Vila Franca (events: 2026)
B — Vila Franca de Xira → Azambuja (~28 km),39.028454,-8.93744,2.888,"Castanheira / Azambuja (events: 2022, 2026)"
A — Sacavém / Bobadela → Vila Franca de Xira (~22 km),38.879328,-9.046259,2.89,"Póvoa de Santa Iria (events: 2008, 2010, 2026)"
A — Sacavém / Bobadela → Vila Franca de Xira (~22 km),38.825935,-9.086375,2.891,"Sacavém / Bobadela (events: 2008, 2014, 2026)"
B — Vila Franca de Xira → Azambuja (~28 km),39.048561,-8.894307,2.891,"Castanheira / Azambuja (events: 2022, 2026)"
A — Sacavém / Bobadela → Vila Franca de Xira (~22 km),38.814133,-9.089702,2.892,"Sacavém / Bobadela (events: 2008, 2014, 2026)"
B — Vila Franca de Xira → Azambuja (~28 km),39.061418,-8.880897,2.892,"Castanheira / Azambuja (events: 2022, 2026)"
B — Vila Franca de Xira → Azambuja (~28 km),38.97148,-8.967421,2.892,Alverca / Vila Franca (events: 2026)
B — Vila Franca de Xira → Azambuja (~28 km),39.058997,-8.882936,2.893,"Castanheira / Azambuja (events: 2022, 2026)"
A — Sacavém / Bobadela → Vila Franca de Xira (~22 km),38.875807,-9.04754,2.894,"Póvoa de Santa Iria (events: 2008, 2010, 2026)"
B — Vila Franca de Xira → Azambuja (~28 km),39.033814,-8.9323,2.894,"Castanheira / Azambuja (events: 2022, 2026)"
B — Vila Franca de Xira → Azambuja (~28 km),39.03462,-8.930049,2.895,"Castanheira / Azambuja (events: 2022, 2026)"
B — Vila Franca de Xira → Azambuja (~28 km),39.055151,-8.892001,2.895,"Castanheira / Azambuja (events: 2022, 2026)"
A — Sacavém / Bobadela → Vila Franca de Xira (~22 km),38.816884,-9.087739,2.896,"Sacavém / Bobadela (events: 2008, 2014, 2026)"
B — Vila Franca de Xira → Azambuja (~28 km),38.986151,-8.953056,2.897,"Castanheira / Azambuja (events: 2022, 2026)"
B — Vila Franca de Xira → Azambuja (~28 km),38.998711,-8.955817,2.897,"Castanheira / Azambuja (events: 2022, 2026)"
B — Vila Franca de Xira → Azambuja (~28 km),39.006466,-8.947753,2.898,"Castanheira / Azambuja (events: 2022, 2026)"
A — Sacavém / Bobadela → Vila Franca de Xira (~22 km),38.814237,-9.087192,2.898,"Sacavém / Bobadela (events: 2008, 2014, 2026)"
A — Sacavém / Bobadela → Vila Franca de Xira (~22 km),38.873881,-9.050312,2.898,"Póvoa de Santa Iria (events: 2008, 2010, 2026)"
B — Vila Franca de Xira → Azambuja (~28 km),39.028114,-8.92093,2.9,"Castanheira / Azambuja (events: 2022, 2026)"
A — Sacavém / Bobadela → Vila Franca de Xira (~22 km),38.884502,-9.039515,2.901,"Póvoa de Santa Iria (events: 2008, 2010, 2026)"
B — Vila Franca de Xira → Azambuja (~28 km),39.002426,-8.951131,2.901,"Castanheira / Azambuja (events: 2022, 2026)"
B — Vila Franca de Xira → Azambuja (~28 km),39.056649,-8.885572,2.903,"Castanheira / Azambuja (events: 2022, 2026)"
A — Sacavém / Bobadela → Vila Franca de Xira (~22 km),38.812858,-9.090879,2.904,"Sacavém / Bobadela (events: 2008, 2014, 2026)"
B — Vila Franca de Xira → Azambuja (~28 km),38.992561,-8.961301,2.905,"Castanheira / Azambuja (events: 2022, 2026)"
B — Vila Franca de Xira → Azambuja (~28 km),39.080197,-8.844212,2.906,"Castanheira / Azambuja (events: 2022, 2026)"
A — Sacavém / Bobadela → Vila Franca de Xira (~22 km),38.828062,-9.08367,2.906,"Sacavém / Bobadela (events: 2008, 2014, 2026)"
B — Vila Franca de Xira → Azambuja (~28 km),39.024738,-8.939879,2.907,"Castanheira / Azambuja (events: 2022, 2026)"
B — Vila Franca de Xira → Azambuja (~28 km),39.005532,-8.945949,2.908,"Castanheira / Azambuja (events: 2022, 2026)"
A — Sacavém / Bobadela → Vila Franca de Xira (~22 km),38.820431,-9.085493,2.908,"Sacavém / Bobadela (events: 2008, 2014, 2026)"
A — Sacavém / Bobadela → Vila Franca de Xira (~22 km),38.863107,-9.059512,2.909,"Póvoa de Santa Iria (events: 2008, 2010, 2026)"
B — Vila Franca de Xira → Azambuja (~28 km),39.048269,-8.896134,2.909,"Castanheira / Azambuja (events: 2022, 2026)"
B — Vila Franca de Xira → Azambuja (~28 km),39.045063,-8.910472,2.909,"Castanheira / Azambuja (events: 2022, 2026)"
B — Vila Franca de Xira → Azambuja (~28 km),39.048138,-8.89589,2.911,"Castanheira / Azambuja (events: 2022, 2026)"
B — Vila Franca de Xira → Azambuja (~28 km),39.043108,-8.915625,2.912,"Castanheira / Azambuja (events: 2022, 2026)"
B — Vila Franca de Xira → Azambuja (~28 km),39.050414,-8.900467,2.912,"Castanheira / Azambuja (events: 2022, 2026)"
A — Sacavém / Bobadela → Vila Franca de Xira (~22 km),38.947088,-8.991958,2.914,Alverca / Vila Franca (events: 2026)
B — Vila Franca de Xira → Azambuja (~28 km),38.992696,-8.96133,2.914,"Castanheira / Azambuja (events: 2022, 2026)"
A — Sacavém / Bobadela → Vila Franca de Xira (~22 km),38.818064,-9.086898,2.916,"Sacavém / Bobadela (events: 2008, 2014, 2026)"
B — Vila Franca de Xira → Azambuja (~28 km),38.984719,-8.954457,2.917,"Castanheira / Azambuja (events: 2022, 2026)"
B — Vila Franca de Xira → Azambuja (~28 km),39.033702,-8.931871,2.917,"Castanheira / Azambuja (events: 2022, 2026)"
B — Vila Franca de Xira → Azambuja (~28 km),39.056721,-8.885736,2.918,"Castanheira / Azambuja (events: 2022, 2026)"
B — Vila Franca de Xira → Azambuja (~28 km),39.0611,-8.881107,2.92,"Castanheira / Azambuja (events: 2022, 2026)"
B — Vila Franca de Xira → Azambuja (~28 km),39.032181,-8.91537,2.92,"Castanheira / Azambuja (events: 2022, 2026)"
A — Sacavém / Bobadela → Vila Franca de Xira (~22 km),38.799442,-9.091279,2.921,"Sacavém / Bobadela (events: 2008, 2014, 2026)"
B — Vila Franca de Xira → Azambuja (~28 km),39.028842,-8.918025,2.922,"Castanheira / Azambuja (events: 2022, 2026)"
B — Vila Franca de Xira → Azambuja (~28 km),39.007299,-8.945129,2.922,"Castanheira / Azambuja (events: 2022, 2026)"
A — Sacavém / Bobadela → Vila Franca de Xira (~22 km),38.839878,-9.075556,2.924,"Sacavém / Bobadela (events: 2008, 2014, 2026)"
B — Vila Franca de Xira → Azambuja (~28 km),39.063428,-8.876845,2.924,"Castanheira / Azambuja (events: 2022, 2026)"
A — Sacavém / Bobadela → Vila Franca de Xira (~22 km),38.813045,-9.088001,2.925,"Sacavém / Bobadela (events: 2008, 2014, 2026)"
A — Sacavém / Bobadela → Vila Franca de Xira (~22 km),38.829757,-9.080054,2.925,"Sacavém / Bobadela (events: 2008, 2014, 2026)"
A — Sacavém / Bobadela → Vila Franca de Xira (~22 km),38.867072,-9.048315,2.925,"Póvoa de Santa Iria (events: 2008, 2010, 2026)"
A — Sacavém / Bobadela → Vila Franca de Xira (~22 km),38.876999,-9.044536,2.926,"Póvoa de Santa Iria (events: 2008, 2010, 2026)"
A — Sacavém / Bobadela → Vila Franca de Xira (~22 km),38.814413,-9.087299,2.927,"Sacavém / Bobadela (events: 2008, 2014, 2026)"
A — Sacavém / Bobadela → Vila Franca de Xira (~22 km),38.860914,-9.056338,2.927,"Póvoa de Santa Iria (events: 2008, 2010, 2026)"
B — Vila Franca de Xira → Azambuja (~28 km),39.026843,-8.93812,2.932,"Castanheira / Azambuja (events: 2022, 2026)"
A — Sacavém / Bobadela → Vila Franca de Xira (~22 km),38.811852,-9.088811,2.934,"Sacavém / Bobadela (events: 2008, 2014, 2026)"
A — Sacavém / Bobadela → Vila Franca de Xira (~22 km),38.884658,-9.039817,2.935,"Póvoa de Santa Iria (events: 2008, 2010, 2026)"
B — Vila Franca de Xira → Azambuja (~28 km),39.060835,-8.879864,2.935,"Castanheira / Azambuja (events: 2022, 2026)"
B — Vila Franca de Xira → Azambuja (~28 km),39.031337,-8.935252,2.936,"Castanheira / Azambuja (events: 2022, 2026)"
B — Vila Franca de Xira → Azambuja (~28 km),39.045065,-8.910487,2.937,"Castanheira / Azambuja (events: 2022, 2026)"
A — Sacavém / Bobadela → Vila Franca de Xira (~22 km),38.831015,-9.08279,2.938,"Sacavém / Bobadela (events: 2008, 2014, 2026)"
B — Vila Franca de Xira → Azambuja (~28 km),39.06313,-8.876932,2.94,"Castanheira / Azambuja (events: 2022, 2026)"
B — Vila Franca de Xira → Azambuja (~28 km),39.037802,-8.923568,2.941,"Castanheira / Azambuja (events: 2022, 2026)"
A — Sacavém / Bobadela → Vila Franca de Xira (~22 km),38.851561,-9.071701,2.941,"Sacavém / Bobadela (events: 2008, 2014, 2026)"
A — Sacavém / Bobadela → Vila Franca de Xira (~22 km),38.861537,-9.05507,2.942,"Póvoa de Santa Iria (events: 2008, 2010, 2026)"
B — Vila Franca de Xira → Azambuja (~28 km),39.044537,-8.900256,2.944,"Castanheira / Azambuja (events: 2022, 2026)"
A — Sacavém / Bobadela → Vila Franca de Xira (~22 km),38.820774,-9.0858,2.944,"Sacavém / Bobadela (events: 2008, 2014, 2026)"
B — Vila Franca de Xira → Azambuja (~28 km),38.965396,-8.973378,2.945,Alverca / Vila Franca (events: 2026)
B — Vila Franca de Xira → Azambuja (~28 km),39.044452,-8.913304,2.946,"Castanheira / Azambuja (events: 2022, 2026)"
B — Vila Franca de Xira → Azambuja (~28 km),39.032922,-8.932598,2.947,"Castanheira / Azambuja (events: 2022, 2026)"
B — Vila Franca de Xira → Azambuja (~28 km),39.02606,-8.93869,2.949,"Castanheira / Azambuja (events: 2022, 2026)"
B — Vila Franca de Xira → Azambuja (~28 km),39.045028,-8.898623,2.95,"Castanheira / Azambuja (events: 2022, 2026)"
A — Sacavém / Bobadela → Vila Franca de Xira (~22 km),38.860521,-9.056618,2.95,"Póvoa de Santa Iria (events: 2008, 2010, 2026)"
B — Vila Franca de Xira → Azambuja (~28 km),39.025106,-8.939869,2.95,"Castanheira / Azambuja (events: 2022, 2026)"
A — Sacavém / Bobadela → Vila Franca de Xira (~22 km),38.884674,-9.039854,2.951,"Póvoa de Santa Iria (events: 2008, 2010, 2026)"
B — Vila Franca de Xira → Azambuja (~28 km),39.042636,-8.901655,2.951,"Castanheira / Azambuja (events: 2022, 2026)"
B — Vila Franca de Xira → Azambuja (~28 km),39.032099,-8.915337,2.951,"Castanheira / Azambuja (events: 2022, 2026)"
B — Vila Franca de Xira → Azambuja (~28 km),39.024345,-8.94016,2.952,"Castanheira / Azambuja (events: 2022, 2026)"
B — Vila Franca de Xira → Azambuja (~28 km),38.973068,-8.967541,2.955,Alverca / Vila Franca (events: 2026)
B — Vila Franca de Xira → Azambuja (~28 km),39.063087,-8.876921,2.956,"Castanheira / Azambuja (events: 2022, 2026)"
B — Vila Franca de Xira → Azambuja (~28 km),39.03181,-8.914484,2.956,"Castanheira / Azambuja (events: 2022, 2026)"
A — Sacavém / Bobadela → Vila Franca de Xira (~22 km),38.818136,-9.089154,2.956,"Sacavém / Bobadela (events: 2008, 2014, 2026)"
B — Vila Franca de Xira → Azambuja (~28 km),39.033081,-8.914146,2.957,"Castanheira / Azambuja (events: 2022, 2026)"
B — Vila Franca de Xira → Azambuja (~28 km),39.072629,-8.857334,2.959,"Castanheira / Azambuja (events: 2022, 2026)"
B — Vila Franca de Xira → Azambuja (~28 km),39.041737,-8.902567,2.959,"Castanheira / Azambuja (events: 2022, 2026)"
A — Sacavém / Bobadela → Vila Franca de Xira (~22 km),38.828337,-9.084008,2.959,"Sacavém / Bobadela (events: 2008, 2014, 2026)"
B — Vila Franca de Xira → Azambuja (~28 km),39.023333,-8.941069,2.96,"Castanheira / Azambuja (events: 2022, 2026)"
B — Vila Franca de Xira → Azambuja (~28 km),39.005203,-8.946343,2.962,"Castanheira / Azambuja (events: 2022, 2026)"
B — Vila Franca de Xira → Azambuja (~28 km),38.981382,-8.969822,2.962,"Castanheira / Azambuja (events: 2022, 2026)"
A — Sacavém / Bobadela → Vila Franca de Xira (~22 km),38.798121,-9.09163,2.964,"Sacavém / Bobadela (events: 2008, 2014, 2026)"
A — Sacavém / Bobadela → Vila Franca de Xira (~22 km),38.876479,-9.048336,2.965,"Póvoa de Santa Iria (events: 2008, 2010, 2026)"
B — Vila Franca de Xira → Azambuja (~28 km),39.033027,-8.907156,2.965,"Castanheira / Azambuja (events: 2022, 2026)"
A — Sacavém / Bobadela → Vila Franca de Xira (~22 km),38.894363,-9.031053,2.966,Alverca / Vila Franca (events: 2026)
B — Vila Franca de Xira → Azambuja (~28 km),38.968115,-8.972543,2.967,Alverca / Vila Franca (events: 2026)
A — Sacavém / Bobadela → Vila Franca de Xira (~22 km),38.809738,-9.093271,2.967,"Sacavém / Bobadela (events: 2008, 2014, 2026)"
B — Vila Franca de Xira → Azambuja (~28 km),39.03745,-8.902525,2.968,"Castanheira / Azambuja (events: 2022, 2026)"
A — Sacavém / Bobadela → Vila Franca de Xira (~22 km),38.876257,-9.047385,2.968,"Póvoa de Santa Iria (events: 2008, 2010, 2026)"
B — Vila Franca de Xira → Azambuja (~28 km),38.99843,-8.957873,2.968,"Castanheira / Azambuja (events: 2022, 2026)"
A — Sacavém / Bobadela → Vila Franca de Xira (~22 km),38.825502,-9.086532,2.969,"Sacavém / Bobadela (events: 2008, 2014, 2026)"
B — Vila Franca de Xira → Azambuja (~28 km),39.044448,-8.911715,2.972,"Castanheira / Azambuja (events: 2022, 2026)"
A — Sacavém / Bobadela → Vila Franca de Xira (~22 km),38.89525,-9.029868,2.972,Alverca / Vila Franca (events: 2026)
A — Sacavém / Bobadela → Vila Franca de Xira (~22 km),38.834585,-9.076961,2.973,"Sacavém / Bobadela (events: 2008, 2014, 2026)"
A — Sacavém / Bobadela → Vila Franca de Xira (~22 km),38.847767,-9.073661,2.974,"Sacavém / Bobadela (events: 2008, 2014, 2026)"
A — Sacavém / Bobadela → Vila Franca de Xira (~22 km),38.826799,-9.086117,2.975,"Sacavém / Bobadela (events: 2008, 2014, 2026)"
A — Sacavém / Bobadela → Vila Franca de Xira (~22 km),38.867371,-9.04893,2.975,"Póvoa de Santa Iria (events: 2008, 2010, 2026)"
B — Vila Franca de Xira → Azambuja (~28 km),39.046279,-8.907885,2.976,"Castanheira / Azambuja (events: 2022, 2026)"
A — Sacavém / Bobadela → Vila Franca de Xira (~22 km),38.8617,-9.055777,2.976,"Póvoa de Santa Iria (events: 2008, 2010, 2026)"
B — Vila Franca de Xira → Azambuja (~28 km),39.061272,-8.880137,2.976,"Castanheira / Azambuja (events: 2022, 2026)"
A — Sacavém / Bobadela → Vila Franca de Xira (~22 km),38.873957,-9.043948,2.977,"Póvoa de Santa Iria (events: 2008, 2010, 2026)"
A — Sacavém / Bobadela → Vila Franca de Xira (~22 km),38.826364,-9.086265,2.979,"Sacavém / Bobadela (events: 2008, 2014, 2026)"
B — Vila Franca de Xira → Azambuja (~28 km),39.024909,-8.939953,2.98,"Castanheira / Azambuja (events: 2022, 2026)"
B — Vila Franca de Xira → Azambuja (~28 km),38.997787,-8.958682,2.981,"Castanheira / Azambuja (events: 2022, 2026)"
A — Sacavém / Bobadela → Vila Franca de Xira (~22 km),38.807796,-9.094119,2.982,"Sacavém / Bobadela (events: 2008, 2014, 2026)"
A — Sacavém / Bobadela → Vila Franca de Xira (~22 km),38.863555,-9.058405,2.982,"Póvoa de Santa Iria (events: 2008, 2010, 2026)"
A — Sacavém / Bobadela → Vila Franca de Xira (~22 km),38.820386,-9.08855,2.983,"Sacavém / Bobadela (events: 2008, 2014, 2026)"
A — Sacavém / Bobadela → Vila Franca de Xira (~22 km),38.820733,-9.088275,2.984,"Sacavém / Bobadela (events: 2008, 2014, 2026)"
B — Vila Franca de Xira → Azambuja (~28 km),38.998383,-8.956213,2.984,"Castanheira / Azambuja (events: 2022, 2026)"
B — Vila Franca de Xira → Azambuja (~28 km),39.033467,-8.913751,2.985,"Castanheira / Azambuja (events: 2022, 2026)"
B — Vila Franca de Xira → Azambuja (~28 km),39.033436,-8.931648,2.986,"Castanheira / Azambuja (events: 2022, 2026)"
A — Sacavém / Bobadela → Vila Franca de Xira (~22 km),38.863473,-9.059175,2.987,"Póvoa de Santa Iria (events: 2008, 2010, 2026)"
A — Sacavém / Bobadela → Vila Franca de Xira (~22 km),38.871474,-9.048322,2.989,"Póvoa de Santa Iria (events: 2008, 2010, 2026)"
B — Vila Franca de Xira → Azambuja (~28 km),39.034365,-8.930526,2.99,"Castanheira / Azambuja (events: 2022, 2026)"
A — Sacavém / Bobadela → Vila Franca de Xira (~22 km),38.878547,-9.04611,2.99,"Póvoa de Santa Iria (events: 2008, 2010, 2026)"
B — Vila Franca de Xira → Azambuja (~28 km),39.048896,-8.894322,2.991,"Castanheira / Azambuja (events: 2022, 2026)"
A — Sacavém / Bobadela → Vila Franca de Xira (~22 km),38.848132,-9.073324,2.992,"Sacavém / Bobadela (events: 2008, 2014, 2026)"
B — Vila Franca de Xira → Azambuja (~28 km),39.061874,-8.880092,2.992,"Castanheira / Azambuja (events: 2022, 2026)"
A — Sacavém / Bobadela → Vila Franca de Xira (~22 km),38.880219,-9.042383,2.994,"Póvoa de Santa Iria (events: 2008, 2010, 2026)"
B — Vila Franca de Xira → Azambuja (~28 km),39.045681,-8.898369,2.995,"Castanheira / Azambuja (events: 2022, 2026)"
B — Vila Franca de Xira → Azambuja (~28 km),38.998202,-8.956333,2.996,"Castanheira / Azambuja (events: 2022, 2026)"
A — Sacavém / Bobadela → Vila Franca de Xira (~22 km),38.82997,-9.083463,2.997,"Sacavém / Bobadela (events: 2008, 2014, 2026)"
B — Vila Franca de Xira → Azambuja (~28 km),39.038079,-8.923259,2.998,"Castanheira / Azambuja (events: 2022, 2026)"
B — Vila Franca de Xira → Azambuja (~28 km),39.026682,-8.938753,2.998,"Castanheira / Azambuja (events: 2022, 2026)"
A — Sacavém / Bobadela → Vila Franca de Xira (~22 km),38.800323,-9.091045,3.0,"Sacavém / Bobadela (events: 2008, 2014, 2026)"
A — Sacavém / Bobadela → Vila Franca de Xira (~22 km),38.819636,-9.085777,3.001,"Sacavém / Bobadela (events: 2008, 2014, 2026)"
B — Vila Franca de Xira → Azambuja (~28 km),39.033145,-8.914156,3.001,"Castanheira / Azambuja (events: 2022, 2026)"
B — Vila Franca de Xira → Azambuja (~28 km),39.053066,-8.889751,3.002,"Castanheira / Azambuja (events: 2022, 2026)"
A — Sacavém / Bobadela → Vila Franca de Xira (~22 km),38.853111,-9.065722,3.003,"Sacavém / Bobadela (events: 2008, 2014, 2026)"
B — Vila Franca de Xira → Azambuja (~28 km),39.034508,-8.930478,3.003,"Castanheira / Azambuja (events: 2022, 2026)"
B — Vila Franca de Xira → Azambuja (~28 km),39.033724,-8.931733,3.004,"Castanheira / Azambuja (events: 2022, 2026)"
B — Vila Franca de Xira → Azambuja (~28 km),39.056431,-8.885911,3.004,"Castanheira / Azambuja (events: 2022, 2026)"
A — Sacavém / Bobadela → Vila Franca de Xira (~22 km),38.82694,-9.081858,3.004,"Sacavém / Bobadela (events: 2008, 2014, 2026)"
B — Vila Franca de Xira → Azambuja (~28 km),38.962891,-8.97583,3.004,Alverca / Vila Franca (events: 2026)
B — Vila Franca de Xira → Azambuja (~28 km),38.985077,-8.954107,3.004,"Castanheira / Azambuja (events: 2022, 2026)"
B — Vila Franca de Xira → Azambuja (~28 km),39.031516,-8.935019,3.007,"Castanheira / Azambuja (events: 2022, 2026)"
B — Vila Franca de Xira → Azambuja (~28 km),38.997304,-8.955809,3.007,"Castanheira / Azambuja (events: 2022, 2026)"
B — Vila Franca de Xira → Azambuja (~28 km),39.042901,-8.90224,3.008,"Castanheira / Azambuja (events: 2022, 2026)"
B — Vila Franca de Xira → Azambuja (~28 km),38.997231,-8.958923,3.008,"Castanheira / Azambuja (events: 2022, 2026)"
A — Sacavém / Bobadela → Vila Franca de Xira (~22 km),38.821217,-9.087859,3.008,"Sacavém / Bobadela (events: 2008, 2014, 2026)"
B — Vila Franca de Xira → Azambuja (~28 km),38.972553,-8.96637,3.008,Alverca / Vila Franca (events: 2026)
B — Vila Franca de Xira → Azambuja (~28 km),39.042789,-8.902012,3.01,"Castanheira / Azambuja (events: 2022, 2026)"
B — Vila Franca de Xira → Azambuja (~28 km),39.033949,-8.930697,3.01,"Castanheira / Azambuja (events: 2022, 2026)"
A — Sacavém / Bobadela → Vila Franca de Xira (~22 km),38.867758,-9.048637,3.015,"Póvoa de Santa Iria (events: 2008, 2010, 2026)"
B — Vila Franca de Xira → Azambuja (~28 km),39.006084,-8.945171,3.019,"Castanheira / Azambuja (events: 2022, 2026)"
B — Vila Franca de Xira → Azambuja (~28 km),39.024712,-8.940148,3.02,"Castanheira / Azambuja (events: 2022, 2026)"
A — Sacavém / Bobadela → Vila Franca de Xira (~22 km),38.851943,-9.06659,3.021,"Sacavém / Bobadela (events: 2008, 2014, 2026)"
B — Vila Franca de Xira → Azambuja (~28 km),39.073562,-8.855353,3.021,"Castanheira / Azambuja (events: 2022, 2026)"
B — Vila Franca de Xira → Azambuja (~28 km),39.020145,-8.91977,3.022,"Castanheira / Azambuja (events: 2022, 2026)"
B — Vila Franca de Xira → Azambuja (~28 km),38.997179,-8.955793,3.024,"Castanheira / Azambuja (events: 2022, 2026)"
B — Vila Franca de Xira → Azambuja (~28 km),39.034746,-8.929827,3.024,"Castanheira / Azambuja (events: 2022, 2026)"
B — Vila Franca de Xira → Azambuja (~28 km),39.049244,-8.894934,3.024,"Castanheira / Azambuja (events: 2022, 2026)"
A — Sacavém / Bobadela → Vila Franca de Xira (~22 km),38.863109,-9.052154,3.025,"Póvoa de Santa Iria (events: 2008, 2010, 2026)"
B — Vila Franca de Xira → Azambuja (~28 km),38.995765,-8.959388,3.026,"Castanheira / Azambuja (events: 2022, 2026)"
B — Vila Franca de Xira → Azambuja (~28 km),39.049447,-8.894303,3.027,"Castanheira / Azambuja (events: 2022, 2026)"
A — Sacavém / Bobadela → Vila Franca de Xira (~22 km),38.816614,-9.086714,3.027,"Sacavém / Bobadela (events: 2008, 2014, 2026)"
B — Vila Franca de Xira → Azambuja (~28 km),39.047931,-8.895536,3.03,"Castanheira / Azambuja (events: 2022, 2026)"
B — Vila Franca de Xira → Azambuja (~28 km),39.031416,-8.935089,3.03,"Castanheira / Azambuja (events: 2022, 2026)"
A — Sacavém / Bobadela → Vila Franca de Xira (~22 km),38.807273,-9.094332,3.031,"Sacavém / Bobadela (events: 2008, 2014, 2026)"
B — Vila Franca de Xira → Azambuja (~28 km),39.037321,-8.902952,3.034,"Castanheira / Azambuja (events: 2022, 2026)"
B — Vila Franca de Xira → Azambuja (~28 km),39.043068,-8.902533,3.035,"Castanheira / Azambuja (events: 2022, 2026)"
B — Vila Franca de Xira → Azambuja (~28 km),39.054634,-8.892948,3.035,"Castanheira / Azambuja (events: 2022, 2026)"
B — Vila Franca de Xira → Azambuja (~28 km),39.008063,-8.94281,3.036,"Castanheira / Azambuja (events: 2022, 2026)"
B — Vila Franca de Xira → Azambuja (~28 km),39.048632,-8.89442,3.036,"Castanheira / Azambuja (events: 2022, 2026)"
B — Vila Franca de Xira → Azambuja (~28 km),39.049569,-8.894534,3.036,"Castanheira / Azambuja (events: 2022, 2026)"
B — Vila Franca de Xira → Azambuja (~28 km),39.026485,-8.938836,3.037,"Castanheira / Azambuja (events: 2022, 2026)"
B — Vila Franca de Xira → Azambuja (~28 km),39.049029,-8.894359,3.037,"Castanheira / Azambuja (events: 2022, 2026)"
A — Sacavém / Bobadela → Vila Franca de Xira (~22 km),38.876637,-9.048445,3.038,"Póvoa de Santa Iria (events: 2008, 2010, 2026)"
B — Vila Franca de Xira → Azambuja (~28 km),39.02294,-8.941348,3.038,"Castanheira / Azambuja (events: 2022, 2026)"
B — Vila Franca de Xira → Azambuja (~28 km),39.079395,-8.842975,3.038,"Castanheira / Azambuja (events: 2022, 2026)"
B — Vila Franca de Xira → Azambuja (~28 km),39.041705,-8.902682,3.039,"Castanheira / Azambuja (events: 2022, 2026)"
B — Vila Franca de Xira → Azambuja (~28 km),39.051853,-8.897893,3.039,"Castanheira / Azambuja (events: 2022, 2026)"
B — Vila Franca de Xira → Azambuja (~28 km),39.070996,-8.8608,3.041,"Castanheira / Azambuja (events: 2022, 2026)"
B — Vila Franca de Xira → Azambuja (~28 km),38.970764,-8.968122,3.041,Alverca / Vila Franca (events: 2026)
B — Vila Franca de Xira → Azambuja (~28 km),39.020503,-8.919419,3.041,"Castanheira / Azambuja (events: 2022, 2026)"
A — Sacavém / Bobadela → Vila Franca de Xira (~22 km),38.807378,-9.094331,3.042,"Sacavém / Bobadela (events: 2008, 2014, 2026)"
B — Vila Franca de Xira → Azambuja (~28 km),39.054431,-8.885378,3.043,"Castanheira / Azambuja (events: 2022, 2026)"
B — Vila Franca de Xira → Azambuja (~28 km),39.055255,-8.891402,3.043,"Castanheira / Azambuja (events: 2022, 2026)"
B — Vila Franca de Xira → Azambuja (~28 km),39.031696,-8.934903,3.044,"Castanheira / Azambuja (events: 2022, 2026)"
B — Vila Franca de Xira → Azambuja (~28 km),39.023167,-8.941005,3.044,"Castanheira / Azambuja (events: 2022, 2026)"
B — Vila Franca de Xira → Azambuja (~28 km),39.041739,-8.902711,3.045,"Castanheira / Azambuja (events: 2022, 2026)"
A — Sacavém / Bobadela → Vila Franca de Xira (~22 km),38.815414,-9.088792,3.047,"Sacavém / Bobadela (events: 2008, 2014, 2026)"
B — Vila Franca de Xira → Azambuja (~28 km),39.056321,-8.885969,3.047,"Castanheira / Azambuja (events: 2022, 2026)"
B — Vila Franca de Xira → Azambuja (~28 km),39.029068,-8.918317,3.048,"Castanheira / Azambuja (events: 2022, 2026)"
A — Sacavém / Bobadela → Vila Franca de Xira (~22 km),38.879992,-9.038945,3.048,"Póvoa de Santa Iria (events: 2008, 2010, 2026)"
A — Sacavém / Bobadela → Vila Franca de Xira (~22 km),38.894154,-9.030879,3.051,Alverca / Vila Franca (events: 2026)
B — Vila Franca de Xira → Azambuja (~28 km),39.034777,-8.930014,3.051,"Castanheira / Azambuja (events: 2022, 2026)"
B — Vila Franca de Xira → Azambuja (~28 km),38.998498,-8.95422,3.052,"Castanheira / Azambuja (events: 2022, 2026)"
A — Sacavém / Bobadela → Vila Franca de Xira (~22 km),38.826016,-9.08639,3.052,"Sacavém / Bobadela (events: 2008, 2014, 2026)"
A — Sacavém / Bobadela → Vila Franca de Xira (~22 km),38.830687,-9.082449,3.052,"Sacavém / Bobadela (events: 2008, 2014, 2026)"
A — Sacavém / Bobadela → Vila Franca de Xira (~22 km),38.817055,-9.086597,3.053,"Sacavém / Bobadela (events: 2008, 2014, 2026)"
B — Vila Franca de Xira → Azambuja (~28 km),39.027863,-8.937916,3.054,"Castanheira / Azambuja (events: 2022, 2026)"
B — Vila Franca de Xira → Azambuja (~28 km),39.056297,-8.88935,3.056,"Castanheira / Azambuja (events: 2022, 2026)"
A — Sacavém / Bobadela → Vila Franca de Xira (~22 km),38.819697,-9.085894,3.056,"Sacavém / Bobadela (events: 2008, 2014, 2026)"
B — Vila Franca de Xira → Azambuja (~28 km),39.059972,-8.881737,3.057,"Castanheira / Azambuja (events: 2022, 2026)"
B — Vila Franca de Xira → Azambuja (~28 km),39.032852,-8.907169,3.057,"Castanheira / Azambuja (events: 2022, 2026)"
B — Vila Franca de Xira → Azambuja (~28 km),39.034459,-8.905755,3.059,"Castanheira / Azambuja (events: 2022, 2026)"
B — Vila Franca de Xira → Azambuja (~28 km),38.963965,-8.974779,3.059,Alverca / Vila Franca (events: 2026)
A — Sacavém / Bobadela → Vila Franca de Xira (~22 km),38.807318,-9.094353,3.061,"Sacavém / Bobadela (events: 2008, 2014, 2026)"
A — Sacavém / Bobadela → Vila Franca de Xira (~22 km),38.808029,-9.093972,3.062,"Sacavém / Bobadela (events: 2008, 2014, 2026)"
B — Vila Franca de Xira → Azambuja (~28 km),39.033408,-8.913749,3.063,"Castanheira / Azambuja (events: 2022, 2026)"
B — Vila Franca de Xira → Azambuja (~28 km),39.053145,-8.890135,3.064,"Castanheira / Azambuja (events: 2022, 2026)"
B — Vila Franca de Xira → Azambuja (~28 km),39.048594,-8.895734,3.066,"Castanheira / Azambuja (events: 2022, 2026)"
B — Vila Franca de Xira → Azambuja (~28 km),39.024515,-8.940232,3.067,"Castanheira / Azambuja (events: 2022, 2026)"
A — Sacavém / Bobadela → Vila Franca de Xira (~22 km),38.80934,-9.093472,3.067,"Sacavém / Bobadela (events: 2008, 2014, 2026)"
A — Sacavém / Bobadela → Vila Franca de Xira (~22 km),38.817391,-9.086734,3.067,"Sacavém / Bobadela (events: 2008, 2014, 2026)"
A — Sacavém / Bobadela → Vila Franca de Xira (~22 km),38.861032,-9.057488,3.068,"Póvoa de Santa Iria (events: 2008, 2010, 2026)"
B — Vila Franca de Xira → Azambuja (~28 km),39.009259,-8.944126,3.069,"Castanheira / Azambuja (events: 2022, 2026)"
A — Sacavém / Bobadela → Vila Franca de Xira (~22 km),38.808216,-9.093912,3.069,"Sacavém / Bobadela (events: 2008, 2014, 2026)"
B — Vila Franca de Xira → Azambuja (~28 km),39.05604,-8.889826,3.07,"Castanheira / Azambuja (events: 2022, 2026)"
A — Sacavém / Bobadela → Vila Franca de Xira (~22 km),38.799883,-9.091162,3.072,"Sacavém / Bobadela (events: 2008, 2014, 2026)"
A — Sacavém / Bobadela → Vila Franca de Xira (~22 km),38.825932,-9.086421,3.076,"Sacavém / Bobadela (events: 2008, 2014, 2026)"
B — Vila Franca de Xira → Azambuja (~28 km),39.04912,-8.8947,3.076,"Castanheira / Azambuja (events: 2022, 2026)"
B — Vila Franca de Xira → Azambuja (~28 km),39.044041,-8.899806,3.076,"Castanheira / Azambuja (events: 2022, 2026)"
A — Sacavém / Bobadela → Vila Franca de Xira (~22 km),38.820577,-9.08566,3.077,"Sacavém / Bobadela (events: 2008, 2014, 2026)"
B — Vila Franca de Xira → Azambuja (~28 km),38.973984,-8.964969,3.077,Alverca / Vila Franca (events: 2026)
B — Vila Franca de Xira → Azambuja (~28 km),39.02047,-8.919672,3.077,"Castanheira / Azambuja (events: 2022, 2026)"
A — Sacavém / Bobadela → Vila Franca de Xira (~22 km),38.878695,-9.046203,3.077,"Póvoa de Santa Iria (events: 2008, 2010, 2026)"
B — Vila Franca de Xira → Azambuja (~28 km),39.028901,-8.917948,3.078,"Castanheira / Azambuja (events: 2022, 2026)"
B — Vila Franca de Xira → Azambuja (~28 km),38.972112,-8.975719,3.078,Alverca / Vila Franca (events: 2026)
B — Vila Franca de Xira → Azambuja (~28 km),39.055138,-8.884664,3.078,"Castanheira / Azambuja (events: 2022, 2026)"
B — Vila Franca de Xira → Azambuja (~28 km),39.041117,-8.904933,3.079,"Castanheira / Azambuja (events: 2022, 2026)"
B — Vila Franca de Xira → Azambuja (~28 km),39.041264,-8.904224,3.08,"Castanheira / Azambuja (events: 2022, 2026)"
B — Vila Franca de Xira → Azambuja (~28 km),39.061879,-8.878997,3.08,"Castanheira / Azambuja (events: 2022, 2026)"
B — Vila Franca de Xira → Azambuja (~28 km),39.040937,-8.904621,3.08,"Castanheira / Azambuja (events: 2022, 2026)"
A — Sacavém / Bobadela → Vila Franca de Xira (~22 km),38.873737,-9.050394,3.081,"Póvoa de Santa Iria (events: 2008, 2010, 2026)"
B — Vila Franca de Xira → Azambuja (~28 km),39.038059,-8.923093,3.082,"Castanheira / Azambuja (events: 2022, 2026)"
B — Vila Franca de Xira → Azambuja (~28 km),39.04086,-8.904441,3.083,"Castanheira / Azambuja (events: 2022, 2026)"
B — Vila Franca de Xira → Azambuja (~28 km),39.05364,-8.894557,3.083,"Castanheira / Azambuja (events: 2022, 2026)"
B — Vila Franca de Xira → Azambuja (~28 km),39.041181,-8.904036,3.084,"Castanheira / Azambuja (events: 2022, 2026)"
A — Sacavém / Bobadela → Vila Franca de Xira (~22 km),38.854975,-9.068909,3.085,"Sacavém / Bobadela (events: 2008, 2014, 2026)"
B — Vila Franca de Xira → Azambuja (~28 km),38.967408,-8.973257,3.085,Alverca / Vila Franca (events: 2026)
A — Sacavém / Bobadela → Vila Franca de Xira (~22 km),38.817888,-9.087411,3.087,"Sacavém / Bobadela (events: 2008, 2014, 2026)"
B — Vila Franca de Xira → Azambuja (~28 km),39.040764,-8.903911,3.087,"Castanheira / Azambuja (events: 2022, 2026)"
B — Vila Franca de Xira → Azambuja (~28 km),39.040716,-8.903862,3.087,"Castanheira / Azambuja (events: 2022, 2026)"
B — Vila Franca de Xira → Azambuja (~28 km),39.04075,-8.90375,3.087,"Castanheira / Azambuja (events: 2022, 2026)"
B — Vila Franca de Xira → Azambuja (~28 km),39.040618,-8.903959,3.087,"Castanheira / Azambuja (events: 2022, 2026)"
B — Vila Franca de Xira → Azambuja (~28 km),39.040954,-8.903575,3.087,"Castanheira / Azambuja (events: 2022, 2026)"
B — Vila Franca de Xira → Azambuja (~28 km),39.04042,-8.904144,3.088,"Castanheira / Azambuja (events: 2022, 2026)"
B — Vila Franca de Xira → Azambuja (~28 km),38.957524,-8.981086,3.088,Alverca / Vila Franca (events: 2026)
B — Vila Franca de Xira → Azambuja (~28 km),39.040386,-8.904256,3.088,"Castanheira / Azambuja (events: 2022, 2026)"
B — Vila Franca de Xira → Azambuja (~28 km),39.040439,-8.904311,3.088,"Castanheira / Azambuja (events: 2022, 2026)"
B — Vila Franca de Xira → Azambuja (~28 km),39.040281,-8.904343,3.088,"Castanheira / Azambuja (events: 2022, 2026)"
B — Vila Franca de Xira → Azambuja (~28 km),39.033941,-8.930837,3.088,"Castanheira / Azambuja (events: 2022, 2026)"
B — Vila Franca de Xira → Azambuja (~28 km),39.033179,-8.912821,3.089,"Castanheira / Azambuja (events: 2022, 2026)"
B — Vila Franca de Xira → Azambuja (~28 km),38.999365,-8.955023,3.091,"Castanheira / Azambuja (events: 2022, 2026)"
B — Vila Franca de Xira → Azambuja (~28 km),39.044693,-8.900533,3.092,"Castanheira / Azambuja (events: 2022, 2026)"
B — Vila Franca de Xira → Azambuja (~28 km),39.040988,-8.898953,3.092,"Castanheira / Azambuja (events: 2022, 2026)"
B — Vila Franca de Xira → Azambuja (~28 km),39.041089,-8.903511,3.092,"Castanheira / Azambuja (events: 2022, 2026)"
B — Vila Franca de Xira → Azambuja (~28 km),39.054375,-8.893422,3.092,"Castanheira / Azambuja (events: 2022, 2026)"
B — Vila Franca de Xira → Azambuja (~28 km),39.009359,-8.94411,3.093,"Castanheira / Azambuja (events: 2022, 2026)"
B — Vila Franca de Xira → Azambuja (~28 km),38.973421,-8.967184,3.093,Alverca / Vila Franca (events: 2026)
B — Vila Franca de Xira → Azambuja (~28 km),39.051673,-8.897905,3.093,"Castanheira / Azambuja (events: 2022, 2026)"
B — Vila Franca de Xira → Azambuja (~28 km),39.034717,-8.929416,3.094,"Castanheira / Azambuja (events: 2022, 2026)"
B — Vila Franca de Xira → Azambuja (~28 km),39.033682,-8.931311,3.094,"Castanheira / Azambuja (events: 2022, 2026)"
B — Vila Franca de Xira → Azambuja (~28 km),39.061895,-8.879915,3.094,"Castanheira / Azambuja (events: 2022, 2026)"
B — Vila Franca de Xira → Azambuja (~28 km),39.061922,-8.879337,3.094,"Castanheira / Azambuja (events: 2022, 2026)"
A — Sacavém / Bobadela → Vila Franca de Xira (~22 km),38.872618,-9.05074,3.094,"Póvoa de Santa Iria (events: 2008, 2010, 2026)"
B — Vila Franca de Xira → Azambuja (~28 km),38.992265,-8.962898,3.095,"Castanheira / Azambuja (events: 2022, 2026)"
B — Vila Franca de Xira → Azambuja (~28 km),39.041046,-8.903469,3.095,"Castanheira / Azambuja (events: 2022, 2026)"
A — Sacavém / Bobadela → Vila Franca de Xira (~22 km),38.848402,-9.070376,3.096,"Sacavém / Bobadela (events: 2008, 2014, 2026)"
B — Vila Franca de Xira → Azambuja (~28 km),39.054892,-8.892474,3.097,"Castanheira / Azambuja (events: 2022, 2026)"
A — Sacavém / Bobadela → Vila Franca de Xira (~22 km),38.880768,-9.047812,3.097,"Póvoa de Santa Iria (events: 2008, 2010, 2026)"
B — Vila Franca de Xira → Azambuja (~28 km),39.040091,-8.904539,3.097,"Castanheira / Azambuja (events: 2022, 2026)"
A — Sacavém / Bobadela → Vila Franca de Xira (~22 km),38.852319,-9.071081,3.097,"Sacavém / Bobadela (events: 2008, 2014, 2026)"
B — Vila Franca de Xira → Azambuja (~28 km),38.961818,-8.976882,3.097,Alverca / Vila Franca (events: 2026)
A — Sacavém / Bobadela → Vila Franca de Xira (~22 km),38.85381,-9.059187,3.098,"Sacavém / Bobadela (events: 2008, 2014, 2026)"
A — Sacavém / Bobadela → Vila Franca de Xira (~22 km),38.844938,-9.071796,3.098,"Sacavém / Bobadela (events: 2008, 2014, 2026)"
B — Vila Franca de Xira → Azambuja (~28 km),39.041442,-8.904533,3.099,"Castanheira / Azambuja (events: 2022, 2026)"
A — Sacavém / Bobadela → Vila Franca de Xira (~22 km),38.807627,-9.094229,3.1,"Sacavém / Bobadela (events: 2008, 2014, 2026)"
A — Sacavém / Bobadela → Vila Franca de Xira (~22 km),38.843866,-9.072908,3.1,"Sacavém / Bobadela (events: 2008, 2014, 2026)"
B — Vila Franca de Xira → Azambuja (~28 km),39.038815,-8.906312,3.101,"Castanheira / Azambuja (events: 2022, 2026)"
B — Vila Franca de Xira → Azambuja (~28 km),39.040538,-8.904846,3.101,"Castanheira / Azambuja (events: 2022, 2026)"
A — Sacavém / Bobadela → Vila Franca de Xira (~22 km),38.809321,-9.093486,3.101,"Sacavém / Bobadela (events: 2008, 2014, 2026)"
A — Sacavém / Bobadela → Vila Franca de Xira (~22 km),38.815674,-9.089075,3.101,"Sacavém / Bobadela (events: 2008, 2014, 2026)"
A — Sacavém / Bobadela → Vila Franca de Xira (~22 km),38.809766,-9.093284,3.101,"Sacavém / Bobadela (events: 2008, 2014, 2026)"
B — Vila Franca de Xira → Azambuja (~28 km),39.048919,-8.895334,3.102,"Castanheira / Azambuja (events: 2022, 2026)"
B — Vila Franca de Xira → Azambuja (~28 km),39.036964,-8.903302,3.102,"Castanheira / Azambuja (events: 2022, 2026)"
B — Vila Franca de Xira → Azambuja (~28 km),38.995,-8.958569,3.103,"Castanheira / Azambuja (events: 2022, 2026)"
B — Vila Franca de Xira → Azambuja (~28 km),39.033693,-8.931172,3.103,"Castanheira / Azambuja (events: 2022, 2026)"
A — Sacavém / Bobadela → Vila Franca de Xira (~22 km),38.808236,-9.093907,3.104,"Sacavém / Bobadela (events: 2008, 2014, 2026)"
B — Vila Franca de Xira → Azambuja (~28 km),39.040792,-8.905332,3.104,"Castanheira / Azambuja (events: 2022, 2026)"
B — Vila Franca de Xira → Azambuja (~28 km),39.043253,-8.913787,3.104,"Castanheira / Azambuja (events: 2022, 2026)"
B — Vila Franca de Xira → Azambuja (~28 km),39.041079,-8.903356,3.105,"Castanheira / Azambuja (events: 2022, 2026)"
B — Vila Franca de Xira → Azambuja (~28 km),39.060131,-8.881687,3.105,"Castanheira / Azambuja (events: 2022, 2026)"
B — Vila Franca de Xira → Azambuja (~28 km),38.981857,-8.95726,3.107,"Castanheira / Azambuja (events: 2022, 2026)"
A — Sacavém / Bobadela → Vila Franca de Xira (~22 km),38.808404,-9.092706,3.107,"Sacavém / Bobadela (events: 2008, 2014, 2026)"
B — Vila Franca de Xira → Azambuja (~28 km),39.041258,-8.899098,3.108,"Castanheira / Azambuja (events: 2022, 2026)"
B — Vila Franca de Xira → Azambuja (~28 km),39.031935,-8.934659,3.109,"Castanheira / Azambuja (events: 2022, 2026)"
B — Vila Franca de Xira → Azambuja (~28 km),39.055571,-8.885082,3.11,"Castanheira / Azambuja (events: 2022, 2026)"
A — Sacavém / Bobadela → Vila Franca de Xira (~22 km),38.807639,-9.094222,3.11,"Sacavém / Bobadela (events: 2008, 2014, 2026)"
A — Sacavém / Bobadela → Vila Franca de Xira (~22 km),38.877382,-9.047344,3.111,"Póvoa de Santa Iria (events: 2008, 2010, 2026)"
A — Sacavém / Bobadela → Vila Franca de Xira (~22 km),38.839362,-9.075065,3.111,"Sacavém / Bobadela (events: 2008, 2014, 2026)"
B — Vila Franca de Xira → Azambuja (~28 km),39.060939,-8.879827,3.112,"Castanheira / Azambuja (events: 2022, 2026)"
A — Sacavém / Bobadela → Vila Franca de Xira (~22 km),38.815066,-9.088492,3.112,"Sacavém / Bobadela (events: 2008, 2014, 2026)"
B — Vila Franca de Xira → Azambuja (~28 km),39.040056,-8.904649,3.114,"Castanheira / Azambuja (events: 2022, 2026)"
B — Vila Franca de Xira → Azambuja (~28 km),39.040114,-8.904711,3.114,"Castanheira / Azambuja (events: 2022, 2026)"
B — Vila Franca de Xira → Azambuja (~28 km),39.032879,-8.912791,3.115,"Castanheira / Azambuja (events: 2022, 2026)"
B — Vila Franca de Xira → Azambuja (~28 km),39.048019,-8.895511,3.115,"Castanheira / Azambuja (events: 2022, 2026)"
B — Vila Franca de Xira → Azambuja (~28 km),39.056218,-8.885372,3.116,"Castanheira / Azambuja (events: 2022, 2026)"
B — Vila Franca de Xira → Azambuja (~28 km),39.026309,-8.938752,3.116,"Castanheira / Azambuja (events: 2022, 2026)"
B — Vila Franca de Xira → Azambuja (~28 km),39.040609,-8.905018,3.117,"Castanheira / Azambuja (events: 2022, 2026)"
B — Vila Franca de Xira → Azambuja (~28 km),39.041627,-8.902807,3.117,"Castanheira / Azambuja (events: 2022, 2026)"
A — Sacavém / Bobadela → Vila Franca de Xira (~22 km),38.896359,-9.029725,3.118,Alverca / Vila Franca (events: 2026)
A — Sacavém / Bobadela → Vila Franca de Xira (~22 km),38.872604,-9.050754,3.12,"Póvoa de Santa Iria (events: 2008, 2010, 2026)"
B — Vila Franca de Xira → Azambuja (~28 km),39.061477,-8.880151,3.121,"Castanheira / Azambuja (events: 2022, 2026)"
B — Vila Franca de Xira → Azambuja (~28 km),38.998828,-8.953826,3.122,"Castanheira / Azambuja (events: 2022, 2026)"
A — Sacavém / Bobadela → Vila Franca de Xira (~22 km),38.868533,-9.048051,3.122,"Póvoa de Santa Iria (events: 2008, 2010, 2026)"
B — Vila Franca de Xira → Azambuja (~28 km),39.005754,-8.945564,3.122,"Castanheira / Azambuja (events: 2022, 2026)"
B — Vila Franca de Xira → Azambuja (~28 km),39.04129,-8.903191,3.123,"Castanheira / Azambuja (events: 2022, 2026)"
B — Vila Franca de Xira → Azambuja (~28 km),39.06353,-8.876645,3.123,"Castanheira / Azambuja (events: 2022, 2026)"
B — Vila Franca de Xira → Azambuja (~28 km),39.005424,-8.945958,3.123,"Castanheira / Azambuja (events: 2022, 2026)"
A — Sacavém / Bobadela → Vila Franca de Xira (~22 km),38.883399,-9.040224,3.124,"Póvoa de Santa Iria (events: 2008, 2010, 2026)"
B — Vila Franca de Xira → Azambuja (~28 km),39.03234,-8.915731,3.124,"Castanheira / Azambuja (events: 2022, 2026)"
B — Vila Franca de Xira → Azambuja (~28 km),38.99116,-8.960407,3.125,"Castanheira / Azambuja (events: 2022, 2026)"
B — Vila Franca de Xira → Azambuja (~28 km),38.962176,-8.976531,3.125,Alverca / Vila Franca (events: 2026)
B — Vila Franca de Xira → Azambuja (~28 km),38.967054,-8.973614,3.126,Alverca / Vila Franca (events: 2026)
B — Vila Franca de Xira → Azambuja (~28 km),39.046318,-8.898534,3.126,"Castanheira / Azambuja (events: 2022, 2026)"
B — Vila Franca de Xira → Azambuja (~28 km),38.99895,-8.953837,3.127,"Castanheira / Azambuja (events: 2022, 2026)"
B — Vila Franca de Xira → Azambuja (~28 km),39.061617,-8.88016,3.128,"Castanheira / Azambuja (events: 2022, 2026)"
B — Vila Franca de Xira → Azambuja (~28 km),38.986157,-8.954324,3.128,"Castanheira / Azambuja (events: 2022, 2026)"
B — Vila Franca de Xira → Azambuja (~28 km),38.969884,-8.970756,3.129,Alverca / Vila Franca (events: 2026)
B — Vila Franca de Xira → Azambuja (~28 km),39.046338,-8.908101,3.129,"Castanheira / Azambuja (events: 2022, 2026)"
A — Sacavém / Bobadela → Vila Franca de Xira (~22 km),38.813532,-9.087533,3.13,"Sacavém / Bobadela (events: 2008, 2014, 2026)"
A — Sacavém / Bobadela → Vila Franca de Xira (~22 km),38.815312,-9.088861,3.13,"Sacavém / Bobadela (events: 2008, 2014, 2026)"
B — Vila Franca de Xira → Azambuja (~28 km),38.995329,-8.958175,3.131,"Castanheira / Azambuja (events: 2022, 2026)"
A — Sacavém / Bobadela → Vila Franca de Xira (~22 km),38.797681,-9.091747,3.131,"Sacavém / Bobadela (events: 2008, 2014, 2026)"
A — Sacavém / Bobadela → Vila Franca de Xira (~22 km),38.853423,-9.05948,3.133,"Sacavém / Bobadela (events: 2008, 2014, 2026)"
A — Sacavém / Bobadela → Vila Franca de Xira (~22 km),38.820029,-9.085496,3.134,"Sacavém / Bobadela (events: 2008, 2014, 2026)"
A — Sacavém / Bobadela → Vila Franca de Xira (~22 km),38.852478,-9.066236,3.134,"Sacavém / Bobadela (events: 2008, 2014, 2026)"
B — Vila Franca de Xira → Azambuja (~28 km),39.03472,-8.929271,3.135,"Castanheira / Azambuja (events: 2022, 2026)"
B — Vila Franca de Xira → Azambuja (~28 km),39.060827,-8.879693,3.135,"Castanheira / Azambuja (events: 2022, 2026)"
B — Vila Franca de Xira → Azambuja (~28 km),38.9952,-8.958154,3.135,"Castanheira / Azambuja (events: 2022, 2026)"
B — Vila Franca de Xira → Azambuja (~28 km),39.043818,-8.896095,3.136,"Castanheira / Azambuja (events: 2022, 2026)"
A — Sacavém / Bobadela → Vila Franca de Xira (~22 km),38.809735,-9.093321,3.138,"Sacavém / Bobadela (events: 2008, 2014, 2026)"
A — Sacavém / Bobadela → Vila Franca de Xira (~22 km),38.877513,-9.047223,3.138,"Póvoa de Santa Iria (events: 2008, 2010, 2026)"
A — Sacavém / Bobadela → Vila Franca de Xira (~22 km),38.825589,-9.086572,3.138,"Sacavém / Bobadela (events: 2008, 2014, 2026)"
A — Sacavém / Bobadela → Vila Franca de Xira (~22 km),38.880443,-9.04646,3.139,"Póvoa de Santa Iria (events: 2008, 2010, 2026)"
A — Sacavém / Bobadela → Vila Franca de Xira (~22 km),38.826959,-9.082346,3.139,"Sacavém / Bobadela (events: 2008, 2014, 2026)"
B — Vila Franca de Xira → Azambuja (~28 km),39.056554,-8.888875,3.14,"Castanheira / Azambuja (events: 2022, 2026)"
B — Vila Franca de Xira → Azambuja (~28 km),39.023711,-8.940398,3.14,"Castanheira / Azambuja (events: 2022, 2026)"
B — Vila Franca de Xira → Azambuja (~28 km),39.032543,-8.913175,3.142,"Castanheira / Azambuja (events: 2022, 2026)"
B — Vila Franca de Xira → Azambuja (~28 km),39.045664,-8.898199,3.142,"Castanheira / Azambuja (events: 2022, 2026)"
B — Vila Franca de Xira → Azambuja (~28 km),39.03351,-8.932726,3.143,"Castanheira / Azambuja (events: 2022, 2026)"
B — Vila Franca de Xira → Azambuja (~28 km),39.042146,-8.902822,3.143,"Castanheira / Azambuja (events: 2022, 2026)"
B — Vila Franca de Xira → Azambuja (~28 km),39.060789,-8.879344,3.145,"Castanheira / Azambuja (events: 2022, 2026)"
B — Vila Franca de Xira → Azambuja (~28 km),38.998056,-8.95661,3.145,"Castanheira / Azambuja (events: 2022, 2026)"
B — Vila Franca de Xira → Azambuja (~28 km),39.062921,-8.876805,3.145,"Castanheira / Azambuja (events: 2022, 2026)"
B — Vila Franca de Xira → Azambuja (~28 km),39.028257,-8.937636,3.146,"Castanheira / Azambuja (events: 2022, 2026)"
B — Vila Franca de Xira → Azambuja (~28 km),39.032906,-8.932732,3.147,"Castanheira / Azambuja (events: 2022, 2026)"
B — Vila Franca de Xira → Azambuja (~28 km),39.046357,-8.908104,3.148,"Castanheira / Azambuja (events: 2022, 2026)"
B — Vila Franca de Xira → Azambuja (~28 km),39.02332,-8.940682,3.149,"Castanheira / Azambuja (events: 2022, 2026)"
A — Sacavém / Bobadela → Vila Franca de Xira (~22 km),38.805929,-9.094087,3.149,"Sacavém / Bobadela (events: 2008, 2014, 2026)"
A — Sacavém / Bobadela → Vila Franca de Xira (~22 km),38.874349,-9.050646,3.149,"Póvoa de Santa Iria (events: 2008, 2010, 2026)"
B — Vila Franca de Xira → Azambuja (~28 km),39.041414,-8.903111,3.15,"Castanheira / Azambuja (events: 2022, 2026)"
B — Vila Franca de Xira → Azambuja (~28 km),39.028439,-8.92053,3.15,"Castanheira / Azambuja (events: 2022, 2026)"
B — Vila Franca de Xira → Azambuja (~28 km),39.041375,-8.903075,3.15,"Castanheira / Azambuja (events: 2022, 2026)"
B — Vila Franca de Xira → Azambuja (~28 km),39.053048,-8.889937,3.151,"Castanheira / Azambuja (events: 2022, 2026)"
A — Sacavém / Bobadela → Vila Franca de Xira (~22 km),38.867855,-9.047747,3.151,"Póvoa de Santa Iria (events: 2008, 2010, 2026)"
B — Vila Franca de Xira → Azambuja (~28 km),39.033855,-8.93148,3.152,"Castanheira / Azambuja (events: 2022, 2026)"
B — Vila Franca de Xira → Azambuja (~28 km),39.044013,-8.899909,3.153,"Castanheira / Azambuja (events: 2022, 2026)"
A — Sacavém / Bobadela → Vila Franca de Xira (~22 km),38.893963,-9.031319,3.155,Alverca / Vila Franca (events: 2026)
B — Vila Franca de Xira → Azambuja (~28 km),39.039945,-8.904727,3.156,"Castanheira / Azambuja (events: 2022, 2026)"
B — Vila Franca de Xira → Azambuja (~28 km),39.056274,-8.889493,3.156,"Castanheira / Azambuja (events: 2022, 2026)"
B — Vila Franca de Xira → Azambuja (~28 km),39.061886,-8.879222,3.157,"Castanheira / Azambuja (events: 2022, 2026)"
B — Vila Franca de Xira → Azambuja (~28 km),39.031534,-8.914327,3.158,"Castanheira / Azambuja (events: 2022, 2026)"
A — Sacavém / Bobadela → Vila Franca de Xira (~22 km),38.847401,-9.073998,3.158,"Sacavém / Bobadela (events: 2008, 2014, 2026)"
A — Sacavém / Bobadela → Vila Franca de Xira (~22 km),38.874395,-9.050753,3.159,"Póvoa de Santa Iria (events: 2008, 2010, 2026)"
A — Sacavém / Bobadela → Vila Franca de Xira (~22 km),38.810594,-9.092225,3.159,"Sacavém / Bobadela (events: 2008, 2014, 2026)"
B — Vila Franca de Xira → Azambuja (~28 km),39.02806,-8.937719,3.16,"Castanheira / Azambuja (events: 2022, 2026)"
B — Vila Franca de Xira → Azambuja (~28 km),39.041408,-8.902961,3.16,"Castanheira / Azambuja (events: 2022, 2026)"
B — Vila Franca de Xira → Azambuja (~28 km),39.028645,-8.919823,3.16,"Castanheira / Azambuja (events: 2022, 2026)"
B — Vila Franca de Xira → Azambuja (~28 km),39.042695,-8.901502,3.16,"Castanheira / Azambuja (events: 2022, 2026)"
B — Vila Franca de Xira → Azambuja (~28 km),39.034119,-8.911731,3.161,"Castanheira / Azambuja (events: 2022, 2026)"
B — Vila Franca de Xira → Azambuja (~28 km),39.073044,-8.858165,3.161,"Castanheira / Azambuja (events: 2022, 2026)"
B — Vila Franca de Xira → Azambuja (~28 km),39.015493,-8.924325,3.161,"Castanheira / Azambuja (events: 2022, 2026)"
B — Vila Franca de Xira → Azambuja (~28 km),39.056529,-8.889016,3.162,"Castanheira / Azambuja (events: 2022, 2026)"
B — Vila Franca de Xira → Azambuja (~28 km),39.044014,-8.899928,3.162,"Castanheira / Azambuja (events: 2022, 2026)"
B — Vila Franca de Xira → Azambuja (~28 km),38.974342,-8.964618,3.162,Alverca / Vila Franca (events: 2026)
B — Vila Franca de Xira → Azambuja (~28 km),39.063455,-8.876697,3.164,"Castanheira / Azambuja (events: 2022, 2026)"
B — Vila Franca de Xira → Azambuja (~28 km),38.987224,-8.952005,3.165,"Castanheira / Azambuja (events: 2022, 2026)"
A — Sacavém / Bobadela → Vila Franca de Xira (~22 km),38.809375,-9.09349,3.165,"Sacavém / Bobadela (events: 2008, 2014, 2026)"
A — Sacavém / Bobadela → Vila Franca de Xira (~22 km),38.831145,-9.08285,3.165,"Sacavém / Bobadela (events: 2008, 2014, 2026)"
B — Vila Franca de Xira → Azambuja (~28 km),39.029844,-8.936216,3.166,"Castanheira / Azambuja (events: 2022, 2026)"
A — Sacavém / Bobadela → Vila Franca de Xira (~22 km),38.850771,-9.06975,3.167,"Sacavém / Bobadela (events: 2008, 2014, 2026)"
B — Vila Franca de Xira → Azambuja (~28 km),39.041503,-8.903632,3.167,"Castanheira / Azambuja (events: 2022, 2026)"
B — Vila Franca de Xira → Azambuja (~28 km),39.053985,-8.893628,3.168,"Castanheira / Azambuja (events: 2022, 2026)"
A — Sacavém / Bobadela → Vila Franca de Xira (~22 km),38.829858,-9.082775,3.169,"Sacavém / Bobadela (events: 2008, 2014, 2026)"
A — Sacavém / Bobadela → Vila Franca de Xira (~22 km),38.873494,-9.047366,3.169,"Póvoa de Santa Iria (events: 2008, 2010, 2026)"
B — Vila Franca de Xira → Azambuja (~28 km),39.033214,-8.932687,3.17,"Castanheira / Azambuja (events: 2022, 2026)"
A — Sacavém / Bobadela → Vila Franca de Xira (~22 km),38.879705,-9.044818,3.171,"Póvoa de Santa Iria (events: 2008, 2010, 2026)"
A — Sacavém / Bobadela → Vila Franca de Xira (~22 km),38.807668,-9.094218,3.171,"Sacavém / Bobadela (events: 2008, 2014, 2026)"
B — Vila Franca de Xira → Azambuja (~28 km),38.970499,-8.976745,3.171,Alverca / Vila Franca (events: 2026)
A — Sacavém / Bobadela → Vila Franca de Xira (~22 km),38.897158,-9.029194,3.171,Alverca / Vila Franca (events: 2026)
A — Sacavém / Bobadela → Vila Franca de Xira (~22 km),38.812953,-9.090543,3.172,"Sacavém / Bobadela (events: 2008, 2014, 2026)"
A — Sacavém / Bobadela → Vila Franca de Xira (~22 km),38.837402,-9.075157,3.173,"Sacavém / Bobadela (events: 2008, 2014, 2026)"
B — Vila Franca de Xira → Azambuja (~28 km),38.986866,-8.952355,3.173,"Castanheira / Azambuja (events: 2022, 2026)"
B — Vila Franca de Xira → Azambuja (~28 km),39.072396,-8.857829,3.173,"Castanheira / Azambuja (events: 2022, 2026)"
A — Sacavém / Bobadela → Vila Franca de Xira (~22 km),38.877455,-9.047313,3.174,"Póvoa de Santa Iria (events: 2008, 2010, 2026)"
B — Vila Franca de Xira → Azambuja (~28 km),39.011557,-8.928179,3.174,"Castanheira / Azambuja (events: 2022, 2026)"
B — Vila Franca de Xira → Azambuja (~28 km),38.986509,-8.952705,3.175,"Castanheira / Azambuja (events: 2022, 2026)"
A — Sacavém / Bobadela → Vila Franca de Xira (~22 km),38.867102,-9.051291,3.175,"Póvoa de Santa Iria (events: 2008, 2010, 2026)"
A — Sacavém / Bobadela → Vila Franca de Xira (~22 km),38.843529,-9.072895,3.176,"Sacavém / Bobadela (events: 2008, 2014, 2026)"
A — Sacavém / Bobadela → Vila Franca de Xira (~22 km),38.883959,-9.039364,3.176,"Póvoa de Santa Iria (events: 2008, 2010, 2026)"
A — Sacavém / Bobadela → Vila Franca de Xira (~22 km),38.879794,-9.044949,3.176,"Póvoa de Santa Iria (events: 2008, 2010, 2026)"
B — Vila Franca de Xira → Azambuja (~28 km),39.043027,-8.914304,3.176,"Castanheira / Azambuja (events: 2022, 2026)"
B — Vila Franca de Xira → Azambuja (~28 km),39.055558,-8.886158,3.176,"Castanheira / Azambuja (events: 2022, 2026)"
B — Vila Franca de Xira → Azambuja (~28 km),39.043395,-8.915505,3.178,"Castanheira / Azambuja (events: 2022, 2026)"
B — Vila Franca de Xira → Azambuja (~28 km),39.034235,-8.93078,3.18,"Castanheira / Azambuja (events: 2022, 2026)"
A — Sacavém / Bobadela → Vila Franca de Xira (~22 km),38.893789,-9.031216,3.181,Alverca / Vila Franca (events: 2026)
B — Vila Franca de Xira → Azambuja (~28 km),38.989478,-8.962327,3.181,"Castanheira / Azambuja (events: 2022, 2026)"
B — Vila Franca de Xira → Azambuja (~28 km),39.050576,-8.900276,3.181,"Castanheira / Azambuja (events: 2022, 2026)"
B — Vila Franca de Xira → Azambuja (~28 km),39.045765,-8.908836,3.181,"Castanheira / Azambuja (events: 2022, 2026)"
B — Vila Franca de Xira → Azambuja (~28 km),39.074496,-8.853373,3.181,"Castanheira / Azambuja (events: 2022, 2026)"
A — Sacavém / Bobadela → Vila Franca de Xira (~22 km),38.880177,-9.042599,3.182,"Póvoa de Santa Iria (events: 2008, 2010, 2026)"
B — Vila Franca de Xira → Azambuja (~28 km),39.058217,-8.882583,3.182,"Castanheira / Azambuja (events: 2022, 2026)"
B — Vila Franca de Xira → Azambuja (~28 km),39.034813,-8.930281,3.182,"Castanheira / Azambuja (events: 2022, 2026)"
A — Sacavém / Bobadela → Vila Franca de Xira (~22 km),38.835988,-9.081563,3.183,"Sacavém / Bobadela (events: 2008, 2014, 2026)"
B — Vila Franca de Xira → Azambuja (~28 km),39.031155,-8.935364,3.184,"Castanheira / Azambuja (events: 2022, 2026)"
B — Vila Franca de Xira → Azambuja (~28 km),39.008716,-8.94492,3.185,"Castanheira / Azambuja (events: 2022, 2026)"
B — Vila Franca de Xira → Azambuja (~28 km),39.043718,-8.901733,3.187,"Castanheira / Azambuja (events: 2022, 2026)"
B — Vila Franca de Xira → Azambuja (~28 km),39.043281,-8.913827,3.187,"Castanheira / Azambuja (events: 2022, 2026)"
B — Vila Franca de Xira → Azambuja (~28 km),39.026702,-8.93847,3.189,"Castanheira / Azambuja (events: 2022, 2026)"
A — Sacavém / Bobadela → Vila Franca de Xira (~22 km),38.87849,-9.046202,3.19,"Póvoa de Santa Iria (events: 2008, 2010, 2026)"
A — Sacavém / Bobadela → Vila Franca de Xira (~22 km),38.846771,-9.072387,3.193,"Sacavém / Bobadela (events: 2008, 2014, 2026)"
A — Sacavém / Bobadela → Vila Franca de Xira (~22 km),38.868692,-9.050211,3.193,"Póvoa de Santa Iria (events: 2008, 2010, 2026)"
B — Vila Franca de Xira → Azambuja (~28 km),39.032665,-8.915331,3.194,"Castanheira / Azambuja (events: 2022, 2026)"
B — Vila Franca de Xira → Azambuja (~28 km),39.039574,-8.90606,3.195,"Castanheira / Azambuja (events: 2022, 2026)"
B — Vila Franca de Xira → Azambuja (~28 km),39.005094,-8.946351,3.195,"Castanheira / Azambuja (events: 2022, 2026)"
B — Vila Franca de Xira → Azambuja (~28 km),39.040467,-8.905732,3.195,"Castanheira / Azambuja (events: 2022, 2026)"
A — Sacavém / Bobadela → Vila Franca de Xira (~22 km),38.876604,-9.048285,3.196,"Póvoa de Santa Iria (events: 2008, 2010, 2026)"
B — Vila Franca de Xira → Azambuja (~28 km),39.060908,-8.8791,3.197,"Castanheira / Azambuja (events: 2022, 2026)"
B — Vila Franca de Xira → Azambuja (~28 km),39.046491,-8.907902,3.197,"Castanheira / Azambuja (events: 2022, 2026)"
B — Vila Franca de Xira → Azambuja (~28 km),39.061876,-8.879687,3.198,"Castanheira / Azambuja (events: 2022, 2026)"
A — Sacavém / Bobadela → Vila Franca de Xira (~22 km),38.864723,-9.050019,3.198,"Póvoa de Santa Iria (events: 2008, 2010, 2026)"
B — Vila Franca de Xira → Azambuja (~28 km),39.037097,-8.902883,3.199,"Castanheira / Azambuja (events: 2022, 2026)"
A — Sacavém / Bobadela → Vila Franca de Xira (~22 km),38.825499,-9.08658,3.2,"Sacavém / Bobadela (events: 2008, 2014, 2026)"
B — Vila Franca de Xira → Azambuja (~28 km),39.061231,-8.880016,3.2,"Castanheira / Azambuja (events: 2022, 2026)"
B — Vila Franca de Xira → Azambuja (~28 km),39.045333,-8.898354,3.201,"Castanheira / Azambuja (events: 2022, 2026)"
A — Sacavém / Bobadela → Vila Franca de Xira (~22 km),38.860261,-9.060445,3.201,"Póvoa de Santa Iria (events: 2008, 2010, 2026)"
A — Sacavém / Bobadela → Vila Franca de Xira (~22 km),38.81256,-9.090823,3.202,"Sacavém / Bobadela (events: 2008, 2014, 2026)"
A — Sacavém / Bobadela → Vila Franca de Xira (~22 km),38.87651,-9.048009,3.202,"Póvoa de Santa Iria (events: 2008, 2010, 2026)"
A — Sacavém / Bobadela → Vila Franca de Xira (~22 km),38.893564,-9.031584,3.202,Alverca / Vila Franca (events: 2026)
B — Vila Franca de Xira → Azambuja (~28 km),39.039167,-8.907332,3.202,"Castanheira / Azambuja (events: 2022, 2026)"
B — Vila Franca de Xira → Azambuja (~28 km),39.03186,-8.915775,3.202,"Castanheira / Azambuja (events: 2022, 2026)"
B — Vila Franca de Xira → Azambuja (~28 km),39.036743,-8.90324,3.203,"Castanheira / Azambuja (events: 2022, 2026)"
B — Vila Franca de Xira → Azambuja (~28 km),39.033923,-8.931586,3.204,"Castanheira / Azambuja (events: 2022, 2026)"
A — Sacavém / Bobadela → Vila Franca de Xira (~22 km),38.813815,-9.087183,3.204,"Sacavém / Bobadela (events: 2008, 2014, 2026)"
B — Vila Franca de Xira → Azambuja (~28 km),38.970591,-8.970042,3.204,Alverca / Vila Franca (events: 2026)
B — Vila Franca de Xira → Azambuja (~28 km),39.03861,-8.907275,3.206,"Castanheira / Azambuja (events: 2022, 2026)"
A — Sacavém / Bobadela → Vila Franca de Xira (~22 km),38.837189,-9.081213,3.207,"Sacavém / Bobadela (events: 2008, 2014, 2026)"
A — Sacavém / Bobadela → Vila Franca de Xira (~22 km),38.812647,-9.088271,3.207,"Sacavém / Bobadela (events: 2008, 2014, 2026)"
A — Sacavém / Bobadela → Vila Franca de Xira (~22 km),38.818134,-9.089205,3.207,"Sacavém / Bobadela (events: 2008, 2014, 2026)"
A — Sacavém / Bobadela → Vila Franca de Xira (~22 km),38.833781,-9.077477,3.211,"Sacavém / Bobadela (events: 2008, 2014, 2026)"
B — Vila Franca de Xira → Azambuja (~28 km),39.02948,-8.918511,3.211,"Castanheira / Azambuja (events: 2022, 2026)"
A — Sacavém / Bobadela → Vila Franca de Xira (~22 km),38.820396,-9.088592,3.211,"Sacavém / Bobadela (events: 2008, 2014, 2026)"
B — Vila Franca de Xira → Azambuja (~28 km),39.032408,-8.933549,3.213,"Castanheira / Azambuja (events: 2022, 2026)"
A — Sacavém / Bobadela → Vila Franca de Xira (~22 km),38.845171,-9.073442,3.213,"Sacavém / Bobadela (events: 2008, 2014, 2026)"
B — Vila Franca de Xira → Azambuja (~28 km),38.97236,-8.968256,3.214,Alverca / Vila Franca (events: 2026)
B — Vila Franca de Xira → Azambuja (~28 km),39.045725,-8.909332,3.214,"Castanheira / Azambuja (events: 2022, 2026)"
B — Vila Franca de Xira → Azambuja (~28 km),39.042713,-8.90151,3.216,"Castanheira / Azambuja (events: 2022, 2026)"
B — Vila Franca de Xira → Azambuja (~28 km),39.03185,-8.934683,3.216,"Castanheira / Azambuja (events: 2022, 2026)"
A — Sacavém / Bobadela → Vila Franca de Xira (~22 km),38.81999,-9.085606,3.216,"Sacavém / Bobadela (events: 2008, 2014, 2026)"
B — Vila Franca de Xira → Azambuja (~28 km),39.041591,-8.903828,3.217,"Castanheira / Azambuja (events: 2022, 2026)"
B — Vila Franca de Xira → Azambuja (~28 km),39.031872,-8.934626,3.217,"Castanheira / Azambuja (events: 2022, 2026)"
B — Vila Franca de Xira → Azambuja (~28 km),39.032665,-8.933073,3.217,"Castanheira / Azambuja (events: 2022, 2026)"
B — Vila Franca de Xira → Azambuja (~28 km),38.997877,-8.956733,3.218,"Castanheira / Azambuja (events: 2022, 2026)"
B — Vila Franca de Xira → Azambuja (~28 km),39.044738,-8.910737,3.218,"Castanheira / Azambuja (events: 2022, 2026)"
B — Vila Franca de Xira → Azambuja (~28 km),39.06111,-8.87894,3.218,"Castanheira / Azambuja (events: 2022, 2026)"
B — Vila Franca de Xira → Azambuja (~28 km),39.046022,-8.90836,3.219,"Castanheira / Azambuja (events: 2022, 2026)"
A — Sacavém / Bobadela → Vila Franca de Xira (~22 km),38.808915,-9.093659,3.219,"Sacavém / Bobadela (events: 2008, 2014, 2026)"
B — Vila Franca de Xira → Azambuja (~28 km),39.031771,-8.915733,3.222,"Castanheira / Azambuja (events: 2022, 2026)"
A — Sacavém / Bobadela → Vila Franca de Xira (~22 km),38.85194,-9.071391,3.224,"Sacavém / Bobadela (events: 2008, 2014, 2026)"
A — Sacavém / Bobadela → Vila Franca de Xira (~22 km),38.81487,-9.08959,3.226,"Sacavém / Bobadela (events: 2008, 2014, 2026)"
B — Vila Franca de Xira → Azambuja (~28 km),38.958564,-8.982188,3.226,Alverca / Vila Franca (events: 2026)
A — Sacavém / Bobadela → Vila Franca de Xira (~22 km),38.807241,-9.0944,3.227,"Sacavém / Bobadela (events: 2008, 2014, 2026)"
B — Vila Franca de Xira → Azambuja (~28 km),38.999235,-8.951191,3.227,"Castanheira / Azambuja (events: 2022, 2026)"
A — Sacavém / Bobadela → Vila Franca de Xira (~22 km),38.795293,-9.091914,3.228,"Sacavém / Bobadela (events: 2008, 2014, 2026)"
B — Vila Franca de Xira → Azambuja (~28 km),38.96953,-8.971114,3.228,Alverca / Vila Franca (events: 2026)
B — Vila Franca de Xira → Azambuja (~28 km),39.050389,-8.900281,3.229,"Castanheira / Azambuja (events: 2022, 2026)"
B — Vila Franca de Xira → Azambuja (~28 km),39.042994,-8.914261,3.23,"Castanheira / Azambuja (events: 2022, 2026)"
A — Sacavém / Bobadela → Vila Franca de Xira (~22 km),38.821325,-9.087868,3.231,"Sacavém / Bobadela (events: 2008, 2014, 2026)"
B — Vila Franca de Xira → Azambuja (~28 km),39.045637,-8.897908,3.232,"Castanheira / Azambuja (events: 2022, 2026)"
B — Vila Franca de Xira → Azambuja (~28 km),38.971653,-8.96897,3.232,Alverca / Vila Franca (events: 2026)
B — Vila Franca de Xira → Azambuja (~28 km),39.020117,-8.92003,3.233,"Castanheira / Azambuja (events: 2022, 2026)"
B — Vila Franca de Xira → Azambuja (~28 km),39.045663,-8.897961,3.234,"Castanheira / Azambuja (events: 2022, 2026)"
B — Vila Franca de Xira → Azambuja (~28 km),39.038737,-8.906223,3.234,"Castanheira / Azambuja (events: 2022, 2026)"
A — Sacavém / Bobadela → Vila Franca de Xira (~22 km),38.826547,-9.082577,3.235,"Sacavém / Bobadela (events: 2008, 2014, 2026)"
B — Vila Franca de Xira → Azambuja (~28 km),39.048465,-8.895493,3.235,"Castanheira / Azambuja (events: 2022, 2026)"
A — Sacavém / Bobadela → Vila Franca de Xira (~22 km),38.83637,-9.079244,3.235,"Sacavém / Bobadela (events: 2008, 2014, 2026)"
A — Sacavém / Bobadela → Vila Franca de Xira (~22 km),38.829408,-9.08495,3.235,"Sacavém / Bobadela (events: 2008, 2014, 2026)"
B — Vila Franca de Xira → Azambuja (~28 km),39.038775,-8.906116,3.236,"Castanheira / Azambuja (events: 2022, 2026)"
A — Sacavém / Bobadela → Vila Franca de Xira (~22 km),38.835987,-9.078448,3.236,"Sacavém / Bobadela (events: 2008, 2014, 2026)"
B — Vila Franca de Xira → Azambuja (~28 km),38.989729,-8.949552,3.238,"Castanheira / Azambuja (events: 2022, 2026)"
B — Vila Franca de Xira → Azambuja (~28 km),38.982619,-8.957896,3.24,"Castanheira / Azambuja (events: 2022, 2026)"
B — Vila Franca de Xira → Azambuja (~28 km),38.998898,-8.951575,3.24,"Castanheira / Azambuja (events: 2022, 2026)"
B — Vila Franca de Xira → Azambuja (~28 km),39.045686,-8.897834,3.241,"Castanheira / Azambuja (events: 2022, 2026)"
B — Vila Franca de Xira → Azambuja (~28 km),39.054151,-8.893603,3.241,"Castanheira / Azambuja (events: 2022, 2026)"
A — Sacavém / Bobadela → Vila Franca de Xira (~22 km),38.814176,-9.089483,3.241,"Sacavém / Bobadela (events: 2008, 2014, 2026)"
A — Sacavém / Bobadela → Vila Franca de Xira (~22 km),38.876865,-9.047655,3.243,"Póvoa de Santa Iria (events: 2008, 2010, 2026)"
A — Sacavém / Bobadela → Vila Franca de Xira (~22 km),38.813442,-9.087731,3.244,"Sacavém / Bobadela (events: 2008, 2014, 2026)"
A — Sacavém / Bobadela → Vila Franca de Xira (~22 km),38.893424,-9.031552,3.244,Alverca / Vila Franca (events: 2026)
A — Sacavém / Bobadela → Vila Franca de Xira (~22 km),38.860337,-9.060466,3.244,"Póvoa de Santa Iria (events: 2008, 2010, 2026)"
A — Sacavém / Bobadela → Vila Franca de Xira (~22 km),38.816616,-9.08732,3.245,"Sacavém / Bobadela (events: 2008, 2014, 2026)"
A — Sacavém / Bobadela → Vila Franca de Xira (~22 km),38.825074,-9.086528,3.246,"Sacavém / Bobadela (events: 2008, 2014, 2026)"
A — Sacavém / Bobadela → Vila Franca de Xira (~22 km),38.815272,-9.089332,3.246,"Sacavém / Bobadela (events: 2008, 2014, 2026)"
B — Vila Franca de Xira → Azambuja (~28 km),39.031848,-8.934632,3.247,"Castanheira / Azambuja (events: 2022, 2026)"
B — Vila Franca de Xira → Azambuja (~28 km),39.03313,-8.912911,3.248,"Castanheira / Azambuja (events: 2022, 2026)"
B — Vila Franca de Xira → Azambuja (~28 km),38.972195,-8.966721,3.248,Alverca / Vila Franca (events: 2026)
B — Vila Franca de Xira → Azambuja (~28 km),39.037216,-8.909732,3.248,"Castanheira / Azambuja (events: 2022, 2026)"
B — Vila Franca de Xira → Azambuja (~28 km),39.038645,-8.907399,3.249,"Castanheira / Azambuja (events: 2022, 2026)"
B — Vila Franca de Xira → Azambuja (~28 km),39.078973,-8.846642,3.249,"Castanheira / Azambuja (events: 2022, 2026)"
B — Vila Franca de Xira → Azambuja (~28 km),39.073101,-8.858303,3.25,"Castanheira / Azambuja (events: 2022, 2026)"
A — Sacavém / Bobadela → Vila Franca de Xira (~22 km),38.845103,-9.072217,3.25,"Sacavém / Bobadela (events: 2008, 2014, 2026)"
B — Vila Franca de Xira → Azambuja (~28 km),39.03398,-8.931257,3.251,"Castanheira / Azambuja (events: 2022, 2026)"
B — Vila Franca de Xira → Azambuja (~28 km),38.972918,-8.975206,3.255,Alverca / Vila Franca (events: 2026)
B — Vila Franca de Xira → Azambuja (~28 km),39.03397,-8.931407,3.256,"Castanheira / Azambuja (events: 2022, 2026)"
B — Vila Franca de Xira → Azambuja (~28 km),39.048793,-8.895097,3.257,"Castanheira / Azambuja (events: 2022, 2026)"
A — Sacavém / Bobadela → Vila Franca de Xira (~22 km),38.821648,-9.087693,3.258,"Sacavém / Bobadela (events: 2008, 2014, 2026)"
B — Vila Franca de Xira → Azambuja (~28 km),39.03411,-8.931003,3.258,"Castanheira / Azambuja (events: 2022, 2026)"
B — Vila Franca de Xira → Azambuja (~28 km),39.031895,-8.934499,3.259,"Castanheira / Azambuja (events: 2022, 2026)"
B — Vila Franca de Xira → Azambuja (~28 km),39.046536,-8.90741,3.261,"Castanheira / Azambuja (events: 2022, 2026)"
B — Vila Franca de Xira → Azambuja (~28 km),38.99487,-8.958547,3.263,"Castanheira / Azambuja (events: 2022, 2026)"
B — Vila Franca de Xira → Azambuja (~28 km),39.034874,-8.929572,3.263,"Castanheira / Azambuja (events: 2022, 2026)"
A — Sacavém / Bobadela → Vila Franca de Xira (~22 km),38.883322,-9.040356,3.263,"Póvoa de Santa Iria (events: 2008, 2010, 2026)"
B — Vila Franca de Xira → Azambuja (~28 km),38.981653,-8.970571,3.264,"Castanheira / Azambuja (events: 2022, 2026)"
A — Sacavém / Bobadela → Vila Franca de Xira (~22 km),38.814526,-9.089421,3.264,"Sacavém / Bobadela (events: 2008, 2014, 2026)"
A — Sacavém / Bobadela → Vila Franca de Xira (~22 km),38.841923,-9.079051,3.265,"Sacavém / Bobadela (events: 2008, 2014, 2026)"
A — Sacavém / Bobadela → Vila Franca de Xira (~22 km),38.87841,-9.046223,3.265,"Póvoa de Santa Iria (events: 2008, 2010, 2026)"
A — Sacavém / Bobadela → Vila Franca de Xira (~22 km),38.815001,-9.089022,3.266,"Sacavém / Bobadela (events: 2008, 2014, 2026)"
B — Vila Franca de Xira → Azambuja (~28 km),39.032966,-8.913515,3.266,"Castanheira / Azambuja (events: 2022, 2026)"
B — Vila Franca de Xira → Azambuja (~28 km),39.057983,-8.882702,3.267,"Castanheira / Azambuja (events: 2022, 2026)"
B — Vila Franca de Xira → Azambuja (~28 km),38.995603,-8.959535,3.267,"Castanheira / Azambuja (events: 2022, 2026)"
B — Vila Franca de Xira → Azambuja (~28 km),39.03759,-8.907415,3.268,"Castanheira / Azambuja (events: 2022, 2026)"
B — Vila Franca de Xira → Azambuja (~28 km),39.037541,-8.909332,3.268,"Castanheira / Azambuja (events: 2022, 2026)"
B — Vila Franca de Xira → Azambuja (~28 km),38.970096,-8.977001,3.27,Alverca / Vila Franca (events: 2026)
B — Vila Franca de Xira → Azambuja (~28 km),38.995988,-8.957386,3.27,"Castanheira / Azambuja (events: 2022, 2026)"
A — Sacavém / Bobadela → Vila Franca de Xira (~22 km),38.82943,-9.084933,3.271,"Sacavém / Bobadela (events: 2008, 2014, 2026)"
A — Sacavém / Bobadela → Vila Franca de Xira (~22 km),38.847768,-9.074804,3.271,"Sacavém / Bobadela (events: 2008, 2014, 2026)"
A — Sacavém / Bobadela → Vila Franca de Xira (~22 km),38.809318,-9.093537,3.272,"Sacavém / Bobadela (events: 2008, 2014, 2026)"
A — Sacavém / Bobadela → Vila Franca de Xira (~22 km),38.881906,-9.046881,3.272,"Póvoa de Santa Iria (events: 2008, 2010, 2026)"
B — Vila Franca de Xira → Azambuja (~28 km),39.080997,-8.842719,3.273,"Castanheira / Azambuja (events: 2022, 2026)"
B — Vila Franca de Xira → Azambuja (~28 km),38.996906,-8.959323,3.273,"Castanheira / Azambuja (events: 2022, 2026)"
B — Vila Franca de Xira → Azambuja (~28 km),39.074029,-8.854363,3.274,"Castanheira / Azambuja (events: 2022, 2026)"
B — Vila Franca de Xira → Azambuja (~28 km),39.051688,-8.898082,3.274,"Castanheira / Azambuja (events: 2022, 2026)"
B — Vila Franca de Xira → Azambuja (~28 km),38.989694,-8.950752,3.274,"Castanheira / Azambuja (events: 2022, 2026)"
B — Vila Franca de Xira → Azambuja (~28 km),39.04294,-8.914063,3.275,"Castanheira / Azambuja (events: 2022, 2026)"
A — Sacavém / Bobadela → Vila Franca de Xira (~22 km),38.853257,-9.065657,3.275,"Sacavém / Bobadela (events: 2008, 2014, 2026)"
B — Vila Franca de Xira → Azambuja (~28 km),38.961632,-8.982386,3.277,Alverca / Vila Franca (events: 2026)
B — Vila Franca de Xira → Azambuja (~28 km),39.02961,-8.918609,3.278,"Castanheira / Azambuja (events: 2022, 2026)"
B — Vila Franca de Xira → Azambuja (~28 km),39.042743,-8.902933,3.278,"Castanheira / Azambuja (events: 2022, 2026)"
B — Vila Franca de Xira → Azambuja (~28 km),39.056449,-8.889314,3.279,"Castanheira / Azambuja (events: 2022, 2026)"
A — Sacavém / Bobadela → Vila Franca de Xira (~22 km),38.868777,-9.05073,3.279,"Póvoa de Santa Iria (events: 2008, 2010, 2026)"
A — Sacavém / Bobadela → Vila Franca de Xira (~22 km),38.878285,-9.046236,3.28,"Póvoa de Santa Iria (events: 2008, 2010, 2026)"
A — Sacavém / Bobadela → Vila Franca de Xira (~22 km),38.854175,-9.067153,3.28,"Sacavém / Bobadela (events: 2008, 2014, 2026)"
B — Vila Franca de Xira → Azambuja (~28 km),39.062857,-8.876699,3.28,"Castanheira / Azambuja (events: 2022, 2026)"
B — Vila Franca de Xira → Azambuja (~28 km),39.02353,-8.940986,3.281,"Castanheira / Azambuja (events: 2022, 2026)"
A — Sacavém / Bobadela → Vila Franca de Xira (~22 km),38.859891,-9.058413,3.281,"Póvoa de Santa Iria (events: 2008, 2010, 2026)"
B — Vila Franca de Xira → Azambuja (~28 km),38.968469,-8.972185,3.281,Alverca / Vila Franca (events: 2026)
B — Vila Franca de Xira → Azambuja (~28 km),39.042724,-8.901384,3.281,"Castanheira / Azambuja (events: 2022, 2026)"
B — Vila Franca de Xira → Azambuja (~28 km),39.056704,-8.888837,3.282,"Castanheira / Azambuja (events: 2022, 2026)"
A — Sacavém / Bobadela → Vila Franca de Xira (~22 km),38.873577,-9.047312,3.283,"Póvoa de Santa Iria (events: 2008, 2010, 2026)"
B — Vila Franca de Xira → Azambuja (~28 km),38.968975,-8.969874,3.283,Alverca / Vila Franca (events: 2026)
A — Sacavém / Bobadela → Vila Franca de Xira (~22 km),38.818762,-9.089485,3.285,"Sacavém / Bobadela (events: 2008, 2014, 2026)"
B — Vila Franca de Xira → Azambuja (~28 km),39.037747,-8.907403,3.285,"Castanheira / Azambuja (events: 2022, 2026)"
B — Vila Franca de Xira → Azambuja (~28 km),39.045312,-8.898309,3.286,"Castanheira / Azambuja (events: 2022, 2026)"
B — Vila Franca de Xira → Azambuja (~28 km),39.061814,-8.879767,3.287,"Castanheira / Azambuja (events: 2022, 2026)"
B — Vila Franca de Xira → Azambuja (~28 km),38.997228,-8.957534,3.287,"Castanheira / Azambuja (events: 2022, 2026)"
B — Vila Franca de Xira → Azambuja (~28 km),39.063599,-8.876507,3.287,"Castanheira / Azambuja (events: 2022, 2026)"
B — Vila Franca de Xira → Azambuja (~28 km),39.07876,-8.847063,3.287,"Castanheira / Azambuja (events: 2022, 2026)"
A — Sacavém / Bobadela → Vila Franca de Xira (~22 km),38.862722,-9.052447,3.287,"Póvoa de Santa Iria (events: 2008, 2010, 2026)"
B — Vila Franca de Xira → Azambuja (~28 km),39.080931,-8.842754,3.288,"Castanheira / Azambuja (events: 2022, 2026)"
B — Vila Franca de Xira → Azambuja (~28 km),38.969693,-8.977258,3.29,Alverca / Vila Franca (events: 2026)
A — Sacavém / Bobadela → Vila Franca de Xira (~22 km),38.83556,-9.078149,3.29,"Sacavém / Bobadela (events: 2008, 2014, 2026)"
A — Sacavém / Bobadela → Vila Franca de Xira (~22 km),38.852332,-9.066301,3.29,"Sacavém / Bobadela (events: 2008, 2014, 2026)"
A — Sacavém / Bobadela → Vila Franca de Xira (~22 km),38.814919,-9.089141,3.291,"Sacavém / Bobadela (events: 2008, 2014, 2026)"
B — Vila Franca de Xira → Azambuja (~28 km),39.019072,-8.920821,3.291,"Castanheira / Azambuja (events: 2022, 2026)"
B — Vila Franca de Xira → Azambuja (~28 km),39.048692,-8.894743,3.292,"Castanheira / Azambuja (events: 2022, 2026)"
B — Vila Franca de Xira → Azambuja (~28 km),39.024318,-8.940428,3.294,"Castanheira / Azambuja (events: 2022, 2026)"
B — Vila Franca de Xira → Azambuja (~28 km),39.031933,-8.934419,3.294,"Castanheira / Azambuja (events: 2022, 2026)"
B — Vila Franca de Xira → Azambuja (~28 km),38.981855,-8.970593,3.295,"Castanheira / Azambuja (events: 2022, 2026)"
B — Vila Franca de Xira → Azambuja (~28 km),39.044959,-8.910762,3.296,"Castanheira / Azambuja (events: 2022, 2026)"
B — Vila Franca de Xira → Azambuja (~28 km),39.044183,-8.913769,3.297,"Castanheira / Azambuja (events: 2022, 2026)"
B — Vila Franca de Xira → Azambuja (~28 km),39.045357,-8.898229,3.298,"Castanheira / Azambuja (events: 2022, 2026)"
A — Sacavém / Bobadela → Vila Franca de Xira (~22 km),38.877724,-9.046969,3.298,"Póvoa de Santa Iria (events: 2008, 2010, 2026)"
B — Vila Franca de Xira → Azambuja (~28 km),39.044368,-8.900933,3.298,"Castanheira / Azambuja (events: 2022, 2026)"
A — Sacavém / Bobadela → Vila Franca de Xira (~22 km),38.809358,-9.093531,3.299,"Sacavém / Bobadela (events: 2008, 2014, 2026)"
A — Sacavém / Bobadela → Vila Franca de Xira (~22 km),38.867597,-9.051571,3.3,"Póvoa de Santa Iria (events: 2008, 2010, 2026)"
B — Vila Franca de Xira → Azambuja (~28 km),39.079009,-8.846581,3.3,"Castanheira / Azambuja (events: 2022, 2026)"
A — Sacavém / Bobadela → Vila Franca de Xira (~22 km),38.809801,-9.093308,3.301,"Sacavém / Bobadela (events: 2008, 2014, 2026)"
A — Sacavém / Bobadela → Vila Franca de Xira (~22 km),38.860116,-9.060516,3.301,"Póvoa de Santa Iria (events: 2008, 2010, 2026)"
A — Sacavém / Bobadela → Vila Franca de Xira (~22 km),38.871922,-9.048487,3.301,"Póvoa de Santa Iria (events: 2008, 2010, 2026)"
B — Vila Franca de Xira → Azambuja (~28 km),39.073292,-8.857682,3.301,"Castanheira / Azambuja (events: 2022, 2026)"
B — Vila Franca de Xira → Azambuja (~28 km),38.996581,-8.959723,3.302,"Castanheira / Azambuja (events: 2022, 2026)"
A — Sacavém / Bobadela → Vila Franca de Xira (~22 km),38.880824,-9.046153,3.302,"Póvoa de Santa Iria (events: 2008, 2010, 2026)"
A — Sacavém / Bobadela → Vila Franca de Xira (~22 km),38.879791,-9.044847,3.303,"Póvoa de Santa Iria (events: 2008, 2010, 2026)"
A — Sacavém / Bobadela → Vila Franca de Xira (~22 km),38.872057,-9.048545,3.304,"Póvoa de Santa Iria (events: 2008, 2010, 2026)"
B — Vila Franca de Xira → Azambuja (~28 km),38.981701,-8.970702,3.304,"Castanheira / Azambuja (events: 2022, 2026)"
B — Vila Franca de Xira → Azambuja (~28 km),39.034517,-8.930716,3.304,"Castanheira / Azambuja (events: 2022, 2026)"
B — Vila Franca de Xira → Azambuja (~28 km),39.044481,-8.911212,3.304,"Castanheira / Azambuja (events: 2022, 2026)"
B — Vila Franca de Xira → Azambuja (~28 km),39.019055,-8.921101,3.305,"Castanheira / Azambuja (events: 2022, 2026)"
B — Vila Franca de Xira → Azambuja (~28 km),39.037787,-8.9073,3.308,"Castanheira / Azambuja (events: 2022, 2026)"
A — Sacavém / Bobadela → Vila Franca de Xira (~22 km),38.911491,-9.017797,3.31,Alverca / Vila Franca (events: 2026)
B — Vila Franca de Xira → Azambuja (~28 km),39.031437,-8.908598,3.31,"Castanheira / Azambuja (events: 2022, 2026)"
B — Vila Franca de Xira → Azambuja (~28 km),39.032015,-8.916131,3.312,"Castanheira / Azambuja (events: 2022, 2026)"
B — Vila Franca de Xira → Azambuja (~28 km),39.032648,-8.933205,3.313,"Castanheira / Azambuja (events: 2022, 2026)"
B — Vila Franca de Xira → Azambuja (~28 km),39.03439,-8.912559,3.315,"Castanheira / Azambuja (events: 2022, 2026)"
B — Vila Franca de Xira → Azambuja (~28 km),39.055269,-8.891251,3.315,"Castanheira / Azambuja (events: 2022, 2026)"
A — Sacavém / Bobadela → Vila Franca de Xira (~22 km),38.91152,-9.017823,3.315,Alverca / Vila Franca (events: 2026)
B — Vila Franca de Xira → Azambuja (~28 km),39.058076,-8.88263,3.316,"Castanheira / Azambuja (events: 2022, 2026)"
B — Vila Franca de Xira → Azambuja (~28 km),38.981774,-8.970471,3.317,"Castanheira / Azambuja (events: 2022, 2026)"
B — Vila Franca de Xira → Azambuja (~28 km),39.0328,-8.913304,3.317,"Castanheira / Azambuja (events: 2022, 2026)"
B — Vila Franca de Xira → Azambuja (~28 km),38.970238,-8.970399,3.318,Alverca / Vila Franca (events: 2026)
B — Vila Franca de Xira → Azambuja (~28 km),38.997466,-8.959087,3.318,"Castanheira / Azambuja (events: 2022, 2026)"
A — Sacavém / Bobadela → Vila Franca de Xira (~22 km),38.858751,-9.059338,3.319,"Póvoa de Santa Iria (events: 2008, 2010, 2026)"
B — Vila Franca de Xira → Azambuja (~28 km),38.96969,-8.969173,3.32,Alverca / Vila Franca (events: 2026)
B — Vila Franca de Xira → Azambuja (~28 km),38.990087,-8.949202,3.32,"Castanheira / Azambuja (events: 2022, 2026)"
B — Vila Franca de Xira → Azambuja (~28 km),39.046593,-8.907624,3.322,"Castanheira / Azambuja (events: 2022, 2026)"
B — Vila Franca de Xira → Azambuja (~28 km),39.043659,-8.915036,3.324,"Castanheira / Azambuja (events: 2022, 2026)"
A — Sacavém / Bobadela → Vila Franca de Xira (~22 km),38.877168,-9.047594,3.324,"Póvoa de Santa Iria (events: 2008, 2010, 2026)"
B — Vila Franca de Xira → Azambuja (~28 km),39.034167,-8.911638,3.325,"Castanheira / Azambuja (events: 2022, 2026)"
B — Vila Franca de Xira → Azambuja (~28 km),39.04965,-8.901899,3.325,"Castanheira / Azambuja (events: 2022, 2026)"
A — Sacavém / Bobadela → Vila Franca de Xira (~22 km),38.876708,-9.048311,3.328,"Póvoa de Santa Iria (events: 2008, 2010, 2026)"
B — Vila Franca de Xira → Azambuja (~28 km),38.981912,-8.958611,3.329,"Castanheira / Azambuja (events: 2022, 2026)"
B — Vila Franca de Xira → Azambuja (~28 km),39.060534,-8.881688,3.329,"Castanheira / Azambuja (events: 2022, 2026)"
B — Vila Franca de Xira → Azambuja (~28 km),39.044546,-8.911419,3.33,"Castanheira / Azambuja (events: 2022, 2026)"
B — Vila Franca de Xira → Azambuja (~28 km),39.041767,-8.904133,3.33,"Castanheira / Azambuja (events: 2022, 2026)"
B — Vila Franca de Xira → Azambuja (~28 km),39.031541,-8.934704,3.33,"Castanheira / Azambuja (events: 2022, 2026)"
B — Vila Franca de Xira → Azambuja (~28 km),39.029807,-8.918115,3.33,"Castanheira / Azambuja (events: 2022, 2026)"
B — Vila Franca de Xira → Azambuja (~28 km),39.029438,-8.936796,3.331,"Castanheira / Azambuja (events: 2022, 2026)"
B — Vila Franca de Xira → Azambuja (~28 km),39.078728,-8.847127,3.331,"Castanheira / Azambuja (events: 2022, 2026)"
B — Vila Franca de Xira → Azambuja (~28 km),39.04215,-8.916005,3.331,"Castanheira / Azambuja (events: 2022, 2026)"
A — Sacavém / Bobadela → Vila Franca de Xira (~22 km),38.87432,-9.050686,3.331,"Póvoa de Santa Iria (events: 2008, 2010, 2026)"
A — Sacavém / Bobadela → Vila Franca de Xira (~22 km),38.808948,-9.093672,3.332,"Sacavém / Bobadela (events: 2008, 2014, 2026)"
A — Sacavém / Bobadela → Vila Franca de Xira (~22 km),38.865506,-9.049451,3.335,"Póvoa de Santa Iria (events: 2008, 2010, 2026)"
B — Vila Franca de Xira → Azambuja (~28 km),38.970406,-8.968472,3.335,Alverca / Vila Franca (events: 2026)
B — Vila Franca de Xira → Azambuja (~28 km),39.001984,-8.951848,3.336,"Castanheira / Azambuja (events: 2022, 2026)"
A — Sacavém / Bobadela → Vila Franca de Xira (~22 km),38.845085,-9.071737,3.337,"Sacavém / Bobadela (events: 2008, 2014, 2026)"
B — Vila Franca de Xira → Azambuja (~28 km),39.00991,-8.943326,3.337,"Castanheira / Azambuja (events: 2022, 2026)"
A — Sacavém / Bobadela → Vila Franca de Xira (~22 km),38.83442,-9.079074,3.337,"Sacavém / Bobadela (events: 2008, 2014, 2026)"
B — Vila Franca de Xira → Azambuja (~28 km),39.009681,-8.943705,3.337,"Castanheira / Azambuja (events: 2022, 2026)"
A — Sacavém / Bobadela → Vila Franca de Xira (~22 km),38.862172,-9.056563,3.338,"Póvoa de Santa Iria (events: 2008, 2010, 2026)"
A — Sacavém / Bobadela → Vila Franca de Xira (~22 km),38.814386,-9.09074,3.338,"Sacavém / Bobadela (events: 2008, 2014, 2026)"
B — Vila Franca de Xira → Azambuja (~28 km),39.03267,-8.907507,3.338,"Castanheira / Azambuja (events: 2022, 2026)"
B — Vila Franca de Xira → Azambuja (~28 km),38.970048,-8.968823,3.34,Alverca / Vila Franca (events: 2026)
A — Sacavém / Bobadela → Vila Franca de Xira (~22 km),38.878524,-9.04629,3.341,"Póvoa de Santa Iria (events: 2008, 2010, 2026)"
B — Vila Franca de Xira → Azambuja (~28 km),39.02356,-8.940724,3.341,"Castanheira / Azambuja (events: 2022, 2026)"
B — Vila Franca de Xira → Azambuja (~28 km),39.019787,-8.92012,3.341,"Castanheira / Azambuja (events: 2022, 2026)"
A — Sacavém / Bobadela → Vila Franca de Xira (~22 km),38.87793,-9.046591,3.342,"Póvoa de Santa Iria (events: 2008, 2010, 2026)"
A — Sacavém / Bobadela → Vila Franca de Xira (~22 km),38.859934,-9.060724,3.343,"Póvoa de Santa Iria (events: 2008, 2010, 2026)"
B — Vila Franca de Xira → Azambuja (~28 km),39.010002,-8.943301,3.344,"Castanheira / Azambuja (events: 2022, 2026)"
B — Vila Franca de Xira → Azambuja (~28 km),39.044555,-8.911441,3.345,"Castanheira / Azambuja (events: 2022, 2026)"
B — Vila Franca de Xira → Azambuja (~28 km),39.074535,-8.855269,3.346,"Castanheira / Azambuja (events: 2022, 2026)"
A — Sacavém / Bobadela → Vila Franca de Xira (~22 km),38.852089,-9.066525,3.346,"Sacavém / Bobadela (events: 2008, 2014, 2026)"
A — Sacavém / Bobadela → Vila Franca de Xira (~22 km),38.873348,-9.050683,3.347,"Póvoa de Santa Iria (events: 2008, 2010, 2026)"
A — Sacavém / Bobadela → Vila Franca de Xira (~22 km),38.880062,-9.046767,3.348,"Póvoa de Santa Iria (events: 2008, 2010, 2026)"
B — Vila Franca de Xira → Azambuja (~28 km),39.034239,-8.930943,3.348,"Castanheira / Azambuja (events: 2022, 2026)"
B — Vila Franca de Xira → Azambuja (~28 km),39.023952,-8.940442,3.348,"Castanheira / Azambuja (events: 2022, 2026)"
A — Sacavém / Bobadela → Vila Franca de Xira (~22 km),38.845571,-9.073179,3.349,"Sacavém / Bobadela (events: 2008, 2014, 2026)"
B — Vila Franca de Xira → Azambuja (~28 km),39.043982,-8.900119,3.35,"Castanheira / Azambuja (events: 2022, 2026)"
B — Vila Franca de Xira → Azambuja (~28 km),38.969332,-8.969524,3.351,Alverca / Vila Franca (events: 2026)
A — Sacavém / Bobadela → Vila Franca de Xira (~22 km),38.884611,-9.039989,3.351,"Póvoa de Santa Iria (events: 2008, 2010, 2026)"
B — Vila Franca de Xira → Azambuja (~28 km),39.034898,-8.910487,3.352,"Castanheira / Azambuja (events: 2022, 2026)"
B — Vila Franca de Xira → Azambuja (~28 km),38.96929,-8.977514,3.352,Alverca / Vila Franca (events: 2026)
B — Vila Franca de Xira → Azambuja (~28 km),39.009584,-8.943726,3.354,"Castanheira / Azambuja (events: 2022, 2026)"
A — Sacavém / Bobadela → Vila Franca de Xira (~22 km),38.808904,-9.093702,3.354,"Sacavém / Bobadela (events: 2008, 2014, 2026)"
B — Vila Franca de Xira → Azambuja (~28 km),39.060407,-8.881746,3.354,"Castanheira / Azambuja (events: 2022, 2026)"
B — Vila Franca de Xira → Azambuja (~28 km),39.029931,-8.918204,3.354,"Castanheira / Azambuja (events: 2022, 2026)"
B — Vila Franca de Xira → Azambuja (~28 km),39.073346,-8.857818,3.355,"Castanheira / Azambuja (events: 2022, 2026)"
B — Vila Franca de Xira → Azambuja (~28 km),39.029634,-8.936597,3.355,"Castanheira / Azambuja (events: 2022, 2026)"
A — Sacavém / Bobadela → Vila Franca de Xira (~22 km),38.839637,-9.07579,3.355,"Sacavém / Bobadela (events: 2008, 2014, 2026)"
A — Sacavém / Bobadela → Vila Franca de Xira (~22 km),38.809782,-9.09334,3.356,"Sacavém / Bobadela (events: 2008, 2014, 2026)"
B — Vila Franca de Xira → Azambuja (~28 km),39.061811,-8.879304,3.357,"Castanheira / Azambuja (events: 2022, 2026)"
A — Sacavém / Bobadela → Vila Franca de Xira (~22 km),38.854371,-9.067377,3.357,"Sacavém / Bobadela (events: 2008, 2014, 2026)"
B — Vila Franca de Xira → Azambuja (~28 km),39.03784,-8.907513,3.357,"Castanheira / Azambuja (events: 2022, 2026)"
A — Sacavém / Bobadela → Vila Franca de Xira (~22 km),38.812167,-9.091104,3.357,"Sacavém / Bobadela (events: 2008, 2014, 2026)"
A — Sacavém / Bobadela → Vila Franca de Xira (~22 km),38.897076,-9.028184,3.358,Alverca / Vila Franca (events: 2026)
B — Vila Franca de Xira → Azambuja (~28 km),39.046615,-8.90763,3.358,"Castanheira / Azambuja (events: 2022, 2026)"
B — Vila Franca de Xira → Azambuja (~28 km),39.039762,-8.904933,3.359,"Castanheira / Azambuja (events: 2022, 2026)"
B — Vila Franca de Xira → Azambuja (~28 km),39.03115,-8.934989,3.36,"Castanheira / Azambuja (events: 2022, 2026)"
B — Vila Franca de Xira → Azambuja (~28 km),39.056783,-8.888539,3.361,"Castanheira / Azambuja (events: 2022, 2026)"
A — Sacavém / Bobadela → Vila Franca de Xira (~22 km),38.850689,-9.070966,3.361,"Sacavém / Bobadela (events: 2008, 2014, 2026)"
B — Vila Franca de Xira → Azambuja (~28 km),39.002639,-8.951054,3.362,"Castanheira / Azambuja (events: 2022, 2026)"
B — Vila Franca de Xira → Azambuja (~28 km),39.034266,-8.911914,3.362,"Castanheira / Azambuja (events: 2022, 2026)"
B — Vila Franca de Xira → Azambuja (~28 km),39.040217,-8.905251,3.362,"Castanheira / Azambuja (events: 2022, 2026)"
A — Sacavém / Bobadela → Vila Franca de Xira (~22 km),38.911339,-9.018001,3.362,Alverca / Vila Franca (events: 2026)
B — Vila Franca de Xira → Azambuja (~28 km),39.048574,-8.894726,3.363,"Castanheira / Azambuja (events: 2022, 2026)"
A — Sacavém / Bobadela → Vila Franca de Xira (~22 km),38.877388,-9.047459,3.364,"Póvoa de Santa Iria (events: 2008, 2010, 2026)"
B — Vila Franca de Xira → Azambuja (~28 km),39.056193,-8.88979,3.365,"Castanheira / Azambuja (events: 2022, 2026)"
B — Vila Franca de Xira → Azambuja (~28 km),38.981944,-8.970534,3.368,"Castanheira / Azambuja (events: 2022, 2026)"
A — Sacavém / Bobadela → Vila Franca de Xira (~22 km),38.843381,-9.072953,3.369,"Sacavém / Bobadela (events: 2008, 2014, 2026)"
B — Vila Franca de Xira → Azambuja (~28 km),39.074569,-8.855388,3.369,"Castanheira / Azambuja (events: 2022, 2026)"
B — Vila Franca de Xira → Azambuja (~28 km),39.034063,-8.932005,3.369,"Castanheira / Azambuja (events: 2022, 2026)"
A — Sacavém / Bobadela → Vila Franca de Xira (~22 km),38.879861,-9.044897,3.372,"Póvoa de Santa Iria (events: 2008, 2010, 2026)"
A — Sacavém / Bobadela → Vila Franca de Xira (~22 km),38.82877,-9.084254,3.373,"Sacavém / Bobadela (events: 2008, 2014, 2026)"
B — Vila Franca de Xira → Azambuja (~28 km),38.981551,-8.970814,3.374,"Castanheira / Azambuja (events: 2022, 2026)"
B — Vila Franca de Xira → Azambuja (~28 km),39.03285,-8.913215,3.375,"Castanheira / Azambuja (events: 2022, 2026)"
B — Vila Franca de Xira → Azambuja (~28 km),39.045829,-8.909056,3.376,"Castanheira / Azambuja (events: 2022, 2026)"
B — Vila Franca de Xira → Azambuja (~28 km),39.043645,-8.914697,3.377,"Castanheira / Azambuja (events: 2022, 2026)"
B — Vila Franca de Xira → Azambuja (~28 km),39.040634,-8.89931,3.377,"Castanheira / Azambuja (events: 2022, 2026)"
B — Vila Franca de Xira → Azambuja (~28 km),39.046236,-8.908379,3.379,"Castanheira / Azambuja (events: 2022, 2026)"
A — Sacavém / Bobadela → Vila Franca de Xira (~22 km),38.873491,-9.050602,3.38,"Póvoa de Santa Iria (events: 2008, 2010, 2026)"
B — Vila Franca de Xira → Azambuja (~28 km),39.008531,-8.943911,3.38,"Castanheira / Azambuja (events: 2022, 2026)"
B — Vila Franca de Xira → Azambuja (~28 km),39.036891,-8.910132,3.381,"Castanheira / Azambuja (events: 2022, 2026)"
B — Vila Franca de Xira → Azambuja (~28 km),38.99847,-8.958572,3.382,"Castanheira / Azambuja (events: 2022, 2026)"
A — Sacavém / Bobadela → Vila Franca de Xira (~22 km),38.849285,-9.073563,3.383,"Sacavém / Bobadela (events: 2008, 2014, 2026)"
A — Sacavém / Bobadela → Vila Franca de Xira (~22 km),38.820042,-9.088938,3.383,"Sacavém / Bobadela (events: 2008, 2014, 2026)"
A — Sacavém / Bobadela → Vila Franca de Xira (~22 km),38.834968,-9.079264,3.383,"Sacavém / Bobadela (events: 2008, 2014, 2026)"
A — Sacavém / Bobadela → Vila Franca de Xira (~22 km),38.830258,-9.080505,3.384,"Sacavém / Bobadela (events: 2008, 2014, 2026)"
B — Vila Franca de Xira → Azambuja (~28 km),39.029829,-8.93651,3.385,"Castanheira / Azambuja (events: 2022, 2026)"
B — Vila Franca de Xira → Azambuja (~28 km),39.036681,-8.909781,3.387,"Castanheira / Azambuja (events: 2022, 2026)"
B — Vila Franca de Xira → Azambuja (~28 km),39.030023,-8.936307,3.389,"Castanheira / Azambuja (events: 2022, 2026)"
A — Sacavém / Bobadela → Vila Franca de Xira (~22 km),38.911076,-9.018019,3.39,Alverca / Vila Franca (events: 2026)
B — Vila Franca de Xira → Azambuja (~28 km),39.006984,-8.946925,3.391,"Castanheira / Azambuja (events: 2022, 2026)"
B — Vila Franca de Xira → Azambuja (~28 km),39.029975,-8.935843,3.391,"Castanheira / Azambuja (events: 2022, 2026)"
A — Sacavém / Bobadela → Vila Franca de Xira (~22 km),38.820137,-9.085777,3.391,"Sacavém / Bobadela (events: 2008, 2014, 2026)"
B — Vila Franca de Xira → Azambuja (~28 km),39.061384,-8.881064,3.392,"Castanheira / Azambuja (events: 2022, 2026)"
A — Sacavém / Bobadela → Vila Franca de Xira (~22 km),38.885318,-9.039275,3.394,"Póvoa de Santa Iria (events: 2008, 2010, 2026)"
A — Sacavém / Bobadela → Vila Franca de Xira (~22 km),38.885288,-9.038955,3.394,"Póvoa de Santa Iria (events: 2008, 2010, 2026)"
A — Sacavém / Bobadela → Vila Franca de Xira (~22 km),38.911105,-9.018044,3.394,Alverca / Vila Franca (events: 2026)
B — Vila Franca de Xira → Azambuja (~28 km),39.041824,-8.903227,3.394,"Castanheira / Azambuja (events: 2022, 2026)"
A — Sacavém / Bobadela → Vila Franca de Xira (~22 km),38.807161,-9.094443,3.394,"Sacavém / Bobadela (events: 2008, 2014, 2026)"
B — Vila Franca de Xira → Azambuja (~28 km),39.051788,-8.898158,3.394,"Castanheira / Azambuja (events: 2022, 2026)"
A — Sacavém / Bobadela → Vila Franca de Xira (~22 km),38.830618,-9.082158,3.394,"Sacavém / Bobadela (events: 2008, 2014, 2026)"
A — Sacavém / Bobadela → Vila Franca de Xira (~22 km),38.820362,-9.08603,3.396,"Sacavém / Bobadela (events: 2008, 2014, 2026)"
A — Sacavém / Bobadela → Vila Franca de Xira (~22 km),38.807843,-9.094188,3.396,"Sacavém / Bobadela (events: 2008, 2014, 2026)"
B — Vila Franca de Xira → Azambuja (~28 km),39.045839,-8.909051,3.398,"Castanheira / Azambuja (events: 2022, 2026)"
B — Vila Franca de Xira → Azambuja (~28 km),39.007549,-8.945101,3.398,"Castanheira / Azambuja (events: 2022, 2026)"
B — Vila Franca de Xira → Azambuja (~28 km),39.037546,-8.924044,3.399,"Castanheira / Azambuja (events: 2022, 2026)"
B — Vila Franca de Xira → Azambuja (~28 km),39.056019,-8.889971,3.399,"Castanheira / Azambuja (events: 2022, 2026)"
B — Vila Franca de Xira → Azambuja (~28 km),39.008609,-8.944925,3.4,"Castanheira / Azambuja (events: 2022, 2026)"
B — Vila Franca de Xira → Azambuja (~28 km),39.022928,-8.940967,3.4,"Castanheira / Azambuja (events: 2022, 2026)"
A — Sacavém / Bobadela → Vila Franca de Xira (~22 km),38.876702,-9.048205,3.4,"Póvoa de Santa Iria (events: 2008, 2010, 2026)"
A — Sacavém / Bobadela → Vila Franca de Xira (~22 km),38.814589,-9.089253,3.4,"Sacavém / Bobadela (events: 2008, 2014, 2026)"
B — Vila Franca de Xira → Azambuja (~28 km),39.022774,-8.941287,3.401,"Castanheira / Azambuja (events: 2022, 2026)"
A — Sacavém / Bobadela → Vila Franca de Xira (~22 km),38.865821,-9.050102,3.401,"Póvoa de Santa Iria (events: 2008, 2010, 2026)"
B — Vila Franca de Xira → Azambuja (~28 km),39.043393,-8.902133,3.402,"Castanheira / Azambuja (events: 2022, 2026)"
B — Vila Franca de Xira → Azambuja (~28 km),39.030042,-8.917117,3.403,"Castanheira / Azambuja (events: 2022, 2026)"
B — Vila Franca de Xira → Azambuja (~28 km),38.988987,-8.951466,3.405,"Castanheira / Azambuja (events: 2022, 2026)"
B — Vila Franca de Xira → Azambuja (~28 km),39.034562,-8.910871,3.406,"Castanheira / Azambuja (events: 2022, 2026)"
A — Sacavém / Bobadela → Vila Franca de Xira (~22 km),38.863548,-9.050871,3.409,"Póvoa de Santa Iria (events: 2008, 2010, 2026)"
B — Vila Franca de Xira → Azambuja (~28 km),39.040282,-8.905415,3.41,"Castanheira / Azambuja (events: 2022, 2026)"
A — Sacavém / Bobadela → Vila Franca de Xira (~22 km),38.859872,-9.060735,3.41,"Póvoa de Santa Iria (events: 2008, 2010, 2026)"
B — Vila Franca de Xira → Azambuja (~28 km),39.008274,-8.943928,3.411,"Castanheira / Azambuja (events: 2022, 2026)"
A — Sacavém / Bobadela → Vila Franca de Xira (~22 km),38.81225,-9.088541,3.413,"Sacavém / Bobadela (events: 2008, 2014, 2026)"
B — Vila Franca de Xira → Azambuja (~28 km),39.033315,-8.914531,3.413,"Castanheira / Azambuja (events: 2022, 2026)"
B — Vila Franca de Xira → Azambuja (~28 km),39.036566,-8.910532,3.414,"Castanheira / Azambuja (events: 2022, 2026)"
B — Vila Franca de Xira → Azambuja (~28 km),39.056811,-8.8884,3.414,"Castanheira / Azambuja (events: 2022, 2026)"
A — Sacavém / Bobadela → Vila Franca de Xira (~22 km),38.808065,-9.094035,3.415,"Sacavém / Bobadela (events: 2008, 2014, 2026)"
B — Vila Franca de Xira → Azambuja (~28 km),39.061485,-8.878904,3.415,"Castanheira / Azambuja (events: 2022, 2026)"
B — Vila Franca de Xira → Azambuja (~28 km),39.034225,-8.911255,3.416,"Castanheira / Azambuja (events: 2022, 2026)"
A — Sacavém / Bobadela → Vila Franca de Xira (~22 km),38.876698,-9.048095,3.417,"Póvoa de Santa Iria (events: 2008, 2010, 2026)"
B — Vila Franca de Xira → Azambuja (~28 km),39.057896,-8.882987,3.418,"Castanheira / Azambuja (events: 2022, 2026)"
B — Vila Franca de Xira → Azambuja (~28 km),39.022742,-8.941544,3.418,"Castanheira / Azambuja (events: 2022, 2026)"
B — Vila Franca de Xira → Azambuja (~28 km),38.981386,-8.970763,3.418,"Castanheira / Azambuja (events: 2022, 2026)"
B — Vila Franca de Xira → Azambuja (~28 km),38.96526,-8.980078,3.419,Alverca / Vila Franca (events: 2026)
B — Vila Franca de Xira → Azambuja (~28 km),38.994188,-8.956951,3.42,"Castanheira / Azambuja (events: 2022, 2026)"
B — Vila Franca de Xira → Azambuja (~28 km),38.980576,-8.970334,3.42,"Castanheira / Azambuja (events: 2022, 2026)"
B — Vila Franca de Xira → Azambuja (~28 km),39.046174,-8.898271,3.42,"Castanheira / Azambuja (events: 2022, 2026)"
A — Sacavém / Bobadela → Vila Franca de Xira (~22 km),38.884407,-9.039803,3.422,"Póvoa de Santa Iria (events: 2008, 2010, 2026)"
B — Vila Franca de Xira → Azambuja (~28 km),39.03346,-8.932863,3.422,"Castanheira / Azambuja (events: 2022, 2026)"
A — Sacavém / Bobadela → Vila Franca de Xira (~22 km),38.835866,-9.081551,3.423,"Sacavém / Bobadela (events: 2008, 2014, 2026)"
B — Vila Franca de Xira → Azambuja (~28 km),39.033291,-8.913115,3.423,"Castanheira / Azambuja (events: 2022, 2026)"
B — Vila Franca de Xira → Azambuja (~28 km),39.032389,-8.933679,3.424,"Castanheira / Azambuja (events: 2022, 2026)"
B — Vila Franca de Xira → Azambuja (~28 km),39.061369,-8.879951,3.424,"Castanheira / Azambuja (events: 2022, 2026)"
A — Sacavém / Bobadela → Vila Franca de Xira (~22 km),38.813739,-9.089982,3.427,"Sacavém / Bobadela (events: 2008, 2014, 2026)"
A — Sacavém / Bobadela → Vila Franca de Xira (~22 km),38.873102,-9.050891,3.427,"Póvoa de Santa Iria (events: 2008, 2010, 2026)"
B — Vila Franca de Xira → Azambuja (~28 km),39.030135,-8.917718,3.428,"Castanheira / Azambuja (events: 2022, 2026)"
B — Vila Franca de Xira → Azambuja (~28 km),38.999502,-8.954733,3.429,"Castanheira / Azambuja (events: 2022, 2026)"
A — Sacavém / Bobadela → Vila Franca de Xira (~22 km),38.868635,-9.05132,3.429,"Póvoa de Santa Iria (events: 2008, 2010, 2026)"
B — Vila Franca de Xira → Azambuja (~28 km),39.008203,-8.944308,3.429,"Castanheira / Azambuja (events: 2022, 2026)"
B — Vila Franca de Xira → Azambuja (~28 km),39.033164,-8.932799,3.43,"Castanheira / Azambuja (events: 2022, 2026)"
B — Vila Franca de Xira → Azambuja (~28 km),39.046003,-8.897965,3.43,"Castanheira / Azambuja (events: 2022, 2026)"
A — Sacavém / Bobadela → Vila Franca de Xira (~22 km),38.826538,-9.082116,3.433,"Sacavém / Bobadela (events: 2008, 2014, 2026)"
B — Vila Franca de Xira → Azambuja (~28 km),39.03636,-8.910108,3.433,"Castanheira / Azambuja (events: 2022, 2026)"
A — Sacavém / Bobadela → Vila Franca de Xira (~22 km),38.823375,-9.087049,3.433,"Sacavém / Bobadela (events: 2008, 2014, 2026)"
A — Sacavém / Bobadela → Vila Franca de Xira (~22 km),38.877492,-9.047405,3.435,"Póvoa de Santa Iria (events: 2008, 2010, 2026)"
B — Vila Franca de Xira → Azambuja (~28 km),39.036354,-8.910177,3.435,"Castanheira / Azambuja (events: 2022, 2026)"
A — Sacavém / Bobadela → Vila Franca de Xira (~22 km),38.879785,-9.044733,3.439,"Póvoa de Santa Iria (events: 2008, 2010, 2026)"
A — Sacavém / Bobadela → Vila Franca de Xira (~22 km),38.848147,-9.074493,3.44,"Sacavém / Bobadela (events: 2008, 2014, 2026)"
A — Sacavém / Bobadela → Vila Franca de Xira (~22 km),38.820503,-9.085982,3.441,"Sacavém / Bobadela (events: 2008, 2014, 2026)"
B — Vila Franca de Xira → Azambuja (~28 km),39.01943,-8.920471,3.441,"Castanheira / Azambuja (events: 2022, 2026)"
B — Vila Franca de Xira → Azambuja (~28 km),38.997729,-8.957007,3.442,"Castanheira / Azambuja (events: 2022, 2026)"
B — Vila Franca de Xira → Azambuja (~28 km),39.032498,-8.907527,3.442,"Castanheira / Azambuja (events: 2022, 2026)"
A — Sacavém / Bobadela → Vila Franca de Xira (~22 km),38.842371,-9.075288,3.442,"Sacavém / Bobadela (events: 2008, 2014, 2026)"
A — Sacavém / Bobadela → Vila Franca de Xira (~22 km),38.805517,-9.094317,3.442,"Sacavém / Bobadela (events: 2008, 2014, 2026)"
B — Vila Franca de Xira → Azambuja (~28 km),39.044805,-8.910945,3.443,"Castanheira / Azambuja (events: 2022, 2026)"
A — Sacavém / Bobadela → Vila Franca de Xira (~22 km),38.872959,-9.050972,3.443,"Póvoa de Santa Iria (events: 2008, 2010, 2026)"
B — Vila Franca de Xira → Azambuja (~28 km),39.045909,-8.894543,3.444,"Castanheira / Azambuja (events: 2022, 2026)"
B — Vila Franca de Xira → Azambuja (~28 km),39.063579,-8.876455,3.444,"Castanheira / Azambuja (events: 2022, 2026)"
B — Vila Franca de Xira → Azambuja (~28 km),38.988279,-8.95218,3.444,"Castanheira / Azambuja (events: 2022, 2026)"
B — Vila Franca de Xira → Azambuja (~28 km),38.98934,-8.951109,3.444,"Castanheira / Azambuja (events: 2022, 2026)"
A — Sacavém / Bobadela → Vila Franca de Xira (~22 km),38.837309,-9.081212,3.445,"Sacavém / Bobadela (events: 2008, 2014, 2026)"
A — Sacavém / Bobadela → Vila Franca de Xira (~22 km),38.864659,-9.050981,3.445,"Póvoa de Santa Iria (events: 2008, 2010, 2026)"
A — Sacavém / Bobadela → Vila Franca de Xira (~22 km),38.79548,-9.092333,3.447,"Sacavém / Bobadela (events: 2008, 2014, 2026)"
B — Vila Franca de Xira → Azambuja (~28 km),39.032198,-8.934317,3.447,"Castanheira / Azambuja (events: 2022, 2026)"
A — Sacavém / Bobadela → Vila Franca de Xira (~22 km),38.829909,-9.083028,3.447,"Sacavém / Bobadela (events: 2008, 2014, 2026)"
B — Vila Franca de Xira → Azambuja (~28 km),39.05541,-8.891527,3.448,"Castanheira / Azambuja (events: 2022, 2026)"
B — Vila Franca de Xira → Azambuja (~28 km),39.031197,-8.914711,3.449,"Castanheira / Azambuja (events: 2022, 2026)"
B — Vila Franca de Xira → Azambuja (~28 km),39.036681,-8.909703,3.451,"Castanheira / Azambuja (events: 2022, 2026)"
B — Vila Franca de Xira → Azambuja (~28 km),38.995658,-8.95778,3.451,"Castanheira / Azambuja (events: 2022, 2026)"
B — Vila Franca de Xira → Azambuja (~28 km),39.037821,-8.923733,3.454,"Castanheira / Azambuja (events: 2022, 2026)"
B — Vila Franca de Xira → Azambuja (~28 km),39.037336,-8.908987,3.455,"Castanheira / Azambuja (events: 2022, 2026)"
B — Vila Franca de Xira → Azambuja (~28 km),39.04481,-8.910964,3.455,"Castanheira / Azambuja (events: 2022, 2026)"
B — Vila Franca de Xira → Azambuja (~28 km),39.034431,-8.912537,3.457,"Castanheira / Azambuja (events: 2022, 2026)"
A — Sacavém / Bobadela → Vila Franca de Xira (~22 km),38.874026,-9.050491,3.458,"Póvoa de Santa Iria (events: 2008, 2010, 2026)"
B — Vila Franca de Xira → Azambuja (~28 km),39.0409,-8.899448,3.459,"Castanheira / Azambuja (events: 2022, 2026)"
A — Sacavém / Bobadela → Vila Franca de Xira (~22 km),38.807237,-9.094489,3.46,"Sacavém / Bobadela (events: 2008, 2014, 2026)"
B — Vila Franca de Xira → Azambuja (~28 km),39.046001,-8.897815,3.461,"Castanheira / Azambuja (events: 2022, 2026)"
A — Sacavém / Bobadela → Vila Franca de Xira (~22 km),38.878939,-9.046548,3.461,"Póvoa de Santa Iria (events: 2008, 2010, 2026)"
B — Vila Franca de Xira → Azambuja (~28 km),38.981461,-8.970871,3.462,"Castanheira / Azambuja (events: 2022, 2026)"
A — Sacavém / Bobadela → Vila Franca de Xira (~22 km),38.876746,-9.048217,3.462,"Póvoa de Santa Iria (events: 2008, 2010, 2026)"
B — Vila Franca de Xira → Azambuja (~28 km),39.038599,-8.906263,3.462,"Castanheira / Azambuja (events: 2022, 2026)"
B — Vila Franca de Xira → Azambuja (~28 km),39.080562,-8.840499,3.462,"Castanheira / Azambuja (events: 2022, 2026)"
B — Vila Franca de Xira → Azambuja (~28 km),39.057864,-8.883242,3.462,"Castanheira / Azambuja (events: 2022, 2026)"
B — Vila Franca de Xira → Azambuja (~28 km),39.039927,-8.900025,3.463,"Castanheira / Azambuja (events: 2022, 2026)"
A — Sacavém / Bobadela → Vila Franca de Xira (~22 km),38.807225,-9.094487,3.463,"Sacavém / Bobadela (events: 2008, 2014, 2026)"
B — Vila Franca de Xira → Azambuja (~28 km),39.038935,-8.905879,3.463,"Castanheira / Azambuja (events: 2022, 2026)"
A — Sacavém / Bobadela → Vila Franca de Xira (~22 km),38.911756,-9.017784,3.463,Alverca / Vila Franca (events: 2026)
A — Sacavém / Bobadela → Vila Franca de Xira (~22 km),38.87711,-9.047683,3.464,"Póvoa de Santa Iria (events: 2008, 2010, 2026)"
A — Sacavém / Bobadela → Vila Franca de Xira (~22 km),38.847388,-9.075114,3.465,"Sacavém / Bobadela (events: 2008, 2014, 2026)"
A — Sacavém / Bobadela → Vila Franca de Xira (~22 km),38.877731,-9.047086,3.465,"Póvoa de Santa Iria (events: 2008, 2010, 2026)"
A — Sacavém / Bobadela → Vila Franca de Xira (~22 km),38.872713,-9.051181,3.466,"Póvoa de Santa Iria (events: 2008, 2010, 2026)"
B — Vila Franca de Xira → Azambuja (~28 km),39.06346,-8.876538,3.467,"Castanheira / Azambuja (events: 2022, 2026)"
B — Vila Franca de Xira → Azambuja (~28 km),39.019,-8.94414,3.467,"Castanheira / Azambuja (events: 2022, 2026)"
B — Vila Franca de Xira → Azambuja (~28 km),38.996499,-8.959965,3.467,"Castanheira / Azambuja (events: 2022, 2026)"
A — Sacavém / Bobadela → Vila Franca de Xira (~22 km),38.821169,-9.088071,3.467,"Sacavém / Bobadela (events: 2008, 2014, 2026)"
A — Sacavém / Bobadela → Vila Franca de Xira (~22 km),38.807661,-9.094298,3.467,"Sacavém / Bobadela (events: 2008, 2014, 2026)"
B — Vila Franca de Xira → Azambuja (~28 km),38.995859,-8.957367,3.468,"Castanheira / Azambuja (events: 2022, 2026)"
B — Vila Franca de Xira → Azambuja (~28 km),39.031023,-8.935371,3.468,"Castanheira / Azambuja (events: 2022, 2026)"
B — Vila Franca de Xira → Azambuja (~28 km),39.046674,-8.896651,3.468,"Castanheira / Azambuja (events: 2022, 2026)"
B — Vila Franca de Xira → Azambuja (~28 km),39.001583,-8.950682,3.468,"Castanheira / Azambuja (events: 2022, 2026)"
B — Vila Franca de Xira → Azambuja (~28 km),38.995529,-8.95776,3.468,"Castanheira / Azambuja (events: 2022, 2026)"
B — Vila Franca de Xira → Azambuja (~28 km),39.039726,-8.905042,3.469,"Castanheira / Azambuja (events: 2022, 2026)"
B — Vila Franca de Xira → Azambuja (~28 km),39.005585,-8.947482,3.47,"Castanheira / Azambuja (events: 2022, 2026)"
B — Vila Franca de Xira → Azambuja (~28 km),39.043549,-8.915571,3.47,"Castanheira / Azambuja (events: 2022, 2026)"
B — Vila Franca de Xira → Azambuja (~28 km),39.04832,-8.894679,3.471,"Castanheira / Azambuja (events: 2022, 2026)"
B — Vila Franca de Xira → Azambuja (~28 km),38.998532,-8.957323,3.472,"Castanheira / Azambuja (events: 2022, 2026)"
A — Sacavém / Bobadela → Vila Franca de Xira (~22 km),38.87704,-9.04772,3.474,"Póvoa de Santa Iria (events: 2008, 2010, 2026)"
B — Vila Franca de Xira → Azambuja (~28 km),39.031342,-8.915516,3.474,"Castanheira / Azambuja (events: 2022, 2026)"
B — Vila Franca de Xira → Azambuja (~28 km),39.026452,-8.938405,3.474,"Castanheira / Azambuja (events: 2022, 2026)"
B — Vila Franca de Xira → Azambuja (~28 km),39.018714,-8.921171,3.474,"Castanheira / Azambuja (events: 2022, 2026)"
B — Vila Franca de Xira → Azambuja (~28 km),38.992413,-8.962854,3.475,"Castanheira / Azambuja (events: 2022, 2026)"
B — Vila Franca de Xira → Azambuja (~28 km),38.962035,-8.98213,3.475,Alverca / Vila Franca (events: 2026)
B — Vila Franca de Xira → Azambuja (~28 km),39.031667,-8.915116,3.475,"Castanheira / Azambuja (events: 2022, 2026)"
A — Sacavém / Bobadela → Vila Franca de Xira (~22 km),38.8778,-9.046943,3.475,"Póvoa de Santa Iria (events: 2008, 2010, 2026)"
B — Vila Franca de Xira → Azambuja (~28 km),39.043883,-8.90105,3.475,"Castanheira / Azambuja (events: 2022, 2026)"
B — Vila Franca de Xira → Azambuja (~28 km),39.036606,-8.903652,3.475,"Castanheira / Azambuja (events: 2022, 2026)"
B — Vila Franca de Xira → Azambuja (~28 km),39.050754,-8.900052,3.476,"Castanheira / Azambuja (events: 2022, 2026)"
A — Sacavém / Bobadela → Vila Franca de Xira (~22 km),38.873728,-9.043488,3.477,"Póvoa de Santa Iria (events: 2008, 2010, 2026)"
B — Vila Franca de Xira → Azambuja (~28 km),38.996893,-8.959686,3.477,"Castanheira / Azambuja (events: 2022, 2026)"
B — Vila Franca de Xira → Azambuja (~28 km),39.043172,-8.914098,3.477,"Castanheira / Azambuja (events: 2022, 2026)"
B — Vila Franca de Xira → Azambuja (~28 km),39.063687,-8.876371,3.479,"Castanheira / Azambuja (events: 2022, 2026)"
B — Vila Franca de Xira → Azambuja (~28 km),38.972006,-8.968613,3.48,Alverca / Vila Franca (events: 2026)
B — Vila Franca de Xira → Azambuja (~28 km),39.04028,-8.899667,3.48,"Castanheira / Azambuja (events: 2022, 2026)"
B — Vila Franca de Xira → Azambuja (~28 km),39.029739,-8.91893,3.481,"Castanheira / Azambuja (events: 2022, 2026)"
B — Vila Franca de Xira → Azambuja (~28 km),39.045993,-8.897568,3.481,"Castanheira / Azambuja (events: 2022, 2026)"
A — Sacavém / Bobadela → Vila Franca de Xira (~22 km),38.878418,-9.04634,3.482,"Póvoa de Santa Iria (events: 2008, 2010, 2026)"
B — Vila Franca de Xira → Azambuja (~28 km),39.043712,-8.900201,3.483,"Castanheira / Azambuja (events: 2022, 2026)"
A — Sacavém / Bobadela → Vila Franca de Xira (~22 km),38.808094,-9.094036,3.484,"Sacavém / Bobadela (events: 2008, 2014, 2026)"
A — Sacavém / Bobadela → Vila Franca de Xira (~22 km),38.821756,-9.087704,3.484,"Sacavém / Bobadela (events: 2008, 2014, 2026)"
A — Sacavém / Bobadela → Vila Franca de Xira (~22 km),38.87257,-9.051261,3.485,"Póvoa de Santa Iria (events: 2008, 2010, 2026)"
A — Sacavém / Bobadela → Vila Franca de Xira (~22 km),38.850876,-9.068995,3.487,"Sacavém / Bobadela (events: 2008, 2014, 2026)"
B — Vila Franca de Xira → Azambuja (~28 km),38.981785,-8.969565,3.487,"Castanheira / Azambuja (events: 2022, 2026)"
B — Vila Franca de Xira → Azambuja (~28 km),39.038186,-8.923369,3.487,"Castanheira / Azambuja (events: 2022, 2026)"
B — Vila Franca de Xira → Azambuja (~28 km),38.98904,-8.96495,3.488,"Castanheira / Azambuja (events: 2022, 2026)"
B — Vila Franca de Xira → Azambuja (~28 km),38.990824,-8.960791,3.489,"Castanheira / Azambuja (events: 2022, 2026)"
B — Vila Franca de Xira → Azambuja (~28 km),39.039789,-8.905112,3.49,"Castanheira / Azambuja (events: 2022, 2026)"
A — Sacavém / Bobadela → Vila Franca de Xira (~22 km),38.865114,-9.049735,3.491,"Póvoa de Santa Iria (events: 2008, 2010, 2026)"
A — Sacavém / Bobadela → Vila Franca de Xira (~22 km),38.877438,-9.047479,3.491,"Póvoa de Santa Iria (events: 2008, 2010, 2026)"
B — Vila Franca de Xira → Azambuja (~28 km),39.037458,-8.907694,3.492,"Castanheira / Azambuja (events: 2022, 2026)"
B — Vila Franca de Xira → Azambuja (~28 km),38.996743,-8.959874,3.493,"Castanheira / Azambuja (events: 2022, 2026)"
B — Vila Franca de Xira → Azambuja (~28 km),39.038288,-8.907679,3.494,"Castanheira / Azambuja (events: 2022, 2026)"
A — Sacavém / Bobadela → Vila Franca de Xira (~22 km),38.881204,-9.045846,3.495,"Póvoa de Santa Iria (events: 2008, 2010, 2026)"
B — Vila Franca de Xira → Azambuja (~28 km),39.03462,-8.905383,3.495,"Castanheira / Azambuja (events: 2022, 2026)"
B — Vila Franca de Xira → Azambuja (~28 km),39.024121,-8.940511,3.496,"Castanheira / Azambuja (events: 2022, 2026)"
B — Vila Franca de Xira → Azambuja (~28 km),39.045962,-8.897508,3.496,"Castanheira / Azambuja (events: 2022, 2026)"
B — Vila Franca de Xira → Azambuja (~28 km),38.996774,-8.959852,3.497,"Castanheira / Azambuja (events: 2022, 2026)"
B — Vila Franca de Xira → Azambuja (~28 km),39.060841,-8.881581,3.499,"Castanheira / Azambuja (events: 2022, 2026)"
A — Sacavém / Bobadela → Vila Franca de Xira (~22 km),38.882285,-9.046571,3.499,"Póvoa de Santa Iria (events: 2008, 2010, 2026)"
B — Vila Franca de Xira → Azambuja (~28 km),39.03213,-8.934153,3.499,"Castanheira / Azambuja (events: 2022, 2026)"
B — Vila Franca de Xira → Azambuja (~28 km),39.039139,-8.905912,3.499,"Castanheira / Azambuja (events: 2022, 2026)"
B — Vila Franca de Xira → Azambuja (~28 km),39.032144,-8.934197,3.502,"Castanheira / Azambuja (events: 2022, 2026)"
B — Vila Franca de Xira → Azambuja (~28 km),38.965663,-8.979822,3.502,Alverca / Vila Franca (events: 2026)
B — Vila Franca de Xira → Azambuja (~28 km),39.029717,-8.917517,3.502,"Castanheira / Azambuja (events: 2022, 2026)"
A — Sacavém / Bobadela → Vila Franca de Xira (~22 km),38.813969,-9.090955,3.503,"Sacavém / Bobadela (events: 2008, 2014, 2026)"
B — Vila Franca de Xira → Azambuja (~28 km),39.056703,-8.889159,3.506,"Castanheira / Azambuja (events: 2022, 2026)"
A — Sacavém / Bobadela → Vila Franca de Xira (~22 km),38.810444,-9.092425,3.506,"Sacavém / Bobadela (events: 2008, 2014, 2026)"
A — Sacavém / Bobadela → Vila Franca de Xira (~22 km),38.848526,-9.074183,3.506,"Sacavém / Bobadela (events: 2008, 2014, 2026)"
B — Vila Franca de Xira → Azambuja (~28 km),39.046084,-8.908578,3.507,"Castanheira / Azambuja (events: 2022, 2026)"
B — Vila Franca de Xira → Azambuja (~28 km),39.034107,-8.931861,3.507,"Castanheira / Azambuja (events: 2022, 2026)"
A — Sacavém / Bobadela → Vila Franca de Xira (~22 km),38.88006,-9.043274,3.507,"Póvoa de Santa Iria (events: 2008, 2010, 2026)"
B — Vila Franca de Xira → Azambuja (~28 km),38.975774,-8.963217,3.508,Alverca / Vila Franca (events: 2026)
A — Sacavém / Bobadela → Vila Franca de Xira (~22 km),38.874324,-9.050799,3.508,"Póvoa de Santa Iria (events: 2008, 2010, 2026)"
A — Sacavém / Bobadela → Vila Franca de Xira (~22 km),38.871135,-9.049048,3.509,"Póvoa de Santa Iria (events: 2008, 2010, 2026)"
B — Vila Franca de Xira → Azambuja (~28 km),38.998076,-8.958851,3.509,"Castanheira / Azambuja (events: 2022, 2026)"
A — Sacavém / Bobadela → Vila Franca de Xira (~22 km),38.89596,-9.029991,3.509,Alverca / Vila Franca (events: 2026)
B — Vila Franca de Xira → Azambuja (~28 km),39.028498,-8.919702,3.509,"Castanheira / Azambuja (events: 2022, 2026)"
B — Vila Franca de Xira → Azambuja (~28 km),39.039955,-8.905812,3.511,"Castanheira / Azambuja (events: 2022, 2026)"
A — Sacavém / Bobadela → Vila Franca de Xira (~22 km),38.877858,-9.046852,3.514,"Póvoa de Santa Iria (events: 2008, 2010, 2026)"
B — Vila Franca de Xira → Azambuja (~28 km),39.049719,-8.901947,3.514,"Castanheira / Azambuja (events: 2022, 2026)"
A — Sacavém / Bobadela → Vila Franca de Xira (~22 km),38.808934,-9.093723,3.516,"Sacavém / Bobadela (events: 2008, 2014, 2026)"
B — Vila Franca de Xira → Azambuja (~28 km),38.989443,-8.964693,3.516,"Castanheira / Azambuja (events: 2022, 2026)"
B — Vila Franca de Xira → Azambuja (~28 km),39.03299,-8.914931,3.517,"Castanheira / Azambuja (events: 2022, 2026)"
A — Sacavém / Bobadela → Vila Franca de Xira (~22 km),38.878476,-9.046372,3.519,"Póvoa de Santa Iria (events: 2008, 2010, 2026)"
B — Vila Franca de Xira → Azambuja (~28 km),39.06035,-8.881859,3.519,"Castanheira / Azambuja (events: 2022, 2026)"
B — Vila Franca de Xira → Azambuja (~28 km),39.042839,-8.916089,3.52,"Castanheira / Azambuja (events: 2022, 2026)"
B — Vila Franca de Xira → Azambuja (~28 km),39.03422,-8.931151,3.521,"Castanheira / Azambuja (events: 2022, 2026)"
B — Vila Franca de Xira → Azambuja (~28 km),39.007624,-8.944728,3.522,"Castanheira / Azambuja (events: 2022, 2026)"
B — Vila Franca de Xira → Azambuja (~28 km),39.046098,-8.908577,3.522,"Castanheira / Azambuja (events: 2022, 2026)"
B — Vila Franca de Xira → Azambuja (~28 km),39.019197,-8.944056,3.523,"Castanheira / Azambuja (events: 2022, 2026)"
B — Vila Franca de Xira → Azambuja (~28 km),38.998346,-8.958728,3.523,"Castanheira / Azambuja (events: 2022, 2026)"
B — Vila Franca de Xira → Azambuja (~28 km),38.962534,-8.976181,3.523,Alverca / Vila Franca (events: 2026)
B — Vila Franca de Xira → Azambuja (~28 km),39.042246,-8.903034,3.523,"Castanheira / Azambuja (events: 2022, 2026)"
A — Sacavém / Bobadela → Vila Franca de Xira (~22 km),38.876765,-9.048054,3.524,"Póvoa de Santa Iria (events: 2008, 2010, 2026)"
A — Sacavém / Bobadela → Vila Franca de Xira (~22 km),38.867463,-9.048031,3.524,"Póvoa de Santa Iria (events: 2008, 2010, 2026)"
B — Vila Franca de Xira → Azambuja (~28 km),38.997145,-8.959492,3.525,"Castanheira / Azambuja (events: 2022, 2026)"
B — Vila Franca de Xira → Azambuja (~28 km),39.019409,-8.920744,3.525,"Castanheira / Azambuja (events: 2022, 2026)"
B — Vila Franca de Xira → Azambuja (~28 km),39.082399,-8.839839,3.527,"Castanheira / Azambuja (events: 2022, 2026)"
B — Vila Franca de Xira → Azambuja (~28 km),39.032151,-8.934024,3.528,"Castanheira / Azambuja (events: 2022, 2026)"
B — Vila Franca de Xira → Azambuja (~28 km),38.997401,-8.957404,3.529,"Castanheira / Azambuja (events: 2022, 2026)"
B — Vila Franca de Xira → Azambuja (~28 km),39.041919,-8.903431,3.53,"Castanheira / Azambuja (events: 2022, 2026)"
B — Vila Franca de Xira → Azambuja (~28 km),39.065514,-8.872435,3.532,"Castanheira / Azambuja (events: 2022, 2026)"
B — Vila Franca de Xira → Azambuja (~28 km),38.997682,-8.959129,3.533,"Castanheira / Azambuja (events: 2022, 2026)"
A — Sacavém / Bobadela → Vila Franca de Xira (~22 km),38.850044,-9.072942,3.533,"Sacavém / Bobadela (events: 2008, 2014, 2026)"
B — Vila Franca de Xira → Azambuja (~28 km),39.038842,-8.907732,3.533,"Castanheira / Azambuja (events: 2022, 2026)"
B — Vila Franca de Xira → Azambuja (~28 km),39.061654,-8.879126,3.534,"Castanheira / Azambuja (events: 2022, 2026)"
B — Vila Franca de Xira → Azambuja (~28 km),39.051416,-8.89838,3.534,"Castanheira / Azambuja (events: 2022, 2026)"
B — Vila Franca de Xira → Azambuja (~28 km),39.065445,-8.872317,3.535,"Castanheira / Azambuja (events: 2022, 2026)"
B — Vila Franca de Xira → Azambuja (~28 km),39.057867,-8.883405,3.536,"Castanheira / Azambuja (events: 2022, 2026)"
B — Vila Franca de Xira → Azambuja (~28 km),39.029831,-8.916845,3.536,"Castanheira / Azambuja (events: 2022, 2026)"
B — Vila Franca de Xira → Azambuja (~28 km),39.047972,-8.895207,3.536,"Castanheira / Azambuja (events: 2022, 2026)"
B — Vila Franca de Xira → Azambuja (~28 km),39.018846,-8.944104,3.537,"Castanheira / Azambuja (events: 2022, 2026)"
B — Vila Franca de Xira → Azambuja (~28 km),38.996638,-8.96002,3.538,"Castanheira / Azambuja (events: 2022, 2026)"
A — Sacavém / Bobadela → Vila Franca de Xira (~22 km),38.895902,-9.031385,3.538,Alverca / Vila Franca (events: 2026)
A — Sacavém / Bobadela → Vila Franca de Xira (~22 km),38.870282,-9.049132,3.538,"Póvoa de Santa Iria (events: 2008, 2010, 2026)"
B — Vila Franca de Xira → Azambuja (~28 km),39.074262,-8.853868,3.538,"Castanheira / Azambuja (events: 2022, 2026)"
B — Vila Franca de Xira → Azambuja (~28 km),39.048237,-8.894707,3.539,"Castanheira / Azambuja (events: 2022, 2026)"
B — Vila Franca de Xira → Azambuja (~28 km),38.997288,-8.959408,3.539,"Castanheira / Azambuja (events: 2022, 2026)"
B — Vila Franca de Xira → Azambuja (~28 km),39.048356,-8.895127,3.541,"Castanheira / Azambuja (events: 2022, 2026)"
A — Sacavém / Bobadela → Vila Franca de Xira (~22 km),38.847036,-9.074334,3.542,"Sacavém / Bobadela (events: 2008, 2014, 2026)"
B — Vila Franca de Xira → Azambuja (~28 km),39.018702,-8.921459,3.542,"Castanheira / Azambuja (events: 2022, 2026)"
A — Sacavém / Bobadela → Vila Franca de Xira (~22 km),38.862742,-9.059849,3.543,"Póvoa de Santa Iria (events: 2008, 2010, 2026)"
B — Vila Franca de Xira → Azambuja (~28 km),39.030253,-8.917799,3.544,"Castanheira / Azambuja (events: 2022, 2026)"
B — Vila Franca de Xira → Azambuja (~28 km),39.055967,-8.885416,3.544,"Castanheira / Azambuja (events: 2022, 2026)"
A — Sacavém / Bobadela → Vila Franca de Xira (~22 km),38.895615,-9.029531,3.546,Alverca / Vila Franca (events: 2026)
B — Vila Franca de Xira → Azambuja (~28 km),39.029888,-8.916765,3.546,"Castanheira / Azambuja (events: 2022, 2026)"
A — Sacavém / Bobadela → Vila Franca de Xira (~22 km),38.888131,-9.035801,3.546,"Póvoa de Santa Iria (events: 2008, 2010, 2026)"
A — Sacavém / Bobadela → Vila Franca de Xira (~22 km),38.808901,-9.093753,3.547,"Sacavém / Bobadela (events: 2008, 2014, 2026)"
A — Sacavém / Bobadela → Vila Franca de Xira (~22 km),38.895509,-9.031665,3.549,Alverca / Vila Franca (events: 2026)
B — Vila Franca de Xira → Azambuja (~28 km),39.030861,-8.915095,3.549,"Castanheira / Azambuja (events: 2022, 2026)"
B — Vila Franca de Xira → Azambuja (~28 km),39.046829,-8.897478,3.549,"Castanheira / Azambuja (events: 2022, 2026)"
B — Vila Franca de Xira → Azambuja (~28 km),39.044704,-8.911238,3.549,"Castanheira / Azambuja (events: 2022, 2026)"
B — Vila Franca de Xira → Azambuja (~28 km),39.063152,-8.876611,3.549,"Castanheira / Azambuja (events: 2022, 2026)"
B — Vila Franca de Xira → Azambuja (~28 km),39.032281,-8.93429,3.55,"Castanheira / Azambuja (events: 2022, 2026)"
A — Sacavém / Bobadela → Vila Franca de Xira (~22 km),38.871296,-9.049162,3.552,"Póvoa de Santa Iria (events: 2008, 2010, 2026)"
B — Vila Franca de Xira → Azambuja (~28 km),39.036389,-8.903597,3.552,"Castanheira / Azambuja (events: 2022, 2026)"
B — Vila Franca de Xira → Azambuja (~28 km),39.023727,-8.94079,3.553,"Castanheira / Azambuja (events: 2022, 2026)"
A — Sacavém / Bobadela → Vila Franca de Xira (~22 km),38.814679,-9.088785,3.553,"Sacavém / Bobadela (events: 2008, 2014, 2026)"
A — Sacavém / Bobadela → Vila Franca de Xira (~22 km),38.89433,-9.032506,3.553,Alverca / Vila Franca (events: 2026)
A — Sacavém / Bobadela → Vila Franca de Xira (~22 km),38.872278,-9.052868,3.553,"Póvoa de Santa Iria (events: 2008, 2010, 2026)"
B — Vila Franca de Xira → Azambuja (~28 km),39.014062,-8.925726,3.554,"Castanheira / Azambuja (events: 2022, 2026)"
B — Vila Franca de Xira → Azambuja (~28 km),38.998319,-8.958757,3.554,"Castanheira / Azambuja (events: 2022, 2026)"
B — Vila Franca de Xira → Azambuja (~28 km),38.988633,-8.951823,3.555,"Castanheira / Azambuja (events: 2022, 2026)"
B — Vila Franca de Xira → Azambuja (~28 km),39.007949,-8.944328,3.555,"Castanheira / Azambuja (events: 2022, 2026)"
A — Sacavém / Bobadela → Vila Franca de Xira (~22 km),38.836135,-9.078396,3.556,"Sacavém / Bobadela (events: 2008, 2014, 2026)"
B — Vila Franca de Xira → Azambuja (~28 km),39.044074,-8.900393,3.558,"Castanheira / Azambuja (events: 2022, 2026)"
A — Sacavém / Bobadela → Vila Franca de Xira (~22 km),38.874338,-9.046695,3.558,"Póvoa de Santa Iria (events: 2008, 2010, 2026)"
B — Vila Franca de Xira → Azambuja (~28 km),39.037009,-8.909384,3.558,"Castanheira / Azambuja (events: 2022, 2026)"
A — Sacavém / Bobadela → Vila Franca de Xira (~22 km),38.888157,-9.035875,3.558,"Póvoa de Santa Iria (events: 2008, 2010, 2026)"
B — Vila Franca de Xira → Azambuja (~28 km),39.040184,-8.900149,3.559,"Castanheira / Azambuja (events: 2022, 2026)"
A — Sacavém / Bobadela → Vila Franca de Xira (~22 km),38.876804,-9.048149,3.56,"Póvoa de Santa Iria (events: 2008, 2010, 2026)"
B — Vila Franca de Xira → Azambuja (~28 km),38.970902,-8.976489,3.562,Alverca / Vila Franca (events: 2026)
A — Sacavém / Bobadela → Vila Franca de Xira (~22 km),38.841557,-9.079387,3.562,"Sacavém / Bobadela (events: 2008, 2014, 2026)"
B — Vila Franca de Xira → Azambuja (~28 km),39.037324,-8.908894,3.562,"Castanheira / Azambuja (events: 2022, 2026)"
B — Vila Franca de Xira → Azambuja (~28 km),38.987582,-8.951654,3.563,"Castanheira / Azambuja (events: 2022, 2026)"
B — Vila Franca de Xira → Azambuja (~28 km),38.997553,-8.957134,3.564,"Castanheira / Azambuja (events: 2022, 2026)"
B — Vila Franca de Xira → Azambuja (~28 km),39.051597,-8.89837,3.565,"Castanheira / Azambuja (events: 2022, 2026)"
A — Sacavém / Bobadela → Vila Franca de Xira (~22 km),38.874119,-9.043204,3.565,"Póvoa de Santa Iria (events: 2008, 2010, 2026)"
A — Sacavém / Bobadela → Vila Franca de Xira (~22 km),38.859727,-9.060806,3.567,"Póvoa de Santa Iria (events: 2008, 2010, 2026)"
B — Vila Franca de Xira → Azambuja (~28 km),38.968617,-8.970224,3.567,Alverca / Vila Franca (events: 2026)
A — Sacavém / Bobadela → Vila Franca de Xira (~22 km),38.846752,-9.071297,3.569,"Sacavém / Bobadela (events: 2008, 2014, 2026)"
B — Vila Franca de Xira → Azambuja (~28 km),38.987925,-8.952538,3.571,"Castanheira / Azambuja (events: 2022, 2026)"
A — Sacavém / Bobadela → Vila Franca de Xira (~22 km),38.884194,-9.039684,3.573,"Póvoa de Santa Iria (events: 2008, 2010, 2026)"
A — Sacavém / Bobadela → Vila Franca de Xira (~22 km),38.83933,-9.07544,3.573,"Sacavém / Bobadela (events: 2008, 2014, 2026)"
B — Vila Franca de Xira → Azambuja (~28 km),38.981263,-8.970861,3.573,"Castanheira / Azambuja (events: 2022, 2026)"
B — Vila Franca de Xira → Azambuja (~28 km),39.056962,-8.888685,3.574,"Castanheira / Azambuja (events: 2022, 2026)"
B — Vila Franca de Xira → Azambuja (~28 km),39.046653,-8.896781,3.574,"Castanheira / Azambuja (events: 2022, 2026)"
B — Vila Franca de Xira → Azambuja (~28 km),38.996823,-8.959897,3.576,"Castanheira / Azambuja (events: 2022, 2026)"
A — Sacavém / Bobadela → Vila Franca de Xira (~22 km),38.885348,-9.039075,3.576,"Póvoa de Santa Iria (events: 2008, 2010, 2026)"
B — Vila Franca de Xira → Azambuja (~28 km),39.064013,-8.876349,3.576,"Castanheira / Azambuja (events: 2022, 2026)"
B — Vila Franca de Xira → Azambuja (~28 km),38.994671,-8.958964,3.577,"Castanheira / Azambuja (events: 2022, 2026)"
B — Vila Franca de Xira → Azambuja (~28 km),39.070763,-8.861295,3.578,"Castanheira / Azambuja (events: 2022, 2026)"
B — Vila Franca de Xira → Azambuja (~28 km),39.048302,-8.894814,3.578,"Castanheira / Azambuja (events: 2022, 2026)"
B — Vila Franca de Xira → Azambuja (~28 km),38.997889,-8.952727,3.578,"Castanheira / Azambuja (events: 2022, 2026)"
B — Vila Franca de Xira → Azambuja (~28 km),39.061691,-8.87937,3.579,"Castanheira / Azambuja (events: 2022, 2026)"
B — Vila Franca de Xira → Azambuja (~28 km),39.048253,-8.895131,3.579,"Castanheira / Azambuja (events: 2022, 2026)"
A — Sacavém / Bobadela → Vila Franca de Xira (~22 km),38.814075,-9.090958,3.58,"Sacavém / Bobadela (events: 2008, 2014, 2026)"
A — Sacavém / Bobadela → Vila Franca de Xira (~22 km),38.8799,-9.044802,3.58,"Póvoa de Santa Iria (events: 2008, 2010, 2026)"
B — Vila Franca de Xira → Azambuja (~28 km),39.072795,-8.858647,3.581,"Castanheira / Azambuja (events: 2022, 2026)"
B — Vila Franca de Xira → Azambuja (~28 km),39.056959,-8.88836,3.583,"Castanheira / Azambuja (events: 2022, 2026)"
A — Sacavém / Bobadela → Vila Franca de Xira (~22 km),38.814493,-9.090745,3.583,"Sacavém / Bobadela (events: 2008, 2014, 2026)"
B — Vila Franca de Xira → Azambuja (~28 km),39.019763,-8.920387,3.583,"Castanheira / Azambuja (events: 2022, 2026)"
B — Vila Franca de Xira → Azambuja (~28 km),39.065608,-8.872579,3.584,"Castanheira / Azambuja (events: 2022, 2026)"
B — Vila Franca de Xira → Azambuja (~28 km),39.038165,-8.907112,3.584,"Castanheira / Azambuja (events: 2022, 2026)"
A — Sacavém / Bobadela → Vila Franca de Xira (~22 km),38.876824,-9.047965,3.585,"Póvoa de Santa Iria (events: 2008, 2010, 2026)"
B — Vila Franca de Xira → Azambuja (~28 km),38.982095,-8.970424,3.585,"Castanheira / Azambuja (events: 2022, 2026)"
B — Vila Franca de Xira → Azambuja (~28 km),39.039067,-8.905829,3.585,"Castanheira / Azambuja (events: 2022, 2026)"
A — Sacavém / Bobadela → Vila Franca de Xira (~22 km),38.87428,-9.046805,3.588,"Póvoa de Santa Iria (events: 2008, 2010, 2026)"
B — Vila Franca de Xira → Azambuja (~28 km),39.061156,-8.879298,3.588,"Castanheira / Azambuja (events: 2022, 2026)"
B — Vila Franca de Xira → Azambuja (~28 km),39.051012,-8.899579,3.589,"Castanheira / Azambuja (events: 2022, 2026)"
B — Vila Franca de Xira → Azambuja (~28 km),38.996778,-8.959952,3.59,"Castanheira / Azambuja (events: 2022, 2026)"
A — Sacavém / Bobadela → Vila Franca de Xira (~22 km),38.855354,-9.068599,3.591,"Póvoa de Santa Iria (events: 2008, 2010, 2026)"
B — Vila Franca de Xira → Azambuja (~28 km),39.013704,-8.926077,3.591,"Castanheira / Azambuja (events: 2022, 2026)"
A — Sacavém / Bobadela → Vila Franca de Xira (~22 km),38.877394,-9.047564,3.592,"Póvoa de Santa Iria (events: 2008, 2010, 2026)"
B — Vila Franca de Xira → Azambuja (~28 km),38.995437,-8.959785,3.593,"Castanheira / Azambuja (events: 2022, 2026)"
B — Vila Franca de Xira → Azambuja (~28 km),39.082489,-8.839823,3.593,"Castanheira / Azambuja (events: 2022, 2026)"
B — Vila Franca de Xira → Azambuja (~28 km),38.99756,-8.95929,3.593,"Castanheira / Azambuja (events: 2022, 2026)"
A — Sacavém / Bobadela → Vila Franca de Xira (~22 km),38.813764,-9.089713,3.594,"Sacavém / Bobadela (events: 2008, 2014, 2026)"
B — Vila Franca de Xira → Azambuja (~28 km),39.065587,-8.872645,3.595,"Castanheira / Azambuja (events: 2022, 2026)"
A — Sacavém / Bobadela → Vila Franca de Xira (~22 km),38.848906,-9.073873,3.595,"Sacavém / Bobadela (events: 2008, 2014, 2026)"
B — Vila Franca de Xira → Azambuja (~28 km),39.031151,-8.915271,3.596,"Castanheira / Azambuja (events: 2022, 2026)"
A — Sacavém / Bobadela → Vila Franca de Xira (~22 km),38.80849,-9.093847,3.596,"Sacavém / Bobadela (events: 2008, 2014, 2026)"
B — Vila Franca de Xira → Azambuja (~28 km),38.997531,-8.959315,3.596,"Castanheira / Azambuja (events: 2022, 2026)"
B — Vila Franca de Xira → Azambuja (~28 km),39.050669,-8.89999,3.598,"Castanheira / Azambuja (events: 2022, 2026)"
B — Vila Franca de Xira → Azambuja (~28 km),39.04472,-8.91284,3.598,"Castanheira / Azambuja (events: 2022, 2026)"
B — Vila Franca de Xira → Azambuja (~28 km),39.034825,-8.910849,3.599,"Castanheira / Azambuja (events: 2022, 2026)"
B — Vila Franca de Xira → Azambuja (~28 km),39.081246,-8.842236,3.599,"Castanheira / Azambuja (events: 2022, 2026)"
B — Vila Franca de Xira → Azambuja (~28 km),38.989846,-8.964437,3.599,"Castanheira / Azambuja (events: 2022, 2026)"
A — Sacavém / Bobadela → Vila Franca de Xira (~22 km),38.851171,-9.069487,3.599,"Sacavém / Bobadela (events: 2008, 2014, 2026)"
B — Vila Franca de Xira → Azambuja (~28 km),39.01198,-8.928246,3.6,"Castanheira / Azambuja (events: 2022, 2026)"
B — Vila Franca de Xira → Azambuja (~28 km),38.992506,-8.958871,3.6,"Castanheira / Azambuja (events: 2022, 2026)"
A — Sacavém / Bobadela → Vila Franca de Xira (~22 km),38.888198,-9.035723,3.601,"Póvoa de Santa Iria (events: 2008, 2010, 2026)"
B — Vila Franca de Xira → Azambuja (~28 km),39.012835,-8.939726,3.602,"Castanheira / Azambuja (events: 2022, 2026)"
A — Sacavém / Bobadela → Vila Franca de Xira (~22 km),38.807449,-9.094468,3.602,"Sacavém / Bobadela (events: 2008, 2014, 2026)"
B — Vila Franca de Xira → Azambuja (~28 km),39.04598,-8.908855,3.603,"Castanheira / Azambuja (events: 2022, 2026)"
B — Vila Franca de Xira → Azambuja (~28 km),39.033034,-8.932892,3.603,"Castanheira / Azambuja (events: 2022, 2026)"
B — Vila Franca de Xira → Azambuja (~28 km),39.04421,-8.900653,3.604,"Castanheira / Azambuja (events: 2022, 2026)"
A — Sacavém / Bobadela → Vila Franca de Xira (~22 km),38.80765,-9.09434,3.604,"Sacavém / Bobadela (events: 2008, 2014, 2026)"
B — Vila Franca de Xira → Azambuja (~28 km),39.065544,-8.872241,3.604,"Castanheira / Azambuja (events: 2022, 2026)"
B — Vila Franca de Xira → Azambuja (~28 km),39.046674,-8.897047,3.604,"Castanheira / Azambuja (events: 2022, 2026)"
B — Vila Franca de Xira → Azambuja (~28 km),39.008165,-8.942794,3.607,"Castanheira / Azambuja (events: 2022, 2026)"
B — Vila Franca de Xira → Azambuja (~28 km),39.031205,-8.915187,3.607,"Castanheira / Azambuja (events: 2022, 2026)"
B — Vila Franca de Xira → Azambuja (~28 km),39.043688,-8.900309,3.608,"Castanheira / Azambuja (events: 2022, 2026)"
B — Vila Franca de Xira → Azambuja (~28 km),38.997137,-8.959595,3.609,"Castanheira / Azambuja (events: 2022, 2026)"
B — Vila Franca de Xira → Azambuja (~28 km),39.001254,-8.951076,3.609,"Castanheira / Azambuja (events: 2022, 2026)"
B — Vila Franca de Xira → Azambuja (~28 km),38.997167,-8.959571,3.609,"Castanheira / Azambuja (events: 2022, 2026)"
B — Vila Franca de Xira → Azambuja (~28 km),39.061597,-8.879737,3.61,"Castanheira / Azambuja (events: 2022, 2026)"
B — Vila Franca de Xira → Azambuja (~28 km),39.019013,-8.943814,3.61,"Castanheira / Azambuja (events: 2022, 2026)"
B — Vila Franca de Xira → Azambuja (~28 km),39.038318,-8.907796,3.612,"Castanheira / Azambuja (events: 2022, 2026)"
B — Vila Franca de Xira → Azambuja (~28 km),39.047912,-8.895107,3.613,"Castanheira / Azambuja (events: 2022, 2026)"
A — Sacavém / Bobadela → Vila Franca de Xira (~22 km),38.880496,-9.04539,3.613,"Póvoa de Santa Iria (events: 2008, 2010, 2026)"
B — Vila Franca de Xira → Azambuja (~28 km),39.046016,-8.89744,3.613,"Castanheira / Azambuja (events: 2022, 2026)"
B — Vila Franca de Xira → Azambuja (~28 km),39.061495,-8.879077,3.615,"Castanheira / Azambuja (events: 2022, 2026)"
A — Sacavém / Bobadela → Vila Franca de Xira (~22 km),38.907589,-9.019957,3.616,Alverca / Vila Franca (events: 2026)
A — Sacavém / Bobadela → Vila Franca de Xira (~22 km),38.862334,-9.05274,3.616,"Póvoa de Santa Iria (events: 2008, 2010, 2026)"
B — Vila Franca de Xira → Azambuja (~28 km),38.998492,-8.958706,3.617,"Castanheira / Azambuja (events: 2022, 2026)"
B — Vila Franca de Xira → Azambuja (~28 km),39.000451,-8.957287,3.617,"Castanheira / Azambuja (events: 2022, 2026)"
B — Vila Franca de Xira → Azambuja (~28 km),38.996925,-8.959841,3.618,"Castanheira / Azambuja (events: 2022, 2026)"
B — Vila Franca de Xira → Azambuja (~28 km),38.99638,-8.96013,3.618,"Castanheira / Azambuja (events: 2022, 2026)"
B — Vila Franca de Xira → Azambuja (~28 km),39.010235,-8.942926,3.618,"Castanheira / Azambuja (events: 2022, 2026)"
B — Vila Franca de Xira → Azambuja (~28 km),39.061555,-8.879781,3.618,"Castanheira / Azambuja (events: 2022, 2026)"
B — Vila Franca de Xira → Azambuja (~28 km),39.073317,-8.858603,3.619,"Castanheira / Azambuja (events: 2022, 2026)"
A — Sacavém / Bobadela → Vila Franca de Xira (~22 km),38.821166,-9.08812,3.619,"Sacavém / Bobadela (events: 2008, 2014, 2026)"
A — Sacavém / Bobadela → Vila Franca de Xira (~22 km),38.805105,-9.094547,3.62,"Sacavém / Bobadela (events: 2008, 2014, 2026)"
B — Vila Franca de Xira → Azambuja (~28 km),39.039608,-8.905111,3.62,"Castanheira / Azambuja (events: 2022, 2026)"
B — Vila Franca de Xira → Azambuja (~28 km),39.061165,-8.87947,3.621,"Castanheira / Azambuja (events: 2022, 2026)"
B — Vila Franca de Xira → Azambuja (~28 km),38.995278,-8.959935,3.621,"Castanheira / Azambuja (events: 2022, 2026)"
B — Vila Franca de Xira → Azambuja (~28 km),39.016567,-8.923274,3.621,"Castanheira / Azambuja (events: 2022, 2026)"
B — Vila Franca de Xira → Azambuja (~28 km),39.043684,-8.900321,3.621,"Castanheira / Azambuja (events: 2022, 2026)"
B — Vila Franca de Xira → Azambuja (~28 km),39.043749,-8.915308,3.622,"Castanheira / Azambuja (events: 2022, 2026)"
B — Vila Franca de Xira → Azambuja (~28 km),39.031534,-8.914793,3.622,"Castanheira / Azambuja (events: 2022, 2026)"
B — Vila Franca de Xira → Azambuja (~28 km),39.03511,-8.929846,3.622,"Castanheira / Azambuja (events: 2022, 2026)"
B — Vila Franca de Xira → Azambuja (~28 km),39.037253,-8.907799,3.622,"Castanheira / Azambuja (events: 2022, 2026)"
A — Sacavém / Bobadela → Vila Franca de Xira (~22 km),38.877737,-9.04719,3.622,"Póvoa de Santa Iria (events: 2008, 2010, 2026)"
B — Vila Franca de Xira → Azambuja (~28 km),39.048334,-8.904083,3.623,"Castanheira / Azambuja (events: 2022, 2026)"
B — Vila Franca de Xira → Azambuja (~28 km),39.060095,-8.882336,3.623,"Castanheira / Azambuja (events: 2022, 2026)"
A — Sacavém / Bobadela → Vila Franca de Xira (~22 km),38.839489,-9.075845,3.623,"Sacavém / Bobadela (events: 2008, 2014, 2026)"
B — Vila Franca de Xira → Azambuja (~28 km),39.037418,-8.907796,3.624,"Castanheira / Azambuja (events: 2022, 2026)"
B — Vila Franca de Xira → Azambuja (~28 km),39.037926,-8.907031,3.624,"Castanheira / Azambuja (events: 2022, 2026)"
A — Sacavém / Bobadela → Vila Franca de Xira (~22 km),38.87987,-9.044721,3.625,"Póvoa de Santa Iria (events: 2008, 2010, 2026)"
B — Vila Franca de Xira → Azambuja (~28 km),38.998713,-8.958478,3.625,"Castanheira / Azambuja (events: 2022, 2026)"
A — Sacavém / Bobadela → Vila Franca de Xira (~22 km),38.874301,-9.05082,3.625,"Póvoa de Santa Iria (events: 2008, 2010, 2026)"
B — Vila Franca de Xira → Azambuja (~28 km),39.030065,-8.91853,3.625,"Castanheira / Azambuja (events: 2022, 2026)"
A — Sacavém / Bobadela → Vila Franca de Xira (~22 km),38.83117,-9.082672,3.627,"Sacavém / Bobadela (events: 2008, 2014, 2026)"
B — Vila Franca de Xira → Azambuja (~28 km),38.988132,-8.963863,3.628,"Castanheira / Azambuja (events: 2022, 2026)"
A — Sacavém / Bobadela → Vila Franca de Xira (~22 km),38.885357,-9.038995,3.628,"Póvoa de Santa Iria (events: 2008, 2010, 2026)"
A — Sacavém / Bobadela → Vila Franca de Xira (~22 km),38.817475,-9.087641,3.629,"Sacavém / Bobadela (events: 2008, 2014, 2026)"
A — Sacavém / Bobadela → Vila Franca de Xira (~22 km),38.880769,-9.042563,3.63,"Póvoa de Santa Iria (events: 2008, 2010, 2026)"
B — Vila Franca de Xira → Azambuja (~28 km),39.059893,-8.882697,3.63,"Castanheira / Azambuja (events: 2022, 2026)"
B — Vila Franca de Xira → Azambuja (~28 km),39.06015,-8.882222,3.631,"Castanheira / Azambuja (events: 2022, 2026)"
A — Sacavém / Bobadela → Vila Franca de Xira (~22 km),38.885357,-9.038889,3.632,"Póvoa de Santa Iria (events: 2008, 2010, 2026)"
B — Vila Franca de Xira → Azambuja (~28 km),39.061434,-8.879845,3.633,"Castanheira / Azambuja (events: 2022, 2026)"
A — Sacavém / Bobadela → Vila Franca de Xira (~22 km),38.835619,-9.077512,3.633,"Sacavém / Bobadela (events: 2008, 2014, 2026)"
A — Sacavém / Bobadela → Vila Franca de Xira (~22 km),38.888116,-9.035924,3.633,"Póvoa de Santa Iria (events: 2008, 2010, 2026)"
B — Vila Franca de Xira → Azambuja (~28 km),39.073602,-8.858155,3.634,"Castanheira / Azambuja (events: 2022, 2026)"
B — Vila Franca de Xira → Azambuja (~28 km),39.074729,-8.852878,3.634,"Castanheira / Azambuja (events: 2022, 2026)"
B — Vila Franca de Xira → Azambuja (~28 km),39.030972,-8.935589,3.635,"Castanheira / Azambuja (events: 2022, 2026)"
A — Sacavém / Bobadela → Vila Franca de Xira (~22 km),38.877784,-9.04711,3.635,"Póvoa de Santa Iria (events: 2008, 2010, 2026)"
B — Vila Franca de Xira → Azambuja (~28 km),39.032441,-8.933762,3.635,"Castanheira / Azambuja (events: 2022, 2026)"
A — Sacavém / Bobadela → Vila Franca de Xira (~22 km),38.877666,-9.047324,3.636,"Póvoa de Santa Iria (events: 2008, 2010, 2026)"
B — Vila Franca de Xira → Azambuja (~28 km),39.031481,-8.914878,3.636,"Castanheira / Azambuja (events: 2022, 2026)"
B — Vila Franca de Xira → Azambuja (~28 km),38.987459,-8.964631,3.637,"Castanheira / Azambuja (events: 2022, 2026)"
B — Vila Franca de Xira → Azambuja (~28 km),39.004874,-8.946738,3.639,"Castanheira / Azambuja (events: 2022, 2026)"
A — Sacavém / Bobadela → Vila Franca de Xira (~22 km),38.868255,-9.051629,3.639,"Póvoa de Santa Iria (events: 2008, 2010, 2026)"
B — Vila Franca de Xira → Azambuja (~28 km),38.973321,-8.97495,3.64,Alverca / Vila Franca (events: 2026)
B — Vila Franca de Xira → Azambuja (~28 km),39.001912,-8.950287,3.642,"Castanheira / Azambuja (events: 2022, 2026)"
A — Sacavém / Bobadela → Vila Franca de Xira (~22 km),38.861947,-9.053033,3.642,"Póvoa de Santa Iria (events: 2008, 2010, 2026)"
A — Sacavém / Bobadela → Vila Franca de Xira (~22 km),38.845327,-9.071507,3.643,"Sacavém / Bobadela (events: 2008, 2014, 2026)"
A — Sacavém / Bobadela → Vila Franca de Xira (~22 km),38.893165,-9.03185,3.643,Alverca / Vila Franca (events: 2026)
B — Vila Franca de Xira → Azambuja (~28 km),38.998309,-8.95882,3.644,"Castanheira / Azambuja (events: 2022, 2026)"
B — Vila Franca de Xira → Azambuja (~28 km),38.996348,-8.960149,3.645,"Castanheira / Azambuja (events: 2022, 2026)"
B — Vila Franca de Xira → Azambuja (~28 km),38.998739,-8.958447,3.645,"Castanheira / Azambuja (events: 2022, 2026)"
B — Vila Franca de Xira → Azambuja (~28 km),39.044478,-8.895944,3.646,"Castanheira / Azambuja (events: 2022, 2026)"
B — Vila Franca de Xira → Azambuja (~28 km),38.981307,-8.97098,3.646,"Castanheira / Azambuja (events: 2022, 2026)"
B — Vila Franca de Xira → Azambuja (~28 km),39.065385,-8.872632,3.646,"Castanheira / Azambuja (events: 2022, 2026)"
B — Vila Franca de Xira → Azambuja (~28 km),38.998562,-8.951959,3.647,"Castanheira / Azambuja (events: 2022, 2026)"
B — Vila Franca de Xira → Azambuja (~28 km),39.04445,-8.913629,3.647,"Castanheira / Azambuja (events: 2022, 2026)"
B — Vila Franca de Xira → Azambuja (~28 km),39.044714,-8.91316,3.648,"Castanheira / Azambuja (events: 2022, 2026)"
B — Vila Franca de Xira → Azambuja (~28 km),39.000441,-8.95718,3.649,"Castanheira / Azambuja (events: 2022, 2026)"
B — Vila Franca de Xira → Azambuja (~28 km),39.046746,-8.907425,3.65,"Castanheira / Azambuja (events: 2022, 2026)"
B — Vila Franca de Xira → Azambuja (~28 km),38.997925,-8.959036,3.65,"Castanheira / Azambuja (events: 2022, 2026)"
B — Vila Franca de Xira → Azambuja (~28 km),39.010323,-8.942896,3.65,"Castanheira / Azambuja (events: 2022, 2026)"
B — Vila Franca de Xira → Azambuja (~28 km),38.997953,-8.959009,3.651,"Castanheira / Azambuja (events: 2022, 2026)"
B — Vila Franca de Xira → Azambuja (~28 km),39.018803,-8.944334,3.651,"Castanheira / Azambuja (events: 2022, 2026)"
B — Vila Franca de Xira → Azambuja (~28 km),39.04799,-8.895074,3.654,"Castanheira / Azambuja (events: 2022, 2026)"
B — Vila Franca de Xira → Azambuja (~28 km),38.989922,-8.964448,3.654,"Castanheira / Azambuja (events: 2022, 2026)"
B — Vila Franca de Xira → Azambuja (~28 km),38.998703,-8.958541,3.656,"Castanheira / Azambuja (events: 2022, 2026)"
B — Vila Franca de Xira → Azambuja (~28 km),39.046612,-8.896708,3.657,"Castanheira / Azambuja (events: 2022, 2026)"
B — Vila Franca de Xira → Azambuja (~28 km),39.050831,-8.899799,3.657,"Castanheira / Azambuja (events: 2022, 2026)"
A — Sacavém / Bobadela → Vila Franca de Xira (~22 km),38.885384,-9.039145,3.658,"Póvoa de Santa Iria (events: 2008, 2010, 2026)"
A — Sacavém / Bobadela → Vila Franca de Xira (~22 km),38.873462,-9.046972,3.658,"Póvoa de Santa Iria (events: 2008, 2010, 2026)"
B — Vila Franca de Xira → Azambuja (~28 km),39.031538,-8.91618,3.658,"Castanheira / Azambuja (events: 2022, 2026)"
B — Vila Franca de Xira → Azambuja (~28 km),39.03494,-8.930495,3.658,"Castanheira / Azambuja (events: 2022, 2026)"
B — Vila Franca de Xira → Azambuja (~28 km),39.065396,-8.872684,3.659,"Castanheira / Azambuja (events: 2022, 2026)"
A — Sacavém / Bobadela → Vila Franca de Xira (~22 km),38.82081,-9.088358,3.659,"Sacavém / Bobadela (events: 2008, 2014, 2026)"
A — Sacavém / Bobadela → Vila Franca de Xira (~22 km),38.859511,-9.058722,3.66,"Póvoa de Santa Iria (events: 2008, 2010, 2026)"
B — Vila Franca de Xira → Azambuja (~28 km),39.037003,-8.909299,3.66,"Castanheira / Azambuja (events: 2022, 2026)"
B — Vila Franca de Xira → Azambuja (~28 km),38.997526,-8.959389,3.661,"Castanheira / Azambuja (events: 2022, 2026)"
A — Sacavém / Bobadela → Vila Franca de Xira (~22 km),38.888246,-9.035901,3.661,"Póvoa de Santa Iria (events: 2008, 2010, 2026)"
B — Vila Franca de Xira → Azambuja (~28 km),38.968823,-8.971828,3.663,Alverca / Vila Franca (events: 2026)
B — Vila Franca de Xira → Azambuja (~28 km),39.061624,-8.879474,3.664,"Castanheira / Azambuja (events: 2022, 2026)"
B — Vila Franca de Xira → Azambuja (~28 km),39.071229,-8.860305,3.665,"Castanheira / Azambuja (events: 2022, 2026)"
B — Vila Franca de Xira → Azambuja (~28 km),39.043482,-8.915774,3.666,"Castanheira / Azambuja (events: 2022, 2026)"
A — Sacavém / Bobadela → Vila Franca de Xira (~22 km),38.813904,-9.089371,3.667,"Sacavém / Bobadela (events: 2008, 2014, 2026)"
B — Vila Franca de Xira → Azambuja (~28 km),38.992164,-8.963028,3.667,"Castanheira / Azambuja (events: 2022, 2026)"
A — Sacavém / Bobadela → Vila Franca de Xira (~22 km),38.871528,-9.048768,3.667,"Póvoa de Santa Iria (events: 2008, 2010, 2026)"
B — Vila Franca de Xira → Azambuja (~28 km),39.023924,-8.940707,3.669,"Castanheira / Azambuja (events: 2022, 2026)"
A — Sacavém / Bobadela → Vila Franca de Xira (~22 km),38.878422,-9.046443,3.669,"Póvoa de Santa Iria (events: 2008, 2010, 2026)"
B — Vila Franca de Xira → Azambuja (~28 km),39.056444,-8.889633,3.669,"Castanheira / Azambuja (events: 2022, 2026)"
B — Vila Franca de Xira → Azambuja (~28 km),38.992395,-8.962907,3.669,"Castanheira / Azambuja (events: 2022, 2026)"
B — Vila Franca de Xira → Azambuja (~28 km),39.053981,-8.893788,3.67,"Castanheira / Azambuja (events: 2022, 2026)"
B — Vila Franca de Xira → Azambuja (~28 km),39.031444,-8.91613,3.67,"Castanheira / Azambuja (events: 2022, 2026)"
B — Vila Franca de Xira → Azambuja (~28 km),39.054784,-8.885021,3.671,"Castanheira / Azambuja (events: 2022, 2026)"
A — Sacavém / Bobadela → Vila Franca de Xira (~22 km),38.877045,-9.047832,3.672,"Póvoa de Santa Iria (events: 2008, 2010, 2026)"
A — Sacavém / Bobadela → Vila Franca de Xira (~22 km),38.877836,-9.047033,3.672,"Póvoa de Santa Iria (events: 2008, 2010, 2026)"
A — Sacavém / Bobadela → Vila Franca de Xira (~22 km),38.87473,-9.051067,3.672,"Póvoa de Santa Iria (events: 2008, 2010, 2026)"
B — Vila Franca de Xira → Azambuja (~28 km),38.968259,-8.970575,3.673,Alverca / Vila Franca (events: 2026)
B — Vila Franca de Xira → Azambuja (~28 km),39.031365,-8.91693,3.673,"Castanheira / Azambuja (events: 2022, 2026)"
B — Vila Franca de Xira → Azambuja (~28 km),38.996256,-8.960123,3.673,"Castanheira / Azambuja (events: 2022, 2026)"
A — Sacavém / Bobadela → Vila Franca de Xira (~22 km),38.829619,-9.084825,3.673,"Sacavém / Bobadela (events: 2008, 2014, 2026)"
B — Vila Franca de Xira → Azambuja (~28 km),39.035045,-8.92955,3.673,"Castanheira / Azambuja (events: 2022, 2026)"
B — Vila Franca de Xira → Azambuja (~28 km),39.05556,-8.886003,3.674,"Castanheira / Azambuja (events: 2022, 2026)"
A — Sacavém / Bobadela → Vila Franca de Xira (~22 km),38.878202,-9.046481,3.674,"Póvoa de Santa Iria (events: 2008, 2010, 2026)"
B — Vila Franca de Xira → Azambuja (~28 km),38.998348,-8.958823,3.675,"Castanheira / Azambuja (events: 2022, 2026)"
A — Sacavém / Bobadela → Vila Franca de Xira (~22 km),38.829409,-9.085177,3.675,"Sacavém / Bobadela (events: 2008, 2014, 2026)"
B — Vila Franca de Xira → Azambuja (~28 km),39.034779,-8.910944,3.675,"Castanheira / Azambuja (events: 2022, 2026)"
B — Vila Franca de Xira → Azambuja (~28 km),38.969176,-8.971471,3.677,Alverca / Vila Franca (events: 2026)
B — Vila Franca de Xira → Azambuja (~28 km),39.065367,-8.872623,3.678,"Castanheira / Azambuja (events: 2022, 2026)"
B — Vila Franca de Xira → Azambuja (~28 km),39.072162,-8.858324,3.68,"Castanheira / Azambuja (events: 2022, 2026)"
B — Vila Franca de Xira → Azambuja (~28 km),39.035234,-8.910103,3.681,"Castanheira / Azambuja (events: 2022, 2026)"
B — Vila Franca de Xira → Azambuja (~28 km),38.989371,-8.949902,3.682,"Castanheira / Azambuja (events: 2022, 2026)"
B — Vila Franca de Xira → Azambuja (~28 km),39.032324,-8.934135,3.683,"Castanheira / Azambuja (events: 2022, 2026)"
B — Vila Franca de Xira → Azambuja (~28 km),38.995197,-8.955799,3.683,"Castanheira / Azambuja (events: 2022, 2026)"
B — Vila Franca de Xira → Azambuja (~28 km),38.997563,-8.959388,3.683,"Castanheira / Azambuja (events: 2022, 2026)"
B — Vila Franca de Xira → Azambuja (~28 km),39.001466,-8.950679,3.684,"Castanheira / Azambuja (events: 2022, 2026)"
B — Vila Franca de Xira → Azambuja (~28 km),39.033091,-8.932912,3.684,"Castanheira / Azambuja (events: 2022, 2026)"
B — Vila Franca de Xira → Azambuja (~28 km),38.997137,-8.959678,3.684,"Castanheira / Azambuja (events: 2022, 2026)"
B — Vila Franca de Xira → Azambuja (~28 km),39.035001,-8.92935,3.685,"Castanheira / Azambuja (events: 2022, 2026)"
B — Vila Franca de Xira → Azambuja (~28 km),39.039896,-8.905656,3.687,"Castanheira / Azambuja (events: 2022, 2026)"
A — Sacavém / Bobadela → Vila Franca de Xira (~22 km),38.878066,-9.046595,3.687,"Póvoa de Santa Iria (events: 2008, 2010, 2026)"
A — Sacavém / Bobadela → Vila Franca de Xira (~22 km),38.853899,-9.06459,3.688,"Sacavém / Bobadela (events: 2008, 2014, 2026)"
B — Vila Franca de Xira → Azambuja (~28 km),39.000312,-8.957323,3.688,"Castanheira / Azambuja (events: 2022, 2026)"
A — Sacavém / Bobadela → Vila Franca de Xira (~22 km),38.888335,-9.035826,3.688,"Póvoa de Santa Iria (events: 2008, 2010, 2026)"
A — Sacavém / Bobadela → Vila Franca de Xira (~22 km),38.822942,-9.087205,3.689,"Sacavém / Bobadela (events: 2008, 2014, 2026)"
B — Vila Franca de Xira → Azambuja (~28 km),39.063039,-8.876511,3.69,"Castanheira / Azambuja (events: 2022, 2026)"
B — Vila Franca de Xira → Azambuja (~28 km),38.997709,-8.959274,3.691,"Castanheira / Azambuja (events: 2022, 2026)"
B — Vila Franca de Xira → Azambuja (~28 km),39.046646,-8.897155,3.691,"Castanheira / Azambuja (events: 2022, 2026)"
B — Vila Franca de Xira → Azambuja (~28 km),39.073371,-8.858657,3.691,"Castanheira / Azambuja (events: 2022, 2026)"
B — Vila Franca de Xira → Azambuja (~28 km),39.073655,-8.858207,3.693,"Castanheira / Azambuja (events: 2022, 2026)"
B — Vila Franca de Xira → Azambuja (~28 km),38.999525,-8.957976,3.694,"Castanheira / Azambuja (events: 2022, 2026)"
B — Vila Franca de Xira → Azambuja (~28 km),39.007876,-8.944704,3.694,"Castanheira / Azambuja (events: 2022, 2026)"
B — Vila Franca de Xira → Azambuja (~28 km),39.035109,-8.91055,3.695,"Castanheira / Azambuja (events: 2022, 2026)"
B — Vila Franca de Xira → Azambuja (~28 km),39.043132,-8.915974,3.695,"Castanheira / Azambuja (events: 2022, 2026)"
B — Vila Franca de Xira → Azambuja (~28 km),38.965038,-8.973728,3.695,Alverca / Vila Franca (events: 2026)
B — Vila Franca de Xira → Azambuja (~28 km),39.017226,-8.945448,3.696,"Castanheira / Azambuja (events: 2022, 2026)"
B — Vila Franca de Xira → Azambuja (~28 km),39.032737,-8.933327,3.697,"Castanheira / Azambuja (events: 2022, 2026)"
B — Vila Franca de Xira → Azambuja (~28 km),39.043816,-8.915105,3.697,"Castanheira / Azambuja (events: 2022, 2026)"
B — Vila Franca de Xira → Azambuja (~28 km),39.01764,-8.922223,3.697,"Castanheira / Azambuja (events: 2022, 2026)"
B — Vila Franca de Xira → Azambuja (~28 km),38.997317,-8.959557,3.697,"Castanheira / Azambuja (events: 2022, 2026)"
A — Sacavém / Bobadela → Vila Franca de Xira (~22 km),38.839571,-9.077134,3.698,"Sacavém / Bobadela (events: 2008, 2014, 2026)"
A — Sacavém / Bobadela → Vila Franca de Xira (~22 km),38.911906,-9.017575,3.699,Alverca / Vila Franca (events: 2026)
B — Vila Franca de Xira → Azambuja (~28 km),39.03169,-8.91653,3.7,"Castanheira / Azambuja (events: 2022, 2026)"
B — Vila Franca de Xira → Azambuja (~28 km),39.030367,-8.916716,3.7,"Castanheira / Azambuja (events: 2022, 2026)"
B — Vila Franca de Xira → Azambuja (~28 km),38.965285,-8.9754,3.701,Alverca / Vila Franca (events: 2026)
A — Sacavém / Bobadela → Vila Franca de Xira (~22 km),38.864331,-9.050303,3.702,"Póvoa de Santa Iria (events: 2008, 2010, 2026)"
B — Vila Franca de Xira → Azambuja (~28 km),38.999668,-8.957854,3.702,"Castanheira / Azambuja (events: 2022, 2026)"
B — Vila Franca de Xira → Azambuja (~28 km),38.99511,-8.960182,3.703,"Castanheira / Azambuja (events: 2022, 2026)"
B — Vila Franca de Xira → Azambuja (~28 km),38.99717,-8.95967,3.703,"Castanheira / Azambuja (events: 2022, 2026)"
B — Vila Franca de Xira → Azambuja (~28 km),38.981204,-8.959325,3.703,"Castanheira / Azambuja (events: 2022, 2026)"
B — Vila Franca de Xira → Azambuja (~28 km),39.034616,-8.912931,3.703,"Castanheira / Azambuja (events: 2022, 2026)"
B — Vila Franca de Xira → Azambuja (~28 km),39.061559,-8.879619,3.703,"Castanheira / Azambuja (events: 2022, 2026)"
B — Vila Franca de Xira → Azambuja (~28 km),39.00031,-8.957412,3.704,"Castanheira / Azambuja (events: 2022, 2026)"
A — Sacavém / Bobadela → Vila Franca de Xira (~22 km),38.812455,-9.091136,3.704,"Sacavém / Bobadela (events: 2008, 2014, 2026)"
A — Sacavém / Bobadela → Vila Franca de Xira (~22 km),38.877148,-9.047777,3.706,"Póvoa de Santa Iria (events: 2008, 2010, 2026)"
A — Sacavém / Bobadela → Vila Franca de Xira (~22 km),38.888101,-9.035938,3.706,"Póvoa de Santa Iria (events: 2008, 2010, 2026)"
A — Sacavém / Bobadela → Vila Franca de Xira (~22 km),38.817671,-9.087178,3.707,"Sacavém / Bobadela (events: 2008, 2014, 2026)"
B — Vila Franca de Xira → Azambuja (~28 km),39.065597,-8.872125,3.707,"Castanheira / Azambuja (events: 2022, 2026)"
B — Vila Franca de Xira → Azambuja (~28 km),39.017283,-8.922573,3.708,"Castanheira / Azambuja (events: 2022, 2026)"
B — Vila Franca de Xira → Azambuja (~28 km),38.997917,-8.959103,3.709,"Castanheira / Azambuja (events: 2022, 2026)"
B — Vila Franca de Xira → Azambuja (~28 km),39.034976,-8.928943,3.71,"Castanheira / Azambuja (events: 2022, 2026)"
B — Vila Franca de Xira → Azambuja (~28 km),39.035154,-8.910455,3.711,"Castanheira / Azambuja (events: 2022, 2026)"
A — Sacavém / Bobadela → Vila Franca de Xira (~22 km),38.808521,-9.093854,3.711,"Sacavém / Bobadela (events: 2008, 2014, 2026)"
B — Vila Franca de Xira → Azambuja (~28 km),38.99874,-8.958541,3.711,"Castanheira / Azambuja (events: 2022, 2026)"
B — Vila Franca de Xira → Azambuja (~28 km),39.000288,-8.957361,3.711,"Castanheira / Azambuja (events: 2022, 2026)"
A — Sacavém / Bobadela → Vila Franca de Xira (~22 km),38.911936,-9.017602,3.712,Alverca / Vila Franca (events: 2026)
B — Vila Franca de Xira → Azambuja (~28 km),39.000672,-8.957145,3.714,"Castanheira / Azambuja (events: 2022, 2026)"
B — Vila Franca de Xira → Azambuja (~28 km),39.018622,-8.944099,3.715,"Castanheira / Azambuja (events: 2022, 2026)"
B — Vila Franca de Xira → Azambuja (~28 km),38.982044,-8.970286,3.715,"Castanheira / Azambuja (events: 2022, 2026)"
B — Vila Franca de Xira → Azambuja (~28 km),39.05984,-8.882814,3.715,"Castanheira / Azambuja (events: 2022, 2026)"
B — Vila Franca de Xira → Azambuja (~28 km),39.034977,-8.928796,3.716,"Castanheira / Azambuja (events: 2022, 2026)"
B — Vila Franca de Xira → Azambuja (~28 km),39.074286,-8.855751,3.716,"Castanheira / Azambuja (events: 2022, 2026)"
B — Vila Franca de Xira → Azambuja (~28 km),39.06563,-8.872188,3.718,"Castanheira / Azambuja (events: 2022, 2026)"
B — Vila Franca de Xira → Azambuja (~28 km),39.040542,-8.899798,3.719,"Castanheira / Azambuja (events: 2022, 2026)"
B — Vila Franca de Xira → Azambuja (~28 km),38.998752,-8.957468,3.719,"Castanheira / Azambuja (events: 2022, 2026)"
B — Vila Franca de Xira → Azambuja (~28 km),39.035907,-8.909335,3.72,"Castanheira / Azambuja (events: 2022, 2026)"
B — Vila Franca de Xira → Azambuja (~28 km),39.037866,-8.908932,3.721,"Castanheira / Azambuja (events: 2022, 2026)"
B — Vila Franca de Xira → Azambuja (~28 km),39.063232,-8.876518,3.723,"Castanheira / Azambuja (events: 2022, 2026)"
B — Vila Franca de Xira → Azambuja (~28 km),38.999491,-8.957983,3.724,"Castanheira / Azambuja (events: 2022, 2026)"
B — Vila Franca de Xira → Azambuja (~28 km),38.989405,-8.964978,3.725,"Castanheira / Azambuja (events: 2022, 2026)"
B — Vila Franca de Xira → Azambuja (~28 km),39.000279,-8.957425,3.726,"Castanheira / Azambuja (events: 2022, 2026)"
B — Vila Franca de Xira → Azambuja (~28 km),38.989233,-8.965113,3.726,"Castanheira / Azambuja (events: 2022, 2026)"
B — Vila Franca de Xira → Azambuja (~28 km),39.030216,-8.936217,3.726,"Castanheira / Azambuja (events: 2022, 2026)"
A — Sacavém / Bobadela → Vila Franca de Xira (~22 km),38.861935,-9.0548,3.727,"Póvoa de Santa Iria (events: 2008, 2010, 2026)"
B — Vila Franca de Xira → Azambuja (~28 km),39.046969,-8.897734,3.73,"Castanheira / Azambuja (events: 2022, 2026)"
A — Sacavém / Bobadela → Vila Franca de Xira (~22 km),38.907751,-9.019785,3.73,Alverca / Vila Franca (events: 2026)
B — Vila Franca de Xira → Azambuja (~28 km),39.051434,-8.898559,3.73,"Castanheira / Azambuja (events: 2022, 2026)"
B — Vila Franca de Xira → Azambuja (~28 km),38.999571,-8.950807,3.731,"Castanheira / Azambuja (events: 2022, 2026)"
B — Vila Franca de Xira → Azambuja (~28 km),39.050924,-8.899513,3.731,"Castanheira / Azambuja (events: 2022, 2026)"
B — Vila Franca de Xira → Azambuja (~28 km),38.990249,-8.96418,3.731,"Castanheira / Azambuja (events: 2022, 2026)"
A — Sacavém / Bobadela → Vila Franca de Xira (~22 km),38.817004,-9.087027,3.732,"Sacavém / Bobadela (events: 2008, 2014, 2026)"
B — Vila Franca de Xira → Azambuja (~28 km),38.99138,-8.962907,3.733,"Castanheira / Azambuja (events: 2022, 2026)"
A — Sacavém / Bobadela → Vila Franca de Xira (~22 km),38.870916,-9.04947,3.733,"Póvoa de Santa Iria (events: 2008, 2010, 2026)"
B — Vila Franca de Xira → Azambuja (~28 km),38.998864,-8.958294,3.733,"Castanheira / Azambuja (events: 2022, 2026)"
A — Sacavém / Bobadela → Vila Franca de Xira (~22 km),38.842403,-9.072598,3.733,"Sacavém / Bobadela (events: 2008, 2014, 2026)"
A — Sacavém / Bobadela → Vila Franca de Xira (~22 km),38.804428,-9.093746,3.734,"Sacavém / Bobadela (events: 2008, 2014, 2026)"
B — Vila Franca de Xira → Azambuja (~28 km),39.038077,-8.90701,3.734,"Castanheira / Azambuja (events: 2022, 2026)"
B — Vila Franca de Xira → Azambuja (~28 km),39.03039,-8.91813,3.735,"Castanheira / Azambuja (events: 2022, 2026)"
A — Sacavém / Bobadela → Vila Franca de Xira (~22 km),38.829405,-9.085221,3.735,"Sacavém / Bobadela (events: 2008, 2014, 2026)"
A — Sacavém / Bobadela → Vila Franca de Xira (~22 km),38.907782,-9.019814,3.735,Alverca / Vila Franca (events: 2026)
B — Vila Franca de Xira → Azambuja (~28 km),39.015518,-8.924674,3.736,"Castanheira / Azambuja (events: 2022, 2026)"
A — Sacavém / Bobadela → Vila Franca de Xira (~22 km),38.859131,-9.05903,3.737,"Póvoa de Santa Iria (events: 2008, 2010, 2026)"
B — Vila Franca de Xira → Azambuja (~28 km),39.081962,-8.837528,3.738,"Castanheira / Azambuja (events: 2022, 2026)"
B — Vila Franca de Xira → Azambuja (~28 km),39.051087,-8.899323,3.738,"Castanheira / Azambuja (events: 2022, 2026)"
B — Vila Franca de Xira → Azambuja (~28 km),39.000682,-8.957082,3.739,"Castanheira / Azambuja (events: 2022, 2026)"
A — Sacavém / Bobadela → Vila Franca de Xira (~22 km),38.888371,-9.035848,3.739,"Póvoa de Santa Iria (events: 2008, 2010, 2026)"
B — Vila Franca de Xira → Azambuja (~28 km),38.9995,-8.95792,3.739,"Castanheira / Azambuja (events: 2022, 2026)"
A — Sacavém / Bobadela → Vila Franca de Xira (~22 km),38.872263,-9.051095,3.74,"Póvoa de Santa Iria (events: 2008, 2010, 2026)"
B — Vila Franca de Xira → Azambuja (~28 km),39.03832,-8.923154,3.742,"Castanheira / Azambuja (events: 2022, 2026)"
B — Vila Franca de Xira → Azambuja (~28 km),38.990252,-8.964055,3.744,"Castanheira / Azambuja (events: 2022, 2026)"
A — Sacavém / Bobadela → Vila Franca de Xira (~22 km),38.885386,-9.038874,3.744,"Póvoa de Santa Iria (events: 2008, 2010, 2026)"
A — Sacavém / Bobadela → Vila Franca de Xira (~22 km),38.885388,-9.038964,3.744,"Póvoa de Santa Iria (events: 2008, 2010, 2026)"
A — Sacavém / Bobadela → Vila Franca de Xira (~22 km),38.860271,-9.058105,3.745,"Póvoa de Santa Iria (events: 2008, 2010, 2026)"
B — Vila Franca de Xira → Azambuja (~28 km),38.999526,-8.957885,3.746,"Castanheira / Azambuja (events: 2022, 2026)"
A — Sacavém / Bobadela → Vila Franca de Xira (~22 km),38.81433,-9.090912,3.747,"Sacavém / Bobadela (events: 2008, 2014, 2026)"
B — Vila Franca de Xira → Azambuja (~28 km),39.042092,-8.903733,3.748,"Castanheira / Azambuja (events: 2022, 2026)"
B — Vila Franca de Xira → Azambuja (~28 km),38.997955,-8.959105,3.748,"Castanheira / Azambuja (events: 2022, 2026)"
B — Vila Franca de Xira → Azambuja (~28 km),39.065641,-8.872155,3.749,"Castanheira / Azambuja (events: 2022, 2026)"
B — Vila Franca de Xira → Azambuja (~28 km),39.048631,-8.903807,3.749,"Castanheira / Azambuja (events: 2022, 2026)"
B — Vila Franca de Xira → Azambuja (~28 km),39.061296,-8.879476,3.749,"Castanheira / Azambuja (events: 2022, 2026)"
B — Vila Franca de Xira → Azambuja (~28 km),39.037515,-8.907913,3.75,"Castanheira / Azambuja (events: 2022, 2026)"
A — Sacavém / Bobadela → Vila Franca de Xira (~22 km),38.843453,-9.073138,3.75,"Sacavém / Bobadela (events: 2008, 2014, 2026)"
B — Vila Franca de Xira → Azambuja (~28 km),39.039104,-8.905722,3.751,"Castanheira / Azambuja (events: 2022, 2026)"
B — Vila Franca de Xira → Azambuja (~28 km),39.048534,-8.904089,3.752,"Castanheira / Azambuja (events: 2022, 2026)"
A — Sacavém / Bobadela → Vila Franca de Xira (~22 km),38.829857,-9.084751,3.752,"Sacavém / Bobadela (events: 2008, 2014, 2026)"
B — Vila Franca de Xira → Azambuja (~28 km),39.072856,-8.858789,3.752,"Castanheira / Azambuja (events: 2022, 2026)"
A — Sacavém / Bobadela → Vila Franca de Xira (~22 km),38.817875,-9.089176,3.752,"Sacavém / Bobadela (events: 2008, 2014, 2026)"
B — Vila Franca de Xira → Azambuja (~28 km),38.9981,-8.95899,3.752,"Castanheira / Azambuja (events: 2022, 2026)"
B — Vila Franca de Xira → Azambuja (~28 km),39.035571,-8.909719,3.754,"Castanheira / Azambuja (events: 2022, 2026)"
A — Sacavém / Bobadela → Vila Franca de Xira (~22 km),38.877092,-9.047848,3.754,"Póvoa de Santa Iria (events: 2008, 2010, 2026)"
B — Vila Franca de Xira → Azambuja (~28 km),39.03104,-8.91733,3.754,"Castanheira / Azambuja (events: 2022, 2026)"
B — Vila Franca de Xira → Azambuja (~28 km),39.029172,-8.917632,3.756,"Castanheira / Azambuja (events: 2022, 2026)"
B — Vila Franca de Xira → Azambuja (~28 km),38.999885,-8.957704,3.757,"Castanheira / Azambuja (events: 2022, 2026)"
B — Vila Franca de Xira → Azambuja (~28 km),39.000703,-8.957129,3.76,"Castanheira / Azambuja (events: 2022, 2026)"
A — Sacavém / Bobadela → Vila Franca de Xira (~22 km),38.885392,-9.038796,3.76,"Póvoa de Santa Iria (events: 2008, 2010, 2026)"
B — Vila Franca de Xira → Azambuja (~28 km),38.996252,-8.960222,3.761,"Castanheira / Azambuja (events: 2022, 2026)"
B — Vila Franca de Xira → Azambuja (~28 km),39.063343,-8.876445,3.763,"Castanheira / Azambuja (events: 2022, 2026)"
B — Vila Franca de Xira → Azambuja (~28 km),39.002241,-8.949893,3.763,"Castanheira / Azambuja (events: 2022, 2026)"
A — Sacavém / Bobadela → Vila Franca de Xira (~22 km),38.849664,-9.073252,3.763,"Sacavém / Bobadela (events: 2008, 2014, 2026)"
B — Vila Franca de Xira → Azambuja (~28 km),39.073541,-8.857199,3.764,"Castanheira / Azambuja (events: 2022, 2026)"
B — Vila Franca de Xira → Azambuja (~28 km),39.017275,-8.945231,3.765,"Castanheira / Azambuja (events: 2022, 2026)"
A — Sacavém / Bobadela → Vila Franca de Xira (~22 km),38.873887,-9.047085,3.765,"Póvoa de Santa Iria (events: 2008, 2010, 2026)"
B — Vila Franca de Xira → Azambuja (~28 km),38.999918,-8.957694,3.765,"Castanheira / Azambuja (events: 2022, 2026)"
B — Vila Franca de Xira → Azambuja (~28 km),38.990063,-8.964485,3.766,"Castanheira / Azambuja (events: 2022, 2026)"
A — Sacavém / Bobadela → Vila Franca de Xira (~22 km),38.896295,-9.031104,3.767,Alverca / Vila Franca (events: 2026)
A — Sacavém / Bobadela → Vila Franca de Xira (~22 km),38.885397,-9.038995,3.767,"Póvoa de Santa Iria (events: 2008, 2010, 2026)"
A — Sacavém / Bobadela → Vila Franca de Xira (~22 km),38.829357,-9.085333,3.768,"Sacavém / Bobadela (events: 2008, 2014, 2026)"
B — Vila Franca de Xira → Azambuja (~28 km),39.030462,-8.917321,3.768,"Castanheira / Azambuja (events: 2022, 2026)"
A — Sacavém / Bobadela → Vila Franca de Xira (~22 km),38.807232,-9.094553,3.768,"Sacavém / Bobadela (events: 2008, 2014, 2026)"
B — Vila Franca de Xira → Azambuja (~28 km),39.06381,-8.876255,3.771,"Castanheira / Azambuja (events: 2022, 2026)"
A — Sacavém / Bobadela → Vila Franca de Xira (~22 km),38.884357,-9.039907,3.771,"Póvoa de Santa Iria (events: 2008, 2010, 2026)"
A — Sacavém / Bobadela → Vila Franca de Xira (~22 km),38.878145,-9.046573,3.772,"Póvoa de Santa Iria (events: 2008, 2010, 2026)"
B — Vila Franca de Xira → Azambuja (~28 km),39.03849,-8.906712,3.773,"Castanheira / Azambuja (events: 2022, 2026)"
B — Vila Franca de Xira → Azambuja (~28 km),39.038865,-8.901096,3.773,"Castanheira / Azambuja (events: 2022, 2026)"
B — Vila Franca de Xira → Azambuja (~28 km),38.997553,-8.953111,3.774,"Castanheira / Azambuja (events: 2022, 2026)"
B — Vila Franca de Xira → Azambuja (~28 km),39.031596,-8.908558,3.775,"Castanheira / Azambuja (events: 2022, 2026)"
B — Vila Franca de Xira → Azambuja (~28 km),39.081175,-8.842268,3.776,"Castanheira / Azambuja (events: 2022, 2026)"
B — Vila Franca de Xira → Azambuja (~28 km),38.989068,-8.965215,3.777,"Castanheira / Azambuja (events: 2022, 2026)"
A — Sacavém / Bobadela → Vila Franca de Xira (~22 km),38.872324,-9.05147,3.777,"Póvoa de Santa Iria (events: 2008, 2010, 2026)"
A — Sacavém / Bobadela → Vila Franca de Xira (~22 km),38.88842,-9.035665,3.779,"Póvoa de Santa Iria (events: 2008, 2010, 2026)"
A — Sacavém / Bobadela → Vila Franca de Xira (~22 km),38.823051,-9.087219,3.779,"Sacavém / Bobadela (events: 2008, 2014, 2026)"
A — Sacavém / Bobadela → Vila Franca de Xira (~22 km),38.862377,-9.060186,3.779,"Póvoa de Santa Iria (events: 2008, 2010, 2026)"
B — Vila Franca de Xira → Azambuja (~28 km),38.990193,-8.964421,3.779,"Castanheira / Azambuja (events: 2022, 2026)"
B — Vila Franca de Xira → Azambuja (~28 km),39.043555,-8.901446,3.779,"Castanheira / Azambuja (events: 2022, 2026)"
A — Sacavém / Bobadela → Vila Franca de Xira (~22 km),38.950228,-8.989757,3.78,Alverca / Vila Franca (events: 2026)
B — Vila Franca de Xira → Azambuja (~28 km),39.019239,-8.943823,3.78,"Castanheira / Azambuja (events: 2022, 2026)"
A — Sacavém / Bobadela → Vila Franca de Xira (~22 km),38.842023,-9.072907,3.781,"Sacavém / Bobadela (events: 2008, 2014, 2026)"
B — Vila Franca de Xira → Azambuja (~28 km),39.048591,-8.903608,3.781,"Castanheira / Azambuja (events: 2022, 2026)"
B — Vila Franca de Xira → Azambuja (~28 km),39.030161,-8.916452,3.782,"Castanheira / Azambuja (events: 2022, 2026)"
A — Sacavém / Bobadela → Vila Franca de Xira (~22 km),38.883796,-9.039954,3.784,"Póvoa de Santa Iria (events: 2008, 2010, 2026)"
B — Vila Franca de Xira → Azambuja (~28 km),39.017056,-8.945237,3.786,"Castanheira / Azambuja (events: 2022, 2026)"
B — Vila Franca de Xira → Azambuja (~28 km),39.007109,-8.946944,3.786,"Castanheira / Azambuja (events: 2022, 2026)"
A — Sacavém / Bobadela → Vila Franca de Xira (~22 km),38.872239,-9.051091,3.787,"Póvoa de Santa Iria (events: 2008, 2010, 2026)"
B — Vila Franca de Xira → Azambuja (~28 km),39.037663,-8.90859,3.788,"Castanheira / Azambuja (events: 2022, 2026)"
B — Vila Franca de Xira → Azambuja (~28 km),39.017424,-8.945255,3.788,"Castanheira / Azambuja (events: 2022, 2026)"
B — Vila Franca de Xira → Azambuja (~28 km),39.035813,-8.909666,3.788,"Castanheira / Azambuja (events: 2022, 2026)"
A — Sacavém / Bobadela → Vila Franca de Xira (~22 km),38.814292,-9.089078,3.789,"Sacavém / Bobadela (events: 2008, 2014, 2026)"
B — Vila Franca de Xira → Azambuja (~28 km),39.053726,-8.894265,3.79,"Castanheira / Azambuja (events: 2022, 2026)"
B — Vila Franca de Xira → Azambuja (~28 km),39.081494,-8.841754,3.791,"Castanheira / Azambuja (events: 2022, 2026)"
B — Vila Franca de Xira → Azambuja (~28 km),39.074784,-8.854786,3.792,"Castanheira / Azambuja (events: 2022, 2026)"
B — Vila Franca de Xira → Azambuja (~28 km),39.001796,-8.950285,3.792,"Castanheira / Azambuja (events: 2022, 2026)"
B — Vila Franca de Xira → Azambuja (~28 km),38.999894,-8.95764,3.792,"Castanheira / Azambuja (events: 2022, 2026)"
B — Vila Franca de Xira → Azambuja (~28 km),38.990047,-8.964522,3.793,"Castanheira / Azambuja (events: 2022, 2026)"
B — Vila Franca de Xira → Azambuja (~28 km),38.999652,-8.957737,3.794,"Castanheira / Azambuja (events: 2022, 2026)"
A — Sacavém / Bobadela → Vila Franca de Xira (~22 km),38.870742,-9.049328,3.795,"Póvoa de Santa Iria (events: 2008, 2010, 2026)"
B — Vila Franca de Xira → Azambuja (~28 km),39.048684,-8.903841,3.796,"Castanheira / Azambuja (events: 2022, 2026)"
B — Vila Franca de Xira → Azambuja (~28 km),38.998884,-8.958422,3.796,"Castanheira / Azambuja (events: 2022, 2026)"
A — Sacavém / Bobadela → Vila Franca de Xira (~22 km),38.877323,-9.047698,3.796,"Póvoa de Santa Iria (events: 2008, 2010, 2026)"
A — Sacavém / Bobadela → Vila Franca de Xira (~22 km),38.80701,-9.094497,3.797,"Sacavém / Bobadela (events: 2008, 2014, 2026)"
B — Vila Franca de Xira → Azambuja (~28 km),38.962438,-8.981873,3.797,Alverca / Vila Franca (events: 2026)
A — Sacavém / Bobadela → Vila Franca de Xira (~22 km),38.874302,-9.050918,3.798,"Póvoa de Santa Iria (events: 2008, 2010, 2026)"
B — Vila Franca de Xira → Azambuja (~28 km),38.989593,-8.964842,3.798,"Castanheira / Azambuja (events: 2022, 2026)"
B — Vila Franca de Xira → Azambuja (~28 km),39.00006,-8.95757,3.799,"Castanheira / Azambuja (events: 2022, 2026)"
B — Vila Franca de Xira → Azambuja (~28 km),39.050646,-8.899806,3.8,"Castanheira / Azambuja (events: 2022, 2026)"
A — Sacavém / Bobadela → Vila Franca de Xira (~22 km),38.873671,-9.050846,3.801,"Póvoa de Santa Iria (events: 2008, 2010, 2026)"
B — Vila Franca de Xira → Azambuja (~28 km),38.982265,-8.958253,3.807,"Castanheira / Azambuja (events: 2022, 2026)"
B — Vila Franca de Xira → Azambuja (~28 km),39.006744,-8.944384,3.808,"Castanheira / Azambuja (events: 2022, 2026)"
B — Vila Franca de Xira → Azambuja (~28 km),38.98651,-8.953967,3.808,"Castanheira / Azambuja (events: 2022, 2026)"
B — Vila Franca de Xira → Azambuja (~28 km),39.020824,-8.919315,3.808,"Castanheira / Azambuja (events: 2022, 2026)"
A — Sacavém / Bobadela → Vila Franca de Xira (~22 km),38.851419,-9.070292,3.809,"Sacavém / Bobadela (events: 2008, 2014, 2026)"
B — Vila Franca de Xira → Azambuja (~28 km),39.058193,-8.882848,3.81,"Castanheira / Azambuja (events: 2022, 2026)"
B — Vila Franca de Xira → Azambuja (~28 km),38.996288,-8.960318,3.81,"Castanheira / Azambuja (events: 2022, 2026)"
B — Vila Franca de Xira → Azambuja (~28 km),38.999919,-8.957604,3.811,"Castanheira / Azambuja (events: 2022, 2026)"
B — Vila Franca de Xira → Azambuja (~28 km),39.043646,-8.900503,3.812,"Castanheira / Azambuja (events: 2022, 2026)"
B — Vila Franca de Xira → Azambuja (~28 km),39.060279,-8.882164,3.812,"Castanheira / Azambuja (events: 2022, 2026)"
B — Vila Franca de Xira → Azambuja (~28 km),39.046324,-8.89756,3.813,"Castanheira / Azambuja (events: 2022, 2026)"
B — Vila Franca de Xira → Azambuja (~28 km),39.08142,-8.841782,3.814,"Castanheira / Azambuja (events: 2022, 2026)"
B — Vila Franca de Xira → Azambuja (~28 km),39.000705,-8.957042,3.814,"Castanheira / Azambuja (events: 2022, 2026)"
A — Sacavém / Bobadela → Vila Franca de Xira (~22 km),38.8535,-9.065433,3.814,"Sacavém / Bobadela (events: 2008, 2014, 2026)"
A — Sacavém / Bobadela → Vila Franca de Xira (~22 km),38.885405,-9.03885,3.815,"Póvoa de Santa Iria (events: 2008, 2010, 2026)"
B — Vila Franca de Xira → Azambuja (~28 km),39.031017,-8.915916,3.815,"Castanheira / Azambuja (events: 2022, 2026)"
B — Vila Franca de Xira → Azambuja (~28 km),39.074324,-8.855874,3.815,"Castanheira / Azambuja (events: 2022, 2026)"
B — Vila Franca de Xira → Azambuja (~28 km),39.034901,-8.930644,3.816,"Castanheira / Azambuja (events: 2022, 2026)"
B — Vila Franca de Xira → Azambuja (~28 km),39.022546,-8.941628,3.817,"Castanheira / Azambuja (events: 2022, 2026)"
B — Vila Franca de Xira → Azambuja (~28 km),38.964323,-8.974429,3.817,Alverca / Vila Franca (events: 2026)
B — Vila Franca de Xira → Azambuja (~28 km),39.002126,-8.949892,3.817,"Castanheira / Azambuja (events: 2022, 2026)"
B — Vila Franca de Xira → Azambuja (~28 km),38.989653,-8.964801,3.817,"Castanheira / Azambuja (events: 2022, 2026)"
B — Vila Franca de Xira → Azambuja (~28 km),38.990023,-8.964562,3.817,"Castanheira / Azambuja (events: 2022, 2026)"
B — Vila Franca de Xira → Azambuja (~28 km),39.060023,-8.882641,3.819,"Castanheira / Azambuja (events: 2022, 2026)"
A — Sacavém / Bobadela → Vila Franca de Xira (~22 km),38.871677,-9.048853,3.82,"Póvoa de Santa Iria (events: 2008, 2010, 2026)"
B — Vila Franca de Xira → Azambuja (~28 km),38.981157,-8.971092,3.82,"Castanheira / Azambuja (events: 2022, 2026)"
B — Vila Franca de Xira → Azambuja (~28 km),39.030876,-8.915582,3.821,"Castanheira / Azambuja (events: 2022, 2026)"
B — Vila Franca de Xira → Azambuja (~28 km),39.030758,-8.935273,3.821,"Castanheira / Azambuja (events: 2022, 2026)"
B — Vila Franca de Xira → Azambuja (~28 km),39.006849,-8.944371,3.824,"Castanheira / Azambuja (events: 2022, 2026)"
B — Vila Franca de Xira → Azambuja (~28 km),39.034496,-8.911243,3.824,"Castanheira / Azambuja (events: 2022, 2026)"
A — Sacavém / Bobadela → Vila Franca de Xira (~22 km),38.807647,-9.094389,3.825,"Sacavém / Bobadela (events: 2008, 2014, 2026)"
A — Sacavém / Bobadela → Vila Franca de Xira (~22 km),38.795039,-9.09245,3.825,"Sacavém / Bobadela (events: 2008, 2014, 2026)"
A — Sacavém / Bobadela → Vila Franca de Xira (~22 km),38.829843,-9.084801,3.825,"Sacavém / Bobadela (events: 2008, 2014, 2026)"
B — Vila Franca de Xira → Azambuja (~28 km),39.036215,-8.909513,3.826,"Castanheira / Azambuja (events: 2022, 2026)"
B — Vila Franca de Xira → Azambuja (~28 km),39.044172,-8.895738,3.826,"Castanheira / Azambuja (events: 2022, 2026)"
B — Vila Franca de Xira → Azambuja (~28 km),39.063274,-8.876447,3.826,"Castanheira / Azambuja (events: 2022, 2026)"
B — Vila Franca de Xira → Azambuja (~28 km),39.065724,-8.872539,3.828,"Castanheira / Azambuja (events: 2022, 2026)"
B — Vila Franca de Xira → Azambuja (~28 km),39.011915,-8.927829,3.828,"Castanheira / Azambuja (events: 2022, 2026)"
A — Sacavém / Bobadela → Vila Franca de Xira (~22 km),38.877051,-9.047937,3.828,"Póvoa de Santa Iria (events: 2008, 2010, 2026)"
A — Sacavém / Bobadela → Vila Franca de Xira (~22 km),38.893058,-9.031889,3.829,Alverca / Vila Franca (events: 2026)
B — Vila Franca de Xira → Azambuja (~28 km),38.989628,-8.964837,3.829,"Castanheira / Azambuja (events: 2022, 2026)"
B — Vila Franca de Xira → Azambuja (~28 km),39.046337,-8.897431,3.83,"Castanheira / Azambuja (events: 2022, 2026)"
B — Vila Franca de Xira → Azambuja (~28 km),38.989799,-8.964699,3.83,"Castanheira / Azambuja (events: 2022, 2026)"
A — Sacavém / Bobadela → Vila Franca de Xira (~22 km),38.90696,-9.019352,3.831,Alverca / Vila Franca (events: 2026)
B — Vila Franca de Xira → Azambuja (~28 km),39.039111,-8.9012,3.831,"Castanheira / Azambuja (events: 2022, 2026)"
A — Sacavém / Bobadela → Vila Franca de Xira (~22 km),38.884108,-9.039796,3.831,"Póvoa de Santa Iria (events: 2008, 2010, 2026)"
A — Sacavém / Bobadela → Vila Franca de Xira (~22 km),38.863838,-9.058839,3.832,"Póvoa de Santa Iria (events: 2008, 2010, 2026)"
B — Vila Franca de Xira → Azambuja (~28 km),39.029392,-8.917917,3.834,"Castanheira / Azambuja (events: 2022, 2026)"
A — Sacavém / Bobadela → Vila Franca de Xira (~22 km),38.827226,-9.086251,3.834,"Sacavém / Bobadela (events: 2008, 2014, 2026)"
B — Vila Franca de Xira → Azambuja (~28 km),38.994953,-8.960335,3.834,"Castanheira / Azambuja (events: 2022, 2026)"
B — Vila Franca de Xira → Azambuja (~28 km),39.022292,-8.917668,3.835,"Castanheira / Azambuja (events: 2022, 2026)"
A — Sacavém / Bobadela → Vila Franca de Xira (~22 km),38.876994,-9.047996,3.835,"Póvoa de Santa Iria (events: 2008, 2010, 2026)"
A — Sacavém / Bobadela → Vila Franca de Xira (~22 km),38.888024,-9.035593,3.835,"Póvoa de Santa Iria (events: 2008, 2010, 2026)"
B — Vila Franca de Xira → Azambuja (~28 km),39.035768,-8.909763,3.836,"Castanheira / Azambuja (events: 2022, 2026)"
B — Vila Franca de Xira → Azambuja (~28 km),39.064048,-8.876282,3.837,"Castanheira / Azambuja (events: 2022, 2026)"
B — Vila Franca de Xira → Azambuja (~28 km),39.000047,-8.957458,3.839,"Castanheira / Azambuja (events: 2022, 2026)"
B — Vila Franca de Xira → Azambuja (~28 km),38.996105,-8.960243,3.841,"Castanheira / Azambuja (events: 2022, 2026)"
B — Vila Franca de Xira → Azambuja (~28 km),39.034449,-8.911337,3.842,"Castanheira / Azambuja (events: 2022, 2026)"
B — Vila Franca de Xira → Azambuja (~28 km),39.038446,-8.906511,3.844,"Castanheira / Azambuja (events: 2022, 2026)"
B — Vila Franca de Xira → Azambuja (~28 km),38.998225,-8.952343,3.844,"Castanheira / Azambuja (events: 2022, 2026)"
A — Sacavém / Bobadela → Vila Franca de Xira (~22 km),38.808085,-9.094106,3.845,"Sacavém / Bobadela (events: 2008, 2014, 2026)"
A — Sacavém / Bobadela → Vila Franca de Xira (~22 km),38.802862,-9.094882,3.846,"Sacavém / Bobadela (events: 2008, 2014, 2026)"
B — Vila Franca de Xira → Azambuja (~28 km),39.034817,-8.905404,3.846,"Castanheira / Azambuja (events: 2022, 2026)"
A — Sacavém / Bobadela → Vila Franca de Xira (~22 km),38.879926,-9.044626,3.846,"Póvoa de Santa Iria (events: 2008, 2010, 2026)"
A — Sacavém / Bobadela → Vila Franca de Xira (~22 km),38.80727,-9.094576,3.848,"Sacavém / Bobadela (events: 2008, 2014, 2026)"
B — Vila Franca de Xira → Azambuja (~28 km),38.99454,-8.958941,3.849,"Castanheira / Azambuja (events: 2022, 2026)"
A — Sacavém / Bobadela → Vila Franca de Xira (~22 km),38.906994,-9.019378,3.849,Alverca / Vila Franca (events: 2026)
B — Vila Franca de Xira → Azambuja (~28 km),39.035208,-8.930031,3.849,"Castanheira / Azambuja (events: 2022, 2026)"
B — Vila Franca de Xira → Azambuja (~28 km),39.018606,-8.944418,3.849,"Castanheira / Azambuja (events: 2022, 2026)"
A — Sacavém / Bobadela → Vila Franca de Xira (~22 km),38.848976,-9.068841,3.849,"Sacavém / Bobadela (events: 2008, 2014, 2026)"
B — Vila Franca de Xira → Azambuja (~28 km),39.06118,-8.881388,3.85,"Castanheira / Azambuja (events: 2022, 2026)"
B — Vila Franca de Xira → Azambuja (~28 km),39.030237,-8.935935,3.85,"Castanheira / Azambuja (events: 2022, 2026)"
B — Vila Franca de Xira → Azambuja (~28 km),38.999276,-8.958138,3.85,"Castanheira / Azambuja (events: 2022, 2026)"
B — Vila Franca de Xira → Azambuja (~28 km),39.038065,-8.923631,3.851,"Castanheira / Azambuja (events: 2022, 2026)"
B — Vila Franca de Xira → Azambuja (~28 km),39.057038,-8.888062,3.851,"Castanheira / Azambuja (events: 2022, 2026)"
B — Vila Franca de Xira → Azambuja (~28 km),39.053728,-8.894103,3.852,"Castanheira / Azambuja (events: 2022, 2026)"
B — Vila Franca de Xira → Azambuja (~28 km),39.050903,-8.899331,3.856,"Castanheira / Azambuja (events: 2022, 2026)"
B — Vila Franca de Xira → Azambuja (~28 km),39.037646,-8.908489,3.856,"Castanheira / Azambuja (events: 2022, 2026)"
B — Vila Franca de Xira → Azambuja (~28 km),38.996207,-8.954647,3.857,"Castanheira / Azambuja (events: 2022, 2026)"
B — Vila Franca de Xira → Azambuja (~28 km),38.96146,-8.977232,3.858,Alverca / Vila Franca (events: 2026)
B — Vila Franca de Xira → Azambuja (~28 km),39.042418,-8.903333,3.858,"Castanheira / Azambuja (events: 2022, 2026)"
B — Vila Franca de Xira → Azambuja (~28 km),39.049362,-8.902182,3.858,"Castanheira / Azambuja (events: 2022, 2026)"
B — Vila Franca de Xira → Azambuja (~28 km),39.004765,-8.946745,3.86,"Castanheira / Azambuja (events: 2022, 2026)"
A — Sacavém / Bobadela → Vila Franca de Xira (~22 km),38.878075,-9.046713,3.861,"Póvoa de Santa Iria (events: 2008, 2010, 2026)"
B — Vila Franca de Xira → Azambuja (~28 km),38.982249,-8.970315,3.861,"Castanheira / Azambuja (events: 2022, 2026)"
A — Sacavém / Bobadela → Vila Franca de Xira (~22 km),38.837,-9.075415,3.863,"Sacavém / Bobadela (events: 2008, 2014, 2026)"
B — Vila Franca de Xira → Azambuja (~28 km),39.035328,-8.904669,3.864,"Castanheira / Azambuja (events: 2022, 2026)"
B — Vila Franca de Xira → Azambuja (~28 km),39.039433,-8.905328,3.864,"Castanheira / Azambuja (events: 2022, 2026)"
B — Vila Franca de Xira → Azambuja (~28 km),39.030574,-8.917394,3.865,"Castanheira / Azambuja (events: 2022, 2026)"
A — Sacavém / Bobadela → Vila Franca de Xira (~22 km),38.830053,-9.084675,3.865,"Sacavém / Bobadela (events: 2008, 2014, 2026)"
B — Vila Franca de Xira → Azambuja (~28 km),39.01703,-8.945534,3.866,"Castanheira / Azambuja (events: 2022, 2026)"
B — Vila Franca de Xira → Azambuja (~28 km),39.043753,-8.900798,3.866,"Castanheira / Azambuja (events: 2022, 2026)"
B — Vila Franca de Xira → Azambuja (~28 km),39.057958,-8.883984,3.867,"Castanheira / Azambuja (events: 2022, 2026)"
B — Vila Franca de Xira → Azambuja (~28 km),39.05153,-8.898631,3.868,"Castanheira / Azambuja (events: 2022, 2026)"
B — Vila Franca de Xira → Azambuja (~28 km),39.03517,-8.93018,3.871,"Castanheira / Azambuja (events: 2022, 2026)"
A — Sacavém / Bobadela → Vila Franca de Xira (~22 km),38.883715,-9.040076,3.872,"Póvoa de Santa Iria (events: 2008, 2010, 2026)"
B — Vila Franca de Xira → Azambuja (~28 km),39.051271,-8.899105,3.872,"Castanheira / Azambuja (events: 2022, 2026)"
B — Vila Franca de Xira → Azambuja (~28 km),39.036241,-8.910931,3.873,"Castanheira / Azambuja (events: 2022, 2026)"
B — Vila Franca de Xira → Azambuja (~28 km),39.046793,-8.906935,3.873,"Castanheira / Azambuja (events: 2022, 2026)"
B — Vila Franca de Xira → Azambuja (~28 km),38.999258,-8.958015,3.873,"Castanheira / Azambuja (events: 2022, 2026)"
B — Vila Franca de Xira → Azambuja (~28 km),39.07359,-8.857332,3.874,"Castanheira / Azambuja (events: 2022, 2026)"
B — Vila Franca de Xira → Azambuja (~28 km),39.001776,-8.951931,3.874,"Castanheira / Azambuja (events: 2022, 2026)"
A — Sacavém / Bobadela → Vila Franca de Xira (~22 km),38.845474,-9.071447,3.875,"Sacavém / Bobadela (events: 2008, 2014, 2026)"
B — Vila Franca de Xira → Azambuja (~28 km),39.055427,-8.89122,3.875,"Castanheira / Azambuja (events: 2022, 2026)"
A — Sacavém / Bobadela → Vila Franca de Xira (~22 km),38.834819,-9.079315,3.877,"Sacavém / Bobadela (events: 2008, 2014, 2026)"
B — Vila Franca de Xira → Azambuja (~28 km),38.999133,-8.958166,3.878,"Castanheira / Azambuja (events: 2022, 2026)"
A — Sacavém / Bobadela → Vila Franca de Xira (~22 km),38.87698,-9.048071,3.879,"Póvoa de Santa Iria (events: 2008, 2010, 2026)"
B — Vila Franca de Xira → Azambuja (~28 km),39.048376,-8.904284,3.88,"Castanheira / Azambuja (events: 2022, 2026)"
A — Sacavém / Bobadela → Vila Franca de Xira (~22 km),38.821601,-9.087914,3.88,"Sacavém / Bobadela (events: 2008, 2014, 2026)"
A — Sacavém / Bobadela → Vila Franca de Xira (~22 km),38.823484,-9.087062,3.881,"Sacavém / Bobadela (events: 2008, 2014, 2026)"
B — Vila Franca de Xira → Azambuja (~28 km),38.991109,-8.949323,3.882,"Castanheira / Azambuja (events: 2022, 2026)"
B — Vila Franca de Xira → Azambuja (~28 km),38.959617,-8.983668,3.883,Alverca / Vila Franca (events: 2026)
A — Sacavém / Bobadela → Vila Franca de Xira (~22 km),38.910922,-9.018219,3.886,Alverca / Vila Franca (events: 2026)
B — Vila Franca de Xira → Azambuja (~28 km),39.043383,-8.900595,3.886,"Castanheira / Azambuja (events: 2022, 2026)"
B — Vila Franca de Xira → Azambuja (~28 km),38.999106,-8.958199,3.886,"Castanheira / Azambuja (events: 2022, 2026)"
B — Vila Franca de Xira → Azambuja (~28 km),38.95821,-8.982545,3.886,Alverca / Vila Franca (events: 2026)
B — Vila Franca de Xira → Azambuja (~28 km),38.990392,-8.964091,3.887,"Castanheira / Azambuja (events: 2022, 2026)"
B — Vila Franca de Xira → Azambuja (~28 km),38.989263,-8.965235,3.888,"Castanheira / Azambuja (events: 2022, 2026)"
B — Vila Franca de Xira → Azambuja (~28 km),39.037967,-8.908084,3.889,"Castanheira / Azambuja (events: 2022, 2026)"
B — Vila Franca de Xira → Azambuja (~28 km),38.998857,-8.956923,3.889,"Castanheira / Azambuja (events: 2022, 2026)"
B — Vila Franca de Xira → Azambuja (~28 km),38.999133,-8.958259,3.89,"Castanheira / Azambuja (events: 2022, 2026)"
A — Sacavém / Bobadela → Vila Franca de Xira (~22 km),38.838982,-9.075374,3.892,"Sacavém / Bobadela (events: 2008, 2014, 2026)"
B — Vila Franca de Xira → Azambuja (~28 km),38.987123,-8.965015,3.892,"Castanheira / Azambuja (events: 2022, 2026)"
A — Sacavém / Bobadela → Vila Franca de Xira (~22 km),38.814328,-9.090965,3.893,"Sacavém / Bobadela (events: 2008, 2014, 2026)"
B — Vila Franca de Xira → Azambuja (~28 km),39.036098,-8.90937,3.894,"Castanheira / Azambuja (events: 2022, 2026)"
A — Sacavém / Bobadela → Vila Franca de Xira (~22 km),38.884372,-9.039966,3.895,"Póvoa de Santa Iria (events: 2008, 2010, 2026)"
B — Vila Franca de Xira → Azambuja (~28 km),39.082643,-8.839353,3.895,"Castanheira / Azambuja (events: 2022, 2026)"
B — Vila Franca de Xira → Azambuja (~28 km),38.999097,-8.958262,3.895,"Castanheira / Azambuja (events: 2022, 2026)"
A — Sacavém / Bobadela → Vila Franca de Xira (~22 km),38.874257,-9.046432,3.896,"Póvoa de Santa Iria (events: 2008, 2010, 2026)"
B — Vila Franca de Xira → Azambuja (~28 km),39.03589,-8.909914,3.897,"Castanheira / Azambuja (events: 2022, 2026)"
A — Sacavém / Bobadela → Vila Franca de Xira (~22 km),38.811192,-9.091422,3.898,"Sacavém / Bobadela (events: 2008, 2014, 2026)"
B — Vila Franca de Xira → Azambuja (~28 km),39.041912,-8.915964,3.898,"Castanheira / Azambuja (events: 2022, 2026)"
A — Sacavém / Bobadela → Vila Franca de Xira (~22 km),38.803253,-9.094598,3.899,"Sacavém / Bobadela (events: 2008, 2014, 2026)"
B — Vila Franca de Xira → Azambuja (~28 km),39.046848,-8.907147,3.9,"Castanheira / Azambuja (events: 2022, 2026)"
B — Vila Franca de Xira → Azambuja (~28 km),39.051179,-8.899036,3.9,"Castanheira / Azambuja (events: 2022, 2026)"
B — Vila Franca de Xira → Azambuja (~28 km),39.045233,-8.894666,3.9,"Castanheira / Azambuja (events: 2022, 2026)"
B — Vila Franca de Xira → Azambuja (~28 km),39.074814,-8.854902,3.901,"Castanheira / Azambuja (events: 2022, 2026)"
A — Sacavém / Bobadela → Vila Franca de Xira (~22 km),38.821234,-9.088167,3.901,"Sacavém / Bobadela (events: 2008, 2014, 2026)"
B — Vila Franca de Xira → Azambuja (~28 km),38.980993,-8.971045,3.903,"Castanheira / Azambuja (events: 2022, 2026)"
A — Sacavém / Bobadela → Vila Franca de Xira (~22 km),38.859532,-9.060982,3.903,"Póvoa de Santa Iria (events: 2008, 2010, 2026)"
B — Vila Franca de Xira → Azambuja (~28 km),39.05116,-8.898855,3.903,"Castanheira / Azambuja (events: 2022, 2026)"
A — Sacavém / Bobadela → Vila Franca de Xira (~22 km),38.80271,-9.095019,3.904,"Sacavém / Bobadela (events: 2008, 2014, 2026)"
B — Vila Franca de Xira → Azambuja (~28 km),39.000359,-8.955444,3.906,"Castanheira / Azambuja (events: 2022, 2026)"
A — Sacavém / Bobadela → Vila Franca de Xira (~22 km),38.830283,-9.084569,3.906,"Sacavém / Bobadela (events: 2008, 2014, 2026)"
A — Sacavém / Bobadela → Vila Franca de Xira (~22 km),38.817767,-9.089164,3.906,"Sacavém / Bobadela (events: 2008, 2014, 2026)"
B — Vila Franca de Xira → Azambuja (~28 km),39.018356,-8.921522,3.908,"Castanheira / Azambuja (events: 2022, 2026)"
A — Sacavém / Bobadela → Vila Franca de Xira (~22 km),38.907357,-9.019081,3.908,Alverca / Vila Franca (events: 2026)
A — Sacavém / Bobadela → Vila Franca de Xira (~22 km),38.822078,-9.087527,3.909,"Sacavém / Bobadela (events: 2008, 2014, 2026)"
A — Sacavém / Bobadela → Vila Franca de Xira (~22 km),38.81384,-9.087461,3.909,"Sacavém / Bobadela (events: 2008, 2014, 2026)"
A — Sacavém / Bobadela → Vila Franca de Xira (~22 km),38.808068,-9.094128,3.91,"Sacavém / Bobadela (events: 2008, 2014, 2026)"
B — Vila Franca de Xira → Azambuja (~28 km),38.990419,-8.964286,3.91,"Castanheira / Azambuja (events: 2022, 2026)"
A — Sacavém / Bobadela → Vila Franca de Xira (~22 km),38.830927,-9.082207,3.911,"Sacavém / Bobadela (events: 2008, 2014, 2026)"
B — Vila Franca de Xira → Azambuja (~28 km),39.039826,-8.900499,3.911,"Castanheira / Azambuja (events: 2022, 2026)"
A — Sacavém / Bobadela → Vila Franca de Xira (~22 km),38.854301,-9.064332,3.911,"Sacavém / Bobadela (events: 2008, 2014, 2026)"
B — Vila Franca de Xira → Azambuja (~28 km),39.039464,-8.905512,3.912,"Castanheira / Azambuja (events: 2022, 2026)"
B — Vila Franca de Xira → Azambuja (~28 km),39.02923,-8.917553,3.912,"Castanheira / Azambuja (events: 2022, 2026)"
B — Vila Franca de Xira → Azambuja (~28 km),39.073789,-8.856717,3.912,"Castanheira / Azambuja (events: 2022, 2026)"
B — Vila Franca de Xira → Azambuja (~28 km),38.999507,-8.956123,3.912,"Castanheira / Azambuja (events: 2022, 2026)"
A — Sacavém / Bobadela → Vila Franca de Xira (~22 km),38.877383,-9.047706,3.912,"Póvoa de Santa Iria (events: 2008, 2010, 2026)"
A — Sacavém / Bobadela → Vila Franca de Xira (~22 km),38.872409,-9.052853,3.913,"Póvoa de Santa Iria (events: 2008, 2010, 2026)"
A — Sacavém / Bobadela → Vila Franca de Xira (~22 km),38.820821,-9.088405,3.913,"Sacavém / Bobadela (events: 2008, 2014, 2026)"
B — Vila Franca de Xira → Azambuja (~28 km),39.048789,-8.903612,3.915,"Castanheira / Azambuja (events: 2022, 2026)"
B — Vila Franca de Xira → Azambuja (~28 km),39.030895,-8.91699,3.915,"Castanheira / Azambuja (events: 2022, 2026)"
B — Vila Franca de Xira → Azambuja (~28 km),39.014103,-8.926103,3.916,"Castanheira / Azambuja (events: 2022, 2026)"
B — Vila Franca de Xira → Azambuja (~28 km),38.964578,-8.976115,3.917,Alverca / Vila Franca (events: 2026)
B — Vila Franca de Xira → Azambuja (~28 km),38.981066,-8.971149,3.917,"Castanheira / Azambuja (events: 2022, 2026)"
B — Vila Franca de Xira → Azambuja (~28 km),39.006145,-8.948158,3.917,"Castanheira / Azambuja (events: 2022, 2026)"
A — Sacavém / Bobadela → Vila Franca de Xira (~22 km),38.873958,-9.047003,3.919,"Póvoa de Santa Iria (events: 2008, 2010, 2026)"
B — Vila Franca de Xira → Azambuja (~28 km),38.980143,-8.960397,3.919,"Castanheira / Azambuja (events: 2022, 2026)"
B — Vila Franca de Xira → Azambuja (~28 km),39.030217,-8.91637,3.92,"Castanheira / Azambuja (events: 2022, 2026)"
B — Vila Franca de Xira → Azambuja (~28 km),39.043228,-8.901843,3.92,"Castanheira / Azambuja (events: 2022, 2026)"
A — Sacavém / Bobadela → Vila Franca de Xira (~22 km),38.860652,-9.057796,3.922,"Póvoa de Santa Iria (events: 2008, 2010, 2026)"
B — Vila Franca de Xira → Azambuja (~28 km),39.038116,-8.906905,3.923,"Castanheira / Azambuja (events: 2022, 2026)"
A — Sacavém / Bobadela → Vila Franca de Xira (~22 km),38.878352,-9.046577,3.923,"Póvoa de Santa Iria (events: 2008, 2010, 2026)"
B — Vila Franca de Xira → Azambuja (~28 km),39.032627,-8.933728,3.923,"Castanheira / Azambuja (events: 2022, 2026)"
B — Vila Franca de Xira → Azambuja (~28 km),38.990441,-8.964243,3.924,"Castanheira / Azambuja (events: 2022, 2026)"
B — Vila Franca de Xira → Azambuja (~28 km),39.018453,-8.944386,3.926,"Castanheira / Azambuja (events: 2022, 2026)"
B — Vila Franca de Xira → Azambuja (~28 km),39.030821,-8.915665,3.927,"Castanheira / Azambuja (events: 2022, 2026)"
B — Vila Franca de Xira → Azambuja (~28 km),39.030715,-8.91773,3.928,"Castanheira / Azambuja (events: 2022, 2026)"
B — Vila Franca de Xira → Azambuja (~28 km),39.061601,-8.881141,3.929,"Castanheira / Azambuja (events: 2022, 2026)"
A — Sacavém / Bobadela → Vila Franca de Xira (~22 km),38.907391,-9.019106,3.93,Alverca / Vila Franca (events: 2026)
B — Vila Franca de Xira → Azambuja (~28 km),38.987572,-8.952895,3.93,"Castanheira / Azambuja (events: 2022, 2026)"
B — Vila Franca de Xira → Azambuja (~28 km),38.989814,-8.961943,3.931,"Castanheira / Azambuja (events: 2022, 2026)"
B — Vila Franca de Xira → Azambuja (~28 km),39.065473,-8.873019,3.931,"Castanheira / Azambuja (events: 2022, 2026)"
B — Vila Franca de Xira → Azambuja (~28 km),39.01764,-8.92253,3.931,"Castanheira / Azambuja (events: 2022, 2026)"
B — Vila Franca de Xira → Azambuja (~28 km),39.000038,-8.955849,3.931,"Castanheira / Azambuja (events: 2022, 2026)"
A — Sacavém / Bobadela → Vila Franca de Xira (~22 km),38.803108,-9.09475,3.931,"Sacavém / Bobadela (events: 2008, 2014, 2026)"
B — Vila Franca de Xira → Azambuja (~28 km),39.001137,-8.951072,3.931,"Castanheira / Azambuja (events: 2022, 2026)"
B — Vila Franca de Xira → Azambuja (~28 km),39.037562,-8.924207,3.931,"Castanheira / Azambuja (events: 2022, 2026)"
B — Vila Franca de Xira → Azambuja (~28 km),39.054855,-8.885783,3.932,"Castanheira / Azambuja (events: 2022, 2026)"
B — Vila Franca de Xira → Azambuja (~28 km),39.036035,-8.903954,3.933,"Castanheira / Azambuja (events: 2022, 2026)"
B — Vila Franca de Xira → Azambuja (~28 km),38.991242,-8.962875,3.933,"Castanheira / Azambuja (events: 2022, 2026)"
A — Sacavém / Bobadela → Vila Franca de Xira (~22 km),38.87818,-9.046662,3.933,"Póvoa de Santa Iria (events: 2008, 2010, 2026)"
A — Sacavém / Bobadela → Vila Franca de Xira (~22 km),38.888189,-9.035989,3.933,"Póvoa de Santa Iria (events: 2008, 2010, 2026)"
B — Vila Franca de Xira → Azambuja (~28 km),39.039396,-8.905436,3.934,"Castanheira / Azambuja (events: 2022, 2026)"
B — Vila Franca de Xira → Azambuja (~28 km),39.078512,-8.847546,3.934,"Castanheira / Azambuja (events: 2022, 2026)"
A — Sacavém / Bobadela → Vila Franca de Xira (~22 km),38.880156,-9.039259,3.934,"Póvoa de Santa Iria (events: 2008, 2010, 2026)"
B — Vila Franca de Xira → Azambuja (~28 km),39.006009,-8.948125,3.934,"Castanheira / Azambuja (events: 2022, 2026)"
B — Vila Franca de Xira → Azambuja (~28 km),39.030789,-8.916924,3.935,"Castanheira / Azambuja (events: 2022, 2026)"
A — Sacavém / Bobadela → Vila Franca de Xira (~22 km),38.813346,-9.090262,3.935,"Sacavém / Bobadela (events: 2008, 2014, 2026)"
B — Vila Franca de Xira → Azambuja (~28 km),39.039272,-8.905495,3.936,"Castanheira / Azambuja (events: 2022, 2026)"
B — Vila Franca de Xira → Azambuja (~28 km),39.00535,-8.94753,3.937,"Castanheira / Azambuja (events: 2022, 2026)"
B — Vila Franca de Xira → Azambuja (~28 km),39.037991,-8.908193,3.939,"Castanheira / Azambuja (events: 2022, 2026)"
A — Sacavém / Bobadela → Vila Franca de Xira (~22 km),38.813973,-9.087416,3.94,"Sacavém / Bobadela (events: 2008, 2014, 2026)"
B — Vila Franca de Xira → Azambuja (~28 km),39.043053,-8.900989,3.941,"Castanheira / Azambuja (events: 2022, 2026)"
B — Vila Franca de Xira → Azambuja (~28 km),39.000925,-8.95147,3.942,"Castanheira / Azambuja (events: 2022, 2026)"
B — Vila Franca de Xira → Azambuja (~28 km),39.051342,-8.898846,3.943,"Castanheira / Azambuja (events: 2022, 2026)"
B — Vila Franca de Xira → Azambuja (~28 km),39.046874,-8.907156,3.943,"Castanheira / Azambuja (events: 2022, 2026)"
B — Vila Franca de Xira → Azambuja (~28 km),39.046501,-8.897875,3.943,"Castanheira / Azambuja (events: 2022, 2026)"
B — Vila Franca de Xira → Azambuja (~28 km),38.999693,-8.954626,3.943,"Castanheira / Azambuja (events: 2022, 2026)"
B — Vila Franca de Xira → Azambuja (~28 km),39.042973,-8.901271,3.944,"Castanheira / Azambuja (events: 2022, 2026)"
B — Vila Franca de Xira → Azambuja (~28 km),39.031217,-8.916585,3.945,"Castanheira / Azambuja (events: 2022, 2026)"
B — Vila Franca de Xira → Azambuja (~28 km),39.035682,-8.904311,3.945,"Castanheira / Azambuja (events: 2022, 2026)"
B — Vila Franca de Xira → Azambuja (~28 km),38.999832,-8.955723,3.946,"Castanheira / Azambuja (events: 2022, 2026)"
B — Vila Franca de Xira → Azambuja (~28 km),38.97519,-8.965398,3.946,Alverca / Vila Franca (events: 2026)
A — Sacavém / Bobadela → Vila Franca de Xira (~22 km),38.879769,-9.039552,3.947,"Póvoa de Santa Iria (events: 2008, 2010, 2026)"
A — Sacavém / Bobadela → Vila Franca de Xira (~22 km),38.796748,-9.099068,3.948,"Sacavém / Bobadela (events: 2008, 2014, 2026)"
B — Vila Franca de Xira → Azambuja (~28 km),39.055888,-8.885765,3.948,"Castanheira / Azambuja (events: 2022, 2026)"
B — Vila Franca de Xira → Azambuja (~28 km),39.074038,-8.856234,3.95,"Castanheira / Azambuja (events: 2022, 2026)"
B — Vila Franca de Xira → Azambuja (~28 km),39.038517,-8.908132,3.95,"Castanheira / Azambuja (events: 2022, 2026)"
A — Sacavém / Bobadela → Vila Franca de Xira (~22 km),38.908006,-9.019739,3.951,Alverca / Vila Franca (events: 2026)
A — Sacavém / Bobadela → Vila Franca de Xira (~22 km),38.897441,-9.027847,3.951,Alverca / Vila Franca (events: 2026)
B — Vila Franca de Xira → Azambuja (~28 km),39.065287,-8.872716,3.951,"Castanheira / Azambuja (events: 2022, 2026)"
B — Vila Franca de Xira → Azambuja (~28 km),39.020861,-8.919069,3.951,"Castanheira / Azambuja (events: 2022, 2026)"
B — Vila Franca de Xira → Azambuja (~28 km),39.010548,-8.941127,3.953,"Castanheira / Azambuja (events: 2022, 2026)"
B — Vila Franca de Xira → Azambuja (~28 km),39.038407,-8.906616,3.953,"Castanheira / Azambuja (events: 2022, 2026)"
B — Vila Franca de Xira → Azambuja (~28 km),39.065725,-8.872948,3.953,"Castanheira / Azambuja (events: 2022, 2026)"
B — Vila Franca de Xira → Azambuja (~28 km),39.017447,-8.944953,3.956,"Castanheira / Azambuja (events: 2022, 2026)"
B — Vila Franca de Xira → Azambuja (~28 km),39.019394,-8.943861,3.957,"Castanheira / Azambuja (events: 2022, 2026)"
B — Vila Franca de Xira → Azambuja (~28 km),39.048426,-8.904315,3.959,"Castanheira / Azambuja (events: 2022, 2026)"
B — Vila Franca de Xira → Azambuja (~28 km),39.058021,-8.884136,3.96,"Castanheira / Azambuja (events: 2022, 2026)"
B — Vila Franca de Xira → Azambuja (~28 km),39.002751,-8.950731,3.961,"Castanheira / Azambuja (events: 2022, 2026)"
B — Vila Franca de Xira → Azambuja (~28 km),38.980068,-8.959012,3.961,"Castanheira / Azambuja (events: 2022, 2026)"
B — Vila Franca de Xira → Azambuja (~28 km),39.013346,-8.926427,3.961,"Castanheira / Azambuja (events: 2022, 2026)"
A — Sacavém / Bobadela → Vila Franca de Xira (~22 km),38.885441,-9.038691,3.961,"Póvoa de Santa Iria (events: 2008, 2010, 2026)"
B — Vila Franca de Xira → Azambuja (~28 km),38.987796,-8.964247,3.963,"Castanheira / Azambuja (events: 2022, 2026)"
B — Vila Franca de Xira → Azambuja (~28 km),39.032703,-8.93364,3.964,"Castanheira / Azambuja (events: 2022, 2026)"
B — Vila Franca de Xira → Azambuja (~28 km),38.984606,-8.96777,3.966,"Castanheira / Azambuja (events: 2022, 2026)"
B — Vila Franca de Xira → Azambuja (~28 km),39.034974,-8.905026,3.966,"Castanheira / Azambuja (events: 2022, 2026)"
A — Sacavém / Bobadela → Vila Franca de Xira (~22 km),38.907366,-9.020035,3.966,Alverca / Vila Franca (events: 2026)
A — Sacavém / Bobadela → Vila Franca de Xira (~22 km),38.893596,-9.030142,3.967,Alverca / Vila Franca (events: 2026)
B — Vila Franca de Xira → Azambuja (~28 km),39.015136,-8.924675,3.968,"Castanheira / Azambuja (events: 2022, 2026)"
B — Vila Franca de Xira → Azambuja (~28 km),39.018348,-8.921816,3.969,"Castanheira / Azambuja (events: 2022, 2026)"
B — Vila Franca de Xira → Azambuja (~28 km),39.036248,-8.904003,3.97,"Castanheira / Azambuja (events: 2022, 2026)"
B — Vila Franca de Xira → Azambuja (~28 km),39.01762,-8.94517,3.971,"Castanheira / Azambuja (events: 2022, 2026)"
A — Sacavém / Bobadela → Vila Franca de Xira (~22 km),38.87813,-9.046741,3.971,"Póvoa de Santa Iria (events: 2008, 2010, 2026)"
B — Vila Franca de Xira → Azambuja (~28 km),38.989403,-8.965197,3.972,"Castanheira / Azambuja (events: 2022, 2026)"
B — Vila Franca de Xira → Azambuja (~28 km),38.989734,-8.964879,3.973,"Castanheira / Azambuja (events: 2022, 2026)"
B — Vila Franca de Xira → Azambuja (~28 km),39.032541,-8.933935,3.974,"Castanheira / Azambuja (events: 2022, 2026)"
B — Vila Franca de Xira → Azambuja (~28 km),39.043354,-8.900715,3.974,"Castanheira / Azambuja (events: 2022, 2026)"
B — Vila Franca de Xira → Azambuja (~28 km),39.029559,-8.917159,3.976,"Castanheira / Azambuja (events: 2022, 2026)"
B — Vila Franca de Xira → Azambuja (~28 km),39.043363,-8.90071,3.976,"Castanheira / Azambuja (events: 2022, 2026)"
B — Vila Franca de Xira → Azambuja (~28 km),39.055384,-8.885903,3.977,"Castanheira / Azambuja (events: 2022, 2026)"
A — Sacavém / Bobadela → Vila Franca de Xira (~22 km),38.879681,-9.047075,3.977,"Póvoa de Santa Iria (events: 2008, 2010, 2026)"
B — Vila Franca de Xira → Azambuja (~28 km),39.046323,-8.897174,3.978,"Castanheira / Azambuja (events: 2022, 2026)"
B — Vila Franca de Xira → Azambuja (~28 km),39.043923,-8.914567,3.978,"Castanheira / Azambuja (events: 2022, 2026)"
B — Vila Franca de Xira → Azambuja (~28 km),39.022537,-8.941252,3.979,"Castanheira / Azambuja (events: 2022, 2026)"
A — Sacavém / Bobadela → Vila Franca de Xira (~22 km),38.907336,-9.020005,3.98,Alverca / Vila Franca (events: 2026)
B — Vila Franca de Xira → Azambuja (~28 km),38.995985,-8.960407,3.981,"Castanheira / Azambuja (events: 2022, 2026)"
B — Vila Franca de Xira → Azambuja (~28 km),39.032485,-8.934062,3.981,"Castanheira / Azambuja (events: 2022, 2026)"
B — Vila Franca de Xira → Azambuja (~28 km),39.05722,-8.888212,3.982,"Castanheira / Azambuja (events: 2022, 2026)"
B — Vila Franca de Xira → Azambuja (~28 km),39.031117,-8.916527,3.982,"Castanheira / Azambuja (events: 2022, 2026)"
B — Vila Franca de Xira → Azambuja (~28 km),39.035483,-8.91006,3.982,"Castanheira / Azambuja (events: 2022, 2026)"
B — Vila Franca de Xira → Azambuja (~28 km),39.043025,-8.901108,3.982,"Castanheira / Azambuja (events: 2022, 2026)"
B — Vila Franca de Xira → Azambuja (~28 km),39.043283,-8.916038,3.984,"Castanheira / Azambuja (events: 2022, 2026)"
B — Vila Franca de Xira → Azambuja (~28 km),39.035532,-8.904704,3.984,"Castanheira / Azambuja (events: 2022, 2026)"
B — Vila Franca de Xira → Azambuja (~28 km),39.032582,-8.933866,3.986,"Castanheira / Azambuja (events: 2022, 2026)"
B — Vila Franca de Xira → Azambuja (~28 km),39.065761,-8.872881,3.986,"Castanheira / Azambuja (events: 2022, 2026)"
A — Sacavém / Bobadela → Vila Franca de Xira (~22 km),38.833969,-9.078433,3.986,"Sacavém / Bobadela (events: 2008, 2014, 2026)"
B — Vila Franca de Xira → Azambuja (~28 km),39.008599,-8.943528,3.987,"Castanheira / Azambuja (events: 2022, 2026)"
B — Vila Franca de Xira → Azambuja (~28 km),38.964857,-8.980335,3.989,Alverca / Vila Franca (events: 2026)
A — Sacavém / Bobadela → Vila Franca de Xira (~22 km),38.87808,-9.046817,3.989,"Póvoa de Santa Iria (events: 2008, 2010, 2026)"
B — Vila Franca de Xira → Azambuja (~28 km),39.056186,-8.890106,3.994,"Castanheira / Azambuja (events: 2022, 2026)"
B — Vila Franca de Xira → Azambuja (~28 km),39.053858,-8.894369,3.994,"Castanheira / Azambuja (events: 2022, 2026)"
B — Vila Franca de Xira → Azambuja (~28 km),39.036142,-8.909271,3.997,"Castanheira / Azambuja (events: 2022, 2026)"
B — Vila Franca de Xira → Azambuja (~28 km),38.99604,-8.960505,3.997,"Castanheira / Azambuja (events: 2022, 2026)"
B — Vila Franca de Xira → Azambuja (~28 km),39.032312,-8.907857,3.997,"Castanheira / Azambuja (events: 2022, 2026)"
B — Vila Franca de Xira → Azambuja (~28 km),39.017998,-8.921872,4.0,"Castanheira / Azambuja (events: 2022, 2026)"
B — Vila Franca de Xira → Azambuja (~28 km),38.995953,-8.960425,4.001,"Castanheira / Azambuja (events: 2022, 2026)"
A — Sacavém / Bobadela → Vila Franca de Xira (~22 km),38.872261,-9.052926,4.002,"Póvoa de Santa Iria (events: 2008, 2010, 2026)"
A — Sacavém / Bobadela → Vila Franca de Xira (~22 km),38.854703,-9.064075,4.002,"Sacavém / Bobadela (events: 2008, 2014, 2026)"
B — Vila Franca de Xira → Azambuja (~28 km),38.999182,-8.956523,4.005,"Castanheira / Azambuja (events: 2022, 2026)"
B — Vila Franca de Xira → Azambuja (~28 km),39.079862,-8.841984,4.005,"Castanheira / Azambuja (events: 2022, 2026)"
B — Vila Franca de Xira → Azambuja (~28 km),39.017994,-8.922173,4.005,"Castanheira / Azambuja (events: 2022, 2026)"
B — Vila Franca de Xira → Azambuja (~28 km),39.081728,-8.838023,4.006,"Castanheira / Azambuja (events: 2022, 2026)"
B — Vila Franca de Xira → Azambuja (~28 km),38.978994,-8.960063,4.008,Alverca / Vila Franca (events: 2026)
A — Sacavém / Bobadela → Vila Franca de Xira (~22 km),38.878009,-9.04695,4.009,"Póvoa de Santa Iria (events: 2008, 2010, 2026)"
B — Vila Franca de Xira → Azambuja (~28 km),39.032836,-8.933389,4.01,"Castanheira / Azambuja (events: 2022, 2026)"
B — Vila Franca de Xira → Azambuja (~28 km),39.013749,-8.92646,4.011,"Castanheira / Azambuja (events: 2022, 2026)"
B — Vila Franca de Xira → Azambuja (~28 km),39.035439,-8.910157,4.011,"Castanheira / Azambuja (events: 2022, 2026)"
B — Vila Franca de Xira → Azambuja (~28 km),38.968887,-8.977771,4.013,Alverca / Vila Franca (events: 2026)
B — Vila Franca de Xira → Azambuja (~28 km),39.043914,-8.914233,4.013,"Castanheira / Azambuja (events: 2022, 2026)"
B — Vila Franca de Xira → Azambuja (~28 km),39.032958,-8.933163,4.013,"Castanheira / Azambuja (events: 2022, 2026)"
B — Vila Franca de Xira → Azambuja (~28 km),38.990239,-8.964675,4.014,"Castanheira / Azambuja (events: 2022, 2026)"
B — Vila Franca de Xira → Azambuja (~28 km),39.034668,-8.930956,4.015,"Castanheira / Azambuja (events: 2022, 2026)"
B — Vila Franca de Xira → Azambuja (~28 km),39.043038,-8.90111,4.016,"Castanheira / Azambuja (events: 2022, 2026)"
B — Vila Franca de Xira → Azambuja (~28 km),39.030367,-8.935558,4.018,"Castanheira / Azambuja (events: 2022, 2026)"
B — Vila Franca de Xira → Azambuja (~28 km),39.046644,-8.898134,4.019,"Castanheira / Azambuja (events: 2022, 2026)"
A — Sacavém / Bobadela → Vila Franca de Xira (~22 km),38.872407,-9.052734,4.02,"Póvoa de Santa Iria (events: 2008, 2010, 2026)"
A — Sacavém / Bobadela → Vila Franca de Xira (~22 km),38.83677,-9.07898,4.02,"Sacavém / Bobadela (events: 2008, 2014, 2026)"
A — Sacavém / Bobadela → Vila Franca de Xira (~22 km),38.879909,-9.044017,4.021,"Póvoa de Santa Iria (events: 2008, 2010, 2026)"
B — Vila Franca de Xira → Azambuja (~28 km),38.982161,-8.970176,4.021,"Castanheira / Azambuja (events: 2022, 2026)"
A — Sacavém / Bobadela → Vila Franca de Xira (~22 km),38.83763,-9.081101,4.022,"Sacavém / Bobadela (events: 2008, 2014, 2026)"
B — Vila Franca de Xira → Azambuja (~28 km),39.048886,-8.90333,4.024,"Castanheira / Azambuja (events: 2022, 2026)"
B — Vila Franca de Xira → Azambuja (~28 km),39.011149,-8.940736,4.024,"Castanheira / Azambuja (events: 2022, 2026)"
B — Vila Franca de Xira → Azambuja (~28 km),39.078484,-8.847613,4.025,"Castanheira / Azambuja (events: 2022, 2026)"
A — Sacavém / Bobadela → Vila Franca de Xira (~22 km),38.888593,-9.035738,4.025,"Póvoa de Santa Iria (events: 2008, 2010, 2026)"
B — Vila Franca de Xira → Azambuja (~28 km),38.991861,-8.963155,4.025,"Castanheira / Azambuja (events: 2022, 2026)"
A — Sacavém / Bobadela → Vila Franca de Xira (~22 km),38.871896,-9.052619,4.028,"Póvoa de Santa Iria (events: 2008, 2010, 2026)"
B — Vila Franca de Xira → Azambuja (~28 km),39.077762,-8.846441,4.029,"Castanheira / Azambuja (events: 2022, 2026)"
B — Vila Franca de Xira → Azambuja (~28 km),38.980912,-8.971258,4.029,"Castanheira / Azambuja (events: 2022, 2026)"
B — Vila Franca de Xira → Azambuja (~28 km),38.987218,-8.953252,4.03,"Castanheira / Azambuja (events: 2022, 2026)"
B — Vila Franca de Xira → Azambuja (~28 km),39.063182,-8.876299,4.03,"Castanheira / Azambuja (events: 2022, 2026)"
A — Sacavém / Bobadela → Vila Franca de Xira (~22 km),38.877772,-9.047417,4.03,"Póvoa de Santa Iria (events: 2008, 2010, 2026)"
A — Sacavém / Bobadela → Vila Franca de Xira (~22 km),38.831769,-9.078765,4.031,"Sacavém / Bobadela (events: 2008, 2014, 2026)"
B — Vila Franca de Xira → Azambuja (~28 km),39.032895,-8.933263,4.032,"Castanheira / Azambuja (events: 2022, 2026)"
B — Vila Franca de Xira → Azambuja (~28 km),39.018409,-8.944613,4.032,"Castanheira / Azambuja (events: 2022, 2026)"
A — Sacavém / Bobadela → Vila Franca de Xira (~22 km),38.859483,-9.061024,4.033,"Póvoa de Santa Iria (events: 2008, 2010, 2026)"
B — Vila Franca de Xira → Azambuja (~28 km),39.074962,-8.852383,4.034,"Castanheira / Azambuja (events: 2022, 2026)"
B — Vila Franca de Xira → Azambuja (~28 km),38.999716,-8.956254,4.035,"Castanheira / Azambuja (events: 2022, 2026)"
A — Sacavém / Bobadela → Vila Franca de Xira (~22 km),38.912172,-9.017567,4.035,Alverca / Vila Franca (events: 2026)
B — Vila Franca de Xira → Azambuja (~28 km),39.057068,-8.887925,4.036,"Castanheira / Azambuja (events: 2022, 2026)"
A — Sacavém / Bobadela → Vila Franca de Xira (~22 km),38.890791,-9.035029,4.036,Alverca / Vila Franca (events: 2026)
A — Sacavém / Bobadela → Vila Franca de Xira (~22 km),38.804692,-9.094777,4.037,"Sacavém / Bobadela (events: 2008, 2014, 2026)"
A — Sacavém / Bobadela → Vila Franca de Xira (~22 km),38.845971,-9.072915,4.037,"Sacavém / Bobadela (events: 2008, 2014, 2026)"
B — Vila Franca de Xira → Azambuja (~28 km),39.01823,-8.944383,4.037,"Castanheira / Azambuja (events: 2022, 2026)"
B — Vila Franca de Xira → Azambuja (~28 km),39.05589,-8.885609,4.038,"Castanheira / Azambuja (events: 2022, 2026)"
B — Vila Franca de Xira → Azambuja (~28 km),39.075029,-8.855917,4.038,"Castanheira / Azambuja (events: 2022, 2026)"
B — Vila Franca de Xira → Azambuja (~28 km),39.035241,-8.910714,4.039,"Castanheira / Azambuja (events: 2022, 2026)"
B — Vila Franca de Xira → Azambuja (~28 km),38.99587,-8.955031,4.041,"Castanheira / Azambuja (events: 2022, 2026)"
B — Vila Franca de Xira → Azambuja (~28 km),38.984203,-8.968027,4.041,"Castanheira / Azambuja (events: 2022, 2026)"
A — Sacavém / Bobadela → Vila Franca de Xira (~22 km),38.808486,-9.093916,4.042,"Sacavém / Bobadela (events: 2008, 2014, 2026)"
A — Sacavém / Bobadela → Vila Franca de Xira (~22 km),38.881585,-9.045539,4.043,"Póvoa de Santa Iria (events: 2008, 2010, 2026)"
B — Vila Franca de Xira → Azambuja (~28 km),39.046287,-8.897108,4.043,"Castanheira / Azambuja (events: 2022, 2026)"
B — Vila Franca de Xira → Azambuja (~28 km),39.080328,-8.840994,4.043,"Castanheira / Azambuja (events: 2022, 2026)"
B — Vila Franca de Xira → Azambuja (~28 km),39.080795,-8.840004,4.045,"Castanheira / Azambuja (events: 2022, 2026)"
B — Vila Franca de Xira → Azambuja (~28 km),39.038191,-8.908532,4.045,"Castanheira / Azambuja (events: 2022, 2026)"
B — Vila Franca de Xira → Azambuja (~28 km),39.07408,-8.85636,4.045,"Castanheira / Azambuja (events: 2022, 2026)"
B — Vila Franca de Xira → Azambuja (~28 km),39.048943,-8.903367,4.046,"Castanheira / Azambuja (events: 2022, 2026)"
B — Vila Franca de Xira → Azambuja (~28 km),38.986864,-8.953609,4.048,"Castanheira / Azambuja (events: 2022, 2026)"
B — Vila Franca de Xira → Azambuja (~28 km),39.048848,-8.903133,4.048,"Castanheira / Azambuja (events: 2022, 2026)"
B — Vila Franca de Xira → Azambuja (~28 km),38.982338,-8.970255,4.048,"Castanheira / Azambuja (events: 2022, 2026)"
A — Sacavém / Bobadela → Vila Franca de Xira (~22 km),38.844771,-9.073706,4.048,"Sacavém / Bobadela (events: 2008, 2014, 2026)"
B — Vila Franca de Xira → Azambuja (~28 km),38.999073,-8.957063,4.05,"Castanheira / Azambuja (events: 2022, 2026)"
A — Sacavém / Bobadela → Vila Franca de Xira (~22 km),38.880067,-9.044709,4.051,"Póvoa de Santa Iria (events: 2008, 2010, 2026)"
B — Vila Franca de Xira → Azambuja (~28 km),38.995892,-8.96059,4.051,"Castanheira / Azambuja (events: 2022, 2026)"
A — Sacavém / Bobadela → Vila Franca de Xira (~22 km),38.893254,-9.030517,4.051,Alverca / Vila Franca (events: 2026)
B — Vila Franca de Xira → Azambuja (~28 km),39.043309,-8.900887,4.051,"Castanheira / Azambuja (events: 2022, 2026)"
B — Vila Franca de Xira → Azambuja (~28 km),39.039573,-8.900382,4.051,"Castanheira / Azambuja (events: 2022, 2026)"
B — Vila Franca de Xira → Azambuja (~28 km),38.964681,-8.974078,4.052,Alverca / Vila Franca (events: 2026)
B — Vila Franca de Xira → Azambuja (~28 km),38.992019,-8.963132,4.053,"Castanheira / Azambuja (events: 2022, 2026)"
B — Vila Franca de Xira → Azambuja (~28 km),39.030692,-8.916316,4.055,"Castanheira / Azambuja (events: 2022, 2026)"
A — Sacavém / Bobadela → Vila Franca de Xira (~22 km),38.842216,-9.073829,4.055,"Sacavém / Bobadela (events: 2008, 2014, 2026)"
A — Sacavém / Bobadela → Vila Franca de Xira (~22 km),38.811967,-9.090836,4.055,"Sacavém / Bobadela (events: 2008, 2014, 2026)"
A — Sacavém / Bobadela → Vila Franca de Xira (~22 km),38.821599,-9.087964,4.056,"Sacavém / Bobadela (events: 2008, 2014, 2026)"
A — Sacavém / Bobadela → Vila Franca de Xira (~22 km),38.893938,-9.029766,4.056,Alverca / Vila Franca (events: 2026)
A — Sacavém / Bobadela → Vila Franca de Xira (~22 km),38.842214,-9.07382,4.057,"Sacavém / Bobadela (events: 2008, 2014, 2026)"
B — Vila Franca de Xira → Azambuja (~28 km),39.03589,-8.904353,4.058,"Castanheira / Azambuja (events: 2022, 2026)"
B — Vila Franca de Xira → Azambuja (~28 km),39.017668,-8.944949,4.06,"Castanheira / Azambuja (events: 2022, 2026)"
B — Vila Franca de Xira → Azambuja (~28 km),39.075032,-8.854303,4.06,"Castanheira / Azambuja (events: 2022, 2026)"
A — Sacavém / Bobadela → Vila Franca de Xira (~22 km),38.880415,-9.042919,4.061,"Póvoa de Santa Iria (events: 2008, 2010, 2026)"
B — Vila Franca de Xira → Azambuja (~28 km),39.035174,-8.905054,4.062,"Castanheira / Azambuja (events: 2022, 2026)"
B — Vila Franca de Xira → Azambuja (~28 km),39.046345,-8.897046,4.064,"Castanheira / Azambuja (events: 2022, 2026)"
B — Vila Franca de Xira → Azambuja (~28 km),39.08224,-8.840306,4.065,"Castanheira / Azambuja (events: 2022, 2026)"
B — Vila Franca de Xira → Azambuja (~28 km),39.01056,-8.942526,4.066,"Castanheira / Azambuja (events: 2022, 2026)"
B — Vila Franca de Xira → Azambuja (~28 km),39.073031,-8.85905,4.066,"Castanheira / Azambuja (events: 2022, 2026)"
B — Vila Franca de Xira → Azambuja (~28 km),39.049555,-8.902183,4.067,"Castanheira / Azambuja (events: 2022, 2026)"
B — Vila Franca de Xira → Azambuja (~28 km),38.980877,-8.971156,4.069,"Castanheira / Azambuja (events: 2022, 2026)"
B — Vila Franca de Xira → Azambuja (~28 km),39.079218,-8.846156,4.069,"Castanheira / Azambuja (events: 2022, 2026)"
B — Vila Franca de Xira → Azambuja (~28 km),38.995711,-8.960522,4.069,"Castanheira / Azambuja (events: 2022, 2026)"
B — Vila Franca de Xira → Azambuja (~28 km),38.98945,-8.965232,4.07,"Castanheira / Azambuja (events: 2022, 2026)"
A — Sacavém / Bobadela → Vila Franca de Xira (~22 km),38.890398,-9.03531,4.072,Alverca / Vila Franca (events: 2026)
A — Sacavém / Bobadela → Vila Franca de Xira (~22 km),38.869015,-9.051012,4.074,"Póvoa de Santa Iria (events: 2008, 2010, 2026)"
B — Vila Franca de Xira → Azambuja (~28 km),39.058786,-8.883223,4.075,"Castanheira / Azambuja (events: 2022, 2026)"
B — Vila Franca de Xira → Azambuja (~28 km),39.000157,-8.955324,4.075,"Castanheira / Azambuja (events: 2022, 2026)"
B — Vila Franca de Xira → Azambuja (~28 km),39.010645,-8.942491,4.077,"Castanheira / Azambuja (events: 2022, 2026)"
A — Sacavém / Bobadela → Vila Franca de Xira (~22 km),38.846371,-9.072651,4.078,"Sacavém / Bobadela (events: 2008, 2014, 2026)"
A — Sacavém / Bobadela → Vila Franca de Xira (~22 km),38.853646,-9.065367,4.08,"Sacavém / Bobadela (events: 2008, 2014, 2026)"
B — Vila Franca de Xira → Azambuja (~28 km),39.044525,-8.895381,4.08,"Castanheira / Azambuja (events: 2022, 2026)"
B — Vila Franca de Xira → Azambuja (~28 km),39.037129,-8.908088,4.082,"Castanheira / Azambuja (events: 2022, 2026)"
A — Sacavém / Bobadela → Vila Franca de Xira (~22 km),38.872181,-9.051551,4.083,"Póvoa de Santa Iria (events: 2008, 2010, 2026)"
A — Sacavém / Bobadela → Vila Franca de Xira (~22 km),38.873316,-9.0512,4.083,"Póvoa de Santa Iria (events: 2008, 2010, 2026)"
B — Vila Franca de Xira → Azambuja (~28 km),39.01442,-8.925376,4.084,"Castanheira / Azambuja (events: 2022, 2026)"
B — Vila Franca de Xira → Azambuja (~28 km),39.049044,-8.903136,4.084,"Castanheira / Azambuja (events: 2022, 2026)"
B — Vila Franca de Xira → Azambuja (~28 km),39.061566,-8.881208,4.084,"Castanheira / Azambuja (events: 2022, 2026)"
A — Sacavém / Bobadela → Vila Franca de Xira (~22 km),38.821247,-9.088217,4.086,"Sacavém / Bobadela (events: 2008, 2014, 2026)"
B — Vila Franca de Xira → Azambuja (~28 km),39.029502,-8.917238,4.087,"Castanheira / Azambuja (events: 2022, 2026)"
B — Vila Franca de Xira → Azambuja (~28 km),39.000807,-8.951466,4.087,"Castanheira / Azambuja (events: 2022, 2026)"
A — Sacavém / Bobadela → Vila Franca de Xira (~22 km),38.811774,-9.091384,4.089,"Sacavém / Bobadela (events: 2008, 2014, 2026)"
B — Vila Franca de Xira → Azambuja (~28 km),39.055709,-8.885503,4.089,"Castanheira / Azambuja (events: 2022, 2026)"
B — Vila Franca de Xira → Azambuja (~28 km),39.073835,-8.856846,4.09,"Castanheira / Azambuja (events: 2022, 2026)"
B — Vila Franca de Xira → Azambuja (~28 km),39.022381,-8.941569,4.09,"Castanheira / Azambuja (events: 2022, 2026)"
B — Vila Franca de Xira → Azambuja (~28 km),39.061146,-8.881555,4.091,"Castanheira / Azambuja (events: 2022, 2026)"
B — Vila Franca de Xira → Azambuja (~28 km),39.016882,-8.945513,4.091,"Castanheira / Azambuja (events: 2022, 2026)"
B — Vila Franca de Xira → Azambuja (~28 km),38.990587,-8.964142,4.091,"Castanheira / Azambuja (events: 2022, 2026)"
B — Vila Franca de Xira → Azambuja (~28 km),38.989072,-8.965499,4.093,"Castanheira / Azambuja (events: 2022, 2026)"
B — Vila Franca de Xira → Azambuja (~28 km),38.989014,-8.950253,4.093,"Castanheira / Azambuja (events: 2022, 2026)"
A — Sacavém / Bobadela → Vila Franca de Xira (~22 km),38.892397,-9.031477,4.093,Alverca / Vila Franca (events: 2026)
B — Vila Franca de Xira → Azambuja (~28 km),39.03719,-8.908313,4.094,"Castanheira / Azambuja (events: 2022, 2026)"
B — Vila Franca de Xira → Azambuja (~28 km),39.060583,-8.882055,4.094,"Castanheira / Azambuja (events: 2022, 2026)"
A — Sacavém / Bobadela → Vila Franca de Xira (~22 km),38.908167,-9.019566,4.094,Alverca / Vila Franca (events: 2026)
B — Vila Franca de Xira → Azambuja (~28 km),38.984431,-8.968087,4.094,"Castanheira / Azambuja (events: 2022, 2026)"
B — Vila Franca de Xira → Azambuja (~28 km),39.034916,-8.911114,4.095,"Castanheira / Azambuja (events: 2022, 2026)"
B — Vila Franca de Xira → Azambuja (~28 km),39.030407,-8.936008,4.097,"Castanheira / Azambuja (events: 2022, 2026)"
B — Vila Franca de Xira → Azambuja (~28 km),39.000843,-8.957003,4.099,"Castanheira / Azambuja (events: 2022, 2026)"
B — Vila Franca de Xira → Azambuja (~28 km),38.999395,-8.956659,4.101,"Castanheira / Azambuja (events: 2022, 2026)"
A — Sacavém / Bobadela → Vila Franca de Xira (~22 km),38.837804,-9.074899,4.101,"Sacavém / Bobadela (events: 2008, 2014, 2026)"
B — Vila Franca de Xira → Azambuja (~28 km),39.036038,-8.910513,4.101,"Castanheira / Azambuja (events: 2022, 2026)"
A — Sacavém / Bobadela → Vila Franca de Xira (~22 km),38.908197,-9.019593,4.101,Alverca / Vila Franca (events: 2026)
B — Vila Franca de Xira → Azambuja (~28 km),38.990445,-8.948851,4.101,"Castanheira / Azambuja (events: 2022, 2026)"
A — Sacavém / Bobadela → Vila Franca de Xira (~22 km),38.820469,-9.088756,4.102,"Sacavém / Bobadela (events: 2008, 2014, 2026)"
B — Vila Franca de Xira → Azambuja (~28 km),39.043431,-8.901203,4.102,"Castanheira / Azambuja (events: 2022, 2026)"
B — Vila Franca de Xira → Azambuja (~28 km),39.058352,-8.885548,4.104,"Castanheira / Azambuja (events: 2022, 2026)"
B — Vila Franca de Xira → Azambuja (~28 km),39.018212,-8.944697,4.105,"Castanheira / Azambuja (events: 2022, 2026)"
B — Vila Franca de Xira → Azambuja (~28 km),38.990487,-8.961175,4.107,"Castanheira / Azambuja (events: 2022, 2026)"
A — Sacavém / Bobadela → Vila Franca de Xira (~22 km),38.797105,-9.099226,4.108,"Sacavém / Bobadela (events: 2008, 2014, 2026)"
B — Vila Franca de Xira → Azambuja (~28 km),38.994342,-8.959358,4.108,"Castanheira / Azambuja (events: 2022, 2026)"
B — Vila Franca de Xira → Azambuja (~28 km),39.012273,-8.927478,4.109,"Castanheira / Azambuja (events: 2022, 2026)"
B — Vila Franca de Xira → Azambuja (~28 km),39.079162,-8.84347,4.109,"Castanheira / Azambuja (events: 2022, 2026)"
B — Vila Franca de Xira → Azambuja (~28 km),39.01806,-8.944668,4.109,"Castanheira / Azambuja (events: 2022, 2026)"
A — Sacavém / Bobadela → Vila Franca de Xira (~22 km),38.882664,-9.046261,4.11,"Póvoa de Santa Iria (events: 2008, 2010, 2026)"
B — Vila Franca de Xira → Azambuja (~28 km),39.063763,-8.87615,4.11,"Castanheira / Azambuja (events: 2022, 2026)"
A — Sacavém / Bobadela → Vila Franca de Xira (~22 km),38.814805,-9.090529,4.111,"Sacavém / Bobadela (events: 2008, 2014, 2026)"
B — Vila Franca de Xira → Azambuja (~28 km),39.017839,-8.944668,4.111,"Castanheira / Azambuja (events: 2022, 2026)"
B — Vila Franca de Xira → Azambuja (~28 km),39.047002,-8.906949,4.112,"Castanheira / Azambuja (events: 2022, 2026)"
A — Sacavém / Bobadela → Vila Franca de Xira (~22 km),38.872606,-9.05191,4.112,"Póvoa de Santa Iria (events: 2008, 2010, 2026)"
A — Sacavém / Bobadela → Vila Franca de Xira (~22 km),38.80851,-9.093914,4.114,"Sacavém / Bobadela (events: 2008, 2014, 2026)"
A — Sacavém / Bobadela → Vila Franca de Xira (~22 km),38.863496,-9.051861,4.114,"Póvoa de Santa Iria (events: 2008, 2010, 2026)"
B — Vila Franca de Xira → Azambuja (~28 km),39.016925,-8.922923,4.115,"Castanheira / Azambuja (events: 2022, 2026)"
A — Sacavém / Bobadela → Vila Franca de Xira (~22 km),38.884322,-9.040001,4.116,"Póvoa de Santa Iria (events: 2008, 2010, 2026)"
A — Sacavém / Bobadela → Vila Franca de Xira (~22 km),38.884292,-9.039974,4.117,"Póvoa de Santa Iria (events: 2008, 2010, 2026)"
B — Vila Franca de Xira → Azambuja (~28 km),39.030785,-8.935694,4.118,"Castanheira / Azambuja (events: 2022, 2026)"
B — Vila Franca de Xira → Azambuja (~28 km),39.04311,-8.901608,4.118,"Castanheira / Azambuja (events: 2022, 2026)"
A — Sacavém / Bobadela → Vila Franca de Xira (~22 km),38.872251,-9.052264,4.118,"Póvoa de Santa Iria (events: 2008, 2010, 2026)"
A — Sacavém / Bobadela → Vila Franca de Xira (~22 km),38.874004,-9.051016,4.118,"Póvoa de Santa Iria (events: 2008, 2010, 2026)"
A — Sacavém / Bobadela → Vila Franca de Xira (~22 km),38.803505,-9.09448,4.119,"Sacavém / Bobadela (events: 2008, 2014, 2026)"
B — Vila Franca de Xira → Azambuja (~28 km),38.995589,-8.960681,4.12,"Castanheira / Azambuja (events: 2022, 2026)"
A — Sacavém / Bobadela → Vila Franca de Xira (~22 km),38.892354,-9.031499,4.121,Alverca / Vila Franca (events: 2026)
A — Sacavém / Bobadela → Vila Franca de Xira (~22 km),38.839248,-9.076079,4.125,"Sacavém / Bobadela (events: 2008, 2014, 2026)"
B — Vila Franca de Xira → Azambuja (~28 km),39.055783,-8.890301,4.125,"Castanheira / Azambuja (events: 2022, 2026)"
B — Vila Franca de Xira → Azambuja (~28 km),39.044883,-8.91324,4.125,"Castanheira / Azambuja (events: 2022, 2026)"
B — Vila Franca de Xira → Azambuja (~28 km),38.973724,-8.974694,4.126,Alverca / Vila Franca (events: 2026)
B — Vila Franca de Xira → Azambuja (~28 km),38.980763,-8.971371,4.127,"Castanheira / Azambuja (events: 2022, 2026)"
B — Vila Franca de Xira → Azambuja (~28 km),38.971709,-8.975976,4.127,Alverca / Vila Franca (events: 2026)
B — Vila Franca de Xira → Azambuja (~28 km),39.017818,-8.944976,4.128,"Castanheira / Azambuja (events: 2022, 2026)"
B — Vila Franca de Xira → Azambuja (~28 km),39.058312,-8.885676,4.128,"Castanheira / Azambuja (events: 2022, 2026)"
A — Sacavém / Bobadela → Vila Franca de Xira (~22 km),38.887644,-9.035902,4.13,"Póvoa de Santa Iria (events: 2008, 2010, 2026)"
A — Sacavém / Bobadela → Vila Franca de Xira (~22 km),38.830277,-9.084651,4.13,"Sacavém / Bobadela (events: 2008, 2014, 2026)"
A — Sacavém / Bobadela → Vila Franca de Xira (~22 km),38.885377,-9.037942,4.135,"Póvoa de Santa Iria (events: 2008, 2010, 2026)"
A — Sacavém / Bobadela → Vila Franca de Xira (~22 km),38.794852,-9.092026,4.135,"Sacavém / Bobadela (events: 2008, 2014, 2026)"
B — Vila Franca de Xira → Azambuja (~28 km),39.073088,-8.859107,4.136,"Castanheira / Azambuja (events: 2022, 2026)"
B — Vila Franca de Xira → Azambuja (~28 km),38.995557,-8.960701,4.136,"Castanheira / Azambuja (events: 2022, 2026)"
B — Vila Franca de Xira → Azambuja (~28 km),38.995651,-8.960796,4.137,"Castanheira / Azambuja (events: 2022, 2026)"
B — Vila Franca de Xira → Azambuja (~28 km),39.065371,-8.873071,4.137,"Castanheira / Azambuja (events: 2022, 2026)"
B — Vila Franca de Xira → Azambuja (~28 km),39.03435,-8.931558,4.138,"Castanheira / Azambuja (events: 2022, 2026)"
B — Vila Franca de Xira → Azambuja (~28 km),39.049141,-8.902853,4.139,"Castanheira / Azambuja (events: 2022, 2026)"
A — Sacavém / Bobadela → Vila Franca de Xira (~22 km),38.872205,-9.052938,4.139,"Póvoa de Santa Iria (events: 2008, 2010, 2026)"
B — Vila Franca de Xira → Azambuja (~28 km),39.035234,-8.928321,4.141,"Castanheira / Azambuja (events: 2022, 2026)"
B — Vila Franca de Xira → Azambuja (~28 km),38.984768,-8.967703,4.142,"Castanheira / Azambuja (events: 2022, 2026)"
B — Vila Franca de Xira → Azambuja (~28 km),38.97971,-8.959363,4.144,Alverca / Vila Franca (events: 2026)
B — Vila Franca de Xira → Azambuja (~28 km),39.022239,-8.917886,4.144,"Castanheira / Azambuja (events: 2022, 2026)"
B — Vila Franca de Xira → Azambuja (~28 km),39.054116,-8.893895,4.144,"Castanheira / Azambuja (events: 2022, 2026)"
B — Vila Franca de Xira → Azambuja (~28 km),39.044978,-8.912691,4.146,"Castanheira / Azambuja (events: 2022, 2026)"
A — Sacavém / Bobadela → Vila Franca de Xira (~22 km),38.825069,-9.086689,4.147,"Sacavém / Bobadela (events: 2008, 2014, 2026)"
B — Vila Franca de Xira → Azambuja (~28 km),39.005257,-8.947879,4.147,"Castanheira / Azambuja (events: 2022, 2026)"
B — Vila Franca de Xira → Azambuja (~28 km),39.007178,-8.943977,4.15,"Castanheira / Azambuja (events: 2022, 2026)"
B — Vila Franca de Xira → Azambuja (~28 km),39.036027,-8.910574,4.151,"Castanheira / Azambuja (events: 2022, 2026)"
B — Vila Franca de Xira → Azambuja (~28 km),39.049202,-8.902894,4.152,"Castanheira / Azambuja (events: 2022, 2026)"
A — Sacavém / Bobadela → Vila Franca de Xira (~22 km),38.865709,-9.056392,4.152,"Póvoa de Santa Iria (events: 2008, 2010, 2026)"
B — Vila Franca de Xira → Azambuja (~28 km),39.049105,-8.902657,4.152,"Castanheira / Azambuja (events: 2022, 2026)"
B — Vila Franca de Xira → Azambuja (~28 km),39.044187,-8.914098,4.152,"Castanheira / Azambuja (events: 2022, 2026)"
A — Sacavém / Bobadela → Vila Franca de Xira (~22 km),38.846642,-9.070579,4.154,"Sacavém / Bobadela (events: 2008, 2014, 2026)"
B — Vila Franca de Xira → Azambuja (~28 km),38.990633,-8.964396,4.155,"Castanheira / Azambuja (events: 2022, 2026)"
B — Vila Franca de Xira → Azambuja (~28 km),38.988838,-8.965389,4.156,"Castanheira / Azambuja (events: 2022, 2026)"
A — Sacavém / Bobadela → Vila Franca de Xira (~22 km),38.893504,-9.030144,4.158,Alverca / Vila Franca (events: 2026)
B — Vila Franca de Xira → Azambuja (~28 km),39.037088,-8.90819,4.159,"Castanheira / Azambuja (events: 2022, 2026)"
B — Vila Franca de Xira → Azambuja (~28 km),39.044016,-8.914841,4.159,"Castanheira / Azambuja (events: 2022, 2026)"
B — Vila Franca de Xira → Azambuja (~28 km),39.012989,-8.926777,4.16,"Castanheira / Azambuja (events: 2022, 2026)"
B — Vila Franca de Xira → Azambuja (~28 km),39.008858,-8.943514,4.161,"Castanheira / Azambuja (events: 2022, 2026)"
A — Sacavém / Bobadela → Vila Franca de Xira (~22 km),38.908422,-9.019522,4.161,Alverca / Vila Franca (events: 2026)
B — Vila Franca de Xira → Azambuja (~28 km),38.989844,-8.964953,4.162,"Castanheira / Azambuja (events: 2022, 2026)"
B — Vila Franca de Xira → Azambuja (~28 km),39.012631,-8.927128,4.162,"Castanheira / Azambuja (events: 2022, 2026)"
A — Sacavém / Bobadela → Vila Franca de Xira (~22 km),38.835548,-9.08168,4.162,"Sacavém / Bobadela (events: 2008, 2014, 2026)"
A — Sacavém / Bobadela → Vila Franca de Xira (~22 km),38.796543,-9.099149,4.163,"Sacavém / Bobadela (events: 2008, 2014, 2026)"
A — Sacavém / Bobadela → Vila Franca de Xira (~22 km),38.838609,-9.074384,4.163,"Sacavém / Bobadela (events: 2008, 2014, 2026)"
B — Vila Franca de Xira → Azambuja (~28 km),39.055646,-8.885821,4.164,"Castanheira / Azambuja (events: 2022, 2026)"
A — Sacavém / Bobadela → Vila Franca de Xira (~22 km),38.80247,-9.095166,4.166,"Sacavém / Bobadela (events: 2008, 2014, 2026)"
B — Vila Franca de Xira → Azambuja (~28 km),39.022348,-8.941823,4.167,"Castanheira / Azambuja (events: 2022, 2026)"
B — Vila Franca de Xira → Azambuja (~28 km),39.018014,-8.944891,4.169,"Castanheira / Azambuja (events: 2022, 2026)"
B — Vila Franca de Xira → Azambuja (~28 km),39.007073,-8.943991,4.169,"Castanheira / Azambuja (events: 2022, 2026)"
A — Sacavém / Bobadela → Vila Franca de Xira (~22 km),38.880388,-9.048122,4.171,"Póvoa de Santa Iria (events: 2008, 2010, 2026)"
B — Vila Franca de Xira → Azambuja (~28 km),39.044989,-8.912376,4.173,"Castanheira / Azambuja (events: 2022, 2026)"
A — Sacavém / Bobadela → Vila Franca de Xira (~22 km),38.908613,-9.019372,4.173,Alverca / Vila Franca (events: 2026)
B — Vila Franca de Xira → Azambuja (~28 km),39.034391,-8.931412,4.174,"Castanheira / Azambuja (events: 2022, 2026)"
A — Sacavém / Bobadela → Vila Franca de Xira (~22 km),38.817278,-9.087459,4.174,"Sacavém / Bobadela (events: 2008, 2014, 2026)"
B — Vila Franca de Xira → Azambuja (~28 km),39.082737,-8.83934,4.174,"Castanheira / Azambuja (events: 2022, 2026)"
B — Vila Franca de Xira → Azambuja (~28 km),39.000835,-8.956901,4.176,"Castanheira / Azambuja (events: 2022, 2026)"
A — Sacavém / Bobadela → Vila Franca de Xira (~22 km),38.862332,-9.05453,4.177,"Póvoa de Santa Iria (events: 2008, 2010, 2026)"
A — Sacavém / Bobadela → Vila Franca de Xira (~22 km),38.908583,-9.019346,4.177,Alverca / Vila Franca (events: 2026)
A — Sacavém / Bobadela → Vila Franca de Xira (~22 km),38.907788,-9.018835,4.177,Alverca / Vila Franca (events: 2026)
A — Sacavém / Bobadela → Vila Franca de Xira (~22 km),38.907754,-9.018809,4.178,Alverca / Vila Franca (events: 2026)
B — Vila Franca de Xira → Azambuja (~28 km),39.072547,-8.85913,4.178,"Castanheira / Azambuja (events: 2022, 2026)"
A — Sacavém / Bobadela → Vila Franca de Xira (~22 km),38.798155,-9.098946,4.18,"Sacavém / Bobadela (events: 2008, 2014, 2026)"
A — Sacavém / Bobadela → Vila Franca de Xira (~22 km),38.884806,-9.035743,4.183,"Póvoa de Santa Iria (events: 2008, 2010, 2026)"
B — Vila Franca de Xira → Azambuja (~28 km),38.974483,-8.966112,4.183,Alverca / Vila Franca (events: 2026)
B — Vila Franca de Xira → Azambuja (~28 km),39.055938,-8.890267,4.183,"Castanheira / Azambuja (events: 2022, 2026)"
B — Vila Franca de Xira → Azambuja (~28 km),38.980672,-8.971427,4.184,"Castanheira / Azambuja (events: 2022, 2026)"
A — Sacavém / Bobadela → Vila Franca de Xira (~22 km),38.846495,-9.070639,4.184,"Sacavém / Bobadela (events: 2008, 2014, 2026)"
B — Vila Franca de Xira → Azambuja (~28 km),39.037931,-8.923846,4.184,"Castanheira / Azambuja (events: 2022, 2026)"
B — Vila Franca de Xira → Azambuja (~28 km),39.053895,-8.89408,4.186,"Castanheira / Azambuja (events: 2022, 2026)"
B — Vila Franca de Xira → Azambuja (~28 km),38.992558,-8.96275,4.188,"Castanheira / Azambuja (events: 2022, 2026)"
A — Sacavém / Bobadela → Vila Franca de Xira (~22 km),38.888077,-9.036039,4.189,"Póvoa de Santa Iria (events: 2008, 2010, 2026)"
B — Vila Franca de Xira → Azambuja (~28 km),39.038262,-8.906647,4.19,"Castanheira / Azambuja (events: 2022, 2026)"
B — Vila Franca de Xira → Azambuja (~28 km),39.044879,-8.895023,4.191,"Castanheira / Azambuja (events: 2022, 2026)"
B — Vila Franca de Xira → Azambuja (~28 km),39.075071,-8.855958,4.192,"Castanheira / Azambuja (events: 2022, 2026)"
B — Vila Franca de Xira → Azambuja (~28 km),38.988637,-8.965206,4.192,"Castanheira / Azambuja (events: 2022, 2026)"
A — Sacavém / Bobadela → Vila Franca de Xira (~22 km),38.892436,-9.031406,4.193,Alverca / Vila Franca (events: 2026)
A — Sacavém / Bobadela → Vila Franca de Xira (~22 km),38.856113,-9.067978,4.194,"Póvoa de Santa Iria (events: 2008, 2010, 2026)"
A — Sacavém / Bobadela → Vila Franca de Xira (~22 km),38.892571,-9.031268,4.195,Alverca / Vila Franca (events: 2026)
B — Vila Franca de Xira → Azambuja (~28 km),39.035129,-8.929095,4.196,"Castanheira / Azambuja (events: 2022, 2026)"
A — Sacavém / Bobadela → Vila Franca de Xira (~22 km),38.874244,-9.05107,4.198,"Póvoa de Santa Iria (events: 2008, 2010, 2026)"
A — Sacavém / Bobadela → Vila Franca de Xira (~22 km),38.829824,-9.083202,4.198,"Sacavém / Bobadela (events: 2008, 2014, 2026)"
B — Vila Franca de Xira → Azambuja (~28 km),39.047103,-8.90667,4.2,"Castanheira / Azambuja (events: 2022, 2026)"
B — Vila Franca de Xira → Azambuja (~28 km),38.988656,-8.950603,4.202,"Castanheira / Azambuja (events: 2022, 2026)"
B — Vila Franca de Xira → Azambuja (~28 km),39.049395,-8.902376,4.202,"Castanheira / Azambuja (events: 2022, 2026)"
B — Vila Franca de Xira → Azambuja (~28 km),39.070529,-8.86179,4.202,"Castanheira / Azambuja (events: 2022, 2026)"
A — Sacavém / Bobadela → Vila Franca de Xira (~22 km),38.845716,-9.071217,4.203,"Sacavém / Bobadela (events: 2008, 2014, 2026)"
B — Vila Franca de Xira → Azambuja (~28 km),39.012358,-8.948654,4.205,"Castanheira / Azambuja (events: 2022, 2026)"
B — Vila Franca de Xira → Azambuja (~28 km),39.079257,-8.846098,4.208,"Castanheira / Azambuja (events: 2022, 2026)"
A — Sacavém / Bobadela → Vila Franca de Xira (~22 km),38.869885,-9.049401,4.208,"Póvoa de Santa Iria (events: 2008, 2010, 2026)"
B — Vila Franca de Xira → Azambuja (~28 km),38.988969,-8.965573,4.208,"Castanheira / Azambuja (events: 2022, 2026)"
A — Sacavém / Bobadela → Vila Franca de Xira (~22 km),38.854667,-9.064565,4.208,"Sacavém / Bobadela (events: 2008, 2014, 2026)"
B — Vila Franca de Xira → Azambuja (~28 km),38.966066,-8.979566,4.208,Alverca / Vila Franca (events: 2026)
B — Vila Franca de Xira → Azambuja (~28 km),39.012495,-8.948789,4.209,"Castanheira / Azambuja (events: 2022, 2026)"
A — Sacavém / Bobadela → Vila Franca de Xira (~22 km),38.846884,-9.07035,4.211,"Sacavém / Bobadela (events: 2008, 2014, 2026)"
A — Sacavém / Bobadela → Vila Franca de Xira (~22 km),38.830487,-9.084526,4.212,"Sacavém / Bobadela (events: 2008, 2014, 2026)"
B — Vila Franca de Xira → Azambuja (~28 km),39.007836,-8.943188,4.213,"Castanheira / Azambuja (events: 2022, 2026)"
B — Vila Franca de Xira → Azambuja (~28 km),39.035916,-8.911331,4.214,"Castanheira / Azambuja (events: 2022, 2026)"
B — Vila Franca de Xira → Azambuja (~28 km),38.990652,-8.963924,4.214,"Castanheira / Azambuja (events: 2022, 2026)"
A — Sacavém / Bobadela → Vila Franca de Xira (~22 km),38.823355,-9.087209,4.214,"Sacavém / Bobadela (events: 2008, 2014, 2026)"
B — Vila Franca de Xira → Azambuja (~28 km),39.04705,-8.906459,4.214,"Castanheira / Azambuja (events: 2022, 2026)"
B — Vila Franca de Xira → Azambuja (~28 km),38.995489,-8.960847,4.217,"Castanheira / Azambuja (events: 2022, 2026)"
A — Sacavém / Bobadela → Vila Franca de Xira (~22 km),38.794599,-9.092567,4.218,"Sacavém / Bobadela (events: 2008, 2014, 2026)"
B — Vila Franca de Xira → Azambuja (~28 km),39.059636,-8.883172,4.218,"Castanheira / Azambuja (events: 2022, 2026)"
A — Sacavém / Bobadela → Vila Franca de Xira (~22 km),38.855733,-9.068288,4.218,"Póvoa de Santa Iria (events: 2008, 2010, 2026)"
A — Sacavém / Bobadela → Vila Franca de Xira (~22 km),38.843139,-9.073184,4.219,"Sacavém / Bobadela (events: 2008, 2014, 2026)"
A — Sacavém / Bobadela → Vila Franca de Xira (~22 km),38.854424,-9.064788,4.219,"Sacavém / Bobadela (events: 2008, 2014, 2026)"
B — Vila Franca de Xira → Azambuja (~28 km),39.033195,-8.933139,4.22,"Castanheira / Azambuja (events: 2022, 2026)"
B — Vila Franca de Xira → Azambuja (~28 km),39.044836,-8.895594,4.221,"Castanheira / Azambuja (events: 2022, 2026)"
A — Sacavém / Bobadela → Vila Franca de Xira (~22 km),38.808065,-9.094178,4.222,"Sacavém / Bobadela (events: 2008, 2014, 2026)"
A — Sacavém / Bobadela → Vila Franca de Xira (~22 km),38.838918,-9.075671,4.224,"Sacavém / Bobadela (events: 2008, 2014, 2026)"
B — Vila Franca de Xira → Azambuja (~28 km),39.0657,-8.87184,4.226,"Castanheira / Azambuja (events: 2022, 2026)"
B — Vila Franca de Xira → Azambuja (~28 km),39.065276,-8.872926,4.228,"Castanheira / Azambuja (events: 2022, 2026)"
B — Vila Franca de Xira → Azambuja (~28 km),39.060942,-8.881879,4.23,"Castanheira / Azambuja (events: 2022, 2026)"
B — Vila Franca de Xira → Azambuja (~28 km),39.035234,-8.928469,4.23,"Castanheira / Azambuja (events: 2022, 2026)"
A — Sacavém / Bobadela → Vila Franca de Xira (~22 km),38.806855,-9.094545,4.232,"Sacavém / Bobadela (events: 2008, 2014, 2026)"
B — Vila Franca de Xira → Azambuja (~28 km),39.0123,-8.948875,4.232,"Castanheira / Azambuja (events: 2022, 2026)"
A — Sacavém / Bobadela → Vila Franca de Xira (~22 km),38.865954,-9.056178,4.233,"Póvoa de Santa Iria (events: 2008, 2010, 2026)"
B — Vila Franca de Xira → Azambuja (~28 km),39.056185,-8.891708,4.233,"Castanheira / Azambuja (events: 2022, 2026)"
B — Vila Franca de Xira → Azambuja (~28 km),39.06575,-8.871942,4.234,"Castanheira / Azambuja (events: 2022, 2026)"
A — Sacavém / Bobadela → Vila Franca de Xira (~22 km),38.893661,-9.029923,4.234,Alverca / Vila Franca (events: 2026)
B — Vila Franca de Xira → Azambuja (~28 km),39.059768,-8.883117,4.236,"Castanheira / Azambuja (events: 2022, 2026)"
A — Sacavém / Bobadela → Vila Franca de Xira (~22 km),38.851748,-9.073401,4.236,"Sacavém / Bobadela (events: 2008, 2014, 2026)"
B — Vila Franca de Xira → Azambuja (~28 km),39.047133,-8.906683,4.237,"Castanheira / Azambuja (events: 2022, 2026)"
B — Vila Franca de Xira → Azambuja (~28 km),39.037289,-8.924519,4.24,"Castanheira / Azambuja (events: 2022, 2026)"
A — Sacavém / Bobadela → Vila Franca de Xira (~22 km),38.910661,-9.018241,4.24,Alverca / Vila Franca (events: 2026)
A — Sacavém / Bobadela → Vila Franca de Xira (~22 km),38.821658,-9.087975,4.242,"Sacavém / Bobadela (events: 2008, 2014, 2026)"
A — Sacavém / Bobadela → Vila Franca de Xira (~22 km),38.822187,-9.08754,4.242,"Sacavém / Bobadela (events: 2008, 2014, 2026)"
B — Vila Franca de Xira → Azambuja (~28 km),39.012561,-8.948612,4.244,"Castanheira / Azambuja (events: 2022, 2026)"
B — Vila Franca de Xira → Azambuja (~28 km),39.032872,-8.933542,4.244,"Castanheira / Azambuja (events: 2022, 2026)"
A — Sacavém / Bobadela → Vila Franca de Xira (~22 km),38.872445,-9.05291,4.244,"Póvoa de Santa Iria (events: 2008, 2010, 2026)"
A — Sacavém / Bobadela → Vila Franca de Xira (~22 km),38.862094,-9.055496,4.244,"Póvoa de Santa Iria (events: 2008, 2010, 2026)"
A — Sacavém / Bobadela → Vila Franca de Xira (~22 km),38.814747,-9.090698,4.249,"Sacavém / Bobadela (events: 2008, 2014, 2026)"
B — Vila Franca de Xira → Azambuja (~28 km),39.058613,-8.883191,4.25,"Castanheira / Azambuja (events: 2022, 2026)"
B — Vila Franca de Xira → Azambuja (~28 km),38.974933,-8.973924,4.25,Alverca / Vila Franca (events: 2026)
B — Vila Franca de Xira → Azambuja (~28 km),39.015164,-8.925031,4.251,"Castanheira / Azambuja (events: 2022, 2026)"
B — Vila Franca de Xira → Azambuja (~28 km),39.007733,-8.943204,4.251,"Castanheira / Azambuja (events: 2022, 2026)"
A — Sacavém / Bobadela → Vila Franca de Xira (~22 km),38.893175,-9.030538,4.252,Alverca / Vila Franca (events: 2026)
B — Vila Franca de Xira → Azambuja (~28 km),39.0493,-8.902659,4.253,"Castanheira / Azambuja (events: 2022, 2026)"
B — Vila Franca de Xira → Azambuja (~28 km),39.065338,-8.873128,4.253,"Castanheira / Azambuja (events: 2022, 2026)"
A — Sacavém / Bobadela → Vila Franca de Xira (~22 km),38.822509,-9.087361,4.254,"Sacavém / Bobadela (events: 2008, 2014, 2026)"
B — Vila Franca de Xira → Azambuja (~28 km),38.995317,-8.9608,4.254,"Castanheira / Azambuja (events: 2022, 2026)"
B — Vila Franca de Xira → Azambuja (~28 km),39.057215,-8.887884,4.255,"Castanheira / Azambuja (events: 2022, 2026)"
A — Sacavém / Bobadela → Vila Franca de Xira (~22 km),38.863127,-9.05399,4.255,"Póvoa de Santa Iria (events: 2008, 2010, 2026)"
B — Vila Franca de Xira → Azambuja (~28 km),39.032818,-8.933674,4.255,"Castanheira / Azambuja (events: 2022, 2026)"
A — Sacavém / Bobadela → Vila Franca de Xira (~22 km),38.893744,-9.029816,4.256,Alverca / Vila Franca (events: 2026)
A — Sacavém / Bobadela → Vila Franca de Xira (~22 km),38.882101,-9.041995,4.257,"Póvoa de Santa Iria (events: 2008, 2010, 2026)"
A — Sacavém / Bobadela → Vila Franca de Xira (~22 km),38.892302,-9.031551,4.258,Alverca / Vila Franca (events: 2026)
A — Sacavém / Bobadela → Vila Franca de Xira (~22 km),38.796847,-9.099109,4.258,"Sacavém / Bobadela (events: 2008, 2014, 2026)"
A — Sacavém / Bobadela → Vila Franca de Xira (~22 km),38.910964,-9.016663,4.258,Alverca / Vila Franca (events: 2026)
A — Sacavém / Bobadela → Vila Franca de Xira (~22 km),38.86394,-9.050587,4.26,"Póvoa de Santa Iria (events: 2008, 2010, 2026)"
B — Vila Franca de Xira → Azambuja (~28 km),39.014778,-8.925026,4.261,"Castanheira / Azambuja (events: 2022, 2026)"
B — Vila Franca de Xira → Azambuja (~28 km),39.030491,-8.916058,4.261,"Castanheira / Azambuja (events: 2022, 2026)"
B — Vila Franca de Xira → Azambuja (~28 km),39.021934,-8.918018,4.261,"Castanheira / Azambuja (events: 2022, 2026)"
A — Sacavém / Bobadela → Vila Franca de Xira (~22 km),38.854278,-9.064855,4.261,"Sacavém / Bobadela (events: 2008, 2014, 2026)"
A — Sacavém / Bobadela → Vila Franca de Xira (~22 km),38.812115,-9.090634,4.263,"Sacavém / Bobadela (events: 2008, 2014, 2026)"
B — Vila Franca de Xira → Azambuja (~28 km),39.075058,-8.854416,4.264,"Castanheira / Azambuja (events: 2022, 2026)"
A — Sacavém / Bobadela → Vila Franca de Xira (~22 km),38.862012,-9.060523,4.264,"Póvoa de Santa Iria (events: 2008, 2010, 2026)"
A — Sacavém / Bobadela → Vila Franca de Xira (~22 km),38.908839,-9.019305,4.265,Alverca / Vila Franca (events: 2026)
B — Vila Franca de Xira → Azambuja (~28 km),38.992,-8.963183,4.267,"Castanheira / Azambuja (events: 2022, 2026)"
A — Sacavém / Bobadela → Vila Franca de Xira (~22 km),38.836376,-9.078158,4.268,"Sacavém / Bobadela (events: 2008, 2014, 2026)"
B — Vila Franca de Xira → Azambuja (~28 km),38.993852,-8.957335,4.268,"Castanheira / Azambuja (events: 2022, 2026)"
A — Sacavém / Bobadela → Vila Franca de Xira (~22 km),38.91093,-9.016637,4.269,Alverca / Vila Franca (events: 2026)
B — Vila Franca de Xira → Azambuja (~28 km),39.038441,-8.922892,4.269,"Castanheira / Azambuja (events: 2022, 2026)"
A — Sacavém / Bobadela → Vila Franca de Xira (~22 km),38.822618,-9.087377,4.27,"Sacavém / Bobadela (events: 2008, 2014, 2026)"
A — Sacavém / Bobadela → Vila Franca de Xira (~22 km),38.887503,-9.035809,4.27,"Póvoa de Santa Iria (events: 2008, 2010, 2026)"
B — Vila Franca de Xira → Azambuja (~28 km),39.034591,-8.911514,4.271,"Castanheira / Azambuja (events: 2022, 2026)"
A — Sacavém / Bobadela → Vila Franca de Xira (~22 km),38.873977,-9.05106,4.271,"Póvoa de Santa Iria (events: 2008, 2010, 2026)"
A — Sacavém / Bobadela → Vila Franca de Xira (~22 km),38.897081,-9.030543,4.271,Alverca / Vila Franca (events: 2026)
B — Vila Franca de Xira → Azambuja (~28 km),39.065516,-8.873367,4.272,"Castanheira / Azambuja (events: 2022, 2026)"
B — Vila Franca de Xira → Azambuja (~28 km),39.035566,-8.910314,4.273,"Castanheira / Azambuja (events: 2022, 2026)"
B — Vila Franca de Xira → Azambuja (~28 km),39.082154,-8.840325,4.274,"Castanheira / Azambuja (events: 2022, 2026)"
A — Sacavém / Bobadela → Vila Franca de Xira (~22 km),38.881966,-9.045232,4.275,"Póvoa de Santa Iria (events: 2008, 2010, 2026)"
B — Vila Franca de Xira → Azambuja (~28 km),39.035591,-8.911731,4.275,"Castanheira / Azambuja (events: 2022, 2026)"
B — Vila Franca de Xira → Azambuja (~28 km),38.991518,-8.9478,4.277,"Castanheira / Azambuja (events: 2022, 2026)"
A — Sacavém / Bobadela → Vila Franca de Xira (~22 km),38.812354,-9.090543,4.277,"Sacavém / Bobadela (events: 2008, 2014, 2026)"
A — Sacavém / Bobadela → Vila Franca de Xira (~22 km),38.833378,-9.077734,4.278,"Sacavém / Bobadela (events: 2008, 2014, 2026)"
A — Sacavém / Bobadela → Vila Franca de Xira (~22 km),38.893833,-9.02975,4.278,Alverca / Vila Franca (events: 2026)
B — Vila Franca de Xira → Azambuja (~28 km),38.971306,-8.976232,4.279,Alverca / Vila Franca (events: 2026)
B — Vila Franca de Xira → Azambuja (~28 km),39.030598,-8.935911,4.281,"Castanheira / Azambuja (events: 2022, 2026)"
B — Vila Franca de Xira → Azambuja (~28 km),39.014457,-8.925745,4.282,"Castanheira / Azambuja (events: 2022, 2026)"
B — Vila Franca de Xira → Azambuja (~28 km),39.071304,-8.861544,4.282,"Castanheira / Azambuja (events: 2022, 2026)"
A — Sacavém / Bobadela → Vila Franca de Xira (~22 km),38.91069,-9.018266,4.283,Alverca / Vila Franca (events: 2026)
B — Vila Franca de Xira → Azambuja (~28 km),39.076523,-8.851407,4.283,"Castanheira / Azambuja (events: 2022, 2026)"
A — Sacavém / Bobadela → Vila Franca de Xira (~22 km),38.877354,-9.050604,4.284,"Póvoa de Santa Iria (events: 2008, 2010, 2026)"
B — Vila Franca de Xira → Azambuja (~28 km),39.073888,-8.857707,4.285,"Castanheira / Azambuja (events: 2022, 2026)"
B — Vila Franca de Xira → Azambuja (~28 km),39.044816,-8.913443,4.285,"Castanheira / Azambuja (events: 2022, 2026)"
B — Vila Franca de Xira → Azambuja (~28 km),39.030546,-8.915976,4.285,"Castanheira / Azambuja (events: 2022, 2026)"
B — Vila Franca de Xira → Azambuja (~28 km),39.011477,-8.940339,4.285,"Castanheira / Azambuja (events: 2022, 2026)"
A — Sacavém / Bobadela → Vila Franca de Xira (~22 km),38.837749,-9.081094,4.286,"Sacavém / Bobadela (events: 2008, 2014, 2026)"
B — Vila Franca de Xira → Azambuja (~28 km),39.056149,-8.891874,4.287,"Castanheira / Azambuja (events: 2022, 2026)"
B — Vila Franca de Xira → Azambuja (~28 km),38.98794,-8.951304,4.287,"Castanheira / Azambuja (events: 2022, 2026)"
A — Sacavém / Bobadela → Vila Franca de Xira (~22 km),38.88096,-9.043513,4.288,"Póvoa de Santa Iria (events: 2008, 2010, 2026)"
A — Sacavém / Bobadela → Vila Franca de Xira (~22 km),38.865565,-9.056467,4.288,"Póvoa de Santa Iria (events: 2008, 2010, 2026)"
B — Vila Franca de Xira → Azambuja (~28 km),39.063746,-8.876098,4.289,"Castanheira / Azambuja (events: 2022, 2026)"
B — Vila Franca de Xira → Azambuja (~28 km),39.039086,-8.921724,4.289,"Castanheira / Azambuja (events: 2022, 2026)"
B — Vila Franca de Xira → Azambuja (~28 km),38.994783,-8.960579,4.289,"Castanheira / Azambuja (events: 2022, 2026)"
A — Sacavém / Bobadela → Vila Franca de Xira (~22 km),38.824778,-9.086575,4.289,"Sacavém / Bobadela (events: 2008, 2014, 2026)"
A — Sacavém / Bobadela → Vila Franca de Xira (~22 km),38.848814,-9.070146,4.29,"Sacavém / Bobadela (events: 2008, 2014, 2026)"
B — Vila Franca de Xira → Azambuja (~28 km),39.073938,-8.857758,4.291,"Castanheira / Azambuja (events: 2022, 2026)"
B — Vila Franca de Xira → Azambuja (~28 km),39.016933,-8.923245,4.291,"Castanheira / Azambuja (events: 2022, 2026)"
A — Sacavém / Bobadela → Vila Franca de Xira (~22 km),38.80428,-9.095008,4.291,"Sacavém / Bobadela (events: 2008, 2014, 2026)"
A — Sacavém / Bobadela → Vila Franca de Xira (~22 km),38.796858,-9.099119,4.292,"Sacavém / Bobadela (events: 2008, 2014, 2026)"
A — Sacavém / Bobadela → Vila Franca de Xira (~22 km),38.797979,-9.098955,4.293,"Sacavém / Bobadela (events: 2008, 2014, 2026)"
B — Vila Franca de Xira → Azambuja (~28 km),39.034628,-8.931103,4.294,"Castanheira / Azambuja (events: 2022, 2026)"
B — Vila Franca de Xira → Azambuja (~28 km),39.030524,-8.915479,4.295,"Castanheira / Azambuja (events: 2022, 2026)"
B — Vila Franca de Xira → Azambuja (~28 km),39.029515,-8.916631,4.296,"Castanheira / Azambuja (events: 2022, 2026)"
B — Vila Franca de Xira → Azambuja (~28 km),39.056218,-8.891831,4.296,"Castanheira / Azambuja (events: 2022, 2026)"
B — Vila Franca de Xira → Azambuja (~28 km),39.03063,-8.935653,4.297,"Castanheira / Azambuja (events: 2022, 2026)"
A — Sacavém / Bobadela → Vila Franca de Xira (~22 km),38.861281,-9.061197,4.297,"Póvoa de Santa Iria (events: 2008, 2010, 2026)"
B — Vila Franca de Xira → Azambuja (~28 km),38.988298,-8.950954,4.298,"Castanheira / Azambuja (events: 2022, 2026)"
B — Vila Franca de Xira → Azambuja (~28 km),39.076526,-8.851501,4.298,"Castanheira / Azambuja (events: 2022, 2026)"
A — Sacavém / Bobadela → Vila Franca de Xira (~22 km),38.853889,-9.065144,4.302,"Sacavém / Bobadela (events: 2008, 2014, 2026)"
A — Sacavém / Bobadela → Vila Franca de Xira (~22 km),38.813913,-9.091128,4.302,"Sacavém / Bobadela (events: 2008, 2014, 2026)"
B — Vila Franca de Xira → Azambuja (~28 km),39.00493,-8.948276,4.303,"Castanheira / Azambuja (events: 2022, 2026)"
A — Sacavém / Bobadela → Vila Franca de Xira (~22 km),38.88853,-9.035613,4.305,"Póvoa de Santa Iria (events: 2008, 2010, 2026)"
A — Sacavém / Bobadela → Vila Franca de Xira (~22 km),38.813517,-9.089664,4.307,"Sacavém / Bobadela (events: 2008, 2014, 2026)"
A — Sacavém / Bobadela → Vila Franca de Xira (~22 km),38.884359,-9.040102,4.307,"Póvoa de Santa Iria (events: 2008, 2010, 2026)"
A — Sacavém / Bobadela → Vila Franca de Xira (~22 km),38.880906,-9.04361,4.308,"Póvoa de Santa Iria (events: 2008, 2010, 2026)"
A — Sacavém / Bobadela → Vila Franca de Xira (~22 km),38.881663,-9.044522,4.309,"Póvoa de Santa Iria (events: 2008, 2010, 2026)"
B — Vila Franca de Xira → Azambuja (~28 km),39.012168,-8.948893,4.31,"Castanheira / Azambuja (events: 2022, 2026)"
A — Sacavém / Bobadela → Vila Franca de Xira (~22 km),38.829842,-9.085023,4.312,"Sacavém / Bobadela (events: 2008, 2014, 2026)"
B — Vila Franca de Xira → Azambuja (~28 km),38.982489,-8.970146,4.312,"Castanheira / Azambuja (events: 2022, 2026)"
A — Sacavém / Bobadela → Vila Franca de Xira (~22 km),38.822034,-9.087756,4.313,"Sacavém / Bobadela (events: 2008, 2014, 2026)"
A — Sacavém / Bobadela → Vila Franca de Xira (~22 km),38.888675,-9.035932,4.313,"Póvoa de Santa Iria (events: 2008, 2010, 2026)"
A — Sacavém / Bobadela → Vila Franca de Xira (~22 km),38.908151,-9.018538,4.314,Alverca / Vila Franca (events: 2026)
B — Vila Franca de Xira → Azambuja (~28 km),39.039468,-8.900849,4.315,"Castanheira / Azambuja (events: 2022, 2026)"
B — Vila Franca de Xira → Azambuja (~28 km),38.995534,-8.955415,4.315,"Castanheira / Azambuja (events: 2022, 2026)"
B — Vila Franca de Xira → Azambuja (~28 km),39.056184,-8.891898,4.315,"Castanheira / Azambuja (events: 2022, 2026)"
A — Sacavém / Bobadela → Vila Franca de Xira (~22 km),38.796633,-9.099279,4.315,"Sacavém / Bobadela (events: 2008, 2014, 2026)"
B — Vila Franca de Xira → Azambuja (~28 km),39.04946,-8.90242,4.316,"Castanheira / Azambuja (events: 2022, 2026)"
B — Vila Franca de Xira → Azambuja (~28 km),39.012694,-8.948597,4.317,"Castanheira / Azambuja (events: 2022, 2026)"
B — Vila Franca de Xira → Azambuja (~28 km),39.055947,-8.8922,4.318,"Castanheira / Azambuja (events: 2022, 2026)"
B — Vila Franca de Xira → Azambuja (~28 km),39.005025,-8.94793,4.319,"Castanheira / Azambuja (events: 2022, 2026)"
B — Vila Franca de Xira → Azambuja (~28 km),39.058197,-8.883011,4.319,"Castanheira / Azambuja (events: 2022, 2026)"
A — Sacavém / Bobadela → Vila Franca de Xira (~22 km),38.79654,-9.099199,4.323,"Sacavém / Bobadela (events: 2008, 2014, 2026)"
A — Sacavém / Bobadela → Vila Franca de Xira (~22 km),38.87855,-9.046838,4.323,"Póvoa de Santa Iria (events: 2008, 2010, 2026)"
B — Vila Franca de Xira → Azambuja (~28 km),39.036917,-8.908183,4.325,"Castanheira / Azambuja (events: 2022, 2026)"
B — Vila Franca de Xira → Azambuja (~28 km),39.063407,-8.876134,4.325,"Castanheira / Azambuja (events: 2022, 2026)"
A — Sacavém / Bobadela → Vila Franca de Xira (~22 km),38.893396,-9.030183,4.326,Alverca / Vila Franca (events: 2026)
A — Sacavém / Bobadela → Vila Franca de Xira (~22 km),38.819126,-9.089737,4.327,"Sacavém / Bobadela (events: 2008, 2014, 2026)"
B — Vila Franca de Xira → Azambuja (~28 km),39.076275,-8.85189,4.327,"Castanheira / Azambuja (events: 2022, 2026)"
A — Sacavém / Bobadela → Vila Franca de Xira (~22 km),38.851351,-9.073673,4.329,"Sacavém / Bobadela (events: 2008, 2014, 2026)"
A — Sacavém / Bobadela → Vila Franca de Xira (~22 km),38.863619,-9.057913,4.33,"Póvoa de Santa Iria (events: 2008, 2010, 2026)"
B — Vila Franca de Xira → Azambuja (~28 km),39.065481,-8.873434,4.33,"Castanheira / Azambuja (events: 2022, 2026)"
A — Sacavém / Bobadela → Vila Franca de Xira (~22 km),38.842771,-9.075024,4.334,"Sacavém / Bobadela (events: 2008, 2014, 2026)"
A — Sacavém / Bobadela → Vila Franca de Xira (~22 km),38.83071,-9.084387,4.334,"Sacavém / Bobadela (events: 2008, 2014, 2026)"
A — Sacavém / Bobadela → Vila Franca de Xira (~22 km),38.893317,-9.030295,4.335,Alverca / Vila Franca (events: 2026)
B — Vila Franca de Xira → Azambuja (~28 km),39.06519,-8.872794,4.335,"Castanheira / Azambuja (events: 2022, 2026)"
A — Sacavém / Bobadela → Vila Franca de Xira (~22 km),38.908185,-9.018563,4.335,Alverca / Vila Franca (events: 2026)
B — Vila Franca de Xira → Azambuja (~28 km),39.010966,-8.942086,4.335,"Castanheira / Azambuja (events: 2022, 2026)"
B — Vila Franca de Xira → Azambuja (~28 km),39.010885,-8.942126,4.336,"Castanheira / Azambuja (events: 2022, 2026)"
B — Vila Franca de Xira → Azambuja (~28 km),38.975336,-8.973668,4.337,Alverca / Vila Franca (events: 2026)
B — Vila Franca de Xira → Azambuja (~28 km),38.999158,-8.953433,4.337,"Castanheira / Azambuja (events: 2022, 2026)"
B — Vila Franca de Xira → Azambuja (~28 km),39.032144,-8.907884,4.337,"Castanheira / Azambuja (events: 2022, 2026)"
B — Vila Franca de Xira → Azambuja (~28 km),39.044083,-8.914639,4.338,"Castanheira / Azambuja (events: 2022, 2026)"
A — Sacavém / Bobadela → Vila Franca de Xira (~22 km),38.847031,-9.070289,4.339,"Sacavém / Bobadela (events: 2008, 2014, 2026)"
B — Vila Franca de Xira → Azambuja (~28 km),39.045083,-8.912977,4.339,"Castanheira / Azambuja (events: 2022, 2026)"
B — Vila Franca de Xira → Azambuja (~28 km),39.060324,-8.882528,4.34,"Castanheira / Azambuja (events: 2022, 2026)"
B — Vila Franca de Xira → Azambuja (~28 km),38.981499,-8.957611,4.341,"Castanheira / Azambuja (events: 2022, 2026)"
A — Sacavém / Bobadela → Vila Franca de Xira (~22 km),38.849639,-9.069685,4.342,"Sacavém / Bobadela (events: 2008, 2014, 2026)"
B — Vila Franca de Xira → Azambuja (~28 km),38.990151,-8.961559,4.342,"Castanheira / Azambuja (events: 2022, 2026)"
B — Vila Franca de Xira → Azambuja (~28 km),39.058095,-8.886024,4.342,"Castanheira / Azambuja (events: 2022, 2026)"
A — Sacavém / Bobadela → Vila Franca de Xira (~22 km),38.814746,-9.090752,4.343,"Sacavém / Bobadela (events: 2008, 2014, 2026)"
B — Vila Franca de Xira → Azambuja (~28 km),39.038338,-8.922786,4.343,"Castanheira / Azambuja (events: 2022, 2026)"
B — Vila Franca de Xira → Azambuja (~28 km),38.991769,-8.963307,4.345,"Castanheira / Azambuja (events: 2022, 2026)"
B — Vila Franca de Xira → Azambuja (~28 km),39.017287,-8.922887,4.345,"Castanheira / Azambuja (events: 2022, 2026)"
A — Sacavém / Bobadela → Vila Franca de Xira (~22 km),38.88006,-9.044463,4.346,"Póvoa de Santa Iria (events: 2008, 2010, 2026)"
B — Vila Franca de Xira → Azambuja (~28 km),39.072612,-8.859275,4.346,"Castanheira / Azambuja (events: 2022, 2026)"
A — Sacavém / Bobadela → Vila Franca de Xira (~22 km),38.796956,-9.099278,4.347,"Sacavém / Bobadela (events: 2008, 2014, 2026)"
B — Vila Franca de Xira → Azambuja (~28 km),39.003083,-8.951724,4.349,"Castanheira / Azambuja (events: 2022, 2026)"
B — Vila Franca de Xira → Azambuja (~28 km),39.007507,-8.943583,4.349,"Castanheira / Azambuja (events: 2022, 2026)"
B — Vila Franca de Xira → Azambuja (~28 km),39.044616,-8.913707,4.351,"Castanheira / Azambuja (events: 2022, 2026)"
A — Sacavém / Bobadela → Vila Franca de Xira (~22 km),38.857118,-9.062528,4.352,"Póvoa de Santa Iria (events: 2008, 2010, 2026)"
B — Vila Franca de Xira → Azambuja (~28 km),38.992891,-8.960908,4.353,"Castanheira / Azambuja (events: 2022, 2026)"
A — Sacavém / Bobadela → Vila Franca de Xira (~22 km),38.854813,-9.064499,4.354,"Sacavém / Bobadela (events: 2008, 2014, 2026)"
A — Sacavém / Bobadela → Vila Franca de Xira (~22 km),38.86273,-9.05426,4.356,"Póvoa de Santa Iria (events: 2008, 2010, 2026)"
B — Vila Franca de Xira → Azambuja (~28 km),38.9806,-8.971326,4.357,"Castanheira / Azambuja (events: 2022, 2026)"
B — Vila Franca de Xira → Azambuja (~28 km),39.075196,-8.851887,4.358,"Castanheira / Azambuja (events: 2022, 2026)"
B — Vila Franca de Xira → Azambuja (~28 km),39.03895,-8.921938,4.358,"Castanheira / Azambuja (events: 2022, 2026)"
B — Vila Franca de Xira → Azambuja (~28 km),39.071552,-8.861061,4.359,"Castanheira / Azambuja (events: 2022, 2026)"
A — Sacavém / Bobadela → Vila Franca de Xira (~22 km),38.830159,-9.079796,4.361,"Sacavém / Bobadela (events: 2008, 2014, 2026)"
B — Vila Franca de Xira → Azambuja (~28 km),38.990814,-8.96401,4.362,"Castanheira / Azambuja (events: 2022, 2026)"
A — Sacavém / Bobadela → Vila Franca de Xira (~22 km),38.888436,-9.035552,4.362,"Póvoa de Santa Iria (events: 2008, 2010, 2026)"
B — Vila Franca de Xira → Azambuja (~28 km),39.013395,-8.926817,4.364,"Castanheira / Azambuja (events: 2022, 2026)"
A — Sacavém / Bobadela → Vila Franca de Xira (~22 km),38.881735,-9.042332,4.367,"Póvoa de Santa Iria (events: 2008, 2010, 2026)"
B — Vila Franca de Xira → Azambuja (~28 km),39.063628,-8.87609,4.368,"Castanheira / Azambuja (events: 2022, 2026)"
B — Vila Franca de Xira → Azambuja (~28 km),39.009513,-8.94272,4.369,"Castanheira / Azambuja (events: 2022, 2026)"
A — Sacavém / Bobadela → Vila Franca de Xira (~22 km),38.872183,-9.05296,4.37,"Póvoa de Santa Iria (events: 2008, 2010, 2026)"
B — Vila Franca de Xira → Azambuja (~28 km),39.003945,-8.945815,4.371,"Castanheira / Azambuja (events: 2022, 2026)"
B — Vila Franca de Xira → Azambuja (~28 km),39.007403,-8.943597,4.373,"Castanheira / Azambuja (events: 2022, 2026)"
A — Sacavém / Bobadela → Vila Franca de Xira (~22 km),38.842288,-9.078714,4.373,"Sacavém / Bobadela (events: 2008, 2014, 2026)"
A — Sacavém / Bobadela → Vila Franca de Xira (~22 km),38.872961,-9.051555,4.377,"Póvoa de Santa Iria (events: 2008, 2010, 2026)"
B — Vila Franca de Xira → Azambuja (~28 km),39.029851,-8.916247,4.377,"Castanheira / Azambuja (events: 2022, 2026)"
A — Sacavém / Bobadela → Vila Franca de Xira (~22 km),38.83594,-9.077841,4.378,"Sacavém / Bobadela (events: 2008, 2014, 2026)"
A — Sacavém / Bobadela → Vila Franca de Xira (~22 km),38.854035,-9.065078,4.38,"Sacavém / Bobadela (events: 2008, 2014, 2026)"
B — Vila Franca de Xira → Azambuja (~28 km),39.039205,-8.921461,4.381,"Castanheira / Azambuja (events: 2022, 2026)"
B — Vila Franca de Xira → Azambuja (~28 km),39.075281,-8.853821,4.382,"Castanheira / Azambuja (events: 2022, 2026)"
B — Vila Franca de Xira → Azambuja (~28 km),38.99421,-8.959334,4.383,"Castanheira / Azambuja (events: 2022, 2026)"
A — Sacavém / Bobadela → Vila Franca de Xira (~22 km),38.831076,-9.082159,4.386,"Sacavém / Bobadela (events: 2008, 2014, 2026)"
B — Vila Franca de Xira → Azambuja (~28 km),39.033143,-8.933273,4.387,"Castanheira / Azambuja (events: 2022, 2026)"
A — Sacavém / Bobadela → Vila Franca de Xira (~22 km),38.888465,-9.03556,4.388,"Póvoa de Santa Iria (events: 2008, 2010, 2026)"
B — Vila Franca de Xira → Azambuja (~28 km),39.056387,-8.891382,4.389,"Castanheira / Azambuja (events: 2022, 2026)"
B — Vila Franca de Xira → Azambuja (~28 km),38.990582,-8.963662,4.39,"Castanheira / Azambuja (events: 2022, 2026)"
B — Vila Franca de Xira → Azambuja (~28 km),38.996543,-8.954263,4.39,"Castanheira / Azambuja (events: 2022, 2026)"
A — Sacavém / Bobadela → Vila Franca de Xira (~22 km),38.884315,-9.040095,4.393,"Póvoa de Santa Iria (events: 2008, 2010, 2026)"
A — Sacavém / Bobadela → Vila Franca de Xira (~22 km),38.808484,-9.093968,4.393,"Sacavém / Bobadela (events: 2008, 2014, 2026)"
B — Vila Franca de Xira → Azambuja (~28 km),39.056429,-8.891412,4.393,"Castanheira / Azambuja (events: 2022, 2026)"
B — Vila Franca de Xira → Azambuja (~28 km),38.990835,-8.963965,4.395,"Castanheira / Azambuja (events: 2022, 2026)"
B — Vila Franca de Xira → Azambuja (~28 km),38.99217,-8.948251,4.397,"Castanheira / Azambuja (events: 2022, 2026)"
A — Sacavém / Bobadela → Vila Franca de Xira (~22 km),38.796982,-9.099119,4.397,"Sacavém / Bobadela (events: 2008, 2014, 2026)"
B — Vila Franca de Xira → Azambuja (~28 km),38.991458,-8.963411,4.398,"Castanheira / Azambuja (events: 2022, 2026)"
B — Vila Franca de Xira → Azambuja (~28 km),39.008395,-8.945325,4.398,"Castanheira / Azambuja (events: 2022, 2026)"
A — Sacavém / Bobadela → Vila Franca de Xira (~22 km),38.880134,-9.04457,4.398,"Póvoa de Santa Iria (events: 2008, 2010, 2026)"
B — Vila Franca de Xira → Azambuja (~28 km),39.06336,-8.876106,4.398,"Castanheira / Azambuja (events: 2022, 2026)"
B — Vila Franca de Xira → Azambuja (~28 km),39.016832,-8.945726,4.399,"Castanheira / Azambuja (events: 2022, 2026)"
B — Vila Franca de Xira → Azambuja (~28 km),39.048077,-8.904558,4.4,"Castanheira / Azambuja (events: 2022, 2026)"
A — Sacavém / Bobadela → Vila Franca de Xira (~22 km),38.876975,-9.050915,4.4,"Póvoa de Santa Iria (events: 2008, 2010, 2026)"
A — Sacavém / Bobadela → Vila Franca de Xira (~22 km),38.870349,-9.049609,4.402,"Póvoa de Santa Iria (events: 2008, 2010, 2026)"
B — Vila Franca de Xira → Azambuja (~28 km),39.078263,-8.848029,4.402,"Castanheira / Azambuja (events: 2022, 2026)"
B — Vila Franca de Xira → Azambuja (~28 km),39.076282,-8.851987,4.403,"Castanheira / Azambuja (events: 2022, 2026)"
A — Sacavém / Bobadela → Vila Franca de Xira (~22 km),38.857392,-9.062541,4.403,"Póvoa de Santa Iria (events: 2008, 2010, 2026)"
B — Vila Franca de Xira → Azambuja (~28 km),39.012101,-8.949067,4.405,"Castanheira / Azambuja (events: 2022, 2026)"
B — Vila Franca de Xira → Azambuja (~28 km),38.994013,-8.959752,4.405,"Castanheira / Azambuja (events: 2022, 2026)"
B — Vila Franca de Xira → Azambuja (~28 km),38.980518,-8.971537,4.406,"Castanheira / Azambuja (events: 2022, 2026)"
A — Sacavém / Bobadela → Vila Franca de Xira (~22 km),38.81391,-9.091178,4.406,"Sacavém / Bobadela (events: 2008, 2014, 2026)"
B — Vila Franca de Xira → Azambuja (~28 km),39.003609,-8.946199,4.408,"Castanheira / Azambuja (events: 2022, 2026)"
A — Sacavém / Bobadela → Vila Franca de Xira (~22 km),38.890005,-9.03559,4.409,Alverca / Vila Franca (events: 2026)
A — Sacavém / Bobadela → Vila Franca de Xira (~22 km),38.893642,-9.029862,4.41,Alverca / Vila Franca (events: 2026)
B — Vila Franca de Xira → Azambuja (~28 km),38.980173,-8.970591,4.413,"Castanheira / Azambuja (events: 2022, 2026)"
B — Vila Franca de Xira → Azambuja (~28 km),39.070296,-8.862285,4.413,"Castanheira / Azambuja (events: 2022, 2026)"
B — Vila Franca de Xira → Azambuja (~28 km),39.045149,-8.912774,4.414,"Castanheira / Azambuja (events: 2022, 2026)"
A — Sacavém / Bobadela → Vila Franca de Xira (~22 km),38.838602,-9.075682,4.414,"Sacavém / Bobadela (events: 2008, 2014, 2026)"
A — Sacavém / Bobadela → Vila Franca de Xira (~22 km),38.814911,-9.090533,4.415,"Sacavém / Bobadela (events: 2008, 2014, 2026)"
A — Sacavém / Bobadela → Vila Franca de Xira (~22 km),38.835425,-9.081664,4.416,"Sacavém / Bobadela (events: 2008, 2014, 2026)"
A — Sacavém / Bobadela → Vila Franca de Xira (~22 km),38.88064,-9.043343,4.416,"Póvoa de Santa Iria (events: 2008, 2010, 2026)"
B — Vila Franca de Xira → Azambuja (~28 km),39.048278,-8.904566,4.416,"Castanheira / Azambuja (events: 2022, 2026)"
A — Sacavém / Bobadela → Vila Franca de Xira (~22 km),38.829838,-9.085067,4.417,"Sacavém / Bobadela (events: 2008, 2014, 2026)"
A — Sacavém / Bobadela → Vila Franca de Xira (~22 km),38.863525,-9.05372,4.418,"Póvoa de Santa Iria (events: 2008, 2010, 2026)"
B — Vila Franca de Xira → Azambuja (~28 km),39.047257,-8.906472,4.42,"Castanheira / Azambuja (events: 2022, 2026)"
A — Sacavém / Bobadela → Vila Franca de Xira (~22 km),38.885363,-9.037752,4.42,"Póvoa de Santa Iria (events: 2008, 2010, 2026)"
B — Vila Franca de Xira → Azambuja (~28 km),38.984785,-8.968296,4.42,"Castanheira / Azambuja (events: 2022, 2026)"
B — Vila Franca de Xira → Azambuja (~28 km),39.065836,-8.872162,4.424,"Castanheira / Azambuja (events: 2022, 2026)"
B — Vila Franca de Xira → Azambuja (~28 km),39.055912,-8.892365,4.425,"Castanheira / Azambuja (events: 2022, 2026)"
B — Vila Franca de Xira → Azambuja (~28 km),39.078239,-8.848099,4.425,"Castanheira / Azambuja (events: 2022, 2026)"
A — Sacavém / Bobadela → Vila Franca de Xira (~22 km),38.806814,-9.094582,4.426,"Sacavém / Bobadela (events: 2008, 2014, 2026)"
B — Vila Franca de Xira → Azambuja (~28 km),39.036865,-8.908713,4.426,"Castanheira / Azambuja (events: 2022, 2026)"
B — Vila Franca de Xira → Azambuja (~28 km),39.008284,-8.945325,4.429,"Castanheira / Azambuja (events: 2022, 2026)"
B — Vila Franca de Xira → Azambuja (~28 km),39.060065,-8.883002,4.432,"Castanheira / Azambuja (events: 2022, 2026)"
A — Sacavém / Bobadela → Vila Franca de Xira (~22 km),38.845863,-9.071158,4.434,"Sacavém / Bobadela (events: 2008, 2014, 2026)"
B — Vila Franca de Xira → Azambuja (~28 km),39.035395,-8.911323,4.438,"Castanheira / Azambuja (events: 2022, 2026)"
B — Vila Franca de Xira → Azambuja (~28 km),38.991624,-8.96341,4.438,"Castanheira / Azambuja (events: 2022, 2026)"
B — Vila Franca de Xira → Azambuja (~28 km),38.991876,-8.94745,4.439,"Castanheira / Azambuja (events: 2022, 2026)"
B — Vila Franca de Xira → Azambuja (~28 km),38.982643,-8.970037,4.439,"Castanheira / Azambuja (events: 2022, 2026)"
B — Vila Franca de Xira → Azambuja (~28 km),39.036244,-8.908951,4.441,"Castanheira / Azambuja (events: 2022, 2026)"
A — Sacavém / Bobadela → Vila Franca de Xira (~22 km),38.822031,-9.087807,4.442,"Sacavém / Bobadela (events: 2008, 2014, 2026)"
A — Sacavém / Bobadela → Vila Franca de Xira (~22 km),38.883044,-9.045951,4.442,"Póvoa de Santa Iria (events: 2008, 2010, 2026)"
A — Sacavém / Bobadela → Vila Franca de Xira (~22 km),38.832171,-9.078508,4.442,"Sacavém / Bobadela (events: 2008, 2014, 2026)"
B — Vila Franca de Xira → Azambuja (~28 km),39.009249,-8.942728,4.443,"Castanheira / Azambuja (events: 2022, 2026)"
B — Vila Franca de Xira → Azambuja (~28 km),39.058113,-8.883991,4.445,"Castanheira / Azambuja (events: 2022, 2026)"
A — Sacavém / Bobadela → Vila Franca de Xira (~22 km),38.867875,-9.051937,4.445,"Póvoa de Santa Iria (events: 2008, 2010, 2026)"
A — Sacavém / Bobadela → Vila Franca de Xira (~22 km),38.822931,-9.0874,4.445,"Sacavém / Bobadela (events: 2008, 2014, 2026)"
B — Vila Franca de Xira → Azambuja (~28 km),39.007309,-8.946525,4.446,"Castanheira / Azambuja (events: 2022, 2026)"
A — Sacavém / Bobadela → Vila Franca de Xira (~22 km),38.84742,-9.07,4.446,"Sacavém / Bobadela (events: 2008, 2014, 2026)"
A — Sacavém / Bobadela → Vila Franca de Xira (~22 km),38.82976,-9.083075,4.446,"Sacavém / Bobadela (events: 2008, 2014, 2026)"
B — Vila Franca de Xira → Azambuja (~28 km),39.071929,-8.858819,4.447,"Castanheira / Azambuja (events: 2022, 2026)"
B — Vila Franca de Xira → Azambuja (~28 km),38.984892,-8.968165,4.447,"Castanheira / Azambuja (events: 2022, 2026)"
B — Vila Franca de Xira → Azambuja (~28 km),38.974127,-8.974437,4.449,Alverca / Vila Franca (events: 2026)
B — Vila Franca de Xira → Azambuja (~28 km),38.982188,-8.969309,4.449,"Castanheira / Azambuja (events: 2022, 2026)"
B — Vila Franca de Xira → Azambuja (~28 km),39.038855,-8.921839,4.45,"Castanheira / Azambuja (events: 2022, 2026)"
B — Vila Franca de Xira → Azambuja (~28 km),39.035372,-8.911368,4.45,"Castanheira / Azambuja (events: 2022, 2026)"
B — Vila Franca de Xira → Azambuja (~28 km),39.002433,-8.952524,4.451,"Castanheira / Azambuja (events: 2022, 2026)"
B — Vila Franca de Xira → Azambuja (~28 km),39.019591,-8.943777,4.454,"Castanheira / Azambuja (events: 2022, 2026)"
B — Vila Franca de Xira → Azambuja (~28 km),38.990721,-8.963696,4.454,"Castanheira / Azambuja (events: 2022, 2026)"
B — Vila Franca de Xira → Azambuja (~28 km),38.97453,-8.974181,4.455,Alverca / Vila Franca (events: 2026)
A — Sacavém / Bobadela → Vila Franca de Xira (~22 km),38.887854,-9.036094,4.456,"Póvoa de Santa Iria (events: 2008, 2010, 2026)"
A — Sacavém / Bobadela → Vila Franca de Xira (~22 km),38.836524,-9.078106,4.456,"Sacavém / Bobadela (events: 2008, 2014, 2026)"
A — Sacavém / Bobadela → Vila Franca de Xira (~22 km),38.831456,-9.082678,4.456,"Sacavém / Bobadela (events: 2008, 2014, 2026)"
B — Vila Franca de Xira → Azambuja (~28 km),39.01121,-8.941726,4.456,"Castanheira / Azambuja (events: 2022, 2026)"
A — Sacavém / Bobadela → Vila Franca de Xira (~22 km),38.880815,-9.043615,4.457,"Póvoa de Santa Iria (events: 2008, 2010, 2026)"
B — Vila Franca de Xira → Azambuja (~28 km),39.022145,-8.941536,4.457,"Castanheira / Azambuja (events: 2022, 2026)"
B — Vila Franca de Xira → Azambuja (~28 km),39.03654,-8.909113,4.457,"Castanheira / Azambuja (events: 2022, 2026)"
B — Vila Franca de Xira → Azambuja (~28 km),39.055974,-8.892317,4.458,"Castanheira / Azambuja (events: 2022, 2026)"
A — Sacavém / Bobadela → Vila Franca de Xira (~22 km),38.88469,-9.035538,4.459,"Póvoa de Santa Iria (events: 2008, 2010, 2026)"
B — Vila Franca de Xira → Azambuja (~28 km),39.041959,-8.916155,4.46,"Castanheira / Azambuja (events: 2022, 2026)"
B — Vila Franca de Xira → Azambuja (~28 km),39.034717,-8.912162,4.461,"Castanheira / Azambuja (events: 2022, 2026)"
A — Sacavém / Bobadela → Vila Franca de Xira (~22 km),38.96138,-8.983976,4.462,Alverca / Vila Franca (events: 2026)
A — Sacavém / Bobadela → Vila Franca de Xira (~22 km),38.794411,-9.092139,4.462,"Sacavém / Bobadela (events: 2008, 2014, 2026)"
B — Vila Franca de Xira → Azambuja (~28 km),39.060907,-8.882045,4.462,"Castanheira / Azambuja (events: 2022, 2026)"
A — Sacavém / Bobadela → Vila Franca de Xira (~22 km),38.830998,-9.08185,4.464,"Sacavém / Bobadela (events: 2008, 2014, 2026)"
A — Sacavém / Bobadela → Vila Franca de Xira (~22 km),38.89633,-9.027137,4.465,Alverca / Vila Franca (events: 2026)
B — Vila Franca de Xira → Azambuja (~28 km),38.999279,-8.953442,4.465,"Castanheira / Azambuja (events: 2022, 2026)"
B — Vila Franca de Xira → Azambuja (~28 km),39.03883,-8.921667,4.466,"Castanheira / Azambuja (events: 2022, 2026)"
A — Sacavém / Bobadela → Vila Franca de Xira (~22 km),38.896642,-9.026888,4.466,Alverca / Vila Franca (events: 2026)
B — Vila Franca de Xira → Azambuja (~28 km),39.011288,-8.941681,4.467,"Castanheira / Azambuja (events: 2022, 2026)"
A — Sacavém / Bobadela → Vila Franca de Xira (~22 km),38.818265,-9.089508,4.468,"Sacavém / Bobadela (events: 2008, 2014, 2026)"
B — Vila Franca de Xira → Azambuja (~28 km),38.961102,-8.977582,4.468,Alverca / Vila Franca (events: 2026)
B — Vila Franca de Xira → Azambuja (~28 km),38.982732,-8.969975,4.468,"Castanheira / Azambuja (events: 2022, 2026)"
A — Sacavém / Bobadela → Vila Franca de Xira (~22 km),38.867204,-9.051852,4.47,"Póvoa de Santa Iria (events: 2008, 2010, 2026)"
B — Vila Franca de Xira → Azambuja (~28 km),39.078929,-8.843965,4.47,"Castanheira / Azambuja (events: 2022, 2026)"
B — Vila Franca de Xira → Azambuja (~28 km),39.055213,-8.885433,4.47,"Castanheira / Azambuja (events: 2022, 2026)"
A — Sacavém / Bobadela → Vila Franca de Xira (~22 km),38.84883,-9.068904,4.471,"Sacavém / Bobadela (events: 2008, 2014, 2026)"
B — Vila Franca de Xira → Azambuja (~28 km),39.043216,-8.91624,4.472,"Castanheira / Azambuja (events: 2022, 2026)"
A — Sacavém / Bobadela → Vila Franca de Xira (~22 km),38.8391,-9.076134,4.472,"Sacavém / Bobadela (events: 2008, 2014, 2026)"
A — Sacavém / Bobadela → Vila Franca de Xira (~22 km),38.912351,-9.017381,4.473,Alverca / Vila Franca (events: 2026)
A — Sacavém / Bobadela → Vila Franca de Xira (~22 km),38.825067,-9.086738,4.475,"Sacavém / Bobadela (events: 2008, 2014, 2026)"
B — Vila Franca de Xira → Azambuja (~28 km),39.039614,-8.921659,4.476,"Castanheira / Azambuja (events: 2022, 2026)"
B — Vila Franca de Xira → Azambuja (~28 km),39.076026,-8.852373,4.476,"Castanheira / Azambuja (events: 2022, 2026)"
B — Vila Franca de Xira → Azambuja (~28 km),39.05594,-8.892384,4.479,"Castanheira / Azambuja (events: 2022, 2026)"
B — Vila Franca de Xira → Azambuja (~28 km),39.009185,-8.943117,4.481,"Castanheira / Azambuja (events: 2022, 2026)"
B — Vila Franca de Xira → Azambuja (~28 km),38.982884,-8.969868,4.482,"Castanheira / Azambuja (events: 2022, 2026)"
B — Vila Franca de Xira → Azambuja (~28 km),39.075429,-8.851392,4.482,"Castanheira / Azambuja (events: 2022, 2026)"
A — Sacavém / Bobadela → Vila Franca de Xira (~22 km),38.803645,-9.094314,4.483,"Sacavém / Bobadela (events: 2008, 2014, 2026)"
B — Vila Franca de Xira → Azambuja (~28 km),39.010224,-8.941527,4.484,"Castanheira / Azambuja (events: 2022, 2026)"
A — Sacavém / Bobadela → Vila Franca de Xira (~22 km),38.8043,-9.09394,4.484,"Sacavém / Bobadela (events: 2008, 2014, 2026)"
B — Vila Franca de Xira → Azambuja (~28 km),38.997216,-8.953495,4.486,"Castanheira / Azambuja (events: 2022, 2026)"
B — Vila Franca de Xira → Azambuja (~28 km),39.002758,-8.952124,4.486,"Castanheira / Azambuja (events: 2022, 2026)"
A — Sacavém / Bobadela → Vila Franca de Xira (~22 km),38.912321,-9.017353,4.488,Alverca / Vila Franca (events: 2026)
B — Vila Franca de Xira → Azambuja (~28 km),39.029178,-8.917015,4.488,"Castanheira / Azambuja (events: 2022, 2026)"
A — Sacavém / Bobadela → Vila Franca de Xira (~22 km),38.892913,-9.030893,4.488,Alverca / Vila Franca (events: 2026)
B — Vila Franca de Xira → Azambuja (~28 km),39.022152,-8.941907,4.492,"Castanheira / Azambuja (events: 2022, 2026)"
B — Vila Franca de Xira → Azambuja (~28 km),39.012889,-8.94851,4.492,"Castanheira / Azambuja (events: 2022, 2026)"
A — Sacavém / Bobadela → Vila Franca de Xira (~22 km),38.825163,-9.086754,4.493,"Sacavém / Bobadela (events: 2008, 2014, 2026)"
B — Vila Franca de Xira → Azambuja (~28 km),38.993025,-8.960936,4.493,"Castanheira / Azambuja (events: 2022, 2026)"
B — Vila Franca de Xira → Azambuja (~28 km),39.056463,-8.891346,4.496,"Castanheira / Azambuja (events: 2022, 2026)"
B — Vila Franca de Xira → Azambuja (~28 km),39.012749,-8.948369,4.496,"Castanheira / Azambuja (events: 2022, 2026)"
B — Vila Franca de Xira → Azambuja (~28 km),39.011966,-8.948938,4.497,"Castanheira / Azambuja (events: 2022, 2026)"
A — Sacavém / Bobadela → Vila Franca de Xira (~22 km),38.89428,-9.029391,4.497,Alverca / Vila Franca (events: 2026)
B — Vila Franca de Xira → Azambuja (~28 km),38.988708,-8.965468,4.498,"Castanheira / Azambuja (events: 2022, 2026)"
B — Vila Franca de Xira → Azambuja (~28 km),38.982436,-8.970002,4.498,"Castanheira / Azambuja (events: 2022, 2026)"
A — Sacavém / Bobadela → Vila Franca de Xira (~22 km),38.810212,-9.092885,4.498,"Sacavém / Bobadela (events: 2008, 2014, 2026)"
A — Sacavém / Bobadela → Vila Franca de Xira (~22 km),38.821672,-9.088029,4.498,"Sacavém / Bobadela (events: 2008, 2014, 2026)"
A — Sacavém / Bobadela → Vila Franca de Xira (~22 km),38.888248,-9.036109,4.499,"Póvoa de Santa Iria (events: 2008, 2010, 2026)"
B — Vila Franca de Xira → Azambuja (~28 km),39.016664,-8.945522,4.499,"Castanheira / Azambuja (events: 2022, 2026)"
B — Vila Franca de Xira → Azambuja (~28 km),38.991605,-8.963459,4.5,"Castanheira / Azambuja (events: 2022, 2026)"
A — Sacavém / Bobadela → Vila Franca de Xira (~22 km),38.85752,-9.062271,4.5,"Póvoa de Santa Iria (events: 2008, 2010, 2026)"
B — Vila Franca de Xira → Azambuja (~28 km),39.002288,-8.953015,4.5,"Castanheira / Azambuja (events: 2022, 2026)"
A — Sacavém / Bobadela → Vila Franca de Xira (~22 km),38.846252,-9.070868,4.5,"Sacavém / Bobadela (events: 2008, 2014, 2026)"
A — Sacavém / Bobadela → Vila Franca de Xira (~22 km),38.887857,-9.035453,4.5,"Póvoa de Santa Iria (events: 2008, 2010, 2026)"
B — Vila Franca de Xira → Azambuja (~28 km),38.995193,-8.960954,4.503,"Castanheira / Azambuja (events: 2022, 2026)"
B — Vila Franca de Xira → Azambuja (~28 km),39.035699,-8.910971,4.504,"Castanheira / Azambuja (events: 2022, 2026)"
B — Vila Franca de Xira → Azambuja (~28 km),39.042008,-8.916212,4.506,"Castanheira / Azambuja (events: 2022, 2026)"
B — Vila Franca de Xira → Azambuja (~28 km),39.039219,-8.900739,4.507,"Castanheira / Azambuja (events: 2022, 2026)"
A — Sacavém / Bobadela → Vila Franca de Xira (~22 km),38.835792,-9.076188,4.508,"Sacavém / Bobadela (events: 2008, 2014, 2026)"
A — Sacavém / Bobadela → Vila Franca de Xira (~22 km),38.893299,-9.030236,4.509,Alverca / Vila Franca (events: 2026)
B — Vila Franca de Xira → Azambuja (~28 km),38.961681,-8.983832,4.509,Alverca / Vila Franca (events: 2026)
A — Sacavém / Bobadela → Vila Franca de Xira (~22 km),38.831585,-9.082733,4.512,"Sacavém / Bobadela (events: 2008, 2014, 2026)"
B — Vila Franca de Xira → Azambuja (~28 km),39.055709,-8.892691,4.514,"Castanheira / Azambuja (events: 2022, 2026)"
A — Sacavém / Bobadela → Vila Franca de Xira (~22 km),38.857148,-9.062761,4.515,"Póvoa de Santa Iria (events: 2008, 2010, 2026)"
B — Vila Franca de Xira → Azambuja (~28 km),38.991161,-8.948151,4.517,"Castanheira / Azambuja (events: 2022, 2026)"
B — Vila Franca de Xira → Azambuja (~28 km),39.034941,-8.912531,4.517,"Castanheira / Azambuja (events: 2022, 2026)"
B — Vila Franca de Xira → Azambuja (~28 km),39.063489,-8.876043,4.519,"Castanheira / Azambuja (events: 2022, 2026)"
B — Vila Franca de Xira → Azambuja (~28 km),39.058236,-8.885977,4.519,"Castanheira / Azambuja (events: 2022, 2026)"
B — Vila Franca de Xira → Azambuja (~28 km),39.065801,-8.871766,4.521,"Castanheira / Azambuja (events: 2022, 2026)"
B — Vila Franca de Xira → Azambuja (~28 km),38.964931,-8.975758,4.521,Alverca / Vila Franca (events: 2026)
A — Sacavém / Bobadela → Vila Franca de Xira (~22 km),38.79728,-9.099217,4.522,"Sacavém / Bobadela (events: 2008, 2014, 2026)"
B — Vila Franca de Xira → Azambuja (~28 km),39.071265,-8.861676,4.524,"Castanheira / Azambuja (events: 2022, 2026)"
A — Sacavém / Bobadela → Vila Franca de Xira (~22 km),38.878161,-9.047127,4.526,"Póvoa de Santa Iria (events: 2008, 2010, 2026)"
A — Sacavém / Bobadela → Vila Franca de Xira (~22 km),38.880135,-9.044475,4.527,"Póvoa de Santa Iria (events: 2008, 2010, 2026)"
A — Sacavém / Bobadela → Vila Franca de Xira (~22 km),38.847273,-9.07006,4.527,"Sacavém / Bobadela (events: 2008, 2014, 2026)"
B — Vila Franca de Xira → Azambuja (~28 km),39.035717,-8.910918,4.527,"Castanheira / Azambuja (events: 2022, 2026)"
B — Vila Franca de Xira → Azambuja (~28 km),38.999827,-8.954332,4.528,"Castanheira / Azambuja (events: 2022, 2026)"
A — Sacavém / Bobadela → Vila Franca de Xira (~22 km),38.831366,-9.079023,4.528,"Sacavém / Bobadela (events: 2008, 2014, 2026)"
A — Sacavém / Bobadela → Vila Franca de Xira (~22 km),38.846671,-9.074671,4.528,"Sacavém / Bobadela (events: 2008, 2014, 2026)"
B — Vila Franca de Xira → Azambuja (~28 km),38.98049,-8.971451,4.528,"Castanheira / Azambuja (events: 2022, 2026)"
B — Vila Franca de Xira → Azambuja (~28 km),39.071563,-8.861243,4.53,"Castanheira / Azambuja (events: 2022, 2026)"
A — Sacavém / Bobadela → Vila Franca de Xira (~22 km),38.846105,-9.070928,4.53,"Sacavém / Bobadela (events: 2008, 2014, 2026)"
B — Vila Franca de Xira → Azambuja (~28 km),39.063847,-8.876024,4.531,"Castanheira / Azambuja (events: 2022, 2026)"
B — Vila Franca de Xira → Azambuja (~28 km),39.000477,-8.951859,4.532,"Castanheira / Azambuja (events: 2022, 2026)"
B — Vila Franca de Xira → Azambuja (~28 km),39.065846,-8.872088,4.533,"Castanheira / Azambuja (events: 2022, 2026)"
A — Sacavém / Bobadela → Vila Franca de Xira (~22 km),38.822083,-9.087784,4.533,"Sacavém / Bobadela (events: 2008, 2014, 2026)"
A — Sacavém / Bobadela → Vila Franca de Xira (~22 km),38.874051,-9.051125,4.533,"Póvoa de Santa Iria (events: 2008, 2010, 2026)"
B — Vila Franca de Xira → Azambuja (~28 km),39.045241,-8.912222,4.533,"Castanheira / Azambuja (events: 2022, 2026)"
B — Vila Franca de Xira → Azambuja (~28 km),39.002966,-8.950657,4.534,"Castanheira / Azambuja (events: 2022, 2026)"
A — Sacavém / Bobadela → Vila Franca de Xira (~22 km),38.892285,-9.031411,4.534,Alverca / Vila Franca (events: 2026)
A — Sacavém / Bobadela → Vila Franca de Xira (~22 km),38.866098,-9.056102,4.535,"Póvoa de Santa Iria (events: 2008, 2010, 2026)"
B — Vila Franca de Xira → Azambuja (~28 km),39.076771,-8.851015,4.536,"Castanheira / Azambuja (events: 2022, 2026)"
A — Sacavém / Bobadela → Vila Franca de Xira (~22 km),38.894006,-9.029551,4.539,Alverca / Vila Franca (events: 2026)
B — Vila Franca de Xira → Azambuja (~28 km),38.984498,-8.968442,4.543,"Castanheira / Azambuja (events: 2022, 2026)"
B — Vila Franca de Xira → Azambuja (~28 km),39.01481,-8.925388,4.543,"Castanheira / Azambuja (events: 2022, 2026)"
A — Sacavém / Bobadela → Vila Franca de Xira (~22 km),38.802313,-9.095289,4.545,"Sacavém / Bobadela (events: 2008, 2014, 2026)"
B — Vila Franca de Xira → Azambuja (~28 km),39.034753,-8.912132,4.546,"Castanheira / Azambuja (events: 2022, 2026)"
A — Sacavém / Bobadela → Vila Franca de Xira (~22 km),38.824671,-9.08657,4.546,"Sacavém / Bobadela (events: 2008, 2014, 2026)"
B — Vila Franca de Xira → Azambuja (~28 km),39.045258,-8.911912,4.547,"Castanheira / Azambuja (events: 2022, 2026)"
B — Vila Franca de Xira → Azambuja (~28 km),38.985009,-8.967514,4.549,"Castanheira / Azambuja (events: 2022, 2026)"
B — Vila Franca de Xira → Azambuja (~28 km),38.990981,-8.963864,4.549,"Castanheira / Azambuja (events: 2022, 2026)"
A — Sacavém / Bobadela → Vila Franca de Xira (~22 km),38.857537,-9.062472,4.551,"Póvoa de Santa Iria (events: 2008, 2010, 2026)"
A — Sacavém / Bobadela → Vila Franca de Xira (~22 km),38.859338,-9.061095,4.551,"Póvoa de Santa Iria (events: 2008, 2010, 2026)"
B — Vila Franca de Xira → Azambuja (~28 km),39.075303,-8.85393,4.553,"Castanheira / Azambuja (events: 2022, 2026)"
A — Sacavém / Bobadela → Vila Franca de Xira (~22 km),38.796842,-9.099348,4.554,"Sacavém / Bobadela (events: 2008, 2014, 2026)"
A — Sacavém / Bobadela → Vila Franca de Xira (~22 km),38.870536,-9.049779,4.555,"Póvoa de Santa Iria (events: 2008, 2010, 2026)"
B — Vila Franca de Xira → Azambuja (~28 km),39.074744,-8.856365,4.555,"Castanheira / Azambuja (events: 2022, 2026)"
B — Vila Franca de Xira → Azambuja (~28 km),39.00068,-8.955039,4.556,"Castanheira / Azambuja (events: 2022, 2026)"
A — Sacavém / Bobadela → Vila Franca de Xira (~22 km),38.829784,-9.08515,4.557,"Sacavém / Bobadela (events: 2008, 2014, 2026)"
B — Vila Franca de Xira → Azambuja (~28 km),38.995162,-8.960977,4.557,"Castanheira / Azambuja (events: 2022, 2026)"
A — Sacavém / Bobadela → Vila Franca de Xira (~22 km),38.896688,-9.030824,4.557,Alverca / Vila Franca (events: 2026)
B — Vila Franca de Xira → Azambuja (~28 km),38.999817,-8.952646,4.558,"Castanheira / Azambuja (events: 2022, 2026)"
B — Vila Franca de Xira → Azambuja (~28 km),38.983038,-8.969758,4.559,"Castanheira / Azambuja (events: 2022, 2026)"
B — Vila Franca de Xira → Azambuja (~28 km),39.075778,-8.852855,4.56,"Castanheira / Azambuja (events: 2022, 2026)"
B — Vila Franca de Xira → Azambuja (~28 km),39.076772,-8.850925,4.56,"Castanheira / Azambuja (events: 2022, 2026)"
A — Sacavém / Bobadela → Vila Franca de Xira (~22 km),38.855106,-9.063817,4.561,"Póvoa de Santa Iria (events: 2008, 2010, 2026)"
B — Vila Franca de Xira → Azambuja (~28 km),38.961259,-8.984034,4.562,Alverca / Vila Franca (events: 2026)
A — Sacavém / Bobadela → Vila Franca de Xira (~22 km),38.832574,-9.07825,4.562,"Sacavém / Bobadela (events: 2008, 2014, 2026)"
B — Vila Franca de Xira → Azambuja (~28 km),39.081495,-8.838518,4.566,"Castanheira / Azambuja (events: 2022, 2026)"
A — Sacavém / Bobadela → Vila Franca de Xira (~22 km),38.85319,-9.060738,4.566,"Sacavém / Bobadela (events: 2008, 2014, 2026)"
A — Sacavém / Bobadela → Vila Franca de Xira (~22 km),38.796666,-9.099353,4.568,"Sacavém / Bobadela (events: 2008, 2014, 2026)"
B — Vila Franca de Xira → Azambuja (~28 km),38.959671,-8.978984,4.569,Alverca / Vila Franca (events: 2026)
B — Vila Franca de Xira → Azambuja (~28 km),39.064216,-8.87511,4.569,"Castanheira / Azambuja (events: 2022, 2026)"
A — Sacavém / Bobadela → Vila Franca de Xira (~22 km),38.83404,-9.079383,4.571,"Sacavém / Bobadela (events: 2008, 2014, 2026)"
A — Sacavém / Bobadela → Vila Franca de Xira (~22 km),38.811579,-9.091129,4.571,"Sacavém / Bobadela (events: 2008, 2014, 2026)"
B — Vila Franca de Xira → Azambuja (~28 km),38.99388,-8.959727,4.572,"Castanheira / Azambuja (events: 2022, 2026)"
B — Vila Franca de Xira → Azambuja (~28 km),39.055764,-8.890448,4.572,"Castanheira / Azambuja (events: 2022, 2026)"
A — Sacavém / Bobadela → Vila Franca de Xira (~22 km),38.797057,-9.099087,4.572,"Sacavém / Bobadela (events: 2008, 2014, 2026)"
A — Sacavém / Bobadela → Vila Franca de Xira (~22 km),38.83717,-9.078716,4.573,"Sacavém / Bobadela (events: 2008, 2014, 2026)"
B — Vila Franca de Xira → Azambuja (~28 km),39.071463,-8.85981,4.574,"Castanheira / Azambuja (events: 2022, 2026)"
B — Vila Franca de Xira → Azambuja (~28 km),39.064222,-8.87511,4.576,"Castanheira / Azambuja (events: 2022, 2026)"
B — Vila Franca de Xira → Azambuja (~28 km),39.007634,-8.946125,4.576,"Castanheira / Azambuja (events: 2022, 2026)"
A — Sacavém / Bobadela → Vila Franca de Xira (~22 km),38.797718,-9.099083,4.578,"Sacavém / Bobadela (events: 2008, 2014, 2026)"
B — Vila Franca de Xira → Azambuja (~28 km),39.076037,-8.852473,4.579,"Castanheira / Azambuja (events: 2022, 2026)"
B — Vila Franca de Xira → Azambuja (~28 km),39.039114,-8.921365,4.579,"Castanheira / Azambuja (events: 2022, 2026)"
A — Sacavém / Bobadela → Vila Franca de Xira (~22 km),38.797067,-9.09909,4.581,"Sacavém / Bobadela (events: 2008, 2014, 2026)"
B — Vila Franca de Xira → Azambuja (~28 km),39.058671,-8.883336,4.581,"Castanheira / Azambuja (events: 2022, 2026)"
B — Vila Franca de Xira → Azambuja (~28 km),39.059586,-8.883291,4.581,"Castanheira / Azambuja (events: 2022, 2026)"
A — Sacavém / Bobadela → Vila Franca de Xira (~22 km),38.908999,-9.019127,4.581,Alverca / Vila Franca (events: 2026)
A — Sacavém / Bobadela → Vila Franca de Xira (~22 km),38.80693,-9.094646,4.582,"Sacavém / Bobadela (events: 2008, 2014, 2026)"
B — Vila Franca de Xira → Azambuja (~28 km),39.012334,-8.927889,4.583,"Castanheira / Azambuja (events: 2022, 2026)"
A — Sacavém / Bobadela → Vila Franca de Xira (~22 km),38.796515,-9.099256,4.583,"Sacavém / Bobadela (events: 2008, 2014, 2026)"
A — Sacavém / Bobadela → Vila Franca de Xira (~22 km),38.811702,-9.090864,4.584,"Sacavém / Bobadela (events: 2008, 2014, 2026)"
B — Vila Franca de Xira → Azambuja (~28 km),39.045552,-8.894893,4.585,"Castanheira / Azambuja (events: 2022, 2026)"
B — Vila Franca de Xira → Azambuja (~28 km),38.988692,-8.96553,4.586,"Castanheira / Azambuja (events: 2022, 2026)"
A — Sacavém / Bobadela → Vila Franca de Xira (~22 km),38.880932,-9.043686,4.589,"Póvoa de Santa Iria (events: 2008, 2010, 2026)"
A — Sacavém / Bobadela → Vila Franca de Xira (~22 km),38.81827,-9.089531,4.589,"Sacavém / Bobadela (events: 2008, 2014, 2026)"
B — Vila Franca de Xira → Azambuja (~28 km),39.000147,-8.952252,4.589,"Castanheira / Azambuja (events: 2022, 2026)"
B — Vila Franca de Xira → Azambuja (~28 km),39.035256,-8.928874,4.59,"Castanheira / Azambuja (events: 2022, 2026)"
B — Vila Franca de Xira → Azambuja (~28 km),38.986113,-8.966167,4.591,"Castanheira / Azambuja (events: 2022, 2026)"
B — Vila Franca de Xira → Azambuja (~28 km),39.035266,-8.912131,4.591,"Castanheira / Azambuja (events: 2022, 2026)"
B — Vila Franca de Xira → Azambuja (~28 km),38.960029,-8.978633,4.592,Alverca / Vila Franca (events: 2026)
B — Vila Franca de Xira → Azambuja (~28 km),39.078015,-8.848511,4.593,"Castanheira / Azambuja (events: 2022, 2026)"
B — Vila Franca de Xira → Azambuja (~28 km),39.082195,-8.837033,4.593,"Castanheira / Azambuja (events: 2022, 2026)"
B — Vila Franca de Xira → Azambuja (~28 km),39.038831,-8.922201,4.594,"Castanheira / Azambuja (events: 2022, 2026)"
A — Sacavém / Bobadela → Vila Franca de Xira (~22 km),38.845515,-9.071987,4.595,"Sacavém / Bobadela (events: 2008, 2014, 2026)"
B — Vila Franca de Xira → Azambuja (~28 km),39.001645,-8.953825,4.598,"Castanheira / Azambuja (events: 2022, 2026)"
B — Vila Franca de Xira → Azambuja (~28 km),39.061356,-8.881627,4.6,"Castanheira / Azambuja (events: 2022, 2026)"
B — Vila Franca de Xira → Azambuja (~28 km),39.035437,-8.929714,4.6,"Castanheira / Azambuja (events: 2022, 2026)"
A — Sacavém / Bobadela → Vila Franca de Xira (~22 km),38.909028,-9.019151,4.601,Alverca / Vila Franca (events: 2026)
A — Sacavém / Bobadela → Vila Franca de Xira (~22 km),38.896246,-9.027163,4.603,Alverca / Vila Franca (events: 2026)
B — Vila Franca de Xira → Azambuja (~28 km),39.008924,-8.943128,4.603,"Castanheira / Azambuja (events: 2022, 2026)"
A — Sacavém / Bobadela → Vila Franca de Xira (~22 km),38.855911,-9.063301,4.603,"Póvoa de Santa Iria (events: 2008, 2010, 2026)"
B — Vila Franca de Xira → Azambuja (~28 km),39.001323,-8.95423,4.604,"Castanheira / Azambuja (events: 2022, 2026)"
A — Sacavém / Bobadela → Vila Franca de Xira (~22 km),38.836684,-9.081839,4.604,"Sacavém / Bobadela (events: 2008, 2014, 2026)"
B — Vila Franca de Xira → Azambuja (~28 km),39.077994,-8.848585,4.604,"Castanheira / Azambuja (events: 2022, 2026)"
B — Vila Franca de Xira → Azambuja (~28 km),39.075895,-8.850402,4.604,"Castanheira / Azambuja (events: 2022, 2026)"
B — Vila Franca de Xira → Azambuja (~28 km),39.076129,-8.849907,4.604,"Castanheira / Azambuja (events: 2022, 2026)"
A — Sacavém / Bobadela → Vila Franca de Xira (~22 km),38.892847,-9.030933,4.605,Alverca / Vila Franca (events: 2026)
A — Sacavém / Bobadela → Vila Franca de Xira (~22 km),38.8229,-9.087447,4.607,"Sacavém / Bobadela (events: 2008, 2014, 2026)"
B — Vila Franca de Xira → Azambuja (~28 km),38.991055,-8.963668,4.608,"Castanheira / Azambuja (events: 2022, 2026)"
B — Vila Franca de Xira → Azambuja (~28 km),39.061322,-8.881694,4.608,"Castanheira / Azambuja (events: 2022, 2026)"
B — Vila Franca de Xira → Azambuja (~28 km),38.991051,-8.963302,4.608,"Castanheira / Azambuja (events: 2022, 2026)"
B — Vila Franca de Xira → Azambuja (~28 km),39.056423,-8.891217,4.608,"Castanheira / Azambuja (events: 2022, 2026)"
B — Vila Franca de Xira → Azambuja (~28 km),39.06423,-8.875159,4.61,"Castanheira / Azambuja (events: 2022, 2026)"
B — Vila Franca de Xira → Azambuja (~28 km),39.03781,-8.924107,4.611,"Castanheira / Azambuja (events: 2022, 2026)"
A — Sacavém / Bobadela → Vila Franca de Xira (~22 km),38.832976,-9.077992,4.611,"Sacavém / Bobadela (events: 2008, 2014, 2026)"
A — Sacavém / Bobadela → Vila Franca de Xira (~22 km),38.896176,-9.027249,4.612,Alverca / Vila Franca (events: 2026)
B — Vila Franca de Xira → Azambuja (~28 km),38.991817,-8.948608,4.613,"Castanheira / Azambuja (events: 2022, 2026)"
B — Vila Franca de Xira → Azambuja (~28 km),39.0368,-8.908483,4.615,"Castanheira / Azambuja (events: 2022, 2026)"
B — Vila Franca de Xira → Azambuja (~28 km),38.991375,-8.963585,4.615,"Castanheira / Azambuja (events: 2022, 2026)"
B — Vila Franca de Xira → Azambuja (~28 km),39.072745,-8.859496,4.615,"Castanheira / Azambuja (events: 2022, 2026)"
B — Vila Franca de Xira → Azambuja (~28 km),39.05551,-8.890925,4.616,"Castanheira / Azambuja (events: 2022, 2026)"
B — Vila Franca de Xira → Azambuja (~28 km),39.036428,-8.908977,4.618,"Castanheira / Azambuja (events: 2022, 2026)"
A — Sacavém / Bobadela → Vila Franca de Xira (~22 km),38.855508,-9.063559,4.618,"Póvoa de Santa Iria (events: 2008, 2010, 2026)"
B — Vila Franca de Xira → Azambuja (~28 km),38.995262,-8.961086,4.618,"Castanheira / Azambuja (events: 2022, 2026)"
A — Sacavém / Bobadela → Vila Franca de Xira (~22 km),38.834988,-9.076703,4.618,"Sacavém / Bobadela (events: 2008, 2014, 2026)"
B — Vila Franca de Xira → Azambuja (~28 km),39.007959,-8.945725,4.62,"Castanheira / Azambuja (events: 2022, 2026)"
A — Sacavém / Bobadela → Vila Franca de Xira (~22 km),38.837971,-9.078189,4.622,"Sacavém / Bobadela (events: 2008, 2014, 2026)"
A — Sacavém / Bobadela → Vila Franca de Xira (~22 km),38.873859,-9.046702,4.624,"Póvoa de Santa Iria (events: 2008, 2010, 2026)"
B — Vila Franca de Xira → Azambuja (~28 km),38.959313,-8.979334,4.624,Alverca / Vila Franca (events: 2026)
B — Vila Franca de Xira → Azambuja (~28 km),39.009574,-8.942327,4.624,"Castanheira / Azambuja (events: 2022, 2026)"
B — Vila Franca de Xira → Azambuja (~28 km),38.982827,-8.969718,4.625,"Castanheira / Azambuja (events: 2022, 2026)"
B — Vila Franca de Xira → Azambuja (~28 km),39.011905,-8.949153,4.627,"Castanheira / Azambuja (events: 2022, 2026)"
B — Vila Franca de Xira → Azambuja (~28 km),38.999908,-8.950423,4.627,"Castanheira / Azambuja (events: 2022, 2026)"
A — Sacavém / Bobadela → Vila Franca de Xira (~22 km),38.895988,-9.027513,4.628,Alverca / Vila Franca (events: 2026)
B — Vila Franca de Xira → Azambuja (~28 km),39.083133,-8.838381,4.628,"Castanheira / Azambuja (events: 2022, 2026)"
B — Vila Franca de Xira → Azambuja (~28 km),38.992842,-8.958487,4.63,"Castanheira / Azambuja (events: 2022, 2026)"
B — Vila Franca de Xira → Azambuja (~28 km),38.992668,-8.962642,4.631,"Castanheira / Azambuja (events: 2022, 2026)"
B — Vila Franca de Xira → Azambuja (~28 km),39.058491,-8.885501,4.632,"Castanheira / Azambuja (events: 2022, 2026)"
B — Vila Franca de Xira → Azambuja (~28 km),39.012688,-8.927531,4.634,"Castanheira / Azambuja (events: 2022, 2026)"
A — Sacavém / Bobadela → Vila Franca de Xira (~22 km),38.896523,-9.026882,4.635,Alverca / Vila Franca (events: 2026)
B — Vila Franca de Xira → Azambuja (~28 km),39.058057,-8.886153,4.637,"Castanheira / Azambuja (events: 2022, 2026)"
B — Vila Franca de Xira → Azambuja (~28 km),39.013042,-8.927174,4.638,"Castanheira / Azambuja (events: 2022, 2026)"
B — Vila Franca de Xira → Azambuja (~28 km),39.039345,-8.922124,4.641,"Castanheira / Azambuja (events: 2022, 2026)"
B — Vila Franca de Xira → Azambuja (~28 km),38.99123,-8.963688,4.642,"Castanheira / Azambuja (events: 2022, 2026)"
B — Vila Franca de Xira → Azambuja (~28 km),39.003408,-8.951324,4.643,"Castanheira / Azambuja (events: 2022, 2026)"
B — Vila Franca de Xira → Azambuja (~28 km),39.019405,-8.943529,4.643,"Castanheira / Azambuja (events: 2022, 2026)"
B — Vila Franca de Xira → Azambuja (~28 km),39.064502,-8.875377,4.643,"Castanheira / Azambuja (events: 2022, 2026)"
A — Sacavém / Bobadela → Vila Franca de Xira (~22 km),38.796503,-9.099264,4.648,"Sacavém / Bobadela (events: 2008, 2014, 2026)"
B — Vila Franca de Xira → Azambuja (~28 km),38.962841,-8.981617,4.648,Alverca / Vila Franca (events: 2026)
B — Vila Franca de Xira → Azambuja (~28 km),39.002609,-8.952611,4.649,"Castanheira / Azambuja (events: 2022, 2026)"
A — Sacavém / Bobadela → Vila Franca de Xira (~22 km),38.894621,-9.029015,4.649,Alverca / Vila Franca (events: 2026)
B — Vila Franca de Xira → Azambuja (~28 km),39.0047,-8.94833,4.65,"Castanheira / Azambuja (events: 2022, 2026)"
B — Vila Franca de Xira → Azambuja (~28 km),38.991027,-8.964118,4.65,"Castanheira / Azambuja (events: 2022, 2026)"
A — Sacavém / Bobadela → Vila Franca de Xira (~22 km),38.819552,-9.089553,4.651,"Sacavém / Bobadela (events: 2008, 2014, 2026)"
B — Vila Franca de Xira → Azambuja (~28 km),39.074788,-8.856408,4.651,"Castanheira / Azambuja (events: 2022, 2026)"
A — Sacavém / Bobadela → Vila Franca de Xira (~22 km),38.880128,-9.04436,4.653,"Póvoa de Santa Iria (events: 2008, 2010, 2026)"
B — Vila Franca de Xira → Azambuja (~28 km),39.000595,-8.951865,4.655,"Castanheira / Azambuja (events: 2022, 2026)"
B — Vila Franca de Xira → Azambuja (~28 km),38.991209,-8.963734,4.656,"Castanheira / Azambuja (events: 2022, 2026)"
B — Vila Franca de Xira → Azambuja (~28 km),39.003272,-8.946583,4.657,"Castanheira / Azambuja (events: 2022, 2026)"
B — Vila Franca de Xira → Azambuja (~28 km),38.999937,-8.952653,4.659,"Castanheira / Azambuja (events: 2022, 2026)"
A — Sacavém / Bobadela → Vila Franca de Xira (~22 km),38.880207,-9.044528,4.659,"Póvoa de Santa Iria (events: 2008, 2010, 2026)"
B — Vila Franca de Xira → Azambuja (~28 km),39.045349,-8.912511,4.659,"Castanheira / Azambuja (events: 2022, 2026)"
B — Vila Franca de Xira → Azambuja (~28 km),39.082888,-8.838867,4.659,"Castanheira / Azambuja (events: 2022, 2026)"
A — Sacavém / Bobadela → Vila Franca de Xira (~22 km),38.836257,-9.082021,4.66,"Sacavém / Bobadela (events: 2008, 2014, 2026)"
B — Vila Franca de Xira → Azambuja (~28 km),39.057293,-8.887585,4.66,"Castanheira / Azambuja (events: 2022, 2026)"
B — Vila Franca de Xira → Azambuja (~28 km),38.960387,-8.978283,4.661,Alverca / Vila Franca (events: 2026)
A — Sacavém / Bobadela → Vila Franca de Xira (~22 km),38.814443,-9.09122,4.661,"Sacavém / Bobadela (events: 2008, 2014, 2026)"
A — Sacavém / Bobadela → Vila Franca de Xira (~22 km),38.881094,-9.043586,4.663,"Póvoa de Santa Iria (events: 2008, 2010, 2026)"
B — Vila Franca de Xira → Azambuja (~28 km),39.021885,-8.918243,4.663,"Castanheira / Azambuja (events: 2022, 2026)"
B — Vila Franca de Xira → Azambuja (~28 km),39.055674,-8.892856,4.664,"Castanheira / Azambuja (events: 2022, 2026)"
A — Sacavém / Bobadela → Vila Franca de Xira (~22 km),38.810988,-9.091945,4.665,"Sacavém / Bobadela (events: 2008, 2014, 2026)"
B — Vila Franca de Xira → Azambuja (~28 km),38.986786,-8.965399,4.667,"Castanheira / Azambuja (events: 2022, 2026)"
A — Sacavém / Bobadela → Vila Franca de Xira (~22 km),38.961421,-8.984048,4.669,Alverca / Vila Franca (events: 2026)
B — Vila Franca de Xira → Azambuja (~28 km),39.044549,-8.913909,4.67,"Castanheira / Azambuja (events: 2022, 2026)"
B — Vila Franca de Xira → Azambuja (~28 km),38.982548,-8.969882,4.673,"Castanheira / Azambuja (events: 2022, 2026)"
B — Vila Franca de Xira → Azambuja (~28 km),39.036758,-8.908583,4.673,"Castanheira / Azambuja (events: 2022, 2026)"
A — Sacavém / Bobadela → Vila Franca de Xira (~22 km),38.823334,-9.087297,4.673,"Sacavém / Bobadela (events: 2008, 2014, 2026)"
B — Vila Franca de Xira → Azambuja (~28 km),39.065827,-8.871628,4.674,"Castanheira / Azambuja (events: 2022, 2026)"
B — Vila Franca de Xira → Azambuja (~28 km),39.081028,-8.839509,4.674,"Castanheira / Azambuja (events: 2022, 2026)"
B — Vila Franca de Xira → Azambuja (~28 km),38.983085,-8.969623,4.676,"Castanheira / Azambuja (events: 2022, 2026)"
A — Sacavém / Bobadela → Vila Franca de Xira (~22 km),38.823373,-9.087279,4.676,"Sacavém / Bobadela (events: 2008, 2014, 2026)"
A — Sacavém / Bobadela → Vila Franca de Xira (~22 km),38.896414,-9.026948,4.676,Alverca / Vila Franca (events: 2026)
A — Sacavém / Bobadela → Vila Franca de Xira (~22 km),38.83757,-9.078453,4.676,"Sacavém / Bobadela (events: 2008, 2014, 2026)"
A — Sacavém / Bobadela → Vila Franca de Xira (~22 km),38.838505,-9.075901,4.679,"Sacavém / Bobadela (events: 2008, 2014, 2026)"
A — Sacavém / Bobadela → Vila Franca de Xira (~22 km),38.851054,-9.070629,4.679,"Sacavém / Bobadela (events: 2008, 2014, 2026)"
A — Sacavém / Bobadela → Vila Franca de Xira (~22 km),38.980423,-8.971502,4.679,"Castanheira / Azambuja (events: 2022, 2026)"
B — Vila Franca de Xira → Azambuja (~28 km),39.03179,-8.908241,4.68,"Castanheira / Azambuja (events: 2022, 2026)"
A — Sacavém / Bobadela → Vila Franca de Xira (~22 km),38.892765,-9.032115,4.681,Alverca / Vila Franca (events: 2026)
B — Vila Franca de Xira → Azambuja (~28 km),38.982935,-8.969587,4.681,"Castanheira / Azambuja (events: 2022, 2026)"
A — Sacavém / Bobadela → Vila Franca de Xira (~22 km),38.837537,-9.081474,4.682,"Sacavém / Bobadela (events: 2008, 2014, 2026)"
A — Sacavém / Bobadela → Vila Franca de Xira (~22 km),38.855057,-9.064276,4.682,"Póvoa de Santa Iria (events: 2008, 2010, 2026)"
B — Vila Franca de Xira → Azambuja (~28 km),38.994628,-8.960735,4.684,"Castanheira / Azambuja (events: 2022, 2026)"
A — Sacavém / Bobadela → Vila Franca de Xira (~22 km),38.884309,-9.040181,4.685,"Póvoa de Santa Iria (events: 2008, 2010, 2026)"
B — Vila Franca de Xira → Azambuja (~28 km),39.055729,-8.892803,4.685,"Castanheira / Azambuja (events: 2022, 2026)"
B — Vila Franca de Xira → Azambuja (~28 km),38.980412,-8.971619,4.686,"Castanheira / Azambuja (events: 2022, 2026)"
B — Vila Franca de Xira → Azambuja (~28 km),39.000482,-8.954924,4.686,"Castanheira / Azambuja (events: 2022, 2026)"
A — Sacavém / Bobadela → Vila Franca de Xira (~22 km),38.830276,-9.084869,4.687,"Sacavém / Bobadela (events: 2008, 2014, 2026)"
B — Vila Franca de Xira → Azambuja (~28 km),39.038576,-8.922678,4.689,"Castanheira / Azambuja (events: 2022, 2026)"
A — Sacavém / Bobadela → Vila Franca de Xira (~22 km),38.826799,-9.086434,4.689,"Sacavém / Bobadela (events: 2008, 2014, 2026)"
A — Sacavém / Bobadela → Vila Franca de Xira (~22 km),38.832025,-9.082616,4.69,"Sacavém / Bobadela (events: 2008, 2014, 2026)"
B — Vila Franca de Xira → Azambuja (~28 km),39.077766,-8.848994,4.695,"Castanheira / Azambuja (events: 2022, 2026)"
A — Sacavém / Bobadela → Vila Franca de Xira (~22 km),38.79659,-9.099363,4.696,"Sacavém / Bobadela (events: 2008, 2014, 2026)"
B — Vila Franca de Xira → Azambuja (~28 km),39.021577,-8.918368,4.697,"Castanheira / Azambuja (events: 2022, 2026)"
B — Vila Franca de Xira → Azambuja (~28 km),38.990803,-8.948501,4.699,"Castanheira / Azambuja (events: 2022, 2026)"
B — Vila Franca de Xira → Azambuja (~28 km),39.045795,-8.910984,4.699,"Castanheira / Azambuja (events: 2022, 2026)"
A — Sacavém / Bobadela → Vila Franca de Xira (~22 km),38.814448,-9.091232,4.7,"Sacavém / Bobadela (events: 2008, 2014, 2026)"
A — Sacavém / Bobadela → Vila Franca de Xira (~22 km),38.832338,-9.082452,4.7,"Sacavém / Bobadela (events: 2008, 2014, 2026)"
B — Vila Franca de Xira → Azambuja (~28 km),38.95824,-8.980385,4.7,Alverca / Vila Franca (events: 2026)
B — Vila Franca de Xira → Azambuja (~28 km),38.990912,-8.963268,4.7,"Castanheira / Azambuja (events: 2022, 2026)"
A — Sacavém / Bobadela → Vila Franca de Xira (~22 km),38.842992,-9.073242,4.7,"Sacavém / Bobadela (events: 2008, 2014, 2026)"
A — Sacavém / Bobadela → Vila Franca de Xira (~22 km),38.796452,-9.099228,4.701,"Sacavém / Bobadela (events: 2008, 2014, 2026)"
B — Vila Franca de Xira → Azambuja (~28 km),39.075313,-8.855468,4.701,"Castanheira / Azambuja (events: 2022, 2026)"
B — Vila Franca de Xira → Azambuja (~28 km),38.961779,-8.983923,4.701,Alverca / Vila Franca (events: 2026)
B — Vila Franca de Xira → Azambuja (~28 km),39.036471,-8.908877,4.702,"Castanheira / Azambuja (events: 2022, 2026)"
A — Sacavém / Bobadela → Vila Franca de Xira (~22 km),38.941892,-8.995459,4.702,Alverca / Vila Franca (events: 2026)
A — Sacavém / Bobadela → Vila Franca de Xira (~22 km),38.817706,-9.089324,4.702,"Sacavém / Bobadela (events: 2008, 2014, 2026)"
A — Sacavém / Bobadela → Vila Franca de Xira (~22 km),38.906563,-9.019624,4.703,Alverca / Vila Franca (events: 2026)
B — Vila Franca de Xira → Azambuja (~28 km),39.071633,-8.861219,4.703,"Castanheira / Azambuja (events: 2022, 2026)"
B — Vila Franca de Xira → Azambuja (~28 km),39.072805,-8.859557,4.703,"Castanheira / Azambuja (events: 2022, 2026)"
A — Sacavém / Bobadela → Vila Franca de Xira (~22 km),38.961802,-8.983774,4.704,Alverca / Vila Franca (events: 2026)
B — Vila Franca de Xira → Azambuja (~28 km),39.012954,-8.94833,4.704,"Castanheira / Azambuja (events: 2022, 2026)"
B — Vila Franca de Xira → Azambuja (~28 km),39.044349,-8.914173,4.704,"Castanheira / Azambuja (events: 2022, 2026)"
A — Sacavém / Bobadela → Vila Franca de Xira (~22 km),38.873978,-9.051168,4.704,"Póvoa de Santa Iria (events: 2008, 2010, 2026)"
A — Sacavém / Bobadela → Vila Franca de Xira (~22 km),38.803455,-9.095468,4.705,"Sacavém / Bobadela (events: 2008, 2014, 2026)"
B — Vila Franca de Xira → Azambuja (~28 km),39.057612,-8.88876,4.705,"Castanheira / Azambuja (events: 2022, 2026)"
B — Vila Franca de Xira → Azambuja (~28 km),39.055526,-8.890776,4.705,"Castanheira / Azambuja (events: 2022, 2026)"
B — Vila Franca de Xira → Azambuja (~28 km),39.002411,-8.955788,4.705,"Castanheira / Azambuja (events: 2022, 2026)"
B — Vila Franca de Xira → Azambuja (~28 km),38.961345,-8.984074,4.706,Alverca / Vila Franca (events: 2026)
A — Sacavém / Bobadela → Vila Franca de Xira (~22 km),38.831137,-9.084205,4.706,"Sacavém / Bobadela (events: 2008, 2014, 2026)"
B — Vila Franca de Xira → Azambuja (~28 km),38.984856,-8.968478,4.707,"Castanheira / Azambuja (events: 2022, 2026)"
A — Sacavém / Bobadela → Vila Franca de Xira (~22 km),38.910567,-9.016934,4.707,Alverca / Vila Franca (events: 2026)
B — Vila Franca de Xira → Azambuja (~28 km),39.075792,-8.852958,4.708,"Castanheira / Azambuja (events: 2022, 2026)"
B — Vila Franca de Xira → Azambuja (~28 km),39.058567,-8.885199,4.708,"Castanheira / Azambuja (events: 2022, 2026)"
B — Vila Franca de Xira → Azambuja (~28 km),39.063598,-8.875968,4.709,"Castanheira / Azambuja (events: 2022, 2026)"
A — Sacavém / Bobadela → Vila Franca de Xira (~22 km),38.832466,-9.082499,4.71,"Sacavém / Bobadela (events: 2008, 2014, 2026)"
B — Vila Franca de Xira → Azambuja (~28 km),39.055471,-8.893183,4.71,"Castanheira / Azambuja (events: 2022, 2026)"
B — Vila Franca de Xira → Azambuja (~28 km),39.074459,-8.856812,4.712,"Castanheira / Azambuja (events: 2022, 2026)"
A — Sacavém / Bobadela → Vila Franca de Xira (~22 km),38.897475,-9.030263,4.714,Alverca / Vila Franca (events: 2026)
A — Sacavém / Bobadela → Vila Franca de Xira (~22 km),38.941495,-8.99573,4.714,Alverca / Vila Franca (events: 2026)
B — Vila Franca de Xira → Azambuja (~28 km),39.055695,-8.892869,4.714,"Castanheira / Azambuja (events: 2022, 2026)"
B — Vila Franca de Xira → Azambuja (~28 km),39.045527,-8.911448,4.715,"Castanheira / Azambuja (events: 2022, 2026)"
A — Sacavém / Bobadela → Vila Franca de Xira (~22 km),38.822948,-9.087466,4.715,"Sacavém / Bobadela (events: 2008, 2014, 2026)"
B — Vila Franca de Xira → Azambuja (~28 km),39.075662,-8.850897,4.716,"Castanheira / Azambuja (events: 2022, 2026)"
B — Vila Franca de Xira → Azambuja (~28 km),39.003252,-8.951801,4.717,"Castanheira / Azambuja (events: 2022, 2026)"
B — Vila Franca de Xira → Azambuja (~28 km),39.057374,-8.889251,4.717,"Castanheira / Azambuja (events: 2022, 2026)"
A — Sacavém / Bobadela → Vila Franca de Xira (~22 km),38.823808,-9.086894,4.717,"Sacavém / Bobadela (events: 2008, 2014, 2026)"
B — Vila Franca de Xira → Azambuja (~28 km),38.979352,-8.959713,4.718,Alverca / Vila Franca (events: 2026)
A — Sacavém / Bobadela → Vila Franca de Xira (~22 km),38.888501,-9.035503,4.719,"Póvoa de Santa Iria (events: 2008, 2010, 2026)"
A — Sacavém / Bobadela → Vila Franca de Xira (~22 km),38.822097,-9.087842,4.72,"Sacavém / Bobadela (events: 2008, 2014, 2026)"
B — Vila Franca de Xira → Azambuja (~28 km),39.075529,-8.853338,4.721,"Castanheira / Azambuja (events: 2022, 2026)"
A — Sacavém / Bobadela → Vila Franca de Xira (~22 km),38.896671,-9.026762,4.721,Alverca / Vila Franca (events: 2026)
A — Sacavém / Bobadela → Vila Franca de Xira (~22 km),38.803868,-9.095238,4.721,"Sacavém / Bobadela (events: 2008, 2014, 2026)"
A — Sacavém / Bobadela → Vila Franca de Xira (~22 km),38.894091,-9.029449,4.723,Alverca / Vila Franca (events: 2026)
B — Vila Franca de Xira → Azambuja (~28 km),39.001066,-8.956866,4.724,"Castanheira / Azambuja (events: 2022, 2026)"
B — Vila Franca de Xira → Azambuja (~28 km),39.007431,-8.946539,4.724,"Castanheira / Azambuja (events: 2022, 2026)"
B — Vila Franca de Xira → Azambuja (~28 km),38.961622,-8.984014,4.726,Alverca / Vila Franca (events: 2026)
B — Vila Franca de Xira → Azambuja (~28 km),39.057479,-8.887738,4.726,"Castanheira / Azambuja (events: 2022, 2026)"
A — Sacavém / Bobadela → Vila Franca de Xira (~22 km),38.857003,-9.06283,4.728,"Póvoa de Santa Iria (events: 2008, 2010, 2026)"
B — Vila Franca de Xira → Azambuja (~28 km),39.037677,-8.924324,4.728,"Castanheira / Azambuja (events: 2022, 2026)"
B — Vila Franca de Xira → Azambuja (~28 km),39.080095,-8.841489,4.728,"Castanheira / Azambuja (events: 2022, 2026)"
A — Sacavém / Bobadela → Vila Franca de Xira (~22 km),38.896393,-9.026939,4.73,Alverca / Vila Franca (events: 2026)
B — Vila Franca de Xira → Azambuja (~28 km),39.064157,-8.875099,4.732,"Castanheira / Azambuja (events: 2022, 2026)"
B — Vila Franca de Xira → Azambuja (~28 km),39.004545,-8.947132,4.732,"Castanheira / Azambuja (events: 2022, 2026)"
B — Vila Franca de Xira → Azambuja (~28 km),39.045416,-8.912308,4.733,"Castanheira / Azambuja (events: 2022, 2026)"
B — Vila Franca de Xira → Azambuja (~28 km),39.002456,-8.949499,4.735,"Castanheira / Azambuja (events: 2022, 2026)"
A — Sacavém / Bobadela → Vila Franca de Xira (~22 km),38.812053,-9.091394,4.736,"Sacavém / Bobadela (events: 2008, 2014, 2026)"
A — Sacavém / Bobadela → Vila Franca de Xira (~22 km),38.893049,-9.03055,4.736,Alverca / Vila Franca (events: 2026)
B — Vila Franca de Xira → Azambuja (~28 km),39.035074,-8.911727,4.737,"Castanheira / Azambuja (events: 2022, 2026)"
B — Vila Franca de Xira → Azambuja (~28 km),39.038316,-8.922618,4.738,"Castanheira / Azambuja (events: 2022, 2026)"
A — Sacavém / Bobadela → Vila Franca de Xira (~22 km),38.883423,-9.04564,4.738,"Póvoa de Santa Iria (events: 2008, 2010, 2026)"
B — Vila Franca de Xira → Azambuja (~28 km),39.021988,-8.941851,4.739,"Castanheira / Azambuja (events: 2022, 2026)"
B — Vila Franca de Xira → Azambuja (~28 km),39.071195,-8.861786,4.739,"Castanheira / Azambuja (events: 2022, 2026)"
A — Sacavém / Bobadela → Vila Franca de Xira (~22 km),38.830711,-9.084502,4.739,"Sacavém / Bobadela (events: 2008, 2014, 2026)"
B — Vila Franca de Xira → Azambuja (~28 km),39.057576,-8.888925,4.74,"Castanheira / Azambuja (events: 2022, 2026)"
B — Vila Franca de Xira → Azambuja (~28 km),39.051023,-8.901888,4.741,"Castanheira / Azambuja (events: 2022, 2026)"
B — Vila Franca de Xira → Azambuja (~28 km),39.075354,-8.855508,4.741,"Castanheira / Azambuja (events: 2022, 2026)"
A — Sacavém / Bobadela → Vila Franca de Xira (~22 km),38.812527,-9.090404,4.743,"Sacavém / Bobadela (events: 2008, 2014, 2026)"
B — Vila Franca de Xira → Azambuja (~28 km),39.050775,-8.902371,4.743,"Castanheira / Azambuja (events: 2022, 2026)"
A — Sacavém / Bobadela → Vila Franca de Xira (~22 km),38.837111,-9.081657,4.743,"Sacavém / Bobadela (events: 2008, 2014, 2026)"
A — Sacavém / Bobadela → Vila Franca de Xira (~22 km),38.944823,-8.993919,4.744,Alverca / Vila Franca (events: 2026)
B — Vila Franca de Xira → Azambuja (~28 km),38.964454,-8.980591,4.744,Alverca / Vila Franca (events: 2026)
A — Sacavém / Bobadela → Vila Franca de Xira (~22 km),38.961452,-8.984071,4.744,Alverca / Vila Franca (events: 2026)
A — Sacavém / Bobadela → Vila Franca de Xira (~22 km),38.885664,-9.038907,4.745,"Póvoa de Santa Iria (events: 2008, 2010, 2026)"
B — Vila Franca de Xira → Azambuja (~28 km),38.991463,-8.948965,4.748,"Castanheira / Azambuja (events: 2022, 2026)"
A — Sacavém / Bobadela → Vila Franca de Xira (~22 km),38.887789,-9.036175,4.749,"Póvoa de Santa Iria (events: 2008, 2010, 2026)"
B — Vila Franca de Xira → Azambuja (~28 km),39.035045,-8.911765,4.751,"Castanheira / Azambuja (events: 2022, 2026)"
A — Sacavém / Bobadela → Vila Franca de Xira (~22 km),38.894963,-9.028639,4.751,Alverca / Vila Franca (events: 2026)
A — Sacavém / Bobadela → Vila Franca de Xira (~22 km),38.888586,-9.035523,4.752,"Póvoa de Santa Iria (events: 2008, 2010, 2026)"
B — Vila Franca de Xira → Azambuja (~28 km),39.055668,-8.891053,4.752,"Castanheira / Azambuja (events: 2022, 2026)"
B — Vila Franca de Xira → Azambuja (~28 km),39.005684,-8.948525,4.752,"Castanheira / Azambuja (events: 2022, 2026)"
A — Sacavém / Bobadela → Vila Franca de Xira (~22 km),38.884319,-9.040208,4.753,"Póvoa de Santa Iria (events: 2008, 2010, 2026)"
B — Vila Franca de Xira → Azambuja (~28 km),39.061112,-8.882113,4.753,"Castanheira / Azambuja (events: 2022, 2026)"
A — Sacavém / Bobadela → Vila Franca de Xira (~22 km),38.89607,-9.02732,4.754,Alverca / Vila Franca (events: 2026)
B — Vila Franca de Xira → Azambuja (~28 km),39.037303,-8.92468,4.756,"Castanheira / Azambuja (events: 2022, 2026)"
B — Vila Franca de Xira → Azambuja (~28 km),39.002108,-8.952924,4.759,"Castanheira / Azambuja (events: 2022, 2026)"
B — Vila Franca de Xira → Azambuja (~28 km),39.074173,-8.85726,4.759,"Castanheira / Azambuja (events: 2022, 2026)"
A — Sacavém / Bobadela → Vila Franca de Xira (~22 km),38.847662,-9.069771,4.762,"Sacavém / Bobadela (events: 2008, 2014, 2026)"
A — Sacavém / Bobadela → Vila Franca de Xira (~22 km),38.887111,-9.040468,4.762,"Póvoa de Santa Iria (events: 2008, 2010, 2026)"
B — Vila Franca de Xira → Azambuja (~28 km),39.039342,-8.921248,4.763,"Castanheira / Azambuja (events: 2022, 2026)"
B — Vila Franca de Xira → Azambuja (~28 km),39.04257,-8.916554,4.763,"Castanheira / Azambuja (events: 2022, 2026)"
B — Vila Franca de Xira → Azambuja (~28 km),38.980369,-8.97165,4.765,"Castanheira / Azambuja (events: 2022, 2026)"
B — Vila Franca de Xira → Azambuja (~28 km),39.057324,-8.887449,4.765,"Castanheira / Azambuja (events: 2022, 2026)"
A — Sacavém / Bobadela → Vila Franca de Xira (~22 km),38.887298,-9.040932,4.765,"Póvoa de Santa Iria (events: 2008, 2010, 2026)"
B — Vila Franca de Xira → Azambuja (~28 km),38.985104,-8.967319,4.767,"Castanheira / Azambuja (events: 2022, 2026)"
B — Vila Franca de Xira → Azambuja (~28 km),38.992524,-8.947894,4.768,"Castanheira / Azambuja (events: 2022, 2026)"
B — Vila Franca de Xira → Azambuja (~28 km),39.002277,-8.955919,4.77,"Castanheira / Azambuja (events: 2022, 2026)"
A — Sacavém / Bobadela → Vila Franca de Xira (~22 km),38.838371,-9.077925,4.77,"Sacavém / Bobadela (events: 2008, 2014, 2026)"
B — Vila Franca de Xira → Azambuja (~28 km),39.001076,-8.956803,4.771,"Castanheira / Azambuja (events: 2022, 2026)"
A — Sacavém / Bobadela → Vila Franca de Xira (~22 km),38.839171,-9.077398,4.773,"Sacavém / Bobadela (events: 2008, 2014, 2026)"
A — Sacavém / Bobadela → Vila Franca de Xira (~22 km),38.871935,-9.05176,4.775,"Póvoa de Santa Iria (events: 2008, 2010, 2026)"
B — Vila Franca de Xira → Azambuja (~28 km),39.074504,-8.856858,4.776,"Castanheira / Azambuja (events: 2022, 2026)"
B — Vila Franca de Xira → Azambuja (~28 km),38.944538,-8.994105,4.779,Alverca / Vila Franca (events: 2026)
B — Vila Franca de Xira → Azambuja (~28 km),39.055436,-8.893348,4.779,"Castanheira / Azambuja (events: 2022, 2026)"
B — Vila Franca de Xira → Azambuja (~28 km),39.048122,-8.904761,4.779,"Castanheira / Azambuja (events: 2022, 2026)"
B — Vila Franca de Xira → Azambuja (~28 km),39.07775,-8.849071,4.78,"Castanheira / Azambuja (events: 2022, 2026)"
B — Vila Franca de Xira → Azambuja (~28 km),39.070063,-8.862781,4.782,"Castanheira / Azambuja (events: 2022, 2026)"
B — Vila Franca de Xira → Azambuja (~28 km),39.00984,-8.942323,4.782,"Castanheira / Azambuja (events: 2022, 2026)"
A — Sacavém / Bobadela → Vila Franca de Xira (~22 km),38.856492,-9.067668,4.783,"Póvoa de Santa Iria (events: 2008, 2010, 2026)"
A — Sacavém / Bobadela → Vila Franca de Xira (~22 km),38.910533,-9.016908,4.783,Alverca / Vila Franca (events: 2026)
B — Vila Franca de Xira → Azambuja (~28 km),39.011776,-8.949175,4.784,"Castanheira / Azambuja (events: 2022, 2026)"
B — Vila Franca de Xira → Azambuja (~28 km),39.072298,-8.859613,4.784,"Castanheira / Azambuja (events: 2022, 2026)"
B — Vila Franca de Xira → Azambuja (~28 km),39.078462,-8.844955,4.784,"Castanheira / Azambuja (events: 2022, 2026)"
A — Sacavém / Bobadela → Vila Franca de Xira (~22 km),38.806744,-9.094658,4.784,"Sacavém / Bobadela (events: 2008, 2014, 2026)"
A — Sacavém / Bobadela → Vila Franca de Xira (~22 km),38.797897,-9.098847,4.785,"Sacavém / Bobadela (events: 2008, 2014, 2026)"
A — Sacavém / Bobadela → Vila Franca de Xira (~22 km),38.912589,-9.01735,4.786,Alverca / Vila Franca (events: 2026)
A — Sacavém / Bobadela → Vila Franca de Xira (~22 km),38.892354,-9.031283,4.786,Alverca / Vila Franca (events: 2026)
B — Vila Franca de Xira → Azambuja (~28 km),38.980376,-8.971534,4.786,"Castanheira / Azambuja (events: 2022, 2026)"
A — Sacavém / Bobadela → Vila Franca de Xira (~22 km),38.816488,-9.089714,4.786,"Sacavém / Bobadela (events: 2008, 2014, 2026)"
A — Sacavém / Bobadela → Vila Franca de Xira (~22 km),38.803043,-9.095698,4.787,"Sacavém / Bobadela (events: 2008, 2014, 2026)"
A — Sacavém / Bobadela → Vila Franca de Xira (~22 km),38.906597,-9.019649,4.787,Alverca / Vila Franca (events: 2026)
A — Sacavém / Bobadela → Vila Franca de Xira (~22 km),38.830272,-9.084912,4.787,"Sacavém / Bobadela (events: 2008, 2014, 2026)"
A — Sacavém / Bobadela → Vila Franca de Xira (~22 km),38.889219,-9.036151,4.788,"Póvoa de Santa Iria (events: 2008, 2010, 2026)"
B — Vila Franca de Xira → Azambuja (~28 km),39.001966,-8.95342,4.789,"Castanheira / Azambuja (events: 2022, 2026)"
A — Sacavém / Bobadela → Vila Franca de Xira (~22 km),38.888826,-9.036431,4.789,"Póvoa de Santa Iria (events: 2008, 2010, 2026)"
A — Sacavém / Bobadela → Vila Franca de Xira (~22 km),38.873956,-9.051191,4.789,"Póvoa de Santa Iria (events: 2008, 2010, 2026)"
B — Vila Franca de Xira → Azambuja (~28 km),39.035384,-8.928618,4.79,"Castanheira / Azambuja (events: 2022, 2026)"
A — Sacavém / Bobadela → Vila Franca de Xira (~22 km),38.889612,-9.035871,4.793,"Póvoa de Santa Iria (events: 2008, 2010, 2026)"
A — Sacavém / Bobadela → Vila Franca de Xira (~22 km),38.822507,-9.087592,4.794,"Sacavém / Bobadela (events: 2008, 2014, 2026)"
A — Sacavém / Bobadela → Vila Franca de Xira (~22 km),38.810155,-9.093056,4.795,"Sacavém / Bobadela (events: 2008, 2014, 2026)"
B — Vila Franca de Xira → Azambuja (~28 km),39.002411,-8.955867,4.795,"Castanheira / Azambuja (events: 2022, 2026)"
A — Sacavém / Bobadela → Vila Franca de Xira (~22 km),38.892265,-9.031349,4.796,Alverca / Vila Franca (events: 2026)
A — Sacavém / Bobadela → Vila Franca de Xira (~22 km),38.893984,-9.029488,4.798,Alverca / Vila Franca (events: 2026)
A — Sacavém / Bobadela → Vila Franca de Xira (~22 km),38.822466,-9.087598,4.798,"Sacavém / Bobadela (events: 2008, 2014, 2026)"
B — Vila Franca de Xira → Azambuja (~28 km),39.05545,-8.893355,4.798,"Castanheira / Azambuja (events: 2022, 2026)"
A — Sacavém / Bobadela → Vila Franca de Xira (~22 km),38.814018,-9.091407,4.798,"Sacavém / Bobadela (events: 2008, 2014, 2026)"
B — Vila Franca de Xira → Azambuja (~28 km),39.005823,-8.948563,4.799,"Castanheira / Azambuja (events: 2022, 2026)"
B — Vila Franca de Xira → Azambuja (~28 km),39.055484,-8.893289,4.801,"Castanheira / Azambuja (events: 2022, 2026)"
B — Vila Franca de Xira → Azambuja (~28 km),39.003573,-8.951396,4.801,"Castanheira / Azambuja (events: 2022, 2026)"
B — Vila Franca de Xira → Azambuja (~28 km),39.065863,-8.871693,4.802,"Castanheira / Azambuja (events: 2022, 2026)"
B — Vila Franca de Xira → Azambuja (~28 km),38.984095,-8.968471,4.802,"Castanheira / Azambuja (events: 2022, 2026)"
A — Sacavém / Bobadela → Vila Franca de Xira (~22 km),38.822898,-9.087497,4.803,"Sacavém / Bobadela (events: 2008, 2014, 2026)"
A — Sacavém / Bobadela → Vila Franca de Xira (~22 km),38.83021,-9.084966,4.803,"Sacavém / Bobadela (events: 2008, 2014, 2026)"
B — Vila Franca de Xira → Azambuja (~28 km),39.002248,-8.955945,4.803,"Castanheira / Azambuja (events: 2022, 2026)"
B — Vila Franca de Xira → Azambuja (~28 km),39.063507,-8.875899,4.804,"Castanheira / Azambuja (events: 2022, 2026)"
B — Vila Franca de Xira → Azambuja (~28 km),39.001095,-8.956847,4.805,"Castanheira / Azambuja (events: 2022, 2026)"
B — Vila Franca de Xira → Azambuja (~28 km),39.045194,-8.895243,4.808,"Castanheira / Azambuja (events: 2022, 2026)"
A — Sacavém / Bobadela → Vila Franca de Xira (~22 km),38.838221,-9.075991,4.809,"Sacavém / Bobadela (events: 2008, 2014, 2026)"
B — Vila Franca de Xira → Azambuja (~28 km),39.074221,-8.857308,4.809,"Castanheira / Azambuja (events: 2022, 2026)"
B — Vila Franca de Xira → Azambuja (~28 km),38.995086,-8.961103,4.81,"Castanheira / Azambuja (events: 2022, 2026)"
A — Sacavém / Bobadela → Vila Franca de Xira (~22 km),38.919078,-9.016477,4.811,Alverca / Vila Franca (events: 2026)
B — Vila Franca de Xira → Azambuja (~28 km),38.98645,-8.965783,4.811,"Castanheira / Azambuja (events: 2022, 2026)"
B — Vila Franca de Xira → Azambuja (~28 km),38.960744,-8.977933,4.813,Alverca / Vila Franca (events: 2026)
B — Vila Franca de Xira → Azambuja (~28 km),39.013089,-8.948319,4.814,"Castanheira / Azambuja (events: 2022, 2026)"
B — Vila Franca de Xira → Azambuja (~28 km),39.060703,-8.882371,4.814,"Castanheira / Azambuja (events: 2022, 2026)"
A — Sacavém / Bobadela → Vila Franca de Xira (~22 km),38.89208,-9.031758,4.815,Alverca / Vila Franca (events: 2026)
B — Vila Franca de Xira → Azambuja (~28 km),39.008073,-8.945729,4.816,"Castanheira / Azambuja (events: 2022, 2026)"
B — Vila Franca de Xira → Azambuja (~28 km),39.071801,-8.860578,4.816,"Castanheira / Azambuja (events: 2022, 2026)"
B — Vila Franca de Xira → Azambuja (~28 km),38.985009,-8.968368,4.816,"Castanheira / Azambuja (events: 2022, 2026)"
B — Vila Franca de Xira → Azambuja (~28 km),39.048167,-8.904788,4.817,"Castanheira / Azambuja (events: 2022, 2026)"
A — Sacavém / Bobadela → Vila Franca de Xira (~22 km),38.892973,-9.030667,4.817,Alverca / Vila Franca (events: 2026)
A — Sacavém / Bobadela → Vila Franca de Xira (~22 km),38.834977,-9.082567,4.818,"Sacavém / Bobadela (events: 2008, 2014, 2026)"
B — Vila Franca de Xira → Azambuja (~28 km),38.9838,-8.968283,4.819,"Castanheira / Azambuja (events: 2022, 2026)"
B — Vila Franca de Xira → Azambuja (~28 km),39.055234,-8.893674,4.821,"Castanheira / Azambuja (events: 2022, 2026)"
B — Vila Franca de Xira → Azambuja (~28 km),39.081665,-8.841297,4.824,"Castanheira / Azambuja (events: 2022, 2026)"
A — Sacavém / Bobadela → Vila Franca de Xira (~22 km),38.835107,-9.081797,4.824,"Sacavém / Bobadela (events: 2008, 2014, 2026)"
B — Vila Franca de Xira → Azambuja (~28 km),39.045505,-8.911754,4.825,"Castanheira / Azambuja (events: 2022, 2026)"
B — Vila Franca de Xira → Azambuja (~28 km),39.038696,-8.922415,4.826,"Castanheira / Azambuja (events: 2022, 2026)"
A — Sacavém / Bobadela → Vila Franca de Xira (~22 km),38.882466,-9.041658,4.826,"Póvoa de Santa Iria (events: 2008, 2010, 2026)"
A — Sacavém / Bobadela → Vila Franca de Xira (~22 km),38.897557,-9.028928,4.827,Alverca / Vila Franca (events: 2026)
B — Vila Franca de Xira → Azambuja (~28 km),38.984394,-8.96858,4.827,"Castanheira / Azambuja (events: 2022, 2026)"
B — Vila Franca de Xira → Azambuja (~28 km),39.007752,-8.946134,4.828,"Castanheira / Azambuja (events: 2022, 2026)"
A — Sacavém / Bobadela → Vila Franca de Xira (~22 km),38.894169,-9.029367,4.828,Alverca / Vila Franca (events: 2026)
B — Vila Franca de Xira → Azambuja (~28 km),39.030188,-8.915863,4.83,"Castanheira / Azambuja (events: 2022, 2026)"
A — Sacavém / Bobadela → Vila Franca de Xira (~22 km),38.918529,-9.015746,4.83,Alverca / Vila Franca (events: 2026)
A — Sacavém / Bobadela → Vila Franca de Xira (~22 km),38.8793,-9.047382,4.831,"Póvoa de Santa Iria (events: 2008, 2010, 2026)"
B — Vila Franca de Xira → Azambuja (~28 km),38.958999,-8.98484,4.831,Alverca / Vila Franca (events: 2026)
B — Vila Franca de Xira → Azambuja (~28 km),39.000266,-8.952259,4.831,"Castanheira / Azambuja (events: 2022, 2026)"
B — Vila Franca de Xira → Azambuja (~28 km),39.035493,-8.927996,4.832,"Castanheira / Azambuja (events: 2022, 2026)"
A — Sacavém / Bobadela → Vila Franca de Xira (~22 km),38.838207,-9.074642,4.832,"Sacavém / Bobadela (events: 2008, 2014, 2026)"
B — Vila Franca de Xira → Azambuja (~28 km),39.071696,-8.859315,4.833,"Castanheira / Azambuja (events: 2022, 2026)"
B — Vila Franca de Xira → Azambuja (~28 km),39.004435,-8.947138,4.833,"Castanheira / Azambuja (events: 2022, 2026)"
B — Vila Franca de Xira → Azambuja (~28 km),39.061077,-8.88218,4.833,"Castanheira / Azambuja (events: 2022, 2026)"
B — Vila Franca de Xira → Azambuja (~28 km),39.03658,-8.908567,4.834,"Castanheira / Azambuja (events: 2022, 2026)"
A — Sacavém / Bobadela → Vila Franca de Xira (~22 km),38.830922,-9.084376,4.835,"Sacavém / Bobadela (events: 2008, 2014, 2026)"
B — Vila Franca de Xira → Azambuja (~28 km),38.959214,-8.983925,4.836,Alverca / Vila Franca (events: 2026)
A — Sacavém / Bobadela → Vila Franca de Xira (~22 km),38.961855,-8.983896,4.836,Alverca / Vila Franca (events: 2026)
B — Vila Franca de Xira → Azambuja (~28 km),39.083234,-8.838375,4.837,"Castanheira / Azambuja (events: 2022, 2026)"
A — Sacavém / Bobadela → Vila Franca de Xira (~22 km),38.806813,-9.094681,4.837,"Sacavém / Bobadela (events: 2008, 2014, 2026)"
A — Sacavém / Bobadela → Vila Franca de Xira (~22 km),38.871909,-9.051451,4.838,"Póvoa de Santa Iria (events: 2008, 2010, 2026)"
B — Vila Franca de Xira → Azambuja (~28 km),39.047357,-8.906193,4.839,"Castanheira / Azambuja (events: 2022, 2026)"
A — Sacavém / Bobadela → Vila Franca de Xira (~22 km),38.797809,-9.098911,4.84,"Sacavém / Bobadela (events: 2008, 2014, 2026)"
A — Sacavém / Bobadela → Vila Franca de Xira (~22 km),38.880885,-9.045101,4.841,"Póvoa de Santa Iria (events: 2008, 2010, 2026)"
A — Sacavém / Bobadela → Vila Franca de Xira (~22 km),38.86917,-9.05045,4.842,"Póvoa de Santa Iria (events: 2008, 2010, 2026)"
B — Vila Franca de Xira → Azambuja (~28 km),38.999487,-8.953039,4.842,"Castanheira / Azambuja (events: 2022, 2026)"
B — Vila Franca de Xira → Azambuja (~28 km),39.020773,-8.94294,4.843,"Castanheira / Azambuja (events: 2022, 2026)"
A — Sacavém / Bobadela → Vila Franca de Xira (~22 km),38.959137,-8.98477,4.843,Alverca / Vila Franca (events: 2026)
B — Vila Franca de Xira → Azambuja (~28 km),39.001098,-8.956761,4.843,"Castanheira / Azambuja (events: 2022, 2026)"
B — Vila Franca de Xira → Azambuja (~28 km),39.075548,-8.853444,4.843,"Castanheira / Azambuja (events: 2022, 2026)"
B — Vila Franca de Xira → Azambuja (~28 km),39.042868,-8.916443,4.844,"Castanheira / Azambuja (events: 2022, 2026)"
A — Sacavém / Bobadela → Vila Franca de Xira (~22 km),38.813657,-9.091171,4.845,"Sacavém / Bobadela (events: 2008, 2014, 2026)"
B — Vila Franca de Xira → Azambuja (~28 km),39.012185,-8.940526,4.845,"Castanheira / Azambuja (events: 2022, 2026)"
A — Sacavém / Bobadela → Vila Franca de Xira (~22 km),38.887149,-9.036164,4.846,"Póvoa de Santa Iria (events: 2008, 2010, 2026)"
A — Sacavém / Bobadela → Vila Franca de Xira (~22 km),38.863403,-9.059982,4.846,"Póvoa de Santa Iria (events: 2008, 2010, 2026)"
B — Vila Franca de Xira → Azambuja (~28 km),39.001253,-8.948887,4.847,"Castanheira / Azambuja (events: 2022, 2026)"
B — Vila Franca de Xira → Azambuja (~28 km),39.058609,-8.885073,4.847,"Castanheira / Azambuja (events: 2022, 2026)"
A — Sacavém / Bobadela → Vila Franca de Xira (~22 km),38.814024,-9.091424,4.849,"Sacavém / Bobadela (events: 2008, 2014, 2026)"
B — Vila Franca de Xira → Azambuja (~28 km),39.065222,-8.873499,4.849,"Castanheira / Azambuja (events: 2022, 2026)"
B — Vila Franca de Xira → Azambuja (~28 km),39.051272,-8.901405,4.851,"Castanheira / Azambuja (events: 2022, 2026)"
B — Vila Franca de Xira → Azambuja (~28 km),39.065163,-8.873179,4.851,"Castanheira / Azambuja (events: 2022, 2026)"
B — Vila Franca de Xira → Azambuja (~28 km),38.986622,-8.966488,4.852,"Castanheira / Azambuja (events: 2022, 2026)"
B — Vila Franca de Xira → Azambuja (~28 km),38.95901,-8.984885,4.852,Alverca / Vila Franca (events: 2026)
B — Vila Franca de Xira → Azambuja (~28 km),38.984615,-8.968646,4.852,"Castanheira / Azambuja (events: 2022, 2026)"
A — Sacavém / Bobadela → Vila Franca de Xira (~22 km),38.887264,-9.03621,4.853,"Póvoa de Santa Iria (events: 2008, 2010, 2026)"
B — Vila Franca de Xira → Azambuja (~28 km),39.064537,-8.87531,4.853,"Castanheira / Azambuja (events: 2022, 2026)"
B — Vila Franca de Xira → Azambuja (~28 km),39.080003,-8.84465,4.853,"Castanheira / Azambuja (events: 2022, 2026)"
A — Sacavém / Bobadela → Vila Franca de Xira (~22 km),38.891567,-9.032912,4.853,Alverca / Vila Franca (events: 2026)
B — Vila Franca de Xira → Azambuja (~28 km),39.035314,-8.929086,4.854,"Castanheira / Azambuja (events: 2022, 2026)"
A — Sacavém / Bobadela → Vila Franca de Xira (~22 km),38.820896,-9.088574,4.854,"Sacavém / Bobadela (events: 2008, 2014, 2026)"
B — Vila Franca de Xira → Azambuja (~28 km),38.999608,-8.953048,4.856,"Castanheira / Azambuja (events: 2022, 2026)"
B — Vila Franca de Xira → Azambuja (~28 km),39.044283,-8.914375,4.856,"Castanheira / Azambuja (events: 2022, 2026)"
B — Vila Franca de Xira → Azambuja (~28 km),39.047391,-8.906209,4.858,"Castanheira / Azambuja (events: 2022, 2026)"
B — Vila Franca de Xira → Azambuja (~28 km),38.99688,-8.953879,4.858,"Castanheira / Azambuja (events: 2022, 2026)"
A — Sacavém / Bobadela → Vila Franca de Xira (~22 km),38.896044,-9.027303,4.858,Alverca / Vila Franca (events: 2026)
A — Sacavém / Bobadela → Vila Franca de Xira (~22 km),38.896356,-9.026909,4.858,Alverca / Vila Franca (events: 2026)
A — Sacavém / Bobadela → Vila Franca de Xira (~22 km),38.815224,-9.090322,4.859,"Sacavém / Bobadela (events: 2008, 2014, 2026)"
A — Sacavém / Bobadela → Vila Franca de Xira (~22 km),38.841192,-9.079724,4.86,"Sacavém / Bobadela (events: 2008, 2014, 2026)"
B — Vila Franca de Xira → Azambuja (~28 km),38.994128,-8.961373,4.865,"Castanheira / Azambuja (events: 2022, 2026)"
B — Vila Franca de Xira → Azambuja (~28 km),39.021219,-8.918719,4.865,"Castanheira / Azambuja (events: 2022, 2026)"
B — Vila Franca de Xira → Azambuja (~28 km),39.057849,-8.888268,4.868,"Castanheira / Azambuja (events: 2022, 2026)"
A — Sacavém / Bobadela → Vila Franca de Xira (~22 km),38.806996,-9.094722,4.869,"Sacavém / Bobadela (events: 2008, 2014, 2026)"
A — Sacavém / Bobadela → Vila Franca de Xira (~22 km),38.796409,-9.099241,4.872,"Sacavém / Bobadela (events: 2008, 2014, 2026)"
B — Vila Franca de Xira → Azambuja (~28 km),39.081743,-8.841271,4.872,"Castanheira / Azambuja (events: 2022, 2026)"
B — Vila Franca de Xira → Azambuja (~28 km),38.959265,-8.984746,4.874,Alverca / Vila Franca (events: 2026)
B — Vila Franca de Xira → Azambuja (~28 km),38.991421,-8.963839,4.874,"Castanheira / Azambuja (events: 2022, 2026)"
A — Sacavém / Bobadela → Vila Franca de Xira (~22 km),38.833557,-9.078663,4.875,"Sacavém / Bobadela (events: 2008, 2014, 2026)"
A — Sacavém / Bobadela → Vila Franca de Xira (~22 km),38.841603,-9.079605,4.876,"Sacavém / Bobadela (events: 2008, 2014, 2026)"
A — Sacavém / Bobadela → Vila Franca de Xira (~22 km),38.842361,-9.073763,4.877,"Sacavém / Bobadela (events: 2008, 2014, 2026)"
A — Sacavém / Bobadela → Vila Franca de Xira (~22 km),38.86532,-9.056682,4.881,"Póvoa de Santa Iria (events: 2008, 2010, 2026)"
B — Vila Franca de Xira → Azambuja (~28 km),39.05524,-8.893775,4.884,"Castanheira / Azambuja (events: 2022, 2026)"
A — Sacavém / Bobadela → Vila Franca de Xira (~22 km),38.813352,-9.089943,4.884,"Sacavém / Bobadela (events: 2008, 2014, 2026)"
A — Sacavém / Bobadela → Vila Franca de Xira (~22 km),38.860916,-9.061534,4.884,"Póvoa de Santa Iria (events: 2008, 2010, 2026)"
B — Vila Franca de Xira → Azambuja (~28 km),39.021954,-8.942102,4.884,"Castanheira / Azambuja (events: 2022, 2026)"
B — Vila Franca de Xira → Azambuja (~28 km),39.064109,-8.875015,4.885,"Castanheira / Azambuja (events: 2022, 2026)"
B — Vila Franca de Xira → Azambuja (~28 km),39.012252,-8.940467,4.885,"Castanheira / Azambuja (events: 2022, 2026)"
A — Sacavém / Bobadela → Vila Franca de Xira (~22 km),38.959127,-8.984816,4.886,Alverca / Vila Franca (events: 2026)
A — Sacavém / Bobadela → Vila Franca de Xira (~22 km),38.869846,-9.053286,4.888,"Póvoa de Santa Iria (events: 2008, 2010, 2026)"
B — Vila Franca de Xira → Azambuja (~28 km),39.031954,-8.908207,4.889,"Castanheira / Azambuja (events: 2022, 2026)"
B — Vila Franca de Xira → Azambuja (~28 km),39.065137,-8.87312,4.89,"Castanheira / Azambuja (events: 2022, 2026)"
A — Sacavém / Bobadela → Vila Franca de Xira (~22 km),38.886794,-9.03652,4.891,"Póvoa de Santa Iria (events: 2008, 2010, 2026)"
B — Vila Franca de Xira → Azambuja (~28 km),39.011707,-8.949345,4.892,"Castanheira / Azambuja (events: 2022, 2026)"
B — Vila Franca de Xira → Azambuja (~28 km),39.045769,-8.911285,4.893,"Castanheira / Azambuja (events: 2022, 2026)"
A — Sacavém / Bobadela → Vila Franca de Xira (~22 km),38.870047,-9.053112,4.893,"Póvoa de Santa Iria (events: 2008, 2010, 2026)"
A — Sacavém / Bobadela → Vila Franca de Xira (~22 km),38.897807,-9.02751,4.893,Alverca / Vila Franca (events: 2026)
B — Vila Franca de Xira → Azambuja (~28 km),39.001002,-8.954635,4.893,"Castanheira / Azambuja (events: 2022, 2026)"
A — Sacavém / Bobadela → Vila Franca de Xira (~22 km),38.880244,-9.04443,4.894,"Póvoa de Santa Iria (events: 2008, 2010, 2026)"
A — Sacavém / Bobadela → Vila Franca de Xira (~22 km),38.847809,-9.06971,4.894,"Sacavém / Bobadela (events: 2008, 2014, 2026)"
B — Vila Franca de Xira → Azambuja (~28 km),39.039077,-8.922588,4.896,"Castanheira / Azambuja (events: 2022, 2026)"
B — Vila Franca de Xira → Azambuja (~28 km),39.009899,-8.941927,4.897,"Castanheira / Azambuja (events: 2022, 2026)"
A — Sacavém / Bobadela → Vila Franca de Xira (~22 km),38.861646,-9.06086,4.897,"Póvoa de Santa Iria (events: 2008, 2010, 2026)"
A — Sacavém / Bobadela → Vila Franca de Xira (~22 km),38.980303,-8.971696,4.898,"Castanheira / Azambuja (events: 2022, 2026)"
A — Sacavém / Bobadela → Vila Franca de Xira (~22 km),38.884062,-9.040174,4.901,"Póvoa de Santa Iria (events: 2008, 2010, 2026)"
A — Sacavém / Bobadela → Vila Franca de Xira (~22 km),38.882202,-9.042145,4.901,"Póvoa de Santa Iria (events: 2008, 2010, 2026)"
A — Sacavém / Bobadela → Vila Franca de Xira (~22 km),38.813642,-9.091669,4.902,"Sacavém / Bobadela (events: 2008, 2014, 2026)"
B — Vila Franca de Xira → Azambuja (~28 km),39.050633,-8.902629,4.902,"Castanheira / Azambuja (events: 2022, 2026)"
B — Vila Franca de Xira → Azambuja (~28 km),39.06513,-8.873108,4.902,"Castanheira / Azambuja (events: 2022, 2026)"
A — Sacavém / Bobadela → Vila Franca de Xira (~22 km),38.826373,-9.086618,4.903,"Sacavém / Bobadela (events: 2008, 2014, 2026)"
B — Vila Franca de Xira → Azambuja (~28 km),39.016636,-8.945812,4.904,"Castanheira / Azambuja (events: 2022, 2026)"
A — Sacavém / Bobadela → Vila Franca de Xira (~22 km),38.961887,-8.983926,4.905,Alverca / Vila Franca (events: 2026)
A — Sacavém / Bobadela → Vila Franca de Xira (~22 km),38.831897,-9.082565,4.905,"Sacavém / Bobadela (events: 2008, 2014, 2026)"
B — Vila Franca de Xira → Azambuja (~28 km),39.020576,-8.943023,4.906,"Castanheira / Azambuja (events: 2022, 2026)"
A — Sacavém / Bobadela → Vila Franca de Xira (~22 km),38.838071,-9.080988,4.907,"Sacavém / Bobadela (events: 2008, 2014, 2026)"
B — Vila Franca de Xira → Azambuja (~28 km),39.002273,-8.956,4.907,"Castanheira / Azambuja (events: 2022, 2026)"
A — Sacavém / Bobadela → Vila Franca de Xira (~22 km),38.854707,-9.06726,4.909,"Sacavém / Bobadela (events: 2008, 2014, 2026)"
A — Sacavém / Bobadela → Vila Franca de Xira (~22 km),38.980299,-8.971699,4.909,"Castanheira / Azambuja (events: 2022, 2026)"
A — Sacavém / Bobadela → Vila Franca de Xira (~22 km),38.88137,-9.042669,4.909,"Póvoa de Santa Iria (events: 2008, 2010, 2026)"
B — Vila Franca de Xira → Azambuja (~28 km),39.002239,-8.956008,4.911,"Castanheira / Azambuja (events: 2022, 2026)"
B — Vila Franca de Xira → Azambuja (~28 km),39.004282,-8.945431,4.912,"Castanheira / Azambuja (events: 2022, 2026)"
B — Vila Franca de Xira → Azambuja (~28 km),38.994923,-8.961079,4.912,"Castanheira / Azambuja (events: 2022, 2026)"
A — Sacavém / Bobadela → Vila Franca de Xira (~22 km),38.887992,-9.036201,4.913,"Póvoa de Santa Iria (events: 2008, 2010, 2026)"
B — Vila Franca de Xira → Azambuja (~28 km),38.993979,-8.961535,4.914,"Castanheira / Azambuja (events: 2022, 2026)"
A — Sacavém / Bobadela → Vila Franca de Xira (~22 km),38.882339,-9.042029,4.915,"Póvoa de Santa Iria (events: 2008, 2010, 2026)"
A — Sacavém / Bobadela → Vila Franca de Xira (~22 km),38.863758,-9.059627,4.915,"Póvoa de Santa Iria (events: 2008, 2010, 2026)"
A — Sacavém / Bobadela → Vila Franca de Xira (~22 km),38.941531,-8.995758,4.915,Alverca / Vila Franca (events: 2026)
A — Sacavém / Bobadela → Vila Franca de Xira (~22 km),38.817704,-9.089375,4.918,"Sacavém / Bobadela (events: 2008, 2014, 2026)"
A — Sacavém / Bobadela → Vila Franca de Xira (~22 km),38.880215,-9.044351,4.919,"Póvoa de Santa Iria (events: 2008, 2010, 2026)"
B — Vila Franca de Xira → Azambuja (~28 km),39.055198,-8.893839,4.919,"Castanheira / Azambuja (events: 2022, 2026)"
A — Sacavém / Bobadela → Vila Franca de Xira (~22 km),38.837964,-9.081292,4.919,"Sacavém / Bobadela (events: 2008, 2014, 2026)"
A — Sacavém / Bobadela → Vila Franca de Xira (~22 km),38.86909,-9.049941,4.92,"Póvoa de Santa Iria (events: 2008, 2010, 2026)"
B — Vila Franca de Xira → Azambuja (~28 km),39.071388,-8.861705,4.921,"Castanheira / Azambuja (events: 2022, 2026)"
B — Vila Franca de Xira → Azambuja (~28 km),39.055206,-8.893841,4.922,"Castanheira / Azambuja (events: 2022, 2026)"
A — Sacavém / Bobadela → Vila Franca de Xira (~22 km),38.907172,-9.020174,4.922,Alverca / Vila Franca (events: 2026)
B — Vila Franca de Xira → Azambuja (~28 km),39.035491,-8.927846,4.924,"Castanheira / Azambuja (events: 2022, 2026)"
B — Vila Franca de Xira → Azambuja (~28 km),39.06597,-8.872462,4.925,"Castanheira / Azambuja (events: 2022, 2026)"
B — Vila Franca de Xira → Azambuja (~28 km),39.082986,-8.838858,4.925,"Castanheira / Azambuja (events: 2022, 2026)"
A — Sacavém / Bobadela → Vila Franca de Xira (~22 km),38.872005,-9.052992,4.925,"Póvoa de Santa Iria (events: 2008, 2010, 2026)"
B — Vila Franca de Xira → Azambuja (~28 km),39.010495,-8.941529,4.927,"Castanheira / Azambuja (events: 2022, 2026)"
A — Sacavém / Bobadela → Vila Franca de Xira (~22 km),38.893528,-9.029765,4.927,Alverca / Vila Franca (events: 2026)
B — Vila Franca de Xira → Azambuja (~28 km),39.035475,-8.929564,4.928,"Castanheira / Azambuja (events: 2022, 2026)"
A — Sacavém / Bobadela → Vila Franca de Xira (~22 km),38.822464,-9.08765,4.928,"Sacavém / Bobadela (events: 2008, 2014, 2026)"
B — Vila Franca de Xira → Azambuja (~28 km),39.039087,-8.921192,4.928,"Castanheira / Azambuja (events: 2022, 2026)"
B — Vila Franca de Xira → Azambuja (~28 km),39.057814,-8.888433,4.929,"Castanheira / Azambuja (events: 2022, 2026)"
A — Sacavém / Bobadela → Vila Franca de Xira (~22 km),38.942289,-8.995187,4.929,Alverca / Vila Franca (events: 2026)
B — Vila Franca de Xira → Azambuja (~28 km),39.064204,-8.875424,4.929,"Castanheira / Azambuja (events: 2022, 2026)"
A — Sacavém / Bobadela → Vila Franca de Xira (~22 km),38.796426,-9.099281,4.931,"Sacavém / Bobadela (events: 2008, 2014, 2026)"
B — Vila Franca de Xira → Azambuja (~28 km),39.035406,-8.929411,4.932,"Castanheira / Azambuja (events: 2022, 2026)"
B — Vila Franca de Xira → Azambuja (~28 km),39.001458,-8.953724,4.933,"Castanheira / Azambuja (events: 2022, 2026)"
B — Vila Franca de Xira → Azambuja (~28 km),39.045616,-8.912045,4.935,"Castanheira / Azambuja (events: 2022, 2026)"
B — Vila Franca de Xira → Azambuja (~28 km),38.959175,-8.984832,4.936,Alverca / Vila Franca (events: 2026)
B — Vila Franca de Xira → Azambuja (~28 km),39.072367,-8.859761,4.937,"Castanheira / Azambuja (events: 2022, 2026)"
A — Sacavém / Bobadela → Vila Franca de Xira (~22 km),38.897037,-9.026613,4.937,Alverca / Vila Franca (events: 2026)
B — Vila Franca de Xira → Azambuja (~28 km),38.961187,-8.984159,4.938,Alverca / Vila Franca (events: 2026)
B — Vila Franca de Xira → Azambuja (~28 km),39.064344,-8.875059,4.939,"Castanheira / Azambuja (events: 2022, 2026)"
B — Vila Franca de Xira → Azambuja (~28 km),39.00257,-8.949498,4.939,"Castanheira / Azambuja (events: 2022, 2026)"
B — Vila Franca de Xira → Azambuja (~28 km),39.038597,-8.922312,4.941,"Castanheira / Azambuja (events: 2022, 2026)"
B — Vila Franca de Xira → Azambuja (~28 km),39.07702,-8.850442,4.942,"Castanheira / Azambuja (events: 2022, 2026)"
A — Sacavém / Bobadela → Vila Franca de Xira (~22 km),38.843041,-9.073368,4.942,"Sacavém / Bobadela (events: 2008, 2014, 2026)"
B — Vila Franca de Xira → Azambuja (~28 km),38.992878,-8.947536,4.943,"Castanheira / Azambuja (events: 2022, 2026)"
A — Sacavém / Bobadela → Vila Franca de Xira (~22 km),38.823331,-9.087345,4.944,"Sacavém / Bobadela (events: 2008, 2014, 2026)"
B — Vila Franca de Xira → Azambuja (~28 km),39.010167,-8.941926,4.944,"Castanheira / Azambuja (events: 2022, 2026)"
B — Vila Franca de Xira → Azambuja (~28 km),39.057339,-8.889416,4.945,"Castanheira / Azambuja (events: 2022, 2026)"
A — Sacavém / Bobadela → Vila Franca de Xira (~22 km),38.959251,-8.984805,4.945,Alverca / Vila Franca (events: 2026)
A — Sacavém / Bobadela → Vila Franca de Xira (~22 km),38.894786,-9.028716,4.946,Alverca / Vila Franca (events: 2026)
A — Sacavém / Bobadela → Vila Franca de Xira (~22 km),38.880822,-9.043729,4.947,"Póvoa de Santa Iria (events: 2008, 2010, 2026)"
B — Vila Franca de Xira → Azambuja (~28 km),39.065896,-8.871678,4.949,"Castanheira / Azambuja (events: 2022, 2026)"
A — Sacavém / Bobadela → Vila Franca de Xira (~22 km),38.869989,-9.053207,4.95,"Póvoa de Santa Iria (events: 2008, 2010, 2026)"
A — Sacavém / Bobadela → Vila Franca de Xira (~22 km),38.871874,-9.051428,4.951,"Póvoa de Santa Iria (events: 2008, 2010, 2026)"
A — Sacavém / Bobadela → Vila Franca de Xira (~22 km),38.803902,-9.09421,4.952,"Sacavém / Bobadela (events: 2008, 2014, 2026)"
A — Sacavém / Bobadela → Vila Franca de Xira (~22 km),38.836031,-9.077282,4.954,"Sacavém / Bobadela (events: 2008, 2014, 2026)"
A — Sacavém / Bobadela → Vila Franca de Xira (~22 km),38.894694,-9.028807,4.955,Alverca / Vila Franca (events: 2026)
A — Sacavém / Bobadela → Vila Franca de Xira (~22 km),38.804036,-9.09403,4.956,"Sacavém / Bobadela (events: 2008, 2014, 2026)"
B — Vila Franca de Xira → Azambuja (~28 km),39.013284,-8.948232,4.956,"Castanheira / Azambuja (events: 2022, 2026)"
B — Vila Franca de Xira → Azambuja (~28 km),39.054276,-8.895634,4.957,"Castanheira / Azambuja (events: 2022, 2026)"
B — Vila Franca de Xira → Azambuja (~28 km),39.076362,-8.849412,4.957,"Castanheira / Azambuja (events: 2022, 2026)"
A — Sacavém / Bobadela → Vila Franca de Xira (~22 km),38.797542,-9.099093,4.958,"Sacavém / Bobadela (events: 2008, 2014, 2026)"
A — Sacavém / Bobadela → Vila Franca de Xira (~22 km),38.901403,-9.023153,4.958,Alverca / Vila Franca (events: 2026)
A — Sacavém / Bobadela → Vila Franca de Xira (~22 km),38.822522,-9.087654,4.958,"Sacavém / Bobadela (events: 2008, 2014, 2026)"
B — Vila Franca de Xira → Azambuja (~28 km),39.05747,-8.887407,4.959,"Castanheira / Azambuja (events: 2022, 2026)"
B — Vila Franca de Xira → Azambuja (~28 km),38.983219,-8.969433,4.962,"Castanheira / Azambuja (events: 2022, 2026)"
B — Vila Franca de Xira → Azambuja (~28 km),39.077269,-8.849959,4.963,"Castanheira / Azambuja (events: 2022, 2026)"
A — Sacavém / Bobadela → Vila Franca de Xira (~22 km),38.901437,-9.023178,4.963,Alverca / Vila Franca (events: 2026)
A — Sacavém / Bobadela → Vila Franca de Xira (~22 km),38.888021,-9.036211,4.963,"Póvoa de Santa Iria (events: 2008, 2010, 2026)"
A — Sacavém / Bobadela → Vila Franca de Xira (~22 km),38.83539,-9.076446,4.963,"Sacavém / Bobadela (events: 2008, 2014, 2026)"
A — Sacavém / Bobadela → Vila Franca de Xira (~22 km),38.819978,-9.08937,4.963,"Sacavém / Bobadela (events: 2008, 2014, 2026)"
B — Vila Franca de Xira → Azambuja (~28 km),38.980278,-8.971706,4.964,"Castanheira / Azambuja (events: 2022, 2026)"
B — Vila Franca de Xira → Azambuja (~28 km),39.054227,-8.895785,4.964,"Castanheira / Azambuja (events: 2022, 2026)"
A — Sacavém / Bobadela → Vila Franca de Xira (~22 km),38.959276,-8.984797,4.964,Alverca / Vila Franca (events: 2026)
A — Sacavém / Bobadela → Vila Franca de Xira (~22 km),38.911326,-9.016365,4.965,Alverca / Vila Franca (events: 2026)
A — Sacavém / Bobadela → Vila Franca de Xira (~22 km),38.886883,-9.036518,4.965,"Póvoa de Santa Iria (events: 2008, 2010, 2026)"
B — Vila Franca de Xira → Azambuja (~28 km),39.037032,-8.924994,4.966,"Castanheira / Azambuja (events: 2022, 2026)"
A — Sacavém / Bobadela → Vila Franca de Xira (~22 km),38.856715,-9.062786,4.973,"Póvoa de Santa Iria (events: 2008, 2010, 2026)"
B — Vila Franca de Xira → Azambuja (~28 km),39.00293,-8.952206,4.973,"Castanheira / Azambuja (events: 2022, 2026)"
A — Sacavém / Bobadela → Vila Franca de Xira (~22 km),38.896041,-9.027245,4.975,Alverca / Vila Franca (events: 2026)
B — Vila Franca de Xira → Azambuja (~28 km),38.985177,-8.968012,4.977,"Castanheira / Azambuja (events: 2022, 2026)"
A — Sacavém / Bobadela → Vila Franca de Xira (~22 km),38.886722,-9.040758,4.979,"Póvoa de Santa Iria (events: 2008, 2010, 2026)"
B — Vila Franca de Xira → Azambuja (~28 km),39.038539,-8.923516,4.979,"Castanheira / Azambuja (events: 2022, 2026)"
B — Vila Franca de Xira → Azambuja (~28 km),39.081262,-8.839014,4.979,"Castanheira / Azambuja (events: 2022, 2026)"
A — Sacavém / Bobadela → Vila Franca de Xira (~22 km),38.892007,-9.03165,4.979,Alverca / Vila Franca (events: 2026)
B — Vila Franca de Xira → Azambuja (~28 km),38.966469,-8.979309,4.98,Alverca / Vila Franca (events: 2026)
B — Vila Franca de Xira → Azambuja (~28 km),39.035512,-8.928397,4.981,"Castanheira / Azambuja (events: 2022, 2026)"
A — Sacavém / Bobadela → Vila Franca de Xira (~22 km),38.892072,-9.031876,4.981,Alverca / Vila Franca (events: 2026)
B — Vila Franca de Xira → Azambuja (~28 km),39.057581,-8.886974,4.981,"Castanheira / Azambuja (events: 2022, 2026)"
A — Sacavém / Bobadela → Vila Franca de Xira (~22 km),38.85154,-9.073677,4.982,"Sacavém / Bobadela (events: 2008, 2014, 2026)"
B — Vila Franca de Xira → Azambuja (~28 km),38.987428,-8.965975,4.985,"Castanheira / Azambuja (events: 2022, 2026)"
A — Sacavém / Bobadela → Vila Franca de Xira (~22 km),38.882286,-9.042129,4.985,"Póvoa de Santa Iria (events: 2008, 2010, 2026)"
B — Vila Franca de Xira → Azambuja (~28 km),38.95882,-8.984825,4.985,Alverca / Vila Franca (events: 2026)
A — Sacavém / Bobadela → Vila Franca de Xira (~22 km),38.864271,-9.051274,4.986,"Póvoa de Santa Iria (events: 2008, 2010, 2026)"
A — Sacavém / Bobadela → Vila Franca de Xira (~22 km),38.863922,-9.05345,4.988,"Póvoa de Santa Iria (events: 2008, 2010, 2026)"
B — Vila Franca de Xira → Azambuja (~28 km),39.038573,-8.922143,4.988,"Castanheira / Azambuja (events: 2022, 2026)"
B — Vila Franca de Xira → Azambuja (~28 km),39.057652,-8.888982,4.989,"Castanheira / Azambuja (events: 2022, 2026)"
A — Sacavém / Bobadela → Vila Franca de Xira (~22 km),38.866705,-9.051561,4.991,"Póvoa de Santa Iria (events: 2008, 2010, 2026)"
B — Vila Franca de Xira → Azambuja (~28 km),39.071672,-8.861356,4.992,"Castanheira / Azambuja (events: 2022, 2026)"
B — Vila Franca de Xira → Azambuja (~28 km),39.077016,-8.850529,4.992,"Castanheira / Azambuja (events: 2022, 2026)"
B — Vila Franca de Xira → Azambuja (~28 km),39.00002,-8.954229,4.995,"Castanheira / Azambuja (events: 2022, 2026)"
B — Vila Franca de Xira → Azambuja (~28 km),39.054261,-8.895719,4.995,"Castanheira / Azambuja (events: 2022, 2026)"
