year,scenario,slr_m,nuts3,buildings,storeys,value_eur
2025,ssp126,0.035,Alentejo Central,0.0,2.0,0.0
2025,ssp126,0.035,Alentejo Litoral,25.8,1.5,7683539.0
2025,ssp126,0.035,Algarve,117.8,3.0,70272228.0
2025,ssp126,0.035,Alto Alentejo,0.0,2.0,0.0
2025,ssp126,0.035,Alto Minho,0.7,1.5,212143.0
2025,ssp126,0.035,Alto Tâmega e Barroso,0.0,2.0,0.0
2025,ssp126,0.035,Ave,0.0,2.0,0.0
2025,ssp126,0.035,Baixo Alentejo,0.0,1.5,0.0
2025,ssp126,0.035,Beira Baixa,0.0,2.0,0.0
2025,ssp126,0.035,Beiras e Serra da Estrela,0.0,2.0,0.0
2025,ssp126,0.035,Cávado,0.0,2.5,0.0
2025,ssp126,0.035,Douro,0.0,2.0,0.0
2025,ssp126,0.035,Grande Lisboa,701.6,5.0,697713361.0
2025,ssp126,0.035,Lezíria do Tejo,4.1,1.5,1237498.0
2025,ssp126,0.035,Médio Tejo,0.0,2.0,0.0
2025,ssp126,0.035,Oeste,3.1,2.5,1546873.0
2025,ssp126,0.035,Península de Setúbal,85.0,3.0,50737433.0
2025,ssp126,0.035,Região de Aveiro,334.2,2.5,166196766.0
2025,ssp126,0.035,Região de Coimbra,100.6,2.5,50000827.0
2025,ssp126,0.035,Região de Leiria,0.0,2.0,0.0
2025,ssp126,0.035,Terras de Trás-os-Montes,0.0,2.0,0.0
2025,ssp126,0.035,Tâmega e Sousa,0.0,2.0,0.0
2025,ssp126,0.035,Viseu Dão Lafões,0.0,2.0,0.0
2025,ssp126,0.035,Área Metropolitana do Porto,5.6,4.0,4419637.0
2026,ssp126,0.042,Alentejo Central,0.0,2.0,0.0
2026,ssp126,0.042,Alentejo Litoral,30.8,1.5,9201684.0
2026,ssp126,0.042,Algarve,142.4,3.0,84945423.0
2026,ssp126,0.042,Alto Alentejo,0.0,2.0,0.0
2026,ssp126,0.042,Alto Minho,0.9,1.5,265178.0
2026,ssp126,0.042,Alto Tâmega e Barroso,0.0,2.0,0.0
2026,ssp126,0.042,Ave,0.0,2.0,0.0
2026,ssp126,0.042,Baixo Alentejo,0.0,1.5,0.0
2026,ssp126,0.042,Beira Baixa,0.0,2.0,0.0
2026,ssp126,0.042,Beiras e Serra da Estrela,0.0,2.0,0.0
2026,ssp126,0.042,Cávado,0.0,2.5,0.0
2026,ssp126,0.042,Douro,0.0,2.0,0.0
2026,ssp126,0.042,Grande Lisboa,849.7,5.0,845034594.0
2026,ssp126,0.042,Lezíria do Tejo,5.5,1.5,1644105.0
2026,ssp126,0.042,Médio Tejo,0.0,2.0,0.0
2026,ssp126,0.042,Oeste,4.2,2.5,2077229.0
2026,ssp126,0.042,Península de Setúbal,105.2,3.0,62758845.0
2026,ssp126,0.042,Região de Aveiro,397.6,2.5,197686680.0
2026,ssp126,0.042,Região de Coimbra,119.5,2.5,59399921.0
2026,ssp126,0.042,Região de Leiria,0.0,2.0,0.0
2026,ssp126,0.042,Terras de Trás-os-Montes,0.0,2.0,0.0
2026,ssp126,0.042,Tâmega e Sousa,0.0,2.0,0.0
2026,ssp126,0.042,Viseu Dão Lafões,0.0,2.0,0.0
2026,ssp126,0.042,Área Metropolitana do Porto,6.3,4.0,5008922.0
2027,ssp126,0.049,Alentejo Central,0.0,2.0,0.0
2027,ssp126,0.049,Alentejo Litoral,35.5,1.5,10587240.0
2027,ssp126,0.049,Algarve,170.2,3.0,101563258.0
2027,ssp126,0.049,Alto Alentejo,0.0,2.0,0.0
2027,ssp126,0.049,Alto Minho,1.0,1.5,304955.0
2027,ssp126,0.049,Alto Tâmega e Barroso,0.0,2.0,0.0
2027,ssp126,0.049,Ave,0.0,2.0,0.0
2027,ssp126,0.049,Baixo Alentejo,0.0,1.5,0.0
2027,ssp126,0.049,Beira Baixa,0.0,2.0,0.0
2027,ssp126,0.049,Beiras e Serra da Estrela,0.0,2.0,0.0
2027,ssp126,0.049,Cávado,0.0,2.5,0.0
2027,ssp126,0.049,Douro,0.0,2.0,0.0
2027,ssp126,0.049,Grande Lisboa,985.4,5.0,979980843.0
2027,ssp126,0.049,Lezíria do Tejo,6.8,1.5,2015354.0
2027,ssp126,0.049,Médio Tejo,0.0,2.0,0.0
2027,ssp126,0.049,Oeste,5.1,2.5,2519193.0
2027,ssp126,0.049,Península de Setúbal,126.2,3.0,75310614.0
2027,ssp126,0.049,Região de Aveiro,469.2,2.5,233320003.0
2027,ssp126,0.049,Região de Coimbra,138.7,2.5,68946337.0
2027,ssp126,0.049,Região de Leiria,0.0,2.0,0.0
2027,ssp126,0.049,Terras de Trás-os-Montes,0.0,2.0,0.0
2027,ssp126,0.049,Tâmega e Sousa,0.0,2.0,0.0
2027,ssp126,0.049,Viseu Dão Lafões,0.0,2.0,0.0
2027,ssp126,0.049,Área Metropolitana do Porto,7.4,4.0,5892849.0
2028,ssp126,0.056,Alentejo Central,0.0,2.0,0.0
2028,ssp126,0.056,Alentejo Litoral,40.6,1.5,12125274.0
2028,ssp126,0.056,Algarve,196.7,3.0,117385559.0
2028,ssp126,0.056,Alto Alentejo,0.0,2.0,0.0
2028,ssp126,0.056,Alto Minho,1.2,1.5,371250.0
2028,ssp126,0.056,Alto Tâmega e Barroso,0.0,2.0,0.0
2028,ssp126,0.056,Ave,0.0,2.0,0.0
2028,ssp126,0.056,Baixo Alentejo,0.0,1.5,0.0
2028,ssp126,0.056,Beira Baixa,0.0,2.0,0.0
2028,ssp126,0.056,Beiras e Serra da Estrela,0.0,2.0,0.0
2028,ssp126,0.056,Cávado,0.0,2.5,0.0
2028,ssp126,0.056,Douro,0.0,2.0,0.0
2028,ssp126,0.056,Grande Lisboa,1132.4,5.0,1126123507.0
2028,ssp126,0.056,Lezíria do Tejo,8.0,1.5,2377765.0
2028,ssp126,0.056,Médio Tejo,0.0,2.0,0.0
2028,ssp126,0.056,Oeste,5.8,2.5,2872764.0
2028,ssp126,0.056,Península de Setúbal,152.9,3.0,91221308.0
2028,ssp126,0.056,Região de Aveiro,535.9,2.5,266467281.0
2028,ssp126,0.056,Região de Coimbra,158.1,2.5,78640074.0
2028,ssp126,0.056,Região de Leiria,0.0,2.0,0.0
2028,ssp126,0.056,Terras de Trás-os-Montes,0.0,2.0,0.0
2028,ssp126,0.056,Tâmega e Sousa,0.0,2.0,0.0
2028,ssp126,0.056,Viseu Dão Lafões,0.0,2.0,0.0
2028,ssp126,0.056,Área Metropolitana do Porto,7.8,4.0,6187492.0
2029,ssp126,0.063,Alentejo Central,0.0,2.0,0.0
2029,ssp126,0.063,Alentejo Litoral,46.0,1.5,13716343.0
2029,ssp126,0.063,Algarve,221.9,3.0,132412324.0
2029,ssp126,0.063,Alto Alentejo,0.0,2.0,0.0
2029,ssp126,0.063,Alto Minho,1.5,1.5,437544.0
2029,ssp126,0.063,Alto Tâmega e Barroso,0.0,2.0,0.0
2029,ssp126,0.063,Ave,0.0,2.0,0.0
2029,ssp126,0.063,Baixo Alentejo,0.0,1.5,0.0
2029,ssp126,0.063,Beira Baixa,0.0,2.0,0.0
2029,ssp126,0.063,Beiras e Serra da Estrela,0.0,2.0,0.0
2029,ssp126,0.063,Cávado,0.1,2.5,73661.0
2029,ssp126,0.063,Douro,0.0,2.0,0.0
2029,ssp126,0.063,Grande Lisboa,1284.6,5.0,1277569734.0
2029,ssp126,0.063,Lezíria do Tejo,9.2,1.5,2757853.0
2029,ssp126,0.063,Médio Tejo,0.0,2.0,0.0
2029,ssp126,0.063,Oeste,6.7,2.5,3314728.0
2029,ssp126,0.063,Península de Setúbal,171.2,3.0,102182007.0
2029,ssp126,0.063,Região de Aveiro,610.9,2.5,303757968.0
2029,ssp126,0.063,Região de Coimbra,177.9,2.5,88481133.0
2029,ssp126,0.063,Região de Leiria,0.0,2.0,0.0
2029,ssp126,0.063,Terras de Trás-os-Montes,0.0,2.0,0.0
2029,ssp126,0.063,Tâmega e Sousa,0.0,2.0,0.0
2029,ssp126,0.063,Viseu Dão Lafões,0.0,2.0,0.0
2029,ssp126,0.063,Área Metropolitana do Porto,8.1,4.0,6482134.0
2030,ssp126,0.07,Alentejo Central,0.0,2.0,0.0
2030,ssp126,0.07,Alentejo Litoral,51.6,1.5,15400225.0
2030,ssp126,0.07,Algarve,246.4,3.0,146997127.0
2030,ssp126,0.07,Alto Alentejo,0.0,2.0,0.0
2030,ssp126,0.07,Alto Minho,1.7,1.5,503839.0
2030,ssp126,0.07,Alto Tâmega e Barroso,0.0,2.0,0.0
2030,ssp126,0.07,Ave,0.0,2.0,0.0
2030,ssp126,0.07,Baixo Alentejo,0.0,1.5,0.0
2030,ssp126,0.07,Beira Baixa,0.0,2.0,0.0
2030,ssp126,0.07,Beiras e Serra da Estrela,0.0,2.0,0.0
2030,ssp126,0.07,Cávado,0.1,2.5,73661.0
2030,ssp126,0.07,Douro,0.0,2.0,0.0
2030,ssp126,0.07,Grande Lisboa,1445.8,5.0,1437855236.0
2030,ssp126,0.07,Lezíria do Tejo,11.1,1.5,3305888.0
2030,ssp126,0.07,Médio Tejo,0.0,2.0,0.0
2030,ssp126,0.07,Oeste,7.3,2.5,3624102.0
2030,ssp126,0.07,Península de Setúbal,189.9,3.0,113319493.0
2030,ssp126,0.07,Região de Aveiro,687.2,2.5,341693185.0
2030,ssp126,0.07,Região de Coimbra,197.2,2.5,98057013.0
2030,ssp126,0.07,Região de Leiria,0.0,2.0,0.0
2030,ssp126,0.07,Terras de Trás-os-Montes,0.0,2.0,0.0
2030,ssp126,0.07,Tâmega e Sousa,0.0,2.0,0.0
2030,ssp126,0.07,Viseu Dão Lafões,0.0,2.0,0.0
2030,ssp126,0.07,Área Metropolitana do Porto,8.5,4.0,6776777.0
2031,ssp126,0.0765,Alentejo Central,0.0,2.0,0.0
2031,ssp126,0.0765,Alentejo Litoral,57.1,1.5,17044330.0
2031,ssp126,0.0765,Algarve,273.2,3.0,162996212.0
2031,ssp126,0.0765,Alto Alentejo,0.0,2.0,0.0
2031,ssp126,0.0765,Alto Minho,1.8,1.5,543615.0
2031,ssp126,0.0765,Alto Tâmega e Barroso,0.0,2.0,0.0
2031,ssp126,0.0765,Ave,0.0,2.0,0.0
2031,ssp126,0.0765,Baixo Alentejo,0.0,1.5,0.0
2031,ssp126,0.0765,Beira Baixa,0.0,2.0,0.0
2031,ssp126,0.0765,Beiras e Serra da Estrela,0.0,2.0,0.0
2031,ssp126,0.0765,Cávado,0.1,2.5,73661.0
2031,ssp126,0.0765,Douro,0.0,2.0,0.0
2031,ssp126,0.0765,Grande Lisboa,1595.7,5.0,1586944324.0
2031,ssp126,0.0765,Lezíria do Tejo,12.4,1.5,3712495.0
2031,ssp126,0.0765,Médio Tejo,0.0,2.0,0.0
2031,ssp126,0.0765,Oeste,8.3,2.5,4110262.0
2031,ssp126,0.0765,Península de Setúbal,211.2,3.0,126048047.0
2031,ssp126,0.0765,Região de Aveiro,752.3,2.5,374103857.0
2031,ssp126,0.0765,Região de Coimbra,217.2,2.5,108015928.0
2031,ssp126,0.0765,Região de Leiria,0.0,2.0,0.0
2031,ssp126,0.0765,Terras de Trás-os-Montes,0.0,2.0,0.0
2031,ssp126,0.0765,Tâmega e Sousa,0.0,2.0,0.0
2031,ssp126,0.0765,Viseu Dão Lafões,0.0,2.0,0.0
2031,ssp126,0.0765,Área Metropolitana do Porto,8.5,4.0,6776777.0
2032,ssp126,0.083,Alentejo Central,0.0,2.0,0.0
2032,ssp126,0.083,Alentejo Litoral,62.8,1.5,18728212.0
2032,ssp126,0.083,Algarve,296.4,3.0,176873873.0
2032,ssp126,0.083,Alto Alentejo,0.0,2.0,0.0
2032,ssp126,0.083,Alto Minho,1.9,1.5,556874.0
2032,ssp126,0.083,Alto Tâmega e Barroso,0.0,2.0,0.0
2032,ssp126,0.083,Ave,0.0,2.0,0.0
2032,ssp126,0.083,Baixo Alentejo,0.0,1.5,0.0
2032,ssp126,0.083,Beira Baixa,0.0,2.0,0.0
2032,ssp126,0.083,Beiras e Serra da Estrela,0.0,2.0,0.0
2032,ssp126,0.083,Cávado,0.1,2.5,73661.0
2032,ssp126,0.083,Douro,0.0,2.0,0.0
2032,ssp126,0.083,Grande Lisboa,1758.1,5.0,1748408396.0
2032,ssp126,0.083,Lezíria do Tejo,14.2,1.5,4234012.0
2032,ssp126,0.083,Médio Tejo,0.0,2.0,0.0
2032,ssp126,0.083,Oeste,8.7,2.5,4331244.0
2032,ssp126,0.083,Península de Setúbal,232.6,3.0,138776602.0
2032,ssp126,0.083,Região de Aveiro,826.4,2.5,410934165.0
2032,ssp126,0.083,Região de Coimbra,236.7,2.5,117680201.0
2032,ssp126,0.083,Região de Leiria,0.0,2.0,0.0
2032,ssp126,0.083,Terras de Trás-os-Montes,0.0,2.0,0.0
2032,ssp126,0.083,Tâmega e Sousa,0.0,2.0,0.0
2032,ssp126,0.083,Viseu Dão Lafões,0.0,2.0,0.0
2032,ssp126,0.083,Área Metropolitana do Porto,9.3,4.0,7366062.0
2033,ssp126,0.0895,Alentejo Central,0.0,2.0,0.0
2033,ssp126,0.0895,Alentejo Litoral,67.5,1.5,20140286.0
2033,ssp126,0.0895,Algarve,322.2,3.0,192254209.0
2033,ssp126,0.0895,Alto Alentejo,0.0,2.0,0.0
2033,ssp126,0.0895,Alto Minho,1.9,1.5,570133.0
2033,ssp126,0.0895,Alto Tâmega e Barroso,0.0,2.0,0.0
2033,ssp126,0.0895,Ave,0.0,2.0,0.0
2033,ssp126,0.0895,Baixo Alentejo,0.0,1.5,0.0
2033,ssp126,0.0895,Beira Baixa,0.0,2.0,0.0
2033,ssp126,0.0895,Beiras e Serra da Estrela,0.0,2.0,0.0
2033,ssp126,0.0895,Cávado,0.1,2.5,73661.0
2033,ssp126,0.0895,Douro,0.0,2.0,0.0
2033,ssp126,0.0895,Grande Lisboa,1913.9,5.0,1903390333.0
2033,ssp126,0.0895,Lezíria do Tejo,15.6,1.5,4640619.0
2033,ssp126,0.0895,Médio Tejo,0.0,2.0,0.0
2033,ssp126,0.0895,Oeste,9.5,2.5,4729012.0
2033,ssp126,0.0895,Península de Setúbal,249.2,3.0,148676589.0
2033,ssp126,0.0895,Região de Aveiro,900.3,2.5,447672397.0
2033,ssp126,0.0895,Região de Coimbra,256.2,2.5,127373938.0
2033,ssp126,0.0895,Região de Leiria,0.0,2.0,0.0
2033,ssp126,0.0895,Terras de Trás-os-Montes,0.0,2.0,0.0
2033,ssp126,0.0895,Tâmega e Sousa,0.0,2.0,0.0
2033,ssp126,0.0895,Viseu Dão Lafões,0.0,2.0,0.0
2033,ssp126,0.0895,Área Metropolitana do Porto,10.0,4.0,7955347.0
2034,ssp126,0.096,Alentejo Central,0.0,2.0,0.0
2034,ssp126,0.096,Alentejo Litoral,72.4,1.5,21598766.0
2034,ssp126,0.096,Algarve,348.0,3.0,207634546.0
2034,ssp126,0.096,Alto Alentejo,0.0,2.0,0.0
2034,ssp126,0.096,Alto Minho,2.0,1.5,609910.0
2034,ssp126,0.096,Alto Tâmega e Barroso,0.0,2.0,0.0
2034,ssp126,0.096,Ave,0.0,2.0,0.0
2034,ssp126,0.096,Baixo Alentejo,0.0,1.5,0.0
2034,ssp126,0.096,Beira Baixa,0.0,2.0,0.0
2034,ssp126,0.096,Beiras e Serra da Estrela,0.0,2.0,0.0
2034,ssp126,0.096,Cávado,0.3,2.5,147321.0
2034,ssp126,0.096,Douro,0.0,2.0,0.0
2034,ssp126,0.096,Grande Lisboa,2078.1,5.0,2066622260.0
2034,ssp126,0.096,Lezíria do Tejo,17.2,1.5,5126779.0
2034,ssp126,0.096,Médio Tejo,0.0,2.0,0.0
2034,ssp126,0.096,Oeste,10.1,2.5,5038386.0
2034,ssp126,0.096,Península de Setúbal,272.9,3.0,162819427.0
2034,ssp126,0.096,Região de Aveiro,975.5,2.5,485055160.0
2034,ssp126,0.096,Região de Coimbra,272.6,2.5,135564999.0
2034,ssp126,0.096,Região de Leiria,0.1,2.0,29464.0
2034,ssp126,0.096,Terras de Trás-os-Montes,0.0,2.0,0.0
2034,ssp126,0.096,Tâmega e Sousa,0.0,2.0,0.0
2034,ssp126,0.096,Viseu Dão Lafões,0.0,2.0,0.0
2034,ssp126,0.096,Área Metropolitana do Porto,10.4,4.0,8249989.0
2035,ssp126,0.1025,Alentejo Central,0.0,2.0,0.0
2035,ssp126,0.1025,Alentejo Litoral,78.1,1.5,23289277.0
2035,ssp126,0.1025,Algarve,375.1,3.0,223810418.0
2035,ssp126,0.1025,Alto Alentejo,0.0,2.0,0.0
2035,ssp126,0.1025,Alto Minho,2.2,1.5,649687.0
2035,ssp126,0.1025,Alto Tâmega e Barroso,0.0,2.0,0.0
2035,ssp126,0.1025,Ave,0.0,2.0,0.0
2035,ssp126,0.1025,Baixo Alentejo,0.0,1.5,0.0
2035,ssp126,0.1025,Beira Baixa,0.0,2.0,0.0
2035,ssp126,0.1025,Beiras e Serra da Estrela,0.0,2.0,0.0
2035,ssp126,0.1025,Cávado,0.3,2.5,147321.0
2035,ssp126,0.1025,Douro,0.0,2.0,0.0
2035,ssp126,0.1025,Grande Lisboa,2245.7,5.0,2233389896.0
2035,ssp126,0.1025,Lezíria do Tejo,19.3,1.5,5754367.0
2035,ssp126,0.1025,Médio Tejo,0.0,2.0,0.0
2035,ssp126,0.1025,Oeste,10.9,2.5,5436154.0
2035,ssp126,0.1025,Península de Setúbal,290.1,3.0,173072985.0
2035,ssp126,0.1025,Região de Aveiro,1049.9,2.5,522069620.0
2035,ssp126,0.1025,Região de Coimbra,290.4,2.5,144404273.0
2035,ssp126,0.1025,Região de Leiria,0.1,2.0,29464.0
2035,ssp126,0.1025,Terras de Trás-os-Montes,0.0,2.0,0.0
2035,ssp126,0.1025,Tâmega e Sousa,0.0,2.0,0.0
2035,ssp126,0.1025,Viseu Dão Lafões,0.0,2.0,0.0
2035,ssp126,0.1025,Área Metropolitana do Porto,10.7,4.0,8544632.0
2036,ssp126,0.109,Alentejo Central,0.0,2.0,0.0
2036,ssp126,0.109,Alentejo Litoral,83.3,1.5,24840570.0
2036,ssp126,0.109,Algarve,403.5,3.0,240781824.0
2036,ssp126,0.109,Alto Alentejo,0.0,2.0,0.0
2036,ssp126,0.109,Alto Minho,2.6,1.5,782276.0
2036,ssp126,0.109,Alto Tâmega e Barroso,0.0,2.0,0.0
2036,ssp126,0.109,Ave,0.0,2.0,0.0
2036,ssp126,0.109,Baixo Alentejo,0.0,1.5,0.0
2036,ssp126,0.109,Beira Baixa,0.0,2.0,0.0
2036,ssp126,0.109,Beiras e Serra da Estrela,0.0,2.0,0.0
2036,ssp126,0.109,Cávado,0.3,2.5,147321.0
2036,ssp126,0.109,Douro,0.0,2.0,0.0
2036,ssp126,0.109,Grande Lisboa,2399.2,5.0,2386014693.0
2036,ssp126,0.109,Lezíria do Tejo,21.2,1.5,6311242.0
2036,ssp126,0.109,Médio Tejo,0.0,2.0,0.0
2036,ssp126,0.109,Oeste,11.7,2.5,5833921.0
2036,ssp126,0.109,Península de Setúbal,312.3,3.0,186331896.0
2036,ssp126,0.109,Região de Aveiro,1127.5,2.5,560649368.0
2036,ssp126,0.109,Região de Coimbra,309.4,2.5,153862296.0
2036,ssp126,0.109,Região de Leiria,0.1,2.0,29464.0
2036,ssp126,0.109,Terras de Trás-os-Montes,0.0,2.0,0.0
2036,ssp126,0.109,Tâmega e Sousa,0.0,2.0,0.0
2036,ssp126,0.109,Viseu Dão Lafões,0.0,2.0,0.0
2036,ssp126,0.109,Área Metropolitana do Porto,10.7,4.0,8544632.0
2037,ssp126,0.1155,Alentejo Central,0.0,2.0,0.0
2037,ssp126,0.1155,Alentejo Litoral,88.9,1.5,26537710.0
2037,ssp126,0.1155,Algarve,431.1,3.0,257222873.0
2037,ssp126,0.1155,Alto Alentejo,0.0,2.0,0.0
2037,ssp126,0.1155,Alto Minho,2.8,1.5,835311.0
2037,ssp126,0.1155,Alto Tâmega e Barroso,0.0,2.0,0.0
2037,ssp126,0.1155,Ave,0.0,2.0,0.0
2037,ssp126,0.1155,Baixo Alentejo,0.0,1.5,0.0
2037,ssp126,0.1155,Beira Baixa,0.0,2.0,0.0
2037,ssp126,0.1155,Beiras e Serra da Estrela,0.0,2.0,0.0
2037,ssp126,0.1155,Cávado,0.3,2.5,147321.0
2037,ssp126,0.1155,Douro,0.0,2.0,0.0
2037,ssp126,0.1155,Grande Lisboa,2570.5,5.0,2556318039.0
2037,ssp126,0.1155,Lezíria do Tejo,22.8,1.5,6797402.0
2037,ssp126,0.1155,Médio Tejo,0.0,2.0,0.0
2037,ssp126,0.1155,Oeste,12.3,2.5,6099099.0
2037,ssp126,0.1155,Península de Setúbal,336.9,3.0,201005091.0
2037,ssp126,0.1155,Região de Aveiro,1203.2,2.5,598308358.0
2037,ssp126,0.1155,Região de Coimbra,328.6,2.5,163408712.0
2037,ssp126,0.1155,Região de Leiria,0.1,2.0,29464.0
2037,ssp126,0.1155,Terras de Trás-os-Montes,0.0,2.0,0.0
2037,ssp126,0.1155,Tâmega e Sousa,0.0,2.0,0.0
2037,ssp126,0.1155,Viseu Dão Lafões,0.0,2.0,0.0
2037,ssp126,0.1155,Área Metropolitana do Porto,11.1,4.0,8839274.0
2038,ssp126,0.122,Alentejo Central,0.0,2.0,0.0
2038,ssp126,0.122,Alentejo Litoral,94.8,1.5,28274628.0
2038,ssp126,0.122,Algarve,458.0,3.0,273310352.0
2038,ssp126,0.122,Alto Alentejo,0.0,2.0,0.0
2038,ssp126,0.122,Alto Minho,3.1,1.5,914865.0
2038,ssp126,0.122,Alto Tâmega e Barroso,0.0,2.0,0.0
2038,ssp126,0.122,Ave,0.0,2.0,0.0
2038,ssp126,0.122,Baixo Alentejo,0.0,1.5,0.0
2038,ssp126,0.122,Beira Baixa,0.0,2.0,0.0
2038,ssp126,0.122,Beiras e Serra da Estrela,0.0,2.0,0.0
2038,ssp126,0.122,Cávado,0.3,2.5,147321.0
2038,ssp126,0.122,Douro,0.0,2.0,0.0
2038,ssp126,0.122,Grande Lisboa,2738.1,5.0,2723085675.0
2038,ssp126,0.122,Lezíria do Tejo,24.6,1.5,7354276.0
2038,ssp126,0.122,Médio Tejo,0.0,2.0,0.0
2038,ssp126,0.122,Oeste,13.9,2.5,6894634.0
2038,ssp126,0.122,Península de Setúbal,360.9,3.0,215324714.0
2038,ssp126,0.122,Região de Aveiro,1279.7,2.5,636335652.0
2038,ssp126,0.122,Região de Coimbra,346.3,2.5,172189057.0
2038,ssp126,0.122,Região de Leiria,0.1,2.0,29464.0
2038,ssp126,0.122,Terras de Trás-os-Montes,0.0,2.0,0.0
2038,ssp126,0.122,Tâmega e Sousa,0.0,2.0,0.0
2038,ssp126,0.122,Viseu Dão Lafões,0.0,2.0,0.0
2038,ssp126,0.122,Área Metropolitana do Porto,11.1,4.0,8839274.0
2039,ssp126,0.1285,Alentejo Central,0.0,2.0,0.0
2039,ssp126,0.1285,Alentejo Litoral,100.3,1.5,29912103.0
2039,ssp126,0.1285,Algarve,485.0,3.0,289397831.0
2039,ssp126,0.1285,Alto Alentejo,0.0,2.0,0.0
2039,ssp126,0.1285,Alto Minho,3.3,1.5,981159.0
2039,ssp126,0.1285,Alto Tâmega e Barroso,0.0,2.0,0.0
2039,ssp126,0.1285,Ave,0.0,2.0,0.0
2039,ssp126,0.1285,Baixo Alentejo,0.0,1.5,0.0
2039,ssp126,0.1285,Beira Baixa,0.0,2.0,0.0
2039,ssp126,0.1285,Beiras e Serra da Estrela,0.0,2.0,0.0
2039,ssp126,0.1285,Cávado,0.3,2.5,147321.0
2039,ssp126,0.1285,Douro,0.0,2.0,0.0
2039,ssp126,0.1285,Grande Lisboa,2915.3,5.0,2899281870.0
2039,ssp126,0.1285,Lezíria do Tejo,26.8,1.5,7981864.0
2039,ssp126,0.1285,Médio Tejo,0.0,2.0,0.0
2039,ssp126,0.1285,Oeste,14.6,2.5,7248205.0
2039,ssp126,0.1285,Península de Setúbal,383.1,3.0,228583625.0
2039,ssp126,0.1285,Região de Aveiro,1353.8,2.5,673165960.0
2039,ssp126,0.1285,Região de Coimbra,363.6,2.5,180792617.0
2039,ssp126,0.1285,Região de Leiria,0.1,2.0,29464.0
2039,ssp126,0.1285,Terras de Trás-os-Montes,0.0,2.0,0.0
2039,ssp126,0.1285,Tâmega e Sousa,0.0,2.0,0.0
2039,ssp126,0.1285,Viseu Dão Lafões,0.0,2.0,0.0
2039,ssp126,0.1285,Área Metropolitana do Porto,11.9,4.0,9428559.0
2040,ssp126,0.135,Alentejo Central,0.0,2.0,0.0
2040,ssp126,0.135,Alentejo Litoral,105.7,1.5,31542949.0
2040,ssp126,0.135,Algarve,513.3,3.0,306280844.0
2040,ssp126,0.135,Alto Alentejo,0.0,2.0,0.0
2040,ssp126,0.135,Alto Minho,3.6,1.5,1060713.0
2040,ssp126,0.135,Alto Tâmega e Barroso,0.0,2.0,0.0
2040,ssp126,0.135,Ave,0.0,2.0,0.0
2040,ssp126,0.135,Baixo Alentejo,0.0,1.5,0.0
2040,ssp126,0.135,Beira Baixa,0.0,2.0,0.0
2040,ssp126,0.135,Beiras e Serra da Estrela,0.0,2.0,0.0
2040,ssp126,0.135,Cávado,0.3,2.5,147321.0
2040,ssp126,0.135,Douro,0.0,2.0,0.0
2040,ssp126,0.135,Grande Lisboa,3116.2,5.0,3099049462.0
2040,ssp126,0.135,Lezíria do Tejo,28.8,1.5,8600614.0
2040,ssp126,0.135,Médio Tejo,0.0,2.0,0.0
2040,ssp126,0.135,Oeste,15.7,2.5,7822757.0
2040,ssp126,0.135,Península de Setúbal,405.6,3.0,242019322.0
2040,ssp126,0.135,Região de Aveiro,1428.8,2.5,710456647.0
2040,ssp126,0.135,Região de Coimbra,381.2,2.5,189543499.0
2040,ssp126,0.135,Região de Leiria,0.1,2.0,29464.0
2040,ssp126,0.135,Terras de Trás-os-Montes,0.0,2.0,0.0
2040,ssp126,0.135,Tâmega e Sousa,0.0,2.0,0.0
2040,ssp126,0.135,Viseu Dão Lafões,0.0,2.0,0.0
2040,ssp126,0.135,Área Metropolitana do Porto,12.2,4.0,9723201.0
2041,ssp126,0.1415,Alentejo Central,0.0,2.0,0.0
2041,ssp126,0.1415,Alentejo Litoral,111.5,1.5,33273237.0
2041,ssp126,0.1415,Algarve,542.3,3.0,323605821.0
2041,ssp126,0.1415,Alto Alentejo,0.0,2.0,0.0
2041,ssp126,0.1415,Alto Minho,4.0,1.5,1206561.0
2041,ssp126,0.1415,Alto Tâmega e Barroso,0.0,2.0,0.0
2041,ssp126,0.1415,Ave,0.0,2.0,0.0
2041,ssp126,0.1415,Baixo Alentejo,0.0,1.5,0.0
2041,ssp126,0.1415,Beira Baixa,0.0,2.0,0.0
2041,ssp126,0.1415,Beiras e Serra da Estrela,0.0,2.0,0.0
2041,ssp126,0.1415,Cávado,0.4,2.5,220982.0
2041,ssp126,0.1415,Douro,0.0,2.0,0.0
2041,ssp126,0.1415,Grande Lisboa,3302.2,5.0,3284084931.0
2041,ssp126,0.1415,Lezíria do Tejo,31.5,1.5,9404988.0
2041,ssp126,0.1415,Médio Tejo,0.0,2.0,0.0
2041,ssp126,0.1415,Oeste,17.1,2.5,8485703.0
2041,ssp126,0.1415,Península de Setúbal,429.0,3.0,255985375.0
2041,ssp126,0.1415,Região de Aveiro,1517.8,2.5,754745093.0
2041,ssp126,0.1415,Região de Coimbra,398.8,2.5,198294380.0
2041,ssp126,0.1415,Região de Leiria,0.1,2.0,29464.0
2041,ssp126,0.1415,Terras de Trás-os-Montes,0.0,2.0,0.0
2041,ssp126,0.1415,Tâmega e Sousa,0.0,2.0,0.0
2041,ssp126,0.1415,Viseu Dão Lafões,0.0,2.0,0.0
2041,ssp126,0.1415,Área Metropolitana do Porto,12.2,4.0,9723201.0
2042,ssp126,0.148,Alentejo Central,0.0,2.0,0.0
2042,ssp126,0.148,Alentejo Litoral,117.2,1.5,34963748.0
2042,ssp126,0.148,Algarve,575.7,3.0,343494187.0
2042,ssp126,0.148,Alto Alentejo,0.0,2.0,0.0
2042,ssp126,0.148,Alto Minho,4.3,1.5,1272855.0
2042,ssp126,0.148,Alto Tâmega e Barroso,0.0,2.0,0.0
2042,ssp126,0.148,Ave,0.0,2.0,0.0
2042,ssp126,0.148,Baixo Alentejo,0.0,1.5,0.0
2042,ssp126,0.148,Beira Baixa,0.0,2.0,0.0
2042,ssp126,0.148,Beiras e Serra da Estrela,0.0,2.0,0.0
2042,ssp126,0.148,Cávado,0.6,2.5,294642.0
2042,ssp126,0.148,Douro,0.0,2.0,0.0
2042,ssp126,0.148,Grande Lisboa,3499.6,5.0,3480316814.0
2042,ssp126,0.148,Lezíria do Tejo,34.0,1.5,10129808.0
2042,ssp126,0.148,Médio Tejo,0.0,2.0,0.0
2042,ssp126,0.148,Oeste,18.1,2.5,9016059.0
2042,ssp126,0.148,Península de Setúbal,452.4,3.0,269951428.0
2042,ssp126,0.148,Região de Aveiro,1601.5,2.5,796363341.0
2042,ssp126,0.148,Região de Coimbra,415.8,2.5,206780083.0
2042,ssp126,0.148,Região de Leiria,0.1,2.0,29464.0
2042,ssp126,0.148,Terras de Trás-os-Montes,0.0,2.0,0.0
2042,ssp126,0.148,Tâmega e Sousa,0.0,2.0,0.0
2042,ssp126,0.148,Viseu Dão Lafões,0.0,2.0,0.0
2042,ssp126,0.148,Área Metropolitana do Porto,12.2,4.0,9723201.0
2043,ssp126,0.1545,Alentejo Central,0.0,2.0,0.0
2043,ssp126,0.1545,Alentejo Litoral,122.7,1.5,36594594.0
2043,ssp126,0.1545,Algarve,608.0,3.0,362763805.0
2043,ssp126,0.1545,Alto Alentejo,0.0,2.0,0.0
2043,ssp126,0.1545,Alto Minho,4.6,1.5,1365668.0
2043,ssp126,0.1545,Alto Tâmega e Barroso,0.0,2.0,0.0
2043,ssp126,0.1545,Ave,0.0,2.0,0.0
2043,ssp126,0.1545,Baixo Alentejo,0.0,1.5,0.0
2043,ssp126,0.1545,Beira Baixa,0.0,2.0,0.0
2043,ssp126,0.1545,Beiras e Serra da Estrela,0.0,2.0,0.0
2043,ssp126,0.1545,Cávado,0.7,2.5,368303.0
2043,ssp126,0.1545,Douro,0.0,2.0,0.0
2043,ssp126,0.1545,Grande Lisboa,3706.4,5.0,3685977255.0
2043,ssp126,0.1545,Lezíria do Tejo,37.1,1.5,11057932.0
2043,ssp126,0.1545,Médio Tejo,0.0,2.0,0.0
2043,ssp126,0.1545,Oeste,18.8,2.5,9369630.0
2043,ssp126,0.1545,Península de Setúbal,474.0,3.0,282856768.0
2043,ssp126,0.1545,Região de Aveiro,1681.3,2.5,836047999.0
2043,ssp126,0.1545,Região de Coimbra,431.7,2.5,214647037.0
2043,ssp126,0.1545,Região de Leiria,0.1,2.0,29464.0
2043,ssp126,0.1545,Terras de Trás-os-Montes,0.0,2.0,0.0
2043,ssp126,0.1545,Tâmega e Sousa,0.0,2.0,0.0
2043,ssp126,0.1545,Viseu Dão Lafões,0.0,2.0,0.0
2043,ssp126,0.1545,Área Metropolitana do Porto,12.6,4.0,10017844.0
2044,ssp126,0.161,Alentejo Central,0.0,2.0,0.0
2044,ssp126,0.161,Alentejo Litoral,128.7,1.5,38384547.0
2044,ssp126,0.161,Algarve,639.7,3.0,381679851.0
2044,ssp126,0.161,Alto Alentejo,0.0,2.0,0.0
2044,ssp126,0.161,Alto Minho,4.8,1.5,1418703.0
2044,ssp126,0.161,Alto Tâmega e Barroso,0.0,2.0,0.0
2044,ssp126,0.161,Ave,0.0,2.0,0.0
2044,ssp126,0.161,Baixo Alentejo,0.0,1.5,0.0
2044,ssp126,0.161,Beira Baixa,0.0,2.0,0.0
2044,ssp126,0.161,Beiras e Serra da Estrela,0.0,2.0,0.0
2044,ssp126,0.161,Cávado,0.7,2.5,368303.0
2044,ssp126,0.161,Douro,0.0,2.0,0.0
2044,ssp126,0.161,Grande Lisboa,3892.4,5.0,3871012724.0
2044,ssp126,0.161,Lezíria do Tejo,40.4,1.5,12047930.0
2044,ssp126,0.161,Médio Tejo,0.0,2.0,0.0
2044,ssp126,0.161,Oeste,20.0,2.5,9944183.0
2044,ssp126,0.161,Península de Setúbal,499.5,3.0,298060319.0
2044,ssp126,0.161,Região de Aveiro,1766.2,2.5,878218702.0
2044,ssp126,0.161,Região de Coimbra,447.1,2.5,222337205.0
2044,ssp126,0.161,Região de Leiria,0.1,2.0,29464.0
2044,ssp126,0.161,Terras de Trás-os-Montes,0.0,2.0,0.0
2044,ssp126,0.161,Tâmega e Sousa,0.0,2.0,0.0
2044,ssp126,0.161,Viseu Dão Lafões,0.0,2.0,0.0
2044,ssp126,0.161,Área Metropolitana do Porto,12.6,4.0,10017844.0
2045,ssp126,0.1675,Alentejo Central,0.0,2.0,0.0
2045,ssp126,0.1675,Alentejo Litoral,134.8,1.5,40214277.0
2045,ssp126,0.1675,Algarve,672.1,3.0,401037861.0
2045,ssp126,0.1675,Alto Alentejo,0.0,2.0,0.0
2045,ssp126,0.1675,Alto Minho,5.0,1.5,1484998.0
2045,ssp126,0.1675,Alto Tâmega e Barroso,0.0,2.0,0.0
2045,ssp126,0.1675,Ave,0.0,2.0,0.0
2045,ssp126,0.1675,Baixo Alentejo,0.0,1.5,0.0
2045,ssp126,0.1675,Beira Baixa,0.0,2.0,0.0
2045,ssp126,0.1675,Beiras e Serra da Estrela,0.0,2.0,0.0
2045,ssp126,0.1675,Cávado,0.9,2.5,441964.0
2045,ssp126,0.1675,Douro,0.0,2.0,0.0
2045,ssp126,0.1675,Grande Lisboa,4098.6,5.0,4076083881.0
2045,ssp126,0.1675,Lezíria do Tejo,43.8,1.5,13055608.0
2045,ssp126,0.1675,Médio Tejo,0.0,2.0,0.0
2045,ssp126,0.1675,Oeste,21.0,2.5,10430343.0
2045,ssp126,0.1675,Península de Setúbal,531.8,3.0,317329936.0
2045,ssp126,0.1675,Região de Aveiro,1851.1,2.5,920481480.0
2045,ssp126,0.1675,Região de Coimbra,463.4,2.5,230410409.0
2045,ssp126,0.1675,Região de Leiria,0.1,2.0,29464.0
2045,ssp126,0.1675,Terras de Trás-os-Montes,0.0,2.0,0.0
2045,ssp126,0.1675,Tâmega e Sousa,0.0,2.0,0.0
2045,ssp126,0.1675,Viseu Dão Lafões,0.0,2.0,0.0
2045,ssp126,0.1675,Área Metropolitana do Porto,12.6,4.0,10017844.0
2046,ssp126,0.174,Alentejo Central,0.0,2.0,0.0
2046,ssp126,0.174,Alentejo Litoral,140.5,1.5,41904788.0
2046,ssp126,0.174,Algarve,705.6,3.0,421014620.0
2046,ssp126,0.174,Alto Alentejo,0.0,2.0,0.0
2046,ssp126,0.174,Alto Minho,5.4,1.5,1604328.0
2046,ssp126,0.174,Alto Tâmega e Barroso,0.0,2.0,0.0
2046,ssp126,0.174,Ave,0.0,2.0,0.0
2046,ssp126,0.174,Baixo Alentejo,0.0,1.5,0.0
2046,ssp126,0.174,Beira Baixa,0.0,2.0,0.0
2046,ssp126,0.174,Beiras e Serra da Estrela,0.0,2.0,0.0
2046,ssp126,0.174,Cávado,1.2,2.5,589285.0
2046,ssp126,0.174,Douro,0.0,2.0,0.0
2046,ssp126,0.174,Grande Lisboa,4301.9,5.0,4278208613.0
2046,ssp126,0.174,Lezíria do Tejo,46.4,1.5,13851142.0
2046,ssp126,0.174,Médio Tejo,0.0,2.0,0.0
2046,ssp126,0.174,Oeste,22.4,2.5,11137485.0
2046,ssp126,0.174,Península de Setúbal,560.3,3.0,334301342.0
2046,ssp126,0.174,Região de Aveiro,1927.4,2.5,958416698.0
2046,ssp126,0.174,Região de Coimbra,478.6,2.5,237982720.0
2046,ssp126,0.174,Região de Leiria,0.1,2.0,29464.0
2046,ssp126,0.174,Terras de Trás-os-Montes,0.0,2.0,0.0
2046,ssp126,0.174,Tâmega e Sousa,0.0,2.0,0.0
2046,ssp126,0.174,Viseu Dão Lafões,0.0,2.0,0.0
2046,ssp126,0.174,Área Metropolitana do Porto,13.0,4.0,10312486.0
2047,ssp126,0.1805,Alentejo Central,0.0,2.0,0.0
2047,ssp126,0.1805,Alentejo Litoral,145.6,1.5,43449451.0
2047,ssp126,0.1805,Algarve,741.9,3.0,442670842.0
2047,ssp126,0.1805,Alto Alentejo,0.0,2.0,0.0
2047,ssp126,0.1805,Alto Minho,5.9,1.5,1763435.0
2047,ssp126,0.1805,Alto Tâmega e Barroso,0.0,2.0,0.0
2047,ssp126,0.1805,Ave,0.0,2.0,0.0
2047,ssp126,0.1805,Baixo Alentejo,0.0,1.5,0.0
2047,ssp126,0.1805,Beira Baixa,0.0,2.0,0.0
2047,ssp126,0.1805,Beiras e Serra da Estrela,0.0,2.0,0.0
2047,ssp126,0.1805,Cávado,1.5,2.5,736606.0
2047,ssp126,0.1805,Douro,0.0,2.0,0.0
2047,ssp126,0.1805,Grande Lisboa,4528.2,5.0,4503315457.0
2047,ssp126,0.1805,Lezíria do Tejo,49.6,1.5,14796945.0
2047,ssp126,0.1805,Médio Tejo,0.0,2.0,0.0
2047,ssp126,0.1805,Oeste,23.6,2.5,11756234.0
2047,ssp126,0.1805,Península de Setúbal,585.1,3.0,349151323.0
2047,ssp126,0.1805,Região de Aveiro,2008.5,2.5,998745885.0
2047,ssp126,0.1805,Região de Coimbra,494.7,2.5,245967531.0
2047,ssp126,0.1805,Região de Leiria,0.1,2.0,29464.0
2047,ssp126,0.1805,Terras de Trás-os-Montes,0.0,2.0,0.0
2047,ssp126,0.1805,Tâmega e Sousa,0.0,2.0,0.0
2047,ssp126,0.1805,Viseu Dão Lafões,0.0,2.0,0.0
2047,ssp126,0.1805,Área Metropolitana do Porto,13.7,4.0,10901771.0
2048,ssp126,0.187,Alentejo Central,0.0,2.0,0.0
2048,ssp126,0.187,Alentejo Litoral,150.5,1.5,44901302.0
2048,ssp126,0.187,Algarve,779.6,3.0,465210990.0
2048,ssp126,0.187,Alto Alentejo,0.0,2.0,0.0
2048,ssp126,0.187,Alto Minho,6.4,1.5,1909283.0
2048,ssp126,0.187,Alto Tâmega e Barroso,0.0,2.0,0.0
2048,ssp126,0.187,Ave,0.0,2.0,0.0
2048,ssp126,0.187,Baixo Alentejo,0.0,1.5,0.0
2048,ssp126,0.187,Beira Baixa,0.0,2.0,0.0
2048,ssp126,0.187,Beiras e Serra da Estrela,0.0,2.0,0.0
2048,ssp126,0.187,Cávado,1.8,2.5,883927.0
2048,ssp126,0.187,Douro,0.0,2.0,0.0
2048,ssp126,0.187,Grande Lisboa,4730.3,5.0,4704261619.0
2048,ssp126,0.187,Lezíria do Tejo,52.9,1.5,15795783.0
2048,ssp126,0.187,Médio Tejo,0.0,2.0,0.0
2048,ssp126,0.187,Oeste,25.1,2.5,12463376.0
2048,ssp126,0.187,Península de Setúbal,612.4,3.0,365415587.0
2048,ssp126,0.187,Região de Aveiro,2093.0,2.5,1040732437.0
2048,ssp126,0.187,Região de Coimbra,509.8,2.5,253480914.0
2048,ssp126,0.187,Região de Leiria,0.1,2.0,29464.0
2048,ssp126,0.187,Terras de Trás-os-Montes,0.0,2.0,0.0
2048,ssp126,0.187,Tâmega e Sousa,0.0,2.0,0.0
2048,ssp126,0.187,Viseu Dão Lafões,0.0,2.0,0.0
2048,ssp126,0.187,Área Metropolitana do Porto,14.1,4.0,11196414.0
2049,ssp126,0.1935,Alentejo Central,0.0,2.0,0.0
2049,ssp126,0.1935,Alentejo Litoral,155.7,1.5,46452595.0
2049,ssp126,0.1935,Algarve,818.5,3.0,488369888.0
2049,ssp126,0.1935,Alto Alentejo,0.0,2.0,0.0
2049,ssp126,0.1935,Alto Minho,6.8,1.5,2028613.0
2049,ssp126,0.1935,Alto Tâmega e Barroso,0.0,2.0,0.0
2049,ssp126,0.1935,Ave,0.0,2.0,0.0
2049,ssp126,0.1935,Baixo Alentejo,0.0,1.5,0.0
2049,ssp126,0.1935,Beira Baixa,0.0,2.0,0.0
2049,ssp126,0.1935,Beiras e Serra da Estrela,0.0,2.0,0.0
2049,ssp126,0.1935,Cávado,1.9,2.5,957588.0
2049,ssp126,0.1935,Douro,0.0,2.0,0.0
2049,ssp126,0.1935,Grande Lisboa,4936.5,5.0,4909332776.0
2049,ssp126,0.1935,Lezíria do Tejo,56.4,1.5,16821138.0
2049,ssp126,0.1935,Médio Tejo,0.0,2.0,0.0
2049,ssp126,0.1935,Oeste,26.0,2.5,12949536.0
2049,ssp126,0.1935,Península de Setúbal,644.1,3.0,384331633.0
2049,ssp126,0.1935,Região de Aveiro,2179.1,2.5,1083547670.0
2049,ssp126,0.1935,Região de Coimbra,527.8,2.5,262467509.0
2049,ssp126,0.1935,Região de Leiria,0.1,2.0,29464.0
2049,ssp126,0.1935,Terras de Trás-os-Montes,0.0,2.0,0.0
2049,ssp126,0.1935,Tâmega e Sousa,0.0,2.0,0.0
2049,ssp126,0.1935,Viseu Dão Lafões,0.0,2.0,0.0
2049,ssp126,0.1935,Área Metropolitana do Porto,14.4,4.0,11491056.0
2050,ssp126,0.2,Alentejo Central,0.0,2.0,0.0
2050,ssp126,0.2,Alentejo Litoral,161.2,1.5,48083441.0
2050,ssp126,0.2,Algarve,855.9,3.0,510733251.0
2050,ssp126,0.2,Alto Alentejo,0.0,2.0,0.0
2050,ssp126,0.2,Alto Minho,7.4,1.5,2214238.0
2050,ssp126,0.2,Alto Tâmega e Barroso,0.0,2.0,0.0
2050,ssp126,0.2,Ave,0.0,2.0,0.0
2050,ssp126,0.2,Baixo Alentejo,0.0,1.5,0.0
2050,ssp126,0.2,Beira Baixa,0.0,2.0,0.0
2050,ssp126,0.2,Beiras e Serra da Estrela,0.0,2.0,0.0
2050,ssp126,0.2,Cávado,1.9,2.5,957588.0
2050,ssp126,0.2,Douro,0.0,2.0,0.0
2050,ssp126,0.2,Grande Lisboa,5142.1,5.0,5113814648.0
2050,ssp126,0.2,Lezíria do Tejo,59.7,1.5,17802298.0
2050,ssp126,0.2,Médio Tejo,0.0,2.0,0.0
2050,ssp126,0.2,Oeste,27.4,2.5,13612482.0
2050,ssp126,0.2,Península de Setúbal,679.1,3.0,405192320.0
2050,ssp126,0.2,Região de Aveiro,2276.9,2.5,1132163677.0
2050,ssp126,0.2,Região de Coimbra,543.0,2.5,270010356.0
2050,ssp126,0.2,Região de Leiria,0.1,2.0,29464.0
2050,ssp126,0.2,Terras de Trás-os-Montes,0.0,2.0,0.0
2050,ssp126,0.2,Tâmega e Sousa,0.0,2.0,0.0
2050,ssp126,0.2,Viseu Dão Lafões,0.0,2.0,0.0
2050,ssp126,0.2,Área Metropolitana do Porto,14.8,4.0,11785699.0
2051,ssp126,0.204,Alentejo Central,0.0,2.0,0.0
2051,ssp126,0.204,Alentejo Litoral,164.5,1.5,49064600.0
2051,ssp126,0.204,Algarve,881.4,3.0,525936803.0
2051,ssp126,0.204,Alto Alentejo,0.0,2.0,0.0
2051,ssp126,0.204,Alto Minho,7.6,1.5,2267274.0
2051,ssp126,0.204,Alto Tâmega e Barroso,0.0,2.0,0.0
2051,ssp126,0.204,Ave,0.0,2.0,0.0
2051,ssp126,0.204,Baixo Alentejo,0.0,1.5,0.0
2051,ssp126,0.204,Beira Baixa,0.0,2.0,0.0
2051,ssp126,0.204,Beiras e Serra da Estrela,0.0,2.0,0.0
2051,ssp126,0.204,Cávado,2.1,2.5,1031249.0
2051,ssp126,0.204,Douro,0.0,2.0,0.0
2051,ssp126,0.204,Grande Lisboa,5266.5,5.0,5237564483.0
2051,ssp126,0.204,Lezíria do Tejo,61.9,1.5,18456404.0
2051,ssp126,0.204,Médio Tejo,0.0,2.0,0.0
2051,ssp126,0.204,Oeste,27.8,2.5,13833464.0
2051,ssp126,0.204,Península de Setúbal,701.6,3.0,418628016.0
2051,ssp126,0.204,Região de Aveiro,2327.8,2.5,1157484514.0
2051,ssp126,0.204,Região de Coimbra,552.5,2.5,274724636.0
2051,ssp126,0.204,Região de Leiria,0.1,2.0,29464.0
2051,ssp126,0.204,Terras de Trás-os-Montes,0.0,2.0,0.0
2051,ssp126,0.204,Tâmega e Sousa,0.0,2.0,0.0
2051,ssp126,0.204,Viseu Dão Lafões,0.0,2.0,0.0
2051,ssp126,0.204,Área Metropolitana do Porto,14.8,4.0,11785699.0
2052,ssp126,0.208,Alentejo Central,0.0,2.0,0.0
2052,ssp126,0.208,Alentejo Litoral,167.9,1.5,50098795.0
2052,ssp126,0.208,Algarve,905.7,3.0,540433212.0
2052,ssp126,0.208,Alto Alentejo,0.0,2.0,0.0
2052,ssp126,0.208,Alto Minho,7.9,1.5,2360086.0
2052,ssp126,0.208,Alto Tâmega e Barroso,0.0,2.0,0.0
2052,ssp126,0.208,Ave,0.0,2.0,0.0
2052,ssp126,0.208,Baixo Alentejo,0.0,1.5,0.0
2052,ssp126,0.208,Beira Baixa,0.0,2.0,0.0
2052,ssp126,0.208,Beiras e Serra da Estrela,0.0,2.0,0.0
2052,ssp126,0.208,Cávado,2.2,2.5,1104909.0
2052,ssp126,0.208,Douro,0.0,2.0,0.0
2052,ssp126,0.208,Grande Lisboa,5408.1,5.0,5378403582.0
2052,ssp126,0.208,Lezíria do Tejo,64.0,1.5,19083993.0
2052,ssp126,0.208,Médio Tejo,0.0,2.0,0.0
2052,ssp126,0.208,Oeste,28.8,2.5,14319624.0
2052,ssp126,0.208,Península de Setúbal,720.2,3.0,429765502.0
2052,ssp126,0.208,Região de Aveiro,2383.7,2.5,1185291397.0
2052,ssp126,0.208,Região de Coimbra,562.0,2.5,279438915.0
2052,ssp126,0.208,Região de Leiria,0.1,2.0,29464.0
2052,ssp126,0.208,Terras de Trás-os-Montes,0.0,2.0,0.0
2052,ssp126,0.208,Tâmega e Sousa,0.0,2.0,0.0
2052,ssp126,0.208,Viseu Dão Lafões,0.0,2.0,0.0
2052,ssp126,0.208,Área Metropolitana do Porto,14.8,4.0,11785699.0
2053,ssp126,0.212,Alentejo Central,0.0,2.0,0.0
2053,ssp126,0.212,Alentejo Litoral,171.8,1.5,51245691.0
2053,ssp126,0.212,Algarve,929.1,3.0,554399265.0
2053,ssp126,0.212,Alto Alentejo,0.0,2.0,0.0
2053,ssp126,0.212,Alto Minho,8.1,1.5,2426381.0
2053,ssp126,0.212,Alto Tâmega e Barroso,0.0,2.0,0.0
2053,ssp126,0.212,Ave,0.0,2.0,0.0
2053,ssp126,0.212,Baixo Alentejo,0.0,1.5,0.0
2053,ssp126,0.212,Beira Baixa,0.0,2.0,0.0
2053,ssp126,0.212,Beiras e Serra da Estrela,0.0,2.0,0.0
2053,ssp126,0.212,Cávado,2.2,2.5,1104909.0
2053,ssp126,0.212,Douro,0.0,2.0,0.0
2053,ssp126,0.212,Grande Lisboa,5539.1,5.0,5508635553.0
2053,ssp126,0.212,Lezíria do Tejo,66.1,1.5,19729260.0
2053,ssp126,0.212,Médio Tejo,0.0,2.0,0.0
2053,ssp126,0.212,Oeste,29.8,2.5,14805784.0
2053,ssp126,0.212,Península de Setúbal,739.2,3.0,441079772.0
2053,ssp126,0.212,Região de Aveiro,2438.1,2.5,1212361674.0
2053,ssp126,0.212,Região de Coimbra,571.3,2.5,284094266.0
2053,ssp126,0.212,Região de Leiria,0.1,2.0,29464.0
2053,ssp126,0.212,Terras de Trás-os-Montes,0.0,2.0,0.0
2053,ssp126,0.212,Tâmega e Sousa,0.0,2.0,0.0
2053,ssp126,0.212,Viseu Dão Lafões,0.0,2.0,0.0
2053,ssp126,0.212,Área Metropolitana do Porto,15.2,4.0,12080341.0
2054,ssp126,0.216,Alentejo Central,0.0,2.0,0.0
2054,ssp126,0.216,Alentejo Litoral,175.2,1.5,52279886.0
2054,ssp126,0.216,Algarve,954.4,3.0,569514423.0
2054,ssp126,0.216,Alto Alentejo,0.0,2.0,0.0
2054,ssp126,0.216,Alto Minho,8.3,1.5,2466157.0
2054,ssp126,0.216,Alto Tâmega e Barroso,0.0,2.0,0.0
2054,ssp126,0.216,Ave,0.0,2.0,0.0
2054,ssp126,0.216,Baixo Alentejo,0.0,1.5,0.0
2054,ssp126,0.216,Beira Baixa,0.0,2.0,0.0
2054,ssp126,0.216,Beiras e Serra da Estrela,0.0,2.0,0.0
2054,ssp126,0.216,Cávado,2.2,2.5,1104909.0
2054,ssp126,0.216,Douro,0.0,2.0,0.0
2054,ssp126,0.216,Grande Lisboa,5689.0,5.0,5657724641.0
2054,ssp126,0.216,Lezíria do Tejo,68.6,1.5,20480598.0
2054,ssp126,0.216,Médio Tejo,0.0,2.0,0.0
2054,ssp126,0.216,Oeste,30.6,2.5,15203551.0
2054,ssp126,0.216,Península de Setúbal,757.0,3.0,451686901.0
2054,ssp126,0.216,Região de Aveiro,2494.6,2.5,1240444784.0
2054,ssp126,0.216,Região de Coimbra,581.0,2.5,288926403.0
2054,ssp126,0.216,Região de Leiria,0.1,2.0,29464.0
2054,ssp126,0.216,Terras de Trás-os-Montes,0.0,2.0,0.0
2054,ssp126,0.216,Tâmega e Sousa,0.0,2.0,0.0
2054,ssp126,0.216,Viseu Dão Lafões,0.0,2.0,0.0
2054,ssp126,0.216,Área Metropolitana do Porto,15.2,4.0,12080341.0
2055,ssp126,0.22,Alentejo Central,0.0,2.0,0.0
2055,ssp126,0.22,Alentejo Litoral,178.8,1.5,53353858.0
2055,ssp126,0.22,Algarve,976.1,3.0,582419763.0
2055,ssp126,0.22,Alto Alentejo,0.0,2.0,0.0
2055,ssp126,0.22,Alto Minho,8.6,1.5,2558970.0
2055,ssp126,0.22,Alto Tâmega e Barroso,0.0,2.0,0.0
2055,ssp126,0.22,Ave,0.0,2.0,0.0
2055,ssp126,0.22,Baixo Alentejo,0.0,1.5,0.0
2055,ssp126,0.22,Beira Baixa,0.0,2.0,0.0
2055,ssp126,0.22,Beiras e Serra da Estrela,0.0,2.0,0.0
2055,ssp126,0.22,Cávado,2.4,2.5,1178570.0
2055,ssp126,0.22,Douro,0.0,2.0,0.0
2055,ssp126,0.22,Grande Lisboa,5841.3,5.0,5809170868.0
2055,ssp126,0.22,Lezíria do Tejo,71.3,1.5,21276133.0
2055,ssp126,0.22,Médio Tejo,0.0,2.0,0.0
2055,ssp126,0.22,Oeste,32.2,2.5,15999086.0
2055,ssp126,0.22,Península de Setúbal,777.4,3.0,463885099.0
2055,ssp126,0.22,Região de Aveiro,2550.2,2.5,1268067515.0
2055,ssp126,0.22,Região de Coimbra,589.5,2.5,293139790.0
2055,ssp126,0.22,Região de Leiria,0.1,2.0,29464.0
2055,ssp126,0.22,Terras de Trás-os-Montes,0.0,2.0,0.0
2055,ssp126,0.22,Tâmega e Sousa,0.0,2.0,0.0
2055,ssp126,0.22,Viseu Dão Lafões,0.0,2.0,0.0
2055,ssp126,0.22,Área Metropolitana do Porto,15.2,4.0,12080341.0
2056,ssp126,0.224,Alentejo Central,0.0,2.0,0.0
2056,ssp126,0.224,Alentejo Litoral,182.1,1.5,54321758.0
2056,ssp126,0.224,Algarve,1001.0,3.0,597269744.0
2056,ssp126,0.224,Alto Alentejo,0.0,2.0,0.0
2056,ssp126,0.224,Alto Minho,8.9,1.5,2651782.0
2056,ssp126,0.224,Alto Tâmega e Barroso,0.0,2.0,0.0
2056,ssp126,0.224,Ave,0.0,2.0,0.0
2056,ssp126,0.224,Baixo Alentejo,0.0,1.5,0.0
2056,ssp126,0.224,Beira Baixa,0.0,2.0,0.0
2056,ssp126,0.224,Beiras e Serra da Estrela,0.0,2.0,0.0
2056,ssp126,0.224,Cávado,2.4,2.5,1178570.0
2056,ssp126,0.224,Douro,0.0,2.0,0.0
2056,ssp126,0.224,Grande Lisboa,5984.1,5.0,5951188537.0
2056,ssp126,0.224,Lezíria do Tejo,74.3,1.5,22160060.0
2056,ssp126,0.224,Médio Tejo,0.0,2.0,0.0
2056,ssp126,0.224,Oeste,33.2,2.5,16529442.0
2056,ssp126,0.224,Península de Setúbal,793.1,3.0,473254730.0
2056,ssp126,0.224,Região de Aveiro,2609.0,2.5,1297347610.0
2056,ssp126,0.224,Região de Coimbra,599.2,2.5,297971926.0
2056,ssp126,0.224,Região de Leiria,0.1,2.0,29464.0
2056,ssp126,0.224,Terras de Trás-os-Montes,0.0,2.0,0.0
2056,ssp126,0.224,Tâmega e Sousa,0.0,2.0,0.0
2056,ssp126,0.224,Viseu Dão Lafões,0.0,2.0,0.0
2056,ssp126,0.224,Área Metropolitana do Porto,15.6,4.0,12374984.0
2057,ssp126,0.228,Alentejo Central,0.0,2.0,0.0
2057,ssp126,0.228,Alentejo Litoral,185.5,1.5,55336065.0
2057,ssp126,0.228,Algarve,1025.2,3.0,611766153.0
2057,ssp126,0.228,Alto Alentejo,0.0,2.0,0.0
2057,ssp126,0.228,Alto Minho,9.2,1.5,2731336.0
2057,ssp126,0.228,Alto Tâmega e Barroso,0.0,2.0,0.0
2057,ssp126,0.228,Ave,0.0,2.0,0.0
2057,ssp126,0.228,Baixo Alentejo,0.0,1.5,0.0
2057,ssp126,0.228,Beira Baixa,0.0,2.0,0.0
2057,ssp126,0.228,Beiras e Serra da Estrela,0.0,2.0,0.0
2057,ssp126,0.228,Cávado,2.4,2.5,1178570.0
2057,ssp126,0.228,Douro,0.0,2.0,0.0
2057,ssp126,0.228,Grande Lisboa,6125.1,5.0,6091438351.0
2057,ssp126,0.228,Lezíria do Tejo,77.0,1.5,22973273.0
2057,ssp126,0.228,Médio Tejo,0.0,2.0,0.0
2057,ssp126,0.228,Oeste,34.0,2.5,16883013.0
2057,ssp126,0.228,Península de Setúbal,810.0,3.0,483331502.0
2057,ssp126,0.228,Região de Aveiro,2669.4,2.5,1327364311.0
2057,ssp126,0.228,Região de Coimbra,609.3,2.5,302980848.0
2057,ssp126,0.228,Região de Leiria,0.1,2.0,29464.0
2057,ssp126,0.228,Terras de Trás-os-Montes,0.0,2.0,0.0
2057,ssp126,0.228,Tâmega e Sousa,0.0,2.0,0.0
2057,ssp126,0.228,Viseu Dão Lafões,0.0,2.0,0.0
2057,ssp126,0.228,Área Metropolitana do Porto,15.6,4.0,12374984.0
2058,ssp126,0.232,Alentejo Central,0.0,2.0,0.0
2058,ssp126,0.232,Alentejo Litoral,189.0,1.5,56396778.0
2058,ssp126,0.232,Algarve,1053.0,3.0,628295595.0
2058,ssp126,0.232,Alto Alentejo,0.0,2.0,0.0
2058,ssp126,0.232,Alto Minho,9.6,1.5,2850666.0
2058,ssp126,0.232,Alto Tâmega e Barroso,0.0,2.0,0.0
2058,ssp126,0.232,Ave,0.0,2.0,0.0
2058,ssp126,0.232,Baixo Alentejo,0.0,1.5,0.0
2058,ssp126,0.232,Beira Baixa,0.0,2.0,0.0
2058,ssp126,0.232,Beiras e Serra da Estrela,0.0,2.0,0.0
2058,ssp126,0.232,Cávado,2.5,2.5,1252230.0
2058,ssp126,0.232,Douro,0.0,2.0,0.0
2058,ssp126,0.232,Grande Lisboa,6285.7,5.0,6251134568.0
2058,ssp126,0.232,Lezíria do Tejo,79.4,1.5,23689254.0
2058,ssp126,0.232,Médio Tejo,0.0,2.0,0.0
2058,ssp126,0.232,Oeste,35.8,2.5,17811137.0
2058,ssp126,0.232,Península de Setúbal,829.0,3.0,494645773.0
2058,ssp126,0.232,Região de Aveiro,2733.5,2.5,1359222528.0
2058,ssp126,0.232,Região de Coimbra,618.0,2.5,307282628.0
2058,ssp126,0.232,Região de Leiria,0.1,2.0,29464.0
2058,ssp126,0.232,Terras de Trás-os-Montes,0.0,2.0,0.0
2058,ssp126,0.232,Tâmega e Sousa,0.0,2.0,0.0
2058,ssp126,0.232,Viseu Dão Lafões,0.0,2.0,0.0
2058,ssp126,0.232,Área Metropolitana do Porto,15.9,4.0,12669626.0
2059,ssp126,0.236,Alentejo Central,0.0,2.0,0.0
2059,ssp126,0.236,Alentejo Litoral,192.3,1.5,57377937.0
2059,ssp126,0.236,Algarve,1077.7,3.0,643057183.0
2059,ssp126,0.236,Alto Alentejo,0.0,2.0,0.0
2059,ssp126,0.236,Alto Minho,10.0,1.5,2969996.0
2059,ssp126,0.236,Alto Tâmega e Barroso,0.0,2.0,0.0
2059,ssp126,0.236,Ave,0.0,2.0,0.0
2059,ssp126,0.236,Baixo Alentejo,0.0,1.5,0.0
2059,ssp126,0.236,Beira Baixa,0.0,2.0,0.0
2059,ssp126,0.236,Beiras e Serra da Estrela,0.0,2.0,0.0
2059,ssp126,0.236,Cávado,2.5,2.5,1252230.0
2059,ssp126,0.236,Douro,0.0,2.0,0.0
2059,ssp126,0.236,Grande Lisboa,6415.5,5.0,6380187968.0
2059,ssp126,0.236,Lezíria do Tejo,81.8,1.5,24414075.0
2059,ssp126,0.236,Médio Tejo,0.0,2.0,0.0
2059,ssp126,0.236,Oeste,37.1,2.5,18429886.0
2059,ssp126,0.236,Península de Setúbal,849.1,3.0,506667185.0
2059,ssp126,0.236,Região de Aveiro,2797.0,2.5,1390804517.0
2059,ssp126,0.236,Região de Coimbra,627.7,2.5,312114765.0
2059,ssp126,0.236,Região de Leiria,0.1,2.0,29464.0
2059,ssp126,0.236,Terras de Trás-os-Montes,0.0,2.0,0.0
2059,ssp126,0.236,Tâmega e Sousa,0.0,2.0,0.0
2059,ssp126,0.236,Viseu Dão Lafões,0.0,2.0,0.0
2059,ssp126,0.236,Área Metropolitana do Porto,16.7,4.0,13258911.0
2060,ssp126,0.24,Alentejo Central,0.0,2.0,0.0
2060,ssp126,0.24,Alentejo Litoral,195.2,1.5,58239767.0
2060,ssp126,0.24,Algarve,1103.5,3.0,658437520.0
2060,ssp126,0.24,Alto Alentejo,0.0,2.0,0.0
2060,ssp126,0.24,Alto Minho,10.3,1.5,3062808.0
2060,ssp126,0.24,Alto Tâmega e Barroso,0.0,2.0,0.0
2060,ssp126,0.24,Ave,0.0,2.0,0.0
2060,ssp126,0.24,Baixo Alentejo,0.0,1.5,0.0
2060,ssp126,0.24,Beira Baixa,0.0,2.0,0.0
2060,ssp126,0.24,Beiras e Serra da Estrela,0.0,2.0,0.0
2060,ssp126,0.24,Cávado,3.0,2.5,1473212.0
2060,ssp126,0.24,Douro,0.0,2.0,0.0
2060,ssp126,0.24,Grande Lisboa,6566.6,5.0,6530455626.0
2060,ssp126,0.24,Lezíria do Tejo,84.6,1.5,25253806.0
2060,ssp126,0.24,Médio Tejo,0.0,2.0,0.0
2060,ssp126,0.24,Oeste,38.6,2.5,19181225.0
2060,ssp126,0.24,Península de Setúbal,869.3,3.0,518688598.0
2060,ssp126,0.24,Região de Aveiro,2860.1,2.5,1422202355.0
2060,ssp126,0.24,Região de Coimbra,636.5,2.5,316504937.0
2060,ssp126,0.24,Região de Leiria,0.1,2.0,29464.0
2060,ssp126,0.24,Terras de Trás-os-Montes,0.0,2.0,0.0
2060,ssp126,0.24,Tâmega e Sousa,0.0,2.0,0.0
2060,ssp126,0.24,Viseu Dão Lafões,0.0,2.0,0.0
2060,ssp126,0.24,Área Metropolitana do Porto,16.7,4.0,13258911.0
2061,ssp126,0.244,Alentejo Central,0.0,2.0,0.0
2061,ssp126,0.244,Alentejo Litoral,198.3,1.5,59154631.0
2061,ssp126,0.244,Algarve,1131.8,3.0,675320533.0
2061,ssp126,0.244,Alto Alentejo,0.0,2.0,0.0
2061,ssp126,0.244,Alto Minho,10.6,1.5,3168880.0
2061,ssp126,0.244,Alto Tâmega e Barroso,0.0,2.0,0.0
2061,ssp126,0.244,Ave,0.0,2.0,0.0
2061,ssp126,0.244,Baixo Alentejo,0.0,1.5,0.0
2061,ssp126,0.244,Beira Baixa,0.0,2.0,0.0
2061,ssp126,0.244,Beiras e Serra da Estrela,0.0,2.0,0.0
2061,ssp126,0.244,Cávado,3.3,2.5,1620534.0
2061,ssp126,0.244,Douro,0.0,2.0,0.0
2061,ssp126,0.244,Grande Lisboa,6718.3,5.0,6681312569.0
2061,ssp126,0.244,Lezíria do Tejo,87.3,1.5,26031662.0
2061,ssp126,0.244,Médio Tejo,0.0,2.0,0.0
2061,ssp126,0.244,Oeste,39.8,2.5,19799974.0
2061,ssp126,0.244,Península de Setúbal,891.8,3.0,532124294.0
2061,ssp126,0.244,Região de Aveiro,2923.1,2.5,1453508117.0
2061,ssp126,0.244,Região de Coimbra,645.8,2.5,321101360.0
2061,ssp126,0.244,Região de Leiria,0.1,2.0,29464.0
2061,ssp126,0.244,Terras de Trás-os-Montes,0.0,2.0,0.0
2061,ssp126,0.244,Tâmega e Sousa,0.0,2.0,0.0
2061,ssp126,0.244,Viseu Dão Lafões,0.0,2.0,0.0
2061,ssp126,0.244,Área Metropolitana do Porto,17.0,4.0,13553553.0
2062,ssp126,0.248,Alentejo Central,0.0,2.0,0.0
2062,ssp126,0.248,Alentejo Litoral,201.9,1.5,60235233.0
2062,ssp126,0.248,Algarve,1159.6,3.0,691938368.0
2062,ssp126,0.248,Alto Alentejo,0.0,2.0,0.0
2062,ssp126,0.248,Alto Minho,11.2,1.5,3341246.0
2062,ssp126,0.248,Alto Tâmega e Barroso,0.0,2.0,0.0
2062,ssp126,0.248,Ave,0.0,2.0,0.0
2062,ssp126,0.248,Baixo Alentejo,0.0,1.5,0.0
2062,ssp126,0.248,Beira Baixa,0.0,2.0,0.0
2062,ssp126,0.248,Beiras e Serra da Estrela,0.0,2.0,0.0
2062,ssp126,0.248,Cávado,3.3,2.5,1620534.0
2062,ssp126,0.248,Douro,0.0,2.0,0.0
2062,ssp126,0.248,Grande Lisboa,6884.2,5.0,6846312350.0
2062,ssp126,0.248,Lezíria do Tejo,90.0,1.5,26862554.0
2062,ssp126,0.248,Médio Tejo,0.0,2.0,0.0
2062,ssp126,0.248,Oeste,40.6,2.5,20197741.0
2062,ssp126,0.248,Península de Setúbal,914.6,3.0,545736776.0
2062,ssp126,0.248,Região de Aveiro,2980.7,2.5,1482143682.0
2062,ssp126,0.248,Região de Coimbra,653.0,2.5,324725462.0
2062,ssp126,0.248,Região de Leiria,0.1,2.0,29464.0
2062,ssp126,0.248,Terras de Trás-os-Montes,0.0,2.0,0.0
2062,ssp126,0.248,Tâmega e Sousa,0.0,2.0,0.0
2062,ssp126,0.248,Viseu Dão Lafões,0.0,2.0,0.0
2062,ssp126,0.248,Área Metropolitana do Porto,17.0,4.0,13553553.0
2063,ssp126,0.252,Alentejo Central,0.0,2.0,0.0
2063,ssp126,0.252,Alentejo Litoral,205.0,1.5,61176615.0
2063,ssp126,0.252,Algarve,1186.4,3.0,707937454.0
2063,ssp126,0.252,Alto Alentejo,0.0,2.0,0.0
2063,ssp126,0.252,Alto Minho,11.7,1.5,3500353.0
2063,ssp126,0.252,Alto Tâmega e Barroso,0.0,2.0,0.0
2063,ssp126,0.252,Ave,0.0,2.0,0.0
2063,ssp126,0.252,Baixo Alentejo,0.0,1.5,0.0
2063,ssp126,0.252,Beira Baixa,0.0,2.0,0.0
2063,ssp126,0.252,Beiras e Serra da Estrela,0.0,2.0,0.0
2063,ssp126,0.252,Cávado,3.6,2.5,1767855.0
2063,ssp126,0.252,Douro,0.0,2.0,0.0
2063,ssp126,0.252,Grande Lisboa,7036.5,5.0,6997758578.0
2063,ssp126,0.252,Lezíria do Tejo,93.1,1.5,27764160.0
2063,ssp126,0.252,Médio Tejo,0.0,2.0,0.0
2063,ssp126,0.252,Oeste,42.0,2.5,20904883.0
2063,ssp126,0.252,Península de Setúbal,933.0,3.0,556697476.0
2063,ssp126,0.252,Região de Aveiro,3048.3,2.5,1515751338.0
2063,ssp126,0.252,Região de Coimbra,661.6,2.5,328997778.0
2063,ssp126,0.252,Região de Leiria,0.1,2.0,29464.0
2063,ssp126,0.252,Terras de Trás-os-Montes,0.0,2.0,0.0
2063,ssp126,0.252,Tâmega e Sousa,0.0,2.0,0.0
2063,ssp126,0.252,Viseu Dão Lafões,0.0,2.0,0.0
2063,ssp126,0.252,Área Metropolitana do Porto,17.4,4.0,13848196.0
2064,ssp126,0.256,Alentejo Central,0.0,2.0,0.0
2064,ssp126,0.256,Alentejo Litoral,208.4,1.5,62184293.0
2064,ssp126,0.256,Algarve,1214.3,3.0,724555289.0
2064,ssp126,0.256,Alto Alentejo,0.0,2.0,0.0
2064,ssp126,0.256,Alto Minho,12.4,1.5,3699236.0
2064,ssp126,0.256,Alto Tâmega e Barroso,0.0,2.0,0.0
2064,ssp126,0.256,Ave,0.0,2.0,0.0
2064,ssp126,0.256,Baixo Alentejo,0.0,1.5,0.0
2064,ssp126,0.256,Beira Baixa,0.0,2.0,0.0
2064,ssp126,0.256,Beiras e Serra da Estrela,0.0,2.0,0.0
2064,ssp126,0.256,Cávado,3.6,2.5,1767855.0
2064,ssp126,0.256,Douro,0.0,2.0,0.0
2064,ssp126,0.256,Grande Lisboa,7184.0,5.0,7144490526.0
2064,ssp126,0.256,Lezíria do Tejo,95.8,1.5,28568534.0
2064,ssp126,0.256,Médio Tejo,0.0,2.0,0.0
2064,ssp126,0.256,Oeste,43.0,2.5,21391043.0
2064,ssp126,0.256,Península de Setúbal,959.9,3.0,572784955.0
2064,ssp126,0.256,Região de Aveiro,3111.4,2.5,1547149176.0
2064,ssp126,0.256,Região de Coimbra,670.8,2.5,333564736.0
2064,ssp126,0.256,Região de Leiria,0.1,2.0,29464.0
2064,ssp126,0.256,Terras de Trás-os-Montes,0.0,2.0,0.0
2064,ssp126,0.256,Tâmega e Sousa,0.0,2.0,0.0
2064,ssp126,0.256,Viseu Dão Lafões,0.0,2.0,0.0
2064,ssp126,0.256,Área Metropolitana do Porto,17.8,4.0,14142838.0
2065,ssp126,0.26,Alentejo Central,0.0,2.0,0.0
2065,ssp126,0.26,Alentejo Litoral,211.9,1.5,63225117.0
2065,ssp126,0.26,Algarve,1242.9,3.0,741615088.0
2065,ssp126,0.26,Alto Alentejo,0.0,2.0,0.0
2065,ssp126,0.26,Alto Minho,13.1,1.5,3898120.0
2065,ssp126,0.26,Alto Tâmega e Barroso,0.0,2.0,0.0
2065,ssp126,0.26,Ave,0.0,2.0,0.0
2065,ssp126,0.26,Baixo Alentejo,0.0,1.5,0.0
2065,ssp126,0.26,Beira Baixa,0.0,2.0,0.0
2065,ssp126,0.26,Beiras e Serra da Estrela,0.0,2.0,0.0
2065,ssp126,0.26,Cávado,3.7,2.5,1841515.0
2065,ssp126,0.26,Douro,0.0,2.0,0.0
2065,ssp126,0.26,Grande Lisboa,7328.6,5.0,7288276050.0
2065,ssp126,0.26,Lezíria do Tejo,99.0,1.5,29540854.0
2065,ssp126,0.26,Médio Tejo,0.0,2.0,0.0
2065,ssp126,0.26,Oeste,43.6,2.5,21656221.0
2065,ssp126,0.26,Península de Setúbal,979.5,3.0,584452796.0
2065,ssp126,0.26,Região de Aveiro,3179.6,2.5,1581033060.0
2065,ssp126,0.26,Região de Coimbra,679.9,2.5,338072766.0
2065,ssp126,0.26,Região de Leiria,0.1,2.0,29464.0
2065,ssp126,0.26,Terras de Trás-os-Montes,0.0,2.0,0.0
2065,ssp126,0.26,Tâmega e Sousa,0.0,2.0,0.0
2065,ssp126,0.26,Viseu Dão Lafões,0.0,2.0,0.0
2065,ssp126,0.26,Área Metropolitana do Porto,18.1,4.0,14437481.0
2066,ssp126,0.264,Alentejo Central,0.0,2.0,0.0
2066,ssp126,0.264,Alentejo Litoral,215.1,1.5,64173129.0
2066,ssp126,0.264,Algarve,1272.8,3.0,759470422.0
2066,ssp126,0.264,Alto Alentejo,0.0,2.0,0.0
2066,ssp126,0.264,Alto Minho,13.4,1.5,3990932.0
2066,ssp126,0.264,Alto Tâmega e Barroso,0.0,2.0,0.0
2066,ssp126,0.264,Ave,0.0,2.0,0.0
2066,ssp126,0.264,Baixo Alentejo,0.0,1.5,0.0
2066,ssp126,0.264,Beira Baixa,0.0,2.0,0.0
2066,ssp126,0.264,Beiras e Serra da Estrela,0.0,2.0,0.0
2066,ssp126,0.264,Cávado,3.7,2.5,1841515.0
2066,ssp126,0.264,Douro,0.0,2.0,0.0
2066,ssp126,0.264,Grande Lisboa,7496.9,5.0,7455632971.0
2066,ssp126,0.264,Lezíria do Tejo,101.6,1.5,30309871.0
2066,ssp126,0.264,Médio Tejo,0.0,2.0,0.0
2066,ssp126,0.264,Oeste,45.1,2.5,22407560.0
2066,ssp126,0.264,Península de Setúbal,999.3,3.0,596297424.0
2066,ssp126,0.264,Região de Aveiro,3242.9,2.5,1612522973.0
2066,ssp126,0.264,Região de Coimbra,688.2,2.5,342227225.0
2066,ssp126,0.264,Região de Leiria,0.1,2.0,29464.0
2066,ssp126,0.264,Terras de Trás-os-Montes,0.0,2.0,0.0
2066,ssp126,0.264,Tâmega e Sousa,0.0,2.0,0.0
2066,ssp126,0.264,Viseu Dão Lafões,0.0,2.0,0.0
2066,ssp126,0.264,Área Metropolitana do Porto,18.1,4.0,14437481.0
2067,ssp126,0.268,Alentejo Central,0.0,2.0,0.0
2067,ssp126,0.268,Alentejo Litoral,218.3,1.5,65127771.0
2067,ssp126,0.268,Algarve,1302.3,3.0,777060577.0
2067,ssp126,0.268,Alto Alentejo,0.0,2.0,0.0
2067,ssp126,0.268,Alto Minho,13.7,1.5,4097003.0
2067,ssp126,0.268,Alto Tâmega e Barroso,0.0,2.0,0.0
2067,ssp126,0.268,Ave,0.0,2.0,0.0
2067,ssp126,0.268,Baixo Alentejo,0.0,1.5,0.0
2067,ssp126,0.268,Beira Baixa,0.0,2.0,0.0
2067,ssp126,0.268,Beiras e Serra da Estrela,0.0,2.0,0.0
2067,ssp126,0.268,Cávado,3.7,2.5,1841515.0
2067,ssp126,0.268,Douro,0.0,2.0,0.0
2067,ssp126,0.268,Grande Lisboa,7654.5,5.0,7612382763.0
2067,ssp126,0.268,Lezíria do Tejo,104.5,1.5,31167280.0
2067,ssp126,0.268,Médio Tejo,0.0,2.0,0.0
2067,ssp126,0.268,Oeste,46.9,2.5,23335683.0
2067,ssp126,0.268,Península de Setúbal,1020.7,3.0,609025978.0
2067,ssp126,0.268,Região de Aveiro,3313.2,2.5,1647511766.0
2067,ssp126,0.268,Região de Coimbra,696.1,2.5,346116505.0
2067,ssp126,0.268,Região de Leiria,0.1,2.0,29464.0
2067,ssp126,0.268,Terras de Trás-os-Montes,0.0,2.0,0.0
2067,ssp126,0.268,Tâmega e Sousa,0.0,2.0,0.0
2067,ssp126,0.268,Viseu Dão Lafões,0.0,2.0,0.0
2067,ssp126,0.268,Área Metropolitana do Porto,18.5,4.0,14732123.0
2068,ssp126,0.272,Alentejo Central,0.0,2.0,0.0
2068,ssp126,0.272,Alentejo Litoral,221.9,1.5,66201743.0
2068,ssp126,0.272,Algarve,1329.8,3.0,793501626.0
2068,ssp126,0.272,Alto Alentejo,0.0,2.0,0.0
2068,ssp126,0.272,Alto Minho,14.1,1.5,4203075.0
2068,ssp126,0.272,Alto Tâmega e Barroso,0.0,2.0,0.0
2068,ssp126,0.272,Ave,0.0,2.0,0.0
2068,ssp126,0.272,Baixo Alentejo,0.0,1.5,0.0
2068,ssp126,0.272,Beira Baixa,0.0,2.0,0.0
2068,ssp126,0.272,Beiras e Serra da Estrela,0.0,2.0,0.0
2068,ssp126,0.272,Cávado,3.9,2.5,1915176.0
2068,ssp126,0.272,Douro,0.0,2.0,0.0
2068,ssp126,0.272,Grande Lisboa,7831.1,5.0,7787989673.0
2068,ssp126,0.272,Lezíria do Tejo,107.9,1.5,32192636.0
2068,ssp126,0.272,Médio Tejo,0.0,2.0,0.0
2068,ssp126,0.272,Oeste,47.9,2.5,23821843.0
2068,ssp126,0.272,Península de Setúbal,1048.8,3.0,625820599.0
2068,ssp126,0.272,Região de Aveiro,3374.9,2.5,1678172998.0
2068,ssp126,0.272,Região de Coimbra,704.1,2.5,350123643.0
2068,ssp126,0.272,Região de Leiria,0.1,2.0,29464.0
2068,ssp126,0.272,Terras de Trás-os-Montes,0.0,2.0,0.0
2068,ssp126,0.272,Tâmega e Sousa,0.0,2.0,0.0
2068,ssp126,0.272,Viseu Dão Lafões,0.0,2.0,0.0
2068,ssp126,0.272,Área Metropolitana do Porto,18.5,4.0,14732123.0
2069,ssp126,0.276,Alentejo Central,0.0,2.0,0.0
2069,ssp126,0.276,Alentejo Litoral,225.6,1.5,67308862.0
2069,ssp126,0.276,Algarve,1355.1,3.0,808616785.0
2069,ssp126,0.276,Alto Alentejo,0.0,2.0,0.0
2069,ssp126,0.276,Alto Minho,14.4,1.5,4295887.0
2069,ssp126,0.276,Alto Tâmega e Barroso,0.0,2.0,0.0
2069,ssp126,0.276,Ave,0.0,2.0,0.0
2069,ssp126,0.276,Baixo Alentejo,0.0,1.5,0.0
2069,ssp126,0.276,Beira Baixa,0.0,2.0,0.0
2069,ssp126,0.276,Beiras e Serra da Estrela,0.0,2.0,0.0
2069,ssp126,0.276,Cávado,4.0,2.5,1988837.0
2069,ssp126,0.276,Douro,0.0,2.0,0.0
2069,ssp126,0.276,Grande Lisboa,7999.9,5.0,7955935879.0
2069,ssp126,0.276,Lezíria do Tejo,111.3,1.5,33191474.0
2069,ssp126,0.276,Médio Tejo,0.0,2.0,0.0
2069,ssp126,0.276,Oeste,49.0,2.5,24352200.0
2069,ssp126,0.276,Península de Setúbal,1071.6,3.0,639433081.0
2069,ssp126,0.276,Região de Aveiro,3439.7,2.5,1710399518.0
2069,ssp126,0.276,Região de Coimbra,711.9,2.5,354012923.0
2069,ssp126,0.276,Região de Leiria,0.1,2.0,29464.0
2069,ssp126,0.276,Terras de Trás-os-Montes,0.0,2.0,0.0
2069,ssp126,0.276,Tâmega e Sousa,0.0,2.0,0.0
2069,ssp126,0.276,Viseu Dão Lafões,0.0,2.0,0.0
2069,ssp126,0.276,Área Metropolitana do Porto,18.9,4.0,15026766.0
2070,ssp126,0.28,Alentejo Central,0.0,2.0,0.0
2070,ssp126,0.28,Alentejo Litoral,229.4,1.5,68449128.0
2070,ssp126,0.28,Algarve,1384.9,3.0,826383726.0
2070,ssp126,0.28,Alto Alentejo,0.0,2.0,0.0
2070,ssp126,0.28,Alto Minho,14.7,1.5,4375441.0
2070,ssp126,0.28,Alto Tâmega e Barroso,0.0,2.0,0.0
2070,ssp126,0.28,Ave,0.0,2.0,0.0
2070,ssp126,0.28,Baixo Alentejo,0.0,1.5,0.0
2070,ssp126,0.28,Beira Baixa,0.0,2.0,0.0
2070,ssp126,0.28,Beiras e Serra da Estrela,0.0,2.0,0.0
2070,ssp126,0.28,Cávado,4.0,2.5,1988837.0
2070,ssp126,0.28,Douro,0.0,2.0,0.0
2070,ssp126,0.28,Grande Lisboa,8168.2,5.0,8123292800.0
2070,ssp126,0.28,Lezíria do Tejo,114.5,1.5,34163794.0
2070,ssp126,0.28,Médio Tejo,0.0,2.0,0.0
2070,ssp126,0.28,Oeste,50.2,2.5,24970949.0
2070,ssp126,0.28,Península de Setúbal,1090.9,3.0,650924137.0
2070,ssp126,0.28,Região de Aveiro,3501.9,2.5,1741336977.0
2070,ssp126,0.28,Região de Coimbra,719.5,2.5,357754883.0
2070,ssp126,0.28,Região de Leiria,0.1,2.0,29464.0
2070,ssp126,0.28,Terras de Trás-os-Montes,0.0,2.0,0.0
2070,ssp126,0.28,Tâmega e Sousa,0.0,2.0,0.0
2070,ssp126,0.28,Viseu Dão Lafões,0.0,2.0,0.0
2070,ssp126,0.28,Área Metropolitana do Porto,18.9,4.0,15026766.0
2071,ssp126,0.284,Alentejo Central,0.0,2.0,0.0
2071,ssp126,0.284,Alentejo Litoral,232.6,1.5,69397140.0
2071,ssp126,0.284,Algarve,1416.3,3.0,845122986.0
2071,ssp126,0.284,Alto Alentejo,0.0,2.0,0.0
2071,ssp126,0.284,Alto Minho,15.2,1.5,4521289.0
2071,ssp126,0.284,Alto Tâmega e Barroso,0.0,2.0,0.0
2071,ssp126,0.284,Ave,0.0,2.0,0.0
2071,ssp126,0.284,Baixo Alentejo,0.0,1.5,0.0
2071,ssp126,0.284,Beira Baixa,0.0,2.0,0.0
2071,ssp126,0.284,Beiras e Serra da Estrela,0.0,2.0,0.0
2071,ssp126,0.284,Cávado,4.3,2.5,2136158.0
2071,ssp126,0.284,Douro,0.0,2.0,0.0
2071,ssp126,0.284,Grande Lisboa,8332.4,5.0,8286524726.0
2071,ssp126,0.284,Lezíria do Tejo,117.8,1.5,35144953.0
2071,ssp126,0.284,Médio Tejo,0.0,2.0,0.0
2071,ssp126,0.284,Oeste,51.7,2.5,25722287.0
2071,ssp126,0.284,Península de Setúbal,1115.2,3.0,665420546.0
2071,ssp126,0.284,Região de Aveiro,3572.1,2.5,1776233694.0
2071,ssp126,0.284,Região de Coimbra,726.6,2.5,361290592.0
2071,ssp126,0.284,Região de Leiria,0.1,2.0,29464.0
2071,ssp126,0.284,Terras de Trás-os-Montes,0.0,2.0,0.0
2071,ssp126,0.284,Tâmega e Sousa,0.0,2.0,0.0
2071,ssp126,0.284,Viseu Dão Lafões,0.0,2.0,0.0
2071,ssp126,0.284,Área Metropolitana do Porto,19.3,4.0,15321408.0
2072,ssp126,0.288,Alentejo Central,0.0,2.0,0.0
2072,ssp126,0.288,Alentejo Litoral,236.0,1.5,70404817.0
2072,ssp126,0.288,Algarve,1445.5,3.0,862536356.0
2072,ssp126,0.288,Alto Alentejo,0.0,2.0,0.0
2072,ssp126,0.288,Alto Minho,15.6,1.5,4640619.0
2072,ssp126,0.288,Alto Tâmega e Barroso,0.0,2.0,0.0
2072,ssp126,0.288,Ave,0.0,2.0,0.0
2072,ssp126,0.288,Baixo Alentejo,0.0,1.5,0.0
2072,ssp126,0.288,Beira Baixa,0.0,2.0,0.0
2072,ssp126,0.288,Beiras e Serra da Estrela,0.0,2.0,0.0
2072,ssp126,0.288,Cávado,4.6,2.5,2283479.0
2072,ssp126,0.288,Douro,0.0,2.0,0.0
2072,ssp126,0.288,Grande Lisboa,8502.4,5.0,8455649502.0
2072,ssp126,0.288,Lezíria do Tejo,121.5,1.5,36241023.0
2072,ssp126,0.288,Médio Tejo,0.0,2.0,0.0
2072,ssp126,0.288,Oeste,52.6,2.5,26164251.0
2072,ssp126,0.288,Península de Setúbal,1139.2,3.0,679740170.0
2072,ssp126,0.288,Região de Aveiro,3635.8,2.5,1807907759.0
2072,ssp126,0.288,Região de Coimbra,735.2,2.5,365592372.0
2072,ssp126,0.288,Região de Leiria,0.1,2.0,29464.0
2072,ssp126,0.288,Terras de Trás-os-Montes,0.0,2.0,0.0
2072,ssp126,0.288,Tâmega e Sousa,0.0,2.0,0.0
2072,ssp126,0.288,Viseu Dão Lafões,0.0,2.0,0.0
2072,ssp126,0.288,Área Metropolitana do Porto,19.6,4.0,15616051.0
2073,ssp126,0.292,Alentejo Central,0.0,2.0,0.0
2073,ssp126,0.292,Alentejo Litoral,239.7,1.5,71511936.0
2073,ssp126,0.292,Algarve,1475.1,3.0,880214904.0
2073,ssp126,0.292,Alto Alentejo,0.0,2.0,0.0
2073,ssp126,0.292,Alto Minho,16.0,1.5,4759949.0
2073,ssp126,0.292,Alto Tâmega e Barroso,0.0,2.0,0.0
2073,ssp126,0.292,Ave,0.0,2.0,0.0
2073,ssp126,0.292,Baixo Alentejo,0.0,1.5,0.0
2073,ssp126,0.292,Beira Baixa,0.0,2.0,0.0
2073,ssp126,0.292,Beiras e Serra da Estrela,0.0,2.0,0.0
2073,ssp126,0.292,Cávado,4.9,2.5,2430800.0
2073,ssp126,0.292,Douro,0.0,2.0,0.0
2073,ssp126,0.292,Grande Lisboa,8674.8,5.0,8627131417.0
2073,ssp126,0.292,Lezíria do Tejo,125.5,1.5,37443165.0
2073,ssp126,0.292,Médio Tejo,0.0,2.0,0.0
2073,ssp126,0.292,Oeste,54.0,2.5,26827197.0
2073,ssp126,0.292,Península de Setúbal,1169.4,3.0,697772289.0
2073,ssp126,0.292,Região de Aveiro,3708.0,2.5,1843817310.0
2073,ssp126,0.292,Região de Coimbra,743.3,2.5,369628974.0
2073,ssp126,0.292,Região de Leiria,0.1,2.0,58928.0
2073,ssp126,0.292,Terras de Trás-os-Montes,0.0,2.0,0.0
2073,ssp126,0.292,Tâmega e Sousa,0.0,2.0,0.0
2073,ssp126,0.292,Viseu Dão Lafões,0.0,2.0,0.0
2073,ssp126,0.292,Área Metropolitana do Porto,20.4,4.0,16205336.0
2074,ssp126,0.296,Alentejo Central,0.0,2.0,0.0
2074,ssp126,0.296,Alentejo Litoral,243.4,1.5,72619055.0
2074,ssp126,0.296,Algarve,1505.8,3.0,898512201.0
2074,ssp126,0.296,Alto Alentejo,0.0,2.0,0.0
2074,ssp126,0.296,Alto Minho,16.4,1.5,4892538.0
2074,ssp126,0.296,Alto Tâmega e Barroso,0.0,2.0,0.0
2074,ssp126,0.296,Ave,0.0,2.0,0.0
2074,ssp126,0.296,Baixo Alentejo,0.0,1.5,0.0
2074,ssp126,0.296,Beira Baixa,0.0,2.0,0.0
2074,ssp126,0.296,Beiras e Serra da Estrela,0.0,2.0,0.0
2074,ssp126,0.296,Cávado,5.2,2.5,2578122.0
2074,ssp126,0.296,Douro,0.0,2.0,0.0
2074,ssp126,0.296,Grande Lisboa,8863.9,5.0,8815113311.0
2074,ssp126,0.296,Lezíria do Tejo,129.0,1.5,38486199.0
2074,ssp126,0.296,Médio Tejo,0.0,2.0,0.0
2074,ssp126,0.296,Oeste,55.0,2.5,27357553.0
2074,ssp126,0.296,Península de Setúbal,1189.8,3.0,709970487.0
2074,ssp126,0.296,Região de Aveiro,3782.5,2.5,1880831769.0
2074,ssp126,0.296,Região de Coimbra,751.0,2.5,373459326.0
2074,ssp126,0.296,Região de Leiria,0.1,2.0,58928.0
2074,ssp126,0.296,Terras de Trás-os-Montes,0.0,2.0,0.0
2074,ssp126,0.296,Tâmega e Sousa,0.0,2.0,0.0
2074,ssp126,0.296,Viseu Dão Lafões,0.0,2.0,0.0
2074,ssp126,0.296,Área Metropolitana do Porto,21.1,4.0,16794621.0
2075,ssp126,0.3,Alentejo Central,0.0,2.0,0.0
2075,ssp126,0.3,Alentejo Litoral,246.2,1.5,73454367.0
2075,ssp126,0.3,Algarve,1536.9,3.0,917074677.0
2075,ssp126,0.3,Alto Alentejo,0.0,2.0,0.0
2075,ssp126,0.3,Alto Minho,17.1,1.5,5091422.0
2075,ssp126,0.3,Alto Tâmega e Barroso,0.0,2.0,0.0
2075,ssp126,0.3,Ave,0.0,2.0,0.0
2075,ssp126,0.3,Baixo Alentejo,0.0,1.5,0.0
2075,ssp126,0.3,Beira Baixa,0.0,2.0,0.0
2075,ssp126,0.3,Beiras e Serra da Estrela,0.0,2.0,0.0
2075,ssp126,0.3,Cávado,5.2,2.5,2578122.0
2075,ssp126,0.3,Douro,0.0,2.0,0.0
2075,ssp126,0.3,Grande Lisboa,9036.3,5.0,8986595227.0
2075,ssp126,0.3,Lezíria do Tejo,132.0,1.5,39396644.0
2075,ssp126,0.3,Médio Tejo,0.0,2.0,0.0
2075,ssp126,0.3,Oeste,56.2,2.5,27932106.0
2075,ssp126,0.3,Península de Setúbal,1210.9,3.0,722522256.0
2075,ssp126,0.3,Região de Aveiro,3849.3,2.5,1914071123.0
2075,ssp126,0.3,Região de Coimbra,757.2,2.5,376523608.0
2075,ssp126,0.3,Região de Leiria,0.1,2.0,58928.0
2075,ssp126,0.3,Terras de Trás-os-Montes,0.0,2.0,0.0
2075,ssp126,0.3,Tâmega e Sousa,0.0,2.0,0.0
2075,ssp126,0.3,Viseu Dão Lafões,0.0,2.0,0.0
2075,ssp126,0.3,Área Metropolitana do Porto,21.1,4.0,16794621.0
2076,ssp126,0.304,Alentejo Central,0.0,2.0,0.0
2076,ssp126,0.304,Alentejo Litoral,249.6,1.5,74475303.0
2076,ssp126,0.304,Algarve,1567.0,3.0,935018403.0
2076,ssp126,0.304,Alto Alentejo,0.0,2.0,0.0
2076,ssp126,0.304,Alto Minho,17.4,1.5,5184234.0
2076,ssp126,0.304,Alto Tâmega e Barroso,0.0,2.0,0.0
2076,ssp126,0.304,Ave,0.0,2.0,0.0
2076,ssp126,0.304,Baixo Alentejo,0.0,1.5,0.0
2076,ssp126,0.304,Beira Baixa,0.0,2.0,0.0
2076,ssp126,0.304,Beiras e Serra da Estrela,0.0,2.0,0.0
2076,ssp126,0.304,Cávado,5.6,2.5,2799103.0
2076,ssp126,0.304,Douro,0.0,2.0,0.0
2076,ssp126,0.304,Grande Lisboa,9222.4,5.0,9171630695.0
2076,ssp126,0.304,Lezíria do Tejo,135.7,1.5,40483875.0
2076,ssp126,0.304,Médio Tejo,0.0,2.0,0.0
2076,ssp126,0.304,Oeste,57.3,2.5,28506659.0
2076,ssp126,0.304,Península de Setúbal,1234.3,3.0,736488309.0
2076,ssp126,0.304,Região de Aveiro,3912.1,2.5,1945284809.0
2076,ssp126,0.304,Região de Coimbra,764.6,2.5,380206639.0
2076,ssp126,0.304,Região de Leiria,0.1,2.0,58928.0
2076,ssp126,0.304,Terras de Trás-os-Montes,0.0,2.0,0.0
2076,ssp126,0.304,Tâmega e Sousa,0.0,2.0,0.0
2076,ssp126,0.304,Viseu Dão Lafões,0.0,2.0,0.0
2076,ssp126,0.304,Área Metropolitana do Porto,21.5,4.0,17089263.0
2077,ssp126,0.308,Alentejo Central,0.0,2.0,0.0
2077,ssp126,0.308,Alentejo Litoral,253.3,1.5,75562534.0
2077,ssp126,0.308,Algarve,1597.2,3.0,953050522.0
2077,ssp126,0.308,Alto Alentejo,0.0,2.0,0.0
2077,ssp126,0.308,Alto Minho,17.8,1.5,5303564.0
2077,ssp126,0.308,Alto Tâmega e Barroso,0.0,2.0,0.0
2077,ssp126,0.308,Ave,0.0,2.0,0.0
2077,ssp126,0.308,Baixo Alentejo,0.0,1.5,0.0
2077,ssp126,0.308,Beira Baixa,0.0,2.0,0.0
2077,ssp126,0.308,Beiras e Serra da Estrela,0.0,2.0,0.0
2077,ssp126,0.308,Cávado,5.9,2.5,2946425.0
2077,ssp126,0.308,Douro,0.0,2.0,0.0
2077,ssp126,0.308,Grande Lisboa,9406.0,5.0,9354309025.0
2077,ssp126,0.308,Lezíria do Tejo,138.8,1.5,41411999.0
2077,ssp126,0.308,Médio Tejo,0.0,2.0,0.0
2077,ssp126,0.308,Oeste,58.9,2.5,29302193.0
2077,ssp126,0.308,Península de Setúbal,1258.6,3.0,750984718.0
2077,ssp126,0.308,Região de Aveiro,3985.2,2.5,1981654738.0
2077,ssp126,0.308,Região de Coimbra,773.0,2.5,384390562.0
2077,ssp126,0.308,Região de Leiria,0.1,2.0,58928.0
2077,ssp126,0.308,Terras de Trás-os-Montes,0.0,2.0,0.0
2077,ssp126,0.308,Tâmega e Sousa,0.0,2.0,0.0
2077,ssp126,0.308,Viseu Dão Lafões,0.0,2.0,0.0
2077,ssp126,0.308,Área Metropolitana do Porto,23.0,4.0,18267833.0
2078,ssp126,0.312,Alentejo Central,0.0,2.0,0.0
2078,ssp126,0.312,Alentejo Litoral,256.9,1.5,76636506.0
2078,ssp126,0.312,Algarve,1627.7,3.0,971259426.0
2078,ssp126,0.312,Alto Alentejo,0.0,2.0,0.0
2078,ssp126,0.312,Alto Minho,18.3,1.5,5462671.0
2078,ssp126,0.312,Alto Tâmega e Barroso,0.0,2.0,0.0
2078,ssp126,0.312,Ave,0.0,2.0,0.0
2078,ssp126,0.312,Baixo Alentejo,0.0,1.5,0.0
2078,ssp126,0.312,Beira Baixa,0.0,2.0,0.0
2078,ssp126,0.312,Beiras e Serra da Estrela,0.0,2.0,0.0
2078,ssp126,0.312,Cávado,6.2,2.5,3093746.0
2078,ssp126,0.312,Douro,0.0,2.0,0.0
2078,ssp126,0.312,Grande Lisboa,9576.7,5.0,9524023085.0
2078,ssp126,0.312,Lezíria do Tejo,143.2,1.5,42711372.0
2078,ssp126,0.312,Médio Tejo,0.0,2.0,0.0
2078,ssp126,0.312,Oeste,60.3,2.5,29965139.0
2078,ssp126,0.312,Península de Setúbal,1286.1,3.0,767425768.0
2078,ssp126,0.312,Região de Aveiro,4051.3,2.5,2014525789.0
2078,ssp126,0.312,Região de Coimbra,780.4,2.5,388073593.0
2078,ssp126,0.312,Região de Leiria,0.2,2.0,88393.0
2078,ssp126,0.312,Terras de Trás-os-Montes,0.0,2.0,0.0
2078,ssp126,0.312,Tâmega e Sousa,0.0,2.0,0.0
2078,ssp126,0.312,Viseu Dão Lafões,0.0,2.0,0.0
2078,ssp126,0.312,Área Metropolitana do Porto,23.3,4.0,18562475.0
2079,ssp126,0.316,Alentejo Central,0.0,2.0,0.0
2079,ssp126,0.316,Alentejo Litoral,260.6,1.5,77736995.0
2079,ssp126,0.316,Algarve,1658.5,3.0,989645116.0
2079,ssp126,0.316,Alto Alentejo,0.0,2.0,0.0
2079,ssp126,0.316,Alto Minho,18.8,1.5,5608519.0
2079,ssp126,0.316,Alto Tâmega e Barroso,0.0,2.0,0.0
2079,ssp126,0.316,Ave,0.0,2.0,0.0
2079,ssp126,0.316,Baixo Alentejo,0.0,1.5,0.0
2079,ssp126,0.316,Beira Baixa,0.0,2.0,0.0
2079,ssp126,0.316,Beiras e Serra da Estrela,0.0,2.0,0.0
2079,ssp126,0.316,Cávado,6.7,2.5,3314728.0
2079,ssp126,0.316,Douro,0.0,2.0,0.0
2079,ssp126,0.316,Grande Lisboa,9759.2,5.0,9705522845.0
2079,ssp126,0.316,Lezíria do Tejo,147.7,1.5,44072620.0
2079,ssp126,0.316,Médio Tejo,0.0,2.0,0.0
2079,ssp126,0.316,Oeste,62.0,2.5,30804870.0
2079,ssp126,0.316,Península de Setúbal,1315.2,3.0,784750745.0
2079,ssp126,0.316,Região de Aveiro,4122.8,2.5,2050067036.0
2079,ssp126,0.316,Região de Coimbra,787.8,2.5,391756623.0
2079,ssp126,0.316,Região de Leiria,0.2,2.0,88393.0
2079,ssp126,0.316,Terras de Trás-os-Montes,0.0,2.0,0.0
2079,ssp126,0.316,Tâmega e Sousa,0.0,2.0,0.0
2079,ssp126,0.316,Viseu Dão Lafões,0.0,2.0,0.0
2079,ssp126,0.316,Área Metropolitana do Porto,24.1,4.0,19151760.0
2080,ssp126,0.32,Alentejo Central,0.0,2.0,0.0
2080,ssp126,0.32,Alentejo Litoral,264.0,1.5,78751302.0
2080,ssp126,0.32,Algarve,1691.3,3.0,1009179912.0
2080,ssp126,0.32,Alto Alentejo,0.0,2.0,0.0
2080,ssp126,0.32,Alto Minho,19.5,1.5,5807403.0
2080,ssp126,0.32,Alto Tâmega e Barroso,0.0,2.0,0.0
2080,ssp126,0.32,Ave,0.0,2.0,0.0
2080,ssp126,0.32,Baixo Alentejo,0.0,1.5,0.0
2080,ssp126,0.32,Beira Baixa,0.0,2.0,0.0
2080,ssp126,0.32,Beiras e Serra da Estrela,0.0,2.0,0.0
2080,ssp126,0.32,Cávado,6.8,2.5,3388388.0
2080,ssp126,0.32,Douro,0.0,2.0,0.0
2080,ssp126,0.32,Grande Lisboa,9950.6,5.0,9895861878.0
2080,ssp126,0.32,Lezíria do Tejo,151.5,1.5,45204047.0
2080,ssp126,0.32,Médio Tejo,0.0,2.0,0.0
2080,ssp126,0.32,Oeste,63.0,2.5,31335226.0
2080,ssp126,0.32,Península de Setúbal,1336.8,3.0,797656085.0
2080,ssp126,0.32,Região de Aveiro,4193.2,2.5,2085055829.0
2080,ssp126,0.32,Região de Coimbra,795.4,2.5,395498583.0
2080,ssp126,0.32,Região de Leiria,0.2,2.0,88393.0
2080,ssp126,0.32,Terras de Trás-os-Montes,0.0,2.0,0.0
2080,ssp126,0.32,Tâmega e Sousa,0.0,2.0,0.0
2080,ssp126,0.32,Viseu Dão Lafões,0.0,2.0,0.0
2080,ssp126,0.32,Área Metropolitana do Porto,24.1,4.0,19151760.0
2081,ssp126,0.324,Alentejo Central,0.0,2.0,0.0
2081,ssp126,0.324,Alentejo Litoral,267.2,1.5,79719202.0
2081,ssp126,0.324,Algarve,1720.7,3.0,1026770067.0
2081,ssp126,0.324,Alto Alentejo,0.0,2.0,0.0
2081,ssp126,0.324,Alto Minho,20.2,1.5,6032805.0
2081,ssp126,0.324,Alto Tâmega e Barroso,0.0,2.0,0.0
2081,ssp126,0.324,Ave,0.0,2.0,0.0
2081,ssp126,0.324,Baixo Alentejo,0.0,1.5,0.0
2081,ssp126,0.324,Beira Baixa,0.0,2.0,0.0
2081,ssp126,0.324,Beiras e Serra da Estrela,0.0,2.0,0.0
2081,ssp126,0.324,Cávado,7.0,2.5,3462049.0
2081,ssp126,0.324,Douro,0.0,2.0,0.0
2081,ssp126,0.324,Grande Lisboa,10123.0,5.0,10067343793.0
2081,ssp126,0.324,Lezíria do Tejo,155.0,1.5,46247082.0
2081,ssp126,0.324,Médio Tejo,0.0,2.0,0.0
2081,ssp126,0.324,Oeste,64.8,2.5,32219154.0
2081,ssp126,0.324,Península de Setúbal,1362.3,3.0,812859636.0
2081,ssp126,0.324,Região de Aveiro,4261.7,2.5,2119123864.0
2081,ssp126,0.324,Região de Coimbra,803.3,2.5,399417328.0
2081,ssp126,0.324,Região de Leiria,0.2,2.0,88393.0
2081,ssp126,0.324,Terras de Trás-os-Montes,0.0,2.0,0.0
2081,ssp126,0.324,Tâmega e Sousa,0.0,2.0,0.0
2081,ssp126,0.324,Viseu Dão Lafões,0.0,2.0,0.0
2081,ssp126,0.324,Área Metropolitana do Porto,24.8,4.0,19741045.0
2082,ssp126,0.328,Alentejo Central,0.0,2.0,0.0
2082,ssp126,0.328,Alentejo Litoral,270.4,1.5,80667214.0
2082,ssp126,0.328,Algarve,1755.0,3.0,1047188790.0
2082,ssp126,0.328,Alto Alentejo,0.0,2.0,0.0
2082,ssp126,0.328,Alto Minho,20.8,1.5,6191911.0
2082,ssp126,0.328,Alto Tâmega e Barroso,0.0,2.0,0.0
2082,ssp126,0.328,Ave,0.0,2.0,0.0
2082,ssp126,0.328,Baixo Alentejo,0.0,1.5,0.0
2082,ssp126,0.328,Beira Baixa,0.0,2.0,0.0
2082,ssp126,0.328,Beiras e Serra da Estrela,0.0,2.0,0.0
2082,ssp126,0.328,Cávado,7.6,2.5,3756691.0
2082,ssp126,0.328,Douro,0.0,2.0,0.0
2082,ssp126,0.328,Grande Lisboa,10308.5,5.0,10251789977.0
2082,ssp126,0.328,Lezíria do Tejo,159.2,1.5,47511098.0
2082,ssp126,0.328,Médio Tejo,0.0,2.0,0.0
2082,ssp126,0.328,Oeste,66.5,2.5,33058885.0
2082,ssp126,0.328,Península de Setúbal,1388.0,3.0,828239973.0
2082,ssp126,0.328,Região de Aveiro,4328.9,2.5,2152547369.0
2082,ssp126,0.328,Região de Coimbra,810.7,2.5,403129823.0
2082,ssp126,0.328,Região de Leiria,0.2,2.0,88393.0
2082,ssp126,0.328,Terras de Trás-os-Montes,0.0,2.0,0.0
2082,ssp126,0.328,Tâmega e Sousa,0.0,2.0,0.0
2082,ssp126,0.328,Viseu Dão Lafões,0.0,2.0,0.0
2082,ssp126,0.328,Área Metropolitana do Porto,25.9,4.0,20624973.0
2083,ssp126,0.332,Alentejo Central,0.0,2.0,0.0
2083,ssp126,0.332,Alentejo Litoral,273.8,1.5,81694780.0
2083,ssp126,0.332,Algarve,1788.4,3.0,1067165549.0
2083,ssp126,0.332,Alto Alentejo,0.0,2.0,0.0
2083,ssp126,0.332,Alto Minho,21.6,1.5,6430572.0
2083,ssp126,0.332,Alto Tâmega e Barroso,0.0,2.0,0.0
2083,ssp126,0.332,Ave,0.0,2.0,0.0
2083,ssp126,0.332,Baixo Alentejo,0.0,1.5,0.0
2083,ssp126,0.332,Beira Baixa,0.0,2.0,0.0
2083,ssp126,0.332,Beiras e Serra da Estrela,0.0,2.0,0.0
2083,ssp126,0.332,Cávado,7.7,2.5,3830352.0
2083,ssp126,0.332,Douro,0.0,2.0,0.0
2083,ssp126,0.332,Grande Lisboa,10511.1,5.0,10453325424.0
2083,ssp126,0.332,Lezíria do Tejo,162.8,1.5,48580650.0
2083,ssp126,0.332,Médio Tejo,0.0,2.0,0.0
2083,ssp126,0.332,Oeste,68.4,2.5,34031205.0
2083,ssp126,0.332,Península de Setúbal,1407.6,3.0,839907815.0
2083,ssp126,0.332,Região de Aveiro,4400.0,2.5,2187904465.0
2083,ssp126,0.332,Região de Coimbra,817.9,2.5,406694996.0
2083,ssp126,0.332,Região de Leiria,0.2,2.0,88393.0
2083,ssp126,0.332,Terras de Trás-os-Montes,0.0,2.0,0.0
2083,ssp126,0.332,Tâmega e Sousa,0.0,2.0,0.0
2083,ssp126,0.332,Viseu Dão Lafões,0.0,2.0,0.0
2083,ssp126,0.332,Área Metropolitana do Porto,25.9,4.0,20624973.0
2084,ssp126,0.336,Alentejo Central,0.0,2.0,0.0
2084,ssp126,0.336,Alentejo Litoral,277.2,1.5,82715716.0
2084,ssp126,0.336,Algarve,1821.3,3.0,1086788737.0
2084,ssp126,0.336,Alto Alentejo,0.0,2.0,0.0
2084,ssp126,0.336,Alto Minho,22.3,1.5,6642714.0
2084,ssp126,0.336,Alto Tâmega e Barroso,0.0,2.0,0.0
2084,ssp126,0.336,Ave,0.0,2.0,0.0
2084,ssp126,0.336,Baixo Alentejo,0.0,1.5,0.0
2084,ssp126,0.336,Beira Baixa,0.0,2.0,0.0
2084,ssp126,0.336,Beiras e Serra da Estrela,0.0,2.0,0.0
2084,ssp126,0.336,Cávado,8.0,2.5,3977673.0
2084,ssp126,0.336,Douro,0.0,2.0,0.0
2084,ssp126,0.336,Grande Lisboa,10736.3,5.0,10677253699.0
2084,ssp126,0.336,Lezíria do Tejo,166.0,1.5,49535291.0
2084,ssp126,0.336,Médio Tejo,0.0,2.0,0.0
2084,ssp126,0.336,Oeste,69.6,2.5,34605758.0
2084,ssp126,0.336,Península de Setúbal,1436.6,3.0,857232792.0
2084,ssp126,0.336,Região de Aveiro,4467.6,2.5,2221512121.0
2084,ssp126,0.336,Região de Coimbra,825.7,2.5,410554813.0
2084,ssp126,0.336,Região de Leiria,0.2,2.0,88393.0
2084,ssp126,0.336,Terras de Trás-os-Montes,0.0,2.0,0.0
2084,ssp126,0.336,Tâmega e Sousa,0.0,2.0,0.0
2084,ssp126,0.336,Viseu Dão Lafões,0.0,2.0,0.0
2084,ssp126,0.336,Área Metropolitana do Porto,25.9,4.0,20624973.0
2085,ssp126,0.34,Alentejo Central,0.0,2.0,0.0
2085,ssp126,0.34,Alentejo Litoral,280.9,1.5,83796317.0
2085,ssp126,0.34,Algarve,1855.0,3.0,1106853889.0
2085,ssp126,0.34,Alto Alentejo,0.0,2.0,0.0
2085,ssp126,0.34,Alto Minho,22.8,1.5,6815080.0
2085,ssp126,0.34,Alto Tâmega e Barroso,0.0,2.0,0.0
2085,ssp126,0.34,Ave,0.0,2.0,0.0
2085,ssp126,0.34,Baixo Alentejo,0.0,1.5,0.0
2085,ssp126,0.34,Beira Baixa,0.0,2.0,0.0
2085,ssp126,0.34,Beiras e Serra da Estrela,0.0,2.0,0.0
2085,ssp126,0.34,Cávado,8.4,2.5,4198655.0
2085,ssp126,0.34,Douro,0.0,2.0,0.0
2085,ssp126,0.34,Grande Lisboa,10957.9,5.0,10897646264.0
2085,ssp126,0.34,Lezíria do Tejo,170.5,1.5,50870022.0
2085,ssp126,0.34,Médio Tejo,0.0,2.0,0.0
2085,ssp126,0.34,Oeste,71.3,2.5,35445489.0
2085,ssp126,0.34,Península de Setúbal,1465.1,3.0,874204198.0
2085,ssp126,0.34,Região de Aveiro,4539.1,2.5,2257053369.0
2085,ssp126,0.34,Região de Coimbra,832.9,2.5,414178915.0
2085,ssp126,0.34,Região de Leiria,0.2,2.0,88393.0
2085,ssp126,0.34,Terras de Trás-os-Montes,0.0,2.0,0.0
2085,ssp126,0.34,Tâmega e Sousa,0.0,2.0,0.0
2085,ssp126,0.34,Viseu Dão Lafões,0.0,2.0,0.0
2085,ssp126,0.34,Área Metropolitana do Porto,26.3,4.0,20919615.0
2086,ssp126,0.344,Alentejo Central,0.0,2.0,0.0
2086,ssp126,0.344,Alentejo Litoral,283.9,1.5,84691294.0
2086,ssp126,0.344,Algarve,1885.8,3.0,1125239579.0
2086,ssp126,0.344,Alto Alentejo,0.0,2.0,0.0
2086,ssp126,0.344,Alto Minho,23.5,1.5,7000705.0
2086,ssp126,0.344,Alto Tâmega e Barroso,0.0,2.0,0.0
2086,ssp126,0.344,Ave,0.0,2.0,0.0
2086,ssp126,0.344,Baixo Alentejo,0.0,1.5,0.0
2086,ssp126,0.344,Beira Baixa,0.0,2.0,0.0
2086,ssp126,0.344,Beiras e Serra da Estrela,0.0,2.0,0.0
2086,ssp126,0.344,Cávado,8.7,2.5,4345976.0
2086,ssp126,0.344,Douro,0.0,2.0,0.0
2086,ssp126,0.344,Grande Lisboa,11151.1,5.0,11089753152.0
2086,ssp126,0.344,Lezíria do Tejo,174.7,1.5,52125199.0
2086,ssp126,0.344,Médio Tejo,0.0,2.0,0.0
2086,ssp126,0.344,Oeste,73.5,2.5,36550398.0
2086,ssp126,0.344,Península de Setúbal,1494.4,3.0,891705960.0
2086,ssp126,0.344,Região de Aveiro,4608.3,2.5,2291489707.0
2086,ssp126,0.344,Região de Coimbra,839.9,2.5,417655696.0
2086,ssp126,0.344,Região de Leiria,0.3,2.0,117857.0
2086,ssp126,0.344,Terras de Trás-os-Montes,0.0,2.0,0.0
2086,ssp126,0.344,Tâmega e Sousa,0.0,2.0,0.0
2086,ssp126,0.344,Viseu Dão Lafões,0.0,2.0,0.0
2086,ssp126,0.344,Área Metropolitana do Porto,26.3,4.0,20919615.0
2087,ssp126,0.348,Alentejo Central,0.0,2.0,0.0
2087,ssp126,0.348,Alentejo Litoral,287.9,1.5,85891225.0
2087,ssp126,0.348,Algarve,1917.2,3.0,1143978840.0
2087,ssp126,0.348,Alto Alentejo,0.0,2.0,0.0
2087,ssp126,0.348,Alto Minho,24.3,1.5,7239365.0
2087,ssp126,0.348,Alto Tâmega e Barroso,0.0,2.0,0.0
2087,ssp126,0.348,Ave,0.0,2.0,0.0
2087,ssp126,0.348,Baixo Alentejo,0.0,1.5,0.0
2087,ssp126,0.348,Beira Baixa,0.0,2.0,0.0
2087,ssp126,0.348,Beiras e Serra da Estrela,0.0,2.0,0.0
2087,ssp126,0.348,Cávado,9.2,2.5,4566958.0
2087,ssp126,0.348,Douro,0.0,2.0,0.0
2087,ssp126,0.348,Grande Lisboa,11346.6,5.0,11284217180.0
2087,ssp126,0.348,Lezíria do Tejo,178.8,1.5,53345019.0
2087,ssp126,0.348,Médio Tejo,0.0,2.0,0.0
2087,ssp126,0.348,Oeste,74.7,2.5,37169147.0
2087,ssp126,0.348,Península de Setúbal,1520.8,3.0,907439868.0
2087,ssp126,0.348,Região de Aveiro,4680.9,2.5,2327583409.0
2087,ssp126,0.348,Região de Coimbra,847.8,2.5,421544977.0
2087,ssp126,0.348,Região de Leiria,0.3,2.0,117857.0
2087,ssp126,0.348,Terras de Trás-os-Montes,0.0,2.0,0.0
2087,ssp126,0.348,Tâmega e Sousa,0.0,2.0,0.0
2087,ssp126,0.348,Viseu Dão Lafões,0.0,2.0,0.0
2087,ssp126,0.348,Área Metropolitana do Porto,26.7,4.0,21214258.0
2088,ssp126,0.352,Alentejo Central,0.0,2.0,0.0
2088,ssp126,0.352,Alentejo Litoral,291.3,1.5,86905532.0
2088,ssp126,0.352,Algarve,1951.2,3.0,1164309170.0
2088,ssp126,0.352,Alto Alentejo,0.0,2.0,0.0
2088,ssp126,0.352,Alto Minho,25.0,1.5,7451508.0
2088,ssp126,0.352,Alto Tâmega e Barroso,0.0,2.0,0.0
2088,ssp126,0.352,Ave,0.0,2.0,0.0
2088,ssp126,0.352,Baixo Alentejo,0.0,1.5,0.0
2088,ssp126,0.352,Beira Baixa,0.0,2.0,0.0
2088,ssp126,0.352,Beiras e Serra da Estrela,0.0,2.0,0.0
2088,ssp126,0.352,Cávado,9.8,2.5,4861601.0
2088,ssp126,0.352,Douro,0.0,2.0,0.0
2088,ssp126,0.352,Grande Lisboa,11560.5,5.0,11496949041.0
2088,ssp126,0.352,Lezíria do Tejo,182.2,1.5,54352696.0
2088,ssp126,0.352,Médio Tejo,0.0,2.0,0.0
2088,ssp126,0.352,Oeste,76.3,2.5,37964682.0
2088,ssp126,0.352,Península de Setúbal,1549.8,3.0,924764845.0
2088,ssp126,0.352,Região de Aveiro,4766.3,2.5,2370030339.0
2088,ssp126,0.352,Região de Coimbra,856.8,2.5,426053006.0
2088,ssp126,0.352,Região de Leiria,0.3,2.0,117857.0
2088,ssp126,0.352,Terras de Trás-os-Montes,0.0,2.0,0.0
2088,ssp126,0.352,Tâmega e Sousa,0.0,2.0,0.0
2088,ssp126,0.352,Viseu Dão Lafões,0.0,2.0,0.0
2088,ssp126,0.352,Área Metropolitana do Porto,26.7,4.0,21214258.0
2089,ssp126,0.356,Alentejo Central,0.0,2.0,0.0
2089,ssp126,0.356,Alentejo Litoral,294.6,1.5,87886691.0
2089,ssp126,0.356,Algarve,1985.3,3.0,1184639501.0
2089,ssp126,0.356,Alto Alentejo,0.0,2.0,0.0
2089,ssp126,0.356,Alto Minho,26.0,1.5,7743204.0
2089,ssp126,0.356,Alto Tâmega e Barroso,0.0,2.0,0.0
2089,ssp126,0.356,Ave,0.0,2.0,0.0
2089,ssp126,0.356,Baixo Alentejo,0.0,1.5,0.0
2089,ssp126,0.356,Beira Baixa,0.0,2.0,0.0
2089,ssp126,0.356,Beiras e Serra da Estrela,0.0,2.0,0.0
2089,ssp126,0.356,Cávado,10.7,2.5,5303564.0
2089,ssp126,0.356,Douro,0.0,2.0,0.0
2089,ssp126,0.356,Grande Lisboa,11756.1,5.0,11691413068.0
2089,ssp126,0.356,Lezíria do Tejo,187.0,1.5,55793497.0
2089,ssp126,0.356,Médio Tejo,0.0,2.0,0.0
2089,ssp126,0.356,Oeste,77.3,2.5,38450842.0
2089,ssp126,0.356,Península de Setúbal,1578.2,3.0,941736251.0
2089,ssp126,0.356,Região de Aveiro,4834.4,2.5,2403914223.0
2089,ssp126,0.356,Região de Coimbra,865.3,2.5,430266394.0
2089,ssp126,0.356,Região de Leiria,0.3,2.0,117857.0
2089,ssp126,0.356,Terras de Trás-os-Montes,0.0,2.0,0.0
2089,ssp126,0.356,Tâmega e Sousa,0.0,2.0,0.0
2089,ssp126,0.356,Viseu Dão Lafões,0.0,2.0,0.0
2089,ssp126,0.356,Área Metropolitana do Porto,27.0,4.0,21508900.0
2090,ssp126,0.36,Alentejo Central,0.0,2.0,0.0
2090,ssp126,0.36,Alentejo Litoral,297.9,1.5,88887739.0
2090,ssp126,0.36,Algarve,2016.3,3.0,1203113583.0
2090,ssp126,0.36,Alto Alentejo,0.0,2.0,0.0
2090,ssp126,0.36,Alto Minho,26.9,1.5,8021641.0
2090,ssp126,0.36,Alto Tâmega e Barroso,0.0,2.0,0.0
2090,ssp126,0.36,Ave,0.0,2.0,0.0
2090,ssp126,0.36,Baixo Alentejo,0.0,1.5,0.0
2090,ssp126,0.36,Beira Baixa,0.0,2.0,0.0
2090,ssp126,0.36,Beiras e Serra da Estrela,0.0,2.0,0.0
2090,ssp126,0.36,Cávado,11.3,2.5,5598207.0
2090,ssp126,0.36,Douro,0.0,2.0,0.0
2090,ssp126,0.36,Grande Lisboa,11969.4,5.0,11903555644.0
2090,ssp126,0.36,Lezíria do Tejo,191.5,1.5,57145906.0
2090,ssp126,0.36,Médio Tejo,0.0,2.0,0.0
2090,ssp126,0.36,Oeste,78.7,2.5,39113787.0
2090,ssp126,0.36,Península de Setúbal,1604.3,3.0,957293373.0
2090,ssp126,0.36,Região de Aveiro,4908.7,2.5,2440836607.0
2090,ssp126,0.36,Região de Coimbra,872.3,2.5,433772639.0
2090,ssp126,0.36,Região de Leiria,0.3,2.0,117857.0
2090,ssp126,0.36,Terras de Trás-os-Montes,0.0,2.0,0.0
2090,ssp126,0.36,Tâmega e Sousa,0.0,2.0,0.0
2090,ssp126,0.36,Viseu Dão Lafões,0.0,2.0,0.0
2090,ssp126,0.36,Área Metropolitana do Porto,27.4,4.0,21803543.0
2091,ssp126,0.364,Alentejo Central,0.0,2.0,0.0
2091,ssp126,0.364,Alentejo Litoral,301.4,1.5,89935193.0
2091,ssp126,0.364,Algarve,2056.3,3.0,1226979623.0
2091,ssp126,0.364,Alto Alentejo,0.0,2.0,0.0
2091,ssp126,0.364,Alto Minho,27.3,1.5,8154230.0
2091,ssp126,0.364,Alto Tâmega e Barroso,0.0,2.0,0.0
2091,ssp126,0.364,Ave,0.0,2.0,0.0
2091,ssp126,0.364,Baixo Alentejo,0.0,1.5,0.0
2091,ssp126,0.364,Beira Baixa,0.0,2.0,0.0
2091,ssp126,0.364,Beiras e Serra da Estrela,0.0,2.0,0.0
2091,ssp126,0.364,Cávado,11.9,2.5,5892849.0
2091,ssp126,0.364,Douro,0.0,2.0,0.0
2091,ssp126,0.364,Grande Lisboa,12174.4,5.0,12107448231.0
2091,ssp126,0.364,Lezíria do Tejo,196.0,1.5,58480637.0
2091,ssp126,0.364,Médio Tejo,0.0,2.0,0.0
2091,ssp126,0.364,Oeste,79.8,2.5,39688340.0
2091,ssp126,0.364,Península de Setúbal,1629.5,3.0,972320139.0
2091,ssp126,0.364,Região de Aveiro,4983.5,2.5,2478035219.0
2091,ssp126,0.364,Região de Coimbra,879.3,2.5,437219956.0
2091,ssp126,0.364,Região de Leiria,0.3,2.0,117857.0
2091,ssp126,0.364,Terras de Trás-os-Montes,0.0,2.0,0.0
2091,ssp126,0.364,Tâmega e Sousa,0.0,2.0,0.0
2091,ssp126,0.364,Viseu Dão Lafões,0.0,2.0,0.0
2091,ssp126,0.364,Área Metropolitana do Porto,28.1,4.0,22392827.0
2092,ssp126,0.368,Alentejo Central,0.0,2.0,0.0
2092,ssp126,0.368,Alentejo Litoral,305.0,1.5,91002536.0
2092,ssp126,0.368,Algarve,2089.6,3.0,1246867989.0
2092,ssp126,0.368,Alto Alentejo,0.0,2.0,0.0
2092,ssp126,0.368,Alto Minho,28.0,1.5,8353114.0
2092,ssp126,0.368,Alto Tâmega e Barroso,0.0,2.0,0.0
2092,ssp126,0.368,Ave,0.0,2.0,0.0
2092,ssp126,0.368,Baixo Alentejo,0.0,1.5,0.0
2092,ssp126,0.368,Beira Baixa,0.0,2.0,0.0
2092,ssp126,0.368,Beiras e Serra da Estrela,0.0,2.0,0.0
2092,ssp126,0.368,Cávado,12.1,2.5,6040171.0
2092,ssp126,0.368,Douro,0.0,2.0,0.0
2092,ssp126,0.368,Grande Lisboa,12355.7,5.0,12287769421.0
2092,ssp126,0.368,Lezíria do Tejo,200.7,1.5,59868403.0
2092,ssp126,0.368,Médio Tejo,0.0,2.0,0.0
2092,ssp126,0.368,Oeste,81.4,2.5,40483875.0
2092,ssp126,0.368,Península de Setúbal,1655.3,3.0,987700476.0
2092,ssp126,0.368,Região de Aveiro,5049.4,2.5,2510814193.0
2092,ssp126,0.368,Região de Coimbra,885.1,2.5,440107452.0
2092,ssp126,0.368,Região de Leiria,0.3,2.0,117857.0
2092,ssp126,0.368,Terras de Trás-os-Montes,0.0,2.0,0.0
2092,ssp126,0.368,Tâmega e Sousa,0.0,2.0,0.0
2092,ssp126,0.368,Viseu Dão Lafões,0.0,2.0,0.0
2092,ssp126,0.368,Área Metropolitana do Porto,28.9,4.0,22982112.0
2093,ssp126,0.372,Alentejo Central,0.0,2.0,0.0
2093,ssp126,0.372,Alentejo Litoral,308.6,1.5,92069878.0
2093,ssp126,0.372,Algarve,2119.5,3.0,1264723323.0
2093,ssp126,0.372,Alto Alentejo,0.0,2.0,0.0
2093,ssp126,0.372,Alto Minho,28.7,1.5,8565256.0
2093,ssp126,0.372,Alto Tâmega e Barroso,0.0,2.0,0.0
2093,ssp126,0.372,Ave,0.0,2.0,0.0
2093,ssp126,0.372,Baixo Alentejo,0.0,1.5,0.0
2093,ssp126,0.372,Beira Baixa,0.0,2.0,0.0
2093,ssp126,0.372,Beiras e Serra da Estrela,0.0,2.0,0.0
2093,ssp126,0.372,Cávado,12.7,2.5,6334813.0
2093,ssp126,0.372,Douro,0.0,2.0,0.0
2093,ssp126,0.372,Grande Lisboa,12569.0,5.0,12499911996.0
2093,ssp126,0.372,Lezíria do Tejo,205.1,1.5,61203133.0
2093,ssp126,0.372,Médio Tejo,0.0,2.0,0.0
2093,ssp126,0.372,Oeste,82.7,2.5,41102624.0
2093,ssp126,0.372,Península de Setúbal,1686.1,3.0,1006086166.0
2093,ssp126,0.372,Região de Aveiro,5117.5,2.5,2544698077.0
2093,ssp126,0.372,Região de Coimbra,891.5,2.5,443319055.0
2093,ssp126,0.372,Região de Leiria,0.4,2.0,147321.0
2093,ssp126,0.372,Terras de Trás-os-Montes,0.0,2.0,0.0
2093,ssp126,0.372,Tâmega e Sousa,0.0,2.0,0.0
2093,ssp126,0.372,Viseu Dão Lafões,0.0,2.0,0.0
2093,ssp126,0.372,Área Metropolitana do Porto,29.3,4.0,23276755.0
2094,ssp126,0.376,Alentejo Central,0.0,2.0,0.0
2094,ssp126,0.376,Alentejo Litoral,312.3,1.5,93170368.0
2094,ssp126,0.376,Algarve,2152.9,3.0,1284611689.0
2094,ssp126,0.376,Alto Alentejo,0.0,2.0,0.0
2094,ssp126,0.376,Alto Minho,29.3,1.5,8737622.0
2094,ssp126,0.376,Alto Tâmega e Barroso,0.0,2.0,0.0
2094,ssp126,0.376,Ave,0.0,2.0,0.0
2094,ssp126,0.376,Baixo Alentejo,0.0,1.5,0.0
2094,ssp126,0.376,Beira Baixa,0.0,2.0,0.0
2094,ssp126,0.376,Beiras e Serra da Estrela,0.0,2.0,0.0
2094,ssp126,0.376,Cávado,13.2,2.5,6555795.0
2094,ssp126,0.376,Douro,0.0,2.0,0.0
2094,ssp126,0.376,Grande Lisboa,12778.2,5.0,12707929578.0
2094,ssp126,0.376,Lezíria do Tejo,209.8,1.5,62590899.0
2094,ssp126,0.376,Médio Tejo,0.0,2.0,0.0
2094,ssp126,0.376,Oeste,84.3,2.5,41898159.0
2094,ssp126,0.376,Península de Setúbal,1716.9,3.0,1024471856.0
2094,ssp126,0.376,Região de Aveiro,5190.1,2.5,2580791779.0
2094,ssp126,0.376,Região de Coimbra,898.2,2.5,446619051.0
2094,ssp126,0.376,Região de Leiria,0.4,2.0,147321.0
2094,ssp126,0.376,Terras de Trás-os-Montes,0.0,2.0,0.0
2094,ssp126,0.376,Tâmega e Sousa,0.0,2.0,0.0
2094,ssp126,0.376,Viseu Dão Lafões,0.0,2.0,0.0
2094,ssp126,0.376,Área Metropolitana do Porto,29.6,4.0,23571397.0
2095,ssp126,0.38,Alentejo Central,0.0,2.0,0.0
2095,ssp126,0.38,Alentejo Litoral,315.7,1.5,94191304.0
2095,ssp126,0.38,Algarve,2192.6,3.0,1308300944.0
2095,ssp126,0.38,Alto Alentejo,0.0,2.0,0.0
2095,ssp126,0.38,Alto Minho,30.0,1.5,8949765.0
2095,ssp126,0.38,Alto Tâmega e Barroso,0.0,2.0,0.0
2095,ssp126,0.38,Ave,0.0,2.0,0.0
2095,ssp126,0.38,Baixo Alentejo,0.0,1.5,0.0
2095,ssp126,0.38,Beira Baixa,0.0,2.0,0.0
2095,ssp126,0.38,Beiras e Serra da Estrela,0.0,2.0,0.0
2095,ssp126,0.38,Cávado,13.9,2.5,6924098.0
2095,ssp126,0.38,Douro,0.0,2.0,0.0
2095,ssp126,0.38,Grande Lisboa,13021.7,5.0,12950125685.0
2095,ssp126,0.38,Lezíria do Tejo,214.6,1.5,64040540.0
2095,ssp126,0.38,Médio Tejo,0.0,2.0,0.0
2095,ssp126,0.38,Oeste,85.2,2.5,42384319.0
2095,ssp126,0.38,Península de Setúbal,1746.5,3.0,1042150404.0
2095,ssp126,0.38,Região de Aveiro,5271.2,2.5,2621120966.0
2095,ssp126,0.38,Região de Coimbra,906.0,2.5,450508331.0
2095,ssp126,0.38,Região de Leiria,0.4,2.0,147321.0
2095,ssp126,0.38,Terras de Trás-os-Montes,0.0,2.0,0.0
2095,ssp126,0.38,Tâmega e Sousa,0.0,2.0,0.0
2095,ssp126,0.38,Viseu Dão Lafões,0.0,2.0,0.0
2095,ssp126,0.38,Área Metropolitana do Porto,30.0,4.0,23866040.0
2096,ssp126,0.384,Alentejo Central,0.0,2.0,0.0
2096,ssp126,0.384,Alentejo Litoral,318.8,1.5,95099539.0
2096,ssp126,0.384,Algarve,2233.6,3.0,1332785733.0
2096,ssp126,0.384,Alto Alentejo,0.0,2.0,0.0
2096,ssp126,0.384,Alto Minho,31.1,1.5,9267979.0
2096,ssp126,0.384,Alto Tâmega e Barroso,0.0,2.0,0.0
2096,ssp126,0.384,Ave,0.0,2.0,0.0
2096,ssp126,0.384,Baixo Alentejo,0.0,1.5,0.0
2096,ssp126,0.384,Beira Baixa,0.0,2.0,0.0
2096,ssp126,0.384,Beiras e Serra da Estrela,0.0,2.0,0.0
2096,ssp126,0.384,Cávado,14.7,2.5,7292401.0
2096,ssp126,0.384,Douro,0.0,2.0,0.0
2096,ssp126,0.384,Grande Lisboa,13228.0,5.0,13155196842.0
2096,ssp126,0.384,Lezíria do Tejo,219.6,1.5,65525538.0
2096,ssp126,0.384,Médio Tejo,0.0,2.0,0.0
2096,ssp126,0.384,Oeste,86.7,2.5,43091461.0
2096,ssp126,0.384,Península de Setúbal,1775.6,3.0,1059475381.0
2096,ssp126,0.384,Região de Aveiro,5342.2,2.5,2656385987.0
2096,ssp126,0.384,Região de Coimbra,912.8,2.5,453867255.0
2096,ssp126,0.384,Região de Leiria,0.4,2.0,176785.0
2096,ssp126,0.384,Terras de Trás-os-Montes,0.0,2.0,0.0
2096,ssp126,0.384,Tâmega e Sousa,0.0,2.0,0.0
2096,ssp126,0.384,Viseu Dão Lafões,0.0,2.0,0.0
2096,ssp126,0.384,Área Metropolitana do Porto,30.0,4.0,23866040.0
2097,ssp126,0.388,Alentejo Central,0.0,2.0,0.0
2097,ssp126,0.388,Alentejo Litoral,321.9,1.5,96040922.0
2097,ssp126,0.388,Algarve,2273.9,3.0,1356828558.0
2097,ssp126,0.388,Alto Alentejo,0.0,2.0,0.0
2097,ssp126,0.388,Alto Minho,31.7,1.5,9466862.0
2097,ssp126,0.388,Alto Tâmega e Barroso,0.0,2.0,0.0
2097,ssp126,0.388,Ave,0.0,2.0,0.0
2097,ssp126,0.388,Baixo Alentejo,0.0,1.5,0.0
2097,ssp126,0.388,Beira Baixa,0.0,2.0,0.0
2097,ssp126,0.388,Beiras e Serra da Estrela,0.0,2.0,0.0
2097,ssp126,0.388,Cávado,15.3,2.5,7587044.0
2097,ssp126,0.388,Douro,0.0,2.0,0.0
2097,ssp126,0.388,Grande Lisboa,13449.0,5.0,13375000122.0
2097,ssp126,0.388,Lezíria do Tejo,224.5,1.5,66992858.0
2097,ssp126,0.388,Médio Tejo,0.0,2.0,0.0
2097,ssp126,0.388,Oeste,88.8,2.5,44152174.0
2097,ssp126,0.388,Península de Setúbal,1804.0,3.0,1076446787.0
2097,ssp126,0.388,Região de Aveiro,5418.4,2.5,2694321204.0
2097,ssp126,0.388,Região de Coimbra,920.3,2.5,457638679.0
2097,ssp126,0.388,Região de Leiria,0.4,2.0,176785.0
2097,ssp126,0.388,Terras de Trás-os-Montes,0.0,2.0,0.0
2097,ssp126,0.388,Tâmega e Sousa,0.0,2.0,0.0
2097,ssp126,0.388,Viseu Dão Lafões,0.0,2.0,0.0
2097,ssp126,0.388,Área Metropolitana do Porto,30.0,4.0,23866040.0
2098,ssp126,0.392,Alentejo Central,0.0,2.0,0.0
2098,ssp126,0.392,Alentejo Litoral,325.5,1.5,97114894.0
2098,ssp126,0.392,Algarve,2308.1,3.0,1377247281.0
2098,ssp126,0.392,Alto Alentejo,0.0,2.0,0.0
2098,ssp126,0.392,Alto Minho,32.2,1.5,9612710.0
2098,ssp126,0.392,Alto Tâmega e Barroso,0.0,2.0,0.0
2098,ssp126,0.392,Ave,0.0,2.0,0.0
2098,ssp126,0.392,Baixo Alentejo,0.0,1.5,0.0
2098,ssp126,0.392,Beira Baixa,0.0,2.0,0.0
2098,ssp126,0.392,Beiras e Serra da Estrela,0.0,2.0,0.0
2098,ssp126,0.392,Cávado,15.9,2.5,7881686.0
2098,ssp126,0.392,Douro,0.0,2.0,0.0
2098,ssp126,0.392,Grande Lisboa,13676.5,5.0,13601285536.0
2098,ssp126,0.392,Lezíria do Tejo,229.3,1.5,68424820.0
2098,ssp126,0.392,Médio Tejo,0.0,2.0,0.0
2098,ssp126,0.392,Oeste,90.7,2.5,45080297.0
2098,ssp126,0.392,Península de Setúbal,1836.6,3.0,1095893190.0
2098,ssp126,0.392,Região de Aveiro,5490.8,2.5,2730322830.0
2098,ssp126,0.392,Região de Coimbra,927.4,2.5,461144924.0
2098,ssp126,0.392,Região de Leiria,0.4,2.0,176785.0
2098,ssp126,0.392,Terras de Trás-os-Montes,0.0,2.0,0.0
2098,ssp126,0.392,Tâmega e Sousa,0.0,2.0,0.0
2098,ssp126,0.392,Viseu Dão Lafões,0.0,2.0,0.0
2098,ssp126,0.392,Área Metropolitana do Porto,31.1,4.0,24749967.0
2099,ssp126,0.396,Alentejo Central,0.0,2.0,0.0
2099,ssp126,0.396,Alentejo Litoral,328.6,1.5,98023129.0
2099,ssp126,0.396,Algarve,2340.5,3.0,1396605291.0
2099,ssp126,0.396,Alto Alentejo,0.0,2.0,0.0
2099,ssp126,0.396,Alto Minho,33.1,1.5,9877889.0
2099,ssp126,0.396,Alto Tâmega e Barroso,0.0,2.0,0.0
2099,ssp126,0.396,Ave,0.0,2.0,0.0
2099,ssp126,0.396,Baixo Alentejo,0.0,1.5,0.0
2099,ssp126,0.396,Beira Baixa,0.0,2.0,0.0
2099,ssp126,0.396,Beiras e Serra da Estrela,0.0,2.0,0.0
2099,ssp126,0.396,Cávado,16.1,2.5,8029007.0
2099,ssp126,0.396,Douro,0.0,2.0,0.0
2099,ssp126,0.396,Grande Lisboa,13894.0,5.0,13817553106.0
2099,ssp126,0.396,Lezíria do Tejo,234.3,1.5,69900979.0
2099,ssp126,0.396,Médio Tejo,0.0,2.0,0.0
2099,ssp126,0.396,Oeste,92.4,2.5,45964225.0
2099,ssp126,0.396,Península de Setúbal,1870.7,3.0,1116223520.0
2099,ssp126,0.396,Região de Aveiro,5563.4,2.5,2766416533.0
2099,ssp126,0.396,Região de Coimbra,933.8,2.5,464327063.0
2099,ssp126,0.396,Região de Leiria,0.4,2.0,176785.0
2099,ssp126,0.396,Terras de Trás-os-Montes,0.0,2.0,0.0
2099,ssp126,0.396,Tâmega e Sousa,0.0,2.0,0.0
2099,ssp126,0.396,Viseu Dão Lafões,0.0,2.0,0.0
2099,ssp126,0.396,Área Metropolitana do Porto,31.5,4.0,25044610.0
2100,ssp126,0.4,Alentejo Central,0.0,2.0,0.0
2100,ssp126,0.4,Alentejo Litoral,332.1,1.5,99070583.0
2100,ssp126,0.4,Algarve,2374.3,3.0,1416758836.0
2100,ssp126,0.4,Alto Alentejo,0.0,2.0,0.0
2100,ssp126,0.4,Alto Minho,33.6,1.5,10023737.0
2100,ssp126,0.4,Alto Tâmega e Barroso,0.0,2.0,0.0
2100,ssp126,0.4,Ave,0.0,2.0,0.0
2100,ssp126,0.4,Baixo Alentejo,0.0,1.5,0.0
2100,ssp126,0.4,Beira Baixa,0.0,2.0,0.0
2100,ssp126,0.4,Beiras e Serra da Estrela,0.0,2.0,0.0
2100,ssp126,0.4,Cávado,16.1,2.5,8029007.0
2100,ssp126,0.4,Douro,0.0,2.0,0.0
2100,ssp126,0.4,Grande Lisboa,14145.8,5.0,14067999203.0
2100,ssp126,0.4,Lezíria do Tejo,239.3,1.5,71394816.0
2100,ssp126,0.4,Médio Tejo,0.0,2.0,0.0
2100,ssp126,0.4,Oeste,94.1,2.5,46803956.0
2100,ssp126,0.4,Península de Setúbal,1899.4,3.0,1133371711.0
2100,ssp126,0.4,Região de Aveiro,5633.8,2.5,2801405325.0
2100,ssp126,0.4,Região de Coimbra,939.8,2.5,467332416.0
2100,ssp126,0.4,Região de Leiria,0.4,2.0,176785.0
2100,ssp126,0.4,Terras de Trás-os-Montes,0.0,2.0,0.0
2100,ssp126,0.4,Tâmega e Sousa,0.0,2.0,0.0
2100,ssp126,0.4,Viseu Dão Lafões,0.0,2.0,0.0
2100,ssp126,0.4,Área Metropolitana do Porto,32.2,4.0,25633895.0
2025,ssp245,0.05,Alentejo Central,0.0,2.0,0.0
2025,ssp245,0.05,Alentejo Litoral,36.2,1.5,10792754.0
2025,ssp245,0.05,Algarve,173.8,3.0,103684684.0
2025,ssp245,0.05,Alto Alentejo,0.0,2.0,0.0
2025,ssp245,0.05,Alto Minho,1.0,1.5,304955.0
2025,ssp245,0.05,Alto Tâmega e Barroso,0.0,2.0,0.0
2025,ssp245,0.05,Ave,0.0,2.0,0.0
2025,ssp245,0.05,Baixo Alentejo,0.0,1.5,0.0
2025,ssp245,0.05,Beira Baixa,0.0,2.0,0.0
2025,ssp245,0.05,Beiras e Serra da Estrela,0.0,2.0,0.0
2025,ssp245,0.05,Cávado,0.0,2.5,0.0
2025,ssp245,0.05,Douro,0.0,2.0,0.0
2025,ssp245,0.05,Grande Lisboa,999.0,5.0,993534397.0
2025,ssp245,0.05,Lezíria do Tejo,7.0,1.5,2077229.0
2025,ssp245,0.05,Médio Tejo,0.0,2.0,0.0
2025,ssp245,0.05,Oeste,5.1,2.5,2519193.0
2025,ssp245,0.05,Península de Setúbal,128.6,3.0,76724898.0
2025,ssp245,0.05,Região de Aveiro,480.0,2.5,238660398.0
2025,ssp245,0.05,Região de Coimbra,141.9,2.5,70537406.0
2025,ssp245,0.05,Região de Leiria,0.0,2.0,0.0
2025,ssp245,0.05,Terras de Trás-os-Montes,0.0,2.0,0.0
2025,ssp245,0.05,Tâmega e Sousa,0.0,2.0,0.0
2025,ssp245,0.05,Viseu Dão Lafões,0.0,2.0,0.0
2025,ssp245,0.05,Área Metropolitana do Porto,7.4,4.0,5892849.0
2026,ssp245,0.06,Alentejo Central,0.0,2.0,0.0
2026,ssp245,0.06,Alentejo Litoral,43.6,1.5,13013621.0
2026,ssp245,0.06,Algarve,209.9,3.0,125252512.0
2026,ssp245,0.06,Alto Alentejo,0.0,2.0,0.0
2026,ssp245,0.06,Alto Minho,1.3,1.5,397767.0
2026,ssp245,0.06,Alto Tâmega e Barroso,0.0,2.0,0.0
2026,ssp245,0.06,Ave,0.0,2.0,0.0
2026,ssp245,0.06,Baixo Alentejo,0.0,1.5,0.0
2026,ssp245,0.06,Beira Baixa,0.0,2.0,0.0
2026,ssp245,0.06,Beiras e Serra da Estrela,0.0,2.0,0.0
2026,ssp245,0.06,Cávado,0.1,2.5,73661.0
2026,ssp245,0.06,Douro,0.0,2.0,0.0
2026,ssp245,0.06,Grande Lisboa,1212.9,5.0,1206266258.0
2026,ssp245,0.06,Lezíria do Tejo,8.8,1.5,2616425.0
2026,ssp245,0.06,Médio Tejo,0.0,2.0,0.0
2026,ssp245,0.06,Oeste,6.1,2.5,3049550.0
2026,ssp245,0.06,Península de Setúbal,160.9,3.0,95994516.0
2026,ssp245,0.06,Região de Aveiro,578.8,2.5,287828859.0
2026,ssp245,0.06,Região de Coimbra,169.3,2.5,84208817.0
2026,ssp245,0.06,Região de Leiria,0.0,2.0,0.0
2026,ssp245,0.06,Terras de Trás-os-Montes,0.0,2.0,0.0
2026,ssp245,0.06,Tâmega e Sousa,0.0,2.0,0.0
2026,ssp245,0.06,Viseu Dão Lafões,0.0,2.0,0.0
2026,ssp245,0.06,Área Metropolitana do Porto,8.1,4.0,6482134.0
2027,ssp245,0.07,Alentejo Central,0.0,2.0,0.0
2027,ssp245,0.07,Alentejo Litoral,51.6,1.5,15400225.0
2027,ssp245,0.07,Algarve,246.4,3.0,146997127.0
2027,ssp245,0.07,Alto Alentejo,0.0,2.0,0.0
2027,ssp245,0.07,Alto Minho,1.7,1.5,503839.0
2027,ssp245,0.07,Alto Tâmega e Barroso,0.0,2.0,0.0
2027,ssp245,0.07,Ave,0.0,2.0,0.0
2027,ssp245,0.07,Baixo Alentejo,0.0,1.5,0.0
2027,ssp245,0.07,Beira Baixa,0.0,2.0,0.0
2027,ssp245,0.07,Beiras e Serra da Estrela,0.0,2.0,0.0
2027,ssp245,0.07,Cávado,0.1,2.5,73661.0
2027,ssp245,0.07,Douro,0.0,2.0,0.0
2027,ssp245,0.07,Grande Lisboa,1445.8,5.0,1437855236.0
2027,ssp245,0.07,Lezíria do Tejo,11.1,1.5,3305888.0
2027,ssp245,0.07,Médio Tejo,0.0,2.0,0.0
2027,ssp245,0.07,Oeste,7.3,2.5,3624102.0
2027,ssp245,0.07,Península de Setúbal,189.9,3.0,113319493.0
2027,ssp245,0.07,Região de Aveiro,687.2,2.5,341693185.0
2027,ssp245,0.07,Região de Coimbra,197.2,2.5,98057013.0
2027,ssp245,0.07,Região de Leiria,0.0,2.0,0.0
2027,ssp245,0.07,Terras de Trás-os-Montes,0.0,2.0,0.0
2027,ssp245,0.07,Tâmega e Sousa,0.0,2.0,0.0
2027,ssp245,0.07,Viseu Dão Lafões,0.0,2.0,0.0
2027,ssp245,0.07,Área Metropolitana do Porto,8.5,4.0,6776777.0
2028,ssp245,0.08,Alentejo Central,0.0,2.0,0.0
2028,ssp245,0.08,Alentejo Litoral,60.4,1.5,18005601.0
2028,ssp245,0.08,Algarve,286.8,3.0,171128345.0
2028,ssp245,0.08,Alto Alentejo,0.0,2.0,0.0
2028,ssp245,0.08,Alto Minho,1.8,1.5,543615.0
2028,ssp245,0.08,Alto Tâmega e Barroso,0.0,2.0,0.0
2028,ssp245,0.08,Ave,0.0,2.0,0.0
2028,ssp245,0.08,Baixo Alentejo,0.0,1.5,0.0
2028,ssp245,0.08,Beira Baixa,0.0,2.0,0.0
2028,ssp245,0.08,Beiras e Serra da Estrela,0.0,2.0,0.0
2028,ssp245,0.08,Cávado,0.1,2.5,73661.0
2028,ssp245,0.08,Douro,0.0,2.0,0.0
2028,ssp245,0.08,Grande Lisboa,1684.0,5.0,1674747779.0
2028,ssp245,0.08,Lezíria do Tejo,13.4,1.5,4004191.0
2028,ssp245,0.08,Médio Tejo,0.0,2.0,0.0
2028,ssp245,0.08,Oeste,8.4,2.5,4198655.0
2028,ssp245,0.08,Península de Setúbal,223.1,3.0,133119466.0
2028,ssp245,0.08,Região de Aveiro,791.0,2.5,393347693.0
2028,ssp245,0.08,Região de Coimbra,228.5,2.5,113643599.0
2028,ssp245,0.08,Região de Leiria,0.0,2.0,0.0
2028,ssp245,0.08,Terras de Trás-os-Montes,0.0,2.0,0.0
2028,ssp245,0.08,Tâmega e Sousa,0.0,2.0,0.0
2028,ssp245,0.08,Viseu Dão Lafões,0.0,2.0,0.0
2028,ssp245,0.08,Área Metropolitana do Porto,8.9,4.0,7071419.0
2029,ssp245,0.09,Alentejo Central,0.0,2.0,0.0
2029,ssp245,0.09,Alentejo Litoral,67.9,1.5,20266245.0
2029,ssp245,0.09,Algarve,323.5,3.0,193049744.0
2029,ssp245,0.09,Alto Alentejo,0.0,2.0,0.0
2029,ssp245,0.09,Alto Minho,1.9,1.5,570133.0
2029,ssp245,0.09,Alto Tâmega e Barroso,0.0,2.0,0.0
2029,ssp245,0.09,Ave,0.0,2.0,0.0
2029,ssp245,0.09,Baixo Alentejo,0.0,1.5,0.0
2029,ssp245,0.09,Beira Baixa,0.0,2.0,0.0
2029,ssp245,0.09,Beiras e Serra da Estrela,0.0,2.0,0.0
2029,ssp245,0.09,Cávado,0.1,2.5,73661.0
2029,ssp245,0.09,Douro,0.0,2.0,0.0
2029,ssp245,0.09,Grande Lisboa,1929.3,5.0,1918711741.0
2029,ssp245,0.09,Lezíria do Tejo,15.6,1.5,4658297.0
2029,ssp245,0.09,Médio Tejo,0.0,2.0,0.0
2029,ssp245,0.09,Oeste,9.6,2.5,4773208.0
2029,ssp245,0.09,Península de Setúbal,252.1,3.0,150444443.0
2029,ssp245,0.09,Região de Aveiro,905.3,2.5,450158443.0
2029,ssp245,0.09,Região de Coimbra,257.4,2.5,127992687.0
2029,ssp245,0.09,Região de Leiria,0.0,2.0,0.0
2029,ssp245,0.09,Terras de Trás-os-Montes,0.0,2.0,0.0
2029,ssp245,0.09,Tâmega e Sousa,0.0,2.0,0.0
2029,ssp245,0.09,Viseu Dão Lafões,0.0,2.0,0.0
2029,ssp245,0.09,Área Metropolitana do Porto,10.0,4.0,7955347.0
2030,ssp245,0.1,Alentejo Central,0.0,2.0,0.0
2030,ssp245,0.1,Alentejo Litoral,76.1,1.5,22699256.0
2030,ssp245,0.1,Algarve,363.5,3.0,216915784.0
2030,ssp245,0.1,Alto Alentejo,0.0,2.0,0.0
2030,ssp245,0.1,Alto Minho,2.1,1.5,623169.0
2030,ssp245,0.1,Alto Tâmega e Barroso,0.0,2.0,0.0
2030,ssp245,0.1,Ave,0.0,2.0,0.0
2030,ssp245,0.1,Baixo Alentejo,0.0,1.5,0.0
2030,ssp245,0.1,Beira Baixa,0.0,2.0,0.0
2030,ssp245,0.1,Beiras e Serra da Estrela,0.0,2.0,0.0
2030,ssp245,0.1,Cávado,0.3,2.5,147321.0
2030,ssp245,0.1,Douro,0.0,2.0,0.0
2030,ssp245,0.1,Grande Lisboa,2179.4,5.0,2167389983.0
2030,ssp245,0.1,Lezíria do Tejo,18.6,1.5,5551064.0
2030,ssp245,0.1,Médio Tejo,0.0,2.0,0.0
2030,ssp245,0.1,Oeste,10.6,2.5,5259368.0
2030,ssp245,0.1,Península de Setúbal,283.2,3.0,169006919.0
2030,ssp245,0.1,Região de Aveiro,1018.6,2.5,506508815.0
2030,ssp245,0.1,Região de Coimbra,283.2,2.5,140839099.0
2030,ssp245,0.1,Região de Leiria,0.1,2.0,29464.0
2030,ssp245,0.1,Terras de Trás-os-Montes,0.0,2.0,0.0
2030,ssp245,0.1,Tâmega e Sousa,0.0,2.0,0.0
2030,ssp245,0.1,Viseu Dão Lafões,0.0,2.0,0.0
2030,ssp245,0.1,Área Metropolitana do Porto,10.7,4.0,8544632.0
2031,ssp245,0.11,Alentejo Central,0.0,2.0,0.0
2031,ssp245,0.11,Alentejo Litoral,84.1,1.5,25079230.0
2031,ssp245,0.11,Algarve,409.2,3.0,244140748.0
2031,ssp245,0.11,Alto Alentejo,0.0,2.0,0.0
2031,ssp245,0.11,Alto Minho,2.8,1.5,822052.0
2031,ssp245,0.11,Alto Tâmega e Barroso,0.0,2.0,0.0
2031,ssp245,0.11,Ave,0.0,2.0,0.0
2031,ssp245,0.11,Baixo Alentejo,0.0,1.5,0.0
2031,ssp245,0.11,Beira Baixa,0.0,2.0,0.0
2031,ssp245,0.11,Beiras e Serra da Estrela,0.0,2.0,0.0
2031,ssp245,0.11,Cávado,0.3,2.5,147321.0
2031,ssp245,0.11,Douro,0.0,2.0,0.0
2031,ssp245,0.11,Grande Lisboa,2422.9,5.0,2409586091.0
2031,ssp245,0.11,Lezíria do Tejo,21.5,1.5,6408474.0
2031,ssp245,0.11,Médio Tejo,0.0,2.0,0.0
2031,ssp245,0.11,Oeste,11.8,2.5,5878117.0
2031,ssp245,0.11,Península de Setúbal,315.8,3.0,188453322.0
2031,ssp245,0.11,Região de Aveiro,1137.7,2.5,565713536.0
2031,ssp245,0.11,Região de Coimbra,312.1,2.5,155188187.0
2031,ssp245,0.11,Região de Leiria,0.1,2.0,29464.0
2031,ssp245,0.11,Terras de Trás-os-Montes,0.0,2.0,0.0
2031,ssp245,0.11,Tâmega e Sousa,0.0,2.0,0.0
2031,ssp245,0.11,Viseu Dão Lafões,0.0,2.0,0.0
2031,ssp245,0.11,Área Metropolitana do Porto,11.1,4.0,8839274.0
2032,ssp245,0.12,Alentejo Central,0.0,2.0,0.0
2032,ssp245,0.12,Alentejo Litoral,93.0,1.5,27757530.0
2032,ssp245,0.12,Algarve,449.6,3.0,268271966.0
2032,ssp245,0.12,Alto Alentejo,0.0,2.0,0.0
2032,ssp245,0.12,Alto Minho,3.1,1.5,914865.0
2032,ssp245,0.12,Alto Tâmega e Barroso,0.0,2.0,0.0
2032,ssp245,0.12,Ave,0.0,2.0,0.0
2032,ssp245,0.12,Baixo Alentejo,0.0,1.5,0.0
2032,ssp245,0.12,Beira Baixa,0.0,2.0,0.0
2032,ssp245,0.12,Beiras e Serra da Estrela,0.0,2.0,0.0
2032,ssp245,0.12,Cávado,0.3,2.5,147321.0
2032,ssp245,0.12,Douro,0.0,2.0,0.0
2032,ssp245,0.12,Grande Lisboa,2690.7,5.0,2675942880.0
2032,ssp245,0.12,Lezíria do Tejo,23.8,1.5,7097937.0
2032,ssp245,0.12,Médio Tejo,0.0,2.0,0.0
2032,ssp245,0.12,Oeste,13.4,2.5,6673652.0
2032,ssp245,0.12,Península de Setúbal,354.6,3.0,211612219.0
2032,ssp245,0.12,Região de Aveiro,1256.4,2.5,624734105.0
2032,ssp245,0.12,Região de Coimbra,341.8,2.5,169949775.0
2032,ssp245,0.12,Região de Leiria,0.1,2.0,29464.0
2032,ssp245,0.12,Terras de Trás-os-Montes,0.0,2.0,0.0
2032,ssp245,0.12,Tâmega e Sousa,0.0,2.0,0.0
2032,ssp245,0.12,Viseu Dão Lafões,0.0,2.0,0.0
2032,ssp245,0.12,Área Metropolitana do Porto,11.1,4.0,8839274.0
2033,ssp245,0.13,Alentejo Central,0.0,2.0,0.0
2033,ssp245,0.13,Alentejo Litoral,101.7,1.5,30349647.0
2033,ssp245,0.13,Algarve,490.8,3.0,292845147.0
2033,ssp245,0.13,Alto Alentejo,0.0,2.0,0.0
2033,ssp245,0.13,Alto Minho,3.4,1.5,1007677.0
2033,ssp245,0.13,Alto Tâmega e Barroso,0.0,2.0,0.0
2033,ssp245,0.13,Ave,0.0,2.0,0.0
2033,ssp245,0.13,Baixo Alentejo,0.0,1.5,0.0
2033,ssp245,0.13,Beira Baixa,0.0,2.0,0.0
2033,ssp245,0.13,Beiras e Serra da Estrela,0.0,2.0,0.0
2033,ssp245,0.13,Cávado,0.3,2.5,147321.0
2033,ssp245,0.13,Douro,0.0,2.0,0.0
2033,ssp245,0.13,Grande Lisboa,2964.5,5.0,2948192519.0
2033,ssp245,0.13,Lezíria do Tejo,27.2,1.5,8114454.0
2033,ssp245,0.13,Médio Tejo,0.0,2.0,0.0
2033,ssp245,0.13,Oeste,14.8,2.5,7336597.0
2033,ssp245,0.13,Península de Setúbal,385.7,3.0,230174695.0
2033,ssp245,0.13,Região de Aveiro,1372.5,2.5,682465613.0
2033,ssp245,0.13,Região de Coimbra,368.7,2.5,183356007.0
2033,ssp245,0.13,Região de Leiria,0.1,2.0,29464.0
2033,ssp245,0.13,Terras de Trás-os-Montes,0.0,2.0,0.0
2033,ssp245,0.13,Tâmega e Sousa,0.0,2.0,0.0
2033,ssp245,0.13,Viseu Dão Lafões,0.0,2.0,0.0
2033,ssp245,0.13,Área Metropolitana do Porto,11.9,4.0,9428559.0
2034,ssp245,0.14,Alentejo Central,0.0,2.0,0.0
2034,ssp245,0.14,Alentejo Litoral,110.1,1.5,32855581.0
2034,ssp245,0.14,Algarve,536.1,3.0,319893326.0
2034,ssp245,0.14,Alto Alentejo,0.0,2.0,0.0
2034,ssp245,0.14,Alto Minho,3.9,1.5,1166784.0
2034,ssp245,0.14,Alto Tâmega e Barroso,0.0,2.0,0.0
2034,ssp245,0.14,Ave,0.0,2.0,0.0
2034,ssp245,0.14,Baixo Alentejo,0.0,1.5,0.0
2034,ssp245,0.14,Beira Baixa,0.0,2.0,0.0
2034,ssp245,0.14,Beiras e Serra da Estrela,0.0,2.0,0.0
2034,ssp245,0.14,Cávado,0.3,2.5,147321.0
2034,ssp245,0.14,Douro,0.0,2.0,0.0
2034,ssp245,0.14,Grande Lisboa,3256.6,5.0,3238709991.0
2034,ssp245,0.14,Lezíria do Tejo,31.1,1.5,9281238.0
2034,ssp245,0.14,Médio Tejo,0.0,2.0,0.0
2034,ssp245,0.14,Oeste,17.0,2.5,8441507.0
2034,ssp245,0.14,Península de Setúbal,423.1,3.0,252449665.0
2034,ssp245,0.14,Região de Aveiro,1494.5,2.5,743143546.0
2034,ssp245,0.14,Região de Coimbra,394.8,2.5,196290811.0
2034,ssp245,0.14,Região de Leiria,0.1,2.0,29464.0
2034,ssp245,0.14,Terras de Trás-os-Montes,0.0,2.0,0.0
2034,ssp245,0.14,Tâmega e Sousa,0.0,2.0,0.0
2034,ssp245,0.14,Viseu Dão Lafões,0.0,2.0,0.0
2034,ssp245,0.14,Área Metropolitana do Porto,12.2,4.0,9723201.0
2035,ssp245,0.15,Alentejo Central,0.0,2.0,0.0
2035,ssp245,0.15,Alentejo Litoral,118.7,1.5,35414551.0
2035,ssp245,0.15,Algarve,587.1,3.0,350300428.0
2035,ssp245,0.15,Alto Alentejo,0.0,2.0,0.0
2035,ssp245,0.15,Alto Minho,4.4,1.5,1325891.0
2035,ssp245,0.15,Alto Tâmega e Barroso,0.0,2.0,0.0
2035,ssp245,0.15,Ave,0.0,2.0,0.0
2035,ssp245,0.15,Baixo Alentejo,0.0,1.5,0.0
2035,ssp245,0.15,Beira Baixa,0.0,2.0,0.0
2035,ssp245,0.15,Beiras e Serra da Estrela,0.0,2.0,0.0
2035,ssp245,0.15,Cávado,0.6,2.5,294642.0
2035,ssp245,0.15,Douro,0.0,2.0,0.0
2035,ssp245,0.15,Grande Lisboa,3563.6,5.0,3543959586.0
2035,ssp245,0.15,Lezíria do Tejo,34.8,1.5,10386147.0
2035,ssp245,0.15,Médio Tejo,0.0,2.0,0.0
2035,ssp245,0.15,Oeste,18.2,2.5,9060256.0
2035,ssp245,0.15,Península de Setúbal,458.9,3.0,273840708.0
2035,ssp245,0.15,Região de Aveiro,1625.1,2.5,808056964.0
2035,ssp245,0.15,Região de Coimbra,420.4,2.5,209048830.0
2035,ssp245,0.15,Região de Leiria,0.1,2.0,29464.0
2035,ssp245,0.15,Terras de Trás-os-Montes,0.0,2.0,0.0
2035,ssp245,0.15,Tâmega e Sousa,0.0,2.0,0.0
2035,ssp245,0.15,Viseu Dão Lafões,0.0,2.0,0.0
2035,ssp245,0.15,Área Metropolitana do Porto,12.6,4.0,10017844.0
2036,ssp245,0.16,Alentejo Central,0.0,2.0,0.0
2036,ssp245,0.16,Alentejo Litoral,127.7,1.5,38112740.0
2036,ssp245,0.16,Algarve,632.8,3.0,377613785.0
2036,ssp245,0.16,Alto Alentejo,0.0,2.0,0.0
2036,ssp245,0.16,Alto Minho,4.7,1.5,1392186.0
2036,ssp245,0.16,Alto Tâmega e Barroso,0.0,2.0,0.0
2036,ssp245,0.16,Ave,0.0,2.0,0.0
2036,ssp245,0.16,Baixo Alentejo,0.0,1.5,0.0
2036,ssp245,0.16,Beira Baixa,0.0,2.0,0.0
2036,ssp245,0.16,Beiras e Serra da Estrela,0.0,2.0,0.0
2036,ssp245,0.16,Cávado,0.7,2.5,368303.0
2036,ssp245,0.16,Douro,0.0,2.0,0.0
2036,ssp245,0.16,Grande Lisboa,3864.0,5.0,3842727047.0
2036,ssp245,0.16,Lezíria do Tejo,40.0,1.5,11924181.0
2036,ssp245,0.16,Médio Tejo,0.0,2.0,0.0
2036,ssp245,0.16,Oeste,20.0,2.5,9944183.0
2036,ssp245,0.16,Península de Setúbal,496.3,3.0,296115679.0
2036,ssp245,0.16,Região de Aveiro,1753.6,2.5,871957549.0
2036,ssp245,0.16,Região de Coimbra,444.3,2.5,220952386.0
2036,ssp245,0.16,Região de Leiria,0.1,2.0,29464.0
2036,ssp245,0.16,Terras de Trás-os-Montes,0.0,2.0,0.0
2036,ssp245,0.16,Tâmega e Sousa,0.0,2.0,0.0
2036,ssp245,0.16,Viseu Dão Lafões,0.0,2.0,0.0
2036,ssp245,0.16,Área Metropolitana do Porto,12.6,4.0,10017844.0
2037,ssp245,0.17,Alentejo Central,0.0,2.0,0.0
2037,ssp245,0.17,Alentejo Litoral,137.1,1.5,40903740.0
2037,ssp245,0.17,Algarve,685.6,3.0,409081600.0
2037,ssp245,0.17,Alto Alentejo,0.0,2.0,0.0
2037,ssp245,0.17,Alto Minho,5.3,1.5,1577810.0
2037,ssp245,0.17,Alto Tâmega e Barroso,0.0,2.0,0.0
2037,ssp245,0.17,Ave,0.0,2.0,0.0
2037,ssp245,0.17,Baixo Alentejo,0.0,1.5,0.0
2037,ssp245,0.17,Beira Baixa,0.0,2.0,0.0
2037,ssp245,0.17,Beiras e Serra da Estrela,0.0,2.0,0.0
2037,ssp245,0.17,Cávado,1.0,2.5,515624.0
2037,ssp245,0.17,Douro,0.0,2.0,0.0
2037,ssp245,0.17,Grande Lisboa,4181.0,5.0,4157994486.0
2037,ssp245,0.17,Lezíria do Tejo,45.0,1.5,13435696.0
2037,ssp245,0.17,Médio Tejo,0.0,2.0,0.0
2037,ssp245,0.17,Oeste,21.4,2.5,10651325.0
2037,ssp245,0.17,Península de Setúbal,543.1,3.0,324047785.0
2037,ssp245,0.17,Região de Aveiro,1879.5,2.5,934569073.0
2037,ssp245,0.17,Região de Coimbra,469.5,2.5,233445226.0
2037,ssp245,0.17,Região de Leiria,0.1,2.0,29464.0
2037,ssp245,0.17,Terras de Trás-os-Montes,0.0,2.0,0.0
2037,ssp245,0.17,Tâmega e Sousa,0.0,2.0,0.0
2037,ssp245,0.17,Viseu Dão Lafões,0.0,2.0,0.0
2037,ssp245,0.17,Área Metropolitana do Porto,13.0,4.0,10312486.0
2038,ssp245,0.18,Alentejo Central,0.0,2.0,0.0
2038,ssp245,0.18,Alentejo Litoral,145.3,1.5,43343380.0
2038,ssp245,0.18,Algarve,738.8,3.0,440814594.0
2038,ssp245,0.18,Alto Alentejo,0.0,2.0,0.0
2038,ssp245,0.18,Alto Minho,5.8,1.5,1736917.0
2038,ssp245,0.18,Alto Tâmega e Barroso,0.0,2.0,0.0
2038,ssp245,0.18,Ave,0.0,2.0,0.0
2038,ssp245,0.18,Baixo Alentejo,0.0,1.5,0.0
2038,ssp245,0.18,Beira Baixa,0.0,2.0,0.0
2038,ssp245,0.18,Beiras e Serra da Estrela,0.0,2.0,0.0
2038,ssp245,0.18,Cávado,1.5,2.5,736606.0
2038,ssp245,0.18,Douro,0.0,2.0,0.0
2038,ssp245,0.18,Grande Lisboa,4509.3,5.0,4484458339.0
2038,ssp245,0.18,Lezíria do Tejo,49.3,1.5,14717391.0
2038,ssp245,0.18,Médio Tejo,0.0,2.0,0.0
2038,ssp245,0.18,Oeste,23.6,2.5,11756234.0
2038,ssp245,0.18,Península de Setúbal,582.8,3.0,347737039.0
2038,ssp245,0.18,Região de Aveiro,2000.9,2.5,994970779.0
2038,ssp245,0.18,Região de Coimbra,493.9,2.5,245584496.0
2038,ssp245,0.18,Região de Leiria,0.1,2.0,29464.0
2038,ssp245,0.18,Terras de Trás-os-Montes,0.0,2.0,0.0
2038,ssp245,0.18,Tâmega e Sousa,0.0,2.0,0.0
2038,ssp245,0.18,Viseu Dão Lafões,0.0,2.0,0.0
2038,ssp245,0.18,Área Metropolitana do Porto,13.7,4.0,10901771.0
2039,ssp245,0.19,Alentejo Central,0.0,2.0,0.0
2039,ssp245,0.19,Alentejo Litoral,153.0,1.5,45657060.0
2039,ssp245,0.19,Algarve,797.4,3.0,475818119.0
2039,ssp245,0.19,Alto Alentejo,0.0,2.0,0.0
2039,ssp245,0.19,Alto Minho,6.5,1.5,1949060.0
2039,ssp245,0.19,Alto Tâmega e Barroso,0.0,2.0,0.0
2039,ssp245,0.19,Ave,0.0,2.0,0.0
2039,ssp245,0.19,Baixo Alentejo,0.0,1.5,0.0
2039,ssp245,0.19,Beira Baixa,0.0,2.0,0.0
2039,ssp245,0.19,Beiras e Serra da Estrela,0.0,2.0,0.0
2039,ssp245,0.19,Cávado,1.8,2.5,883927.0
2039,ssp245,0.19,Douro,0.0,2.0,0.0
2039,ssp245,0.19,Grande Lisboa,4823.9,5.0,4797368639.0
2039,ssp245,0.19,Lezíria do Tejo,54.6,1.5,16290782.0
2039,ssp245,0.19,Médio Tejo,0.0,2.0,0.0
2039,ssp245,0.19,Oeste,25.4,2.5,12640162.0
2039,ssp245,0.19,Península de Setúbal,628.4,3.0,374962003.0
2039,ssp245,0.19,Região de Aveiro,2132.6,2.5,1060436652.0
2039,ssp245,0.19,Região de Coimbra,518.0,2.5,257576444.0
2039,ssp245,0.19,Região de Leiria,0.1,2.0,29464.0
2039,ssp245,0.19,Terras de Trás-os-Montes,0.0,2.0,0.0
2039,ssp245,0.19,Tâmega e Sousa,0.0,2.0,0.0
2039,ssp245,0.19,Viseu Dão Lafões,0.0,2.0,0.0
2039,ssp245,0.19,Área Metropolitana do Porto,14.4,4.0,11491056.0
2040,ssp245,0.2,Alentejo Central,0.0,2.0,0.0
2040,ssp245,0.2,Alentejo Litoral,161.2,1.5,48083441.0
2040,ssp245,0.2,Algarve,855.9,3.0,510733251.0
2040,ssp245,0.2,Alto Alentejo,0.0,2.0,0.0
2040,ssp245,0.2,Alto Minho,7.4,1.5,2214238.0
2040,ssp245,0.2,Alto Tâmega e Barroso,0.0,2.0,0.0
2040,ssp245,0.2,Ave,0.0,2.0,0.0
2040,ssp245,0.2,Baixo Alentejo,0.0,1.5,0.0
2040,ssp245,0.2,Beira Baixa,0.0,2.0,0.0
2040,ssp245,0.2,Beiras e Serra da Estrela,0.0,2.0,0.0
2040,ssp245,0.2,Cávado,1.9,2.5,957588.0
2040,ssp245,0.2,Douro,0.0,2.0,0.0
2040,ssp245,0.2,Grande Lisboa,5142.1,5.0,5113814648.0
2040,ssp245,0.2,Lezíria do Tejo,59.7,1.5,17802298.0
2040,ssp245,0.2,Médio Tejo,0.0,2.0,0.0
2040,ssp245,0.2,Oeste,27.4,2.5,13612482.0
2040,ssp245,0.2,Península de Setúbal,679.1,3.0,405192320.0
2040,ssp245,0.2,Região de Aveiro,2276.9,2.5,1132163677.0
2040,ssp245,0.2,Região de Coimbra,543.0,2.5,270010356.0
2040,ssp245,0.2,Região de Leiria,0.1,2.0,29464.0
2040,ssp245,0.2,Terras de Trás-os-Montes,0.0,2.0,0.0
2040,ssp245,0.2,Tâmega e Sousa,0.0,2.0,0.0
2040,ssp245,0.2,Viseu Dão Lafões,0.0,2.0,0.0
2040,ssp245,0.2,Área Metropolitana do Porto,14.8,4.0,11785699.0
2041,ssp245,0.21,Alentejo Central,0.0,2.0,0.0
2041,ssp245,0.21,Alentejo Litoral,169.9,1.5,50688817.0
2041,ssp245,0.21,Algarve,917.4,3.0,547416238.0
2041,ssp245,0.21,Alto Alentejo,0.0,2.0,0.0
2041,ssp245,0.21,Alto Minho,8.0,1.5,2386604.0
2041,ssp245,0.21,Alto Tâmega e Barroso,0.0,2.0,0.0
2041,ssp245,0.21,Ave,0.0,2.0,0.0
2041,ssp245,0.21,Baixo Alentejo,0.0,1.5,0.0
2041,ssp245,0.21,Beira Baixa,0.0,2.0,0.0
2041,ssp245,0.21,Beiras e Serra da Estrela,0.0,2.0,0.0
2041,ssp245,0.21,Cávado,2.2,2.5,1104909.0
2041,ssp245,0.21,Douro,0.0,2.0,0.0
2041,ssp245,0.21,Grande Lisboa,5479.8,5.0,5449707059.0
2041,ssp245,0.21,Lezíria do Tejo,64.9,1.5,19358010.0
2041,ssp245,0.21,Médio Tejo,0.0,2.0,0.0
2041,ssp245,0.21,Oeste,29.3,2.5,14584802.0
2041,ssp245,0.21,Península de Setúbal,729.7,3.0,435422637.0
2041,ssp245,0.21,Região de Aveiro,2407.0,2.5,1196892944.0
2041,ssp245,0.21,Região de Coimbra,567.1,2.5,282002305.0
2041,ssp245,0.21,Região de Leiria,0.1,2.0,29464.0
2041,ssp245,0.21,Terras de Trás-os-Montes,0.0,2.0,0.0
2041,ssp245,0.21,Tâmega e Sousa,0.0,2.0,0.0
2041,ssp245,0.21,Viseu Dão Lafões,0.0,2.0,0.0
2041,ssp245,0.21,Área Metropolitana do Porto,15.2,4.0,12080341.0
2042,ssp245,0.22,Alentejo Central,0.0,2.0,0.0
2042,ssp245,0.22,Alentejo Litoral,178.8,1.5,53353858.0
2042,ssp245,0.22,Algarve,976.1,3.0,582419763.0
2042,ssp245,0.22,Alto Alentejo,0.0,2.0,0.0
2042,ssp245,0.22,Alto Minho,8.6,1.5,2558970.0
2042,ssp245,0.22,Alto Tâmega e Barroso,0.0,2.0,0.0
2042,ssp245,0.22,Ave,0.0,2.0,0.0
2042,ssp245,0.22,Baixo Alentejo,0.0,1.5,0.0
2042,ssp245,0.22,Beira Baixa,0.0,2.0,0.0
2042,ssp245,0.22,Beiras e Serra da Estrela,0.0,2.0,0.0
2042,ssp245,0.22,Cávado,2.4,2.5,1178570.0
2042,ssp245,0.22,Douro,0.0,2.0,0.0
2042,ssp245,0.22,Grande Lisboa,5841.3,5.0,5809170868.0
2042,ssp245,0.22,Lezíria do Tejo,71.3,1.5,21276133.0
2042,ssp245,0.22,Médio Tejo,0.0,2.0,0.0
2042,ssp245,0.22,Oeste,32.2,2.5,15999086.0
2042,ssp245,0.22,Península de Setúbal,777.4,3.0,463885099.0
2042,ssp245,0.22,Região de Aveiro,2550.2,2.5,1268067515.0
2042,ssp245,0.22,Região de Coimbra,589.5,2.5,293139790.0
2042,ssp245,0.22,Região de Leiria,0.1,2.0,29464.0
2042,ssp245,0.22,Terras de Trás-os-Montes,0.0,2.0,0.0
2042,ssp245,0.22,Tâmega e Sousa,0.0,2.0,0.0
2042,ssp245,0.22,Viseu Dão Lafões,0.0,2.0,0.0
2042,ssp245,0.22,Área Metropolitana do Porto,15.2,4.0,12080341.0
2043,ssp245,0.23,Alentejo Central,0.0,2.0,0.0
2043,ssp245,0.23,Alentejo Litoral,187.1,1.5,55813386.0
2043,ssp245,0.23,Algarve,1037.4,3.0,619014358.0
2043,ssp245,0.23,Alto Alentejo,0.0,2.0,0.0
2043,ssp245,0.23,Alto Minho,9.4,1.5,2797630.0
2043,ssp245,0.23,Alto Tâmega e Barroso,0.0,2.0,0.0
2043,ssp245,0.23,Ave,0.0,2.0,0.0
2043,ssp245,0.23,Baixo Alentejo,0.0,1.5,0.0
2043,ssp245,0.23,Beira Baixa,0.0,2.0,0.0
2043,ssp245,0.23,Beiras e Serra da Estrela,0.0,2.0,0.0
2043,ssp245,0.23,Cávado,2.5,2.5,1252230.0
2043,ssp245,0.23,Douro,0.0,2.0,0.0
2043,ssp245,0.23,Grande Lisboa,6205.7,5.0,6171581102.0
2043,ssp245,0.23,Lezíria do Tejo,78.1,1.5,23300326.0
2043,ssp245,0.23,Médio Tejo,0.0,2.0,0.0
2043,ssp245,0.23,Oeste,34.8,2.5,17324977.0
2043,ssp245,0.23,Península de Setúbal,817.1,3.0,487574353.0
2043,ssp245,0.23,Região de Aveiro,2703.7,2.5,1344398329.0
2043,ssp245,0.23,Região de Coimbra,613.5,2.5,305043346.0
2043,ssp245,0.23,Região de Leiria,0.1,2.0,29464.0
2043,ssp245,0.23,Terras de Trás-os-Montes,0.0,2.0,0.0
2043,ssp245,0.23,Tâmega e Sousa,0.0,2.0,0.0
2043,ssp245,0.23,Viseu Dão Lafões,0.0,2.0,0.0
2043,ssp245,0.23,Área Metropolitana do Porto,15.6,4.0,12374984.0
2044,ssp245,0.24,Alentejo Central,0.0,2.0,0.0
2044,ssp245,0.24,Alentejo Litoral,195.2,1.5,58239767.0
2044,ssp245,0.24,Algarve,1103.5,3.0,658437520.0
2044,ssp245,0.24,Alto Alentejo,0.0,2.0,0.0
2044,ssp245,0.24,Alto Minho,10.3,1.5,3062808.0
2044,ssp245,0.24,Alto Tâmega e Barroso,0.0,2.0,0.0
2044,ssp245,0.24,Ave,0.0,2.0,0.0
2044,ssp245,0.24,Baixo Alentejo,0.0,1.5,0.0
2044,ssp245,0.24,Beira Baixa,0.0,2.0,0.0
2044,ssp245,0.24,Beiras e Serra da Estrela,0.0,2.0,0.0
2044,ssp245,0.24,Cávado,3.0,2.5,1473212.0
2044,ssp245,0.24,Douro,0.0,2.0,0.0
2044,ssp245,0.24,Grande Lisboa,6566.6,5.0,6530455626.0
2044,ssp245,0.24,Lezíria do Tejo,84.6,1.5,25253806.0
2044,ssp245,0.24,Médio Tejo,0.0,2.0,0.0
2044,ssp245,0.24,Oeste,38.6,2.5,19181225.0
2044,ssp245,0.24,Península de Setúbal,869.3,3.0,518688598.0
2044,ssp245,0.24,Região de Aveiro,2860.1,2.5,1422202355.0
2044,ssp245,0.24,Região de Coimbra,636.5,2.5,316504937.0
2044,ssp245,0.24,Região de Leiria,0.1,2.0,29464.0
2044,ssp245,0.24,Terras de Trás-os-Montes,0.0,2.0,0.0
2044,ssp245,0.24,Tâmega e Sousa,0.0,2.0,0.0
2044,ssp245,0.24,Viseu Dão Lafões,0.0,2.0,0.0
2044,ssp245,0.24,Área Metropolitana do Porto,16.7,4.0,13258911.0
2045,ssp245,0.25,Alentejo Central,0.0,2.0,0.0
2045,ssp245,0.25,Alentejo Litoral,203.5,1.5,60719183.0
2045,ssp245,0.25,Algarve,1172.3,3.0,699540144.0
2045,ssp245,0.25,Alto Alentejo,0.0,2.0,0.0
2045,ssp245,0.25,Alto Minho,11.6,1.5,3473835.0
2045,ssp245,0.25,Alto Tâmega e Barroso,0.0,2.0,0.0
2045,ssp245,0.25,Ave,0.0,2.0,0.0
2045,ssp245,0.25,Baixo Alentejo,0.0,1.5,0.0
2045,ssp245,0.25,Beira Baixa,0.0,2.0,0.0
2045,ssp245,0.25,Beiras e Serra da Estrela,0.0,2.0,0.0
2045,ssp245,0.25,Cávado,3.4,2.5,1694194.0
2045,ssp245,0.25,Douro,0.0,2.0,0.0
2045,ssp245,0.25,Grande Lisboa,6966.5,5.0,6928222956.0
2045,ssp245,0.25,Lezíria do Tejo,91.6,1.5,27339874.0
2045,ssp245,0.25,Médio Tejo,0.0,2.0,0.0
2045,ssp245,0.25,Oeste,41.4,2.5,20595508.0
2045,ssp245,0.25,Península de Setúbal,924.4,3.0,551570697.0
2045,ssp245,0.25,Região de Aveiro,3014.9,2.5,1499177700.0
2045,ssp245,0.25,Região de Coimbra,658.0,2.5,327200459.0
2045,ssp245,0.25,Região de Leiria,0.1,2.0,29464.0
2045,ssp245,0.25,Terras de Trás-os-Montes,0.0,2.0,0.0
2045,ssp245,0.25,Tâmega e Sousa,0.0,2.0,0.0
2045,ssp245,0.25,Viseu Dão Lafões,0.0,2.0,0.0
2045,ssp245,0.25,Área Metropolitana do Porto,17.0,4.0,13553553.0
2046,ssp245,0.26,Alentejo Central,0.0,2.0,0.0
2046,ssp245,0.26,Alentejo Litoral,211.9,1.5,63225117.0
2046,ssp245,0.26,Algarve,1242.9,3.0,741615088.0
2046,ssp245,0.26,Alto Alentejo,0.0,2.0,0.0
2046,ssp245,0.26,Alto Minho,13.1,1.5,3898120.0
2046,ssp245,0.26,Alto Tâmega e Barroso,0.0,2.0,0.0
2046,ssp245,0.26,Ave,0.0,2.0,0.0
2046,ssp245,0.26,Baixo Alentejo,0.0,1.5,0.0
2046,ssp245,0.26,Beira Baixa,0.0,2.0,0.0
2046,ssp245,0.26,Beiras e Serra da Estrela,0.0,2.0,0.0
2046,ssp245,0.26,Cávado,3.7,2.5,1841515.0
2046,ssp245,0.26,Douro,0.0,2.0,0.0
2046,ssp245,0.26,Grande Lisboa,7328.6,5.0,7288276050.0
2046,ssp245,0.26,Lezíria do Tejo,99.0,1.5,29540854.0
2046,ssp245,0.26,Médio Tejo,0.0,2.0,0.0
2046,ssp245,0.26,Oeste,43.6,2.5,21656221.0
2046,ssp245,0.26,Península de Setúbal,979.5,3.0,584452796.0
2046,ssp245,0.26,Região de Aveiro,3179.6,2.5,1581033060.0
2046,ssp245,0.26,Região de Coimbra,679.9,2.5,338072766.0
2046,ssp245,0.26,Região de Leiria,0.1,2.0,29464.0
2046,ssp245,0.26,Terras de Trás-os-Montes,0.0,2.0,0.0
2046,ssp245,0.26,Tâmega e Sousa,0.0,2.0,0.0
2046,ssp245,0.26,Viseu Dão Lafões,0.0,2.0,0.0
2046,ssp245,0.26,Área Metropolitana do Porto,18.1,4.0,14437481.0
2047,ssp245,0.27,Alentejo Central,0.0,2.0,0.0
2047,ssp245,0.27,Alentejo Litoral,220.0,1.5,65638239.0
2047,ssp245,0.27,Algarve,1315.7,3.0,785104316.0
2047,ssp245,0.27,Alto Alentejo,0.0,2.0,0.0
2047,ssp245,0.27,Alto Minho,14.0,1.5,4163298.0
2047,ssp245,0.27,Alto Tâmega e Barroso,0.0,2.0,0.0
2047,ssp245,0.27,Ave,0.0,2.0,0.0
2047,ssp245,0.27,Baixo Alentejo,0.0,1.5,0.0
2047,ssp245,0.27,Beira Baixa,0.0,2.0,0.0
2047,ssp245,0.27,Beiras e Serra da Estrela,0.0,2.0,0.0
2047,ssp245,0.27,Cávado,3.9,2.5,1915176.0
2047,ssp245,0.27,Douro,0.0,2.0,0.0
2047,ssp245,0.27,Grande Lisboa,7746.9,5.0,7704311213.0
2047,ssp245,0.27,Lezíria do Tejo,106.3,1.5,31715315.0
2047,ssp245,0.27,Médio Tejo,0.0,2.0,0.0
2047,ssp245,0.27,Oeste,47.6,2.5,23645058.0
2047,ssp245,0.27,Península de Setúbal,1035.8,3.0,618042038.0
2047,ssp245,0.27,Região de Aveiro,3344.2,2.5,1662888420.0
2047,ssp245,0.27,Região de Coimbra,699.5,2.5,347825432.0
2047,ssp245,0.27,Região de Leiria,0.1,2.0,29464.0
2047,ssp245,0.27,Terras de Trás-os-Montes,0.0,2.0,0.0
2047,ssp245,0.27,Tâmega e Sousa,0.0,2.0,0.0
2047,ssp245,0.27,Viseu Dão Lafões,0.0,2.0,0.0
2047,ssp245,0.27,Área Metropolitana do Porto,18.5,4.0,14732123.0
2048,ssp245,0.28,Alentejo Central,0.0,2.0,0.0
2048,ssp245,0.28,Alentejo Litoral,229.4,1.5,68449128.0
2048,ssp245,0.28,Algarve,1384.9,3.0,826383726.0
2048,ssp245,0.28,Alto Alentejo,0.0,2.0,0.0
2048,ssp245,0.28,Alto Minho,14.7,1.5,4375441.0
2048,ssp245,0.28,Alto Tâmega e Barroso,0.0,2.0,0.0
2048,ssp245,0.28,Ave,0.0,2.0,0.0
2048,ssp245,0.28,Baixo Alentejo,0.0,1.5,0.0
2048,ssp245,0.28,Beira Baixa,0.0,2.0,0.0
2048,ssp245,0.28,Beiras e Serra da Estrela,0.0,2.0,0.0
2048,ssp245,0.28,Cávado,4.0,2.5,1988837.0
2048,ssp245,0.28,Douro,0.0,2.0,0.0
2048,ssp245,0.28,Grande Lisboa,8168.2,5.0,8123292800.0
2048,ssp245,0.28,Lezíria do Tejo,114.5,1.5,34163794.0
2048,ssp245,0.28,Médio Tejo,0.0,2.0,0.0
2048,ssp245,0.28,Oeste,50.2,2.5,24970949.0
2048,ssp245,0.28,Península de Setúbal,1090.9,3.0,650924137.0
2048,ssp245,0.28,Região de Aveiro,3501.9,2.5,1741336977.0
2048,ssp245,0.28,Região de Coimbra,719.5,2.5,357754883.0
2048,ssp245,0.28,Região de Leiria,0.1,2.0,29464.0
2048,ssp245,0.28,Terras de Trás-os-Montes,0.0,2.0,0.0
2048,ssp245,0.28,Tâmega e Sousa,0.0,2.0,0.0
2048,ssp245,0.28,Viseu Dão Lafões,0.0,2.0,0.0
2048,ssp245,0.28,Área Metropolitana do Porto,18.9,4.0,15026766.0
2049,ssp245,0.29,Alentejo Central,0.0,2.0,0.0
2049,ssp245,0.29,Alentejo Litoral,237.9,1.5,70968321.0
2049,ssp245,0.29,Algarve,1460.6,3.0,871552416.0
2049,ssp245,0.29,Alto Alentejo,0.0,2.0,0.0
2049,ssp245,0.29,Alto Minho,15.8,1.5,4720172.0
2049,ssp245,0.29,Alto Tâmega e Barroso,0.0,2.0,0.0
2049,ssp245,0.29,Ave,0.0,2.0,0.0
2049,ssp245,0.29,Baixo Alentejo,0.0,1.5,0.0
2049,ssp245,0.29,Beira Baixa,0.0,2.0,0.0
2049,ssp245,0.29,Beiras e Serra da Estrela,0.0,2.0,0.0
2049,ssp245,0.29,Cávado,4.7,2.5,2357140.0
2049,ssp245,0.29,Douro,0.0,2.0,0.0
2049,ssp245,0.29,Grande Lisboa,8597.8,5.0,8550524376.0
2049,ssp245,0.29,Lezíria do Tejo,123.5,1.5,36833255.0
2049,ssp245,0.29,Médio Tejo,0.0,2.0,0.0
2049,ssp245,0.29,Oeste,53.3,2.5,26517822.0
2049,ssp245,0.29,Península de Setúbal,1158.1,3.0,691054441.0
2049,ssp245,0.29,Região de Aveiro,3672.5,2.5,1826138762.0
2049,ssp245,0.29,Região de Coimbra,739.6,2.5,367772727.0
2049,ssp245,0.29,Região de Leiria,0.1,2.0,29464.0
2049,ssp245,0.29,Terras de Trás-os-Montes,0.0,2.0,0.0
2049,ssp245,0.29,Tâmega e Sousa,0.0,2.0,0.0
2049,ssp245,0.29,Viseu Dão Lafões,0.0,2.0,0.0
2049,ssp245,0.29,Área Metropolitana do Porto,20.4,4.0,16205336.0
2050,ssp245,0.3,Alentejo Central,0.0,2.0,0.0
2050,ssp245,0.3,Alentejo Litoral,246.2,1.5,73454367.0
2050,ssp245,0.3,Algarve,1536.9,3.0,917074677.0
2050,ssp245,0.3,Alto Alentejo,0.0,2.0,0.0
2050,ssp245,0.3,Alto Minho,17.1,1.5,5091422.0
2050,ssp245,0.3,Alto Tâmega e Barroso,0.0,2.0,0.0
2050,ssp245,0.3,Ave,0.0,2.0,0.0
2050,ssp245,0.3,Baixo Alentejo,0.0,1.5,0.0
2050,ssp245,0.3,Beira Baixa,0.0,2.0,0.0
2050,ssp245,0.3,Beiras e Serra da Estrela,0.0,2.0,0.0
2050,ssp245,0.3,Cávado,5.2,2.5,2578122.0
2050,ssp245,0.3,Douro,0.0,2.0,0.0
2050,ssp245,0.3,Grande Lisboa,9036.3,5.0,8986595227.0
2050,ssp245,0.3,Lezíria do Tejo,132.0,1.5,39396644.0
2050,ssp245,0.3,Médio Tejo,0.0,2.0,0.0
2050,ssp245,0.3,Oeste,56.2,2.5,27932106.0
2050,ssp245,0.3,Península de Setúbal,1210.9,3.0,722522256.0
2050,ssp245,0.3,Região de Aveiro,3849.3,2.5,1914071123.0
2050,ssp245,0.3,Região de Coimbra,757.2,2.5,376523608.0
2050,ssp245,0.3,Região de Leiria,0.1,2.0,58928.0
2050,ssp245,0.3,Terras de Trás-os-Montes,0.0,2.0,0.0
2050,ssp245,0.3,Tâmega e Sousa,0.0,2.0,0.0
2050,ssp245,0.3,Viseu Dão Lafões,0.0,2.0,0.0
2050,ssp245,0.3,Área Metropolitana do Porto,21.1,4.0,16794621.0
2051,ssp245,0.306,Alentejo Central,0.0,2.0,0.0
2051,ssp245,0.306,Alentejo Litoral,251.3,1.5,74985771.0
2051,ssp245,0.306,Algarve,1581.6,3.0,943769284.0
2051,ssp245,0.306,Alto Alentejo,0.0,2.0,0.0
2051,ssp245,0.306,Alto Minho,17.4,1.5,5197493.0
2051,ssp245,0.306,Alto Tâmega e Barroso,0.0,2.0,0.0
2051,ssp245,0.306,Ave,0.0,2.0,0.0
2051,ssp245,0.306,Baixo Alentejo,0.0,1.5,0.0
2051,ssp245,0.306,Beira Baixa,0.0,2.0,0.0
2051,ssp245,0.306,Beiras e Serra da Estrela,0.0,2.0,0.0
2051,ssp245,0.306,Cávado,5.6,2.5,2799103.0
2051,ssp245,0.306,Douro,0.0,2.0,0.0
2051,ssp245,0.306,Grande Lisboa,9309.5,5.0,9258255581.0
2051,ssp245,0.306,Lezíria do Tejo,137.2,1.5,40925839.0
2051,ssp245,0.306,Médio Tejo,0.0,2.0,0.0
2051,ssp245,0.306,Oeste,58.1,2.5,28904426.0
2051,ssp245,0.306,Península de Setúbal,1247.3,3.0,744266870.0
2051,ssp245,0.306,Região de Aveiro,3947.8,2.5,1963055433.0
2051,ssp245,0.306,Região de Coimbra,768.8,2.5,382298600.0
2051,ssp245,0.306,Região de Leiria,0.1,2.0,58928.0
2051,ssp245,0.306,Terras de Trás-os-Montes,0.0,2.0,0.0
2051,ssp245,0.306,Tâmega e Sousa,0.0,2.0,0.0
2051,ssp245,0.306,Viseu Dão Lafões,0.0,2.0,0.0
2051,ssp245,0.306,Área Metropolitana do Porto,22.2,4.0,17678548.0
2052,ssp245,0.312,Alentejo Central,0.0,2.0,0.0
2052,ssp245,0.312,Alentejo Litoral,256.9,1.5,76636506.0
2052,ssp245,0.312,Algarve,1627.7,3.0,971259426.0
2052,ssp245,0.312,Alto Alentejo,0.0,2.0,0.0
2052,ssp245,0.312,Alto Minho,18.3,1.5,5462671.0
2052,ssp245,0.312,Alto Tâmega e Barroso,0.0,2.0,0.0
2052,ssp245,0.312,Ave,0.0,2.0,0.0
2052,ssp245,0.312,Baixo Alentejo,0.0,1.5,0.0
2052,ssp245,0.312,Beira Baixa,0.0,2.0,0.0
2052,ssp245,0.312,Beiras e Serra da Estrela,0.0,2.0,0.0
2052,ssp245,0.312,Cávado,6.2,2.5,3093746.0
2052,ssp245,0.312,Douro,0.0,2.0,0.0
2052,ssp245,0.312,Grande Lisboa,9576.7,5.0,9524023085.0
2052,ssp245,0.312,Lezíria do Tejo,143.2,1.5,42711372.0
2052,ssp245,0.312,Médio Tejo,0.0,2.0,0.0
2052,ssp245,0.312,Oeste,60.3,2.5,29965139.0
2052,ssp245,0.312,Península de Setúbal,1286.1,3.0,767425768.0
2052,ssp245,0.312,Região de Aveiro,4051.3,2.5,2014525789.0
2052,ssp245,0.312,Região de Coimbra,780.4,2.5,388073593.0
2052,ssp245,0.312,Região de Leiria,0.2,2.0,88393.0
2052,ssp245,0.312,Terras de Trás-os-Montes,0.0,2.0,0.0
2052,ssp245,0.312,Tâmega e Sousa,0.0,2.0,0.0
2052,ssp245,0.312,Viseu Dão Lafões,0.0,2.0,0.0
2052,ssp245,0.312,Área Metropolitana do Porto,23.3,4.0,18562475.0
2053,ssp245,0.318,Alentejo Central,0.0,2.0,0.0
2053,ssp245,0.318,Alentejo Litoral,262.2,1.5,78227575.0
2053,ssp245,0.318,Algarve,1675.1,3.0,999545103.0
2053,ssp245,0.318,Alto Alentejo,0.0,2.0,0.0
2053,ssp245,0.318,Alto Minho,19.0,1.5,5674814.0
2053,ssp245,0.318,Alto Tâmega e Barroso,0.0,2.0,0.0
2053,ssp245,0.318,Ave,0.0,2.0,0.0
2053,ssp245,0.318,Baixo Alentejo,0.0,1.5,0.0
2053,ssp245,0.318,Beira Baixa,0.0,2.0,0.0
2053,ssp245,0.318,Beiras e Serra da Estrela,0.0,2.0,0.0
2053,ssp245,0.318,Cávado,6.7,2.5,3314728.0
2053,ssp245,0.318,Douro,0.0,2.0,0.0
2053,ssp245,0.318,Grande Lisboa,9852.2,5.0,9798040579.0
2053,ssp245,0.318,Lezíria do Tejo,149.4,1.5,44585298.0
2053,ssp245,0.318,Médio Tejo,0.0,2.0,0.0
2053,ssp245,0.318,Oeste,62.6,2.5,31114244.0
2053,ssp245,0.318,Península de Setúbal,1325.2,3.0,790761451.0
2053,ssp245,0.318,Região de Aveiro,4157.6,2.5,2067377281.0
2053,ssp245,0.318,Região de Coimbra,792.2,2.5,393907513.0
2053,ssp245,0.318,Região de Leiria,0.2,2.0,88393.0
2053,ssp245,0.318,Terras de Trás-os-Montes,0.0,2.0,0.0
2053,ssp245,0.318,Tâmega e Sousa,0.0,2.0,0.0
2053,ssp245,0.318,Viseu Dão Lafões,0.0,2.0,0.0
2053,ssp245,0.318,Área Metropolitana do Porto,24.1,4.0,19151760.0
2054,ssp245,0.324,Alentejo Central,0.0,2.0,0.0
2054,ssp245,0.324,Alentejo Litoral,267.2,1.5,79719202.0
2054,ssp245,0.324,Algarve,1720.7,3.0,1026770067.0
2054,ssp245,0.324,Alto Alentejo,0.0,2.0,0.0
2054,ssp245,0.324,Alto Minho,20.2,1.5,6032805.0
2054,ssp245,0.324,Alto Tâmega e Barroso,0.0,2.0,0.0
2054,ssp245,0.324,Ave,0.0,2.0,0.0
2054,ssp245,0.324,Baixo Alentejo,0.0,1.5,0.0
2054,ssp245,0.324,Beira Baixa,0.0,2.0,0.0
2054,ssp245,0.324,Beiras e Serra da Estrela,0.0,2.0,0.0
2054,ssp245,0.324,Cávado,7.0,2.5,3462049.0
2054,ssp245,0.324,Douro,0.0,2.0,0.0
2054,ssp245,0.324,Grande Lisboa,10123.0,5.0,10067343793.0
2054,ssp245,0.324,Lezíria do Tejo,155.0,1.5,46247082.0
2054,ssp245,0.324,Médio Tejo,0.0,2.0,0.0
2054,ssp245,0.324,Oeste,64.8,2.5,32219154.0
2054,ssp245,0.324,Península de Setúbal,1362.3,3.0,812859636.0
2054,ssp245,0.324,Região de Aveiro,4261.7,2.5,2119123864.0
2054,ssp245,0.324,Região de Coimbra,803.3,2.5,399417328.0
2054,ssp245,0.324,Região de Leiria,0.2,2.0,88393.0
2054,ssp245,0.324,Terras de Trás-os-Montes,0.0,2.0,0.0
2054,ssp245,0.324,Tâmega e Sousa,0.0,2.0,0.0
2054,ssp245,0.324,Viseu Dão Lafões,0.0,2.0,0.0
2054,ssp245,0.324,Área Metropolitana do Porto,24.8,4.0,19741045.0
2055,ssp245,0.33,Alentejo Central,0.0,2.0,0.0
2055,ssp245,0.33,Alentejo Litoral,272.0,1.5,81137906.0
2055,ssp245,0.33,Algarve,1772.4,3.0,1057619133.0
2055,ssp245,0.33,Alto Alentejo,0.0,2.0,0.0
2055,ssp245,0.33,Alto Minho,21.2,1.5,6324501.0
2055,ssp245,0.33,Alto Tâmega e Barroso,0.0,2.0,0.0
2055,ssp245,0.33,Ave,0.0,2.0,0.0
2055,ssp245,0.33,Baixo Alentejo,0.0,1.5,0.0
2055,ssp245,0.33,Beira Baixa,0.0,2.0,0.0
2055,ssp245,0.33,Beiras e Serra da Estrela,0.0,2.0,0.0
2055,ssp245,0.33,Cávado,7.7,2.5,3830352.0
2055,ssp245,0.33,Douro,0.0,2.0,0.0
2055,ssp245,0.33,Grande Lisboa,10412.8,5.0,10355504126.0
2055,ssp245,0.33,Lezíria do Tejo,160.9,1.5,47997258.0
2055,ssp245,0.33,Médio Tejo,0.0,2.0,0.0
2055,ssp245,0.33,Oeste,67.3,2.5,33456652.0
2055,ssp245,0.33,Península de Setúbal,1398.7,3.0,834604250.0
2055,ssp245,0.33,Região de Aveiro,4365.2,2.5,2170594220.0
2055,ssp245,0.33,Região de Coimbra,814.1,2.5,404809285.0
2055,ssp245,0.33,Região de Leiria,0.2,2.0,88393.0
2055,ssp245,0.33,Terras de Trás-os-Montes,0.0,2.0,0.0
2055,ssp245,0.33,Tâmega e Sousa,0.0,2.0,0.0
2055,ssp245,0.33,Viseu Dão Lafões,0.0,2.0,0.0
2055,ssp245,0.33,Área Metropolitana do Porto,25.9,4.0,20624973.0
2056,ssp245,0.336,Alentejo Central,0.0,2.0,0.0
2056,ssp245,0.336,Alentejo Litoral,277.2,1.5,82715716.0
2056,ssp245,0.336,Algarve,1821.3,3.0,1086788737.0
2056,ssp245,0.336,Alto Alentejo,0.0,2.0,0.0
2056,ssp245,0.336,Alto Minho,22.3,1.5,6642714.0
2056,ssp245,0.336,Alto Tâmega e Barroso,0.0,2.0,0.0
2056,ssp245,0.336,Ave,0.0,2.0,0.0
2056,ssp245,0.336,Baixo Alentejo,0.0,1.5,0.0
2056,ssp245,0.336,Beira Baixa,0.0,2.0,0.0
2056,ssp245,0.336,Beiras e Serra da Estrela,0.0,2.0,0.0
2056,ssp245,0.336,Cávado,8.0,2.5,3977673.0
2056,ssp245,0.336,Douro,0.0,2.0,0.0
2056,ssp245,0.336,Grande Lisboa,10736.3,5.0,10677253699.0
2056,ssp245,0.336,Lezíria do Tejo,166.0,1.5,49535291.0
2056,ssp245,0.336,Médio Tejo,0.0,2.0,0.0
2056,ssp245,0.336,Oeste,69.6,2.5,34605758.0
2056,ssp245,0.336,Península de Setúbal,1436.6,3.0,857232792.0
2056,ssp245,0.336,Região de Aveiro,4467.6,2.5,2221512121.0
2056,ssp245,0.336,Região de Coimbra,825.7,2.5,410554813.0
2056,ssp245,0.336,Região de Leiria,0.2,2.0,88393.0
2056,ssp245,0.336,Terras de Trás-os-Montes,0.0,2.0,0.0
2056,ssp245,0.336,Tâmega e Sousa,0.0,2.0,0.0
2056,ssp245,0.336,Viseu Dão Lafões,0.0,2.0,0.0
2056,ssp245,0.336,Área Metropolitana do Porto,25.9,4.0,20624973.0
2057,ssp245,0.342,Alentejo Central,0.0,2.0,0.0
2057,ssp245,0.342,Alentejo Litoral,282.2,1.5,84207344.0
2057,ssp245,0.342,Algarve,1870.5,3.0,1116135127.0
2057,ssp245,0.342,Alto Alentejo,0.0,2.0,0.0
2057,ssp245,0.342,Alto Minho,23.0,1.5,6868116.0
2057,ssp245,0.342,Alto Tâmega e Barroso,0.0,2.0,0.0
2057,ssp245,0.342,Ave,0.0,2.0,0.0
2057,ssp245,0.342,Baixo Alentejo,0.0,1.5,0.0
2057,ssp245,0.342,Beira Baixa,0.0,2.0,0.0
2057,ssp245,0.342,Beiras e Serra da Estrela,0.0,2.0,0.0
2057,ssp245,0.342,Cávado,8.7,2.5,4345976.0
2057,ssp245,0.342,Douro,0.0,2.0,0.0
2057,ssp245,0.342,Grande Lisboa,11058.6,5.0,10997824702.0
2057,ssp245,0.342,Lezíria do Tejo,172.7,1.5,51524128.0
2057,ssp245,0.342,Médio Tejo,0.0,2.0,0.0
2057,ssp245,0.342,Oeste,72.3,2.5,35975845.0
2057,ssp245,0.342,Península de Setúbal,1480.2,3.0,883220257.0
2057,ssp245,0.342,Região de Aveiro,4574.3,2.5,2274547765.0
2057,ssp245,0.342,Região de Coimbra,836.7,2.5,416064627.0
2057,ssp245,0.342,Região de Leiria,0.3,2.0,117857.0
2057,ssp245,0.342,Terras de Trás-os-Montes,0.0,2.0,0.0
2057,ssp245,0.342,Tâmega e Sousa,0.0,2.0,0.0
2057,ssp245,0.342,Viseu Dão Lafões,0.0,2.0,0.0
2057,ssp245,0.342,Área Metropolitana do Porto,26.3,4.0,20919615.0
2058,ssp245,0.348,Alentejo Central,0.0,2.0,0.0
2058,ssp245,0.348,Alentejo Litoral,287.9,1.5,85891225.0
2058,ssp245,0.348,Algarve,1917.2,3.0,1143978840.0
2058,ssp245,0.348,Alto Alentejo,0.0,2.0,0.0
2058,ssp245,0.348,Alto Minho,24.3,1.5,7239365.0
2058,ssp245,0.348,Alto Tâmega e Barroso,0.0,2.0,0.0
2058,ssp245,0.348,Ave,0.0,2.0,0.0
2058,ssp245,0.348,Baixo Alentejo,0.0,1.5,0.0
2058,ssp245,0.348,Beira Baixa,0.0,2.0,0.0
2058,ssp245,0.348,Beiras e Serra da Estrela,0.0,2.0,0.0
2058,ssp245,0.348,Cávado,9.2,2.5,4566958.0
2058,ssp245,0.348,Douro,0.0,2.0,0.0
2058,ssp245,0.348,Grande Lisboa,11346.6,5.0,11284217180.0
2058,ssp245,0.348,Lezíria do Tejo,178.8,1.5,53345019.0
2058,ssp245,0.348,Médio Tejo,0.0,2.0,0.0
2058,ssp245,0.348,Oeste,74.7,2.5,37169147.0
2058,ssp245,0.348,Península de Setúbal,1520.8,3.0,907439868.0
2058,ssp245,0.348,Região de Aveiro,4680.9,2.5,2327583409.0
2058,ssp245,0.348,Região de Coimbra,847.8,2.5,421544977.0
2058,ssp245,0.348,Região de Leiria,0.3,2.0,117857.0
2058,ssp245,0.348,Terras de Trás-os-Montes,0.0,2.0,0.0
2058,ssp245,0.348,Tâmega e Sousa,0.0,2.0,0.0
2058,ssp245,0.348,Viseu Dão Lafões,0.0,2.0,0.0
2058,ssp245,0.348,Área Metropolitana do Porto,26.7,4.0,21214258.0
2059,ssp245,0.354,Alentejo Central,0.0,2.0,0.0
2059,ssp245,0.354,Alentejo Litoral,292.8,1.5,87369594.0
2059,ssp245,0.354,Algarve,1968.7,3.0,1174739514.0
2059,ssp245,0.354,Alto Alentejo,0.0,2.0,0.0
2059,ssp245,0.354,Alto Minho,25.5,1.5,7597356.0
2059,ssp245,0.354,Alto Tâmega e Barroso,0.0,2.0,0.0
2059,ssp245,0.354,Ave,0.0,2.0,0.0
2059,ssp245,0.354,Baixo Alentejo,0.0,1.5,0.0
2059,ssp245,0.354,Beira Baixa,0.0,2.0,0.0
2059,ssp245,0.354,Beiras e Serra da Estrela,0.0,2.0,0.0
2059,ssp245,0.354,Cávado,10.4,2.5,5156243.0
2059,ssp245,0.354,Douro,0.0,2.0,0.0
2059,ssp245,0.354,Grande Lisboa,11663.0,5.0,11598895334.0
2059,ssp245,0.354,Lezíria do Tejo,184.6,1.5,55077516.0
2059,ssp245,0.354,Médio Tejo,0.0,2.0,0.0
2059,ssp245,0.354,Oeste,76.9,2.5,38229860.0
2059,ssp245,0.354,Península de Setúbal,1562.8,3.0,932543406.0
2059,ssp245,0.354,Região de Aveiro,4799.1,2.5,2386327751.0
2059,ssp245,0.354,Região de Coimbra,861.7,2.5,428469075.0
2059,ssp245,0.354,Região de Leiria,0.3,2.0,117857.0
2059,ssp245,0.354,Terras de Trás-os-Montes,0.0,2.0,0.0
2059,ssp245,0.354,Tâmega e Sousa,0.0,2.0,0.0
2059,ssp245,0.354,Viseu Dão Lafões,0.0,2.0,0.0
2059,ssp245,0.354,Área Metropolitana do Porto,27.0,4.0,21508900.0
2060,ssp245,0.36,Alentejo Central,0.0,2.0,0.0
2060,ssp245,0.36,Alentejo Litoral,297.9,1.5,88887739.0
2060,ssp245,0.36,Algarve,2016.3,3.0,1203113583.0
2060,ssp245,0.36,Alto Alentejo,0.0,2.0,0.0
2060,ssp245,0.36,Alto Minho,26.9,1.5,8021641.0
2060,ssp245,0.36,Alto Tâmega e Barroso,0.0,2.0,0.0
2060,ssp245,0.36,Ave,0.0,2.0,0.0
2060,ssp245,0.36,Baixo Alentejo,0.0,1.5,0.0
2060,ssp245,0.36,Beira Baixa,0.0,2.0,0.0
2060,ssp245,0.36,Beiras e Serra da Estrela,0.0,2.0,0.0
2060,ssp245,0.36,Cávado,11.3,2.5,5598207.0
2060,ssp245,0.36,Douro,0.0,2.0,0.0
2060,ssp245,0.36,Grande Lisboa,11969.4,5.0,11903555644.0
2060,ssp245,0.36,Lezíria do Tejo,191.5,1.5,57145906.0
2060,ssp245,0.36,Médio Tejo,0.0,2.0,0.0
2060,ssp245,0.36,Oeste,78.7,2.5,39113787.0
2060,ssp245,0.36,Península de Setúbal,1604.3,3.0,957293373.0
2060,ssp245,0.36,Região de Aveiro,4908.7,2.5,2440836607.0
2060,ssp245,0.36,Região de Coimbra,872.3,2.5,433772639.0
2060,ssp245,0.36,Região de Leiria,0.3,2.0,117857.0
2060,ssp245,0.36,Terras de Trás-os-Montes,0.0,2.0,0.0
2060,ssp245,0.36,Tâmega e Sousa,0.0,2.0,0.0
2060,ssp245,0.36,Viseu Dão Lafões,0.0,2.0,0.0
2060,ssp245,0.36,Área Metropolitana do Porto,27.4,4.0,21803543.0
2061,ssp245,0.366,Alentejo Central,0.0,2.0,0.0
2061,ssp245,0.366,Alentejo Litoral,303.1,1.5,90432402.0
2061,ssp245,0.366,Algarve,2072.4,3.0,1236614432.0
2061,ssp245,0.366,Alto Alentejo,0.0,2.0,0.0
2061,ssp245,0.366,Alto Minho,27.8,1.5,8300078.0
2061,ssp245,0.366,Alto Tâmega e Barroso,0.0,2.0,0.0
2061,ssp245,0.366,Ave,0.0,2.0,0.0
2061,ssp245,0.366,Baixo Alentejo,0.0,1.5,0.0
2061,ssp245,0.366,Beira Baixa,0.0,2.0,0.0
2061,ssp245,0.366,Beiras e Serra da Estrela,0.0,2.0,0.0
2061,ssp245,0.366,Cávado,12.0,2.5,5966510.0
2061,ssp245,0.366,Douro,0.0,2.0,0.0
2061,ssp245,0.366,Grande Lisboa,12268.6,5.0,12201144535.0
2061,ssp245,0.366,Lezíria do Tejo,198.3,1.5,59152422.0
2061,ssp245,0.366,Médio Tejo,0.0,2.0,0.0
2061,ssp245,0.366,Oeste,80.5,2.5,40041911.0
2061,ssp245,0.366,Península de Setúbal,1641.6,3.0,979568344.0
2061,ssp245,0.366,Região de Aveiro,5017.6,2.5,2494977160.0
2061,ssp245,0.366,Região de Coimbra,882.1,2.5,438634240.0
2061,ssp245,0.366,Região de Leiria,0.3,2.0,117857.0
2061,ssp245,0.366,Terras de Trás-os-Montes,0.0,2.0,0.0
2061,ssp245,0.366,Tâmega e Sousa,0.0,2.0,0.0
2061,ssp245,0.366,Viseu Dão Lafões,0.0,2.0,0.0
2061,ssp245,0.366,Área Metropolitana do Porto,28.5,4.0,22687470.0
2062,ssp245,0.372,Alentejo Central,0.0,2.0,0.0
2062,ssp245,0.372,Alentejo Litoral,308.6,1.5,92069878.0
2062,ssp245,0.372,Algarve,2119.5,3.0,1264723323.0
2062,ssp245,0.372,Alto Alentejo,0.0,2.0,0.0
2062,ssp245,0.372,Alto Minho,28.7,1.5,8565256.0
2062,ssp245,0.372,Alto Tâmega e Barroso,0.0,2.0,0.0
2062,ssp245,0.372,Ave,0.0,2.0,0.0
2062,ssp245,0.372,Baixo Alentejo,0.0,1.5,0.0
2062,ssp245,0.372,Beira Baixa,0.0,2.0,0.0
2062,ssp245,0.372,Beiras e Serra da Estrela,0.0,2.0,0.0
2062,ssp245,0.372,Cávado,12.7,2.5,6334813.0
2062,ssp245,0.372,Douro,0.0,2.0,0.0
2062,ssp245,0.372,Grande Lisboa,12569.0,5.0,12499911996.0
2062,ssp245,0.372,Lezíria do Tejo,205.1,1.5,61203133.0
2062,ssp245,0.372,Médio Tejo,0.0,2.0,0.0
2062,ssp245,0.372,Oeste,82.7,2.5,41102624.0
2062,ssp245,0.372,Península de Setúbal,1686.1,3.0,1006086166.0
2062,ssp245,0.372,Região de Aveiro,5117.5,2.5,2544698077.0
2062,ssp245,0.372,Região de Coimbra,891.5,2.5,443319055.0
2062,ssp245,0.372,Região de Leiria,0.4,2.0,147321.0
2062,ssp245,0.372,Terras de Trás-os-Montes,0.0,2.0,0.0
2062,ssp245,0.372,Tâmega e Sousa,0.0,2.0,0.0
2062,ssp245,0.372,Viseu Dão Lafões,0.0,2.0,0.0
2062,ssp245,0.372,Área Metropolitana do Porto,29.3,4.0,23276755.0
2063,ssp245,0.378,Alentejo Central,0.0,2.0,0.0
2063,ssp245,0.378,Alentejo Litoral,313.9,1.5,93647688.0
2063,ssp245,0.378,Algarve,2172.3,3.0,1296191138.0
2063,ssp245,0.378,Alto Alentejo,0.0,2.0,0.0
2063,ssp245,0.378,Alto Minho,29.5,1.5,8803917.0
2063,ssp245,0.378,Alto Tâmega e Barroso,0.0,2.0,0.0
2063,ssp245,0.378,Ave,0.0,2.0,0.0
2063,ssp245,0.378,Baixo Alentejo,0.0,1.5,0.0
2063,ssp245,0.378,Beira Baixa,0.0,2.0,0.0
2063,ssp245,0.378,Beiras e Serra da Estrela,0.0,2.0,0.0
2063,ssp245,0.378,Cávado,13.6,2.5,6776777.0
2063,ssp245,0.378,Douro,0.0,2.0,0.0
2063,ssp245,0.378,Grande Lisboa,12901.5,5.0,12830500844.0
2063,ssp245,0.378,Lezíria do Tejo,211.9,1.5,63227327.0
2063,ssp245,0.378,Médio Tejo,0.0,2.0,0.0
2063,ssp245,0.378,Oeste,84.8,2.5,42163337.0
2063,ssp245,0.378,Península de Setúbal,1732.3,3.0,1033664701.0
2063,ssp245,0.378,Região de Aveiro,5228.8,2.5,2600035615.0
2063,ssp245,0.378,Região de Coimbra,902.5,2.5,448769941.0
2063,ssp245,0.378,Região de Leiria,0.4,2.0,147321.0
2063,ssp245,0.378,Terras de Trás-os-Montes,0.0,2.0,0.0
2063,ssp245,0.378,Tâmega e Sousa,0.0,2.0,0.0
2063,ssp245,0.378,Viseu Dão Lafões,0.0,2.0,0.0
2063,ssp245,0.378,Área Metropolitana do Porto,30.0,4.0,23866040.0
2064,ssp245,0.384,Alentejo Central,0.0,2.0,0.0
2064,ssp245,0.384,Alentejo Litoral,318.8,1.5,95099539.0
2064,ssp245,0.384,Algarve,2233.6,3.0,1332785733.0
2064,ssp245,0.384,Alto Alentejo,0.0,2.0,0.0
2064,ssp245,0.384,Alto Minho,31.1,1.5,9267979.0
2064,ssp245,0.384,Alto Tâmega e Barroso,0.0,2.0,0.0
2064,ssp245,0.384,Ave,0.0,2.0,0.0
2064,ssp245,0.384,Baixo Alentejo,0.0,1.5,0.0
2064,ssp245,0.384,Beira Baixa,0.0,2.0,0.0
2064,ssp245,0.384,Beiras e Serra da Estrela,0.0,2.0,0.0
2064,ssp245,0.384,Cávado,14.7,2.5,7292401.0
2064,ssp245,0.384,Douro,0.0,2.0,0.0
2064,ssp245,0.384,Grande Lisboa,13228.0,5.0,13155196842.0
2064,ssp245,0.384,Lezíria do Tejo,219.6,1.5,65525538.0
2064,ssp245,0.384,Médio Tejo,0.0,2.0,0.0
2064,ssp245,0.384,Oeste,86.7,2.5,43091461.0
2064,ssp245,0.384,Península de Setúbal,1775.6,3.0,1059475381.0
2064,ssp245,0.384,Região de Aveiro,5342.2,2.5,2656385987.0
2064,ssp245,0.384,Região de Coimbra,912.8,2.5,453867255.0
2064,ssp245,0.384,Região de Leiria,0.4,2.0,176785.0
2064,ssp245,0.384,Terras de Trás-os-Montes,0.0,2.0,0.0
2064,ssp245,0.384,Tâmega e Sousa,0.0,2.0,0.0
2064,ssp245,0.384,Viseu Dão Lafões,0.0,2.0,0.0
2064,ssp245,0.384,Área Metropolitana do Porto,30.0,4.0,23866040.0
2065,ssp245,0.39,Alentejo Central,0.0,2.0,0.0
2065,ssp245,0.39,Alentejo Litoral,323.6,1.5,96551390.0
2065,ssp245,0.39,Algarve,2292.4,3.0,1367877650.0
2065,ssp245,0.39,Alto Alentejo,0.0,2.0,0.0
2065,ssp245,0.39,Alto Minho,32.0,1.5,9533157.0
2065,ssp245,0.39,Alto Tâmega e Barroso,0.0,2.0,0.0
2065,ssp245,0.39,Ave,0.0,2.0,0.0
2065,ssp245,0.39,Baixo Alentejo,0.0,1.5,0.0
2065,ssp245,0.39,Beira Baixa,0.0,2.0,0.0
2065,ssp245,0.39,Beiras e Serra da Estrela,0.0,2.0,0.0
2065,ssp245,0.39,Cávado,15.3,2.5,7587044.0
2065,ssp245,0.39,Douro,0.0,2.0,0.0
2065,ssp245,0.39,Grande Lisboa,13565.7,5.0,13491089253.0
2065,ssp245,0.39,Lezíria do Tejo,226.9,1.5,67691160.0
2065,ssp245,0.39,Médio Tejo,0.0,2.0,0.0
2065,ssp245,0.39,Oeste,89.9,2.5,44682530.0
2065,ssp245,0.39,Península de Setúbal,1822.4,3.0,1087407487.0
2065,ssp245,0.39,Região de Aveiro,5454.7,2.5,2712368055.0
2065,ssp245,0.39,Região de Coimbra,924.3,2.5,459612783.0
2065,ssp245,0.39,Região de Leiria,0.4,2.0,176785.0
2065,ssp245,0.39,Terras de Trás-os-Montes,0.0,2.0,0.0
2065,ssp245,0.39,Tâmega e Sousa,0.0,2.0,0.0
2065,ssp245,0.39,Viseu Dão Lafões,0.0,2.0,0.0
2065,ssp245,0.39,Área Metropolitana do Porto,30.4,4.0,24160682.0
2066,ssp245,0.396,Alentejo Central,0.0,2.0,0.0
2066,ssp245,0.396,Alentejo Litoral,328.6,1.5,98023129.0
2066,ssp245,0.396,Algarve,2340.5,3.0,1396605291.0
2066,ssp245,0.396,Alto Alentejo,0.0,2.0,0.0
2066,ssp245,0.396,Alto Minho,33.1,1.5,9877889.0
2066,ssp245,0.396,Alto Tâmega e Barroso,0.0,2.0,0.0
2066,ssp245,0.396,Ave,0.0,2.0,0.0
2066,ssp245,0.396,Baixo Alentejo,0.0,1.5,0.0
2066,ssp245,0.396,Beira Baixa,0.0,2.0,0.0
2066,ssp245,0.396,Beiras e Serra da Estrela,0.0,2.0,0.0
2066,ssp245,0.396,Cávado,16.1,2.5,8029007.0
2066,ssp245,0.396,Douro,0.0,2.0,0.0
2066,ssp245,0.396,Grande Lisboa,13894.0,5.0,13817553106.0
2066,ssp245,0.396,Lezíria do Tejo,234.3,1.5,69900979.0
2066,ssp245,0.396,Médio Tejo,0.0,2.0,0.0
2066,ssp245,0.396,Oeste,92.4,2.5,45964225.0
2066,ssp245,0.396,Península de Setúbal,1870.7,3.0,1116223520.0
2066,ssp245,0.396,Região de Aveiro,5563.4,2.5,2766416533.0
2066,ssp245,0.396,Região de Coimbra,933.8,2.5,464327063.0
2066,ssp245,0.396,Região de Leiria,0.4,2.0,176785.0
2066,ssp245,0.396,Terras de Trás-os-Montes,0.0,2.0,0.0
2066,ssp245,0.396,Tâmega e Sousa,0.0,2.0,0.0
2066,ssp245,0.396,Viseu Dão Lafões,0.0,2.0,0.0
2066,ssp245,0.396,Área Metropolitana do Porto,31.5,4.0,25044610.0
2067,ssp245,0.402,Alentejo Central,0.0,2.0,0.0
2067,ssp245,0.402,Alentejo Litoral,333.6,1.5,99521386.0
2067,ssp245,0.402,Algarve,2393.0,3.0,1427896321.0
2067,ssp245,0.402,Alto Alentejo,0.0,2.0,0.0
2067,ssp245,0.402,Alto Minho,33.9,1.5,10116549.0
2067,ssp245,0.402,Alto Tâmega e Barroso,0.0,2.0,0.0
2067,ssp245,0.402,Ave,0.0,2.0,0.0
2067,ssp245,0.402,Baixo Alentejo,0.0,1.5,0.0
2067,ssp245,0.402,Beira Baixa,0.0,2.0,0.0
2067,ssp245,0.402,Beiras e Serra da Estrela,0.0,2.0,0.0
2067,ssp245,0.402,Cávado,16.3,2.5,8102668.0
2067,ssp245,0.402,Douro,0.0,2.0,0.0
2067,ssp245,0.402,Grande Lisboa,14266.1,5.0,14187624044.0
2067,ssp245,0.402,Lezíria do Tejo,241.8,1.5,72146154.0
2067,ssp245,0.402,Médio Tejo,0.0,2.0,0.0
2067,ssp245,0.402,Oeste,95.4,2.5,47422705.0
2067,ssp245,0.402,Península de Setúbal,1915.1,3.0,1142741342.0
2067,ssp245,0.402,Região de Aveiro,5670.8,2.5,2819820480.0
2067,ssp245,0.402,Região de Coimbra,942.1,2.5,468481522.0
2067,ssp245,0.402,Região de Leiria,0.5,2.0,206250.0
2067,ssp245,0.402,Terras de Trás-os-Montes,0.0,2.0,0.0
2067,ssp245,0.402,Tâmega e Sousa,0.0,2.0,0.0
2067,ssp245,0.402,Viseu Dão Lafões,0.0,2.0,0.0
2067,ssp245,0.402,Área Metropolitana do Porto,32.6,4.0,25928537.0
2068,ssp245,0.408,Alentejo Central,0.0,2.0,0.0
2068,ssp245,0.408,Alentejo Litoral,338.9,1.5,101112455.0
2068,ssp245,0.408,Algarve,2442.6,3.0,1457507889.0
2068,ssp245,0.408,Alto Alentejo,0.0,2.0,0.0
2068,ssp245,0.408,Alto Minho,35.1,1.5,10461281.0
2068,ssp245,0.408,Alto Tâmega e Barroso,0.0,2.0,0.0
2068,ssp245,0.408,Ave,0.0,2.0,0.0
2068,ssp245,0.408,Baixo Alentejo,0.0,1.5,0.0
2068,ssp245,0.408,Beira Baixa,0.0,2.0,0.0
2068,ssp245,0.408,Beiras e Serra da Estrela,0.0,2.0,0.0
2068,ssp245,0.408,Cávado,16.6,2.5,8249989.0
2068,ssp245,0.408,Douro,0.0,2.0,0.0
2068,ssp245,0.408,Grande Lisboa,14594.4,5.0,14514087897.0
2068,ssp245,0.408,Lezíria do Tejo,249.2,1.5,74347134.0
2068,ssp245,0.408,Médio Tejo,0.0,2.0,0.0
2068,ssp245,0.408,Oeste,97.5,2.5,48483418.0
2068,ssp245,0.408,Península de Setúbal,1959.0,3.0,1168905593.0
2068,ssp245,0.408,Região de Aveiro,5786.4,2.5,2877275761.0
2068,ssp245,0.408,Região de Coimbra,952.2,2.5,473460979.0
2068,ssp245,0.408,Região de Leiria,0.5,2.0,206250.0
2068,ssp245,0.408,Terras de Trás-os-Montes,0.0,2.0,0.0
2068,ssp245,0.408,Tâmega e Sousa,0.0,2.0,0.0
2068,ssp245,0.408,Viseu Dão Lafões,0.0,2.0,0.0
2068,ssp245,0.408,Área Metropolitana do Porto,32.6,4.0,25928537.0
2069,ssp245,0.414,Alentejo Central,0.0,2.0,0.0
2069,ssp245,0.414,Alentejo Litoral,343.5,1.5,102498011.0
2069,ssp245,0.414,Algarve,2499.5,3.0,1491450701.0
2069,ssp245,0.414,Alto Alentejo,0.0,2.0,0.0
2069,ssp245,0.414,Alto Minho,36.0,1.5,10752977.0
2069,ssp245,0.414,Alto Tâmega e Barroso,0.0,2.0,0.0
2069,ssp245,0.414,Ave,0.0,2.0,0.0
2069,ssp245,0.414,Baixo Alentejo,0.0,1.5,0.0
2069,ssp245,0.414,Beira Baixa,0.0,2.0,0.0
2069,ssp245,0.414,Beiras e Serra da Estrela,0.0,2.0,0.0
2069,ssp245,0.414,Cávado,17.6,2.5,8765613.0
2069,ssp245,0.414,Douro,0.0,2.0,0.0
2069,ssp245,0.414,Grande Lisboa,14958.2,5.0,14875908846.0
2069,ssp245,0.414,Lezíria do Tejo,255.6,1.5,76256417.0
2069,ssp245,0.414,Médio Tejo,0.0,2.0,0.0
2069,ssp245,0.414,Oeste,99.1,2.5,49278953.0
2069,ssp245,0.414,Península de Setúbal,1997.5,3.0,1191887705.0
2069,ssp245,0.414,Região de Aveiro,5896.4,2.5,2931968768.0
2069,ssp245,0.414,Região de Coimbra,962.1,2.5,478381509.0
2069,ssp245,0.414,Região de Leiria,0.5,2.0,206250.0
2069,ssp245,0.414,Terras de Trás-os-Montes,0.0,2.0,0.0
2069,ssp245,0.414,Tâmega e Sousa,0.0,2.0,0.0
2069,ssp245,0.414,Viseu Dão Lafões,0.0,2.0,0.0
2069,ssp245,0.414,Área Metropolitana do Porto,34.4,4.0,27401749.0
2070,ssp245,0.42,Alentejo Central,0.0,2.0,0.0
2070,ssp245,0.42,Alentejo Litoral,348.5,1.5,103976380.0
2070,ssp245,0.42,Algarve,2559.2,3.0,1527072975.0
2070,ssp245,0.42,Alto Alentejo,0.0,2.0,0.0
2070,ssp245,0.42,Alto Minho,37.1,1.5,11071191.0
2070,ssp245,0.42,Alto Tâmega e Barroso,0.0,2.0,0.0
2070,ssp245,0.42,Ave,0.0,2.0,0.0
2070,ssp245,0.42,Baixo Alentejo,0.0,1.5,0.0
2070,ssp245,0.42,Beira Baixa,0.0,2.0,0.0
2070,ssp245,0.42,Beiras e Serra da Estrela,0.0,2.0,0.0
2070,ssp245,0.42,Cávado,18.5,2.5,9207577.0
2070,ssp245,0.42,Douro,0.0,2.0,0.0
2070,ssp245,0.42,Grande Lisboa,15296.5,5.0,15212390542.0
2070,ssp245,0.42,Lezíria do Tejo,263.3,1.5,78545789.0
2070,ssp245,0.42,Médio Tejo,0.0,2.0,0.0
2070,ssp245,0.42,Oeste,101.3,2.5,50383862.0
2070,ssp245,0.42,Península de Setúbal,2038.9,3.0,1216637672.0
2070,ssp245,0.42,Região de Aveiro,6004.3,2.5,2985648943.0
2070,ssp245,0.42,Região de Coimbra,971.7,2.5,483154716.0
2070,ssp245,0.42,Região de Leiria,0.5,2.0,206250.0
2070,ssp245,0.42,Terras de Trás-os-Montes,0.0,2.0,0.0
2070,ssp245,0.42,Tâmega e Sousa,0.0,2.0,0.0
2070,ssp245,0.42,Viseu Dão Lafões,0.0,2.0,0.0
2070,ssp245,0.42,Área Metropolitana do Porto,34.8,4.0,27696392.0
2071,ssp245,0.426,Alentejo Central,0.0,2.0,0.0
2071,ssp245,0.426,Alentejo Litoral,353.7,1.5,105534302.0
2071,ssp245,0.426,Algarve,2611.0,3.0,1558010434.0
2071,ssp245,0.426,Alto Alentejo,0.0,2.0,0.0
2071,ssp245,0.426,Alto Minho,38.6,1.5,11521994.0
2071,ssp245,0.426,Alto Tâmega e Barroso,0.0,2.0,0.0
2071,ssp245,0.426,Ave,0.0,2.0,0.0
2071,ssp245,0.426,Baixo Alentejo,0.0,1.5,0.0
2071,ssp245,0.426,Beira Baixa,0.0,2.0,0.0
2071,ssp245,0.426,Beiras e Serra da Estrela,0.0,2.0,0.0
2071,ssp245,0.426,Cávado,18.7,2.5,9281238.0
2071,ssp245,0.426,Douro,0.0,2.0,0.0
2071,ssp245,0.426,Grande Lisboa,15665.7,5.0,15579515056.0
2071,ssp245,0.426,Lezíria do Tejo,270.9,1.5,80835161.0
2071,ssp245,0.426,Médio Tejo,0.0,2.0,0.0
2071,ssp245,0.426,Oeste,103.9,2.5,51665556.0
2071,ssp245,0.426,Península de Setúbal,2094.6,3.0,1249873343.0
2071,ssp245,0.426,Região de Aveiro,6122.5,2.5,3044393285.0
2071,ssp245,0.426,Região de Coimbra,981.3,2.5,487957389.0
2071,ssp245,0.426,Região de Leiria,0.5,2.0,206250.0
2071,ssp245,0.426,Terras de Trás-os-Montes,0.0,2.0,0.0
2071,ssp245,0.426,Tâmega e Sousa,0.0,2.0,0.0
2071,ssp245,0.426,Viseu Dão Lafões,0.0,2.0,0.0
2071,ssp245,0.426,Área Metropolitana do Porto,34.8,4.0,27696392.0
2072,ssp245,0.432,Alentejo Central,0.0,2.0,0.0
2072,ssp245,0.432,Alentejo Litoral,358.7,1.5,107019300.0
2072,ssp245,0.432,Algarve,2666.7,3.0,1591246104.0
2072,ssp245,0.432,Alto Alentejo,0.0,2.0,0.0
2072,ssp245,0.432,Alto Minho,39.7,1.5,11853466.0
2072,ssp245,0.432,Alto Tâmega e Barroso,0.0,2.0,0.0
2072,ssp245,0.432,Ave,0.0,2.0,0.0
2072,ssp245,0.432,Baixo Alentejo,0.0,1.5,0.0
2072,ssp245,0.432,Beira Baixa,0.0,2.0,0.0
2072,ssp245,0.432,Beiras e Serra da Estrela,0.0,2.0,0.0
2072,ssp245,0.432,Cávado,19.0,2.5,9428559.0
2072,ssp245,0.432,Douro,0.0,2.0,0.0
2072,ssp245,0.432,Grande Lisboa,16028.3,5.0,15940157435.0
2072,ssp245,0.432,Lezíria do Tejo,278.9,1.5,83221765.0
2072,ssp245,0.432,Médio Tejo,0.0,2.0,0.0
2072,ssp245,0.432,Oeste,106.5,2.5,52947251.0
2072,ssp245,0.432,Península de Setúbal,2143.2,3.0,1278866161.0
2072,ssp245,0.432,Região de Aveiro,6230.6,2.5,3098165535.0
2072,ssp245,0.432,Região de Coimbra,990.9,2.5,492730597.0
2072,ssp245,0.432,Região de Leiria,0.5,2.0,206250.0
2072,ssp245,0.432,Terras de Trás-os-Montes,0.0,2.0,0.0
2072,ssp245,0.432,Tâmega e Sousa,0.0,2.0,0.0
2072,ssp245,0.432,Viseu Dão Lafões,0.0,2.0,0.0
2072,ssp245,0.432,Área Metropolitana do Porto,35.2,4.0,27991034.0
2073,ssp245,0.438,Alentejo Central,0.0,2.0,0.0
2073,ssp245,0.438,Alentejo Litoral,363.6,1.5,108471151.0
2073,ssp245,0.438,Algarve,2725.4,3.0,1626249629.0
2073,ssp245,0.438,Alto Alentejo,0.0,2.0,0.0
2073,ssp245,0.438,Alto Minho,40.7,1.5,12145162.0
2073,ssp245,0.438,Alto Tâmega e Barroso,0.0,2.0,0.0
2073,ssp245,0.438,Ave,0.0,2.0,0.0
2073,ssp245,0.438,Baixo Alentejo,0.0,1.5,0.0
2073,ssp245,0.438,Beira Baixa,0.0,2.0,0.0
2073,ssp245,0.438,Beiras e Serra da Estrela,0.0,2.0,0.0
2073,ssp245,0.438,Cávado,20.0,2.5,9944183.0
2073,ssp245,0.438,Douro,0.0,2.0,0.0
2073,ssp245,0.438,Grande Lisboa,16391.5,5.0,16301389098.0
2073,ssp245,0.438,Lezíria do Tejo,287.6,1.5,85802833.0
2073,ssp245,0.438,Médio Tejo,0.0,2.0,0.0
2073,ssp245,0.438,Oeste,109.1,2.5,54273142.0
2073,ssp245,0.438,Península de Setúbal,2191.8,3.0,1307858980.0
2073,ssp245,0.438,Região de Aveiro,6340.4,2.5,3152766467.0
2073,ssp245,0.438,Região de Coimbra,1000.0,2.5,497268091.0
2073,ssp245,0.438,Região de Leiria,0.5,2.0,206250.0
2073,ssp245,0.438,Terras de Trás-os-Montes,0.0,2.0,0.0
2073,ssp245,0.438,Tâmega e Sousa,0.0,2.0,0.0
2073,ssp245,0.438,Viseu Dão Lafões,0.0,2.0,0.0
2073,ssp245,0.438,Área Metropolitana do Porto,36.7,4.0,29169604.0
2074,ssp245,0.444,Alentejo Central,0.0,2.0,0.0
2074,ssp245,0.444,Alentejo Litoral,367.9,1.5,109763895.0
2074,ssp245,0.444,Algarve,2780.4,3.0,1659043336.0
2074,ssp245,0.444,Alto Alentejo,0.0,2.0,0.0
2074,ssp245,0.444,Alto Minho,41.8,1.5,12463376.0
2074,ssp245,0.444,Alto Tâmega e Barroso,0.0,2.0,0.0
2074,ssp245,0.444,Ave,0.0,2.0,0.0
2074,ssp245,0.444,Baixo Alentejo,0.0,1.5,0.0
2074,ssp245,0.444,Beira Baixa,0.0,2.0,0.0
2074,ssp245,0.444,Beiras e Serra da Estrela,0.0,2.0,0.0
2074,ssp245,0.444,Cávado,20.7,2.5,10312486.0
2074,ssp245,0.444,Douro,0.0,2.0,0.0
2074,ssp245,0.444,Grande Lisboa,16751.8,5.0,16659674338.0
2074,ssp245,0.444,Lezíria do Tejo,296.4,1.5,88419258.0
2074,ssp245,0.444,Médio Tejo,0.0,2.0,0.0
2074,ssp245,0.444,Oeste,110.9,2.5,55157070.0
2074,ssp245,0.444,Península de Setúbal,2244.9,3.0,1339503581.0
2074,ssp245,0.444,Região de Aveiro,6452.8,2.5,3208656460.0
2074,ssp245,0.444,Região de Coimbra,1009.6,2.5,502041299.0
2074,ssp245,0.444,Região de Leiria,0.5,2.0,206250.0
2074,ssp245,0.444,Terras de Trás-os-Montes,0.0,2.0,0.0
2074,ssp245,0.444,Tâmega e Sousa,0.0,2.0,0.0
2074,ssp245,0.444,Viseu Dão Lafões,0.0,2.0,0.0
2074,ssp245,0.444,Área Metropolitana do Porto,37.4,4.0,29758889.0
2075,ssp245,0.45,Alentejo Central,0.0,2.0,0.0
2075,ssp245,0.45,Alentejo Litoral,372.9,1.5,111268781.0
2075,ssp245,0.45,Algarve,2840.2,3.0,1694754003.0
2075,ssp245,0.45,Alto Alentejo,0.0,2.0,0.0
2075,ssp245,0.45,Alto Minho,43.0,1.5,12834626.0
2075,ssp245,0.45,Alto Tâmega e Barroso,0.0,2.0,0.0
2075,ssp245,0.45,Ave,0.0,2.0,0.0
2075,ssp245,0.45,Baixo Alentejo,0.0,1.5,0.0
2075,ssp245,0.45,Beira Baixa,0.0,2.0,0.0
2075,ssp245,0.45,Beiras e Serra da Estrela,0.0,2.0,0.0
2075,ssp245,0.45,Cávado,21.8,2.5,10828111.0
2075,ssp245,0.45,Douro,0.0,2.0,0.0
2075,ssp245,0.45,Grande Lisboa,17127.5,5.0,17033280985.0
2075,ssp245,0.45,Lezíria do Tejo,304.6,1.5,90876576.0
2075,ssp245,0.45,Médio Tejo,0.0,2.0,0.0
2075,ssp245,0.45,Oeste,114.1,2.5,56748139.0
2075,ssp245,0.45,Península de Setúbal,2298.5,3.0,1371501753.0
2075,ssp245,0.45,Região de Aveiro,6571.5,2.5,3267677029.0
2075,ssp245,0.45,Região de Coimbra,1018.5,2.5,506431471.0
2075,ssp245,0.45,Região de Leiria,0.5,2.0,206250.0
2075,ssp245,0.45,Terras de Trás-os-Montes,0.0,2.0,0.0
2075,ssp245,0.45,Tâmega e Sousa,0.0,2.0,0.0
2075,ssp245,0.45,Viseu Dão Lafões,0.0,2.0,0.0
2075,ssp245,0.45,Área Metropolitana do Porto,37.8,4.0,30053532.0
2076,ssp245,0.456,Alentejo Central,0.0,2.0,0.0
2076,ssp245,0.456,Alentejo Litoral,377.0,1.5,112481971.0
2076,ssp245,0.456,Algarve,2896.4,3.0,1728254851.0
2076,ssp245,0.456,Alto Alentejo,0.0,2.0,0.0
2076,ssp245,0.456,Alto Minho,44.2,1.5,13192616.0
2076,ssp245,0.456,Alto Tâmega e Barroso,0.0,2.0,0.0
2076,ssp245,0.456,Ave,0.0,2.0,0.0
2076,ssp245,0.456,Baixo Alentejo,0.0,1.5,0.0
2076,ssp245,0.456,Beira Baixa,0.0,2.0,0.0
2076,ssp245,0.456,Beiras e Serra da Estrela,0.0,2.0,0.0
2076,ssp245,0.456,Cávado,23.0,2.5,11417396.0
2076,ssp245,0.456,Douro,0.0,2.0,0.0
2076,ssp245,0.456,Grande Lisboa,17498.4,5.0,17402173353.0
2076,ssp245,0.456,Lezíria do Tejo,314.1,1.5,93705144.0
2076,ssp245,0.456,Médio Tejo,0.0,2.0,0.0
2076,ssp245,0.456,Oeste,116.5,2.5,57941441.0
2076,ssp245,0.456,Península de Setúbal,2347.4,3.0,1400671357.0
2076,ssp245,0.456,Região de Aveiro,6685.7,2.5,3324487779.0
2076,ssp245,0.456,Região de Coimbra,1028.4,2.5,511381465.0
2076,ssp245,0.456,Região de Leiria,0.5,2.0,206250.0
2076,ssp245,0.456,Terras de Trás-os-Montes,0.0,2.0,0.0
2076,ssp245,0.456,Tâmega e Sousa,0.0,2.0,0.0
2076,ssp245,0.456,Viseu Dão Lafões,0.0,2.0,0.0
2076,ssp245,0.456,Área Metropolitana do Porto,38.1,4.0,30348174.0
2077,ssp245,0.462,Alentejo Central,0.0,2.0,0.0
2077,ssp245,0.462,Alentejo Litoral,381.5,1.5,113834380.0
2077,ssp245,0.462,Algarve,2960.2,3.0,1766352122.0
2077,ssp245,0.462,Alto Alentejo,0.0,2.0,0.0
2077,ssp245,0.462,Alto Minho,45.5,1.5,13563866.0
2077,ssp245,0.462,Alto Tâmega e Barroso,0.0,2.0,0.0
2077,ssp245,0.462,Ave,0.0,2.0,0.0
2077,ssp245,0.462,Baixo Alentejo,0.0,1.5,0.0
2077,ssp245,0.462,Beira Baixa,0.0,2.0,0.0
2077,ssp245,0.462,Beiras e Serra da Estrela,0.0,2.0,0.0
2077,ssp245,0.462,Cávado,23.6,2.5,11712038.0
2077,ssp245,0.462,Douro,0.0,2.0,0.0
2077,ssp245,0.462,Grande Lisboa,17910.2,5.0,17811726381.0
2077,ssp245,0.462,Lezíria do Tejo,323.1,1.5,96392283.0
2077,ssp245,0.462,Médio Tejo,0.0,2.0,0.0
2077,ssp245,0.462,Oeste,118.3,2.5,58825368.0
2077,ssp245,0.462,Península de Setúbal,2393.6,3.0,1428249892.0
2077,ssp245,0.462,Região de Aveiro,6797.2,2.5,3379917393.0
2077,ssp245,0.462,Região de Coimbra,1037.8,2.5,516066280.0
2077,ssp245,0.462,Região de Leiria,0.5,2.0,206250.0
2077,ssp245,0.462,Terras de Trás-os-Montes,0.0,2.0,0.0
2077,ssp245,0.462,Tâmega e Sousa,0.0,2.0,0.0
2077,ssp245,0.462,Viseu Dão Lafões,0.0,2.0,0.0
2077,ssp245,0.462,Área Metropolitana do Porto,39.3,4.0,31232101.0
2078,ssp245,0.468,Alentejo Central,0.0,2.0,0.0
2078,ssp245,0.468,Alentejo Litoral,386.3,1.5,115239825.0
2078,ssp245,0.468,Algarve,3019.6,3.0,1801797611.0
2078,ssp245,0.468,Alto Alentejo,0.0,2.0,0.0
2078,ssp245,0.468,Alto Minho,46.6,1.5,13895339.0
2078,ssp245,0.468,Alto Tâmega e Barroso,0.0,2.0,0.0
2078,ssp245,0.468,Ave,0.0,2.0,0.0
2078,ssp245,0.468,Baixo Alentejo,0.0,1.5,0.0
2078,ssp245,0.468,Beira Baixa,0.0,2.0,0.0
2078,ssp245,0.468,Beiras e Serra da Estrela,0.0,2.0,0.0
2078,ssp245,0.468,Cávado,24.3,2.5,12080341.0
2078,ssp245,0.468,Douro,0.0,2.0,0.0
2078,ssp245,0.468,Grande Lisboa,18289.5,5.0,18188868738.0
2078,ssp245,0.468,Lezíria do Tejo,331.1,1.5,98787726.0
2078,ssp245,0.468,Médio Tejo,0.0,2.0,0.0
2078,ssp245,0.468,Oeste,120.6,2.5,59974474.0
2078,ssp245,0.468,Península de Setúbal,2444.5,3.0,1458656994.0
2078,ssp245,0.468,Região de Aveiro,6916.5,2.5,3439214190.0
2078,ssp245,0.468,Região de Coimbra,1045.4,2.5,519808239.0
2078,ssp245,0.468,Região de Leiria,0.5,2.0,206250.0
2078,ssp245,0.468,Terras de Trás-os-Montes,0.0,2.0,0.0
2078,ssp245,0.468,Tâmega e Sousa,0.0,2.0,0.0
2078,ssp245,0.468,Viseu Dão Lafões,0.0,2.0,0.0
2078,ssp245,0.468,Área Metropolitana do Porto,40.0,4.0,31821386.0
2079,ssp245,0.474,Alentejo Central,0.0,2.0,0.0
2079,ssp245,0.474,Alentejo Litoral,390.7,1.5,116565716.0
2079,ssp245,0.474,Algarve,3084.2,3.0,1840336845.0
2079,ssp245,0.474,Alto Alentejo,0.0,2.0,0.0
2079,ssp245,0.474,Alto Minho,48.0,1.5,14306365.0
2079,ssp245,0.474,Alto Tâmega e Barroso,0.0,2.0,0.0
2079,ssp245,0.474,Ave,0.0,2.0,0.0
2079,ssp245,0.474,Baixo Alentejo,0.0,1.5,0.0
2079,ssp245,0.474,Beira Baixa,0.0,2.0,0.0
2079,ssp245,0.474,Beiras e Serra da Estrela,0.0,2.0,0.0
2079,ssp245,0.474,Cávado,24.9,2.5,12374984.0
2079,ssp245,0.474,Douro,0.0,2.0,0.0
2079,ssp245,0.474,Grande Lisboa,18681.7,5.0,18578975364.0
2079,ssp245,0.474,Lezíria do Tejo,340.2,1.5,101510223.0
2079,ssp245,0.474,Médio Tejo,0.0,2.0,0.0
2079,ssp245,0.474,Oeste,123.1,2.5,61211972.0
2079,ssp245,0.474,Península de Setúbal,2495.8,3.0,1489240882.0
2079,ssp245,0.474,Região de Aveiro,7028.1,2.5,3494735879.0
2079,ssp245,0.474,Região de Coimbra,1055.3,2.5,524728768.0
2079,ssp245,0.474,Região de Leiria,0.5,2.0,206250.0
2079,ssp245,0.474,Terras de Trás-os-Montes,0.0,2.0,0.0
2079,ssp245,0.474,Tâmega e Sousa,0.0,2.0,0.0
2079,ssp245,0.474,Viseu Dão Lafões,0.0,2.0,0.0
2079,ssp245,0.474,Área Metropolitana do Porto,41.1,4.0,32705314.0
2080,ssp245,0.48,Alentejo Central,0.0,2.0,0.0
2080,ssp245,0.48,Alentejo Litoral,395.6,1.5,118017567.0
2080,ssp245,0.48,Algarve,3142.1,3.0,1874898407.0
2080,ssp245,0.48,Alto Alentejo,0.0,2.0,0.0
2080,ssp245,0.48,Alto Minho,48.6,1.5,14491990.0
2080,ssp245,0.48,Alto Tâmega e Barroso,0.0,2.0,0.0
2080,ssp245,0.48,Ave,0.0,2.0,0.0
2080,ssp245,0.48,Baixo Alentejo,0.0,1.5,0.0
2080,ssp245,0.48,Beira Baixa,0.0,2.0,0.0
2080,ssp245,0.48,Beiras e Serra da Estrela,0.0,2.0,0.0
2080,ssp245,0.48,Cávado,25.9,2.5,12890608.0
2080,ssp245,0.48,Douro,0.0,2.0,0.0
2080,ssp245,0.48,Grande Lisboa,19086.4,5.0,18981456973.0
2080,ssp245,0.48,Lezíria do Tejo,349.1,1.5,104153165.0
2080,ssp245,0.48,Médio Tejo,0.0,2.0,0.0
2080,ssp245,0.48,Oeste,125.9,2.5,62626256.0
2080,ssp245,0.48,Península de Setúbal,2550.3,3.0,1521769411.0
2080,ssp245,0.48,Região de Aveiro,7143.5,2.5,3552099085.0
2080,ssp245,0.48,Região de Coimbra,1064.6,2.5,529384119.0
2080,ssp245,0.48,Região de Leiria,0.5,2.0,206250.0
2080,ssp245,0.48,Terras de Trás-os-Montes,0.0,2.0,0.0
2080,ssp245,0.48,Tâmega e Sousa,0.0,2.0,0.0
2080,ssp245,0.48,Viseu Dão Lafões,0.0,2.0,0.0
2080,ssp245,0.48,Área Metropolitana do Porto,41.5,4.0,32999956.0
2081,ssp245,0.486,Alentejo Central,0.0,2.0,0.0
2081,ssp245,0.486,Alentejo Litoral,400.2,1.5,119389864.0
2081,ssp245,0.486,Algarve,3206.1,3.0,1913084070.0
2081,ssp245,0.486,Alto Alentejo,0.0,2.0,0.0
2081,ssp245,0.486,Alto Minho,49.9,1.5,14889757.0
2081,ssp245,0.486,Alto Tâmega e Barroso,0.0,2.0,0.0
2081,ssp245,0.486,Ave,0.0,2.0,0.0
2081,ssp245,0.486,Baixo Alentejo,0.0,1.5,0.0
2081,ssp245,0.486,Beira Baixa,0.0,2.0,0.0
2081,ssp245,0.486,Beiras e Serra da Estrela,0.0,2.0,0.0
2081,ssp245,0.486,Cávado,26.7,2.5,13258911.0
2081,ssp245,0.486,Douro,0.0,2.0,0.0
2081,ssp245,0.486,Grande Lisboa,19520.8,5.0,19413402829.0
2081,ssp245,0.486,Lezíria do Tejo,358.3,1.5,106884501.0
2081,ssp245,0.486,Médio Tejo,0.0,2.0,0.0
2081,ssp245,0.486,Oeste,128.3,2.5,63775362.0
2081,ssp245,0.486,Península de Setúbal,2603.6,3.0,1553590797.0
2081,ssp245,0.486,Região de Aveiro,7259.8,2.5,3609922669.0
2081,ssp245,0.486,Região de Coimbra,1073.0,2.5,533538578.0
2081,ssp245,0.486,Região de Leiria,0.6,2.0,235714.0
2081,ssp245,0.486,Terras de Trás-os-Montes,0.0,2.0,0.0
2081,ssp245,0.486,Tâmega e Sousa,0.0,2.0,0.0
2081,ssp245,0.486,Viseu Dão Lafões,0.0,2.0,0.0
2081,ssp245,0.486,Área Metropolitana do Porto,41.8,4.0,33294599.0
2082,ssp245,0.492,Alentejo Central,0.0,2.0,0.0
2082,ssp245,0.492,Alentejo Litoral,405.1,1.5,120848344.0
2082,ssp245,0.492,Algarve,3266.1,3.0,1948883130.0
2082,ssp245,0.492,Alto Alentejo,0.0,2.0,0.0
2082,ssp245,0.492,Alto Minho,51.5,1.5,15367078.0
2082,ssp245,0.492,Alto Tâmega e Barroso,0.0,2.0,0.0
2082,ssp245,0.492,Ave,0.0,2.0,0.0
2082,ssp245,0.492,Baixo Alentejo,0.0,1.5,0.0
2082,ssp245,0.492,Beira Baixa,0.0,2.0,0.0
2082,ssp245,0.492,Beiras e Serra da Estrela,0.0,2.0,0.0
2082,ssp245,0.492,Cávado,27.7,2.5,13774535.0
2082,ssp245,0.492,Douro,0.0,2.0,0.0
2082,ssp245,0.492,Grande Lisboa,19907.1,5.0,19797616605.0
2082,ssp245,0.492,Lezíria do Tejo,367.9,1.5,109774944.0
2082,ssp245,0.492,Médio Tejo,0.0,2.0,0.0
2082,ssp245,0.492,Oeste,130.5,2.5,64880271.0
2082,ssp245,0.492,Península de Setúbal,2658.2,3.0,1586119325.0
2082,ssp245,0.492,Região de Aveiro,7376.2,2.5,3667838328.0
2082,ssp245,0.492,Região de Coimbra,1082.0,2.5,538017144.0
2082,ssp245,0.492,Região de Leiria,0.6,2.0,235714.0
2082,ssp245,0.492,Terras de Trás-os-Montes,0.0,2.0,0.0
2082,ssp245,0.492,Tâmega e Sousa,0.0,2.0,0.0
2082,ssp245,0.492,Viseu Dão Lafões,0.0,2.0,0.0
2082,ssp245,0.492,Área Metropolitana do Porto,41.8,4.0,33294599.0
2083,ssp245,0.498,Alentejo Central,0.0,2.0,0.0
2083,ssp245,0.498,Alentejo Litoral,409.6,1.5,122194124.0
2083,ssp245,0.498,Algarve,3324.5,3.0,1983709870.0
2083,ssp245,0.498,Alto Alentejo,0.0,2.0,0.0
2083,ssp245,0.498,Alto Minho,52.8,1.5,15751586.0
2083,ssp245,0.498,Alto Tâmega e Barroso,0.0,2.0,0.0
2083,ssp245,0.498,Ave,0.0,2.0,0.0
2083,ssp245,0.498,Baixo Alentejo,0.0,1.5,0.0
2083,ssp245,0.498,Beira Baixa,0.0,2.0,0.0
2083,ssp245,0.498,Beiras e Serra da Estrela,0.0,2.0,0.0
2083,ssp245,0.498,Cávado,28.3,2.5,14069178.0
2083,ssp245,0.498,Douro,0.0,2.0,0.0
2083,ssp245,0.498,Grande Lisboa,20311.2,5.0,20199508929.0
2083,ssp245,0.498,Lezíria do Tejo,377.8,1.5,112727261.0
2083,ssp245,0.498,Médio Tejo,0.0,2.0,0.0
2083,ssp245,0.498,Oeste,133.1,2.5,66206162.0
2083,ssp245,0.498,Península de Setúbal,2707.9,3.0,1615819286.0
2083,ssp245,0.498,Região de Aveiro,7499.8,2.5,3729252867.0
2083,ssp245,0.498,Região de Coimbra,1089.7,2.5,541847496.0
2083,ssp245,0.498,Região de Leiria,0.6,2.0,235714.0
2083,ssp245,0.498,Terras de Trás-os-Montes,0.0,2.0,0.0
2083,ssp245,0.498,Tâmega e Sousa,0.0,2.0,0.0
2083,ssp245,0.498,Viseu Dão Lafões,0.0,2.0,0.0
2083,ssp245,0.498,Área Metropolitana do Porto,42.2,4.0,33589241.0
2084,ssp245,0.504,Alentejo Central,0.0,2.0,0.0
2084,ssp245,0.504,Alentejo Litoral,452.1,1.5,134882902.0
2084,ssp245,0.504,Algarve,4313.6,3.0,2573908194.0
2084,ssp245,0.504,Alto Alentejo,0.0,2.0,0.0
2084,ssp245,0.504,Alto Minho,90.3,1.5,26955366.0
2084,ssp245,0.504,Alto Tâmega e Barroso,0.0,2.0,0.0
2084,ssp245,0.504,Ave,0.0,2.0,0.0
2084,ssp245,0.504,Baixo Alentejo,0.0,1.5,0.0
2084,ssp245,0.504,Beira Baixa,0.0,2.0,0.0
2084,ssp245,0.504,Beiras e Serra da Estrela,0.0,2.0,0.0
2084,ssp245,0.504,Cávado,86.4,2.5,42944139.0
2084,ssp245,0.504,Douro,0.0,2.0,0.0
2084,ssp245,0.504,Grande Lisboa,20788.8,5.0,20674472585.0
2084,ssp245,0.504,Lezíria do Tejo,563.3,1.5,168069956.0
2084,ssp245,0.504,Médio Tejo,0.0,2.0,0.0
2084,ssp245,0.504,Oeste,135.8,2.5,67532053.0
2084,ssp245,0.504,Península de Setúbal,3414.5,3.0,2037452655.0
2084,ssp245,0.504,Região de Aveiro,7666.8,2.5,3812305213.0
2084,ssp245,0.504,Região de Coimbra,1121.6,2.5,557728725.0
2084,ssp245,0.504,Região de Leiria,0.6,2.0,235714.0
2084,ssp245,0.504,Terras de Trás-os-Montes,0.0,2.0,0.0
2084,ssp245,0.504,Tâmega e Sousa,0.0,2.0,0.0
2084,ssp245,0.504,Viseu Dão Lafões,0.0,2.0,0.0
2084,ssp245,0.504,Área Metropolitana do Porto,522.5,4.0,415740520.0
2085,ssp245,0.51,Alentejo Central,0.0,2.0,0.0
2085,ssp245,0.51,Alentejo Litoral,456.6,1.5,136228681.0
2085,ssp245,0.51,Algarve,4377.0,3.0,2611740287.0
2085,ssp245,0.51,Alto Alentejo,0.0,2.0,0.0
2085,ssp245,0.51,Alto Minho,91.5,1.5,27313357.0
2085,ssp245,0.51,Alto Tâmega e Barroso,0.0,2.0,0.0
2085,ssp245,0.51,Ave,0.0,2.0,0.0
2085,ssp245,0.51,Baixo Alentejo,0.0,1.5,0.0
2085,ssp245,0.51,Beira Baixa,0.0,2.0,0.0
2085,ssp245,0.51,Beiras e Serra da Estrela,0.0,2.0,0.0
2085,ssp245,0.51,Cávado,86.8,2.5,43165121.0
2085,ssp245,0.51,Douro,0.0,2.0,0.0
2085,ssp245,0.51,Grande Lisboa,21236.2,5.0,21119382710.0
2085,ssp245,0.51,Lezíria do Tejo,573.2,1.5,171013434.0
2085,ssp245,0.51,Médio Tejo,0.0,2.0,0.0
2085,ssp245,0.51,Oeste,138.8,2.5,69034730.0
2085,ssp245,0.51,Península de Setúbal,3478.8,3.0,2075815105.0
2085,ssp245,0.51,Região de Aveiro,7770.8,2.5,3864051796.0
2085,ssp245,0.51,Região de Coimbra,1131.3,2.5,562531397.0
2085,ssp245,0.51,Região de Leiria,0.6,2.0,235714.0
2085,ssp245,0.51,Terras de Trás-os-Montes,0.0,2.0,0.0
2085,ssp245,0.51,Tâmega e Sousa,0.0,2.0,0.0
2085,ssp245,0.51,Viseu Dão Lafões,0.0,2.0,0.0
2085,ssp245,0.51,Área Metropolitana do Porto,523.3,4.0,416329805.0
2086,ssp245,0.516,Alentejo Central,0.0,2.0,0.0
2086,ssp245,0.516,Alentejo Litoral,462.1,1.5,137852898.0
2086,ssp245,0.516,Algarve,4434.9,3.0,2646301848.0
2086,ssp245,0.516,Alto Alentejo,0.0,2.0,0.0
2086,ssp245,0.516,Alto Minho,93.0,1.5,27750901.0
2086,ssp245,0.516,Alto Tâmega e Barroso,0.0,2.0,0.0
2086,ssp245,0.516,Ave,0.0,2.0,0.0
2086,ssp245,0.516,Baixo Alentejo,0.0,1.5,0.0
2086,ssp245,0.516,Beira Baixa,0.0,2.0,0.0
2086,ssp245,0.516,Beiras e Serra da Estrela,0.0,2.0,0.0
2086,ssp245,0.516,Cávado,88.0,2.5,43754406.0
2086,ssp245,0.516,Douro,0.0,2.0,0.0
2086,ssp245,0.516,Grande Lisboa,21659.3,5.0,21540132152.0
2086,ssp245,0.516,Lezíria do Tejo,582.9,1.5,173921555.0
2086,ssp245,0.516,Médio Tejo,0.0,2.0,0.0
2086,ssp245,0.516,Oeste,141.0,2.5,70095443.0
2086,ssp245,0.516,Península de Setúbal,3536.9,3.0,2110465059.0
2086,ssp245,0.516,Região de Aveiro,7884.0,2.5,3920310092.0
2086,ssp245,0.516,Região de Coimbra,1140.4,2.5,567068891.0
2086,ssp245,0.516,Região de Leiria,0.6,2.0,235714.0
2086,ssp245,0.516,Terras de Trás-os-Montes,0.0,2.0,0.0
2086,ssp245,0.516,Tâmega e Sousa,0.0,2.0,0.0
2086,ssp245,0.516,Viseu Dão Lafões,0.0,2.0,0.0
2086,ssp245,0.516,Área Metropolitana do Porto,524.4,4.0,417213732.0
2087,ssp245,0.522,Alentejo Central,0.0,2.0,0.0
2087,ssp245,0.522,Alentejo Litoral,467.1,1.5,139357784.0
2087,ssp245,0.522,Algarve,4501.3,3.0,2685901796.0
2087,ssp245,0.522,Alto Alentejo,0.0,2.0,0.0
2087,ssp245,0.522,Alto Minho,94.7,1.5,28241480.0
2087,ssp245,0.522,Alto Tâmega e Barroso,0.0,2.0,0.0
2087,ssp245,0.522,Ave,0.0,2.0,0.0
2087,ssp245,0.522,Baixo Alentejo,0.0,1.5,0.0
2087,ssp245,0.522,Beira Baixa,0.0,2.0,0.0
2087,ssp245,0.522,Beiras e Serra da Estrela,0.0,2.0,0.0
2087,ssp245,0.522,Cávado,88.7,2.5,44122709.0
2087,ssp245,0.522,Douro,0.0,2.0,0.0
2087,ssp245,0.522,Grande Lisboa,22119.7,5.0,21998006545.0
2087,ssp245,0.522,Lezíria do Tejo,592.8,1.5,176865033.0
2087,ssp245,0.522,Médio Tejo,0.0,2.0,0.0
2087,ssp245,0.522,Oeste,143.0,2.5,71111959.0
2087,ssp245,0.522,Península de Setúbal,3590.2,3.0,2142286445.0
2087,ssp245,0.522,Região de Aveiro,7999.3,2.5,3977673297.0
2087,ssp245,0.522,Região de Coimbra,1150.6,2.5,572136741.0
2087,ssp245,0.522,Região de Leiria,0.6,2.0,235714.0
2087,ssp245,0.522,Terras de Trás-os-Montes,0.0,2.0,0.0
2087,ssp245,0.522,Tâmega e Sousa,0.0,2.0,0.0
2087,ssp245,0.522,Viseu Dão Lafões,0.0,2.0,0.0
2087,ssp245,0.522,Área Metropolitana do Porto,524.4,4.0,417213732.0
2088,ssp245,0.528,Alentejo Central,0.0,2.0,0.0
2088,ssp245,0.528,Alentejo Litoral,472.2,1.5,140882559.0
2088,ssp245,0.528,Algarve,4566.3,3.0,2724706208.0
2088,ssp245,0.528,Alto Alentejo,0.0,2.0,0.0
2088,ssp245,0.528,Alto Minho,96.3,1.5,28745319.0
2088,ssp245,0.528,Alto Tâmega e Barroso,0.0,2.0,0.0
2088,ssp245,0.528,Ave,0.0,2.0,0.0
2088,ssp245,0.528,Baixo Alentejo,0.0,1.5,0.0
2088,ssp245,0.528,Beira Baixa,0.0,2.0,0.0
2088,ssp245,0.528,Beiras e Serra da Estrela,0.0,2.0,0.0
2088,ssp245,0.528,Cávado,89.5,2.5,44491012.0
2088,ssp245,0.528,Douro,0.0,2.0,0.0
2088,ssp245,0.528,Grande Lisboa,22596.7,5.0,22472380916.0
2088,ssp245,0.528,Lezíria do Tejo,602.5,1.5,179755476.0
2088,ssp245,0.528,Médio Tejo,0.0,2.0,0.0
2088,ssp245,0.528,Oeste,145.6,2.5,72393654.0
2088,ssp245,0.528,Península de Setúbal,3648.3,3.0,2176936399.0
2088,ssp245,0.528,Região de Aveiro,8117.9,2.5,4036601790.0
2088,ssp245,0.528,Região de Coimbra,1160.3,2.5,576968878.0
2088,ssp245,0.528,Região de Leiria,0.6,2.0,235714.0
2088,ssp245,0.528,Terras de Trás-os-Montes,0.0,2.0,0.0
2088,ssp245,0.528,Tâmega e Sousa,0.0,2.0,0.0
2088,ssp245,0.528,Viseu Dão Lafões,0.0,2.0,0.0
2088,ssp245,0.528,Área Metropolitana do Porto,524.8,4.0,417508375.0
2089,ssp245,0.534,Alentejo Central,0.0,2.0,0.0
2089,ssp245,0.534,Alentejo Litoral,476.7,1.5,142215079.0
2089,ssp245,0.534,Algarve,4628.5,3.0,2761831159.0
2089,ssp245,0.534,Alto Alentejo,0.0,2.0,0.0
2089,ssp245,0.534,Alto Minho,97.8,1.5,29169604.0
2089,ssp245,0.534,Alto Tâmega e Barroso,0.0,2.0,0.0
2089,ssp245,0.534,Ave,0.0,2.0,0.0
2089,ssp245,0.534,Baixo Alentejo,0.0,1.5,0.0
2089,ssp245,0.534,Beira Baixa,0.0,2.0,0.0
2089,ssp245,0.534,Beiras e Serra da Estrela,0.0,2.0,0.0
2089,ssp245,0.534,Cávado,90.7,2.5,45080297.0
2089,ssp245,0.534,Douro,0.0,2.0,0.0
2089,ssp245,0.534,Grande Lisboa,23005.5,5.0,22878987519.0
2089,ssp245,0.534,Lezíria do Tejo,612.4,1.5,182707793.0
2089,ssp245,0.534,Médio Tejo,0.0,2.0,0.0
2089,ssp245,0.534,Oeste,148.3,2.5,73719545.0
2089,ssp245,0.534,Península de Setúbal,3709.0,3.0,2213177422.0
2089,ssp245,0.534,Região de Aveiro,8230.1,2.5,4092399707.0
2089,ssp245,0.534,Região de Coimbra,1171.8,2.5,582684942.0
2089,ssp245,0.534,Região de Leiria,0.6,2.0,235714.0
2089,ssp245,0.534,Terras de Trás-os-Montes,0.0,2.0,0.0
2089,ssp245,0.534,Tâmega e Sousa,0.0,2.0,0.0
2089,ssp245,0.534,Viseu Dão Lafões,0.0,2.0,0.0
2089,ssp245,0.534,Área Metropolitana do Porto,525.9,4.0,418392302.0
2090,ssp245,0.54,Alentejo Central,0.0,2.0,0.0
2090,ssp245,0.54,Alentejo Litoral,481.1,1.5,143527711.0
2090,ssp245,0.54,Algarve,4693.1,3.0,2800370394.0
2090,ssp245,0.54,Alto Alentejo,0.0,2.0,0.0
2090,ssp245,0.54,Alto Minho,99.1,1.5,29554113.0
2090,ssp245,0.54,Alto Tâmega e Barroso,0.0,2.0,0.0
2090,ssp245,0.54,Ave,0.0,2.0,0.0
2090,ssp245,0.54,Baixo Alentejo,0.0,1.5,0.0
2090,ssp245,0.54,Beira Baixa,0.0,2.0,0.0
2090,ssp245,0.54,Beiras e Serra da Estrela,0.0,2.0,0.0
2090,ssp245,0.54,Cávado,92.0,2.5,45743243.0
2090,ssp245,0.54,Douro,0.0,2.0,0.0
2090,ssp245,0.54,Grande Lisboa,23444.6,5.0,23315647655.0
2090,ssp245,0.54,Lezíria do Tejo,623.3,1.5,185960646.0
2090,ssp245,0.54,Médio Tejo,0.0,2.0,0.0
2090,ssp245,0.54,Oeste,150.7,2.5,74912847.0
2090,ssp245,0.54,Península de Setúbal,3773.0,3.0,2251363086.0
2090,ssp245,0.54,Região de Aveiro,8338.2,2.5,4146171957.0
2090,ssp245,0.54,Região de Coimbra,1180.1,2.5,586780472.0
2090,ssp245,0.54,Região de Leiria,0.7,2.0,265178.0
2090,ssp245,0.54,Terras de Trás-os-Montes,0.0,2.0,0.0
2090,ssp245,0.54,Tâmega e Sousa,0.0,2.0,0.0
2090,ssp245,0.54,Viseu Dão Lafões,0.0,2.0,0.0
2090,ssp245,0.54,Área Metropolitana do Porto,527.4,4.0,419570872.0
2091,ssp245,0.546,Alentejo Central,0.0,2.0,0.0
2091,ssp245,0.546,Alentejo Litoral,485.2,1.5,144747531.0
2091,ssp245,0.546,Algarve,4753.5,3.0,2836434632.0
2091,ssp245,0.546,Alto Alentejo,0.0,2.0,0.0
2091,ssp245,0.546,Alto Minho,100.4,1.5,29951880.0
2091,ssp245,0.546,Alto Tâmega e Barroso,0.0,2.0,0.0
2091,ssp245,0.546,Ave,0.0,2.0,0.0
2091,ssp245,0.546,Baixo Alentejo,0.0,1.5,0.0
2091,ssp245,0.546,Beira Baixa,0.0,2.0,0.0
2091,ssp245,0.546,Beiras e Serra da Estrela,0.0,2.0,0.0
2091,ssp245,0.546,Cávado,93.2,2.5,46332528.0
2091,ssp245,0.546,Douro,0.0,2.0,0.0
2091,ssp245,0.546,Grande Lisboa,23886.6,5.0,23755254215.0
2091,ssp245,0.546,Lezíria do Tejo,635.1,1.5,189496356.0
2091,ssp245,0.546,Médio Tejo,0.0,2.0,0.0
2091,ssp245,0.546,Oeste,153.9,2.5,76548113.0
2091,ssp245,0.546,Península de Setúbal,3832.3,3.0,2286720182.0
2091,ssp245,0.546,Região de Aveiro,8447.5,2.5,4200496662.0
2091,ssp245,0.546,Região de Coimbra,1189.5,2.5,591465287.0
2091,ssp245,0.546,Região de Leiria,0.7,2.0,265178.0
2091,ssp245,0.546,Terras de Trás-os-Montes,0.0,2.0,0.0
2091,ssp245,0.546,Tâmega e Sousa,0.0,2.0,0.0
2091,ssp245,0.546,Viseu Dão Lafões,0.0,2.0,0.0
2091,ssp245,0.546,Área Metropolitana do Porto,527.4,4.0,419570872.0
2092,ssp245,0.552,Alentejo Central,0.0,2.0,0.0
2092,ssp245,0.552,Alentejo Litoral,489.8,1.5,146146346.0
2092,ssp245,0.552,Algarve,4815.8,3.0,2873559582.0
2092,ssp245,0.552,Alto Alentejo,0.0,2.0,0.0
2092,ssp245,0.552,Alto Minho,102.0,1.5,30429201.0
2092,ssp245,0.552,Alto Tâmega e Barroso,0.0,2.0,0.0
2092,ssp245,0.552,Ave,0.0,2.0,0.0
2092,ssp245,0.552,Baixo Alentejo,0.0,1.5,0.0
2092,ssp245,0.552,Beira Baixa,0.0,2.0,0.0
2092,ssp245,0.552,Beiras e Serra da Estrela,0.0,2.0,0.0
2092,ssp245,0.552,Cávado,95.1,2.5,47290116.0
2092,ssp245,0.552,Douro,0.0,2.0,0.0
2092,ssp245,0.552,Grande Lisboa,24371.9,5.0,24237878575.0
2092,ssp245,0.552,Lezíria do Tejo,645.6,1.5,192625459.0
2092,ssp245,0.552,Médio Tejo,0.0,2.0,0.0
2092,ssp245,0.552,Oeste,156.8,2.5,77962397.0
2092,ssp245,0.552,Península de Setúbal,3904.0,3.0,2329502268.0
2092,ssp245,0.552,Região de Aveiro,8561.5,2.5,4257215337.0
2092,ssp245,0.552,Região de Coimbra,1198.4,2.5,595884924.0
2092,ssp245,0.552,Região de Leiria,0.7,2.0,265178.0
2092,ssp245,0.552,Terras de Trás-os-Montes,0.0,2.0,0.0
2092,ssp245,0.552,Tâmega e Sousa,0.0,2.0,0.0
2092,ssp245,0.552,Viseu Dão Lafões,0.0,2.0,0.0
2092,ssp245,0.552,Área Metropolitana do Porto,528.5,4.0,420454800.0
2093,ssp245,0.558,Alentejo Central,0.0,2.0,0.0
2093,ssp245,0.558,Alentejo Litoral,494.6,1.5,147578309.0
2093,ssp245,0.558,Algarve,4874.6,3.0,2908651500.0
2093,ssp245,0.558,Alto Alentejo,0.0,2.0,0.0
2093,ssp245,0.558,Alto Minho,103.4,1.5,30853486.0
2093,ssp245,0.558,Alto Tâmega e Barroso,0.0,2.0,0.0
2093,ssp245,0.558,Ave,0.0,2.0,0.0
2093,ssp245,0.558,Baixo Alentejo,0.0,1.5,0.0
2093,ssp245,0.558,Beira Baixa,0.0,2.0,0.0
2093,ssp245,0.558,Beiras e Serra da Estrela,0.0,2.0,0.0
2093,ssp245,0.558,Cávado,95.8,2.5,47658419.0
2093,ssp245,0.558,Douro,0.0,2.0,0.0
2093,ssp245,0.558,Grande Lisboa,24828.8,5.0,24692217258.0
2093,ssp245,0.558,Lezíria do Tejo,655.4,1.5,195524741.0
2093,ssp245,0.558,Médio Tejo,0.0,2.0,0.0
2093,ssp245,0.558,Oeste,159.1,2.5,79111502.0
2093,ssp245,0.558,Península de Setúbal,3970.3,3.0,2369102216.0
2093,ssp245,0.558,Região de Aveiro,8664.5,2.5,4308409466.0
2093,ssp245,0.558,Região de Coimbra,1207.2,2.5,600304561.0
2093,ssp245,0.558,Região de Leiria,0.7,2.0,265178.0
2093,ssp245,0.558,Terras de Trás-os-Montes,0.0,2.0,0.0
2093,ssp245,0.558,Tâmega e Sousa,0.0,2.0,0.0
2093,ssp245,0.558,Viseu Dão Lafões,0.0,2.0,0.0
2093,ssp245,0.558,Área Metropolitana do Porto,528.8,4.0,420749442.0
2094,ssp245,0.564,Alentejo Central,0.0,2.0,0.0
2094,ssp245,0.564,Alentejo Litoral,499.6,1.5,149063307.0
2094,ssp245,0.564,Algarve,4939.0,3.0,2947102342.0
2094,ssp245,0.564,Alto Alentejo,0.0,2.0,0.0
2094,ssp245,0.564,Alto Minho,105.2,1.5,31383842.0
2094,ssp245,0.564,Alto Tâmega e Barroso,0.0,2.0,0.0
2094,ssp245,0.564,Ave,0.0,2.0,0.0
2094,ssp245,0.564,Baixo Alentejo,0.0,1.5,0.0
2094,ssp245,0.564,Beira Baixa,0.0,2.0,0.0
2094,ssp245,0.564,Beiras e Serra da Estrela,0.0,2.0,0.0
2094,ssp245,0.564,Cávado,96.7,2.5,48100383.0
2094,ssp245,0.564,Douro,0.0,2.0,0.0
2094,ssp245,0.564,Grande Lisboa,25321.2,5.0,25181913037.0
2094,ssp245,0.564,Lezíria do Tejo,666.5,1.5,198848308.0
2094,ssp245,0.564,Médio Tejo,0.0,2.0,0.0
2094,ssp245,0.564,Oeste,161.8,2.5,80437393.0
2094,ssp245,0.564,Península de Setúbal,4029.9,3.0,2404636097.0
2094,ssp245,0.564,Região de Aveiro,8771.3,2.5,4361537185.0
2094,ssp245,0.564,Região de Coimbra,1216.8,2.5,605077769.0
2094,ssp245,0.564,Região de Leiria,0.7,2.0,265178.0
2094,ssp245,0.564,Terras de Trás-os-Montes,0.0,2.0,0.0
2094,ssp245,0.564,Tâmega e Sousa,0.0,2.0,0.0
2094,ssp245,0.564,Viseu Dão Lafões,0.0,2.0,0.0
2094,ssp245,0.564,Área Metropolitana do Porto,530.3,4.0,421928012.0
2095,ssp245,0.57,Alentejo Central,0.0,2.0,0.0
2095,ssp245,0.57,Alentejo Litoral,504.6,1.5,150554934.0
2095,ssp245,0.57,Algarve,5000.5,3.0,2983785329.0
2095,ssp245,0.57,Alto Alentejo,0.0,2.0,0.0
2095,ssp245,0.57,Alto Minho,106.7,1.5,31847904.0
2095,ssp245,0.57,Alto Tâmega e Barroso,0.0,2.0,0.0
2095,ssp245,0.57,Ave,0.0,2.0,0.0
2095,ssp245,0.57,Baixo Alentejo,0.0,1.5,0.0
2095,ssp245,0.57,Beira Baixa,0.0,2.0,0.0
2095,ssp245,0.57,Beiras e Serra da Estrela,0.0,2.0,0.0
2095,ssp245,0.57,Cávado,98.4,2.5,48910649.0
2095,ssp245,0.57,Douro,0.0,2.0,0.0
2095,ssp245,0.57,Grande Lisboa,25762.6,5.0,25620930312.0
2095,ssp245,0.57,Lezíria do Tejo,676.8,1.5,201915536.0
2095,ssp245,0.57,Médio Tejo,0.0,2.0,0.0
2095,ssp245,0.57,Oeste,164.3,2.5,81674892.0
2095,ssp245,0.57,Península de Setúbal,4093.6,3.0,2442644975.0
2095,ssp245,0.57,Região de Aveiro,8874.3,2.5,4412731314.0
2095,ssp245,0.57,Região de Coimbra,1225.3,2.5,609261692.0
2095,ssp245,0.57,Região de Leiria,0.7,2.0,265178.0
2095,ssp245,0.57,Terras de Trás-os-Montes,0.0,2.0,0.0
2095,ssp245,0.57,Tâmega e Sousa,0.0,2.0,0.0
2095,ssp245,0.57,Viseu Dão Lafões,0.0,2.0,0.0
2095,ssp245,0.57,Área Metropolitana do Porto,531.1,4.0,422517297.0
2096,ssp245,0.576,Alentejo Central,0.0,2.0,0.0
2096,ssp245,0.576,Alentejo Litoral,509.7,1.5,152066450.0
2096,ssp245,0.576,Algarve,5070.5,3.0,3025595095.0
2096,ssp245,0.576,Alto Alentejo,0.0,2.0,0.0
2096,ssp245,0.576,Alto Minho,108.0,1.5,32232413.0
2096,ssp245,0.576,Alto Tâmega e Barroso,0.0,2.0,0.0
2096,ssp245,0.576,Ave,0.0,2.0,0.0
2096,ssp245,0.576,Baixo Alentejo,0.0,1.5,0.0
2096,ssp245,0.576,Beira Baixa,0.0,2.0,0.0
2096,ssp245,0.576,Beiras e Serra da Estrela,0.0,2.0,0.0
2096,ssp245,0.576,Cávado,99.8,2.5,49647256.0
2096,ssp245,0.576,Douro,0.0,2.0,0.0
2096,ssp245,0.576,Grande Lisboa,26213.6,5.0,26069376146.0
2096,ssp245,0.576,Lezíria do Tejo,687.3,1.5,205044639.0
2096,ssp245,0.576,Médio Tejo,0.0,2.0,0.0
2096,ssp245,0.576,Oeste,167.5,2.5,83310157.0
2096,ssp245,0.576,Península de Setúbal,4168.8,3.0,2487548487.0
2096,ssp245,0.576,Região de Aveiro,8984.8,2.5,4467700549.0
2096,ssp245,0.576,Região de Coimbra,1233.9,2.5,613534008.0
2096,ssp245,0.576,Região de Leiria,0.7,2.0,265178.0
2096,ssp245,0.576,Terras de Trás-os-Montes,0.0,2.0,0.0
2096,ssp245,0.576,Tâmega e Sousa,0.0,2.0,0.0
2096,ssp245,0.576,Viseu Dão Lafões,0.0,2.0,0.0
2096,ssp245,0.576,Área Metropolitana do Porto,531.4,4.0,422811939.0
2097,ssp245,0.582,Alentejo Central,0.0,2.0,0.0
2097,ssp245,0.582,Alentejo Litoral,515.3,1.5,153737073.0
2097,ssp245,0.582,Algarve,5135.3,3.0,3064222723.0
2097,ssp245,0.582,Alto Alentejo,0.0,2.0,0.0
2097,ssp245,0.582,Alto Minho,109.9,1.5,32802546.0
2097,ssp245,0.582,Alto Tâmega e Barroso,0.0,2.0,0.0
2097,ssp245,0.582,Ave,0.0,2.0,0.0
2097,ssp245,0.582,Baixo Alentejo,0.0,1.5,0.0
2097,ssp245,0.582,Beira Baixa,0.0,2.0,0.0
2097,ssp245,0.582,Beiras e Serra da Estrela,0.0,2.0,0.0
2097,ssp245,0.582,Cávado,101.0,2.5,50236541.0
2097,ssp245,0.582,Douro,0.0,2.0,0.0
2097,ssp245,0.582,Grande Lisboa,26688.2,5.0,26541393377.0
2097,ssp245,0.582,Lezíria do Tejo,698.1,1.5,208288652.0
2097,ssp245,0.582,Médio Tejo,0.0,2.0,0.0
2097,ssp245,0.582,Oeste,170.6,2.5,84812834.0
2097,ssp245,0.582,Península de Setúbal,4237.3,3.0,2528385933.0
2097,ssp245,0.582,Região de Aveiro,9092.4,2.5,4521196572.0
2097,ssp245,0.582,Região de Coimbra,1242.3,2.5,617747395.0
2097,ssp245,0.582,Região de Leiria,0.7,2.0,265178.0
2097,ssp245,0.582,Terras de Trás-os-Montes,0.0,2.0,0.0
2097,ssp245,0.582,Tâmega e Sousa,0.0,2.0,0.0
2097,ssp245,0.582,Viseu Dão Lafões,0.0,2.0,0.0
2097,ssp245,0.582,Área Metropolitana do Porto,531.4,4.0,422811939.0
2098,ssp245,0.588,Alentejo Central,0.0,2.0,0.0
2098,ssp245,0.588,Alentejo Litoral,520.6,1.5,155328142.0
2098,ssp245,0.588,Algarve,5199.1,3.0,3102319993.0
2098,ssp245,0.588,Alto Alentejo,0.0,2.0,0.0
2098,ssp245,0.588,Alto Minho,111.6,1.5,33306384.0
2098,ssp245,0.588,Alto Tâmega e Barroso,0.0,2.0,0.0
2098,ssp245,0.588,Ave,0.0,2.0,0.0
2098,ssp245,0.588,Baixo Alentejo,0.0,1.5,0.0
2098,ssp245,0.588,Beira Baixa,0.0,2.0,0.0
2098,ssp245,0.588,Beiras e Serra da Estrela,0.0,2.0,0.0
2098,ssp245,0.588,Cávado,101.3,2.5,50383862.0
2098,ssp245,0.588,Douro,0.0,2.0,0.0
2098,ssp245,0.588,Grande Lisboa,27205.5,5.0,27055839124.0
2098,ssp245,0.588,Lezíria do Tejo,709.3,1.5,211612219.0
2098,ssp245,0.588,Médio Tejo,0.0,2.0,0.0
2098,ssp245,0.588,Oeste,173.1,2.5,86094529.0
2098,ssp245,0.588,Península de Setúbal,4294.8,3.0,2562682316.0
2098,ssp245,0.588,Região de Aveiro,9195.2,2.5,4572298625.0
2098,ssp245,0.588,Região de Coimbra,1250.4,2.5,621754533.0
2098,ssp245,0.588,Região de Leiria,0.7,2.0,265178.0
2098,ssp245,0.588,Terras de Trás-os-Montes,0.0,2.0,0.0
2098,ssp245,0.588,Tâmega e Sousa,0.0,2.0,0.0
2098,ssp245,0.588,Viseu Dão Lafões,0.0,2.0,0.0
2098,ssp245,0.588,Área Metropolitana do Porto,531.4,4.0,422811939.0
2099,ssp245,0.594,Alentejo Central,0.0,2.0,0.0
2099,ssp245,0.594,Alentejo Litoral,525.3,1.5,156720328.0
2099,ssp245,0.594,Algarve,5261.6,3.0,3139621730.0
2099,ssp245,0.594,Alto Alentejo,0.0,2.0,0.0
2099,ssp245,0.594,Alto Minho,113.4,1.5,33823482.0
2099,ssp245,0.594,Alto Tâmega e Barroso,0.0,2.0,0.0
2099,ssp245,0.594,Ave,0.0,2.0,0.0
2099,ssp245,0.594,Baixo Alentejo,0.0,1.5,0.0
2099,ssp245,0.594,Beira Baixa,0.0,2.0,0.0
2099,ssp245,0.594,Beiras e Serra da Estrela,0.0,2.0,0.0
2099,ssp245,0.594,Cávado,102.5,2.5,50973147.0
2099,ssp245,0.594,Douro,0.0,2.0,0.0
2099,ssp245,0.594,Grande Lisboa,27678.3,5.0,27526088500.0
2099,ssp245,0.594,Lezíria do Tejo,720.3,1.5,214909269.0
2099,ssp245,0.594,Médio Tejo,0.0,2.0,0.0
2099,ssp245,0.594,Oeste,176.6,2.5,87818187.0
2099,ssp245,0.594,Península de Setúbal,4362.3,3.0,2602989406.0
2099,ssp245,0.594,Região de Aveiro,9300.5,2.5,4624689738.0
2099,ssp245,0.594,Região de Coimbra,1259.9,2.5,626468812.0
2099,ssp245,0.594,Região de Leiria,0.7,2.0,265178.0
2099,ssp245,0.594,Terras de Trás-os-Montes,0.0,2.0,0.0
2099,ssp245,0.594,Tâmega e Sousa,0.0,2.0,0.0
2099,ssp245,0.594,Viseu Dão Lafões,0.0,2.0,0.0
2099,ssp245,0.594,Área Metropolitana do Porto,532.9,4.0,423990509.0
2100,ssp245,0.6,Alentejo Central,0.0,2.0,0.0
2100,ssp245,0.6,Alentejo Litoral,530.3,1.5,158225214.0
2100,ssp245,0.6,Algarve,5324.2,3.0,3176923466.0
2100,ssp245,0.6,Alto Alentejo,0.0,2.0,0.0
2100,ssp245,0.6,Alto Minho,115.2,1.5,34380356.0
2100,ssp245,0.6,Alto Tâmega e Barroso,0.0,2.0,0.0
2100,ssp245,0.6,Ave,0.0,2.0,0.0
2100,ssp245,0.6,Baixo Alentejo,0.0,1.5,0.0
2100,ssp245,0.6,Beira Baixa,0.0,2.0,0.0
2100,ssp245,0.6,Beiras e Serra da Estrela,0.0,2.0,0.0
2100,ssp245,0.6,Cávado,103.7,2.5,51562432.0
2100,ssp245,0.6,Douro,0.0,2.0,0.0
2100,ssp245,0.6,Grande Lisboa,28140.5,5.0,27985730748.0
2100,ssp245,0.6,Lezíria do Tejo,731.3,1.5,218188639.0
2100,ssp245,0.6,Médio Tejo,0.0,2.0,0.0
2100,ssp245,0.6,Oeste,180.1,2.5,89541846.0
2100,ssp245,0.6,Península de Setúbal,4431.0,3.0,2644003637.0
2100,ssp245,0.6,Região de Aveiro,9397.7,2.5,4673029518.0
2100,ssp245,0.6,Região de Coimbra,1267.6,2.5,630299164.0
2100,ssp245,0.6,Região de Leiria,0.7,2.0,265178.0
2100,ssp245,0.6,Terras de Trás-os-Montes,0.0,2.0,0.0
2100,ssp245,0.6,Tâmega e Sousa,0.0,2.0,0.0
2100,ssp245,0.6,Viseu Dão Lafões,0.0,2.0,0.0
2100,ssp245,0.6,Área Metropolitana do Porto,532.9,4.0,423990509.0
2025,ssp585,0.065,Alentejo Central,0.0,2.0,0.0
2025,ssp585,0.065,Alentejo Litoral,47.6,1.5,14206923.0
2025,ssp585,0.065,Algarve,229.0,3.0,136655176.0
2025,ssp585,0.065,Alto Alentejo,0.0,2.0,0.0
2025,ssp585,0.065,Alto Minho,1.6,1.5,477321.0
2025,ssp585,0.065,Alto Tâmega e Barroso,0.0,2.0,0.0
2025,ssp585,0.065,Ave,0.0,2.0,0.0
2025,ssp585,0.065,Baixo Alentejo,0.0,1.5,0.0
2025,ssp585,0.065,Beira Baixa,0.0,2.0,0.0
2025,ssp585,0.065,Beiras e Serra da Estrela,0.0,2.0,0.0
2025,ssp585,0.065,Cávado,0.1,2.5,73661.0
2025,ssp585,0.065,Douro,0.0,2.0,0.0
2025,ssp585,0.065,Grande Lisboa,1334.4,5.0,1327069669.0
2025,ssp585,0.065,Lezíria do Tejo,9.8,1.5,2916960.0
2025,ssp585,0.065,Médio Tejo,0.0,2.0,0.0
2025,ssp585,0.065,Oeste,6.8,2.5,3358924.0
2025,ssp585,0.065,Península de Setúbal,177.2,3.0,105717717.0
2025,ssp585,0.065,Região de Aveiro,633.1,2.5,314807060.0
2025,ssp585,0.065,Região de Coimbra,183.7,2.5,91339165.0
2025,ssp585,0.065,Região de Leiria,0.0,2.0,0.0
2025,ssp585,0.065,Terras de Trás-os-Montes,0.0,2.0,0.0
2025,ssp585,0.065,Tâmega e Sousa,0.0,2.0,0.0
2025,ssp585,0.065,Viseu Dão Lafões,0.0,2.0,0.0
2025,ssp585,0.065,Área Metropolitana do Porto,8.5,4.0,6776777.0
2026,ssp585,0.078,Alentejo Central,0.0,2.0,0.0
2026,ssp585,0.078,Alentejo Litoral,58.2,1.5,17349285.0
2026,ssp585,0.078,Algarve,278.8,3.0,166355137.0
2026,ssp585,0.078,Alto Alentejo,0.0,2.0,0.0
2026,ssp585,0.078,Alto Minho,1.8,1.5,543615.0
2026,ssp585,0.078,Alto Tâmega e Barroso,0.0,2.0,0.0
2026,ssp585,0.078,Ave,0.0,2.0,0.0
2026,ssp585,0.078,Baixo Alentejo,0.0,1.5,0.0
2026,ssp585,0.078,Beira Baixa,0.0,2.0,0.0
2026,ssp585,0.078,Beiras e Serra da Estrela,0.0,2.0,0.0
2026,ssp585,0.078,Cávado,0.1,2.5,73661.0
2026,ssp585,0.078,Douro,0.0,2.0,0.0
2026,ssp585,0.078,Grande Lisboa,1636.0,5.0,1627015700.0
2026,ssp585,0.078,Lezíria do Tejo,12.8,1.5,3818566.0
2026,ssp585,0.078,Médio Tejo,0.0,2.0,0.0
2026,ssp585,0.078,Oeste,8.4,2.5,4198655.0
2026,ssp585,0.078,Península de Setúbal,217.2,3.0,129583757.0
2026,ssp585,0.078,Região de Aveiro,770.5,2.5,383127282.0
2026,ssp585,0.078,Região de Coimbra,222.6,2.5,110667710.0
2026,ssp585,0.078,Região de Leiria,0.0,2.0,0.0
2026,ssp585,0.078,Terras de Trás-os-Montes,0.0,2.0,0.0
2026,ssp585,0.078,Tâmega e Sousa,0.0,2.0,0.0
2026,ssp585,0.078,Viseu Dão Lafões,0.0,2.0,0.0
2026,ssp585,0.078,Área Metropolitana do Porto,8.5,4.0,6776777.0
2027,ssp585,0.091,Alentejo Central,0.0,2.0,0.0
2027,ssp585,0.091,Alentejo Litoral,68.7,1.5,20498276.0
2027,ssp585,0.091,Algarve,327.4,3.0,195347955.0
2027,ssp585,0.091,Alto Alentejo,0.0,2.0,0.0
2027,ssp585,0.091,Alto Minho,2.0,1.5,583392.0
2027,ssp585,0.091,Alto Tâmega e Barroso,0.0,2.0,0.0
2027,ssp585,0.091,Ave,0.0,2.0,0.0
2027,ssp585,0.091,Baixo Alentejo,0.0,1.5,0.0
2027,ssp585,0.091,Beira Baixa,0.0,2.0,0.0
2027,ssp585,0.091,Beiras e Serra da Estrela,0.0,2.0,0.0
2027,ssp585,0.091,Cávado,0.1,2.5,73661.0
2027,ssp585,0.091,Douro,0.0,2.0,0.0
2027,ssp585,0.091,Grande Lisboa,1956.6,5.0,1945818848.0
2027,ssp585,0.091,Lezíria do Tejo,16.0,1.5,4764369.0
2027,ssp585,0.091,Médio Tejo,0.0,2.0,0.0
2027,ssp585,0.091,Oeste,9.7,2.5,4817404.0
2027,ssp585,0.091,Península de Setúbal,256.0,3.0,152742655.0
2027,ssp585,0.091,Região de Aveiro,917.0,2.5,455959217.0
2027,ssp585,0.091,Região de Coimbra,260.0,2.5,129289114.0
2027,ssp585,0.091,Região de Leiria,0.0,2.0,0.0
2027,ssp585,0.091,Terras de Trás-os-Montes,0.0,2.0,0.0
2027,ssp585,0.091,Tâmega e Sousa,0.0,2.0,0.0
2027,ssp585,0.091,Viseu Dão Lafões,0.0,2.0,0.0
2027,ssp585,0.091,Área Metropolitana do Porto,10.0,4.0,7955347.0
2028,ssp585,0.104,Alentejo Central,0.0,2.0,0.0
2028,ssp585,0.104,Alentejo Litoral,79.4,1.5,23680415.0
2028,ssp585,0.104,Algarve,381.3,3.0,227522913.0
2028,ssp585,0.104,Alto Alentejo,0.0,2.0,0.0
2028,ssp585,0.104,Alto Minho,2.2,1.5,662946.0
2028,ssp585,0.104,Alto Tâmega e Barroso,0.0,2.0,0.0
2028,ssp585,0.104,Ave,0.0,2.0,0.0
2028,ssp585,0.104,Baixo Alentejo,0.0,1.5,0.0
2028,ssp585,0.104,Beira Baixa,0.0,2.0,0.0
2028,ssp585,0.104,Beiras e Serra da Estrela,0.0,2.0,0.0
2028,ssp585,0.104,Cávado,0.3,2.5,147321.0
2028,ssp585,0.104,Douro,0.0,2.0,0.0
2028,ssp585,0.104,Grande Lisboa,2273.0,5.0,2260497003.0
2028,ssp585,0.104,Lezíria do Tejo,19.8,1.5,5904635.0
2028,ssp585,0.104,Médio Tejo,0.0,2.0,0.0
2028,ssp585,0.104,Oeste,11.2,2.5,5568743.0
2028,ssp585,0.104,Península de Setúbal,294.8,3.0,175901552.0
2028,ssp585,0.104,Região de Aveiro,1070.3,2.5,532197955.0
2028,ssp585,0.104,Região de Coimbra,294.8,2.5,146584627.0
2028,ssp585,0.104,Região de Leiria,0.1,2.0,29464.0
2028,ssp585,0.104,Terras de Trás-os-Montes,0.0,2.0,0.0
2028,ssp585,0.104,Tâmega e Sousa,0.0,2.0,0.0
2028,ssp585,0.104,Viseu Dão Lafões,0.0,2.0,0.0
2028,ssp585,0.104,Área Metropolitana do Porto,10.7,4.0,8544632.0
2029,ssp585,0.117,Alentejo Central,0.0,2.0,0.0
2029,ssp585,0.117,Alentejo Litoral,90.3,1.5,26948737.0
2029,ssp585,0.117,Algarve,437.1,3.0,260846976.0
2029,ssp585,0.117,Alto Alentejo,0.0,2.0,0.0
2029,ssp585,0.117,Alto Minho,2.9,1.5,861829.0
2029,ssp585,0.117,Alto Tâmega e Barroso,0.0,2.0,0.0
2029,ssp585,0.117,Ave,0.0,2.0,0.0
2029,ssp585,0.117,Baixo Alentejo,0.0,1.5,0.0
2029,ssp585,0.117,Beira Baixa,0.0,2.0,0.0
2029,ssp585,0.117,Beiras e Serra da Estrela,0.0,2.0,0.0
2029,ssp585,0.117,Cávado,0.3,2.5,147321.0
2029,ssp585,0.117,Douro,0.0,2.0,0.0
2029,ssp585,0.117,Grande Lisboa,2607.8,5.0,2593442990.0
2029,ssp585,0.117,Lezíria do Tejo,23.1,1.5,6903473.0
2029,ssp585,0.117,Médio Tejo,0.0,2.0,0.0
2029,ssp585,0.117,Oeste,12.7,2.5,6320081.0
2029,ssp585,0.117,Península de Setúbal,344.6,3.0,205601513.0
2029,ssp585,0.117,Região de Aveiro,1219.3,2.5,606318950.0
2029,ssp585,0.117,Região de Coimbra,333.3,2.5,165736387.0
2029,ssp585,0.117,Região de Leiria,0.1,2.0,29464.0
2029,ssp585,0.117,Terras de Trás-os-Montes,0.0,2.0,0.0
2029,ssp585,0.117,Tâmega e Sousa,0.0,2.0,0.0
2029,ssp585,0.117,Viseu Dão Lafões,0.0,2.0,0.0
2029,ssp585,0.117,Área Metropolitana do Porto,11.1,4.0,8839274.0
2030,ssp585,0.13,Alentejo Central,0.0,2.0,0.0
2030,ssp585,0.13,Alentejo Litoral,101.7,1.5,30349647.0
2030,ssp585,0.13,Algarve,490.8,3.0,292845147.0
2030,ssp585,0.13,Alto Alentejo,0.0,2.0,0.0
2030,ssp585,0.13,Alto Minho,3.4,1.5,1007677.0
2030,ssp585,0.13,Alto Tâmega e Barroso,0.0,2.0,0.0
2030,ssp585,0.13,Ave,0.0,2.0,0.0
2030,ssp585,0.13,Baixo Alentejo,0.0,1.5,0.0
2030,ssp585,0.13,Beira Baixa,0.0,2.0,0.0
2030,ssp585,0.13,Beiras e Serra da Estrela,0.0,2.0,0.0
2030,ssp585,0.13,Cávado,0.3,2.5,147321.0
2030,ssp585,0.13,Douro,0.0,2.0,0.0
2030,ssp585,0.13,Grande Lisboa,2964.5,5.0,2948192519.0
2030,ssp585,0.13,Lezíria do Tejo,27.2,1.5,8114454.0
2030,ssp585,0.13,Médio Tejo,0.0,2.0,0.0
2030,ssp585,0.13,Oeste,14.8,2.5,7336597.0
2030,ssp585,0.13,Península de Setúbal,385.7,3.0,230174695.0
2030,ssp585,0.13,Região de Aveiro,1372.5,2.5,682465613.0
2030,ssp585,0.13,Região de Coimbra,368.7,2.5,183356007.0
2030,ssp585,0.13,Região de Leiria,0.1,2.0,29464.0
2030,ssp585,0.13,Terras de Trás-os-Montes,0.0,2.0,0.0
2030,ssp585,0.13,Tâmega e Sousa,0.0,2.0,0.0
2030,ssp585,0.13,Viseu Dão Lafões,0.0,2.0,0.0
2030,ssp585,0.13,Área Metropolitana do Porto,11.9,4.0,9428559.0
2031,ssp585,0.1435,Alentejo Central,0.0,2.0,0.0
2031,ssp585,0.1435,Alentejo Litoral,113.2,1.5,33777076.0
2031,ssp585,0.1435,Algarve,554.8,3.0,331030811.0
2031,ssp585,0.1435,Alto Alentejo,0.0,2.0,0.0
2031,ssp585,0.1435,Alto Minho,4.1,1.5,1233079.0
2031,ssp585,0.1435,Alto Tâmega e Barroso,0.0,2.0,0.0
2031,ssp585,0.1435,Ave,0.0,2.0,0.0
2031,ssp585,0.1435,Baixo Alentejo,0.0,1.5,0.0
2031,ssp585,0.1435,Beira Baixa,0.0,2.0,0.0
2031,ssp585,0.1435,Beiras e Serra da Estrela,0.0,2.0,0.0
2031,ssp585,0.1435,Cávado,0.6,2.5,294642.0
2031,ssp585,0.1435,Douro,0.0,2.0,0.0
2031,ssp585,0.1435,Grande Lisboa,3362.7,5.0,3344191994.0
2031,ssp585,0.1435,Lezíria do Tejo,32.3,1.5,9643648.0
2031,ssp585,0.1435,Médio Tejo,0.0,2.0,0.0
2031,ssp585,0.1435,Oeste,17.4,2.5,8662489.0
2031,ssp585,0.1435,Península de Setúbal,435.8,3.0,260051441.0
2031,ssp585,0.1435,Região de Aveiro,1543.0,2.5,767267398.0
2031,ssp585,0.1435,Região de Coimbra,403.3,2.5,200563127.0
2031,ssp585,0.1435,Região de Leiria,0.1,2.0,29464.0
2031,ssp585,0.1435,Terras de Trás-os-Montes,0.0,2.0,0.0
2031,ssp585,0.1435,Tâmega e Sousa,0.0,2.0,0.0
2031,ssp585,0.1435,Viseu Dão Lafões,0.0,2.0,0.0
2031,ssp585,0.1435,Área Metropolitana do Porto,12.2,4.0,9723201.0
2032,ssp585,0.157,Alentejo Central,0.0,2.0,0.0
2032,ssp585,0.157,Alentejo Litoral,124.9,1.5,37257540.0
2032,ssp585,0.157,Algarve,619.9,3.0,369923617.0
2032,ssp585,0.157,Alto Alentejo,0.0,2.0,0.0
2032,ssp585,0.157,Alto Minho,4.6,1.5,1378927.0
2032,ssp585,0.157,Alto Tâmega e Barroso,0.0,2.0,0.0
2032,ssp585,0.157,Ave,0.0,2.0,0.0
2032,ssp585,0.157,Baixo Alentejo,0.0,1.5,0.0
2032,ssp585,0.157,Beira Baixa,0.0,2.0,0.0
2032,ssp585,0.157,Beiras e Serra da Estrela,0.0,2.0,0.0
2032,ssp585,0.157,Cávado,0.7,2.5,368303.0
2032,ssp585,0.157,Douro,0.0,2.0,0.0
2032,ssp585,0.157,Grande Lisboa,3782.2,5.0,3761405727.0
2032,ssp585,0.157,Lezíria do Tejo,38.4,1.5,11464538.0
2032,ssp585,0.157,Médio Tejo,0.0,2.0,0.0
2032,ssp585,0.157,Oeste,19.3,2.5,9590612.0
2032,ssp585,0.157,Península de Setúbal,485.3,3.0,289574616.0
2032,ssp585,0.157,Região de Aveiro,1712.6,2.5,851608804.0
2032,ssp585,0.157,Região de Coimbra,436.9,2.5,217269355.0
2032,ssp585,0.157,Região de Leiria,0.1,2.0,29464.0
2032,ssp585,0.157,Terras de Trás-os-Montes,0.0,2.0,0.0
2032,ssp585,0.157,Tâmega e Sousa,0.0,2.0,0.0
2032,ssp585,0.157,Viseu Dão Lafões,0.0,2.0,0.0
2032,ssp585,0.157,Área Metropolitana do Porto,12.6,4.0,10017844.0
2033,ssp585,0.1705,Alentejo Central,0.0,2.0,0.0
2033,ssp585,0.1705,Alentejo Litoral,137.6,1.5,41042959.0
2033,ssp585,0.1705,Algarve,687.6,3.0,410319099.0
2033,ssp585,0.1705,Alto Alentejo,0.0,2.0,0.0
2033,ssp585,0.1705,Alto Minho,5.3,1.5,1591069.0
2033,ssp585,0.1705,Alto Tâmega e Barroso,0.0,2.0,0.0
2033,ssp585,0.1705,Ave,0.0,2.0,0.0
2033,ssp585,0.1705,Baixo Alentejo,0.0,1.5,0.0
2033,ssp585,0.1705,Beira Baixa,0.0,2.0,0.0
2033,ssp585,0.1705,Beiras e Serra da Estrela,0.0,2.0,0.0
2033,ssp585,0.1705,Cávado,1.0,2.5,515624.0
2033,ssp585,0.1705,Douro,0.0,2.0,0.0
2033,ssp585,0.1705,Grande Lisboa,4194.6,5.0,4171548040.0
2033,ssp585,0.1705,Lezíria do Tejo,45.2,1.5,13479893.0
2033,ssp585,0.1705,Médio Tejo,0.0,2.0,0.0
2033,ssp585,0.1705,Oeste,21.4,2.5,10651325.0
2033,ssp585,0.1705,Península de Setúbal,545.7,3.0,325638854.0
2033,ssp585,0.1705,Região de Aveiro,1886.0,2.5,937791725.0
2033,ssp585,0.1705,Região de Coimbra,470.5,2.5,233975583.0
2033,ssp585,0.1705,Região de Leiria,0.1,2.0,29464.0
2033,ssp585,0.1705,Terras de Trás-os-Montes,0.0,2.0,0.0
2033,ssp585,0.1705,Tâmega e Sousa,0.0,2.0,0.0
2033,ssp585,0.1705,Viseu Dão Lafões,0.0,2.0,0.0
2033,ssp585,0.1705,Área Metropolitana do Porto,13.0,4.0,10312486.0
2034,ssp585,0.184,Alentejo Central,0.0,2.0,0.0
2034,ssp585,0.184,Alentejo Litoral,148.3,1.5,44231727.0
2034,ssp585,0.184,Algarve,761.4,3.0,454338683.0
2034,ssp585,0.184,Alto Alentejo,0.0,2.0,0.0
2034,ssp585,0.184,Alto Minho,6.1,1.5,1816471.0
2034,ssp585,0.184,Alto Tâmega e Barroso,0.0,2.0,0.0
2034,ssp585,0.184,Ave,0.0,2.0,0.0
2034,ssp585,0.184,Baixo Alentejo,0.0,1.5,0.0
2034,ssp585,0.184,Beira Baixa,0.0,2.0,0.0
2034,ssp585,0.184,Beiras e Serra da Estrela,0.0,2.0,0.0
2034,ssp585,0.184,Cávado,1.6,2.5,810267.0
2034,ssp585,0.184,Douro,0.0,2.0,0.0
2034,ssp585,0.184,Grande Lisboa,4629.5,5.0,4604083181.0
2034,ssp585,0.184,Lezíria do Tejo,51.3,1.5,15318462.0
2034,ssp585,0.184,Médio Tejo,0.0,2.0,0.0
2034,ssp585,0.184,Oeste,24.4,2.5,12154002.0
2034,ssp585,0.184,Península de Setúbal,600.0,3.0,357990597.0
2034,ssp585,0.184,Região de Aveiro,2051.9,2.5,1020291616.0
2034,ssp585,0.184,Região de Coimbra,502.9,2.5,250063061.0
2034,ssp585,0.184,Região de Leiria,0.1,2.0,29464.0
2034,ssp585,0.184,Terras de Trás-os-Montes,0.0,2.0,0.0
2034,ssp585,0.184,Tâmega e Sousa,0.0,2.0,0.0
2034,ssp585,0.184,Viseu Dão Lafões,0.0,2.0,0.0
2034,ssp585,0.184,Área Metropolitana do Porto,14.1,4.0,11196414.0
2035,ssp585,0.1975,Alentejo Central,0.0,2.0,0.0
2035,ssp585,0.1975,Alentejo Litoral,159.2,1.5,47486790.0
2035,ssp585,0.1975,Algarve,842.6,3.0,502777905.0
2035,ssp585,0.1975,Alto Alentejo,0.0,2.0,0.0
2035,ssp585,0.1975,Alto Minho,7.2,1.5,2161202.0
2035,ssp585,0.1975,Alto Tâmega e Barroso,0.0,2.0,0.0
2035,ssp585,0.1975,Ave,0.0,2.0,0.0
2035,ssp585,0.1975,Baixo Alentejo,0.0,1.5,0.0
2035,ssp585,0.1975,Beira Baixa,0.0,2.0,0.0
2035,ssp585,0.1975,Beiras e Serra da Estrela,0.0,2.0,0.0
2035,ssp585,0.1975,Cávado,1.9,2.5,957588.0
2035,ssp585,0.1975,Douro,0.0,2.0,0.0
2035,ssp585,0.1975,Grande Lisboa,5073.4,5.0,5045457595.0
2035,ssp585,0.1975,Lezíria do Tejo,58.5,1.5,17466405.0
2035,ssp585,0.1975,Médio Tejo,0.0,2.0,0.0
2035,ssp585,0.1975,Oeste,26.8,2.5,13347304.0
2035,ssp585,0.1975,Península de Setúbal,664.8,3.0,396706617.0
2035,ssp585,0.1975,Região de Aveiro,2242.2,2.5,1114945508.0
2035,ssp585,0.1975,Região de Coimbra,537.2,2.5,267122860.0
2035,ssp585,0.1975,Região de Leiria,0.1,2.0,29464.0
2035,ssp585,0.1975,Terras de Trás-os-Montes,0.0,2.0,0.0
2035,ssp585,0.1975,Tâmega e Sousa,0.0,2.0,0.0
2035,ssp585,0.1975,Viseu Dão Lafões,0.0,2.0,0.0
2035,ssp585,0.1975,Área Metropolitana do Porto,14.8,4.0,11785699.0
2036,ssp585,0.211,Alentejo Central,0.0,2.0,0.0
2036,ssp585,0.211,Alentejo Litoral,170.8,1.5,50953995.0
2036,ssp585,0.211,Algarve,923.3,3.0,550951948.0
2036,ssp585,0.211,Alto Alentejo,0.0,2.0,0.0
2036,ssp585,0.211,Alto Minho,8.0,1.5,2386604.0
2036,ssp585,0.211,Alto Tâmega e Barroso,0.0,2.0,0.0
2036,ssp585,0.211,Ave,0.0,2.0,0.0
2036,ssp585,0.211,Baixo Alentejo,0.0,1.5,0.0
2036,ssp585,0.211,Beira Baixa,0.0,2.0,0.0
2036,ssp585,0.211,Beiras e Serra da Estrela,0.0,2.0,0.0
2036,ssp585,0.211,Cávado,2.2,2.5,1104909.0
2036,ssp585,0.211,Douro,0.0,2.0,0.0
2036,ssp585,0.211,Grande Lisboa,5509.5,5.0,5479171306.0
2036,ssp585,0.211,Lezíria do Tejo,65.5,1.5,19534796.0
2036,ssp585,0.211,Médio Tejo,0.0,2.0,0.0
2036,ssp585,0.211,Oeste,29.6,2.5,14717391.0
2036,ssp585,0.211,Península de Setúbal,733.6,3.0,437720848.0
2036,ssp585,0.211,Região de Aveiro,2423.5,2.5,1205087688.0
2036,ssp585,0.211,Região de Coimbra,569.5,2.5,283180874.0
2036,ssp585,0.211,Região de Leiria,0.1,2.0,29464.0
2036,ssp585,0.211,Terras de Trás-os-Montes,0.0,2.0,0.0
2036,ssp585,0.211,Tâmega e Sousa,0.0,2.0,0.0
2036,ssp585,0.211,Viseu Dão Lafões,0.0,2.0,0.0
2036,ssp585,0.211,Área Metropolitana do Porto,15.2,4.0,12080341.0
2037,ssp585,0.2245,Alentejo Central,0.0,2.0,0.0
2037,ssp585,0.2245,Alentejo Litoral,182.5,1.5,54460977.0
2037,ssp585,0.2245,Algarve,1005.1,3.0,599744740.0
2037,ssp585,0.2245,Alto Alentejo,0.0,2.0,0.0
2037,ssp585,0.2245,Alto Minho,8.9,1.5,2665041.0
2037,ssp585,0.2245,Alto Tâmega e Barroso,0.0,2.0,0.0
2037,ssp585,0.2245,Ave,0.0,2.0,0.0
2037,ssp585,0.2245,Baixo Alentejo,0.0,1.5,0.0
2037,ssp585,0.2245,Beira Baixa,0.0,2.0,0.0
2037,ssp585,0.2245,Beiras e Serra da Estrela,0.0,2.0,0.0
2037,ssp585,0.2245,Cávado,2.4,2.5,1178570.0
2037,ssp585,0.2245,Douro,0.0,2.0,0.0
2037,ssp585,0.2245,Grande Lisboa,6003.1,5.0,5970045655.0
2037,ssp585,0.2245,Lezíria do Tejo,74.7,1.5,22274970.0
2037,ssp585,0.2245,Médio Tejo,0.0,2.0,0.0
2037,ssp585,0.2245,Oeste,33.2,2.5,16529442.0
2037,ssp585,0.2245,Península de Setúbal,794.9,3.0,474315442.0
2037,ssp585,0.2245,Região de Aveiro,2617.7,2.5,1301675171.0
2037,ssp585,0.2245,Região de Coimbra,600.1,2.5,298413890.0
2037,ssp585,0.2245,Região de Leiria,0.1,2.0,29464.0
2037,ssp585,0.2245,Terras de Trás-os-Montes,0.0,2.0,0.0
2037,ssp585,0.2245,Tâmega e Sousa,0.0,2.0,0.0
2037,ssp585,0.2245,Viseu Dão Lafões,0.0,2.0,0.0
2037,ssp585,0.2245,Área Metropolitana do Porto,15.6,4.0,12374984.0
2038,ssp585,0.238,Alentejo Central,0.0,2.0,0.0
2038,ssp585,0.238,Alentejo Litoral,193.9,1.5,57841999.0
2038,ssp585,0.238,Algarve,1090.9,3.0,650924137.0
2038,ssp585,0.238,Alto Alentejo,0.0,2.0,0.0
2038,ssp585,0.238,Alto Minho,10.1,1.5,3009773.0
2038,ssp585,0.238,Alto Tâmega e Barroso,0.0,2.0,0.0
2038,ssp585,0.238,Ave,0.0,2.0,0.0
2038,ssp585,0.238,Baixo Alentejo,0.0,1.5,0.0
2038,ssp585,0.238,Beira Baixa,0.0,2.0,0.0
2038,ssp585,0.238,Beiras e Serra da Estrela,0.0,2.0,0.0
2038,ssp585,0.238,Cávado,2.7,2.5,1325891.0
2038,ssp585,0.238,Douro,0.0,2.0,0.0
2038,ssp585,0.238,Grande Lisboa,6486.6,5.0,6450902160.0
2038,ssp585,0.238,Lezíria do Tejo,83.5,1.5,24909074.0
2038,ssp585,0.238,Médio Tejo,0.0,2.0,0.0
2038,ssp585,0.238,Oeste,37.7,2.5,18739261.0
2038,ssp585,0.238,Península de Setúbal,858.0,3.0,511970750.0
2038,ssp585,0.238,Região de Aveiro,2828.1,2.5,1406273247.0
2038,ssp585,0.238,Região de Coimbra,632.0,2.5,314265655.0
2038,ssp585,0.238,Região de Leiria,0.1,2.0,29464.0
2038,ssp585,0.238,Terras de Trás-os-Montes,0.0,2.0,0.0
2038,ssp585,0.238,Tâmega e Sousa,0.0,2.0,0.0
2038,ssp585,0.238,Viseu Dão Lafões,0.0,2.0,0.0
2038,ssp585,0.238,Área Metropolitana do Porto,16.7,4.0,13258911.0
2039,ssp585,0.2515,Alentejo Central,0.0,2.0,0.0
2039,ssp585,0.2515,Alentejo Litoral,204.6,1.5,61030767.0
2039,ssp585,0.2515,Algarve,1182.3,3.0,705462457.0
2039,ssp585,0.2515,Alto Alentejo,0.0,2.0,0.0
2039,ssp585,0.2515,Alto Minho,11.7,1.5,3487094.0
2039,ssp585,0.2515,Alto Tâmega e Barroso,0.0,2.0,0.0
2039,ssp585,0.2515,Ave,0.0,2.0,0.0
2039,ssp585,0.2515,Baixo Alentejo,0.0,1.5,0.0
2039,ssp585,0.2515,Beira Baixa,0.0,2.0,0.0
2039,ssp585,0.2515,Beiras e Serra da Estrela,0.0,2.0,0.0
2039,ssp585,0.2515,Cávado,3.6,2.5,1767855.0
2039,ssp585,0.2515,Douro,0.0,2.0,0.0
2039,ssp585,0.2515,Grande Lisboa,7018.7,5.0,6980080030.0
2039,ssp585,0.2515,Lezíria do Tejo,92.7,1.5,27666928.0
2039,ssp585,0.2515,Médio Tejo,0.0,2.0,0.0
2039,ssp585,0.2515,Oeste,41.9,2.5,20816490.0
2039,ssp585,0.2515,Península de Setúbal,932.1,3.0,556167120.0
2039,ssp585,0.2515,Região de Aveiro,3039.2,2.5,1511239626.0
2039,ssp585,0.2515,Região de Coimbra,660.6,2.5,328496886.0
2039,ssp585,0.2515,Região de Leiria,0.1,2.0,29464.0
2039,ssp585,0.2515,Terras de Trás-os-Montes,0.0,2.0,0.0
2039,ssp585,0.2515,Tâmega e Sousa,0.0,2.0,0.0
2039,ssp585,0.2515,Viseu Dão Lafões,0.0,2.0,0.0
2039,ssp585,0.2515,Área Metropolitana do Porto,17.4,4.0,13848196.0
2040,ssp585,0.265,Alentejo Central,0.0,2.0,0.0
2040,ssp585,0.265,Alentejo Litoral,215.8,1.5,64378642.0
2040,ssp585,0.265,Algarve,1279.9,3.0,763713273.0
2040,ssp585,0.265,Alto Alentejo,0.0,2.0,0.0
2040,ssp585,0.265,Alto Minho,13.6,1.5,4043968.0
2040,ssp585,0.265,Alto Tâmega e Barroso,0.0,2.0,0.0
2040,ssp585,0.265,Ave,0.0,2.0,0.0
2040,ssp585,0.265,Baixo Alentejo,0.0,1.5,0.0
2040,ssp585,0.265,Beira Baixa,0.0,2.0,0.0
2040,ssp585,0.265,Beiras e Serra da Estrela,0.0,2.0,0.0
2040,ssp585,0.265,Cávado,3.7,2.5,1841515.0
2040,ssp585,0.265,Douro,0.0,2.0,0.0
2040,ssp585,0.265,Grande Lisboa,7535.4,5.0,7493936492.0
2040,ssp585,0.265,Lezíria do Tejo,102.2,1.5,30504335.0
2040,ssp585,0.265,Médio Tejo,0.0,2.0,0.0
2040,ssp585,0.265,Oeste,45.9,2.5,22805327.0
2040,ssp585,0.265,Península de Setúbal,1005.5,3.0,600009919.0
2040,ssp585,0.265,Região de Aveiro,3261.0,2.5,1621546399.0
2040,ssp585,0.265,Região de Coimbra,690.6,2.5,343376330.0
2040,ssp585,0.265,Região de Leiria,0.1,2.0,29464.0
2040,ssp585,0.265,Terras de Trás-os-Montes,0.0,2.0,0.0
2040,ssp585,0.265,Tâmega e Sousa,0.0,2.0,0.0
2040,ssp585,0.265,Viseu Dão Lafões,0.0,2.0,0.0
2040,ssp585,0.265,Área Metropolitana do Porto,18.1,4.0,14437481.0
2041,ssp585,0.2785,Alentejo Central,0.0,2.0,0.0
2041,ssp585,0.2785,Alentejo Litoral,227.8,1.5,67971807.0
2041,ssp585,0.2785,Algarve,1374.3,3.0,820019448.0
2041,ssp585,0.2785,Alto Alentejo,0.0,2.0,0.0
2041,ssp585,0.2785,Alto Minho,14.6,1.5,4348923.0
2041,ssp585,0.2785,Alto Tâmega e Barroso,0.0,2.0,0.0
2041,ssp585,0.2785,Ave,0.0,2.0,0.0
2041,ssp585,0.2785,Baixo Alentejo,0.0,1.5,0.0
2041,ssp585,0.2785,Beira Baixa,0.0,2.0,0.0
2041,ssp585,0.2785,Beiras e Serra da Estrela,0.0,2.0,0.0
2041,ssp585,0.2785,Cávado,4.0,2.5,1988837.0
2041,ssp585,0.2785,Douro,0.0,2.0,0.0
2041,ssp585,0.2785,Grande Lisboa,8111.9,5.0,8067310731.0
2041,ssp585,0.2785,Lezíria do Tejo,113.1,1.5,33739509.0
2041,ssp585,0.2785,Médio Tejo,0.0,2.0,0.0
2041,ssp585,0.2785,Oeste,49.8,2.5,24749967.0
2041,ssp585,0.2785,Península de Setúbal,1083.8,3.0,646681285.0
2041,ssp585,0.2785,Região de Aveiro,3478.8,2.5,1729827505.0
2041,ssp585,0.2785,Região de Coimbra,716.6,2.5,356311135.0
2041,ssp585,0.2785,Região de Leiria,0.1,2.0,29464.0
2041,ssp585,0.2785,Terras de Trás-os-Montes,0.0,2.0,0.0
2041,ssp585,0.2785,Tâmega e Sousa,0.0,2.0,0.0
2041,ssp585,0.2785,Viseu Dão Lafões,0.0,2.0,0.0
2041,ssp585,0.2785,Área Metropolitana do Porto,18.9,4.0,15026766.0
2042,ssp585,0.292,Alentejo Central,0.0,2.0,0.0
2042,ssp585,0.292,Alentejo Litoral,239.7,1.5,71511936.0
2042,ssp585,0.292,Algarve,1475.1,3.0,880214904.0
2042,ssp585,0.292,Alto Alentejo,0.0,2.0,0.0
2042,ssp585,0.292,Alto Minho,16.0,1.5,4759949.0
2042,ssp585,0.292,Alto Tâmega e Barroso,0.0,2.0,0.0
2042,ssp585,0.292,Ave,0.0,2.0,0.0
2042,ssp585,0.292,Baixo Alentejo,0.0,1.5,0.0
2042,ssp585,0.292,Beira Baixa,0.0,2.0,0.0
2042,ssp585,0.292,Beiras e Serra da Estrela,0.0,2.0,0.0
2042,ssp585,0.292,Cávado,4.9,2.5,2430800.0
2042,ssp585,0.292,Douro,0.0,2.0,0.0
2042,ssp585,0.292,Grande Lisboa,8674.8,5.0,8627131417.0
2042,ssp585,0.292,Lezíria do Tejo,125.5,1.5,37443165.0
2042,ssp585,0.292,Médio Tejo,0.0,2.0,0.0
2042,ssp585,0.292,Oeste,54.0,2.5,26827197.0
2042,ssp585,0.292,Península de Setúbal,1169.4,3.0,697772289.0
2042,ssp585,0.292,Região de Aveiro,3708.0,2.5,1843817310.0
2042,ssp585,0.292,Região de Coimbra,743.3,2.5,369628974.0
2042,ssp585,0.292,Região de Leiria,0.1,2.0,58928.0
2042,ssp585,0.292,Terras de Trás-os-Montes,0.0,2.0,0.0
2042,ssp585,0.292,Tâmega e Sousa,0.0,2.0,0.0
2042,ssp585,0.292,Viseu Dão Lafões,0.0,2.0,0.0
2042,ssp585,0.292,Área Metropolitana do Porto,20.4,4.0,16205336.0
2043,ssp585,0.3055,Alentejo Central,0.0,2.0,0.0
2043,ssp585,0.3055,Alentejo Litoral,250.9,1.5,74846553.0
2043,ssp585,0.3055,Algarve,1577.5,3.0,941294288.0
2043,ssp585,0.3055,Alto Alentejo,0.0,2.0,0.0
2043,ssp585,0.3055,Alto Minho,17.4,1.5,5197493.0
2043,ssp585,0.3055,Alto Tâmega e Barroso,0.0,2.0,0.0
2043,ssp585,0.3055,Ave,0.0,2.0,0.0
2043,ssp585,0.3055,Baixo Alentejo,0.0,1.5,0.0
2043,ssp585,0.3055,Beira Baixa,0.0,2.0,0.0
2043,ssp585,0.3055,Beiras e Serra da Estrela,0.0,2.0,0.0
2043,ssp585,0.3055,Cávado,5.6,2.5,2799103.0
2043,ssp585,0.3055,Douro,0.0,2.0,0.0
2043,ssp585,0.3055,Grande Lisboa,9291.1,5.0,9239987748.0
2043,ssp585,0.3055,Lezíria do Tejo,136.8,1.5,40819767.0
2043,ssp585,0.3055,Médio Tejo,0.0,2.0,0.0
2043,ssp585,0.3055,Oeste,58.0,2.5,28816033.0
2043,ssp585,0.3055,Península de Setúbal,1244.6,3.0,742675801.0
2043,ssp585,0.3055,Região de Aveiro,3941.5,2.5,1959924856.0
2043,ssp585,0.3055,Região de Coimbra,767.9,2.5,381827172.0
2043,ssp585,0.3055,Região de Leiria,0.1,2.0,58928.0
2043,ssp585,0.3055,Terras de Trás-os-Montes,0.0,2.0,0.0
2043,ssp585,0.3055,Tâmega e Sousa,0.0,2.0,0.0
2043,ssp585,0.3055,Viseu Dão Lafões,0.0,2.0,0.0
2043,ssp585,0.3055,Área Metropolitana do Porto,22.2,4.0,17678548.0
2044,ssp585,0.319,Alentejo Central,0.0,2.0,0.0
2044,ssp585,0.319,Alentejo Litoral,263.2,1.5,78512641.0
2044,ssp585,0.319,Algarve,1682.2,3.0,1003787955.0
2044,ssp585,0.319,Alto Alentejo,0.0,2.0,0.0
2044,ssp585,0.319,Alto Minho,19.0,1.5,5674814.0
2044,ssp585,0.319,Alto Tâmega e Barroso,0.0,2.0,0.0
2044,ssp585,0.319,Ave,0.0,2.0,0.0
2044,ssp585,0.319,Baixo Alentejo,0.0,1.5,0.0
2044,ssp585,0.319,Beira Baixa,0.0,2.0,0.0
2044,ssp585,0.319,Beiras e Serra da Estrela,0.0,2.0,0.0
2044,ssp585,0.319,Cávado,6.7,2.5,3314728.0
2044,ssp585,0.319,Douro,0.0,2.0,0.0
2044,ssp585,0.319,Grande Lisboa,9897.9,5.0,9843415519.0
2044,ssp585,0.319,Lezíria do Tejo,150.4,1.5,44876994.0
2044,ssp585,0.319,Médio Tejo,0.0,2.0,0.0
2044,ssp585,0.319,Oeste,62.8,2.5,31246834.0
2044,ssp585,0.319,Península de Setúbal,1330.6,3.0,793943590.0
2044,ssp585,0.319,Região de Aveiro,4175.2,2.5,2076124479.0
2044,ssp585,0.319,Região de Coimbra,794.1,2.5,394879834.0
2044,ssp585,0.319,Região de Leiria,0.2,2.0,88393.0
2044,ssp585,0.319,Terras de Trás-os-Montes,0.0,2.0,0.0
2044,ssp585,0.319,Tâmega e Sousa,0.0,2.0,0.0
2044,ssp585,0.319,Viseu Dão Lafões,0.0,2.0,0.0
2044,ssp585,0.319,Área Metropolitana do Porto,24.1,4.0,19151760.0
2045,ssp585,0.3325,Alentejo Central,0.0,2.0,0.0
2045,ssp585,0.3325,Alentejo Litoral,274.4,1.5,81853887.0
2045,ssp585,0.3325,Algarve,1792.0,3.0,1069286975.0
2045,ssp585,0.3325,Alto Alentejo,0.0,2.0,0.0
2045,ssp585,0.3325,Alto Minho,21.7,1.5,6470349.0
2045,ssp585,0.3325,Alto Tâmega e Barroso,0.0,2.0,0.0
2045,ssp585,0.3325,Ave,0.0,2.0,0.0
2045,ssp585,0.3325,Baixo Alentejo,0.0,1.5,0.0
2045,ssp585,0.3325,Beira Baixa,0.0,2.0,0.0
2045,ssp585,0.3325,Beiras e Serra da Estrela,0.0,2.0,0.0
2045,ssp585,0.3325,Cávado,7.9,2.5,3904013.0
2045,ssp585,0.3325,Douro,0.0,2.0,0.0
2045,ssp585,0.3325,Grande Lisboa,10537.8,5.0,10479843246.0
2045,ssp585,0.3325,Lezíria do Tejo,163.3,1.5,48730918.0
2045,ssp585,0.3325,Médio Tejo,0.0,2.0,0.0
2045,ssp585,0.3325,Oeste,68.7,2.5,34163794.0
2045,ssp585,0.3325,Península de Setúbal,1410.0,3.0,841322099.0
2045,ssp585,0.3325,Região de Aveiro,4408.9,2.5,2192324102.0
2045,ssp585,0.3325,Região de Coimbra,819.1,2.5,407284281.0
2045,ssp585,0.3325,Região de Leiria,0.2,2.0,88393.0
2045,ssp585,0.3325,Terras de Trás-os-Montes,0.0,2.0,0.0
2045,ssp585,0.3325,Tâmega e Sousa,0.0,2.0,0.0
2045,ssp585,0.3325,Viseu Dão Lafões,0.0,2.0,0.0
2045,ssp585,0.3325,Área Metropolitana do Porto,25.9,4.0,20624973.0
2046,ssp585,0.346,Alentejo Central,0.0,2.0,0.0
2046,ssp585,0.346,Alentejo Litoral,285.9,1.5,85307833.0
2046,ssp585,0.346,Algarve,1901.8,3.0,1134785995.0
2046,ssp585,0.346,Alto Alentejo,0.0,2.0,0.0
2046,ssp585,0.346,Alto Minho,23.9,1.5,7120035.0
2046,ssp585,0.346,Alto Tâmega e Barroso,0.0,2.0,0.0
2046,ssp585,0.346,Ave,0.0,2.0,0.0
2046,ssp585,0.346,Baixo Alentejo,0.0,1.5,0.0
2046,ssp585,0.346,Beira Baixa,0.0,2.0,0.0
2046,ssp585,0.346,Beiras e Serra da Estrela,0.0,2.0,0.0
2046,ssp585,0.346,Cávado,8.9,2.5,4419637.0
2046,ssp585,0.346,Douro,0.0,2.0,0.0
2046,ssp585,0.346,Grande Lisboa,11237.6,5.0,11175788752.0
2046,ssp585,0.346,Lezíria do Tejo,176.7,1.5,52708591.0
2046,ssp585,0.346,Médio Tejo,0.0,2.0,0.0
2046,ssp585,0.346,Oeste,74.0,2.5,36815576.0
2046,ssp585,0.346,Península de Setúbal,1508.6,3.0,900191663.0
2046,ssp585,0.346,Região de Aveiro,4643.1,2.5,2308799952.0
2046,ssp585,0.346,Região de Coimbra,843.7,2.5,419541408.0
2046,ssp585,0.346,Região de Leiria,0.3,2.0,117857.0
2046,ssp585,0.346,Terras de Trás-os-Montes,0.0,2.0,0.0
2046,ssp585,0.346,Tâmega e Sousa,0.0,2.0,0.0
2046,ssp585,0.346,Viseu Dão Lafões,0.0,2.0,0.0
2046,ssp585,0.346,Área Metropolitana do Porto,26.7,4.0,21214258.0
2047,ssp585,0.3595,Alentejo Central,0.0,2.0,0.0
2047,ssp585,0.3595,Alentejo Litoral,297.6,1.5,88801556.0
2047,ssp585,0.3595,Algarve,2011.8,3.0,1200461801.0
2047,ssp585,0.3595,Alto Alentejo,0.0,2.0,0.0
2047,ssp585,0.3595,Alto Minho,26.6,1.5,7942088.0
2047,ssp585,0.3595,Alto Tâmega e Barroso,0.0,2.0,0.0
2047,ssp585,0.3595,Ave,0.0,2.0,0.0
2047,ssp585,0.3595,Baixo Alentejo,0.0,1.5,0.0
2047,ssp585,0.3595,Beira Baixa,0.0,2.0,0.0
2047,ssp585,0.3595,Beiras e Serra da Estrela,0.0,2.0,0.0
2047,ssp585,0.3595,Cávado,11.3,2.5,5598207.0
2047,ssp585,0.3595,Douro,0.0,2.0,0.0
2047,ssp585,0.3595,Grande Lisboa,11938.0,5.0,11872323543.0
2047,ssp585,0.3595,Lezíria do Tejo,191.0,1.5,56977960.0
2047,ssp585,0.3595,Médio Tejo,0.0,2.0,0.0
2047,ssp585,0.3595,Oeste,78.5,2.5,39025395.0
2047,ssp585,0.3595,Península de Setúbal,1601.3,3.0,955525519.0
2047,ssp585,0.3595,Região de Aveiro,4897.4,2.5,2435219985.0
2047,ssp585,0.3595,Região de Coimbra,871.6,2.5,433389604.0
2047,ssp585,0.3595,Região de Leiria,0.3,2.0,117857.0
2047,ssp585,0.3595,Terras de Trás-os-Montes,0.0,2.0,0.0
2047,ssp585,0.3595,Tâmega e Sousa,0.0,2.0,0.0
2047,ssp585,0.3595,Viseu Dão Lafões,0.0,2.0,0.0
2047,ssp585,0.3595,Área Metropolitana do Porto,27.4,4.0,21803543.0
2048,ssp585,0.373,Alentejo Central,0.0,2.0,0.0
2048,ssp585,0.373,Alentejo Litoral,309.5,1.5,92348315.0
2048,ssp585,0.373,Algarve,2126.6,3.0,1268966174.0
2048,ssp585,0.373,Alto Alentejo,0.0,2.0,0.0
2048,ssp585,0.373,Alto Minho,28.8,1.5,8605033.0
2048,ssp585,0.373,Alto Tâmega e Barroso,0.0,2.0,0.0
2048,ssp585,0.373,Ave,0.0,2.0,0.0
2048,ssp585,0.373,Baixo Alentejo,0.0,1.5,0.0
2048,ssp585,0.373,Beira Baixa,0.0,2.0,0.0
2048,ssp585,0.373,Beiras e Serra da Estrela,0.0,2.0,0.0
2048,ssp585,0.373,Cávado,13.0,2.5,6482134.0
2048,ssp585,0.373,Douro,0.0,2.0,0.0
2048,ssp585,0.373,Grande Lisboa,12629.5,5.0,12560019060.0
2048,ssp585,0.373,Lezíria do Tejo,206.3,1.5,61547865.0
2048,ssp585,0.373,Médio Tejo,0.0,2.0,0.0
2048,ssp585,0.373,Oeste,82.9,2.5,41235213.0
2048,ssp585,0.373,Península de Setúbal,1694.7,3.0,1011212945.0
2048,ssp585,0.373,Região de Aveiro,5135.9,2.5,2553813578.0
2048,ssp585,0.373,Região de Coimbra,893.2,2.5,444144054.0
2048,ssp585,0.373,Região de Leiria,0.4,2.0,147321.0
2048,ssp585,0.373,Terras de Trás-os-Montes,0.0,2.0,0.0
2048,ssp585,0.373,Tâmega e Sousa,0.0,2.0,0.0
2048,ssp585,0.373,Viseu Dão Lafões,0.0,2.0,0.0
2048,ssp585,0.373,Área Metropolitana do Porto,29.6,4.0,23571397.0
2049,ssp585,0.3865,Alentejo Central,0.0,2.0,0.0
2049,ssp585,0.3865,Alentejo Litoral,320.6,1.5,95649784.0
2049,ssp585,0.3865,Algarve,2258.2,3.0,1347458928.0
2049,ssp585,0.3865,Alto Alentejo,0.0,2.0,0.0
2049,ssp585,0.3865,Alto Minho,31.6,1.5,9413827.0
2049,ssp585,0.3865,Alto Tâmega e Barroso,0.0,2.0,0.0
2049,ssp585,0.3865,Ave,0.0,2.0,0.0
2049,ssp585,0.3865,Baixo Alentejo,0.0,1.5,0.0
2049,ssp585,0.3865,Beira Baixa,0.0,2.0,0.0
2049,ssp585,0.3865,Beiras e Serra da Estrela,0.0,2.0,0.0
2049,ssp585,0.3865,Cávado,15.0,2.5,7439722.0
2049,ssp585,0.3865,Douro,0.0,2.0,0.0
2049,ssp585,0.3865,Grande Lisboa,13373.1,5.0,13299571650.0
2049,ssp585,0.3865,Lezíria do Tejo,222.7,1.5,66453662.0
2049,ssp585,0.3865,Médio Tejo,0.0,2.0,0.0
2049,ssp585,0.3865,Oeste,88.2,2.5,43842799.0
2049,ssp585,0.3865,Península de Setúbal,1791.9,3.0,1069198582.0
2049,ssp585,0.3865,Região de Aveiro,5390.1,2.5,2680233611.0
2049,ssp585,0.3865,Região de Coimbra,917.0,2.5,455988681.0
2049,ssp585,0.3865,Região de Leiria,0.4,2.0,176785.0
2049,ssp585,0.3865,Terras de Trás-os-Montes,0.0,2.0,0.0
2049,ssp585,0.3865,Tâmega e Sousa,0.0,2.0,0.0
2049,ssp585,0.3865,Viseu Dão Lafões,0.0,2.0,0.0
2049,ssp585,0.3865,Área Metropolitana do Porto,30.0,4.0,23866040.0
2050,ssp585,0.4,Alentejo Central,0.0,2.0,0.0
2050,ssp585,0.4,Alentejo Litoral,332.1,1.5,99070583.0
2050,ssp585,0.4,Algarve,2374.3,3.0,1416758836.0
2050,ssp585,0.4,Alto Alentejo,0.0,2.0,0.0
2050,ssp585,0.4,Alto Minho,33.6,1.5,10023737.0
2050,ssp585,0.4,Alto Tâmega e Barroso,0.0,2.0,0.0
2050,ssp585,0.4,Ave,0.0,2.0,0.0
2050,ssp585,0.4,Baixo Alentejo,0.0,1.5,0.0
2050,ssp585,0.4,Beira Baixa,0.0,2.0,0.0
2050,ssp585,0.4,Beiras e Serra da Estrela,0.0,2.0,0.0
2050,ssp585,0.4,Cávado,16.1,2.5,8029007.0
2050,ssp585,0.4,Douro,0.0,2.0,0.0
2050,ssp585,0.4,Grande Lisboa,14145.8,5.0,14067999203.0
2050,ssp585,0.4,Lezíria do Tejo,239.3,1.5,71394816.0
2050,ssp585,0.4,Médio Tejo,0.0,2.0,0.0
2050,ssp585,0.4,Oeste,94.1,2.5,46803956.0
2050,ssp585,0.4,Península de Setúbal,1899.4,3.0,1133371711.0
2050,ssp585,0.4,Região de Aveiro,5633.8,2.5,2801405325.0
2050,ssp585,0.4,Região de Coimbra,939.8,2.5,467332416.0
2050,ssp585,0.4,Região de Leiria,0.4,2.0,176785.0
2050,ssp585,0.4,Terras de Trás-os-Montes,0.0,2.0,0.0
2050,ssp585,0.4,Tâmega e Sousa,0.0,2.0,0.0
2050,ssp585,0.4,Viseu Dão Lafões,0.0,2.0,0.0
2050,ssp585,0.4,Área Metropolitana do Porto,32.2,4.0,25633895.0
2051,ssp585,0.412,Alentejo Central,0.0,2.0,0.0
2051,ssp585,0.412,Alentejo Litoral,342.1,1.5,102060467.0
2051,ssp585,0.412,Algarve,2480.8,3.0,1480313216.0
2051,ssp585,0.412,Alto Alentejo,0.0,2.0,0.0
2051,ssp585,0.412,Alto Minho,35.7,1.5,10660164.0
2051,ssp585,0.412,Alto Tâmega e Barroso,0.0,2.0,0.0
2051,ssp585,0.412,Ave,0.0,2.0,0.0
2051,ssp585,0.412,Baixo Alentejo,0.0,1.5,0.0
2051,ssp585,0.412,Beira Baixa,0.0,2.0,0.0
2051,ssp585,0.412,Beiras e Serra da Estrela,0.0,2.0,0.0
2051,ssp585,0.412,Cávado,17.3,2.5,8618292.0
2051,ssp585,0.412,Douro,0.0,2.0,0.0
2051,ssp585,0.412,Grande Lisboa,14837.3,5.0,14755694719.0
2051,ssp585,0.412,Lezíria do Tejo,253.6,1.5,75664185.0
2051,ssp585,0.412,Médio Tejo,0.0,2.0,0.0
2051,ssp585,0.412,Oeste,98.4,2.5,48925382.0
2051,ssp585,0.412,Península de Setúbal,1985.0,3.0,1184462715.0
2051,ssp585,0.412,Região de Aveiro,5866.4,2.5,2917052494.0
2051,ssp585,0.412,Região de Coimbra,959.0,2.5,476849368.0
2051,ssp585,0.412,Região de Leiria,0.5,2.0,206250.0
2051,ssp585,0.412,Terras de Trás-os-Montes,0.0,2.0,0.0
2051,ssp585,0.412,Tâmega e Sousa,0.0,2.0,0.0
2051,ssp585,0.412,Viseu Dão Lafões,0.0,2.0,0.0
2051,ssp585,0.412,Área Metropolitana do Porto,34.1,4.0,27107107.0
2052,ssp585,0.424,Alentejo Central,0.0,2.0,0.0
2052,ssp585,0.424,Alentejo Litoral,352.2,1.5,105070240.0
2052,ssp585,0.424,Algarve,2593.7,3.0,1547668483.0
2052,ssp585,0.424,Alto Alentejo,0.0,2.0,0.0
2052,ssp585,0.424,Alto Minho,38.0,1.5,11336369.0
2052,ssp585,0.424,Alto Tâmega e Barroso,0.0,2.0,0.0
2052,ssp585,0.424,Ave,0.0,2.0,0.0
2052,ssp585,0.424,Baixo Alentejo,0.0,1.5,0.0
2052,ssp585,0.424,Beira Baixa,0.0,2.0,0.0
2052,ssp585,0.424,Beiras e Serra da Estrela,0.0,2.0,0.0
2052,ssp585,0.424,Cávado,18.5,2.5,9207577.0
2052,ssp585,0.424,Douro,0.0,2.0,0.0
2052,ssp585,0.424,Grande Lisboa,15544.2,5.0,15458711644.0
2052,ssp585,0.424,Lezíria do Tejo,268.7,1.5,80172215.0
2052,ssp585,0.424,Médio Tejo,0.0,2.0,0.0
2052,ssp585,0.424,Oeste,103.1,2.5,51267789.0
2052,ssp585,0.424,Península de Setúbal,2075.7,3.0,1238559072.0
2052,ssp585,0.424,Região de Aveiro,6081.5,2.5,3024044539.0
2052,ssp585,0.424,Região de Coimbra,978.5,2.5,486543105.0
2052,ssp585,0.424,Região de Leiria,0.5,2.0,206250.0
2052,ssp585,0.424,Terras de Trás-os-Montes,0.0,2.0,0.0
2052,ssp585,0.424,Tâmega e Sousa,0.0,2.0,0.0
2052,ssp585,0.424,Viseu Dão Lafões,0.0,2.0,0.0
2052,ssp585,0.424,Área Metropolitana do Porto,34.8,4.0,27696392.0
2053,ssp585,0.436,Alentejo Central,0.0,2.0,0.0
2053,ssp585,0.436,Alentejo Litoral,362.1,1.5,108040236.0
2053,ssp585,0.436,Algarve,2701.3,3.0,1611841613.0
2053,ssp585,0.436,Alto Alentejo,0.0,2.0,0.0
2053,ssp585,0.436,Alto Minho,40.2,1.5,11986056.0
2053,ssp585,0.436,Alto Tâmega e Barroso,0.0,2.0,0.0
2053,ssp585,0.436,Ave,0.0,2.0,0.0
2053,ssp585,0.436,Baixo Alentejo,0.0,1.5,0.0
2053,ssp585,0.436,Beira Baixa,0.0,2.0,0.0
2053,ssp585,0.436,Beiras e Serra da Estrela,0.0,2.0,0.0
2053,ssp585,0.436,Cávado,19.6,2.5,9723201.0
2053,ssp585,0.436,Douro,0.0,2.0,0.0
2053,ssp585,0.436,Grande Lisboa,16267.7,5.0,16178228547.0
2053,ssp585,0.436,Lezíria do Tejo,285.1,1.5,85060334.0
2053,ssp585,0.436,Médio Tejo,0.0,2.0,0.0
2053,ssp585,0.436,Oeste,108.0,2.5,53698590.0
2053,ssp585,0.436,Península de Setúbal,2177.6,3.0,1299373277.0
2053,ssp585,0.436,Região de Aveiro,6302.6,2.5,3133983009.0
2053,ssp585,0.436,Região de Coimbra,997.0,2.5,495735950.0
2053,ssp585,0.436,Região de Leiria,0.5,2.0,206250.0
2053,ssp585,0.436,Terras de Trás-os-Montes,0.0,2.0,0.0
2053,ssp585,0.436,Tâmega e Sousa,0.0,2.0,0.0
2053,ssp585,0.436,Viseu Dão Lafões,0.0,2.0,0.0
2053,ssp585,0.436,Área Metropolitana do Porto,36.3,4.0,28874962.0
2054,ssp585,0.448,Alentejo Central,0.0,2.0,0.0
2054,ssp585,0.448,Alentejo Litoral,371.2,1.5,110758313.0
2054,ssp585,0.448,Algarve,2818.1,3.0,1681583484.0
2054,ssp585,0.448,Alto Alentejo,0.0,2.0,0.0
2054,ssp585,0.448,Alto Minho,42.7,1.5,12728555.0
2054,ssp585,0.448,Alto Tâmega e Barroso,0.0,2.0,0.0
2054,ssp585,0.448,Ave,0.0,2.0,0.0
2054,ssp585,0.448,Baixo Alentejo,0.0,1.5,0.0
2054,ssp585,0.448,Beira Baixa,0.0,2.0,0.0
2054,ssp585,0.448,Beiras e Serra da Estrela,0.0,2.0,0.0
2054,ssp585,0.448,Cávado,21.5,2.5,10680789.0
2054,ssp585,0.448,Douro,0.0,2.0,0.0
2054,ssp585,0.448,Grande Lisboa,17004.8,5.0,16911299004.0
2054,ssp585,0.448,Lezíria do Tejo,302.1,1.5,90134077.0
2054,ssp585,0.448,Médio Tejo,0.0,2.0,0.0
2054,ssp585,0.448,Oeste,113.1,2.5,56217783.0
2054,ssp585,0.448,Península de Setúbal,2281.3,3.0,1361248195.0
2054,ssp585,0.448,Região de Aveiro,6535.2,2.5,3249630178.0
2054,ssp585,0.448,Região de Coimbra,1015.8,2.5,505105580.0
2054,ssp585,0.448,Região de Leiria,0.5,2.0,206250.0
2054,ssp585,0.448,Terras de Trás-os-Montes,0.0,2.0,0.0
2054,ssp585,0.448,Tâmega e Sousa,0.0,2.0,0.0
2054,ssp585,0.448,Viseu Dão Lafões,0.0,2.0,0.0
2054,ssp585,0.448,Área Metropolitana do Porto,37.8,4.0,30053532.0
2055,ssp585,0.46,Alentejo Central,0.0,2.0,0.0
2055,ssp585,0.46,Alentejo Litoral,380.1,1.5,113410095.0
2055,ssp585,0.46,Algarve,2938.7,3.0,1753535175.0
2055,ssp585,0.46,Alto Alentejo,0.0,2.0,0.0
2055,ssp585,0.46,Alto Minho,45.0,1.5,13431277.0
2055,ssp585,0.46,Alto Tâmega e Barroso,0.0,2.0,0.0
2055,ssp585,0.46,Ave,0.0,2.0,0.0
2055,ssp585,0.46,Baixo Alentejo,0.0,1.5,0.0
2055,ssp585,0.46,Beira Baixa,0.0,2.0,0.0
2055,ssp585,0.46,Beiras e Serra da Estrela,0.0,2.0,0.0
2055,ssp585,0.46,Cávado,23.4,2.5,11638377.0
2055,ssp585,0.46,Douro,0.0,2.0,0.0
2055,ssp585,0.46,Grande Lisboa,17766.2,5.0,17668530143.0
2055,ssp585,0.46,Lezíria do Tejo,320.0,1.5,95472998.0
2055,ssp585,0.46,Médio Tejo,0.0,2.0,0.0
2055,ssp585,0.46,Oeste,117.9,2.5,58604387.0
2055,ssp585,0.46,Península de Setúbal,2374.6,3.0,1416935621.0
2055,ssp585,0.46,Região de Aveiro,6761.5,2.5,3362146769.0
2055,ssp585,0.46,Região de Coimbra,1034.7,2.5,514504675.0
2055,ssp585,0.46,Região de Leiria,0.5,2.0,206250.0
2055,ssp585,0.46,Terras de Trás-os-Montes,0.0,2.0,0.0
2055,ssp585,0.46,Tâmega e Sousa,0.0,2.0,0.0
2055,ssp585,0.46,Viseu Dão Lafões,0.0,2.0,0.0
2055,ssp585,0.46,Área Metropolitana do Porto,39.3,4.0,31232101.0
2056,ssp585,0.472,Alentejo Central,0.0,2.0,0.0
2056,ssp585,0.472,Alentejo Litoral,389.1,1.5,116075136.0
2056,ssp585,0.472,Algarve,3062.9,3.0,1827608291.0
2056,ssp585,0.472,Alto Alentejo,0.0,2.0,0.0
2056,ssp585,0.472,Alto Minho,47.6,1.5,14213553.0
2056,ssp585,0.472,Alto Tâmega e Barroso,0.0,2.0,0.0
2056,ssp585,0.472,Ave,0.0,2.0,0.0
2056,ssp585,0.472,Baixo Alentejo,0.0,1.5,0.0
2056,ssp585,0.472,Beira Baixa,0.0,2.0,0.0
2056,ssp585,0.472,Beiras e Serra da Estrela,0.0,2.0,0.0
2056,ssp585,0.472,Cávado,24.7,2.5,12301323.0
2056,ssp585,0.472,Douro,0.0,2.0,0.0
2056,ssp585,0.472,Grande Lisboa,18554.3,5.0,18452279103.0
2056,ssp585,0.472,Lezíria do Tejo,337.5,1.5,100697009.0
2056,ssp585,0.472,Médio Tejo,0.0,2.0,0.0
2056,ssp585,0.472,Oeste,121.9,2.5,60593223.0
2056,ssp585,0.472,Península de Setúbal,2475.6,3.0,1477219470.0
2056,ssp585,0.472,Região de Aveiro,6992.9,2.5,3477241483.0
2056,ssp585,0.472,Região de Coimbra,1052.1,2.5,523137699.0
2056,ssp585,0.472,Região de Leiria,0.5,2.0,206250.0
2056,ssp585,0.472,Terras de Trás-os-Montes,0.0,2.0,0.0
2056,ssp585,0.472,Tâmega e Sousa,0.0,2.0,0.0
2056,ssp585,0.472,Viseu Dão Lafões,0.0,2.0,0.0
2056,ssp585,0.472,Área Metropolitana do Porto,41.1,4.0,32705314.0
2057,ssp585,0.484,Alentejo Central,0.0,2.0,0.0
2057,ssp585,0.484,Alentejo Litoral,398.8,1.5,118992097.0
2057,ssp585,0.484,Algarve,3184.6,3.0,1900267123.0
2057,ssp585,0.484,Alto Alentejo,0.0,2.0,0.0
2057,ssp585,0.484,Alto Minho,49.5,1.5,14757168.0
2057,ssp585,0.484,Alto Tâmega e Barroso,0.0,2.0,0.0
2057,ssp585,0.484,Ave,0.0,2.0,0.0
2057,ssp585,0.484,Baixo Alentejo,0.0,1.5,0.0
2057,ssp585,0.484,Beira Baixa,0.0,2.0,0.0
2057,ssp585,0.484,Beiras e Serra da Estrela,0.0,2.0,0.0
2057,ssp585,0.484,Cávado,26.5,2.5,13185250.0
2057,ssp585,0.484,Douro,0.0,2.0,0.0
2057,ssp585,0.484,Grande Lisboa,19380.9,5.0,19274331585.0
2057,ssp585,0.484,Lezíria do Tejo,355.0,1.5,105912181.0
2057,ssp585,0.484,Médio Tejo,0.0,2.0,0.0
2057,ssp585,0.484,Oeste,127.3,2.5,63289202.0
2057,ssp585,0.484,Península de Setúbal,2585.6,3.0,1542806883.0
2057,ssp585,0.484,Região de Aveiro,7214.8,2.5,3587548256.0
2057,ssp585,0.484,Região de Coimbra,1069.8,2.5,531976973.0
2057,ssp585,0.484,Região de Leiria,0.6,2.0,235714.0
2057,ssp585,0.484,Terras de Trás-os-Montes,0.0,2.0,0.0
2057,ssp585,0.484,Tâmega e Sousa,0.0,2.0,0.0
2057,ssp585,0.484,Viseu Dão Lafões,0.0,2.0,0.0
2057,ssp585,0.484,Área Metropolitana do Porto,41.5,4.0,32999956.0
2058,ssp585,0.496,Alentejo Central,0.0,2.0,0.0
2058,ssp585,0.496,Alentejo Litoral,408.0,1.5,121723432.0
2058,ssp585,0.496,Algarve,3304.3,3.0,1971688457.0
2058,ssp585,0.496,Alto Alentejo,0.0,2.0,0.0
2058,ssp585,0.496,Alto Minho,52.4,1.5,15618997.0
2058,ssp585,0.496,Alto Tâmega e Barroso,0.0,2.0,0.0
2058,ssp585,0.496,Ave,0.0,2.0,0.0
2058,ssp585,0.496,Baixo Alentejo,0.0,1.5,0.0
2058,ssp585,0.496,Beira Baixa,0.0,2.0,0.0
2058,ssp585,0.496,Beiras e Serra da Estrela,0.0,2.0,0.0
2058,ssp585,0.496,Cávado,28.0,2.5,13921857.0
2058,ssp585,0.496,Douro,0.0,2.0,0.0
2058,ssp585,0.496,Grande Lisboa,20181.5,5.0,20070455529.0
2058,ssp585,0.496,Lezíria do Tejo,374.6,1.5,111763780.0
2058,ssp585,0.496,Médio Tejo,0.0,2.0,0.0
2058,ssp585,0.496,Oeste,132.0,2.5,65631609.0
2058,ssp585,0.496,Península de Setúbal,2688.1,3.0,1603974659.0
2058,ssp585,0.496,Região de Aveiro,7464.6,2.5,3711758471.0
2058,ssp585,0.496,Região de Coimbra,1086.8,2.5,540433212.0
2058,ssp585,0.496,Região de Leiria,0.6,2.0,235714.0
2058,ssp585,0.496,Terras de Trás-os-Montes,0.0,2.0,0.0
2058,ssp585,0.496,Tâmega e Sousa,0.0,2.0,0.0
2058,ssp585,0.496,Viseu Dão Lafões,0.0,2.0,0.0
2058,ssp585,0.496,Área Metropolitana do Porto,41.8,4.0,33294599.0
2059,ssp585,0.508,Alentejo Central,0.0,2.0,0.0
2059,ssp585,0.508,Alentejo Litoral,455.1,1.5,135791137.0
2059,ssp585,0.508,Algarve,4356.4,3.0,2599453696.0
2059,ssp585,0.508,Alto Alentejo,0.0,2.0,0.0
2059,ssp585,0.508,Alto Minho,91.1,1.5,27167509.0
2059,ssp585,0.508,Alto Tâmega e Barroso,0.0,2.0,0.0
2059,ssp585,0.508,Ave,0.0,2.0,0.0
2059,ssp585,0.508,Baixo Alentejo,0.0,1.5,0.0
2059,ssp585,0.508,Beira Baixa,0.0,2.0,0.0
2059,ssp585,0.508,Beiras e Serra da Estrela,0.0,2.0,0.0
2059,ssp585,0.508,Cávado,86.5,2.5,43017800.0
2059,ssp585,0.508,Douro,0.0,2.0,0.0
2059,ssp585,0.508,Grande Lisboa,21093.4,5.0,20977365041.0
2059,ssp585,0.508,Lezíria do Tejo,570.1,1.5,170094149.0
2059,ssp585,0.508,Médio Tejo,0.0,2.0,0.0
2059,ssp585,0.508,Oeste,137.9,2.5,68548570.0
2059,ssp585,0.508,Península de Setúbal,3454.8,3.0,2061495481.0
2059,ssp585,0.508,Região de Aveiro,7735.1,2.5,3846281172.0
2059,ssp585,0.508,Região de Coimbra,1128.0,2.5,560910863.0
2059,ssp585,0.508,Região de Leiria,0.6,2.0,235714.0
2059,ssp585,0.508,Terras de Trás-os-Montes,0.0,2.0,0.0
2059,ssp585,0.508,Tâmega e Sousa,0.0,2.0,0.0
2059,ssp585,0.508,Viseu Dão Lafões,0.0,2.0,0.0
2059,ssp585,0.508,Área Metropolitana do Porto,523.3,4.0,416329805.0
2060,ssp585,0.52,Alentejo Central,0.0,2.0,0.0
2060,ssp585,0.52,Alentejo Litoral,465.3,1.5,138827428.0
2060,ssp585,0.52,Algarve,4478.4,3.0,2672289314.0
2060,ssp585,0.52,Alto Alentejo,0.0,2.0,0.0
2060,ssp585,0.52,Alto Minho,94.0,1.5,28055856.0
2060,ssp585,0.52,Alto Tâmega e Barroso,0.0,2.0,0.0
2060,ssp585,0.52,Ave,0.0,2.0,0.0
2060,ssp585,0.52,Baixo Alentejo,0.0,1.5,0.0
2060,ssp585,0.52,Beira Baixa,0.0,2.0,0.0
2060,ssp585,0.52,Beiras e Serra da Estrela,0.0,2.0,0.0
2060,ssp585,0.52,Cávado,88.3,2.5,43901728.0
2060,ssp585,0.52,Douro,0.0,2.0,0.0
2060,ssp585,0.52,Grande Lisboa,21981.6,5.0,21860703155.0
2060,ssp585,0.52,Lezíria do Tejo,589.3,1.5,175830838.0
2060,ssp585,0.52,Médio Tejo,0.0,2.0,0.0
2060,ssp585,0.52,Oeste,142.5,2.5,70846781.0
2060,ssp585,0.52,Península de Setúbal,3571.6,3.0,2131148960.0
2060,ssp585,0.52,Região de Aveiro,7965.1,2.5,3960639279.0
2060,ssp585,0.52,Região de Coimbra,1147.2,2.5,570457279.0
2060,ssp585,0.52,Região de Leiria,0.6,2.0,235714.0
2060,ssp585,0.52,Terras de Trás-os-Montes,0.0,2.0,0.0
2060,ssp585,0.52,Tâmega e Sousa,0.0,2.0,0.0
2060,ssp585,0.52,Viseu Dão Lafões,0.0,2.0,0.0
2060,ssp585,0.52,Área Metropolitana do Porto,524.4,4.0,417213732.0
2061,ssp585,0.532,Alentejo Central,0.0,2.0,0.0
2061,ssp585,0.532,Alentejo Litoral,475.1,1.5,141744388.0
2061,ssp585,0.532,Algarve,4606.4,3.0,2748660641.0
2061,ssp585,0.532,Alto Alentejo,0.0,2.0,0.0
2061,ssp585,0.532,Alto Minho,97.6,1.5,29129827.0
2061,ssp585,0.532,Alto Tâmega e Barroso,0.0,2.0,0.0
2061,ssp585,0.532,Ave,0.0,2.0,0.0
2061,ssp585,0.532,Baixo Alentejo,0.0,1.5,0.0
2061,ssp585,0.532,Beira Baixa,0.0,2.0,0.0
2061,ssp585,0.532,Beiras e Serra da Estrela,0.0,2.0,0.0
2061,ssp585,0.532,Cávado,90.2,2.5,44859316.0
2061,ssp585,0.532,Douro,0.0,2.0,0.0
2061,ssp585,0.532,Grande Lisboa,22865.1,5.0,22739326990.0
2061,ssp585,0.532,Lezíria do Tejo,609.3,1.5,181788509.0
2061,ssp585,0.532,Médio Tejo,0.0,2.0,0.0
2061,ssp585,0.532,Oeste,147.3,2.5,73233385.0
2061,ssp585,0.532,Península de Setúbal,3687.4,3.0,2200272082.0
2061,ssp585,0.532,Região de Aveiro,8191.7,2.5,4073340023.0
2061,ssp585,0.532,Região de Coimbra,1167.9,2.5,580740301.0
2061,ssp585,0.532,Região de Leiria,0.6,2.0,235714.0
2061,ssp585,0.532,Terras de Trás-os-Montes,0.0,2.0,0.0
2061,ssp585,0.532,Tâmega e Sousa,0.0,2.0,0.0
2061,ssp585,0.532,Viseu Dão Lafões,0.0,2.0,0.0
2061,ssp585,0.532,Área Metropolitana do Porto,525.1,4.0,417803017.0
2062,ssp585,0.544,Alentejo Central,0.0,2.0,0.0
2062,ssp585,0.544,Alentejo Litoral,483.8,1.5,144349764.0
2062,ssp585,0.544,Algarve,4733.7,3.0,2824590005.0
2062,ssp585,0.544,Alto Alentejo,0.0,2.0,0.0
2062,ssp585,0.544,Alto Minho,99.9,1.5,29792773.0
2062,ssp585,0.544,Alto Tâmega e Barroso,0.0,2.0,0.0
2062,ssp585,0.544,Ave,0.0,2.0,0.0
2062,ssp585,0.544,Baixo Alentejo,0.0,1.5,0.0
2062,ssp585,0.544,Beira Baixa,0.0,2.0,0.0
2062,ssp585,0.544,Beiras e Serra da Estrela,0.0,2.0,0.0
2062,ssp585,0.544,Cávado,92.7,2.5,46111546.0
2062,ssp585,0.544,Douro,0.0,2.0,0.0
2062,ssp585,0.544,Grande Lisboa,23730.2,5.0,23599682992.0
2062,ssp585,0.544,Lezíria do Tejo,631.5,1.5,188400286.0
2062,ssp585,0.544,Médio Tejo,0.0,2.0,0.0
2062,ssp585,0.544,Oeste,152.8,2.5,75973560.0
2062,ssp585,0.544,Península de Setúbal,3810.1,3.0,2273461271.0
2062,ssp585,0.544,Região de Aveiro,8413.6,2.5,4183646796.0
2062,ssp585,0.544,Região de Coimbra,1186.4,2.5,589933146.0
2062,ssp585,0.544,Região de Leiria,0.7,2.0,265178.0
2062,ssp585,0.544,Terras de Trás-os-Montes,0.0,2.0,0.0
2062,ssp585,0.544,Tâmega e Sousa,0.0,2.0,0.0
2062,ssp585,0.544,Viseu Dão Lafões,0.0,2.0,0.0
2062,ssp585,0.544,Área Metropolitana do Porto,527.4,4.0,419570872.0
2063,ssp585,0.556,Alentejo Central,0.0,2.0,0.0
2063,ssp585,0.556,Alentejo Litoral,493.1,1.5,147114247.0
2063,ssp585,0.556,Algarve,4855.0,3.0,2896983659.0
2063,ssp585,0.556,Alto Alentejo,0.0,2.0,0.0
2063,ssp585,0.556,Alto Minho,103.0,1.5,30720897.0
2063,ssp585,0.556,Alto Tâmega e Barroso,0.0,2.0,0.0
2063,ssp585,0.556,Ave,0.0,2.0,0.0
2063,ssp585,0.556,Baixo Alentejo,0.0,1.5,0.0
2063,ssp585,0.556,Beira Baixa,0.0,2.0,0.0
2063,ssp585,0.556,Beiras e Serra da Estrela,0.0,2.0,0.0
2063,ssp585,0.556,Cávado,95.4,2.5,47437437.0
2063,ssp585,0.556,Douro,0.0,2.0,0.0
2063,ssp585,0.556,Grande Lisboa,24664.6,5.0,24528985331.0
2063,ssp585,0.556,Lezíria do Tejo,651.7,1.5,194437510.0
2063,ssp585,0.556,Médio Tejo,0.0,2.0,0.0
2063,ssp585,0.556,Oeste,158.2,2.5,78669539.0
2063,ssp585,0.556,Península de Setúbal,3944.9,3.0,2353898664.0
2063,ssp585,0.556,Região de Aveiro,8628.9,2.5,4290730918.0
2063,ssp585,0.556,Região de Coimbra,1203.9,2.5,598654563.0
2063,ssp585,0.556,Região de Leiria,0.7,2.0,265178.0
2063,ssp585,0.556,Terras de Trás-os-Montes,0.0,2.0,0.0
2063,ssp585,0.556,Tâmega e Sousa,0.0,2.0,0.0
2063,ssp585,0.556,Viseu Dão Lafões,0.0,2.0,0.0
2063,ssp585,0.556,Área Metropolitana do Porto,528.5,4.0,420454800.0
2064,ssp585,0.568,Alentejo Central,0.0,2.0,0.0
2064,ssp585,0.568,Alentejo Litoral,502.8,1.5,150017948.0
2064,ssp585,0.568,Algarve,4979.4,3.0,2971233560.0
2064,ssp585,0.568,Alto Alentejo,0.0,2.0,0.0
2064,ssp585,0.568,Alto Minho,106.2,1.5,31675538.0
2064,ssp585,0.568,Alto Tâmega e Barroso,0.0,2.0,0.0
2064,ssp585,0.568,Ave,0.0,2.0,0.0
2064,ssp585,0.568,Baixo Alentejo,0.0,1.5,0.0
2064,ssp585,0.568,Beira Baixa,0.0,2.0,0.0
2064,ssp585,0.568,Beiras e Serra da Estrela,0.0,2.0,0.0
2064,ssp585,0.568,Cávado,98.1,2.5,48763328.0
2064,ssp585,0.568,Douro,0.0,2.0,0.0
2064,ssp585,0.568,Grande Lisboa,25596.7,5.0,25455930531.0
2064,ssp585,0.568,Lezíria do Tejo,673.0,1.5,200775269.0
2064,ssp585,0.568,Médio Tejo,0.0,2.0,0.0
2064,ssp585,0.568,Oeste,163.5,2.5,81321321.0
2064,ssp585,0.568,Península de Setúbal,4072.9,3.0,2430269992.0
2064,ssp585,0.568,Região de Aveiro,8840.2,2.5,4395789372.0
2064,ssp585,0.568,Região de Coimbra,1222.4,2.5,607847408.0
2064,ssp585,0.568,Região de Leiria,0.7,2.0,265178.0
2064,ssp585,0.568,Terras de Trás-os-Montes,0.0,2.0,0.0
2064,ssp585,0.568,Tâmega e Sousa,0.0,2.0,0.0
2064,ssp585,0.568,Viseu Dão Lafões,0.0,2.0,0.0
2064,ssp585,0.568,Área Metropolitana do Porto,531.1,4.0,422517297.0
2065,ssp585,0.58,Alentejo Central,0.0,2.0,0.0
2065,ssp585,0.58,Alentejo Litoral,513.6,1.5,153219975.0
2065,ssp585,0.58,Algarve,5114.8,3.0,3052024524.0
2065,ssp585,0.58,Alto Alentejo,0.0,2.0,0.0
2065,ssp585,0.58,Alto Minho,109.4,1.5,32630180.0
2065,ssp585,0.58,Alto Tâmega e Barroso,0.0,2.0,0.0
2065,ssp585,0.58,Ave,0.0,2.0,0.0
2065,ssp585,0.58,Baixo Alentejo,0.0,1.5,0.0
2065,ssp585,0.58,Beira Baixa,0.0,2.0,0.0
2065,ssp585,0.58,Beiras e Serra da Estrela,0.0,2.0,0.0
2065,ssp585,0.58,Cávado,101.0,2.5,50236541.0
2065,ssp585,0.58,Douro,0.0,2.0,0.0
2065,ssp585,0.58,Grande Lisboa,26525.2,5.0,26379340021.0
2065,ssp585,0.58,Lezíria do Tejo,694.2,1.5,207104190.0
2065,ssp585,0.58,Médio Tejo,0.0,2.0,0.0
2065,ssp585,0.58,Oeste,169.5,2.5,84282478.0
2065,ssp585,0.58,Península de Setúbal,4215.1,3.0,2515127022.0
2065,ssp585,0.58,Região de Aveiro,9056.7,2.5,4503425948.0
2065,ssp585,0.58,Região de Coimbra,1239.4,2.5,616303647.0
2065,ssp585,0.58,Região de Leiria,0.7,2.0,265178.0
2065,ssp585,0.58,Terras de Trás-os-Montes,0.0,2.0,0.0
2065,ssp585,0.58,Tâmega e Sousa,0.0,2.0,0.0
2065,ssp585,0.58,Viseu Dão Lafões,0.0,2.0,0.0
2065,ssp585,0.58,Área Metropolitana do Porto,531.4,4.0,422811939.0
2066,ssp585,0.592,Alentejo Central,0.0,2.0,0.0
2066,ssp585,0.592,Alentejo Litoral,523.6,1.5,156209860.0
2066,ssp585,0.592,Algarve,5241.5,3.0,3127600317.0
2066,ssp585,0.592,Alto Alentejo,0.0,2.0,0.0
2066,ssp585,0.592,Alto Minho,112.8,1.5,33664375.0
2066,ssp585,0.592,Alto Tâmega e Barroso,0.0,2.0,0.0
2066,ssp585,0.592,Ave,0.0,2.0,0.0
2066,ssp585,0.592,Baixo Alentejo,0.0,1.5,0.0
2066,ssp585,0.592,Beira Baixa,0.0,2.0,0.0
2066,ssp585,0.592,Beiras e Serra da Estrela,0.0,2.0,0.0
2066,ssp585,0.592,Cávado,101.9,2.5,50678504.0
2066,ssp585,0.592,Douro,0.0,2.0,0.0
2066,ssp585,0.592,Grande Lisboa,27513.6,5.0,27362267289.0
2066,ssp585,0.592,Lezíria do Tejo,716.8,1.5,213866234.0
2066,ssp585,0.592,Médio Tejo,0.0,2.0,0.0
2066,ssp585,0.592,Oeste,175.5,2.5,87287831.0
2066,ssp585,0.592,Península de Setúbal,4338.9,3.0,2589023353.0
2066,ssp585,0.592,Região de Aveiro,9262.4,2.5,4605722129.0
2066,ssp585,0.592,Região de Coimbra,1256.8,2.5,624936671.0
2066,ssp585,0.592,Região de Leiria,0.7,2.0,265178.0
2066,ssp585,0.592,Terras de Trás-os-Montes,0.0,2.0,0.0
2066,ssp585,0.592,Tâmega e Sousa,0.0,2.0,0.0
2066,ssp585,0.592,Viseu Dão Lafões,0.0,2.0,0.0
2066,ssp585,0.592,Área Metropolitana do Porto,531.8,4.0,423106582.0
2067,ssp585,0.604,Alentejo Central,0.0,2.0,0.0
2067,ssp585,0.604,Alentejo Litoral,534.2,1.5,159365481.0
2067,ssp585,0.604,Algarve,5366.8,3.0,3202380575.0
2067,ssp585,0.604,Alto Alentejo,0.0,2.0,0.0
2067,ssp585,0.604,Alto Minho,116.3,1.5,34698570.0
2067,ssp585,0.604,Alto Tâmega e Barroso,0.0,2.0,0.0
2067,ssp585,0.604,Ave,0.0,2.0,0.0
2067,ssp585,0.604,Baixo Alentejo,0.0,1.5,0.0
2067,ssp585,0.604,Beira Baixa,0.0,2.0,0.0
2067,ssp585,0.604,Beiras e Serra da Estrela,0.0,2.0,0.0
2067,ssp585,0.604,Cávado,104.4,2.5,51930735.0
2067,ssp585,0.604,Douro,0.0,2.0,0.0
2067,ssp585,0.604,Grande Lisboa,28472.9,5.0,28316319595.0
2067,ssp585,0.604,Lezíria do Tejo,738.3,1.5,220257029.0
2067,ssp585,0.604,Médio Tejo,0.0,2.0,0.0
2067,ssp585,0.604,Oeste,182.0,2.5,90514166.0
2067,ssp585,0.604,Península de Setúbal,4476.4,3.0,2671051815.0
2067,ssp585,0.604,Região de Aveiro,9468.5,2.5,4708202462.0
2067,ssp585,0.604,Região de Coimbra,1272.2,2.5,632597375.0
2067,ssp585,0.604,Região de Leiria,0.7,2.0,265178.0
2067,ssp585,0.604,Terras de Trás-os-Montes,0.0,2.0,0.0
2067,ssp585,0.604,Tâmega e Sousa,0.0,2.0,0.0
2067,ssp585,0.604,Viseu Dão Lafões,0.0,2.0,0.0
2067,ssp585,0.604,Área Metropolitana do Porto,533.7,4.0,424579794.0
2068,ssp585,0.616,Alentejo Central,0.0,2.0,0.0
2068,ssp585,0.616,Alentejo Litoral,545.1,1.5,162620543.0
2068,ssp585,0.616,Algarve,5493.8,3.0,3278133153.0
2068,ssp585,0.616,Alto Alentejo,0.0,2.0,0.0
2068,ssp585,0.616,Alto Minho,119.6,1.5,35692988.0
2068,ssp585,0.616,Alto Tâmega e Barroso,0.0,2.0,0.0
2068,ssp585,0.616,Ave,0.0,2.0,0.0
2068,ssp585,0.616,Baixo Alentejo,0.0,1.5,0.0
2068,ssp585,0.616,Beira Baixa,0.0,2.0,0.0
2068,ssp585,0.616,Beiras e Serra da Estrela,0.0,2.0,0.0
2068,ssp585,0.616,Cávado,107.1,2.5,53256626.0
2068,ssp585,0.616,Douro,0.0,2.0,0.0
2068,ssp585,0.616,Grande Lisboa,29447.7,5.0,29285693310.0
2068,ssp585,0.616,Lezíria do Tejo,762.5,1.5,227487555.0
2068,ssp585,0.616,Médio Tejo,0.0,2.0,0.0
2068,ssp585,0.616,Oeste,188.1,2.5,93519519.0
2068,ssp585,0.616,Península de Setúbal,4611.8,3.0,2751842780.0
2068,ssp585,0.616,Região de Aveiro,9677.7,2.5,4812248083.0
2068,ssp585,0.616,Região de Coimbra,1290.0,2.5,641466114.0
2068,ssp585,0.616,Região de Leiria,0.7,2.0,294642.0
2068,ssp585,0.616,Terras de Trás-os-Montes,0.0,2.0,0.0
2068,ssp585,0.616,Tâmega e Sousa,0.0,2.0,0.0
2068,ssp585,0.616,Viseu Dão Lafões,0.0,2.0,0.0
2068,ssp585,0.616,Área Metropolitana do Porto,537.0,4.0,427231576.0
2069,ssp585,0.628,Alentejo Central,0.0,2.0,0.0
2069,ssp585,0.628,Alentejo Litoral,556.0,1.5,165895494.0
2069,ssp585,0.628,Algarve,5610.2,3.0,3347609847.0
2069,ssp585,0.628,Alto Alentejo,0.0,2.0,0.0
2069,ssp585,0.628,Alto Minho,123.2,1.5,36766960.0
2069,ssp585,0.628,Alto Tâmega e Barroso,0.0,2.0,0.0
2069,ssp585,0.628,Ave,0.0,2.0,0.0
2069,ssp585,0.628,Baixo Alentejo,0.0,1.5,0.0
2069,ssp585,0.628,Beira Baixa,0.0,2.0,0.0
2069,ssp585,0.628,Beiras e Serra da Estrela,0.0,2.0,0.0
2069,ssp585,0.628,Cávado,109.9,2.5,54656178.0
2069,ssp585,0.628,Douro,0.0,2.0,0.0
2069,ssp585,0.628,Grande Lisboa,30455.0,5.0,30287477696.0
2069,ssp585,0.628,Lezíria do Tejo,784.8,1.5,234152368.0
2069,ssp585,0.628,Médio Tejo,0.0,2.0,0.0
2069,ssp585,0.628,Oeste,194.3,2.5,96613265.0
2069,ssp585,0.628,Península de Setúbal,4736.2,3.0,2826092681.0
2069,ssp585,0.628,Região de Aveiro,9888.3,2.5,4916938235.0
2069,ssp585,0.628,Região de Coimbra,1306.0,2.5,649421460.0
2069,ssp585,0.628,Região de Leiria,0.7,2.0,294642.0
2069,ssp585,0.628,Terras de Trás-os-Montes,0.0,2.0,0.0
2069,ssp585,0.628,Tâmega e Sousa,0.0,2.0,0.0
2069,ssp585,0.628,Viseu Dão Lafões,0.0,2.0,0.0
2069,ssp585,0.628,Área Metropolitana do Porto,538.5,4.0,428410146.0
2070,ssp585,0.64,Alentejo Central,0.0,2.0,0.0
2070,ssp585,0.64,Alentejo Litoral,566.8,1.5,169090892.0
2070,ssp585,0.64,Algarve,5739.1,3.0,3424511530.0
2070,ssp585,0.64,Alto Alentejo,0.0,2.0,0.0
2070,ssp585,0.64,Alto Minho,126.9,1.5,37867450.0
2070,ssp585,0.64,Alto Tâmega e Barroso,0.0,2.0,0.0
2070,ssp585,0.64,Ave,0.0,2.0,0.0
2070,ssp585,0.64,Baixo Alentejo,0.0,1.5,0.0
2070,ssp585,0.64,Beira Baixa,0.0,2.0,0.0
2070,ssp585,0.64,Beiras e Serra da Estrela,0.0,2.0,0.0
2070,ssp585,0.64,Cávado,112.9,2.5,56129390.0
2070,ssp585,0.64,Douro,0.0,2.0,0.0
2070,ssp585,0.64,Grande Lisboa,31420.2,5.0,31247422851.0
2070,ssp585,0.64,Lezíria do Tejo,808.3,1.5,241170752.0
2070,ssp585,0.64,Médio Tejo,0.0,2.0,0.0
2070,ssp585,0.64,Oeste,199.7,2.5,99309243.0
2070,ssp585,0.64,Península de Setúbal,4879.6,3.0,2911656853.0
2070,ssp585,0.64,Região de Aveiro,10084.5,2.5,5014538552.0
2070,ssp585,0.64,Região de Coimbra,1323.3,2.5,658025020.0
2070,ssp585,0.64,Região de Leiria,0.7,2.0,294642.0
2070,ssp585,0.64,Terras de Trás-os-Montes,0.0,2.0,0.0
2070,ssp585,0.64,Tâmega e Sousa,0.0,2.0,0.0
2070,ssp585,0.64,Viseu Dão Lafões,0.0,2.0,0.0
2070,ssp585,0.64,Área Metropolitana do Porto,541.8,4.0,431061928.0
2071,ssp585,0.652,Alentejo Central,0.0,2.0,0.0
2071,ssp585,0.652,Alentejo Litoral,577.9,1.5,172425508.0
2071,ssp585,0.652,Algarve,5874.6,3.0,3505390888.0
2071,ssp585,0.652,Alto Alentejo,0.0,2.0,0.0
2071,ssp585,0.652,Alto Minho,130.1,1.5,38808832.0
2071,ssp585,0.652,Alto Tâmega e Barroso,0.0,2.0,0.0
2071,ssp585,0.652,Ave,0.0,2.0,0.0
2071,ssp585,0.652,Baixo Alentejo,0.0,1.5,0.0
2071,ssp585,0.652,Beira Baixa,0.0,2.0,0.0
2071,ssp585,0.652,Beiras e Serra da Estrela,0.0,2.0,0.0
2071,ssp585,0.652,Cávado,115.2,2.5,57307960.0
2071,ssp585,0.652,Douro,0.0,2.0,0.0
2071,ssp585,0.652,Grande Lisboa,32425.8,5.0,32247439382.0
2071,ssp585,0.652,Lezíria do Tejo,831.9,1.5,248206814.0
2071,ssp585,0.652,Médio Tejo,0.0,2.0,0.0
2071,ssp585,0.652,Oeste,206.2,2.5,102535578.0
2071,ssp585,0.652,Península de Setúbal,5018.0,3.0,2994215672.0
2071,ssp585,0.652,Região de Aveiro,10289.7,2.5,5116558506.0
2071,ssp585,0.652,Região de Coimbra,1339.3,2.5,665980367.0
2071,ssp585,0.652,Região de Leiria,0.7,2.0,294642.0
2071,ssp585,0.652,Terras de Trás-os-Montes,0.0,2.0,0.0
2071,ssp585,0.652,Tâmega e Sousa,0.0,2.0,0.0
2071,ssp585,0.652,Viseu Dão Lafões,0.0,2.0,0.0
2071,ssp585,0.652,Área Metropolitana do Porto,543.7,4.0,432535141.0
2072,ssp585,0.664,Alentejo Central,0.0,2.0,0.0
2072,ssp585,0.664,Alentejo Litoral,590.3,1.5,176124744.0
2072,ssp585,0.664,Algarve,6000.5,3.0,3580524716.0
2072,ssp585,0.664,Alto Alentejo,0.0,2.0,0.0
2072,ssp585,0.664,Alto Minho,133.3,1.5,39763474.0
2072,ssp585,0.664,Alto Tâmega e Barroso,0.0,2.0,0.0
2072,ssp585,0.664,Ave,0.0,2.0,0.0
2072,ssp585,0.664,Baixo Alentejo,0.0,1.5,0.0
2072,ssp585,0.664,Beira Baixa,0.0,2.0,0.0
2072,ssp585,0.664,Beiras e Serra da Estrela,0.0,2.0,0.0
2072,ssp585,0.664,Cávado,117.3,2.5,58339208.0
2072,ssp585,0.664,Douro,0.0,2.0,0.0
2072,ssp585,0.664,Grande Lisboa,33460.4,5.0,33276330875.0
2072,ssp585,0.664,Lezíria do Tejo,855.5,1.5,255242876.0
2072,ssp585,0.664,Médio Tejo,0.0,2.0,0.0
2072,ssp585,0.664,Oeste,214.6,2.5,106734233.0
2072,ssp585,0.664,Península de Setúbal,5164.6,3.0,3081724485.0
2072,ssp585,0.664,Região de Aveiro,10491.2,2.5,5216736944.0
2072,ssp585,0.664,Região de Coimbra,1355.1,2.5,673847321.0
2072,ssp585,0.664,Região de Leiria,0.7,2.0,294642.0
2072,ssp585,0.664,Terras de Trás-os-Montes,0.0,2.0,0.0
2072,ssp585,0.664,Tâmega e Sousa,0.0,2.0,0.0
2072,ssp585,0.664,Viseu Dão Lafões,0.0,2.0,0.0
2072,ssp585,0.664,Área Metropolitana do Porto,545.9,4.0,434302996.0
2073,ssp585,0.676,Alentejo Central,0.0,2.0,0.0
2073,ssp585,0.676,Alentejo Litoral,601.4,1.5,179439472.0
2073,ssp585,0.676,Algarve,6120.1,3.0,3651857658.0
2073,ssp585,0.676,Alto Alentejo,0.0,2.0,0.0
2073,ssp585,0.676,Alto Minho,137.5,1.5,41009812.0
2073,ssp585,0.676,Alto Tâmega e Barroso,0.0,2.0,0.0
2073,ssp585,0.676,Ave,0.0,2.0,0.0
2073,ssp585,0.676,Baixo Alentejo,0.0,1.5,0.0
2073,ssp585,0.676,Beira Baixa,0.0,2.0,0.0
2073,ssp585,0.676,Beiras e Serra da Estrela,0.0,2.0,0.0
2073,ssp585,0.676,Cávado,119.2,2.5,59296796.0
2073,ssp585,0.676,Douro,0.0,2.0,0.0
2073,ssp585,0.676,Grande Lisboa,34492.0,5.0,34302275943.0
2073,ssp585,0.676,Lezíria do Tejo,880.0,1.5,262552955.0
2073,ssp585,0.676,Médio Tejo,0.0,2.0,0.0
2073,ssp585,0.676,Oeste,221.2,2.5,110004765.0
2073,ssp585,0.676,Península de Setúbal,5312.5,3.0,3169940439.0
2073,ssp585,0.676,Região de Aveiro,10691.9,2.5,5316547080.0
2073,ssp585,0.676,Região de Coimbra,1372.2,2.5,682333024.0
2073,ssp585,0.676,Região de Leiria,0.8,2.0,324107.0
2073,ssp585,0.676,Terras de Trás-os-Montes,0.0,2.0,0.0
2073,ssp585,0.676,Tâmega e Sousa,0.0,2.0,0.0
2073,ssp585,0.676,Viseu Dão Lafões,0.0,2.0,0.0
2073,ssp585,0.676,Área Metropolitana do Porto,548.5,4.0,436365493.0
2074,ssp585,0.688,Alentejo Central,0.0,2.0,0.0
2074,ssp585,0.688,Alentejo Litoral,613.1,1.5,182933195.0
2074,ssp585,0.688,Algarve,6247.5,3.0,3727875414.0
2074,ssp585,0.688,Alto Alentejo,0.0,2.0,0.0
2074,ssp585,0.688,Alto Minho,141.3,1.5,42163337.0
2074,ssp585,0.688,Alto Tâmega e Barroso,0.0,2.0,0.0
2074,ssp585,0.688,Ave,0.0,2.0,0.0
2074,ssp585,0.688,Baixo Alentejo,0.0,1.5,0.0
2074,ssp585,0.688,Beira Baixa,0.0,2.0,0.0
2074,ssp585,0.688,Beiras e Serra da Estrela,0.0,2.0,0.0
2074,ssp585,0.688,Cávado,120.9,2.5,60107063.0
2074,ssp585,0.688,Douro,0.0,2.0,0.0
2074,ssp585,0.688,Grande Lisboa,35563.9,5.0,35368292387.0
2074,ssp585,0.688,Lezíria do Tejo,903.0,1.5,269412232.0
2074,ssp585,0.688,Médio Tejo,0.0,2.0,0.0
2074,ssp585,0.688,Oeste,229.0,2.5,113894045.0
2074,ssp585,0.688,Península de Setúbal,5454.1,3.0,3254443899.0
2074,ssp585,0.688,Região de Aveiro,10870.6,2.5,5405400198.0
2074,ssp585,0.688,Região de Coimbra,1387.8,2.5,690082121.0
2074,ssp585,0.688,Região de Leiria,0.8,2.0,324107.0
2074,ssp585,0.688,Terras de Trás-os-Montes,0.0,2.0,0.0
2074,ssp585,0.688,Tâmega e Sousa,0.0,2.0,0.0
2074,ssp585,0.688,Viseu Dão Lafões,0.0,2.0,0.0
2074,ssp585,0.688,Área Metropolitana do Porto,549.2,4.0,436954778.0
2075,ssp585,0.7,Alentejo Central,0.0,2.0,0.0
2075,ssp585,0.7,Alentejo Litoral,624.8,1.5,186400400.0
2075,ssp585,0.7,Algarve,6375.9,3.0,3804511919.0
2075,ssp585,0.7,Alto Alentejo,0.0,2.0,0.0
2075,ssp585,0.7,Alto Minho,145.3,1.5,43343380.0
2075,ssp585,0.7,Alto Tâmega e Barroso,0.0,2.0,0.0
2075,ssp585,0.7,Ave,0.0,2.0,0.0
2075,ssp585,0.7,Baixo Alentejo,0.0,1.5,0.0
2075,ssp585,0.7,Beira Baixa,0.0,2.0,0.0
2075,ssp585,0.7,Beiras e Serra da Estrela,0.0,2.0,0.0
2075,ssp585,0.7,Cávado,122.7,2.5,60990991.0
2075,ssp585,0.7,Douro,0.0,2.0,0.0
2075,ssp585,0.7,Grande Lisboa,36623.4,5.0,36421933847.0
2075,ssp585,0.7,Lezíria do Tejo,926.8,1.5,276510169.0
2075,ssp585,0.7,Médio Tejo,0.0,2.0,0.0
2075,ssp585,0.7,Oeste,236.8,2.5,117739130.0
2075,ssp585,0.7,Península de Setúbal,5602.8,3.0,3343190210.0
2075,ssp585,0.7,Região de Aveiro,11074.3,2.5,5506683546.0
2075,ssp585,0.7,Região de Coimbra,1402.8,2.5,697566039.0
2075,ssp585,0.7,Região de Leiria,0.8,2.0,324107.0
2075,ssp585,0.7,Terras de Trás-os-Montes,0.0,2.0,0.0
2075,ssp585,0.7,Tâmega e Sousa,0.0,2.0,0.0
2075,ssp585,0.7,Viseu Dão Lafões,0.0,2.0,0.0
2075,ssp585,0.7,Área Metropolitana do Porto,551.4,4.0,438722633.0
2076,ssp585,0.712,Alentejo Central,0.0,2.0,0.0
2076,ssp585,0.712,Alentejo Litoral,636.4,1.5,189874235.0
2076,ssp585,0.712,Algarve,6502.7,3.0,3880176105.0
2076,ssp585,0.712,Alto Alentejo,0.0,2.0,0.0
2076,ssp585,0.712,Alto Minho,148.9,1.5,44417352.0
2076,ssp585,0.712,Alto Tâmega e Barroso,0.0,2.0,0.0
2076,ssp585,0.712,Ave,0.0,2.0,0.0
2076,ssp585,0.712,Baixo Alentejo,0.0,1.5,0.0
2076,ssp585,0.712,Beira Baixa,0.0,2.0,0.0
2076,ssp585,0.712,Beiras e Serra da Estrela,0.0,2.0,0.0
2076,ssp585,0.712,Cávado,124.6,2.5,61948579.0
2076,ssp585,0.712,Douro,0.0,2.0,0.0
2076,ssp585,0.712,Grande Lisboa,37665.1,5.0,37457896759.0
2076,ssp585,0.712,Lezíria do Tejo,951.3,1.5,283829088.0
2076,ssp585,0.712,Médio Tejo,0.0,2.0,0.0
2076,ssp585,0.712,Oeste,243.6,2.5,121142250.0
2076,ssp585,0.712,Península de Setúbal,5750.9,3.0,3431582950.0
2076,ssp585,0.712,Região de Aveiro,11258.7,2.5,5598391014.0
2076,ssp585,0.712,Região de Coimbra,1420.2,2.5,706169599.0
2076,ssp585,0.712,Região de Leiria,1.0,2.0,412499.0
2076,ssp585,0.712,Terras de Trás-os-Montes,0.0,2.0,0.0
2076,ssp585,0.712,Tâmega e Sousa,0.0,2.0,0.0
2076,ssp585,0.712,Viseu Dão Lafões,0.0,2.0,0.0
2076,ssp585,0.712,Área Metropolitana do Porto,554.8,4.0,441374415.0
2077,ssp585,0.724,Alentejo Central,0.0,2.0,0.0
2077,ssp585,0.724,Alentejo Litoral,649.0,1.5,193619877.0
2077,ssp585,0.724,Algarve,6619.9,3.0,3950094762.0
2077,ssp585,0.724,Alto Alentejo,0.0,2.0,0.0
2077,ssp585,0.724,Alto Minho,152.7,1.5,45570877.0
2077,ssp585,0.724,Alto Tâmega e Barroso,0.0,2.0,0.0
2077,ssp585,0.724,Ave,0.0,2.0,0.0
2077,ssp585,0.724,Baixo Alentejo,0.0,1.5,0.0
2077,ssp585,0.724,Beira Baixa,0.0,2.0,0.0
2077,ssp585,0.724,Beiras e Serra da Estrela,0.0,2.0,0.0
2077,ssp585,0.724,Cávado,126.7,2.5,62979827.0
2077,ssp585,0.724,Douro,0.0,2.0,0.0
2077,ssp585,0.724,Grande Lisboa,38757.7,5.0,38544538175.0
2077,ssp585,0.724,Lezíria do Tejo,976.5,1.5,291324792.0
2077,ssp585,0.724,Médio Tejo,0.0,2.0,0.0
2077,ssp585,0.724,Oeste,251.0,2.5,124810549.0
2077,ssp585,0.724,Península de Setúbal,5903.5,3.0,3522627472.0
2077,ssp585,0.724,Região de Aveiro,11440.2,2.5,5688625269.0
2077,ssp585,0.724,Região de Coimbra,1435.3,2.5,713682982.0
2077,ssp585,0.724,Região de Leiria,1.0,2.0,412499.0
2077,ssp585,0.724,Terras de Trás-os-Montes,0.0,2.0,0.0
2077,ssp585,0.724,Tâmega e Sousa,0.0,2.0,0.0
2077,ssp585,0.724,Viseu Dão Lafões,0.0,2.0,0.0
2077,ssp585,0.724,Área Metropolitana do Porto,557.4,4.0,443436912.0
2078,ssp585,0.736,Alentejo Central,0.0,2.0,0.0
2078,ssp585,0.736,Alentejo Litoral,661.5,1.5,197345631.0
2078,ssp585,0.736,Algarve,6744.8,3.0,4024609842.0
2078,ssp585,0.736,Alto Alentejo,0.0,2.0,0.0
2078,ssp585,0.736,Alto Minho,156.0,1.5,46552036.0
2078,ssp585,0.736,Alto Tâmega e Barroso,0.0,2.0,0.0
2078,ssp585,0.736,Ave,0.0,2.0,0.0
2078,ssp585,0.736,Baixo Alentejo,0.0,1.5,0.0
2078,ssp585,0.736,Beira Baixa,0.0,2.0,0.0
2078,ssp585,0.736,Beiras e Serra da Estrela,0.0,2.0,0.0
2078,ssp585,0.736,Cávado,128.1,2.5,63716433.0
2078,ssp585,0.736,Douro,0.0,2.0,0.0
2078,ssp585,0.736,Grande Lisboa,39803.0,5.0,39584036797.0
2078,ssp585,0.736,Lezíria do Tejo,1000.9,1.5,298617193.0
2078,ssp585,0.736,Médio Tejo,0.0,2.0,0.0
2078,ssp585,0.736,Oeste,257.8,2.5,128213669.0
2078,ssp585,0.736,Península de Setúbal,6050.2,3.0,3610136284.0
2078,ssp585,0.736,Região de Aveiro,11614.8,2.5,5775452721.0
2078,ssp585,0.736,Região de Coimbra,1449.9,2.5,720960651.0
2078,ssp585,0.736,Região de Leiria,1.0,2.0,412499.0
2078,ssp585,0.736,Terras de Trás-os-Montes,0.0,2.0,0.0
2078,ssp585,0.736,Tâmega e Sousa,0.0,2.0,0.0
2078,ssp585,0.736,Viseu Dão Lafões,0.0,2.0,0.0
2078,ssp585,0.736,Área Metropolitana do Porto,559.2,4.0,444910124.0
2079,ssp585,0.748,Alentejo Central,0.0,2.0,0.0
2079,ssp585,0.748,Alentejo Litoral,674.2,1.5,201150939.0
2079,ssp585,0.748,Algarve,6867.1,3.0,4097622245.0
2079,ssp585,0.748,Alto Alentejo,0.0,2.0,0.0
2079,ssp585,0.748,Alto Minho,159.7,1.5,47639267.0
2079,ssp585,0.748,Alto Tâmega e Barroso,0.0,2.0,0.0
2079,ssp585,0.748,Ave,0.0,2.0,0.0
2079,ssp585,0.748,Baixo Alentejo,0.0,1.5,0.0
2079,ssp585,0.748,Beira Baixa,0.0,2.0,0.0
2079,ssp585,0.748,Beiras e Serra da Estrela,0.0,2.0,0.0
2079,ssp585,0.748,Cávado,130.4,2.5,64821343.0
2079,ssp585,0.748,Douro,0.0,2.0,0.0
2079,ssp585,0.748,Grande Lisboa,40840.5,5.0,40615874714.0
2079,ssp585,0.748,Lezíria do Tejo,1026.5,1.5,306245487.0
2079,ssp585,0.748,Médio Tejo,0.0,2.0,0.0
2079,ssp585,0.748,Oeste,266.4,2.5,132456521.0
2079,ssp585,0.748,Península de Setúbal,6213.4,3.0,3707545084.0
2079,ssp585,0.748,Região de Aveiro,11794.0,2.5,5864582067.0
2079,ssp585,0.748,Região de Coimbra,1466.4,2.5,729151712.0
2079,ssp585,0.748,Região de Leiria,1.0,2.0,412499.0
2079,ssp585,0.748,Terras de Trás-os-Montes,0.0,2.0,0.0
2079,ssp585,0.748,Tâmega e Sousa,0.0,2.0,0.0
2079,ssp585,0.748,Viseu Dão Lafões,0.0,2.0,0.0
2079,ssp585,0.748,Área Metropolitana do Porto,562.9,4.0,447856549.0
2080,ssp585,0.76,Alentejo Central,0.0,2.0,0.0
2080,ssp585,0.76,Alentejo Litoral,688.0,1.5,205254572.0
2080,ssp585,0.76,Algarve,6988.0,3.0,4169750721.0
2080,ssp585,0.76,Alto Alentejo,0.0,2.0,0.0
2080,ssp585,0.76,Alto Minho,164.1,1.5,48951899.0
2080,ssp585,0.76,Alto Tâmega e Barroso,0.0,2.0,0.0
2080,ssp585,0.76,Ave,0.0,2.0,0.0
2080,ssp585,0.76,Baixo Alentejo,0.0,1.5,0.0
2080,ssp585,0.76,Beira Baixa,0.0,2.0,0.0
2080,ssp585,0.76,Beiras e Serra da Estrela,0.0,2.0,0.0
2080,ssp585,0.76,Cávado,132.3,2.5,65778931.0
2080,ssp585,0.76,Douro,0.0,2.0,0.0
2080,ssp585,0.76,Grande Lisboa,41961.0,5.0,41730212522.0
2080,ssp585,0.76,Lezíria do Tejo,1051.6,1.5,313750030.0
2080,ssp585,0.76,Médio Tejo,0.0,2.0,0.0
2080,ssp585,0.76,Oeste,273.5,2.5,135992230.0
2080,ssp585,0.76,Península de Setúbal,6367.5,3.0,3799473533.0
2080,ssp585,0.76,Região de Aveiro,11973.6,2.5,5953895565.0
2080,ssp585,0.76,Região de Coimbra,1481.6,2.5,736724023.0
2080,ssp585,0.76,Região de Leiria,1.0,2.0,412499.0
2080,ssp585,0.76,Terras de Trás-os-Montes,0.0,2.0,0.0
2080,ssp585,0.76,Tâmega e Sousa,0.0,2.0,0.0
2080,ssp585,0.76,Viseu Dão Lafões,0.0,2.0,0.0
2080,ssp585,0.76,Área Metropolitana do Porto,564.0,4.0,448740476.0
2081,ssp585,0.772,Alentejo Central,0.0,2.0,0.0
2081,ssp585,0.772,Alentejo Litoral,700.7,1.5,209046620.0
2081,ssp585,0.772,Algarve,7108.6,3.0,4241702411.0
2081,ssp585,0.772,Alto Alentejo,0.0,2.0,0.0
2081,ssp585,0.772,Alto Minho,167.8,1.5,50052389.0
2081,ssp585,0.772,Alto Tâmega e Barroso,0.0,2.0,0.0
2081,ssp585,0.772,Ave,0.0,2.0,0.0
2081,ssp585,0.772,Baixo Alentejo,0.0,1.5,0.0
2081,ssp585,0.772,Beira Baixa,0.0,2.0,0.0
2081,ssp585,0.772,Beiras e Serra da Estrela,0.0,2.0,0.0
2081,ssp585,0.772,Cávado,134.4,2.5,66810179.0
2081,ssp585,0.772,Douro,0.0,2.0,0.0
2081,ssp585,0.772,Grande Lisboa,43086.8,5.0,42849853895.0
2081,ssp585,0.772,Lezíria do Tejo,1075.9,1.5,320989396.0
2081,ssp585,0.772,Médio Tejo,0.0,2.0,0.0
2081,ssp585,0.772,Oeste,282.2,2.5,140323475.0
2081,ssp585,0.772,Península de Setúbal,6517.4,3.0,3888926986.0
2081,ssp585,0.772,Região de Aveiro,12145.1,2.5,6039157729.0
2081,ssp585,0.772,Região de Coimbra,1496.1,2.5,743913299.0
2081,ssp585,0.772,Região de Leiria,1.0,2.0,412499.0
2081,ssp585,0.772,Terras de Trás-os-Montes,0.0,2.0,0.0
2081,ssp585,0.772,Tâmega e Sousa,0.0,2.0,0.0
2081,ssp585,0.772,Viseu Dão Lafões,0.0,2.0,0.0
2081,ssp585,0.772,Área Metropolitana do Porto,565.1,4.0,449624404.0
2082,ssp585,0.784,Alentejo Central,0.0,2.0,0.0
2082,ssp585,0.784,Alentejo Litoral,714.2,1.5,213083959.0
2082,ssp585,0.784,Algarve,7227.9,3.0,4312858567.0
2082,ssp585,0.784,Alto Alentejo,0.0,2.0,0.0
2082,ssp585,0.784,Alto Minho,171.2,1.5,51086584.0
2082,ssp585,0.784,Alto Tâmega e Barroso,0.0,2.0,0.0
2082,ssp585,0.784,Ave,0.0,2.0,0.0
2082,ssp585,0.784,Baixo Alentejo,0.0,1.5,0.0
2082,ssp585,0.784,Beira Baixa,0.0,2.0,0.0
2082,ssp585,0.784,Beiras e Serra da Estrela,0.0,2.0,0.0
2082,ssp585,0.784,Cávado,136.9,2.5,68062410.0
2082,ssp585,0.784,Douro,0.0,2.0,0.0
2082,ssp585,0.784,Grande Lisboa,44190.1,5.0,43947102440.0
2082,ssp585,0.784,Lezíria do Tejo,1102.5,1.5,328944742.0
2082,ssp585,0.784,Médio Tejo,0.0,2.0,0.0
2082,ssp585,0.784,Oeste,290.8,2.5,144610523.0
2082,ssp585,0.784,Península de Setúbal,6679.5,3.0,3985628644.0
2082,ssp585,0.784,Região de Aveiro,12307.5,2.5,6119908180.0
2082,ssp585,0.784,Região de Coimbra,1511.2,2.5,751426682.0
2082,ssp585,0.784,Região de Leiria,1.1,2.0,441964.0
2082,ssp585,0.784,Terras de Trás-os-Montes,0.0,2.0,0.0
2082,ssp585,0.784,Tâmega e Sousa,0.0,2.0,0.0
2082,ssp585,0.784,Viseu Dão Lafões,0.0,2.0,0.0
2082,ssp585,0.784,Área Metropolitana do Porto,567.0,4.0,451097616.0
2083,ssp585,0.796,Alentejo Central,0.0,2.0,0.0
2083,ssp585,0.796,Alentejo Litoral,727.8,1.5,217141185.0
2083,ssp585,0.796,Algarve,7346.7,3.0,4383749544.0
2083,ssp585,0.796,Alto Alentejo,0.0,2.0,0.0
2083,ssp585,0.796,Alto Minho,174.9,1.5,52173815.0
2083,ssp585,0.796,Alto Tâmega e Barroso,0.0,2.0,0.0
2083,ssp585,0.796,Ave,0.0,2.0,0.0
2083,ssp585,0.796,Baixo Alentejo,0.0,1.5,0.0
2083,ssp585,0.796,Beira Baixa,0.0,2.0,0.0
2083,ssp585,0.796,Beiras e Serra da Estrela,0.0,2.0,0.0
2083,ssp585,0.796,Cávado,139.1,2.5,69167319.0
2083,ssp585,0.796,Douro,0.0,2.0,0.0
2083,ssp585,0.796,Grande Lisboa,45257.9,5.0,45008993889.0
2083,ssp585,0.796,Lezíria do Tejo,1128.8,1.5,336767500.0
2083,ssp585,0.796,Médio Tejo,0.0,2.0,0.0
2083,ssp585,0.796,Oeste,298.6,2.5,148499803.0
2083,ssp585,0.796,Península de Setúbal,6838.5,3.0,4080562446.0
2083,ssp585,0.796,Região de Aveiro,12471.6,2.5,6201487312.0
2083,ssp585,0.796,Região de Coimbra,1526.9,2.5,759234708.0
2083,ssp585,0.796,Região de Leiria,1.1,2.0,441964.0
2083,ssp585,0.796,Terras de Trás-os-Montes,0.0,2.0,0.0
2083,ssp585,0.796,Tâmega e Sousa,0.0,2.0,0.0
2083,ssp585,0.796,Viseu Dão Lafões,0.0,2.0,0.0
2083,ssp585,0.796,Área Metropolitana do Porto,567.4,4.0,451392259.0
2084,ssp585,0.808,Alentejo Central,0.0,2.0,0.0
2084,ssp585,0.808,Alentejo Litoral,741.8,1.5,221324372.0
2084,ssp585,0.808,Algarve,7462.9,3.0,4453137845.0
2084,ssp585,0.808,Alto Alentejo,0.0,2.0,0.0
2084,ssp585,0.808,Alto Minho,178.5,1.5,53247787.0
2084,ssp585,0.808,Alto Tâmega e Barroso,0.0,2.0,0.0
2084,ssp585,0.808,Ave,0.0,2.0,0.0
2084,ssp585,0.808,Baixo Alentejo,0.0,1.5,0.0
2084,ssp585,0.808,Beira Baixa,0.0,2.0,0.0
2084,ssp585,0.808,Beiras e Serra da Estrela,0.0,2.0,0.0
2084,ssp585,0.808,Cávado,141.5,2.5,70345889.0
2084,ssp585,0.808,Douro,0.0,2.0,0.0
2084,ssp585,0.808,Grande Lisboa,46363.0,5.0,46108010289.0
2084,ssp585,0.808,Lezíria do Tejo,1154.5,1.5,344439990.0
2084,ssp585,0.808,Médio Tejo,0.0,2.0,0.0
2084,ssp585,0.808,Oeste,307.6,2.5,152963636.0
2084,ssp585,0.808,Península de Setúbal,6997.6,3.0,4175496249.0
2084,ssp585,0.808,Região de Aveiro,12634.7,2.5,6282606067.0
2084,ssp585,0.808,Região de Coimbra,1542.2,2.5,766865947.0
2084,ssp585,0.808,Região de Leiria,1.1,2.0,441964.0
2084,ssp585,0.808,Terras de Trás-os-Montes,0.0,2.0,0.0
2084,ssp585,0.808,Tâmega e Sousa,0.0,2.0,0.0
2084,ssp585,0.808,Viseu Dão Lafões,0.0,2.0,0.0
2084,ssp585,0.808,Área Metropolitana do Porto,569.2,4.0,452865471.0
2085,ssp585,0.82,Alentejo Central,0.0,2.0,0.0
2085,ssp585,0.82,Alentejo Litoral,756.9,1.5,225812513.0
2085,ssp585,0.82,Algarve,7580.3,3.0,4523144895.0
2085,ssp585,0.82,Alto Alentejo,0.0,2.0,0.0
2085,ssp585,0.82,Alto Minho,182.6,1.5,54480865.0
2085,ssp585,0.82,Alto Tâmega e Barroso,0.0,2.0,0.0
2085,ssp585,0.82,Ave,0.0,2.0,0.0
2085,ssp585,0.82,Baixo Alentejo,0.0,1.5,0.0
2085,ssp585,0.82,Beira Baixa,0.0,2.0,0.0
2085,ssp585,0.82,Beiras e Serra da Estrela,0.0,2.0,0.0
2085,ssp585,0.82,Cávado,143.2,2.5,71229816.0
2085,ssp585,0.82,Douro,0.0,2.0,0.0
2085,ssp585,0.82,Grande Lisboa,47517.9,5.0,47256526623.0
2085,ssp585,0.82,Lezíria do Tejo,1182.3,1.5,352740068.0
2085,ssp585,0.82,Médio Tejo,0.0,2.0,0.0
2085,ssp585,0.82,Oeste,317.2,2.5,157736844.0
2085,ssp585,0.82,Península de Setúbal,7151.1,3.0,4267071128.0
2085,ssp585,0.82,Região de Aveiro,12784.9,2.5,6357279517.0
2085,ssp585,0.82,Região de Coimbra,1557.5,2.5,774467723.0
2085,ssp585,0.82,Região de Leiria,1.1,2.0,441964.0
2085,ssp585,0.82,Terras de Trás-os-Montes,0.0,2.0,0.0
2085,ssp585,0.82,Tâmega e Sousa,0.0,2.0,0.0
2085,ssp585,0.82,Viseu Dão Lafões,0.0,2.0,0.0
2085,ssp585,0.82,Área Metropolitana do Porto,571.1,4.0,454338683.0
2086,ssp585,0.832,Alentejo Central,0.0,2.0,0.0
2086,ssp585,0.832,Alentejo Litoral,770.4,1.5,229849851.0
2086,ssp585,0.832,Algarve,7691.2,3.0,4589351057.0
2086,ssp585,0.832,Alto Alentejo,0.0,2.0,0.0
2086,ssp585,0.832,Alto Minho,186.6,1.5,55674167.0
2086,ssp585,0.832,Alto Tâmega e Barroso,0.0,2.0,0.0
2086,ssp585,0.832,Ave,0.0,2.0,0.0
2086,ssp585,0.832,Baixo Alentejo,0.0,1.5,0.0
2086,ssp585,0.832,Beira Baixa,0.0,2.0,0.0
2086,ssp585,0.832,Beiras e Serra da Estrela,0.0,2.0,0.0
2086,ssp585,0.832,Cávado,145.5,2.5,72334726.0
2086,ssp585,0.832,Douro,0.0,2.0,0.0
2086,ssp585,0.832,Grande Lisboa,48628.9,5.0,48361435872.0
2086,ssp585,0.832,Lezíria do Tejo,1208.1,1.5,360447915.0
2086,ssp585,0.832,Médio Tejo,0.0,2.0,0.0
2086,ssp585,0.832,Oeste,325.7,2.5,161935500.0
2086,ssp585,0.832,Península de Setúbal,7307.3,3.0,4360237075.0
2086,ssp585,0.832,Região de Aveiro,12943.4,2.5,6436096376.0
2086,ssp585,0.832,Região de Coimbra,1573.1,2.5,782216820.0
2086,ssp585,0.832,Região de Leiria,1.1,2.0,441964.0
2086,ssp585,0.832,Terras de Trás-os-Montes,0.0,2.0,0.0
2086,ssp585,0.832,Tâmega e Sousa,0.0,2.0,0.0
2086,ssp585,0.832,Viseu Dão Lafões,0.0,2.0,0.0
2086,ssp585,0.832,Área Metropolitana do Porto,572.9,4.0,455811896.0
2087,ssp585,0.844,Alentejo Central,0.0,2.0,0.0
2087,ssp585,0.844,Alentejo Litoral,784.6,1.5,234086074.0
2087,ssp585,0.844,Algarve,7801.6,3.0,4655203649.0
2087,ssp585,0.844,Alto Alentejo,0.0,2.0,0.0
2087,ssp585,0.844,Alto Minho,190.9,1.5,56960282.0
2087,ssp585,0.844,Alto Tâmega e Barroso,0.0,2.0,0.0
2087,ssp585,0.844,Ave,0.0,2.0,0.0
2087,ssp585,0.844,Baixo Alentejo,0.0,1.5,0.0
2087,ssp585,0.844,Beira Baixa,0.0,2.0,0.0
2087,ssp585,0.844,Beiras e Serra da Estrela,0.0,2.0,0.0
2087,ssp585,0.844,Cávado,148.6,2.5,73881598.0
2087,ssp585,0.844,Douro,0.0,2.0,0.0
2087,ssp585,0.844,Grande Lisboa,49811.0,5.0,49537059313.0
2087,ssp585,0.844,Lezíria do Tejo,1233.7,1.5,368067369.0
2087,ssp585,0.844,Médio Tejo,0.0,2.0,0.0
2087,ssp585,0.844,Oeste,338.1,2.5,168122991.0
2087,ssp585,0.844,Península de Setúbal,7466.1,3.0,4454994093.0
2087,ssp585,0.844,Região de Aveiro,13096.1,2.5,6512058887.0
2087,ssp585,0.844,Região de Coimbra,1588.2,2.5,789730203.0
2087,ssp585,0.844,Região de Leiria,1.2,2.0,471428.0
2087,ssp585,0.844,Terras de Trás-os-Montes,0.0,2.0,0.0
2087,ssp585,0.844,Tâmega e Sousa,0.0,2.0,0.0
2087,ssp585,0.844,Viseu Dão Lafões,0.0,2.0,0.0
2087,ssp585,0.844,Área Metropolitana do Porto,574.4,4.0,456990465.0
2088,ssp585,0.856,Alentejo Central,0.0,2.0,0.0
2088,ssp585,0.856,Alentejo Litoral,799.7,1.5,238580844.0
2088,ssp585,0.856,Algarve,7913.6,3.0,4722028560.0
2088,ssp585,0.856,Alto Alentejo,0.0,2.0,0.0
2088,ssp585,0.856,Alto Minho,194.9,1.5,58153584.0
2088,ssp585,0.856,Alto Tâmega e Barroso,0.0,2.0,0.0
2088,ssp585,0.856,Ave,0.0,2.0,0.0
2088,ssp585,0.856,Baixo Alentejo,0.0,1.5,0.0
2088,ssp585,0.856,Beira Baixa,0.0,2.0,0.0
2088,ssp585,0.856,Beiras e Serra da Estrela,0.0,2.0,0.0
2088,ssp585,0.856,Cávado,150.1,2.5,74618205.0
2088,ssp585,0.856,Douro,0.0,2.0,0.0
2088,ssp585,0.856,Grande Lisboa,51025.7,5.0,50745093426.0
2088,ssp585,0.856,Lezíria do Tejo,1261.3,1.5,376323251.0
2088,ssp585,0.856,Médio Tejo,0.0,2.0,0.0
2088,ssp585,0.856,Oeste,348.7,2.5,173382359.0
2088,ssp585,0.856,Península de Setúbal,7623.7,3.0,4549043968.0
2088,ssp585,0.856,Região de Aveiro,13249.1,2.5,6588113474.0
2088,ssp585,0.856,Região de Coimbra,1602.9,2.5,797037336.0
2088,ssp585,0.856,Região de Leiria,1.3,2.0,500892.0
2088,ssp585,0.856,Terras de Trás-os-Montes,0.0,2.0,0.0
2088,ssp585,0.856,Tâmega e Sousa,0.0,2.0,0.0
2088,ssp585,0.856,Viseu Dão Lafões,0.0,2.0,0.0
2088,ssp585,0.856,Área Metropolitana do Porto,575.5,4.0,457874393.0
2089,ssp585,0.868,Alentejo Central,0.0,2.0,0.0
2089,ssp585,0.868,Alentejo Litoral,814.3,1.5,242943026.0
2089,ssp585,0.868,Algarve,8017.9,3.0,4784257049.0
2089,ssp585,0.868,Alto Alentejo,0.0,2.0,0.0
2089,ssp585,0.868,Alto Minho,198.2,1.5,59121484.0
2089,ssp585,0.868,Alto Tâmega e Barroso,0.0,2.0,0.0
2089,ssp585,0.868,Ave,0.0,2.0,0.0
2089,ssp585,0.868,Baixo Alentejo,0.0,1.5,0.0
2089,ssp585,0.868,Beira Baixa,0.0,2.0,0.0
2089,ssp585,0.868,Beiras e Serra da Estrela,0.0,2.0,0.0
2089,ssp585,0.868,Cávado,151.2,2.5,75207490.0
2089,ssp585,0.868,Douro,0.0,2.0,0.0
2089,ssp585,0.868,Grande Lisboa,52180.0,5.0,51893020475.0
2089,ssp585,0.868,Lezíria do Tejo,1288.8,1.5,384517258.0
2089,ssp585,0.868,Médio Tejo,0.0,2.0,0.0
2089,ssp585,0.868,Oeste,358.2,2.5,178111371.0
2089,ssp585,0.868,Península de Setúbal,7778.3,3.0,4641325988.0
2089,ssp585,0.868,Região de Aveiro,13393.7,2.5,6660024651.0
2089,ssp585,0.868,Região de Coimbra,1617.2,2.5,804167684.0
2089,ssp585,0.868,Região de Leiria,1.3,2.0,500892.0
2089,ssp585,0.868,Terras de Trás-os-Montes,0.0,2.0,0.0
2089,ssp585,0.868,Tâmega e Sousa,0.0,2.0,0.0
2089,ssp585,0.868,Viseu Dão Lafões,0.0,2.0,0.0
2089,ssp585,0.868,Área Metropolitana do Porto,579.6,4.0,461115460.0
2090,ssp585,0.88,Alentejo Central,0.0,2.0,0.0
2090,ssp585,0.88,Alentejo Litoral,829.8,1.5,247583645.0
2090,ssp585,0.88,Algarve,8119.6,3.0,4844982861.0
2090,ssp585,0.88,Alto Alentejo,0.0,2.0,0.0
2090,ssp585,0.88,Alto Minho,202.7,1.5,60487152.0
2090,ssp585,0.88,Alto Tâmega e Barroso,0.0,2.0,0.0
2090,ssp585,0.88,Ave,0.0,2.0,0.0
2090,ssp585,0.88,Baixo Alentejo,0.0,1.5,0.0
2090,ssp585,0.88,Beira Baixa,0.0,2.0,0.0
2090,ssp585,0.88,Beiras e Serra da Estrela,0.0,2.0,0.0
2090,ssp585,0.88,Cávado,153.2,2.5,76165078.0
2090,ssp585,0.88,Douro,0.0,2.0,0.0
2090,ssp585,0.88,Grande Lisboa,53439.8,5.0,53145840242.0
2090,ssp585,0.88,Lezíria do Tejo,1315.5,1.5,392472605.0
2090,ssp585,0.88,Médio Tejo,0.0,2.0,0.0
2090,ssp585,0.88,Oeste,368.3,2.5,183149757.0
2090,ssp585,0.88,Península de Setúbal,7929.1,3.0,4731309798.0
2090,ssp585,0.88,Região de Aveiro,13548.9,2.5,6737184147.0
2090,ssp585,0.88,Região de Coimbra,1631.6,2.5,811327496.0
2090,ssp585,0.88,Região de Leiria,1.3,2.0,500892.0
2090,ssp585,0.88,Terras de Trás-os-Montes,0.0,2.0,0.0
2090,ssp585,0.88,Tâmega e Sousa,0.0,2.0,0.0
2090,ssp585,0.88,Viseu Dão Lafões,0.0,2.0,0.0
2090,ssp585,0.88,Área Metropolitana do Porto,580.3,4.0,461704745.0
2091,ssp585,0.892,Alentejo Central,0.0,2.0,0.0
2091,ssp585,0.892,Alentejo Litoral,844.6,1.5,251978974.0
2091,ssp585,0.892,Algarve,8221.8,3.0,4905973852.0
2091,ssp585,0.892,Alto Alentejo,0.0,2.0,0.0
2091,ssp585,0.892,Alto Minho,206.8,1.5,61706972.0
2091,ssp585,0.892,Alto Tâmega e Barroso,0.0,2.0,0.0
2091,ssp585,0.892,Ave,0.0,2.0,0.0
2091,ssp585,0.892,Baixo Alentejo,0.0,1.5,0.0
2091,ssp585,0.892,Beira Baixa,0.0,2.0,0.0
2091,ssp585,0.892,Beiras e Serra da Estrela,0.0,2.0,0.0
2091,ssp585,0.892,Cávado,155.7,2.5,77417308.0
2091,ssp585,0.892,Douro,0.0,2.0,0.0
2091,ssp585,0.892,Grande Lisboa,54599.4,5.0,54299070856.0
2091,ssp585,0.892,Lezíria do Tejo,1343.9,1.5,400949468.0
2091,ssp585,0.892,Médio Tejo,0.0,2.0,0.0
2091,ssp585,0.892,Oeste,377.8,2.5,187878769.0
2091,ssp585,0.892,Península de Setúbal,8075.5,3.0,4818641825.0
2091,ssp585,0.892,Região de Aveiro,13691.7,2.5,6808174566.0
2091,ssp585,0.892,Região de Coimbra,1646.7,2.5,818840878.0
2091,ssp585,0.892,Região de Leiria,1.3,2.0,500892.0
2091,ssp585,0.892,Terras de Trás-os-Montes,0.0,2.0,0.0
2091,ssp585,0.892,Tâmega e Sousa,0.0,2.0,0.0
2091,ssp585,0.892,Viseu Dão Lafões,0.0,2.0,0.0
2091,ssp585,0.892,Área Metropolitana do Porto,583.3,4.0,464061885.0
2092,ssp585,0.904,Alentejo Central,0.0,2.0,0.0
2092,ssp585,0.904,Alentejo Litoral,859.0,1.5,256294749.0
2092,ssp585,0.904,Algarve,8330.9,3.0,4971030908.0
2092,ssp585,0.904,Alto Alentejo,0.0,2.0,0.0
2092,ssp585,0.904,Alto Minho,210.8,1.5,62887015.0
2092,ssp585,0.904,Alto Tâmega e Barroso,0.0,2.0,0.0
2092,ssp585,0.904,Ave,0.0,2.0,0.0
2092,ssp585,0.904,Baixo Alentejo,0.0,1.5,0.0
2092,ssp585,0.904,Beira Baixa,0.0,2.0,0.0
2092,ssp585,0.904,Beiras e Serra da Estrela,0.0,2.0,0.0
2092,ssp585,0.904,Cávado,158.5,2.5,78816860.0
2092,ssp585,0.904,Douro,0.0,2.0,0.0
2092,ssp585,0.904,Grande Lisboa,55807.0,5.0,55500033549.0
2092,ssp585,0.904,Lezíria do Tejo,1371.4,1.5,409152315.0
2092,ssp585,0.904,Médio Tejo,0.0,2.0,0.0
2092,ssp585,0.904,Oeste,387.6,2.5,192740369.0
2092,ssp585,0.904,Península de Setúbal,8240.2,3.0,4916934552.0
2092,ssp585,0.904,Região de Aveiro,13836.1,2.5,6879993667.0
2092,ssp585,0.904,Região de Coimbra,1663.3,2.5,827061403.0
2092,ssp585,0.904,Região de Leiria,1.3,2.0,530356.0
2092,ssp585,0.904,Terras de Trás-os-Montes,0.0,2.0,0.0
2092,ssp585,0.904,Tâmega e Sousa,0.0,2.0,0.0
2092,ssp585,0.904,Viseu Dão Lafões,0.0,2.0,0.0
2092,ssp585,0.904,Área Metropolitana do Porto,586.2,4.0,466419024.0
2093,ssp585,0.916,Alentejo Central,0.0,2.0,0.0
2093,ssp585,0.916,Alentejo Litoral,875.0,1.5,261054698.0
2093,ssp585,0.916,Algarve,8423.9,3.0,5026541549.0
2093,ssp585,0.916,Alto Alentejo,0.0,2.0,0.0
2093,ssp585,0.916,Alto Minho,214.3,1.5,63934469.0
2093,ssp585,0.916,Alto Tâmega e Barroso,0.0,2.0,0.0
2093,ssp585,0.916,Ave,0.0,2.0,0.0
2093,ssp585,0.916,Baixo Alentejo,0.0,1.5,0.0
2093,ssp585,0.916,Beira Baixa,0.0,2.0,0.0
2093,ssp585,0.916,Beiras e Serra da Estrela,0.0,2.0,0.0
2093,ssp585,0.916,Cávado,160.7,2.5,79921769.0
2093,ssp585,0.916,Douro,0.0,2.0,0.0
2093,ssp585,0.916,Grande Lisboa,57015.2,5.0,56701585527.0
2093,ssp585,0.916,Lezíria do Tejo,1398.2,1.5,417160697.0
2093,ssp585,0.916,Médio Tejo,0.0,2.0,0.0
2093,ssp585,0.916,Oeste,396.7,2.5,197248399.0
2093,ssp585,0.916,Península de Setúbal,8389.5,3.0,5006034433.0
2093,ssp585,0.916,Região de Aveiro,13972.4,2.5,6947761434.0
2093,ssp585,0.916,Região de Coimbra,1680.6,2.5,835664963.0
2093,ssp585,0.916,Região de Leiria,1.6,2.0,618749.0
2093,ssp585,0.916,Terras de Trás-os-Montes,0.0,2.0,0.0
2093,ssp585,0.916,Tâmega e Sousa,0.0,2.0,0.0
2093,ssp585,0.916,Viseu Dão Lafões,0.0,2.0,0.0
2093,ssp585,0.916,Área Metropolitana do Porto,587.4,4.0,467302952.0
2094,ssp585,0.928,Alentejo Central,0.0,2.0,0.0
2094,ssp585,0.928,Alentejo Litoral,889.2,1.5,265290921.0
2094,ssp585,0.928,Algarve,8532.8,3.0,5091510213.0
2094,ssp585,0.928,Alto Alentejo,0.0,2.0,0.0
2094,ssp585,0.928,Alto Minho,218.9,1.5,65313396.0
2094,ssp585,0.928,Alto Tâmega e Barroso,0.0,2.0,0.0
2094,ssp585,0.928,Ave,0.0,2.0,0.0
2094,ssp585,0.928,Baixo Alentejo,0.0,1.5,0.0
2094,ssp585,0.928,Beira Baixa,0.0,2.0,0.0
2094,ssp585,0.928,Beiras e Serra da Estrela,0.0,2.0,0.0
2094,ssp585,0.928,Cávado,162.5,2.5,80805696.0
2094,ssp585,0.928,Douro,0.0,2.0,0.0
2094,ssp585,0.928,Grande Lisboa,58212.1,5.0,57891941092.0
2094,ssp585,0.928,Lezíria do Tejo,1426.0,1.5,425434257.0
2094,ssp585,0.928,Médio Tejo,0.0,2.0,0.0
2094,ssp585,0.928,Oeste,405.8,2.5,201800625.0
2094,ssp585,0.928,Península de Setúbal,8545.1,3.0,5098846810.0
2094,ssp585,0.928,Região de Aveiro,14111.6,2.5,7017002414.0
2094,ssp585,0.928,Região de Coimbra,1696.8,2.5,843738167.0
2094,ssp585,0.928,Região de Leiria,1.6,2.0,618749.0
2094,ssp585,0.928,Terras de Trás-os-Montes,0.0,2.0,0.0
2094,ssp585,0.928,Tâmega e Sousa,0.0,2.0,0.0
2094,ssp585,0.928,Viseu Dão Lafões,0.0,2.0,0.0
2094,ssp585,0.928,Área Metropolitana do Porto,588.5,4.0,468186879.0
2095,ssp585,0.94,Alentejo Central,0.0,2.0,0.0
2095,ssp585,0.94,Alentejo Litoral,904.3,1.5,269792321.0
2095,ssp585,0.94,Algarve,8632.6,3.0,5151086920.0
2095,ssp585,0.94,Alto Alentejo,0.0,2.0,0.0
2095,ssp585,0.94,Alto Minho,222.4,1.5,66360850.0
2095,ssp585,0.94,Alto Tâmega e Barroso,0.0,2.0,0.0
2095,ssp585,0.94,Ave,0.0,2.0,0.0
2095,ssp585,0.94,Baixo Alentejo,0.0,1.5,0.0
2095,ssp585,0.94,Beira Baixa,0.0,2.0,0.0
2095,ssp585,0.94,Beiras e Serra da Estrela,0.0,2.0,0.0
2095,ssp585,0.94,Cávado,164.3,2.5,81689624.0
2095,ssp585,0.94,Douro,0.0,2.0,0.0
2095,ssp585,0.94,Grande Lisboa,59425.6,5.0,59098796634.0
2095,ssp585,0.94,Lezíria do Tejo,1454.9,1.5,434061389.0
2095,ssp585,0.94,Médio Tejo,0.0,2.0,0.0
2095,ssp585,0.94,Oeste,417.7,2.5,207722939.0
2095,ssp585,0.94,Península de Setúbal,8695.9,3.0,5188830620.0
2095,ssp585,0.94,Região de Aveiro,14257.9,2.5,7089742273.0
2095,ssp585,0.94,Região de Coimbra,1711.6,2.5,851074764.0
2095,ssp585,0.94,Região de Leiria,1.6,2.0,618749.0
2095,ssp585,0.94,Terras de Trás-os-Montes,0.0,2.0,0.0
2095,ssp585,0.94,Tâmega e Sousa,0.0,2.0,0.0
2095,ssp585,0.94,Viseu Dão Lafões,0.0,2.0,0.0
2095,ssp585,0.94,Área Metropolitana do Porto,590.0,4.0,469365449.0
2096,ssp585,0.952,Alentejo Central,0.0,2.0,0.0
2096,ssp585,0.952,Alentejo Litoral,918.3,1.5,273988766.0
2096,ssp585,0.952,Algarve,8729.9,3.0,5209160950.0
2096,ssp585,0.952,Alto Alentejo,0.0,2.0,0.0
2096,ssp585,0.952,Alto Minho,225.8,1.5,67381786.0
2096,ssp585,0.952,Alto Tâmega e Barroso,0.0,2.0,0.0
2096,ssp585,0.952,Ave,0.0,2.0,0.0
2096,ssp585,0.952,Baixo Alentejo,0.0,1.5,0.0
2096,ssp585,0.952,Beira Baixa,0.0,2.0,0.0
2096,ssp585,0.952,Beiras e Serra da Estrela,0.0,2.0,0.0
2096,ssp585,0.952,Cávado,166.1,2.5,82573551.0
2096,ssp585,0.952,Douro,0.0,2.0,0.0
2096,ssp585,0.952,Grande Lisboa,60665.2,5.0,60331580714.0
2096,ssp585,0.952,Lezíria do Tejo,1485.0,1.5,443059770.0
2096,ssp585,0.952,Médio Tejo,0.0,2.0,0.0
2096,ssp585,0.952,Oeste,430.5,2.5,214087216.0
2096,ssp585,0.952,Península de Setúbal,8849.1,3.0,5280228713.0
2096,ssp585,0.952,Região de Aveiro,14394.6,2.5,7157694192.0
2096,ssp585,0.952,Região de Coimbra,1726.9,2.5,858676540.0
2096,ssp585,0.952,Região de Leiria,1.7,2.0,677678.0
2096,ssp585,0.952,Terras de Trás-os-Montes,0.0,2.0,0.0
2096,ssp585,0.952,Tâmega e Sousa,0.0,2.0,0.0
2096,ssp585,0.952,Viseu Dão Lafões,0.0,2.0,0.0
2096,ssp585,0.952,Área Metropolitana do Porto,591.4,4.0,470544019.0
2097,ssp585,0.964,Alentejo Central,0.0,2.0,0.0
2097,ssp585,0.964,Alentejo Litoral,933.5,1.5,278503425.0
2097,ssp585,0.964,Algarve,8822.1,3.0,5264141234.0
2097,ssp585,0.964,Alto Alentejo,0.0,2.0,0.0
2097,ssp585,0.964,Alto Minho,229.9,1.5,68601605.0
2097,ssp585,0.964,Alto Tâmega e Barroso,0.0,2.0,0.0
2097,ssp585,0.964,Ave,0.0,2.0,0.0
2097,ssp585,0.964,Baixo Alentejo,0.0,1.5,0.0
2097,ssp585,0.964,Beira Baixa,0.0,2.0,0.0
2097,ssp585,0.964,Beiras e Serra da Estrela,0.0,2.0,0.0
2097,ssp585,0.964,Cávado,169.0,2.5,84046764.0
2097,ssp585,0.964,Douro,0.0,2.0,0.0
2097,ssp585,0.964,Grande Lisboa,61888.8,5.0,61548454100.0
2097,ssp585,0.964,Lezíria do Tejo,1513.2,1.5,451465919.0
2097,ssp585,0.964,Médio Tejo,0.0,2.0,0.0
2097,ssp585,0.964,Oeste,443.8,2.5,220672475.0
2097,ssp585,0.964,Península de Setúbal,8997.5,3.0,5368798238.0
2097,ssp585,0.964,Região de Aveiro,14526.4,2.5,7223252141.0
2097,ssp585,0.964,Região de Coimbra,1742.4,2.5,866425637.0
2097,ssp585,0.964,Região de Leiria,1.7,2.0,677678.0
2097,ssp585,0.964,Terras de Trás-os-Montes,0.0,2.0,0.0
2097,ssp585,0.964,Tâmega e Sousa,0.0,2.0,0.0
2097,ssp585,0.964,Viseu Dão Lafões,0.0,2.0,0.0
2097,ssp585,0.964,Área Metropolitana do Porto,592.9,4.0,471722589.0
2098,ssp585,0.976,Alentejo Central,0.0,2.0,0.0
2098,ssp585,0.976,Alentejo Litoral,949.1,1.5,283177191.0
2098,ssp585,0.976,Algarve,8923.7,3.0,5324778654.0
2098,ssp585,0.976,Alto Alentejo,0.0,2.0,0.0
2098,ssp585,0.976,Alto Minho,234.2,1.5,69874461.0
2098,ssp585,0.976,Alto Tâmega e Barroso,0.0,2.0,0.0
2098,ssp585,0.976,Ave,0.0,2.0,0.0
2098,ssp585,0.976,Baixo Alentejo,0.0,1.5,0.0
2098,ssp585,0.976,Beira Baixa,0.0,2.0,0.0
2098,ssp585,0.976,Beiras e Serra da Estrela,0.0,2.0,0.0
2098,ssp585,0.976,Cávado,171.2,2.5,85151673.0
2098,ssp585,0.976,Douro,0.0,2.0,0.0
2098,ssp585,0.976,Grande Lisboa,63150.4,5.0,62803041722.0
2098,ssp585,0.976,Lezíria do Tejo,1542.4,1.5,460172604.0
2098,ssp585,0.976,Médio Tejo,0.0,2.0,0.0
2098,ssp585,0.976,Oeste,456.2,2.5,226859967.0
2098,ssp585,0.976,Península de Setúbal,9151.0,3.0,5460373117.0
2098,ssp585,0.976,Região de Aveiro,14652.9,2.5,7286139892.0
2098,ssp585,0.976,Região de Coimbra,1757.1,2.5,873732770.0
2098,ssp585,0.976,Região de Leiria,1.7,2.0,677678.0
2098,ssp585,0.976,Terras de Trás-os-Montes,0.0,2.0,0.0
2098,ssp585,0.976,Tâmega e Sousa,0.0,2.0,0.0
2098,ssp585,0.976,Viseu Dão Lafões,0.0,2.0,0.0
2098,ssp585,0.976,Área Metropolitana do Porto,594.8,4.0,473195801.0
2099,ssp585,0.988,Alentejo Central,0.0,2.0,0.0
2099,ssp585,0.988,Alentejo Litoral,964.8,1.5,287837699.0
2099,ssp585,0.988,Algarve,9020.1,3.0,5382322327.0
2099,ssp585,0.988,Alto Alentejo,0.0,2.0,0.0
2099,ssp585,0.988,Alto Minho,237.9,1.5,70988209.0
2099,ssp585,0.988,Alto Tâmega e Barroso,0.0,2.0,0.0
2099,ssp585,0.988,Ave,0.0,2.0,0.0
2099,ssp585,0.988,Baixo Alentejo,0.0,1.5,0.0
2099,ssp585,0.988,Beira Baixa,0.0,2.0,0.0
2099,ssp585,0.988,Beiras e Serra da Estrela,0.0,2.0,0.0
2099,ssp585,0.988,Cávado,173.6,2.5,86330243.0
2099,ssp585,0.988,Douro,0.0,2.0,0.0
2099,ssp585,0.988,Grande Lisboa,64365.1,5.0,64011075835.0
2099,ssp585,0.988,Lezíria do Tejo,1571.5,1.5,468843932.0
2099,ssp585,0.988,Médio Tejo,0.0,2.0,0.0
2099,ssp585,0.988,Oeste,466.4,2.5,231898353.0
2099,ssp585,0.988,Península de Setúbal,9309.5,3.0,5554953348.0
2099,ssp585,0.988,Região de Aveiro,14781.6,2.5,7350132553.0
2099,ssp585,0.988,Região de Coimbra,1772.3,2.5,881275617.0
2099,ssp585,0.988,Região de Leiria,1.7,2.0,677678.0
2099,ssp585,0.988,Terras de Trás-os-Montes,0.0,2.0,0.0
2099,ssp585,0.988,Tâmega e Sousa,0.0,2.0,0.0
2099,ssp585,0.988,Viseu Dão Lafões,0.0,2.0,0.0
2099,ssp585,0.988,Área Metropolitana do Porto,597.4,4.0,475258298.0
2100,ssp585,1.0,Alentejo Central,0.0,2.0,0.0
2100,ssp585,1.0,Alentejo Litoral,984.2,1.5,293645102.0
2100,ssp585,1.0,Algarve,9135.5,3.0,5451180272.0
2100,ssp585,1.0,Alto Alentejo,0.0,2.0,0.0
2100,ssp585,1.0,Alto Minho,263.1,1.5,78506012.0
2100,ssp585,1.0,Alto Tâmega e Barroso,0.0,2.0,0.0
2100,ssp585,1.0,Ave,0.0,2.0,0.0
2100,ssp585,1.0,Baixo Alentejo,0.0,1.5,0.0
2100,ssp585,1.0,Beira Baixa,0.0,2.0,0.0
2100,ssp585,1.0,Beiras e Serra da Estrela,0.0,2.0,0.0
2100,ssp585,1.0,Cávado,213.3,2.5,106071288.0
2100,ssp585,1.0,Douro,0.0,2.0,0.0
2100,ssp585,1.0,Grande Lisboa,65666.3,5.0,65305145547.0
2100,ssp585,1.0,Lezíria do Tejo,1676.7,1.5,500232194.0
2100,ssp585,1.0,Médio Tejo,0.0,2.0,0.0
2100,ssp585,1.0,Oeste,481.9,2.5,239632718.0
2100,ssp585,1.0,Península de Setúbal,9581.4,3.0,5717242419.0
2100,ssp585,1.0,Região de Aveiro,14961.7,2.5,7439722278.0
2100,ssp585,1.0,Região de Coimbra,1809.3,2.5,899690771.0
2100,ssp585,1.0,Região de Leiria,1.7,2.0,677678.0
2100,ssp585,1.0,Terras de Trás-os-Montes,0.0,2.0,0.0
2100,ssp585,1.0,Tâmega e Sousa,0.0,2.0,0.0
2100,ssp585,1.0,Viseu Dão Lafões,0.0,2.0,0.0
2100,ssp585,1.0,Área Metropolitana do Porto,1033.2,4.0,822052481.0
