option,option_id,cost_scenario,bypass_cost_meur,scenario,variant,key_year,slr_m,events_per_year,closure_days_yr,annual_cost_mid_eur,annual_cost_low_eur,annual_cost_high_eur,breakeven_year_mid,breakeven_year_low,breakeven_year_high,section,section_type,cost_low_eur,cost_mid_eur,cost_high_eur,be_year_low_capex_mid_ddr,be_year_mid_capex_mid_ddr,be_year_high_capex_mid_ddr,be_year_mid_capex_low_ddr,be_year_mid_capex_high_ddr,option_name,capex_low_M,capex_high_M,cum_no_adapt_bn,cum_adapt_bn,savings_bn,be_year_low_capex,be_year_mid_capex,be_year_hi_capex,option_type,port,be_year_low,be_year_mid,be_year_high
Option 1: In-situ viaduct (3–5km),OPT1,low,88,SSP1-2.6,Baseline,2030,0.07,0.406,2.3,2314919.0,1157460.0,4051109.0,2049,2060,2042,Mondego (railway),Railway,,,,,,,,,,,,,,,,,,,,,,
Option 1: In-situ viaduct (3–5km),OPT1,low,88,SSP1-2.6,Baseline,2050,0.2,1.0,7.0,7000000.0,3500000.0,12250000.0,2049,2060,2042,Mondego (railway),Railway,,,,,,,,,,,,,,,,,,,,,,
Option 1: In-situ viaduct (3–5km),OPT1,low,88,SSP1-2.6,Baseline,2075,0.3,2.0,16.0,16000000.0,8000000.0,28000000.0,2049,2060,2042,Mondego (railway),Railway,,,,,,,,,,,,,,,,,,,,,,
Option 1: In-situ viaduct (3–5km),OPT1,low,88,SSP1-2.6,Baseline,2100,0.4,4.0,36.0,36000000.0,18000000.0,63000000.0,2049,2060,2042,Mondego (railway),Railway,,,,,,,,,,,,,,,,,,,,,,
Option 1: In-situ viaduct (3–5km),OPT1,low,88,SSP1-2.6,+Geoid,2030,0.22,1.149,8.3,8270628.0,4135314.0,14473599.0,2035,2042,2031,Mondego (railway),Railway,,,,,,,,,,,,,,,,,,,,,,
Option 1: In-situ viaduct (3–5km),OPT1,low,88,SSP1-2.6,+Geoid,2050,0.35,2.828,24.0,24041631.0,12020815.0,42072853.0,2035,2042,2031,Mondego (railway),Railway,,,,,,,,,,,,,,,,,,,,,,
Option 1: In-situ viaduct (3–5km),OPT1,low,88,SSP1-2.6,+Geoid,2075,0.45,5.657,53.7,53740115.0,26870058.0,94045202.0,2035,2042,2031,Mondego (railway),Railway,,,,,,,,,,,,,,,,,,,,,,
Option 1: In-situ viaduct (3–5km),OPT1,low,88,SSP1-2.6,+Geoid,2100,0.55,11.314,118.8,118793939.0,59396970.0,207889394.0,2035,2042,2031,Mondego (railway),Railway,,,,,,,,,,,,,,,,,,,,,,
Option 1: In-situ viaduct (3–5km),OPT1,low,88,SSP2-4.5,Baseline,2030,0.1,0.5,3.0,3000000.0,1500000.0,5250000.0,2043,2050,2038,Mondego (railway),Railway,,,,,,,,,,,,,,,,,,,,,,
Option 1: In-situ viaduct (3–5km),OPT1,low,88,SSP2-4.5,Baseline,2050,0.3,2.0,16.0,16000000.0,8000000.0,28000000.0,2043,2050,2038,Mondego (railway),Railway,,,,,,,,,,,,,,,,,,,,,,
Option 1: In-situ viaduct (3–5km),OPT1,low,88,SSP2-4.5,Baseline,2075,0.45,5.657,53.7,53740115.0,26870058.0,94045202.0,2043,2050,2038,Mondego (railway),Railway,,,,,,,,,,,,,,,,,,,,,,
Option 1: In-situ viaduct (3–5km),OPT1,low,88,SSP2-4.5,Baseline,2100,0.6,16.0,176.0,176000000.0,88000000.0,308000000.0,2043,2050,2038,Mondego (railway),Railway,,,,,,,,,,,,,,,,,,,,,,
Option 1: In-situ viaduct (3–5km),OPT1,low,88,SSP2-4.5,+Geoid,2030,0.25,1.414,10.6,10606602.0,5303301.0,18561553.0,2033,2038,2030,Mondego (railway),Railway,,,,,,,,,,,,,,,,,,,,,,
Option 1: In-situ viaduct (3–5km),OPT1,low,88,SSP2-4.5,+Geoid,2050,0.45,5.657,53.7,53740115.0,26870058.0,94045202.0,2033,2038,2030,Mondego (railway),Railway,,,,,,,,,,,,,,,,,,,,,,
Option 1: In-situ viaduct (3–5km),OPT1,low,88,SSP2-4.5,+Geoid,2075,0.6,16.0,176.0,176000000.0,88000000.0,308000000.0,2033,2038,2030,Mondego (railway),Railway,,,,,,,,,,,,,,,,,,,,,,
Option 1: In-situ viaduct (3–5km),OPT1,low,88,SSP2-4.5,+Geoid,2100,0.75,45.255,565.7,365000000.0,182500000.0,638750000.0,2033,2038,2030,Mondego (railway),Railway,,,,,,,,,,,,,,,,,,,,,,
Option 1: In-situ viaduct (3–5km),OPT1,low,88,SSP5-8.5,Baseline,2030,0.13,0.616,3.9,3878105.0,1939052.0,6786684.0,2040,2045,2036,Mondego (railway),Railway,,,,,,,,,,,,,,,,,,,,,,
Option 1: In-situ viaduct (3–5km),OPT1,low,88,SSP5-8.5,Baseline,2050,0.4,4.0,36.0,36000000.0,18000000.0,63000000.0,2040,2045,2036,Mondego (railway),Railway,,,,,,,,,,,,,,,,,,,,,,
Option 1: In-situ viaduct (3–5km),OPT1,low,88,SSP5-8.5,Baseline,2075,0.7,32.0,384.0,365000000.0,182500000.0,638750000.0,2040,2045,2036,Mondego (railway),Railway,,,,,,,,,,,,,,,,,,,,,,
Option 1: In-situ viaduct (3–5km),OPT1,low,88,SSP5-8.5,Baseline,2100,1.0,256.0,3840.0,365000000.0,182500000.0,638750000.0,2040,2045,2036,Mondego (railway),Railway,,,,,,,,,,,,,,,,,,,,,,
Option 1: In-situ viaduct (3–5km),OPT1,low,88,SSP5-8.5,+Geoid,2030,0.28,1.741,13.6,13580589.0,6790294.0,23766030.0,2032,2036,2030,Mondego (railway),Railway,,,,,,,,,,,,,,,,,,,,,,
Option 1: In-situ viaduct (3–5km),OPT1,low,88,SSP5-8.5,+Geoid,2050,0.55,11.314,118.8,118793939.0,59396970.0,207889394.0,2032,2036,2030,Mondego (railway),Railway,,,,,,,,,,,,,,,,,,,,,,
Option 1: In-situ viaduct (3–5km),OPT1,low,88,SSP5-8.5,+Geoid,2075,0.85,90.51,1221.9,365000000.0,182500000.0,638750000.0,2032,2036,2030,Mondego (railway),Railway,,,,,,,,,,,,,,,,,,,,,,
Option 1: In-situ viaduct (3–5km),OPT1,low,88,SSP5-8.5,+Geoid,2100,1.15,724.077,11947.3,365000000.0,182500000.0,638750000.0,2032,2036,2030,Mondego (railway),Railway,,,,,,,,,,,,,,,,,,,,,,
Option 1: In-situ viaduct (3–5km),OPT1,base,120,SSP1-2.6,Baseline,2030,0.07,0.406,2.3,2314919.0,1157460.0,4051109.0,2053,2066,2046,Mondego (railway),Railway,,,,,,,,,,,,,,,,,,,,,,
Option 1: In-situ viaduct (3–5km),OPT1,base,120,SSP1-2.6,Baseline,2050,0.2,1.0,7.0,7000000.0,3500000.0,12250000.0,2053,2066,2046,Mondego (railway),Railway,,,,,,,,,,,,,,,,,,,,,,
Option 1: In-situ viaduct (3–5km),OPT1,base,120,SSP1-2.6,Baseline,2075,0.3,2.0,16.0,16000000.0,8000000.0,28000000.0,2053,2066,2046,Mondego (railway),Railway,,,,,,,,,,,,,,,,,,,,,,
Option 1: In-situ viaduct (3–5km),OPT1,base,120,SSP1-2.6,Baseline,2100,0.4,4.0,36.0,36000000.0,18000000.0,63000000.0,2053,2066,2046,Mondego (railway),Railway,,,,,,,,,,,,,,,,,,,,,,
Option 1: In-situ viaduct (3–5km),OPT1,base,120,SSP1-2.6,+Geoid,2030,0.22,1.149,8.3,8270628.0,4135314.0,14473599.0,2038,2046,2033,Mondego (railway),Railway,,,,,,,,,,,,,,,,,,,,,,
Option 1: In-situ viaduct (3–5km),OPT1,base,120,SSP1-2.6,+Geoid,2050,0.35,2.828,24.0,24041631.0,12020815.0,42072853.0,2038,2046,2033,Mondego (railway),Railway,,,,,,,,,,,,,,,,,,,,,,
Option 1: In-situ viaduct (3–5km),OPT1,base,120,SSP1-2.6,+Geoid,2075,0.45,5.657,53.7,53740115.0,26870058.0,94045202.0,2038,2046,2033,Mondego (railway),Railway,,,,,,,,,,,,,,,,,,,,,,
Option 1: In-situ viaduct (3–5km),OPT1,base,120,SSP1-2.6,+Geoid,2100,0.55,11.314,118.8,118793939.0,59396970.0,207889394.0,2038,2046,2033,Mondego (railway),Railway,,,,,,,,,,,,,,,,,,,,,,
Option 1: In-situ viaduct (3–5km),OPT1,base,120,SSP2-4.5,Baseline,2030,0.1,0.5,3.0,3000000.0,1500000.0,5250000.0,2046,2054,2041,Mondego (railway),Railway,,,,,,,,,,,,,,,,,,,,,,
Option 1: In-situ viaduct (3–5km),OPT1,base,120,SSP2-4.5,Baseline,2050,0.3,2.0,16.0,16000000.0,8000000.0,28000000.0,2046,2054,2041,Mondego (railway),Railway,,,,,,,,,,,,,,,,,,,,,,
Option 1: In-situ viaduct (3–5km),OPT1,base,120,SSP2-4.5,Baseline,2075,0.45,5.657,53.7,53740115.0,26870058.0,94045202.0,2046,2054,2041,Mondego (railway),Railway,,,,,,,,,,,,,,,,,,,,,,
Option 1: In-situ viaduct (3–5km),OPT1,base,120,SSP2-4.5,Baseline,2100,0.6,16.0,176.0,176000000.0,88000000.0,308000000.0,2046,2054,2041,Mondego (railway),Railway,,,,,,,,,,,,,,,,,,,,,,
Option 1: In-situ viaduct (3–5km),OPT1,base,120,SSP2-4.5,+Geoid,2030,0.25,1.414,10.6,10606602.0,5303301.0,18561553.0,2035,2041,2032,Mondego (railway),Railway,,,,,,,,,,,,,,,,,,,,,,
Option 1: In-situ viaduct (3–5km),OPT1,base,120,SSP2-4.5,+Geoid,2050,0.45,5.657,53.7,53740115.0,26870058.0,94045202.0,2035,2041,2032,Mondego (railway),Railway,,,,,,,,,,,,,,,,,,,,,,
Option 1: In-situ viaduct (3–5km),OPT1,base,120,SSP2-4.5,+Geoid,2075,0.6,16.0,176.0,176000000.0,88000000.0,308000000.0,2035,2041,2032,Mondego (railway),Railway,,,,,,,,,,,,,,,,,,,,,,
Option 1: In-situ viaduct (3–5km),OPT1,base,120,SSP2-4.5,+Geoid,2100,0.75,45.255,565.7,365000000.0,182500000.0,638750000.0,2035,2041,2032,Mondego (railway),Railway,,,,,,,,,,,,,,,,,,,,,,
Option 1: In-situ viaduct (3–5km),OPT1,base,120,SSP5-8.5,Baseline,2030,0.13,0.616,3.9,3878105.0,1939052.0,6786684.0,2042,2048,2038,Mondego (railway),Railway,,,,,,,,,,,,,,,,,,,,,,
Option 1: In-situ viaduct (3–5km),OPT1,base,120,SSP5-8.5,Baseline,2050,0.4,4.0,36.0,36000000.0,18000000.0,63000000.0,2042,2048,2038,Mondego (railway),Railway,,,,,,,,,,,,,,,,,,,,,,
Option 1: In-situ viaduct (3–5km),OPT1,base,120,SSP5-8.5,Baseline,2075,0.7,32.0,384.0,365000000.0,182500000.0,638750000.0,2042,2048,2038,Mondego (railway),Railway,,,,,,,,,,,,,,,,,,,,,,
Option 1: In-situ viaduct (3–5km),OPT1,base,120,SSP5-8.5,Baseline,2100,1.0,256.0,3840.0,365000000.0,182500000.0,638750000.0,2042,2048,2038,Mondego (railway),Railway,,,,,,,,,,,,,,,,,,,,,,
Option 1: In-situ viaduct (3–5km),OPT1,base,120,SSP5-8.5,+Geoid,2030,0.28,1.741,13.6,13580589.0,6790294.0,23766030.0,2034,2038,2031,Mondego (railway),Railway,,,,,,,,,,,,,,,,,,,,,,
Option 1: In-situ viaduct (3–5km),OPT1,base,120,SSP5-8.5,+Geoid,2050,0.55,11.314,118.8,118793939.0,59396970.0,207889394.0,2034,2038,2031,Mondego (railway),Railway,,,,,,,,,,,,,,,,,,,,,,
Option 1: In-situ viaduct (3–5km),OPT1,base,120,SSP5-8.5,+Geoid,2075,0.85,90.51,1221.9,365000000.0,182500000.0,638750000.0,2034,2038,2031,Mondego (railway),Railway,,,,,,,,,,,,,,,,,,,,,,
Option 1: In-situ viaduct (3–5km),OPT1,base,120,SSP5-8.5,+Geoid,2100,1.15,724.077,11947.3,365000000.0,182500000.0,638750000.0,2034,2038,2031,Mondego (railway),Railway,,,,,,,,,,,,,,,,,,,,,,
Option 1: In-situ viaduct (3–5km),OPT1,high,155,SSP1-2.6,Baseline,2030,0.07,0.406,2.3,2314919.0,1157460.0,4051109.0,2057,2071,2049,Mondego (railway),Railway,,,,,,,,,,,,,,,,,,,,,,
Option 1: In-situ viaduct (3–5km),OPT1,high,155,SSP1-2.6,Baseline,2050,0.2,1.0,7.0,7000000.0,3500000.0,12250000.0,2057,2071,2049,Mondego (railway),Railway,,,,,,,,,,,,,,,,,,,,,,
Option 1: In-situ viaduct (3–5km),OPT1,high,155,SSP1-2.6,Baseline,2075,0.3,2.0,16.0,16000000.0,8000000.0,28000000.0,2057,2071,2049,Mondego (railway),Railway,,,,,,,,,,,,,,,,,,,,,,
Option 1: In-situ viaduct (3–5km),OPT1,high,155,SSP1-2.6,Baseline,2100,0.4,4.0,36.0,36000000.0,18000000.0,63000000.0,2057,2071,2049,Mondego (railway),Railway,,,,,,,,,,,,,,,,,,,,,,
Option 1: In-situ viaduct (3–5km),OPT1,high,155,SSP1-2.6,+Geoid,2030,0.22,1.149,8.3,8270628.0,4135314.0,14473599.0,2040,2049,2035,Mondego (railway),Railway,,,,,,,,,,,,,,,,,,,,,,
Option 1: In-situ viaduct (3–5km),OPT1,high,155,SSP1-2.6,+Geoid,2050,0.35,2.828,24.0,24041631.0,12020815.0,42072853.0,2040,2049,2035,Mondego (railway),Railway,,,,,,,,,,,,,,,,,,,,,,
Option 1: In-situ viaduct (3–5km),OPT1,high,155,SSP1-2.6,+Geoid,2075,0.45,5.657,53.7,53740115.0,26870058.0,94045202.0,2040,2049,2035,Mondego (railway),Railway,,,,,,,,,,,,,,,,,,,,,,
Option 1: In-situ viaduct (3–5km),OPT1,high,155,SSP1-2.6,+Geoid,2100,0.55,11.314,118.8,118793939.0,59396970.0,207889394.0,2040,2049,2035,Mondego (railway),Railway,,,,,,,,,,,,,,,,,,,,,,
Option 1: In-situ viaduct (3–5km),OPT1,high,155,SSP2-4.5,Baseline,2030,0.1,0.5,3.0,3000000.0,1500000.0,5250000.0,2049,2057,2043,Mondego (railway),Railway,,,,,,,,,,,,,,,,,,,,,,
Option 1: In-situ viaduct (3–5km),OPT1,high,155,SSP2-4.5,Baseline,2050,0.3,2.0,16.0,16000000.0,8000000.0,28000000.0,2049,2057,2043,Mondego (railway),Railway,,,,,,,,,,,,,,,,,,,,,,
Option 1: In-situ viaduct (3–5km),OPT1,high,155,SSP2-4.5,Baseline,2075,0.45,5.657,53.7,53740115.0,26870058.0,94045202.0,2049,2057,2043,Mondego (railway),Railway,,,,,,,,,,,,,,,,,,,,,,
Option 1: In-situ viaduct (3–5km),OPT1,high,155,SSP2-4.5,Baseline,2100,0.6,16.0,176.0,176000000.0,88000000.0,308000000.0,2049,2057,2043,Mondego (railway),Railway,,,,,,,,,,,,,,,,,,,,,,
Option 1: In-situ viaduct (3–5km),OPT1,high,155,SSP2-4.5,+Geoid,2030,0.25,1.414,10.6,10606602.0,5303301.0,18561553.0,2037,2044,2033,Mondego (railway),Railway,,,,,,,,,,,,,,,,,,,,,,
Option 1: In-situ viaduct (3–5km),OPT1,high,155,SSP2-4.5,+Geoid,2050,0.45,5.657,53.7,53740115.0,26870058.0,94045202.0,2037,2044,2033,Mondego (railway),Railway,,,,,,,,,,,,,,,,,,,,,,
Option 1: In-situ viaduct (3–5km),OPT1,high,155,SSP2-4.5,+Geoid,2075,0.6,16.0,176.0,176000000.0,88000000.0,308000000.0,2037,2044,2033,Mondego (railway),Railway,,,,,,,,,,,,,,,,,,,,,,
Option 1: In-situ viaduct (3–5km),OPT1,high,155,SSP2-4.5,+Geoid,2100,0.75,45.255,565.7,365000000.0,182500000.0,638750000.0,2037,2044,2033,Mondego (railway),Railway,,,,,,,,,,,,,,,,,,,,,,
Option 1: In-situ viaduct (3–5km),OPT1,high,155,SSP5-8.5,Baseline,2030,0.13,0.616,3.9,3878105.0,1939052.0,6786684.0,2044,2050,2040,Mondego (railway),Railway,,,,,,,,,,,,,,,,,,,,,,
Option 1: In-situ viaduct (3–5km),OPT1,high,155,SSP5-8.5,Baseline,2050,0.4,4.0,36.0,36000000.0,18000000.0,63000000.0,2044,2050,2040,Mondego (railway),Railway,,,,,,,,,,,,,,,,,,,,,,
Option 1: In-situ viaduct (3–5km),OPT1,high,155,SSP5-8.5,Baseline,2075,0.7,32.0,384.0,365000000.0,182500000.0,638750000.0,2044,2050,2040,Mondego (railway),Railway,,,,,,,,,,,,,,,,,,,,,,
Option 1: In-situ viaduct (3–5km),OPT1,high,155,SSP5-8.5,Baseline,2100,1.0,256.0,3840.0,365000000.0,182500000.0,638750000.0,2044,2050,2040,Mondego (railway),Railway,,,,,,,,,,,,,,,,,,,,,,
Option 1: In-situ viaduct (3–5km),OPT1,high,155,SSP5-8.5,+Geoid,2030,0.28,1.741,13.6,13580589.0,6790294.0,23766030.0,2035,2040,2032,Mondego (railway),Railway,,,,,,,,,,,,,,,,,,,,,,
Option 1: In-situ viaduct (3–5km),OPT1,high,155,SSP5-8.5,+Geoid,2050,0.55,11.314,118.8,118793939.0,59396970.0,207889394.0,2035,2040,2032,Mondego (railway),Railway,,,,,,,,,,,,,,,,,,,,,,
Option 1: In-situ viaduct (3–5km),OPT1,high,155,SSP5-8.5,+Geoid,2075,0.85,90.51,1221.9,365000000.0,182500000.0,638750000.0,2035,2040,2032,Mondego (railway),Railway,,,,,,,,,,,,,,,,,,,,,,
Option 1: In-situ viaduct (3–5km),OPT1,high,155,SSP5-8.5,+Geoid,2100,1.15,724.077,11947.3,365000000.0,182500000.0,638750000.0,2035,2040,2032,Mondego (railway),Railway,,,,,,,,,,,,,,,,,,,,,,
Option 2: Junction relocation to Soure (~11km),OPT2,low,124,SSP1-2.6,Baseline,2030,0.07,0.406,2.3,2314919.0,1157460.0,4051109.0,2054,2066,2046,Mondego (railway),Railway,,,,,,,,,,,,,,,,,,,,,,
Option 2: Junction relocation to Soure (~11km),OPT2,low,124,SSP1-2.6,Baseline,2050,0.2,1.0,7.0,7000000.0,3500000.0,12250000.0,2054,2066,2046,Mondego (railway),Railway,,,,,,,,,,,,,,,,,,,,,,
Option 2: Junction relocation to Soure (~11km),OPT2,low,124,SSP1-2.6,Baseline,2075,0.3,2.0,16.0,16000000.0,8000000.0,28000000.0,2054,2066,2046,Mondego (railway),Railway,,,,,,,,,,,,,,,,,,,,,,
Option 2: Junction relocation to Soure (~11km),OPT2,low,124,SSP1-2.6,Baseline,2100,0.4,4.0,36.0,36000000.0,18000000.0,63000000.0,2054,2066,2046,Mondego (railway),Railway,,,,,,,,,,,,,,,,,,,,,,
Option 2: Junction relocation to Soure (~11km),OPT2,low,124,SSP1-2.6,+Geoid,2030,0.22,1.149,8.3,8270628.0,4135314.0,14473599.0,2038,2046,2034,Mondego (railway),Railway,,,,,,,,,,,,,,,,,,,,,,
Option 2: Junction relocation to Soure (~11km),OPT2,low,124,SSP1-2.6,+Geoid,2050,0.35,2.828,24.0,24041631.0,12020815.0,42072853.0,2038,2046,2034,Mondego (railway),Railway,,,,,,,,,,,,,,,,,,,,,,
Option 2: Junction relocation to Soure (~11km),OPT2,low,124,SSP1-2.6,+Geoid,2075,0.45,5.657,53.7,53740115.0,26870058.0,94045202.0,2038,2046,2034,Mondego (railway),Railway,,,,,,,,,,,,,,,,,,,,,,
Option 2: Junction relocation to Soure (~11km),OPT2,low,124,SSP1-2.6,+Geoid,2100,0.55,11.314,118.8,118793939.0,59396970.0,207889394.0,2038,2046,2034,Mondego (railway),Railway,,,,,,,,,,,,,,,,,,,,,,
Option 2: Junction relocation to Soure (~11km),OPT2,low,124,SSP2-4.5,Baseline,2030,0.1,0.5,3.0,3000000.0,1500000.0,5250000.0,2047,2054,2041,Mondego (railway),Railway,,,,,,,,,,,,,,,,,,,,,,
Option 2: Junction relocation to Soure (~11km),OPT2,low,124,SSP2-4.5,Baseline,2050,0.3,2.0,16.0,16000000.0,8000000.0,28000000.0,2047,2054,2041,Mondego (railway),Railway,,,,,,,,,,,,,,,,,,,,,,
Option 2: Junction relocation to Soure (~11km),OPT2,low,124,SSP2-4.5,Baseline,2075,0.45,5.657,53.7,53740115.0,26870058.0,94045202.0,2047,2054,2041,Mondego (railway),Railway,,,,,,,,,,,,,,,,,,,,,,
Option 2: Junction relocation to Soure (~11km),OPT2,low,124,SSP2-4.5,Baseline,2100,0.6,16.0,176.0,176000000.0,88000000.0,308000000.0,2047,2054,2041,Mondego (railway),Railway,,,,,,,,,,,,,,,,,,,,,,
Option 2: Junction relocation to Soure (~11km),OPT2,low,124,SSP2-4.5,+Geoid,2030,0.25,1.414,10.6,10606602.0,5303301.0,18561553.0,2036,2041,2032,Mondego (railway),Railway,,,,,,,,,,,,,,,,,,,,,,
Option 2: Junction relocation to Soure (~11km),OPT2,low,124,SSP2-4.5,+Geoid,2050,0.45,5.657,53.7,53740115.0,26870058.0,94045202.0,2036,2041,2032,Mondego (railway),Railway,,,,,,,,,,,,,,,,,,,,,,
Option 2: Junction relocation to Soure (~11km),OPT2,low,124,SSP2-4.5,+Geoid,2075,0.6,16.0,176.0,176000000.0,88000000.0,308000000.0,2036,2041,2032,Mondego (railway),Railway,,,,,,,,,,,,,,,,,,,,,,
Option 2: Junction relocation to Soure (~11km),OPT2,low,124,SSP2-4.5,+Geoid,2100,0.75,45.255,565.7,365000000.0,182500000.0,638750000.0,2036,2041,2032,Mondego (railway),Railway,,,,,,,,,,,,,,,,,,,,,,
Option 2: Junction relocation to Soure (~11km),OPT2,low,124,SSP5-8.5,Baseline,2030,0.13,0.616,3.9,3878105.0,1939052.0,6786684.0,2043,2048,2038,Mondego (railway),Railway,,,,,,,,,,,,,,,,,,,,,,
Option 2: Junction relocation to Soure (~11km),OPT2,low,124,SSP5-8.5,Baseline,2050,0.4,4.0,36.0,36000000.0,18000000.0,63000000.0,2043,2048,2038,Mondego (railway),Railway,,,,,,,,,,,,,,,,,,,,,,
Option 2: Junction relocation to Soure (~11km),OPT2,low,124,SSP5-8.5,Baseline,2075,0.7,32.0,384.0,365000000.0,182500000.0,638750000.0,2043,2048,2038,Mondego (railway),Railway,,,,,,,,,,,,,,,,,,,,,,
Option 2: Junction relocation to Soure (~11km),OPT2,low,124,SSP5-8.5,Baseline,2100,1.0,256.0,3840.0,365000000.0,182500000.0,638750000.0,2043,2048,2038,Mondego (railway),Railway,,,,,,,,,,,,,,,,,,,,,,
Option 2: Junction relocation to Soure (~11km),OPT2,low,124,SSP5-8.5,+Geoid,2030,0.28,1.741,13.6,13580589.0,6790294.0,23766030.0,2034,2039,2031,Mondego (railway),Railway,,,,,,,,,,,,,,,,,,,,,,
Option 2: Junction relocation to Soure (~11km),OPT2,low,124,SSP5-8.5,+Geoid,2050,0.55,11.314,118.8,118793939.0,59396970.0,207889394.0,2034,2039,2031,Mondego (railway),Railway,,,,,,,,,,,,,,,,,,,,,,
Option 2: Junction relocation to Soure (~11km),OPT2,low,124,SSP5-8.5,+Geoid,2075,0.85,90.51,1221.9,365000000.0,182500000.0,638750000.0,2034,2039,2031,Mondego (railway),Railway,,,,,,,,,,,,,,,,,,,,,,
Option 2: Junction relocation to Soure (~11km),OPT2,low,124,SSP5-8.5,+Geoid,2100,1.15,724.077,11947.3,365000000.0,182500000.0,638750000.0,2034,2039,2031,Mondego (railway),Railway,,,,,,,,,,,,,,,,,,,,,,
Option 2: Junction relocation to Soure (~11km),OPT2,base,176,SSP1-2.6,Baseline,2030,0.07,0.406,2.3,2314919.0,1157460.0,4051109.0,2060,2074,2051,Mondego (railway),Railway,,,,,,,,,,,,,,,,,,,,,,
Option 2: Junction relocation to Soure (~11km),OPT2,base,176,SSP1-2.6,Baseline,2050,0.2,1.0,7.0,7000000.0,3500000.0,12250000.0,2060,2074,2051,Mondego (railway),Railway,,,,,,,,,,,,,,,,,,,,,,
Option 2: Junction relocation to Soure (~11km),OPT2,base,176,SSP1-2.6,Baseline,2075,0.3,2.0,16.0,16000000.0,8000000.0,28000000.0,2060,2074,2051,Mondego (railway),Railway,,,,,,,,,,,,,,,,,,,,,,
Option 2: Junction relocation to Soure (~11km),OPT2,base,176,SSP1-2.6,Baseline,2100,0.4,4.0,36.0,36000000.0,18000000.0,63000000.0,2060,2074,2051,Mondego (railway),Railway,,,,,,,,,,,,,,,,,,,,,,
Option 2: Junction relocation to Soure (~11km),OPT2,base,176,SSP1-2.6,+Geoid,2030,0.22,1.149,8.3,8270628.0,4135314.0,14473599.0,2042,2051,2036,Mondego (railway),Railway,,,,,,,,,,,,,,,,,,,,,,
Option 2: Junction relocation to Soure (~11km),OPT2,base,176,SSP1-2.6,+Geoid,2050,0.35,2.828,24.0,24041631.0,12020815.0,42072853.0,2042,2051,2036,Mondego (railway),Railway,,,,,,,,,,,,,,,,,,,,,,
Option 2: Junction relocation to Soure (~11km),OPT2,base,176,SSP1-2.6,+Geoid,2075,0.45,5.657,53.7,53740115.0,26870058.0,94045202.0,2042,2051,2036,Mondego (railway),Railway,,,,,,,,,,,,,,,,,,,,,,
Option 2: Junction relocation to Soure (~11km),OPT2,base,176,SSP1-2.6,+Geoid,2100,0.55,11.314,118.8,118793939.0,59396970.0,207889394.0,2042,2051,2036,Mondego (railway),Railway,,,,,,,,,,,,,,,,,,,,,,
Option 2: Junction relocation to Soure (~11km),OPT2,base,176,SSP2-4.5,Baseline,2030,0.1,0.5,3.0,3000000.0,1500000.0,5250000.0,2050,2059,2045,Mondego (railway),Railway,,,,,,,,,,,,,,,,,,,,,,
Option 2: Junction relocation to Soure (~11km),OPT2,base,176,SSP2-4.5,Baseline,2050,0.3,2.0,16.0,16000000.0,8000000.0,28000000.0,2050,2059,2045,Mondego (railway),Railway,,,,,,,,,,,,,,,,,,,,,,
Option 2: Junction relocation to Soure (~11km),OPT2,base,176,SSP2-4.5,Baseline,2075,0.45,5.657,53.7,53740115.0,26870058.0,94045202.0,2050,2059,2045,Mondego (railway),Railway,,,,,,,,,,,,,,,,,,,,,,
Option 2: Junction relocation to Soure (~11km),OPT2,base,176,SSP2-4.5,Baseline,2100,0.6,16.0,176.0,176000000.0,88000000.0,308000000.0,2050,2059,2045,Mondego (railway),Railway,,,,,,,,,,,,,,,,,,,,,,
Option 2: Junction relocation to Soure (~11km),OPT2,base,176,SSP2-4.5,+Geoid,2030,0.25,1.414,10.6,10606602.0,5303301.0,18561553.0,2038,2045,2034,Mondego (railway),Railway,,,,,,,,,,,,,,,,,,,,,,
Option 2: Junction relocation to Soure (~11km),OPT2,base,176,SSP2-4.5,+Geoid,2050,0.45,5.657,53.7,53740115.0,26870058.0,94045202.0,2038,2045,2034,Mondego (railway),Railway,,,,,,,,,,,,,,,,,,,,,,
Option 2: Junction relocation to Soure (~11km),OPT2,base,176,SSP2-4.5,+Geoid,2075,0.6,16.0,176.0,176000000.0,88000000.0,308000000.0,2038,2045,2034,Mondego (railway),Railway,,,,,,,,,,,,,,,,,,,,,,
Option 2: Junction relocation to Soure (~11km),OPT2,base,176,SSP2-4.5,+Geoid,2100,0.75,45.255,565.7,365000000.0,182500000.0,638750000.0,2038,2045,2034,Mondego (railway),Railway,,,,,,,,,,,,,,,,,,,,,,
Option 2: Junction relocation to Soure (~11km),OPT2,base,176,SSP5-8.5,Baseline,2030,0.13,0.616,3.9,3878105.0,1939052.0,6786684.0,2045,2051,2041,Mondego (railway),Railway,,,,,,,,,,,,,,,,,,,,,,
Option 2: Junction relocation to Soure (~11km),OPT2,base,176,SSP5-8.5,Baseline,2050,0.4,4.0,36.0,36000000.0,18000000.0,63000000.0,2045,2051,2041,Mondego (railway),Railway,,,,,,,,,,,,,,,,,,,,,,
Option 2: Junction relocation to Soure (~11km),OPT2,base,176,SSP5-8.5,Baseline,2075,0.7,32.0,384.0,365000000.0,182500000.0,638750000.0,2045,2051,2041,Mondego (railway),Railway,,,,,,,,,,,,,,,,,,,,,,
Option 2: Junction relocation to Soure (~11km),OPT2,base,176,SSP5-8.5,Baseline,2100,1.0,256.0,3840.0,365000000.0,182500000.0,638750000.0,2045,2051,2041,Mondego (railway),Railway,,,,,,,,,,,,,,,,,,,,,,
Option 2: Junction relocation to Soure (~11km),OPT2,base,176,SSP5-8.5,+Geoid,2030,0.28,1.741,13.6,13580589.0,6790294.0,23766030.0,2036,2041,2033,Mondego (railway),Railway,,,,,,,,,,,,,,,,,,,,,,
Option 2: Junction relocation to Soure (~11km),OPT2,base,176,SSP5-8.5,+Geoid,2050,0.55,11.314,118.8,118793939.0,59396970.0,207889394.0,2036,2041,2033,Mondego (railway),Railway,,,,,,,,,,,,,,,,,,,,,,
Option 2: Junction relocation to Soure (~11km),OPT2,base,176,SSP5-8.5,+Geoid,2075,0.85,90.51,1221.9,365000000.0,182500000.0,638750000.0,2036,2041,2033,Mondego (railway),Railway,,,,,,,,,,,,,,,,,,,,,,
Option 2: Junction relocation to Soure (~11km),OPT2,base,176,SSP5-8.5,+Geoid,2100,1.15,724.077,11947.3,365000000.0,182500000.0,638750000.0,2036,2041,2033,Mondego (railway),Railway,,,,,,,,,,,,,,,,,,,,,,
Option 2: Junction relocation to Soure (~11km),OPT2,high,228,SSP1-2.6,Baseline,2030,0.07,0.406,2.3,2314919.0,1157460.0,4051109.0,2065,2080,2055,Mondego (railway),Railway,,,,,,,,,,,,,,,,,,,,,,
Option 2: Junction relocation to Soure (~11km),OPT2,high,228,SSP1-2.6,Baseline,2050,0.2,1.0,7.0,7000000.0,3500000.0,12250000.0,2065,2080,2055,Mondego (railway),Railway,,,,,,,,,,,,,,,,,,,,,,
Option 2: Junction relocation to Soure (~11km),OPT2,high,228,SSP1-2.6,Baseline,2075,0.3,2.0,16.0,16000000.0,8000000.0,28000000.0,2065,2080,2055,Mondego (railway),Railway,,,,,,,,,,,,,,,,,,,,,,
Option 2: Junction relocation to Soure (~11km),OPT2,high,228,SSP1-2.6,Baseline,2100,0.4,4.0,36.0,36000000.0,18000000.0,63000000.0,2065,2080,2055,Mondego (railway),Railway,,,,,,,,,,,,,,,,,,,,,,
Option 2: Junction relocation to Soure (~11km),OPT2,high,228,SSP1-2.6,+Geoid,2030,0.22,1.149,8.3,8270628.0,4135314.0,14473599.0,2045,2055,2039,Mondego (railway),Railway,,,,,,,,,,,,,,,,,,,,,,
Option 2: Junction relocation to Soure (~11km),OPT2,high,228,SSP1-2.6,+Geoid,2050,0.35,2.828,24.0,24041631.0,12020815.0,42072853.0,2045,2055,2039,Mondego (railway),Railway,,,,,,,,,,,,,,,,,,,,,,
Option 2: Junction relocation to Soure (~11km),OPT2,high,228,SSP1-2.6,+Geoid,2075,0.45,5.657,53.7,53740115.0,26870058.0,94045202.0,2045,2055,2039,Mondego (railway),Railway,,,,,,,,,,,,,,,,,,,,,,
Option 2: Junction relocation to Soure (~11km),OPT2,high,228,SSP1-2.6,+Geoid,2100,0.55,11.314,118.8,118793939.0,59396970.0,207889394.0,2045,2055,2039,Mondego (railway),Railway,,,,,,,,,,,,,,,,,,,,,,
Option 2: Junction relocation to Soure (~11km),OPT2,high,228,SSP2-4.5,Baseline,2030,0.1,0.5,3.0,3000000.0,1500000.0,5250000.0,2053,2063,2047,Mondego (railway),Railway,,,,,,,,,,,,,,,,,,,,,,
Option 2: Junction relocation to Soure (~11km),OPT2,high,228,SSP2-4.5,Baseline,2050,0.3,2.0,16.0,16000000.0,8000000.0,28000000.0,2053,2063,2047,Mondego (railway),Railway,,,,,,,,,,,,,,,,,,,,,,
Option 2: Junction relocation to Soure (~11km),OPT2,high,228,SSP2-4.5,Baseline,2075,0.45,5.657,53.7,53740115.0,26870058.0,94045202.0,2053,2063,2047,Mondego (railway),Railway,,,,,,,,,,,,,,,,,,,,,,
Option 2: Junction relocation to Soure (~11km),OPT2,high,228,SSP2-4.5,Baseline,2100,0.6,16.0,176.0,176000000.0,88000000.0,308000000.0,2053,2063,2047,Mondego (railway),Railway,,,,,,,,,,,,,,,,,,,,,,
Option 2: Junction relocation to Soure (~11km),OPT2,high,228,SSP2-4.5,+Geoid,2030,0.25,1.414,10.6,10606602.0,5303301.0,18561553.0,2041,2047,2036,Mondego (railway),Railway,,,,,,,,,,,,,,,,,,,,,,
Option 2: Junction relocation to Soure (~11km),OPT2,high,228,SSP2-4.5,+Geoid,2050,0.45,5.657,53.7,53740115.0,26870058.0,94045202.0,2041,2047,2036,Mondego (railway),Railway,,,,,,,,,,,,,,,,,,,,,,
Option 2: Junction relocation to Soure (~11km),OPT2,high,228,SSP2-4.5,+Geoid,2075,0.6,16.0,176.0,176000000.0,88000000.0,308000000.0,2041,2047,2036,Mondego (railway),Railway,,,,,,,,,,,,,,,,,,,,,,
Option 2: Junction relocation to Soure (~11km),OPT2,high,228,SSP2-4.5,+Geoid,2100,0.75,45.255,565.7,365000000.0,182500000.0,638750000.0,2041,2047,2036,Mondego (railway),Railway,,,,,,,,,,,,,,,,,,,,,,
Option 2: Junction relocation to Soure (~11km),OPT2,high,228,SSP5-8.5,Baseline,2030,0.13,0.616,3.9,3878105.0,1939052.0,6786684.0,2047,2053,2043,Mondego (railway),Railway,,,,,,,,,,,,,,,,,,,,,,
Option 2: Junction relocation to Soure (~11km),OPT2,high,228,SSP5-8.5,Baseline,2050,0.4,4.0,36.0,36000000.0,18000000.0,63000000.0,2047,2053,2043,Mondego (railway),Railway,,,,,,,,,,,,,,,,,,,,,,
Option 2: Junction relocation to Soure (~11km),OPT2,high,228,SSP5-8.5,Baseline,2075,0.7,32.0,384.0,365000000.0,182500000.0,638750000.0,2047,2053,2043,Mondego (railway),Railway,,,,,,,,,,,,,,,,,,,,,,
Option 2: Junction relocation to Soure (~11km),OPT2,high,228,SSP5-8.5,Baseline,2100,1.0,256.0,3840.0,365000000.0,182500000.0,638750000.0,2047,2053,2043,Mondego (railway),Railway,,,,,,,,,,,,,,,,,,,,,,
Option 2: Junction relocation to Soure (~11km),OPT2,high,228,SSP5-8.5,+Geoid,2030,0.28,1.741,13.6,13580589.0,6790294.0,23766030.0,2038,2043,2034,Mondego (railway),Railway,,,,,,,,,,,,,,,,,,,,,,
Option 2: Junction relocation to Soure (~11km),OPT2,high,228,SSP5-8.5,+Geoid,2050,0.55,11.314,118.8,118793939.0,59396970.0,207889394.0,2038,2043,2034,Mondego (railway),Railway,,,,,,,,,,,,,,,,,,,,,,
Option 2: Junction relocation to Soure (~11km),OPT2,high,228,SSP5-8.5,+Geoid,2075,0.85,90.51,1221.9,365000000.0,182500000.0,638750000.0,2038,2043,2034,Mondego (railway),Railway,,,,,,,,,,,,,,,,,,,,,,
Option 2: Junction relocation to Soure (~11km),OPT2,high,228,SSP5-8.5,+Geoid,2100,1.15,724.077,11947.3,365000000.0,182500000.0,638750000.0,2038,2043,2034,Mondego (railway),Railway,,,,,,,,,,,,,,,,,,,,,,
Option 3: Western bypass via Ramal de Alfarelos (~21km),OPT3,low,218,SSP1-2.6,Baseline,2030,0.07,0.406,2.3,2314919.0,1157460.0,4051109.0,2064,2079,2054,Mondego (railway),Railway,,,,,,,,,,,,,,,,,,,,,,
Option 3: Western bypass via Ramal de Alfarelos (~21km),OPT3,low,218,SSP1-2.6,Baseline,2050,0.2,1.0,7.0,7000000.0,3500000.0,12250000.0,2064,2079,2054,Mondego (railway),Railway,,,,,,,,,,,,,,,,,,,,,,
Option 3: Western bypass via Ramal de Alfarelos (~21km),OPT3,low,218,SSP1-2.6,Baseline,2075,0.3,2.0,16.0,16000000.0,8000000.0,28000000.0,2064,2079,2054,Mondego (railway),Railway,,,,,,,,,,,,,,,,,,,,,,
Option 3: Western bypass via Ramal de Alfarelos (~21km),OPT3,low,218,SSP1-2.6,Baseline,2100,0.4,4.0,36.0,36000000.0,18000000.0,63000000.0,2064,2079,2054,Mondego (railway),Railway,,,,,,,,,,,,,,,,,,,,,,
Option 3: Western bypass via Ramal de Alfarelos (~21km),OPT3,low,218,SSP1-2.6,+Geoid,2030,0.22,1.149,8.3,8270628.0,4135314.0,14473599.0,2044,2054,2038,Mondego (railway),Railway,,,,,,,,,,,,,,,,,,,,,,
Option 3: Western bypass via Ramal de Alfarelos (~21km),OPT3,low,218,SSP1-2.6,+Geoid,2050,0.35,2.828,24.0,24041631.0,12020815.0,42072853.0,2044,2054,2038,Mondego (railway),Railway,,,,,,,,,,,,,,,,,,,,,,
Option 3: Western bypass via Ramal de Alfarelos (~21km),OPT3,low,218,SSP1-2.6,+Geoid,2075,0.45,5.657,53.7,53740115.0,26870058.0,94045202.0,2044,2054,2038,Mondego (railway),Railway,,,,,,,,,,,,,,,,,,,,,,
Option 3: Western bypass via Ramal de Alfarelos (~21km),OPT3,low,218,SSP1-2.6,+Geoid,2100,0.55,11.314,118.8,118793939.0,59396970.0,207889394.0,2044,2054,2038,Mondego (railway),Railway,,,,,,,,,,,,,,,,,,,,,,
Option 3: Western bypass via Ramal de Alfarelos (~21km),OPT3,low,218,SSP2-4.5,Baseline,2030,0.1,0.5,3.0,3000000.0,1500000.0,5250000.0,2053,2062,2047,Mondego (railway),Railway,,,,,,,,,,,,,,,,,,,,,,
Option 3: Western bypass via Ramal de Alfarelos (~21km),OPT3,low,218,SSP2-4.5,Baseline,2050,0.3,2.0,16.0,16000000.0,8000000.0,28000000.0,2053,2062,2047,Mondego (railway),Railway,,,,,,,,,,,,,,,,,,,,,,
Option 3: Western bypass via Ramal de Alfarelos (~21km),OPT3,low,218,SSP2-4.5,Baseline,2075,0.45,5.657,53.7,53740115.0,26870058.0,94045202.0,2053,2062,2047,Mondego (railway),Railway,,,,,,,,,,,,,,,,,,,,,,
Option 3: Western bypass via Ramal de Alfarelos (~21km),OPT3,low,218,SSP2-4.5,Baseline,2100,0.6,16.0,176.0,176000000.0,88000000.0,308000000.0,2053,2062,2047,Mondego (railway),Railway,,,,,,,,,,,,,,,,,,,,,,
Option 3: Western bypass via Ramal de Alfarelos (~21km),OPT3,low,218,SSP2-4.5,+Geoid,2030,0.25,1.414,10.6,10606602.0,5303301.0,18561553.0,2040,2047,2036,Mondego (railway),Railway,,,,,,,,,,,,,,,,,,,,,,
Option 3: Western bypass via Ramal de Alfarelos (~21km),OPT3,low,218,SSP2-4.5,+Geoid,2050,0.45,5.657,53.7,53740115.0,26870058.0,94045202.0,2040,2047,2036,Mondego (railway),Railway,,,,,,,,,,,,,,,,,,,,,,
Option 3: Western bypass via Ramal de Alfarelos (~21km),OPT3,low,218,SSP2-4.5,+Geoid,2075,0.6,16.0,176.0,176000000.0,88000000.0,308000000.0,2040,2047,2036,Mondego (railway),Railway,,,,,,,,,,,,,,,,,,,,,,
Option 3: Western bypass via Ramal de Alfarelos (~21km),OPT3,low,218,SSP2-4.5,+Geoid,2100,0.75,45.255,565.7,365000000.0,182500000.0,638750000.0,2040,2047,2036,Mondego (railway),Railway,,,,,,,,,,,,,,,,,,,,,,
Option 3: Western bypass via Ramal de Alfarelos (~21km),OPT3,low,218,SSP5-8.5,Baseline,2030,0.13,0.616,3.9,3878105.0,1939052.0,6786684.0,2047,2053,2043,Mondego (railway),Railway,,,,,,,,,,,,,,,,,,,,,,
Option 3: Western bypass via Ramal de Alfarelos (~21km),OPT3,low,218,SSP5-8.5,Baseline,2050,0.4,4.0,36.0,36000000.0,18000000.0,63000000.0,2047,2053,2043,Mondego (railway),Railway,,,,,,,,,,,,,,,,,,,,,,
Option 3: Western bypass via Ramal de Alfarelos (~21km),OPT3,low,218,SSP5-8.5,Baseline,2075,0.7,32.0,384.0,365000000.0,182500000.0,638750000.0,2047,2053,2043,Mondego (railway),Railway,,,,,,,,,,,,,,,,,,,,,,
Option 3: Western bypass via Ramal de Alfarelos (~21km),OPT3,low,218,SSP5-8.5,Baseline,2100,1.0,256.0,3840.0,365000000.0,182500000.0,638750000.0,2047,2053,2043,Mondego (railway),Railway,,,,,,,,,,,,,,,,,,,,,,
Option 3: Western bypass via Ramal de Alfarelos (~21km),OPT3,low,218,SSP5-8.5,+Geoid,2030,0.28,1.741,13.6,13580589.0,6790294.0,23766030.0,2038,2043,2034,Mondego (railway),Railway,,,,,,,,,,,,,,,,,,,,,,
Option 3: Western bypass via Ramal de Alfarelos (~21km),OPT3,low,218,SSP5-8.5,+Geoid,2050,0.55,11.314,118.8,118793939.0,59396970.0,207889394.0,2038,2043,2034,Mondego (railway),Railway,,,,,,,,,,,,,,,,,,,,,,
Option 3: Western bypass via Ramal de Alfarelos (~21km),OPT3,low,218,SSP5-8.5,+Geoid,2075,0.85,90.51,1221.9,365000000.0,182500000.0,638750000.0,2038,2043,2034,Mondego (railway),Railway,,,,,,,,,,,,,,,,,,,,,,
Option 3: Western bypass via Ramal de Alfarelos (~21km),OPT3,low,218,SSP5-8.5,+Geoid,2100,1.15,724.077,11947.3,365000000.0,182500000.0,638750000.0,2038,2043,2034,Mondego (railway),Railway,,,,,,,,,,,,,,,,,,,,,,
Option 3: Western bypass via Ramal de Alfarelos (~21km),OPT3,base,319,SSP1-2.6,Baseline,2030,0.07,0.406,2.3,2314919.0,1157460.0,4051109.0,2072,2088,2060,Mondego (railway),Railway,,,,,,,,,,,,,,,,,,,,,,
Option 3: Western bypass via Ramal de Alfarelos (~21km),OPT3,base,319,SSP1-2.6,Baseline,2050,0.2,1.0,7.0,7000000.0,3500000.0,12250000.0,2072,2088,2060,Mondego (railway),Railway,,,,,,,,,,,,,,,,,,,,,,
Option 3: Western bypass via Ramal de Alfarelos (~21km),OPT3,base,319,SSP1-2.6,Baseline,2075,0.3,2.0,16.0,16000000.0,8000000.0,28000000.0,2072,2088,2060,Mondego (railway),Railway,,,,,,,,,,,,,,,,,,,,,,
Option 3: Western bypass via Ramal de Alfarelos (~21km),OPT3,base,319,SSP1-2.6,Baseline,2100,0.4,4.0,36.0,36000000.0,18000000.0,63000000.0,2072,2088,2060,Mondego (railway),Railway,,,,,,,,,,,,,,,,,,,,,,
Option 3: Western bypass via Ramal de Alfarelos (~21km),OPT3,base,319,SSP1-2.6,+Geoid,2030,0.22,1.149,8.3,8270628.0,4135314.0,14473599.0,2049,2061,2042,Mondego (railway),Railway,,,,,,,,,,,,,,,,,,,,,,
Option 3: Western bypass via Ramal de Alfarelos (~21km),OPT3,base,319,SSP1-2.6,+Geoid,2050,0.35,2.828,24.0,24041631.0,12020815.0,42072853.0,2049,2061,2042,Mondego (railway),Railway,,,,,,,,,,,,,,,,,,,,,,
Option 3: Western bypass via Ramal de Alfarelos (~21km),OPT3,base,319,SSP1-2.6,+Geoid,2075,0.45,5.657,53.7,53740115.0,26870058.0,94045202.0,2049,2061,2042,Mondego (railway),Railway,,,,,,,,,,,,,,,,,,,,,,
Option 3: Western bypass via Ramal de Alfarelos (~21km),OPT3,base,319,SSP1-2.6,+Geoid,2100,0.55,11.314,118.8,118793939.0,59396970.0,207889394.0,2049,2061,2042,Mondego (railway),Railway,,,,,,,,,,,,,,,,,,,,,,
Option 3: Western bypass via Ramal de Alfarelos (~21km),OPT3,base,319,SSP2-4.5,Baseline,2030,0.1,0.5,3.0,3000000.0,1500000.0,5250000.0,2058,2068,2051,Mondego (railway),Railway,,,,,,,,,,,,,,,,,,,,,,
Option 3: Western bypass via Ramal de Alfarelos (~21km),OPT3,base,319,SSP2-4.5,Baseline,2050,0.3,2.0,16.0,16000000.0,8000000.0,28000000.0,2058,2068,2051,Mondego (railway),Railway,,,,,,,,,,,,,,,,,,,,,,
Option 3: Western bypass via Ramal de Alfarelos (~21km),OPT3,base,319,SSP2-4.5,Baseline,2075,0.45,5.657,53.7,53740115.0,26870058.0,94045202.0,2058,2068,2051,Mondego (railway),Railway,,,,,,,,,,,,,,,,,,,,,,
Option 3: Western bypass via Ramal de Alfarelos (~21km),OPT3,base,319,SSP2-4.5,Baseline,2100,0.6,16.0,176.0,176000000.0,88000000.0,308000000.0,2058,2068,2051,Mondego (railway),Railway,,,,,,,,,,,,,,,,,,,,,,
Option 3: Western bypass via Ramal de Alfarelos (~21km),OPT3,base,319,SSP2-4.5,+Geoid,2030,0.25,1.414,10.6,10606602.0,5303301.0,18561553.0,2044,2051,2039,Mondego (railway),Railway,,,,,,,,,,,,,,,,,,,,,,
Option 3: Western bypass via Ramal de Alfarelos (~21km),OPT3,base,319,SSP2-4.5,+Geoid,2050,0.45,5.657,53.7,53740115.0,26870058.0,94045202.0,2044,2051,2039,Mondego (railway),Railway,,,,,,,,,,,,,,,,,,,,,,
Option 3: Western bypass via Ramal de Alfarelos (~21km),OPT3,base,319,SSP2-4.5,+Geoid,2075,0.6,16.0,176.0,176000000.0,88000000.0,308000000.0,2044,2051,2039,Mondego (railway),Railway,,,,,,,,,,,,,,,,,,,,,,
Option 3: Western bypass via Ramal de Alfarelos (~21km),OPT3,base,319,SSP2-4.5,+Geoid,2100,0.75,45.255,565.7,365000000.0,182500000.0,638750000.0,2044,2051,2039,Mondego (railway),Railway,,,,,,,,,,,,,,,,,,,,,,
Option 3: Western bypass via Ramal de Alfarelos (~21km),OPT3,base,319,SSP5-8.5,Baseline,2030,0.13,0.616,3.9,3878105.0,1939052.0,6786684.0,2050,2057,2046,Mondego (railway),Railway,,,,,,,,,,,,,,,,,,,,,,
Option 3: Western bypass via Ramal de Alfarelos (~21km),OPT3,base,319,SSP5-8.5,Baseline,2050,0.4,4.0,36.0,36000000.0,18000000.0,63000000.0,2050,2057,2046,Mondego (railway),Railway,,,,,,,,,,,,,,,,,,,,,,
Option 3: Western bypass via Ramal de Alfarelos (~21km),OPT3,base,319,SSP5-8.5,Baseline,2075,0.7,32.0,384.0,365000000.0,182500000.0,638750000.0,2050,2057,2046,Mondego (railway),Railway,,,,,,,,,,,,,,,,,,,,,,
Option 3: Western bypass via Ramal de Alfarelos (~21km),OPT3,base,319,SSP5-8.5,Baseline,2100,1.0,256.0,3840.0,365000000.0,182500000.0,638750000.0,2050,2057,2046,Mondego (railway),Railway,,,,,,,,,,,,,,,,,,,,,,
Option 3: Western bypass via Ramal de Alfarelos (~21km),OPT3,base,319,SSP5-8.5,+Geoid,2030,0.28,1.741,13.6,13580589.0,6790294.0,23766030.0,2040,2046,2036,Mondego (railway),Railway,,,,,,,,,,,,,,,,,,,,,,
Option 3: Western bypass via Ramal de Alfarelos (~21km),OPT3,base,319,SSP5-8.5,+Geoid,2050,0.55,11.314,118.8,118793939.0,59396970.0,207889394.0,2040,2046,2036,Mondego (railway),Railway,,,,,,,,,,,,,,,,,,,,,,
Option 3: Western bypass via Ramal de Alfarelos (~21km),OPT3,base,319,SSP5-8.5,+Geoid,2075,0.85,90.51,1221.9,365000000.0,182500000.0,638750000.0,2040,2046,2036,Mondego (railway),Railway,,,,,,,,,,,,,,,,,,,,,,
Option 3: Western bypass via Ramal de Alfarelos (~21km),OPT3,base,319,SSP5-8.5,+Geoid,2100,1.15,724.077,11947.3,365000000.0,182500000.0,638750000.0,2040,2046,2036,Mondego (railway),Railway,,,,,,,,,,,,,,,,,,,,,,
Option 3: Western bypass via Ramal de Alfarelos (~21km),OPT3,high,420,SSP1-2.6,Baseline,2030,0.07,0.406,2.3,2314919.0,1157460.0,4051109.0,2078,2096,2066,Mondego (railway),Railway,,,,,,,,,,,,,,,,,,,,,,
Option 3: Western bypass via Ramal de Alfarelos (~21km),OPT3,high,420,SSP1-2.6,Baseline,2050,0.2,1.0,7.0,7000000.0,3500000.0,12250000.0,2078,2096,2066,Mondego (railway),Railway,,,,,,,,,,,,,,,,,,,,,,
Option 3: Western bypass via Ramal de Alfarelos (~21km),OPT3,high,420,SSP1-2.6,Baseline,2075,0.3,2.0,16.0,16000000.0,8000000.0,28000000.0,2078,2096,2066,Mondego (railway),Railway,,,,,,,,,,,,,,,,,,,,,,
Option 3: Western bypass via Ramal de Alfarelos (~21km),OPT3,high,420,SSP1-2.6,Baseline,2100,0.4,4.0,36.0,36000000.0,18000000.0,63000000.0,2078,2096,2066,Mondego (railway),Railway,,,,,,,,,,,,,,,,,,,,,,
Option 3: Western bypass via Ramal de Alfarelos (~21km),OPT3,high,420,SSP1-2.6,+Geoid,2030,0.22,1.149,8.3,8270628.0,4135314.0,14473599.0,2053,2066,2046,Mondego (railway),Railway,,,,,,,,,,,,,,,,,,,,,,
Option 3: Western bypass via Ramal de Alfarelos (~21km),OPT3,high,420,SSP1-2.6,+Geoid,2050,0.35,2.828,24.0,24041631.0,12020815.0,42072853.0,2053,2066,2046,Mondego (railway),Railway,,,,,,,,,,,,,,,,,,,,,,
Option 3: Western bypass via Ramal de Alfarelos (~21km),OPT3,high,420,SSP1-2.6,+Geoid,2075,0.45,5.657,53.7,53740115.0,26870058.0,94045202.0,2053,2066,2046,Mondego (railway),Railway,,,,,,,,,,,,,,,,,,,,,,
Option 3: Western bypass via Ramal de Alfarelos (~21km),OPT3,high,420,SSP1-2.6,+Geoid,2100,0.55,11.314,118.8,118793939.0,59396970.0,207889394.0,2053,2066,2046,Mondego (railway),Railway,,,,,,,,,,,,,,,,,,,,,,
Option 3: Western bypass via Ramal de Alfarelos (~21km),OPT3,high,420,SSP2-4.5,Baseline,2030,0.1,0.5,3.0,3000000.0,1500000.0,5250000.0,2062,2073,2054,Mondego (railway),Railway,,,,,,,,,,,,,,,,,,,,,,
Option 3: Western bypass via Ramal de Alfarelos (~21km),OPT3,high,420,SSP2-4.5,Baseline,2050,0.3,2.0,16.0,16000000.0,8000000.0,28000000.0,2062,2073,2054,Mondego (railway),Railway,,,,,,,,,,,,,,,,,,,,,,
Option 3: Western bypass via Ramal de Alfarelos (~21km),OPT3,high,420,SSP2-4.5,Baseline,2075,0.45,5.657,53.7,53740115.0,26870058.0,94045202.0,2062,2073,2054,Mondego (railway),Railway,,,,,,,,,,,,,,,,,,,,,,
Option 3: Western bypass via Ramal de Alfarelos (~21km),OPT3,high,420,SSP2-4.5,Baseline,2100,0.6,16.0,176.0,176000000.0,88000000.0,308000000.0,2062,2073,2054,Mondego (railway),Railway,,,,,,,,,,,,,,,,,,,,,,
Option 3: Western bypass via Ramal de Alfarelos (~21km),OPT3,high,420,SSP2-4.5,+Geoid,2030,0.25,1.414,10.6,10606602.0,5303301.0,18561553.0,2047,2054,2041,Mondego (railway),Railway,,,,,,,,,,,,,,,,,,,,,,
Option 3: Western bypass via Ramal de Alfarelos (~21km),OPT3,high,420,SSP2-4.5,+Geoid,2050,0.45,5.657,53.7,53740115.0,26870058.0,94045202.0,2047,2054,2041,Mondego (railway),Railway,,,,,,,,,,,,,,,,,,,,,,
Option 3: Western bypass via Ramal de Alfarelos (~21km),OPT3,high,420,SSP2-4.5,+Geoid,2075,0.6,16.0,176.0,176000000.0,88000000.0,308000000.0,2047,2054,2041,Mondego (railway),Railway,,,,,,,,,,,,,,,,,,,,,,
Option 3: Western bypass via Ramal de Alfarelos (~21km),OPT3,high,420,SSP2-4.5,+Geoid,2100,0.75,45.255,565.7,365000000.0,182500000.0,638750000.0,2047,2054,2041,Mondego (railway),Railway,,,,,,,,,,,,,,,,,,,,,,
Option 3: Western bypass via Ramal de Alfarelos (~21km),OPT3,high,420,SSP5-8.5,Baseline,2030,0.13,0.616,3.9,3878105.0,1939052.0,6786684.0,2053,2059,2048,Mondego (railway),Railway,,,,,,,,,,,,,,,,,,,,,,
Option 3: Western bypass via Ramal de Alfarelos (~21km),OPT3,high,420,SSP5-8.5,Baseline,2050,0.4,4.0,36.0,36000000.0,18000000.0,63000000.0,2053,2059,2048,Mondego (railway),Railway,,,,,,,,,,,,,,,,,,,,,,
Option 3: Western bypass via Ramal de Alfarelos (~21km),OPT3,high,420,SSP5-8.5,Baseline,2075,0.7,32.0,384.0,365000000.0,182500000.0,638750000.0,2053,2059,2048,Mondego (railway),Railway,,,,,,,,,,,,,,,,,,,,,,
Option 3: Western bypass via Ramal de Alfarelos (~21km),OPT3,high,420,SSP5-8.5,Baseline,2100,1.0,256.0,3840.0,365000000.0,182500000.0,638750000.0,2053,2059,2048,Mondego (railway),Railway,,,,,,,,,,,,,,,,,,,,,,
Option 3: Western bypass via Ramal de Alfarelos (~21km),OPT3,high,420,SSP5-8.5,+Geoid,2030,0.28,1.741,13.6,13580589.0,6790294.0,23766030.0,2042,2048,2038,Mondego (railway),Railway,,,,,,,,,,,,,,,,,,,,,,
Option 3: Western bypass via Ramal de Alfarelos (~21km),OPT3,high,420,SSP5-8.5,+Geoid,2050,0.55,11.314,118.8,118793939.0,59396970.0,207889394.0,2042,2048,2038,Mondego (railway),Railway,,,,,,,,,,,,,,,,,,,,,,
Option 3: Western bypass via Ramal de Alfarelos (~21km),OPT3,high,420,SSP5-8.5,+Geoid,2075,0.85,90.51,1221.9,365000000.0,182500000.0,638750000.0,2042,2048,2038,Mondego (railway),Railway,,,,,,,,,,,,,,,,,,,,,,
Option 3: Western bypass via Ramal de Alfarelos (~21km),OPT3,high,420,SSP5-8.5,+Geoid,2100,1.15,724.077,11947.3,365000000.0,182500000.0,638750000.0,2042,2048,2038,Mondego (railway),Railway,,,,,,,,,,,,,,,,,,,,,,
Option 1: Viaduct on Current Alignment,,,,SSP1-2.6,Baseline,,,,,,,,,,,Tagus floodplain (railway),Railway,120000000,160000000.0,200000000,2073,2079,2085,2097.0,2067,,,,,,,,,,,,,,
Option 1: Viaduct on Current Alignment,,,,SSP1-2.6,+Geoid,,,,,,,,,,,Tagus floodplain (railway),Railway,120000000,160000000.0,200000000,2050,2055,2058,2067.0,2047,,,,,,,,,,,,,,
Option 1: Viaduct on Current Alignment,,,,SSP2-4.5,Baseline,,,,,,,,,,,Tagus floodplain (railway),Railway,120000000,160000000.0,200000000,2058,2062,2066,2074.0,2055,,,,,,,,,,,,,,
Option 1: Viaduct on Current Alignment,,,,SSP2-4.5,+Geoid,,,,,,,,,,,Tagus floodplain (railway),Railway,120000000,160000000.0,200000000,2045,2047,2050,2055.0,2042,,,,,,,,,,,,,,
Option 1: Viaduct on Current Alignment,,,,SSP5-8.5,Baseline,,,,,,,,,,,Tagus floodplain (railway),Railway,120000000,160000000.0,200000000,2051,2053,2055,2060.0,2048,,,,,,,,,,,,,,
Option 1: Viaduct on Current Alignment,,,,SSP5-8.5,+Geoid,,,,,,,,,,,Tagus floodplain (railway),Railway,120000000,160000000.0,200000000,2041,2043,2045,2049.0,2039,,,,,,,,,,,,,,
Option 2: Flood Barriers + Smart Drainage,,,,SSP1-2.6,Baseline,,,,,,,,,,,Tagus floodplain (railway),Railway,30000000,42500000.0,55000000,2048,2053,2057,2065.0,2045,,,,,,,,,,,,,,
Option 2: Flood Barriers + Smart Drainage,,,,SSP1-2.6,+Geoid,,,,,,,,,,,Tagus floodplain (railway),Railway,30000000,42500000.0,55000000,2036,2039,2041,2046.0,2034,,,,,,,,,,,,,,
Option 2: Flood Barriers + Smart Drainage,,,,SSP2-4.5,Baseline,,,,,,,,,,,Tagus floodplain (railway),Railway,30000000,42500000.0,55000000,2043,2046,2049,2054.0,2041,,,,,,,,,,,,,,
Option 2: Flood Barriers + Smart Drainage,,,,SSP2-4.5,+Geoid,,,,,,,,,,,Tagus floodplain (railway),Railway,30000000,42500000.0,55000000,2034,2036,2038,2041.0,2033,,,,,,,,,,,,,,
Option 2: Flood Barriers + Smart Drainage,,,,SSP5-8.5,Baseline,,,,,,,,,,,Tagus floodplain (railway),Railway,30000000,42500000.0,55000000,2040,2042,2044,2048.0,2038,,,,,,,,,,,,,,
Option 2: Flood Barriers + Smart Drainage,,,,SSP5-8.5,+Geoid,,,,,,,,,,,Tagus floodplain (railway),Railway,30000000,42500000.0,55000000,2033,2034,2036,2039.0,2032,,,,,,,,,,,,,,
Option 3: Track Relocation Inland,,,,SSP1-2.6,Baseline,,,,,,,,,,,Tagus floodplain (railway),Railway,150000000,215000000.0,280000000,2078,2087,2094,,2073,,,,,,,,,,,,,,
Option 3: Track Relocation Inland,,,,SSP1-2.6,+Geoid,,,,,,,,,,,Tagus floodplain (railway),Railway,150000000,215000000.0,280000000,2054,2060,2065,2074.0,2051,,,,,,,,,,,,,,
Option 3: Track Relocation Inland,,,,SSP2-4.5,Baseline,,,,,,,,,,,Tagus floodplain (railway),Railway,150000000,215000000.0,280000000,2062,2067,2072,2079.0,2059,,,,,,,,,,,,,,
Option 3: Track Relocation Inland,,,,SSP2-4.5,+Geoid,,,,,,,,,,,Tagus floodplain (railway),Railway,150000000,215000000.0,280000000,2047,2051,2054,2059.0,2045,,,,,,,,,,,,,,
Option 3: Track Relocation Inland,,,,SSP5-8.5,Baseline,,,,,,,,,,,Tagus floodplain (railway),Railway,150000000,215000000.0,280000000,2053,2056,2058,2063.0,2051,,,,,,,,,,,,,,
Option 3: Track Relocation Inland,,,,SSP5-8.5,+Geoid,,,,,,,,,,,Tagus floodplain (railway),Railway,150000000,215000000.0,280000000,2043,2046,2048,2051.0,2041,,,,,,,,,,,,,,
Option 1: Extreme Viaduct on Current Alignment (10 km),,,,SSP1-2.6,Baseline,,,,,,,,,,,Aveiro Ria (railway),Railway,150000000,200000000.0,250000000,2050,2054,2058,2067,2046,,,,,,,,,,,,,,
Option 1: Extreme Viaduct on Current Alignment (10 km),,,,SSP1-2.6,+Geoid,,,,,,,,,,,Aveiro Ria (railway),Railway,150000000,200000000.0,250000000,2037,2039,2041,2047,2035,,,,,,,,,,,,,,
Option 1: Extreme Viaduct on Current Alignment (10 km),,,,SSP2-4.5,Baseline,,,,,,,,,,,Aveiro Ria (railway),Railway,150000000,200000000.0,250000000,2044,2047,2049,2054,2041,,,,,,,,,,,,,,
Option 1: Extreme Viaduct on Current Alignment (10 km),,,,SSP2-4.5,+Geoid,,,,,,,,,,,Aveiro Ria (railway),Railway,150000000,200000000.0,250000000,2035,2036,2038,2042,2033,,,,,,,,,,,,,,
Option 1: Extreme Viaduct on Current Alignment (10 km),,,,SSP5-8.5,Baseline,,,,,,,,,,,Aveiro Ria (railway),Railway,150000000,200000000.0,250000000,2040,2043,2044,2048,2038,,,,,,,,,,,,,,
Option 1: Extreme Viaduct on Current Alignment (10 km),,,,SSP5-8.5,+Geoid,,,,,,,,,,,Aveiro Ria (railway),Railway,150000000,200000000.0,250000000,2033,2035,2036,2039,2032,,,,,,,,,,,,,,
Option 2: Coastal Barrier Reinforcement (Barra–Costa Nova),,,,SSP1-2.6,Baseline,,,,,,,,,,,Aveiro Ria (railway),Railway,80000000,110000000.0,140000000,2042,2046,2049,2055,2039,,,,,,,,,,,,,,
Option 2: Coastal Barrier Reinforcement (Barra–Costa Nova),,,,SSP1-2.6,+Geoid,,,,,,,,,,,Aveiro Ria (railway),Railway,80000000,110000000.0,140000000,2032,2034,2036,2040,2031,,,,,,,,,,,,,,
Option 2: Coastal Barrier Reinforcement (Barra–Costa Nova),,,,SSP2-4.5,Baseline,,,,,,,,,,,Aveiro Ria (railway),Railway,80000000,110000000.0,140000000,2038,2041,2043,2048,2037,,,,,,,,,,,,,,
Option 2: Coastal Barrier Reinforcement (Barra–Costa Nova),,,,SSP2-4.5,+Geoid,,,,,,,,,,,Aveiro Ria (railway),Railway,80000000,110000000.0,140000000,2031,2033,2034,2037,2030,,,,,,,,,,,,,,
Option 2: Coastal Barrier Reinforcement (Barra–Costa Nova),,,,SSP5-8.5,Baseline,,,,,,,,,,,Aveiro Ria (railway),Railway,80000000,110000000.0,140000000,2036,2038,2040,2043,2035,,,,,,,,,,,,,,
Option 2: Coastal Barrier Reinforcement (Barra–Costa Nova),,,,SSP5-8.5,+Geoid,,,,,,,,,,,Aveiro Ria (railway),Railway,80000000,110000000.0,140000000,2031,2032,2033,2035,2030,,,,,,,,,,,,,,
Option 3: Inland Reroute (Aveiro Eastern Bypass),,,,SSP1-2.6,Baseline,,,,,,,,,,,Aveiro Ria (railway),Railway,280000000,380000000.0,480000000,2060,2065,2070,2081,2055,,,,,,,,,,,,,,
Option 3: Inland Reroute (Aveiro Eastern Bypass),,,,SSP1-2.6,+Geoid,,,,,,,,,,,Aveiro Ria (railway),Railway,280000000,380000000.0,480000000,2042,2046,2049,2056,2040,,,,,,,,,,,,,,
Option 3: Inland Reroute (Aveiro Eastern Bypass),,,,SSP2-4.5,Baseline,,,,,,,,,,,Aveiro Ria (railway),Railway,280000000,380000000.0,480000000,2050,2054,2057,2063,2048,,,,,,,,,,,,,,
Option 3: Inland Reroute (Aveiro Eastern Bypass),,,,SSP2-4.5,+Geoid,,,,,,,,,,,Aveiro Ria (railway),Railway,280000000,380000000.0,480000000,2039,2042,2044,2048,2037,,,,,,,,,,,,,,
Option 3: Inland Reroute (Aveiro Eastern Bypass),,,,SSP5-8.5,Baseline,,,,,,,,,,,Aveiro Ria (railway),Railway,280000000,380000000.0,480000000,2045,2048,2050,2054,2043,,,,,,,,,,,,,,
Option 3: Inland Reroute (Aveiro Eastern Bypass),,,,SSP5-8.5,+Geoid,,,,,,,,,,,Aveiro Ria (railway),Railway,280000000,380000000.0,480000000,2037,2039,2040,2044,2035,,,,,,,,,,,,,,
1a,,,,SSP1-2.6,baseline,2030,,,,,,,,,,A1 Azambuja (road),Road,,,,,,,,,Elevated road — SSP2-4.5 lower bound (+0.98 m),180.0,300.0,0.0017,0.0009,0.0009,>2100,>2100,>2100,,,,,
1a,,,,SSP1-2.6,baseline,2050,,,,,,,,,,A1 Azambuja (road),Road,,,,,,,,,Elevated road — SSP2-4.5 lower bound (+0.98 m),180.0,300.0,0.0139,0.0069,0.0069,>2100,>2100,>2100,,,,,
1a,,,,SSP1-2.6,baseline,2075,,,,,,,,,,A1 Azambuja (road),Road,,,,,,,,,Elevated road — SSP2-4.5 lower bound (+0.98 m),180.0,300.0,0.0533,0.0266,0.0266,>2100,>2100,>2100,,,,,
1a,,,,SSP1-2.6,baseline,2100,,,,,,,,,,A1 Azambuja (road),Road,,,,,,,,,Elevated road — SSP2-4.5 lower bound (+0.98 m),180.0,300.0,0.1424,0.0712,0.0712,>2100,>2100,>2100,,,,,
1b,,,,SSP1-2.6,baseline,2030,,,,,,,,,,A1 Azambuja (road),Road,,,,,,,,,Elevated road — SSP5-8.5 design (+1.37 m),180.0,300.0,0.0017,0.0009,0.0009,>2100,>2100,>2100,,,,,
1b,,,,SSP1-2.6,baseline,2050,,,,,,,,,,A1 Azambuja (road),Road,,,,,,,,,Elevated road — SSP5-8.5 design (+1.37 m),180.0,300.0,0.0139,0.0069,0.0069,>2100,>2100,>2100,,,,,
1b,,,,SSP1-2.6,baseline,2075,,,,,,,,,,A1 Azambuja (road),Road,,,,,,,,,Elevated road — SSP5-8.5 design (+1.37 m),180.0,300.0,0.0533,0.0266,0.0266,>2100,>2100,>2100,,,,,
1b,,,,SSP1-2.6,baseline,2100,,,,,,,,,,A1 Azambuja (road),Road,,,,,,,,,Elevated road — SSP5-8.5 design (+1.37 m),180.0,300.0,0.1424,0.0712,0.0712,>2100,>2100,>2100,,,,,
2,,,,SSP1-2.6,baseline,2030,,,,,,,,,,A1 Azambuja (road),Road,,,,,,,,,Perimeter barriers + smart drainage,43.9,73.1,0.0017,0.0009,0.0008,2091,2098,>2100,,,,,
2,,,,SSP1-2.6,baseline,2050,,,,,,,,,,A1 Azambuja (road),Road,,,,,,,,,Perimeter barriers + smart drainage,43.9,73.1,0.0139,0.0077,0.0062,2091,2098,>2100,,,,,
2,,,,SSP1-2.6,baseline,2075,,,,,,,,,,A1 Azambuja (road),Road,,,,,,,,,Perimeter barriers + smart drainage,43.9,73.1,0.0533,0.0296,0.0237,2091,2098,>2100,,,,,
2,,,,SSP1-2.6,baseline,2100,,,,,,,,,,A1 Azambuja (road),Road,,,,,,,,,Perimeter barriers + smart drainage,43.9,73.1,0.1424,0.0791,0.0633,2091,2098,>2100,,,,,
3,,,,SSP1-2.6,baseline,2030,,,,,,,,,,A1 Azambuja (road),Road,,,,,,,,,Dynamic traffic management protocol,4.2,7.8,0.0017,0.0009,0.0009,2044,2049,2052,,,,,
3,,,,SSP1-2.6,baseline,2050,,,,,,,,,,A1 Azambuja (road),Road,,,,,,,,,Dynamic traffic management protocol,4.2,7.8,0.0139,0.0069,0.0069,2044,2049,2052,,,,,
3,,,,SSP1-2.6,baseline,2075,,,,,,,,,,A1 Azambuja (road),Road,,,,,,,,,Dynamic traffic management protocol,4.2,7.8,0.0533,0.0266,0.0266,2044,2049,2052,,,,,
3,,,,SSP1-2.6,baseline,2100,,,,,,,,,,A1 Azambuja (road),Road,,,,,,,,,Dynamic traffic management protocol,4.2,7.8,0.1424,0.0712,0.0712,2044,2049,2052,,,,,
1a,,,,SSP1-2.6,+geoid,2030,,,,,,,,,,A1 Azambuja (road),Road,,,,,,,,,Elevated road — SSP2-4.5 lower bound (+0.98 m),180.0,300.0,0.0061,0.0031,0.0031,2093,>2100,>2100,,,,,
1a,,,,SSP1-2.6,+geoid,2050,,,,,,,,,,A1 Azambuja (road),Road,,,,,,,,,Elevated road — SSP2-4.5 lower bound (+0.98 m),180.0,300.0,0.0485,0.0243,0.0243,2093,>2100,>2100,,,,,
1a,,,,SSP1-2.6,+geoid,2075,,,,,,,,,,A1 Azambuja (road),Road,,,,,,,,,Elevated road — SSP2-4.5 lower bound (+0.98 m),180.0,300.0,0.182,0.091,0.091,2093,>2100,>2100,,,,,
1a,,,,SSP1-2.6,+geoid,2100,,,,,,,,,,A1 Azambuja (road),Road,,,,,,,,,Elevated road — SSP2-4.5 lower bound (+0.98 m),180.0,300.0,0.4783,0.2392,0.2392,2093,>2100,>2100,,,,,
1b,,,,SSP1-2.6,+geoid,2030,,,,,,,,,,A1 Azambuja (road),Road,,,,,,,,,Elevated road — SSP5-8.5 design (+1.37 m),180.0,300.0,0.0061,0.0031,0.0031,2093,>2100,>2100,,,,,
1b,,,,SSP1-2.6,+geoid,2050,,,,,,,,,,A1 Azambuja (road),Road,,,,,,,,,Elevated road — SSP5-8.5 design (+1.37 m),180.0,300.0,0.0485,0.0243,0.0243,2093,>2100,>2100,,,,,
1b,,,,SSP1-2.6,+geoid,2075,,,,,,,,,,A1 Azambuja (road),Road,,,,,,,,,Elevated road — SSP5-8.5 design (+1.37 m),180.0,300.0,0.182,0.091,0.091,2093,>2100,>2100,,,,,
1b,,,,SSP1-2.6,+geoid,2100,,,,,,,,,,A1 Azambuja (road),Road,,,,,,,,,Elevated road — SSP5-8.5 design (+1.37 m),180.0,300.0,0.4783,0.2392,0.2392,2093,>2100,>2100,,,,,
2,,,,SSP1-2.6,+geoid,2030,,,,,,,,,,A1 Azambuja (road),Road,,,,,,,,,Perimeter barriers + smart drainage,43.9,73.1,0.0061,0.0034,0.0027,2062,2068,2073,,,,,
2,,,,SSP1-2.6,+geoid,2050,,,,,,,,,,A1 Azambuja (road),Road,,,,,,,,,Perimeter barriers + smart drainage,43.9,73.1,0.0485,0.027,0.0216,2062,2068,2073,,,,,
2,,,,SSP1-2.6,+geoid,2075,,,,,,,,,,A1 Azambuja (road),Road,,,,,,,,,Perimeter barriers + smart drainage,43.9,73.1,0.182,0.1011,0.0809,2062,2068,2073,,,,,
2,,,,SSP1-2.6,+geoid,2100,,,,,,,,,,A1 Azambuja (road),Road,,,,,,,,,Perimeter barriers + smart drainage,43.9,73.1,0.4783,0.2657,0.2126,2062,2068,2073,,,,,
3,,,,SSP1-2.6,+geoid,2030,,,,,,,,,,A1 Azambuja (road),Road,,,,,,,,,Dynamic traffic management protocol,4.2,7.8,0.0061,0.0031,0.0031,2032,2035,2037,,,,,
3,,,,SSP1-2.6,+geoid,2050,,,,,,,,,,A1 Azambuja (road),Road,,,,,,,,,Dynamic traffic management protocol,4.2,7.8,0.0485,0.0243,0.0243,2032,2035,2037,,,,,
3,,,,SSP1-2.6,+geoid,2075,,,,,,,,,,A1 Azambuja (road),Road,,,,,,,,,Dynamic traffic management protocol,4.2,7.8,0.182,0.091,0.091,2032,2035,2037,,,,,
3,,,,SSP1-2.6,+geoid,2100,,,,,,,,,,A1 Azambuja (road),Road,,,,,,,,,Dynamic traffic management protocol,4.2,7.8,0.4783,0.2392,0.2392,2032,2035,2037,,,,,
1a,,,,SSP2-4.5,baseline,2030,,,,,,,,,,A1 Azambuja (road),Road,,,,,,,,,Elevated road — SSP2-4.5 lower bound (+0.98 m),180.0,300.0,0.0021,0.001,0.001,2093,2099,>2100,,,,,
1a,,,,SSP2-4.5,baseline,2050,,,,,,,,,,A1 Azambuja (road),Road,,,,,,,,,Elevated road — SSP2-4.5 lower bound (+0.98 m),180.0,300.0,0.0252,0.0126,0.0126,2093,2099,>2100,,,,,
1a,,,,SSP2-4.5,baseline,2075,,,,,,,,,,A1 Azambuja (road),Road,,,,,,,,,Elevated road — SSP2-4.5 lower bound (+0.98 m),180.0,300.0,0.1389,0.0694,0.0694,2093,2099,>2100,,,,,
1a,,,,SSP2-4.5,baseline,2100,,,,,,,,,,A1 Azambuja (road),Road,,,,,,,,,Elevated road — SSP2-4.5 lower bound (+0.98 m),180.0,300.0,0.5145,0.2573,0.2573,2093,2099,>2100,,,,,
1b,,,,SSP2-4.5,baseline,2030,,,,,,,,,,A1 Azambuja (road),Road,,,,,,,,,Elevated road — SSP5-8.5 design (+1.37 m),180.0,300.0,0.0021,0.001,0.001,2093,2099,>2100,,,,,
1b,,,,SSP2-4.5,baseline,2050,,,,,,,,,,A1 Azambuja (road),Road,,,,,,,,,Elevated road — SSP5-8.5 design (+1.37 m),180.0,300.0,0.0252,0.0126,0.0126,2093,2099,>2100,,,,,
1b,,,,SSP2-4.5,baseline,2075,,,,,,,,,,A1 Azambuja (road),Road,,,,,,,,,Elevated road — SSP5-8.5 design (+1.37 m),180.0,300.0,0.1389,0.0694,0.0694,2093,2099,>2100,,,,,
1b,,,,SSP2-4.5,baseline,2100,,,,,,,,,,A1 Azambuja (road),Road,,,,,,,,,Elevated road — SSP5-8.5 design (+1.37 m),180.0,300.0,0.5145,0.2573,0.2573,2093,2099,>2100,,,,,
2,,,,SSP2-4.5,baseline,2030,,,,,,,,,,A1 Azambuja (road),Road,,,,,,,,,Perimeter barriers + smart drainage,43.9,73.1,0.0021,0.0012,0.0009,2070,2075,2079,,,,,
2,,,,SSP2-4.5,baseline,2050,,,,,,,,,,A1 Azambuja (road),Road,,,,,,,,,Perimeter barriers + smart drainage,43.9,73.1,0.0252,0.014,0.0112,2070,2075,2079,,,,,
2,,,,SSP2-4.5,baseline,2075,,,,,,,,,,A1 Azambuja (road),Road,,,,,,,,,Perimeter barriers + smart drainage,43.9,73.1,0.1389,0.0772,0.0617,2070,2075,2079,,,,,
2,,,,SSP2-4.5,baseline,2100,,,,,,,,,,A1 Azambuja (road),Road,,,,,,,,,Perimeter barriers + smart drainage,43.9,73.1,0.5145,0.2858,0.2287,2070,2075,2079,,,,,
3,,,,SSP2-4.5,baseline,2030,,,,,,,,,,A1 Azambuja (road),Road,,,,,,,,,Dynamic traffic management protocol,4.2,7.8,0.0021,0.001,0.001,2040,2043,2046,,,,,
3,,,,SSP2-4.5,baseline,2050,,,,,,,,,,A1 Azambuja (road),Road,,,,,,,,,Dynamic traffic management protocol,4.2,7.8,0.0252,0.0126,0.0126,2040,2043,2046,,,,,
3,,,,SSP2-4.5,baseline,2075,,,,,,,,,,A1 Azambuja (road),Road,,,,,,,,,Dynamic traffic management protocol,4.2,7.8,0.1389,0.0694,0.0694,2040,2043,2046,,,,,
3,,,,SSP2-4.5,baseline,2100,,,,,,,,,,A1 Azambuja (road),Road,,,,,,,,,Dynamic traffic management protocol,4.2,7.8,0.5145,0.2573,0.2573,2040,2043,2046,,,,,
1a,,,,SSP2-4.5,+geoid,2030,,,,,,,,,,A1 Azambuja (road),Road,,,,,,,,,Elevated road — SSP2-4.5 lower bound (+0.98 m),180.0,300.0,0.0074,0.0037,0.0037,2071,2076,2080,,,,,
1a,,,,SSP2-4.5,+geoid,2050,,,,,,,,,,A1 Azambuja (road),Road,,,,,,,,,Elevated road — SSP2-4.5 lower bound (+0.98 m),180.0,300.0,0.0864,0.0432,0.0432,2071,2076,2080,,,,,
1a,,,,SSP2-4.5,+geoid,2075,,,,,,,,,,A1 Azambuja (road),Road,,,,,,,,,Elevated road — SSP2-4.5 lower bound (+0.98 m),180.0,300.0,0.462,0.231,0.231,2071,2076,2080,,,,,
1a,,,,SSP2-4.5,+geoid,2100,,,,,,,,,,A1 Azambuja (road),Road,,,,,,,,,Elevated road — SSP2-4.5 lower bound (+0.98 m),180.0,300.0,1.6775,0.8388,0.8388,2071,2076,2080,,,,,
1b,,,,SSP2-4.5,+geoid,2030,,,,,,,,,,A1 Azambuja (road),Road,,,,,,,,,Elevated road — SSP5-8.5 design (+1.37 m),180.0,300.0,0.0074,0.0037,0.0037,2071,2076,2080,,,,,
1b,,,,SSP2-4.5,+geoid,2050,,,,,,,,,,A1 Azambuja (road),Road,,,,,,,,,Elevated road — SSP5-8.5 design (+1.37 m),180.0,300.0,0.0864,0.0432,0.0432,2071,2076,2080,,,,,
1b,,,,SSP2-4.5,+geoid,2075,,,,,,,,,,A1 Azambuja (road),Road,,,,,,,,,Elevated road — SSP5-8.5 design (+1.37 m),180.0,300.0,0.462,0.231,0.231,2071,2076,2080,,,,,
1b,,,,SSP2-4.5,+geoid,2100,,,,,,,,,,A1 Azambuja (road),Road,,,,,,,,,Elevated road — SSP5-8.5 design (+1.37 m),180.0,300.0,1.6775,0.8388,0.8388,2071,2076,2080,,,,,
2,,,,SSP2-4.5,+geoid,2030,,,,,,,,,,A1 Azambuja (road),Road,,,,,,,,,Perimeter barriers + smart drainage,43.9,73.1,0.0074,0.0041,0.0033,2052,2056,2059,,,,,
2,,,,SSP2-4.5,+geoid,2050,,,,,,,,,,A1 Azambuja (road),Road,,,,,,,,,Perimeter barriers + smart drainage,43.9,73.1,0.0864,0.048,0.0384,2052,2056,2059,,,,,
2,,,,SSP2-4.5,+geoid,2075,,,,,,,,,,A1 Azambuja (road),Road,,,,,,,,,Perimeter barriers + smart drainage,43.9,73.1,0.462,0.2567,0.2054,2052,2056,2059,,,,,
2,,,,SSP2-4.5,+geoid,2100,,,,,,,,,,A1 Azambuja (road),Road,,,,,,,,,Perimeter barriers + smart drainage,43.9,73.1,1.6775,0.932,0.7456,2052,2056,2059,,,,,
3,,,,SSP2-4.5,+geoid,2030,,,,,,,,,,A1 Azambuja (road),Road,,,,,,,,,Dynamic traffic management protocol,4.2,7.8,0.0074,0.0037,0.0037,2031,2033,2035,,,,,
3,,,,SSP2-4.5,+geoid,2050,,,,,,,,,,A1 Azambuja (road),Road,,,,,,,,,Dynamic traffic management protocol,4.2,7.8,0.0864,0.0432,0.0432,2031,2033,2035,,,,,
3,,,,SSP2-4.5,+geoid,2075,,,,,,,,,,A1 Azambuja (road),Road,,,,,,,,,Dynamic traffic management protocol,4.2,7.8,0.462,0.231,0.231,2031,2033,2035,,,,,
3,,,,SSP2-4.5,+geoid,2100,,,,,,,,,,A1 Azambuja (road),Road,,,,,,,,,Dynamic traffic management protocol,4.2,7.8,1.6775,0.8388,0.8388,2031,2033,2035,,,,,
1a,,,,SSP5-8.5,baseline,2030,,,,,,,,,,A1 Azambuja (road),Road,,,,,,,,,Elevated road — SSP2-4.5 lower bound (+0.98 m),180.0,300.0,0.0025,0.0013,0.0013,2070,2073,2076,,,,,
1a,,,,SSP5-8.5,baseline,2050,,,,,,,,,,A1 Azambuja (road),Road,,,,,,,,,Elevated road — SSP2-4.5 lower bound (+0.98 m),180.0,300.0,0.047,0.0235,0.0235,2070,2073,2076,,,,,
1a,,,,SSP5-8.5,baseline,2075,,,,,,,,,,A1 Azambuja (road),Road,,,,,,,,,Elevated road — SSP2-4.5 lower bound (+0.98 m),180.0,300.0,0.5978,0.2989,0.2989,2070,2073,2076,,,,,
1a,,,,SSP5-8.5,baseline,2100,,,,,,,,,,A1 Azambuja (road),Road,,,,,,,,,Elevated road — SSP2-4.5 lower bound (+0.98 m),180.0,300.0,6.1737,3.1004,3.0734,2070,2073,2076,,,,,
1b,,,,SSP5-8.5,baseline,2030,,,,,,,,,,A1 Azambuja (road),Road,,,,,,,,,Elevated road — SSP5-8.5 design (+1.37 m),180.0,300.0,0.0025,0.0013,0.0013,2070,2073,2076,,,,,
1b,,,,SSP5-8.5,baseline,2050,,,,,,,,,,A1 Azambuja (road),Road,,,,,,,,,Elevated road — SSP5-8.5 design (+1.37 m),180.0,300.0,0.047,0.0235,0.0235,2070,2073,2076,,,,,
1b,,,,SSP5-8.5,baseline,2075,,,,,,,,,,A1 Azambuja (road),Road,,,,,,,,,Elevated road — SSP5-8.5 design (+1.37 m),180.0,300.0,0.5978,0.2989,0.2989,2070,2073,2076,,,,,
1b,,,,SSP5-8.5,baseline,2100,,,,,,,,,,A1 Azambuja (road),Road,,,,,,,,,Elevated road — SSP5-8.5 design (+1.37 m),180.0,300.0,6.1737,3.1004,3.0734,2070,2073,2076,,,,,
2,,,,SSP5-8.5,baseline,2030,,,,,,,,,,A1 Azambuja (road),Road,,,,,,,,,Perimeter barriers + smart drainage,43.9,73.1,0.0025,0.0014,0.0011,2057,2060,2062,,,,,
2,,,,SSP5-8.5,baseline,2050,,,,,,,,,,A1 Azambuja (road),Road,,,,,,,,,Perimeter barriers + smart drainage,43.9,73.1,0.047,0.0261,0.0209,2057,2060,2062,,,,,
2,,,,SSP5-8.5,baseline,2075,,,,,,,,,,A1 Azambuja (road),Road,,,,,,,,,Perimeter barriers + smart drainage,43.9,73.1,0.5978,0.3321,0.2657,2057,2060,2062,,,,,
2,,,,SSP5-8.5,baseline,2100,,,,,,,,,,A1 Azambuja (road),Road,,,,,,,,,Perimeter barriers + smart drainage,43.9,73.1,6.1737,3.4449,2.7289,2057,2060,2062,,,,,
3,,,,SSP5-8.5,baseline,2030,,,,,,,,,,A1 Azambuja (road),Road,,,,,,,,,Dynamic traffic management protocol,4.2,7.8,0.0025,0.0013,0.0013,2037,2040,2041,,,,,
3,,,,SSP5-8.5,baseline,2050,,,,,,,,,,A1 Azambuja (road),Road,,,,,,,,,Dynamic traffic management protocol,4.2,7.8,0.047,0.0235,0.0235,2037,2040,2041,,,,,
3,,,,SSP5-8.5,baseline,2075,,,,,,,,,,A1 Azambuja (road),Road,,,,,,,,,Dynamic traffic management protocol,4.2,7.8,0.5978,0.2989,0.2989,2037,2040,2041,,,,,
3,,,,SSP5-8.5,baseline,2100,,,,,,,,,,A1 Azambuja (road),Road,,,,,,,,,Dynamic traffic management protocol,4.2,7.8,6.1737,3.1004,3.0734,2037,2040,2041,,,,,
1a,,,,SSP5-8.5,+geoid,2030,,,,,,,,,,A1 Azambuja (road),Road,,,,,,,,,Elevated road — SSP2-4.5 lower bound (+0.98 m),180.0,300.0,0.009,0.0045,0.0045,2058,2061,2063,,,,,
1a,,,,SSP5-8.5,+geoid,2050,,,,,,,,,,A1 Azambuja (road),Road,,,,,,,,,Elevated road — SSP2-4.5 lower bound (+0.98 m),180.0,300.0,0.158,0.079,0.079,2058,2061,2063,,,,,
1a,,,,SSP5-8.5,+geoid,2075,,,,,,,,,,A1 Azambuja (road),Road,,,,,,,,,Elevated road — SSP2-4.5 lower bound (+0.98 m),180.0,300.0,1.9274,0.9637,0.9637,2058,2061,2063,,,,,
1a,,,,SSP5-8.5,+geoid,2100,,,,,,,,,,A1 Azambuja (road),Road,,,,,,,,,Elevated road — SSP2-4.5 lower bound (+0.98 m),180.0,300.0,12.645,8.7353,3.9097,2058,2061,2063,,,,,
1b,,,,SSP5-8.5,+geoid,2030,,,,,,,,,,A1 Azambuja (road),Road,,,,,,,,,Elevated road — SSP5-8.5 design (+1.37 m),180.0,300.0,0.009,0.0045,0.0045,2058,2061,2063,,,,,
1b,,,,SSP5-8.5,+geoid,2050,,,,,,,,,,A1 Azambuja (road),Road,,,,,,,,,Elevated road — SSP5-8.5 design (+1.37 m),180.0,300.0,0.158,0.079,0.079,2058,2061,2063,,,,,
1b,,,,SSP5-8.5,+geoid,2075,,,,,,,,,,A1 Azambuja (road),Road,,,,,,,,,Elevated road — SSP5-8.5 design (+1.37 m),180.0,300.0,1.9274,0.9637,0.9637,2058,2061,2063,,,,,
1b,,,,SSP5-8.5,+geoid,2100,,,,,,,,,,A1 Azambuja (road),Road,,,,,,,,,Elevated road — SSP5-8.5 design (+1.37 m),180.0,300.0,12.645,8.7353,3.9097,2058,2061,2063,,,,,
2,,,,SSP5-8.5,+geoid,2030,,,,,,,,,,A1 Azambuja (road),Road,,,,,,,,,Perimeter barriers + smart drainage,43.9,73.1,0.009,0.005,0.004,2046,2049,2051,,,,,
2,,,,SSP5-8.5,+geoid,2050,,,,,,,,,,A1 Azambuja (road),Road,,,,,,,,,Perimeter barriers + smart drainage,43.9,73.1,0.158,0.0878,0.0702,2046,2049,2051,,,,,
2,,,,SSP5-8.5,+geoid,2075,,,,,,,,,,A1 Azambuja (road),Road,,,,,,,,,Perimeter barriers + smart drainage,43.9,73.1,1.9274,1.0708,0.8566,2046,2049,2051,,,,,
2,,,,SSP5-8.5,+geoid,2100,,,,,,,,,,A1 Azambuja (road),Road,,,,,,,,,Perimeter barriers + smart drainage,43.9,73.1,12.645,9.331,3.314,2046,2049,2051,,,,,
3,,,,SSP5-8.5,+geoid,2030,,,,,,,,,,A1 Azambuja (road),Road,,,,,,,,,Dynamic traffic management protocol,4.2,7.8,0.009,0.0045,0.0045,2030,2032,2033,,,,,
3,,,,SSP5-8.5,+geoid,2050,,,,,,,,,,A1 Azambuja (road),Road,,,,,,,,,Dynamic traffic management protocol,4.2,7.8,0.158,0.079,0.079,2030,2032,2033,,,,,
3,,,,SSP5-8.5,+geoid,2075,,,,,,,,,,A1 Azambuja (road),Road,,,,,,,,,Dynamic traffic management protocol,4.2,7.8,1.9274,0.9637,0.9637,2030,2032,2033,,,,,
3,,,,SSP5-8.5,+geoid,2100,,,,,,,,,,A1 Azambuja (road),Road,,,,,,,,,Dynamic traffic management protocol,4.2,7.8,12.645,8.7353,3.9097,2030,2032,2033,,,,,
1a,,,,SSP1-2.6,baseline,2030,,,,,,,,,,A14 Mondego (road),Road,,,,,,,,,Elevated road — SSP2-4.5 lower bound (+1.75 m),165.0,275.0,0.0024,0.0012,0.0012,>2100,>2100,>2100,,,,,
1a,,,,SSP1-2.6,baseline,2050,,,,,,,,,,A14 Mondego (road),Road,,,,,,,,,Elevated road — SSP2-4.5 lower bound (+1.75 m),165.0,275.0,0.0196,0.0098,0.0098,>2100,>2100,>2100,,,,,
1a,,,,SSP1-2.6,baseline,2075,,,,,,,,,,A14 Mondego (road),Road,,,,,,,,,Elevated road — SSP2-4.5 lower bound (+1.75 m),165.0,275.0,0.0752,0.0376,0.0376,>2100,>2100,>2100,,,,,
1a,,,,SSP1-2.6,baseline,2100,,,,,,,,,,A14 Mondego (road),Road,,,,,,,,,Elevated road — SSP2-4.5 lower bound (+1.75 m),165.0,275.0,0.2012,0.1006,0.1006,>2100,>2100,>2100,,,,,
1b,,,,SSP1-2.6,baseline,2030,,,,,,,,,,A14 Mondego (road),Road,,,,,,,,,Full reconstruction — SSP5-8.5 design (+2.14 m),275.0,440.0,0.0024,0.0012,0.0012,>2100,>2100,>2100,,,,,
1b,,,,SSP1-2.6,baseline,2050,,,,,,,,,,A14 Mondego (road),Road,,,,,,,,,Full reconstruction — SSP5-8.5 design (+2.14 m),275.0,440.0,0.0196,0.0098,0.0098,>2100,>2100,>2100,,,,,
1b,,,,SSP1-2.6,baseline,2075,,,,,,,,,,A14 Mondego (road),Road,,,,,,,,,Full reconstruction — SSP5-8.5 design (+2.14 m),275.0,440.0,0.0752,0.0376,0.0376,>2100,>2100,>2100,,,,,
1b,,,,SSP1-2.6,baseline,2100,,,,,,,,,,A14 Mondego (road),Road,,,,,,,,,Full reconstruction — SSP5-8.5 design (+2.14 m),275.0,440.0,0.2012,0.1006,0.1006,>2100,>2100,>2100,,,,,
2,,,,SSP1-2.6,baseline,2030,,,,,,,,,,A14 Mondego (road),Road,,,,,,,,,Embankment flood protection + drainage,40.2,67.0,0.0024,0.0013,0.0011,2080,2087,2093,,,,,
2,,,,SSP1-2.6,baseline,2050,,,,,,,,,,A14 Mondego (road),Road,,,,,,,,,Embankment flood protection + drainage,40.2,67.0,0.0196,0.0109,0.0087,2080,2087,2093,,,,,
2,,,,SSP1-2.6,baseline,2075,,,,,,,,,,A14 Mondego (road),Road,,,,,,,,,Embankment flood protection + drainage,40.2,67.0,0.0752,0.0418,0.0334,2080,2087,2093,,,,,
2,,,,SSP1-2.6,baseline,2100,,,,,,,,,,A14 Mondego (road),Road,,,,,,,,,Embankment flood protection + drainage,40.2,67.0,0.2012,0.1118,0.0894,2080,2087,2093,,,,,
3,,,,SSP1-2.6,baseline,2030,,,,,,,,,,A14 Mondego (road),Road,,,,,,,,,Dynamic traffic management protocol,2.7,5.0,0.0024,0.0012,0.0012,2036,2039,2042,,,,,
3,,,,SSP1-2.6,baseline,2050,,,,,,,,,,A14 Mondego (road),Road,,,,,,,,,Dynamic traffic management protocol,2.7,5.0,0.0196,0.0098,0.0098,2036,2039,2042,,,,,
3,,,,SSP1-2.6,baseline,2075,,,,,,,,,,A14 Mondego (road),Road,,,,,,,,,Dynamic traffic management protocol,2.7,5.0,0.0752,0.0376,0.0376,2036,2039,2042,,,,,
3,,,,SSP1-2.6,baseline,2100,,,,,,,,,,A14 Mondego (road),Road,,,,,,,,,Dynamic traffic management protocol,2.7,5.0,0.2012,0.1006,0.1006,2036,2039,2042,,,,,
1a,,,,SSP1-2.6,+geoid,2030,,,,,,,,,,A14 Mondego (road),Road,,,,,,,,,Elevated road — SSP2-4.5 lower bound (+1.75 m),165.0,275.0,0.0087,0.0043,0.0043,2082,2089,2095,,,,,
1a,,,,SSP1-2.6,+geoid,2050,,,,,,,,,,A14 Mondego (road),Road,,,,,,,,,Elevated road — SSP2-4.5 lower bound (+1.75 m),165.0,275.0,0.0686,0.0343,0.0343,2082,2089,2095,,,,,
1a,,,,SSP1-2.6,+geoid,2075,,,,,,,,,,A14 Mondego (road),Road,,,,,,,,,Elevated road — SSP2-4.5 lower bound (+1.75 m),165.0,275.0,0.257,0.1285,0.1285,2082,2089,2095,,,,,
1a,,,,SSP1-2.6,+geoid,2100,,,,,,,,,,A14 Mondego (road),Road,,,,,,,,,Elevated road — SSP2-4.5 lower bound (+1.75 m),165.0,275.0,0.6756,0.3378,0.3378,2082,2089,2095,,,,,
1b,,,,SSP1-2.6,+geoid,2030,,,,,,,,,,A14 Mondego (road),Road,,,,,,,,,Full reconstruction — SSP5-8.5 design (+2.14 m),275.0,440.0,0.0087,0.0043,0.0043,2095,>2100,>2100,,,,,
1b,,,,SSP1-2.6,+geoid,2050,,,,,,,,,,A14 Mondego (road),Road,,,,,,,,,Full reconstruction — SSP5-8.5 design (+2.14 m),275.0,440.0,0.0686,0.0343,0.0343,2095,>2100,>2100,,,,,
1b,,,,SSP1-2.6,+geoid,2075,,,,,,,,,,A14 Mondego (road),Road,,,,,,,,,Full reconstruction — SSP5-8.5 design (+2.14 m),275.0,440.0,0.257,0.1285,0.1285,2095,>2100,>2100,,,,,
1b,,,,SSP1-2.6,+geoid,2100,,,,,,,,,,A14 Mondego (road),Road,,,,,,,,,Full reconstruction — SSP5-8.5 design (+2.14 m),275.0,440.0,0.6756,0.3378,0.3378,2095,>2100,>2100,,,,,
2,,,,SSP1-2.6,+geoid,2030,,,,,,,,,,A14 Mondego (road),Road,,,,,,,,,Embankment flood protection + drainage,40.2,67.0,0.0087,0.0048,0.0038,2055,2060,2064,,,,,
2,,,,SSP1-2.6,+geoid,2050,,,,,,,,,,A14 Mondego (road),Road,,,,,,,,,Embankment flood protection + drainage,40.2,67.0,0.0686,0.0381,0.0305,2055,2060,2064,,,,,
2,,,,SSP1-2.6,+geoid,2075,,,,,,,,,,A14 Mondego (road),Road,,,,,,,,,Embankment flood protection + drainage,40.2,67.0,0.257,0.1428,0.1142,2055,2060,2064,,,,,
2,,,,SSP1-2.6,+geoid,2100,,,,,,,,,,A14 Mondego (road),Road,,,,,,,,,Embankment flood protection + drainage,40.2,67.0,0.6756,0.3753,0.3003,2055,2060,2064,,,,,
3,,,,SSP1-2.6,+geoid,2030,,,,,,,,,,A14 Mondego (road),Road,,,,,,,,,Dynamic traffic management protocol,2.7,5.0,0.0087,0.0043,0.0043,2028,2030,2031,,,,,
3,,,,SSP1-2.6,+geoid,2050,,,,,,,,,,A14 Mondego (road),Road,,,,,,,,,Dynamic traffic management protocol,2.7,5.0,0.0686,0.0343,0.0343,2028,2030,2031,,,,,
3,,,,SSP1-2.6,+geoid,2075,,,,,,,,,,A14 Mondego (road),Road,,,,,,,,,Dynamic traffic management protocol,2.7,5.0,0.257,0.1285,0.1285,2028,2030,2031,,,,,
3,,,,SSP1-2.6,+geoid,2100,,,,,,,,,,A14 Mondego (road),Road,,,,,,,,,Dynamic traffic management protocol,2.7,5.0,0.6756,0.3378,0.3378,2028,2030,2031,,,,,
1a,,,,SSP2-4.5,baseline,2030,,,,,,,,,,A14 Mondego (road),Road,,,,,,,,,Elevated road — SSP2-4.5 lower bound (+1.75 m),165.0,275.0,0.0029,0.0015,0.0015,2085,2091,2095,,,,,
1a,,,,SSP2-4.5,baseline,2050,,,,,,,,,,A14 Mondego (road),Road,,,,,,,,,Elevated road — SSP2-4.5 lower bound (+1.75 m),165.0,275.0,0.0357,0.0178,0.0178,2085,2091,2095,,,,,
1a,,,,SSP2-4.5,baseline,2075,,,,,,,,,,A14 Mondego (road),Road,,,,,,,,,Elevated road — SSP2-4.5 lower bound (+1.75 m),165.0,275.0,0.1962,0.0981,0.0981,2085,2091,2095,,,,,
1a,,,,SSP2-4.5,baseline,2100,,,,,,,,,,A14 Mondego (road),Road,,,,,,,,,Elevated road — SSP2-4.5 lower bound (+1.75 m),165.0,275.0,0.7267,0.3634,0.3634,2085,2091,2095,,,,,
1b,,,,SSP2-4.5,baseline,2030,,,,,,,,,,A14 Mondego (road),Road,,,,,,,,,Full reconstruction — SSP5-8.5 design (+2.14 m),275.0,440.0,0.0029,0.0015,0.0015,2095,2100,>2100,,,,,
1b,,,,SSP2-4.5,baseline,2050,,,,,,,,,,A14 Mondego (road),Road,,,,,,,,,Full reconstruction — SSP5-8.5 design (+2.14 m),275.0,440.0,0.0357,0.0178,0.0178,2095,2100,>2100,,,,,
1b,,,,SSP2-4.5,baseline,2075,,,,,,,,,,A14 Mondego (road),Road,,,,,,,,,Full reconstruction — SSP5-8.5 design (+2.14 m),275.0,440.0,0.1962,0.0981,0.0981,2095,2100,>2100,,,,,
1b,,,,SSP2-4.5,baseline,2100,,,,,,,,,,A14 Mondego (road),Road,,,,,,,,,Full reconstruction — SSP5-8.5 design (+2.14 m),275.0,440.0,0.7267,0.3634,0.3634,2095,2100,>2100,,,,,
2,,,,SSP2-4.5,baseline,2030,,,,,,,,,,A14 Mondego (road),Road,,,,,,,,,Embankment flood protection + drainage,40.2,67.0,0.0029,0.0016,0.0013,2063,2067,2071,,,,,
2,,,,SSP2-4.5,baseline,2050,,,,,,,,,,A14 Mondego (road),Road,,,,,,,,,Embankment flood protection + drainage,40.2,67.0,0.0357,0.0198,0.0158,2063,2067,2071,,,,,
2,,,,SSP2-4.5,baseline,2075,,,,,,,,,,A14 Mondego (road),Road,,,,,,,,,Embankment flood protection + drainage,40.2,67.0,0.1962,0.109,0.0872,2063,2067,2071,,,,,
2,,,,SSP2-4.5,baseline,2100,,,,,,,,,,A14 Mondego (road),Road,,,,,,,,,Embankment flood protection + drainage,40.2,67.0,0.7267,0.4037,0.323,2063,2067,2071,,,,,
3,,,,SSP2-4.5,baseline,2030,,,,,,,,,,A14 Mondego (road),Road,,,,,,,,,Dynamic traffic management protocol,2.7,5.0,0.0029,0.0015,0.0015,2034,2036,2038,,,,,
3,,,,SSP2-4.5,baseline,2050,,,,,,,,,,A14 Mondego (road),Road,,,,,,,,,Dynamic traffic management protocol,2.7,5.0,0.0357,0.0178,0.0178,2034,2036,2038,,,,,
3,,,,SSP2-4.5,baseline,2075,,,,,,,,,,A14 Mondego (road),Road,,,,,,,,,Dynamic traffic management protocol,2.7,5.0,0.1962,0.0981,0.0981,2034,2036,2038,,,,,
3,,,,SSP2-4.5,baseline,2100,,,,,,,,,,A14 Mondego (road),Road,,,,,,,,,Dynamic traffic management protocol,2.7,5.0,0.7267,0.3634,0.3634,2034,2036,2038,,,,,
1a,,,,SSP2-4.5,+geoid,2030,,,,,,,,,,A14 Mondego (road),Road,,,,,,,,,Elevated road — SSP2-4.5 lower bound (+1.75 m),165.0,275.0,0.0105,0.0052,0.0052,2064,2069,2072,,,,,
1a,,,,SSP2-4.5,+geoid,2050,,,,,,,,,,A14 Mondego (road),Road,,,,,,,,,Elevated road — SSP2-4.5 lower bound (+1.75 m),165.0,275.0,0.1221,0.061,0.061,2064,2069,2072,,,,,
1a,,,,SSP2-4.5,+geoid,2075,,,,,,,,,,A14 Mondego (road),Road,,,,,,,,,Elevated road — SSP2-4.5 lower bound (+1.75 m),165.0,275.0,0.6526,0.3263,0.3263,2064,2069,2072,,,,,
1a,,,,SSP2-4.5,+geoid,2100,,,,,,,,,,A14 Mondego (road),Road,,,,,,,,,Elevated road — SSP2-4.5 lower bound (+1.75 m),165.0,275.0,2.3694,1.1847,1.1847,2064,2069,2072,,,,,
1b,,,,SSP2-4.5,+geoid,2030,,,,,,,,,,A14 Mondego (road),Road,,,,,,,,,Full reconstruction — SSP5-8.5 design (+2.14 m),275.0,440.0,0.0105,0.0052,0.0052,2072,2077,2081,,,,,
1b,,,,SSP2-4.5,+geoid,2050,,,,,,,,,,A14 Mondego (road),Road,,,,,,,,,Full reconstruction — SSP5-8.5 design (+2.14 m),275.0,440.0,0.1221,0.061,0.061,2072,2077,2081,,,,,
1b,,,,SSP2-4.5,+geoid,2075,,,,,,,,,,A14 Mondego (road),Road,,,,,,,,,Full reconstruction — SSP5-8.5 design (+2.14 m),275.0,440.0,0.6526,0.3263,0.3263,2072,2077,2081,,,,,
1b,,,,SSP2-4.5,+geoid,2100,,,,,,,,,,A14 Mondego (road),Road,,,,,,,,,Full reconstruction — SSP5-8.5 design (+2.14 m),275.0,440.0,2.3694,1.1847,1.1847,2072,2077,2081,,,,,
2,,,,SSP2-4.5,+geoid,2030,,,,,,,,,,A14 Mondego (road),Road,,,,,,,,,Embankment flood protection + drainage,40.2,67.0,0.0105,0.0058,0.0047,2047,2050,2053,,,,,
2,,,,SSP2-4.5,+geoid,2050,,,,,,,,,,A14 Mondego (road),Road,,,,,,,,,Embankment flood protection + drainage,40.2,67.0,0.1221,0.0678,0.0543,2047,2050,2053,,,,,
2,,,,SSP2-4.5,+geoid,2075,,,,,,,,,,A14 Mondego (road),Road,,,,,,,,,Embankment flood protection + drainage,40.2,67.0,0.6526,0.3626,0.29,2047,2050,2053,,,,,
2,,,,SSP2-4.5,+geoid,2100,,,,,,,,,,A14 Mondego (road),Road,,,,,,,,,Embankment flood protection + drainage,40.2,67.0,2.3694,1.3164,1.0531,2047,2050,2053,,,,,
3,,,,SSP2-4.5,+geoid,2030,,,,,,,,,,A14 Mondego (road),Road,,,,,,,,,Dynamic traffic management protocol,2.7,5.0,0.0105,0.0052,0.0052,2028,2029,2030,,,,,
3,,,,SSP2-4.5,+geoid,2050,,,,,,,,,,A14 Mondego (road),Road,,,,,,,,,Dynamic traffic management protocol,2.7,5.0,0.1221,0.061,0.061,2028,2029,2030,,,,,
3,,,,SSP2-4.5,+geoid,2075,,,,,,,,,,A14 Mondego (road),Road,,,,,,,,,Dynamic traffic management protocol,2.7,5.0,0.6526,0.3263,0.3263,2028,2029,2030,,,,,
3,,,,SSP2-4.5,+geoid,2100,,,,,,,,,,A14 Mondego (road),Road,,,,,,,,,Dynamic traffic management protocol,2.7,5.0,2.3694,1.1847,1.1847,2028,2029,2030,,,,,
1a,,,,SSP5-8.5,baseline,2030,,,,,,,,,,A14 Mondego (road),Road,,,,,,,,,Elevated road — SSP2-4.5 lower bound (+1.75 m),165.0,275.0,0.0036,0.0018,0.0018,2066,2069,2071,,,,,
1a,,,,SSP5-8.5,baseline,2050,,,,,,,,,,A14 Mondego (road),Road,,,,,,,,,Elevated road — SSP2-4.5 lower bound (+1.75 m),165.0,275.0,0.0664,0.0332,0.0332,2066,2069,2071,,,,,
1a,,,,SSP5-8.5,baseline,2075,,,,,,,,,,A14 Mondego (road),Road,,,,,,,,,Elevated road — SSP2-4.5 lower bound (+1.75 m),165.0,275.0,0.8444,0.4222,0.4222,2066,2069,2071,,,,,
1a,,,,SSP5-8.5,baseline,2100,,,,,,,,,,A14 Mondego (road),Road,,,,,,,,,Elevated road — SSP2-4.5 lower bound (+1.75 m),165.0,275.0,3.6401,2.7973,0.8428,2066,2069,2071,,,,,
1b,,,,SSP5-8.5,baseline,2030,,,,,,,,,,A14 Mondego (road),Road,,,,,,,,,Full reconstruction — SSP5-8.5 design (+2.14 m),275.0,440.0,0.0036,0.0018,0.0018,2071,2074,2076,,,,,
1b,,,,SSP5-8.5,baseline,2050,,,,,,,,,,A14 Mondego (road),Road,,,,,,,,,Full reconstruction — SSP5-8.5 design (+2.14 m),275.0,440.0,0.0664,0.0332,0.0332,2071,2074,2076,,,,,
1b,,,,SSP5-8.5,baseline,2075,,,,,,,,,,A14 Mondego (road),Road,,,,,,,,,Full reconstruction — SSP5-8.5 design (+2.14 m),275.0,440.0,0.8444,0.4222,0.4222,2071,2074,2076,,,,,
1b,,,,SSP5-8.5,baseline,2100,,,,,,,,,,A14 Mondego (road),Road,,,,,,,,,Full reconstruction — SSP5-8.5 design (+2.14 m),275.0,440.0,3.6401,2.7973,0.8428,2071,2074,2076,,,,,
2,,,,SSP5-8.5,baseline,2030,,,,,,,,,,A14 Mondego (road),Road,,,,,,,,,Embankment flood protection + drainage,40.2,67.0,0.0036,0.002,0.0016,2053,2056,2058,,,,,
2,,,,SSP5-8.5,baseline,2050,,,,,,,,,,A14 Mondego (road),Road,,,,,,,,,Embankment flood protection + drainage,40.2,67.0,0.0664,0.0369,0.0295,2053,2056,2058,,,,,
2,,,,SSP5-8.5,baseline,2075,,,,,,,,,,A14 Mondego (road),Road,,,,,,,,,Embankment flood protection + drainage,40.2,67.0,0.8444,0.4691,0.3753,2053,2056,2058,,,,,
2,,,,SSP5-8.5,baseline,2100,,,,,,,,,,A14 Mondego (road),Road,,,,,,,,,Embankment flood protection + drainage,40.2,67.0,3.6401,2.9258,0.7143,2053,2056,2058,,,,,
3,,,,SSP5-8.5,baseline,2030,,,,,,,,,,A14 Mondego (road),Road,,,,,,,,,Dynamic traffic management protocol,2.7,5.0,0.0036,0.0018,0.0018,2032,2034,2036,,,,,
3,,,,SSP5-8.5,baseline,2050,,,,,,,,,,A14 Mondego (road),Road,,,,,,,,,Dynamic traffic management protocol,2.7,5.0,0.0664,0.0332,0.0332,2032,2034,2036,,,,,
3,,,,SSP5-8.5,baseline,2075,,,,,,,,,,A14 Mondego (road),Road,,,,,,,,,Dynamic traffic management protocol,2.7,5.0,0.8444,0.4222,0.4222,2032,2034,2036,,,,,
3,,,,SSP5-8.5,baseline,2100,,,,,,,,,,A14 Mondego (road),Road,,,,,,,,,Dynamic traffic management protocol,2.7,5.0,3.6401,2.7973,0.8428,2032,2034,2036,,,,,
1a,,,,SSP5-8.5,+geoid,2030,,,,,,,,,,A14 Mondego (road),Road,,,,,,,,,Elevated road — SSP2-4.5 lower bound (+1.75 m),165.0,275.0,0.0127,0.0064,0.0064,2054,2057,2059,,,,,
1a,,,,SSP5-8.5,+geoid,2050,,,,,,,,,,A14 Mondego (road),Road,,,,,,,,,Elevated road — SSP2-4.5 lower bound (+1.75 m),165.0,275.0,0.2232,0.1116,0.1116,2054,2057,2059,,,,,
1a,,,,SSP5-8.5,+geoid,2075,,,,,,,,,,A14 Mondego (road),Road,,,,,,,,,Elevated road — SSP2-4.5 lower bound (+1.75 m),165.0,275.0,2.1828,1.353,0.8298,2054,2057,2059,,,,,
1a,,,,SSP5-8.5,+geoid,2100,,,,,,,,,,A14 Mondego (road),Road,,,,,,,,,Elevated road — SSP2-4.5 lower bound (+1.75 m),165.0,275.0,5.0453,4.2155,0.8298,2054,2057,2059,,,,,
1b,,,,SSP5-8.5,+geoid,2030,,,,,,,,,,A14 Mondego (road),Road,,,,,,,,,Full reconstruction — SSP5-8.5 design (+2.14 m),275.0,440.0,0.0127,0.0064,0.0064,2059,2062,2064,,,,,
1b,,,,SSP5-8.5,+geoid,2050,,,,,,,,,,A14 Mondego (road),Road,,,,,,,,,Full reconstruction — SSP5-8.5 design (+2.14 m),275.0,440.0,0.2232,0.1116,0.1116,2059,2062,2064,,,,,
1b,,,,SSP5-8.5,+geoid,2075,,,,,,,,,,A14 Mondego (road),Road,,,,,,,,,Full reconstruction — SSP5-8.5 design (+2.14 m),275.0,440.0,2.1828,1.353,0.8298,2059,2062,2064,,,,,
1b,,,,SSP5-8.5,+geoid,2100,,,,,,,,,,A14 Mondego (road),Road,,,,,,,,,Full reconstruction — SSP5-8.5 design (+2.14 m),275.0,440.0,5.0453,4.2155,0.8298,2059,2062,2064,,,,,
2,,,,SSP5-8.5,+geoid,2030,,,,,,,,,,A14 Mondego (road),Road,,,,,,,,,Embankment flood protection + drainage,40.2,67.0,0.0127,0.0071,0.0057,2043,2045,2047,,,,,
2,,,,SSP5-8.5,+geoid,2050,,,,,,,,,,A14 Mondego (road),Road,,,,,,,,,Embankment flood protection + drainage,40.2,67.0,0.2232,0.124,0.0992,2043,2045,2047,,,,,
2,,,,SSP5-8.5,+geoid,2075,,,,,,,,,,A14 Mondego (road),Road,,,,,,,,,Embankment flood protection + drainage,40.2,67.0,2.1828,1.4808,0.702,2043,2045,2047,,,,,
2,,,,SSP5-8.5,+geoid,2100,,,,,,,,,,A14 Mondego (road),Road,,,,,,,,,Embankment flood protection + drainage,40.2,67.0,5.0453,4.3433,0.702,2043,2045,2047,,,,,
3,,,,SSP5-8.5,+geoid,2030,,,,,,,,,,A14 Mondego (road),Road,,,,,,,,,Dynamic traffic management protocol,2.7,5.0,0.0127,0.0064,0.0064,2028,2029,2030,,,,,
3,,,,SSP5-8.5,+geoid,2050,,,,,,,,,,A14 Mondego (road),Road,,,,,,,,,Dynamic traffic management protocol,2.7,5.0,0.2232,0.1116,0.1116,2028,2029,2030,,,,,
3,,,,SSP5-8.5,+geoid,2075,,,,,,,,,,A14 Mondego (road),Road,,,,,,,,,Dynamic traffic management protocol,2.7,5.0,2.1828,1.353,0.8298,2028,2029,2030,,,,,
3,,,,SSP5-8.5,+geoid,2100,,,,,,,,,,A14 Mondego (road),Road,,,,,,,,,Dynamic traffic management protocol,2.7,5.0,5.0453,4.2155,0.8298,2028,2029,2030,,,,,
1a,,,,SSP1-2.6,baseline,2030,,,,,,,,,,Faro–Olhão (railway),Railway,,,,,,,,,Embankment raising — SSP2-4.5 lower bound (+0.69 m),11.9,19.9,0.0,0.0,0.0,>2100,>2100,>2100,,,,,
1a,,,,SSP1-2.6,baseline,2050,,,,,,,,,,Faro–Olhão (railway),Railway,,,,,,,,,Embankment raising — SSP2-4.5 lower bound (+0.69 m),11.9,19.9,0.0002,0.0001,0.0001,>2100,>2100,>2100,,,,,
1a,,,,SSP1-2.6,baseline,2075,,,,,,,,,,Faro–Olhão (railway),Railway,,,,,,,,,Embankment raising — SSP2-4.5 lower bound (+0.69 m),11.9,19.9,0.0009,0.0005,0.0005,>2100,>2100,>2100,,,,,
1a,,,,SSP1-2.6,baseline,2100,,,,,,,,,,Faro–Olhão (railway),Railway,,,,,,,,,Embankment raising — SSP2-4.5 lower bound (+0.69 m),11.9,19.9,0.0025,0.0012,0.0012,>2100,>2100,>2100,,,,,
1b,,,,SSP1-2.6,baseline,2030,,,,,,,,,,Faro–Olhão (railway),Railway,,,,,,,,,Embankment raising — SSP5-8.5 design (+1.08 m),18.7,31.1,0.0,0.0,0.0,>2100,>2100,>2100,,,,,
1b,,,,SSP1-2.6,baseline,2050,,,,,,,,,,Faro–Olhão (railway),Railway,,,,,,,,,Embankment raising — SSP5-8.5 design (+1.08 m),18.7,31.1,0.0002,0.0001,0.0001,>2100,>2100,>2100,,,,,
1b,,,,SSP1-2.6,baseline,2075,,,,,,,,,,Faro–Olhão (railway),Railway,,,,,,,,,Embankment raising — SSP5-8.5 design (+1.08 m),18.7,31.1,0.0009,0.0005,0.0005,>2100,>2100,>2100,,,,,
1b,,,,SSP1-2.6,baseline,2100,,,,,,,,,,Faro–Olhão (railway),Railway,,,,,,,,,Embankment raising — SSP5-8.5 design (+1.08 m),18.7,31.1,0.0025,0.0012,0.0012,>2100,>2100,>2100,,,,,
2,,,,SSP1-2.6,baseline,2030,,,,,,,,,,Faro–Olhão (railway),Railway,,,,,,,,,Flood protection barriers (sheet piling),17.9,29.8,0.0,0.0,0.0,>2100,>2100,>2100,,,,,
2,,,,SSP1-2.6,baseline,2050,,,,,,,,,,Faro–Olhão (railway),Railway,,,,,,,,,Flood protection barriers (sheet piling),17.9,29.8,0.0002,0.0001,0.0001,>2100,>2100,>2100,,,,,
2,,,,SSP1-2.6,baseline,2075,,,,,,,,,,Faro–Olhão (railway),Railway,,,,,,,,,Flood protection barriers (sheet piling),17.9,29.8,0.0009,0.0005,0.0004,>2100,>2100,>2100,,,,,
2,,,,SSP1-2.6,baseline,2100,,,,,,,,,,Faro–Olhão (railway),Railway,,,,,,,,,Flood protection barriers (sheet piling),17.9,29.8,0.0025,0.0014,0.0011,>2100,>2100,>2100,,,,,
3,,,,SSP1-2.6,baseline,2030,,,,,,,,,,Faro–Olhão (railway),Railway,,,,,,,,,Service resilience protocol,0.7,1.3,0.0,0.0,0.0,2086,2095,>2100,,,,,
3,,,,SSP1-2.6,baseline,2050,,,,,,,,,,Faro–Olhão (railway),Railway,,,,,,,,,Service resilience protocol,0.7,1.3,0.0002,0.0001,0.0001,2086,2095,>2100,,,,,
3,,,,SSP1-2.6,baseline,2075,,,,,,,,,,Faro–Olhão (railway),Railway,,,,,,,,,Service resilience protocol,0.7,1.3,0.0009,0.0005,0.0005,2086,2095,>2100,,,,,
3,,,,SSP1-2.6,baseline,2100,,,,,,,,,,Faro–Olhão (railway),Railway,,,,,,,,,Service resilience protocol,0.7,1.3,0.0025,0.0012,0.0012,2086,2095,>2100,,,,,
1a,,,,SSP1-2.6,+geoid,2030,,,,,,,,,,Faro–Olhão (railway),Railway,,,,,,,,,Embankment raising — SSP2-4.5 lower bound (+0.69 m),11.9,19.9,0.0001,0.0001,0.0001,>2100,>2100,>2100,,,,,
1a,,,,SSP1-2.6,+geoid,2050,,,,,,,,,,Faro–Olhão (railway),Railway,,,,,,,,,Embankment raising — SSP2-4.5 lower bound (+0.69 m),11.9,19.9,0.0008,0.0004,0.0004,>2100,>2100,>2100,,,,,
1a,,,,SSP1-2.6,+geoid,2075,,,,,,,,,,Faro–Olhão (railway),Railway,,,,,,,,,Embankment raising — SSP2-4.5 lower bound (+0.69 m),11.9,19.9,0.0031,0.0016,0.0016,>2100,>2100,>2100,,,,,
1a,,,,SSP1-2.6,+geoid,2100,,,,,,,,,,Faro–Olhão (railway),Railway,,,,,,,,,Embankment raising — SSP2-4.5 lower bound (+0.69 m),11.9,19.9,0.0083,0.0041,0.0041,>2100,>2100,>2100,,,,,
1b,,,,SSP1-2.6,+geoid,2030,,,,,,,,,,Faro–Olhão (railway),Railway,,,,,,,,,Embankment raising — SSP5-8.5 design (+1.08 m),18.7,31.1,0.0001,0.0001,0.0001,>2100,>2100,>2100,,,,,
1b,,,,SSP1-2.6,+geoid,2050,,,,,,,,,,Faro–Olhão (railway),Railway,,,,,,,,,Embankment raising — SSP5-8.5 design (+1.08 m),18.7,31.1,0.0008,0.0004,0.0004,>2100,>2100,>2100,,,,,
1b,,,,SSP1-2.6,+geoid,2075,,,,,,,,,,Faro–Olhão (railway),Railway,,,,,,,,,Embankment raising — SSP5-8.5 design (+1.08 m),18.7,31.1,0.0031,0.0016,0.0016,>2100,>2100,>2100,,,,,
1b,,,,SSP1-2.6,+geoid,2100,,,,,,,,,,Faro–Olhão (railway),Railway,,,,,,,,,Embankment raising — SSP5-8.5 design (+1.08 m),18.7,31.1,0.0083,0.0041,0.0041,>2100,>2100,>2100,,,,,
2,,,,SSP1-2.6,+geoid,2030,,,,,,,,,,Faro–Olhão (railway),Railway,,,,,,,,,Flood protection barriers (sheet piling),17.9,29.8,0.0001,0.0001,0.0,>2100,>2100,>2100,,,,,
2,,,,SSP1-2.6,+geoid,2050,,,,,,,,,,Faro–Olhão (railway),Railway,,,,,,,,,Flood protection barriers (sheet piling),17.9,29.8,0.0008,0.0005,0.0004,>2100,>2100,>2100,,,,,
2,,,,SSP1-2.6,+geoid,2075,,,,,,,,,,Faro–Olhão (railway),Railway,,,,,,,,,Flood protection barriers (sheet piling),17.9,29.8,0.0031,0.0017,0.0014,>2100,>2100,>2100,,,,,
2,,,,SSP1-2.6,+geoid,2100,,,,,,,,,,Faro–Olhão (railway),Railway,,,,,,,,,Flood protection barriers (sheet piling),17.9,29.8,0.0083,0.0046,0.0037,>2100,>2100,>2100,,,,,
3,,,,SSP1-2.6,+geoid,2030,,,,,,,,,,Faro–Olhão (railway),Railway,,,,,,,,,Service resilience protocol,0.7,1.3,0.0001,0.0001,0.0001,2059,2066,2071,,,,,
3,,,,SSP1-2.6,+geoid,2050,,,,,,,,,,Faro–Olhão (railway),Railway,,,,,,,,,Service resilience protocol,0.7,1.3,0.0008,0.0004,0.0004,2059,2066,2071,,,,,
3,,,,SSP1-2.6,+geoid,2075,,,,,,,,,,Faro–Olhão (railway),Railway,,,,,,,,,Service resilience protocol,0.7,1.3,0.0031,0.0016,0.0016,2059,2066,2071,,,,,
3,,,,SSP1-2.6,+geoid,2100,,,,,,,,,,Faro–Olhão (railway),Railway,,,,,,,,,Service resilience protocol,0.7,1.3,0.0083,0.0041,0.0041,2059,2066,2071,,,,,
1a,,,,SSP2-4.5,baseline,2030,,,,,,,,,,Faro–Olhão (railway),Railway,,,,,,,,,Embankment raising — SSP2-4.5 lower bound (+0.69 m),11.9,19.9,0.0,0.0,0.0,>2100,>2100,>2100,,,,,
1a,,,,SSP2-4.5,baseline,2050,,,,,,,,,,Faro–Olhão (railway),Railway,,,,,,,,,Embankment raising — SSP2-4.5 lower bound (+0.69 m),11.9,19.9,0.0004,0.0002,0.0002,>2100,>2100,>2100,,,,,
1a,,,,SSP2-4.5,baseline,2075,,,,,,,,,,Faro–Olhão (railway),Railway,,,,,,,,,Embankment raising — SSP2-4.5 lower bound (+0.69 m),11.9,19.9,0.0024,0.0012,0.0012,>2100,>2100,>2100,,,,,
1a,,,,SSP2-4.5,baseline,2100,,,,,,,,,,Faro–Olhão (railway),Railway,,,,,,,,,Embankment raising — SSP2-4.5 lower bound (+0.69 m),11.9,19.9,0.0089,0.0044,0.0044,>2100,>2100,>2100,,,,,
1b,,,,SSP2-4.5,baseline,2030,,,,,,,,,,Faro–Olhão (railway),Railway,,,,,,,,,Embankment raising — SSP5-8.5 design (+1.08 m),18.7,31.1,0.0,0.0,0.0,>2100,>2100,>2100,,,,,
1b,,,,SSP2-4.5,baseline,2050,,,,,,,,,,Faro–Olhão (railway),Railway,,,,,,,,,Embankment raising — SSP5-8.5 design (+1.08 m),18.7,31.1,0.0004,0.0002,0.0002,>2100,>2100,>2100,,,,,
1b,,,,SSP2-4.5,baseline,2075,,,,,,,,,,Faro–Olhão (railway),Railway,,,,,,,,,Embankment raising — SSP5-8.5 design (+1.08 m),18.7,31.1,0.0024,0.0012,0.0012,>2100,>2100,>2100,,,,,
1b,,,,SSP2-4.5,baseline,2100,,,,,,,,,,Faro–Olhão (railway),Railway,,,,,,,,,Embankment raising — SSP5-8.5 design (+1.08 m),18.7,31.1,0.0089,0.0044,0.0044,>2100,>2100,>2100,,,,,
2,,,,SSP2-4.5,baseline,2030,,,,,,,,,,Faro–Olhão (railway),Railway,,,,,,,,,Flood protection barriers (sheet piling),17.9,29.8,0.0,0.0,0.0,>2100,>2100,>2100,,,,,
2,,,,SSP2-4.5,baseline,2050,,,,,,,,,,Faro–Olhão (railway),Railway,,,,,,,,,Flood protection barriers (sheet piling),17.9,29.8,0.0004,0.0002,0.0002,>2100,>2100,>2100,,,,,
2,,,,SSP2-4.5,baseline,2075,,,,,,,,,,Faro–Olhão (railway),Railway,,,,,,,,,Flood protection barriers (sheet piling),17.9,29.8,0.0024,0.0013,0.0011,>2100,>2100,>2100,,,,,
2,,,,SSP2-4.5,baseline,2100,,,,,,,,,,Faro–Olhão (railway),Railway,,,,,,,,,Flood protection barriers (sheet piling),17.9,29.8,0.0089,0.0049,0.004,>2100,>2100,>2100,,,,,
3,,,,SSP2-4.5,baseline,2030,,,,,,,,,,Faro–Olhão (railway),Railway,,,,,,,,,Service resilience protocol,0.7,1.3,0.0,0.0,0.0,2066,2072,2077,,,,,
3,,,,SSP2-4.5,baseline,2050,,,,,,,,,,Faro–Olhão (railway),Railway,,,,,,,,,Service resilience protocol,0.7,1.3,0.0004,0.0002,0.0002,2066,2072,2077,,,,,
3,,,,SSP2-4.5,baseline,2075,,,,,,,,,,Faro–Olhão (railway),Railway,,,,,,,,,Service resilience protocol,0.7,1.3,0.0024,0.0012,0.0012,2066,2072,2077,,,,,
3,,,,SSP2-4.5,baseline,2100,,,,,,,,,,Faro–Olhão (railway),Railway,,,,,,,,,Service resilience protocol,0.7,1.3,0.0089,0.0044,0.0044,2066,2072,2077,,,,,
1a,,,,SSP2-4.5,+geoid,2030,,,,,,,,,,Faro–Olhão (railway),Railway,,,,,,,,,Embankment raising — SSP2-4.5 lower bound (+0.69 m),11.9,19.9,0.0001,0.0001,0.0001,2096,>2100,>2100,,,,,
1a,,,,SSP2-4.5,+geoid,2050,,,,,,,,,,Faro–Olhão (railway),Railway,,,,,,,,,Embankment raising — SSP2-4.5 lower bound (+0.69 m),11.9,19.9,0.0015,0.0007,0.0007,2096,>2100,>2100,,,,,
1a,,,,SSP2-4.5,+geoid,2075,,,,,,,,,,Faro–Olhão (railway),Railway,,,,,,,,,Embankment raising — SSP2-4.5 lower bound (+0.69 m),11.9,19.9,0.008,0.004,0.004,2096,>2100,>2100,,,,,
1a,,,,SSP2-4.5,+geoid,2100,,,,,,,,,,Faro–Olhão (railway),Railway,,,,,,,,,Embankment raising — SSP2-4.5 lower bound (+0.69 m),11.9,19.9,0.029,0.0145,0.0145,2096,>2100,>2100,,,,,
1b,,,,SSP2-4.5,+geoid,2030,,,,,,,,,,Faro–Olhão (railway),Railway,,,,,,,,,Embankment raising — SSP5-8.5 design (+1.08 m),18.7,31.1,0.0001,0.0001,0.0001,>2100,>2100,>2100,,,,,
1b,,,,SSP2-4.5,+geoid,2050,,,,,,,,,,Faro–Olhão (railway),Railway,,,,,,,,,Embankment raising — SSP5-8.5 design (+1.08 m),18.7,31.1,0.0015,0.0007,0.0007,>2100,>2100,>2100,,,,,
1b,,,,SSP2-4.5,+geoid,2075,,,,,,,,,,Faro–Olhão (railway),Railway,,,,,,,,,Embankment raising — SSP5-8.5 design (+1.08 m),18.7,31.1,0.008,0.004,0.004,>2100,>2100,>2100,,,,,
1b,,,,SSP2-4.5,+geoid,2100,,,,,,,,,,Faro–Olhão (railway),Railway,,,,,,,,,Embankment raising — SSP5-8.5 design (+1.08 m),18.7,31.1,0.029,0.0145,0.0145,>2100,>2100,>2100,,,,,
2,,,,SSP2-4.5,+geoid,2030,,,,,,,,,,Faro–Olhão (railway),Railway,,,,,,,,,Flood protection barriers (sheet piling),17.9,29.8,0.0001,0.0001,0.0001,>2100,>2100,>2100,,,,,
2,,,,SSP2-4.5,+geoid,2050,,,,,,,,,,Faro–Olhão (railway),Railway,,,,,,,,,Flood protection barriers (sheet piling),17.9,29.8,0.0015,0.0008,0.0007,>2100,>2100,>2100,,,,,
2,,,,SSP2-4.5,+geoid,2075,,,,,,,,,,Faro–Olhão (railway),Railway,,,,,,,,,Flood protection barriers (sheet piling),17.9,29.8,0.008,0.0044,0.0035,>2100,>2100,>2100,,,,,
2,,,,SSP2-4.5,+geoid,2100,,,,,,,,,,Faro–Olhão (railway),Railway,,,,,,,,,Flood protection barriers (sheet piling),17.9,29.8,0.029,0.0161,0.0129,>2100,>2100,>2100,,,,,
3,,,,SSP2-4.5,+geoid,2030,,,,,,,,,,Faro–Olhão (railway),Railway,,,,,,,,,Service resilience protocol,0.7,1.3,0.0001,0.0001,0.0001,2050,2054,2057,,,,,
3,,,,SSP2-4.5,+geoid,2050,,,,,,,,,,Faro–Olhão (railway),Railway,,,,,,,,,Service resilience protocol,0.7,1.3,0.0015,0.0007,0.0007,2050,2054,2057,,,,,
3,,,,SSP2-4.5,+geoid,2075,,,,,,,,,,Faro–Olhão (railway),Railway,,,,,,,,,Service resilience protocol,0.7,1.3,0.008,0.004,0.004,2050,2054,2057,,,,,
3,,,,SSP2-4.5,+geoid,2100,,,,,,,,,,Faro–Olhão (railway),Railway,,,,,,,,,Service resilience protocol,0.7,1.3,0.029,0.0145,0.0145,2050,2054,2057,,,,,
1a,,,,SSP5-8.5,baseline,2030,,,,,,,,,,Faro–Olhão (railway),Railway,,,,,,,,,Embankment raising — SSP2-4.5 lower bound (+0.69 m),11.9,19.9,0.0,0.0,0.0,2084,2087,2090,,,,,
1a,,,,SSP5-8.5,baseline,2050,,,,,,,,,,Faro–Olhão (railway),Railway,,,,,,,,,Embankment raising — SSP2-4.5 lower bound (+0.69 m),11.9,19.9,0.0008,0.0004,0.0004,2084,2087,2090,,,,,
1a,,,,SSP5-8.5,baseline,2075,,,,,,,,,,Faro–Olhão (railway),Railway,,,,,,,,,Embankment raising — SSP2-4.5 lower bound (+0.69 m),11.9,19.9,0.0103,0.0052,0.0052,2084,2087,2090,,,,,
1a,,,,SSP5-8.5,baseline,2100,,,,,,,,,,Faro–Olhão (railway),Railway,,,,,,,,,Embankment raising — SSP2-4.5 lower bound (+0.69 m),11.9,19.9,0.1037,0.0536,0.0501,2084,2087,2090,,,,,
1b,,,,SSP5-8.5,baseline,2030,,,,,,,,,,Faro–Olhão (railway),Railway,,,,,,,,,Embankment raising — SSP5-8.5 design (+1.08 m),18.7,31.1,0.0,0.0,0.0,2089,2092,2095,,,,,
1b,,,,SSP5-8.5,baseline,2050,,,,,,,,,,Faro–Olhão (railway),Railway,,,,,,,,,Embankment raising — SSP5-8.5 design (+1.08 m),18.7,31.1,0.0008,0.0004,0.0004,2089,2092,2095,,,,,
1b,,,,SSP5-8.5,baseline,2075,,,,,,,,,,Faro–Olhão (railway),Railway,,,,,,,,,Embankment raising — SSP5-8.5 design (+1.08 m),18.7,31.1,0.0103,0.0052,0.0052,2089,2092,2095,,,,,
1b,,,,SSP5-8.5,baseline,2100,,,,,,,,,,Faro–Olhão (railway),Railway,,,,,,,,,Embankment raising — SSP5-8.5 design (+1.08 m),18.7,31.1,0.1037,0.0536,0.0501,2089,2092,2095,,,,,
2,,,,SSP5-8.5,baseline,2030,,,,,,,,,,Faro–Olhão (railway),Railway,,,,,,,,,Flood protection barriers (sheet piling),17.9,29.8,0.0,0.0,0.0,2090,2093,2095,,,,,
2,,,,SSP5-8.5,baseline,2050,,,,,,,,,,Faro–Olhão (railway),Railway,,,,,,,,,Flood protection barriers (sheet piling),17.9,29.8,0.0008,0.0005,0.0004,2090,2093,2095,,,,,
2,,,,SSP5-8.5,baseline,2075,,,,,,,,,,Faro–Olhão (railway),Railway,,,,,,,,,Flood protection barriers (sheet piling),17.9,29.8,0.0103,0.0057,0.0046,2090,2093,2095,,,,,
2,,,,SSP5-8.5,baseline,2100,,,,,,,,,,Faro–Olhão (railway),Railway,,,,,,,,,Flood protection barriers (sheet piling),17.9,29.8,0.1037,0.0595,0.0441,2090,2093,2095,,,,,
3,,,,SSP5-8.5,baseline,2030,,,,,,,,,,Faro–Olhão (railway),Railway,,,,,,,,,Service resilience protocol,0.7,1.3,0.0,0.0,0.0,2055,2059,2061,,,,,
3,,,,SSP5-8.5,baseline,2050,,,,,,,,,,Faro–Olhão (railway),Railway,,,,,,,,,Service resilience protocol,0.7,1.3,0.0008,0.0004,0.0004,2055,2059,2061,,,,,
3,,,,SSP5-8.5,baseline,2075,,,,,,,,,,Faro–Olhão (railway),Railway,,,,,,,,,Service resilience protocol,0.7,1.3,0.0103,0.0052,0.0052,2055,2059,2061,,,,,
3,,,,SSP5-8.5,baseline,2100,,,,,,,,,,Faro–Olhão (railway),Railway,,,,,,,,,Service resilience protocol,0.7,1.3,0.1037,0.0536,0.0501,2055,2059,2061,,,,,
1a,,,,SSP5-8.5,+geoid,2030,,,,,,,,,,Faro–Olhão (railway),Railway,,,,,,,,,Embankment raising — SSP2-4.5 lower bound (+0.69 m),11.9,19.9,0.0002,0.0001,0.0001,2072,2075,2077,,,,,
1a,,,,SSP5-8.5,+geoid,2050,,,,,,,,,,Faro–Olhão (railway),Railway,,,,,,,,,Embankment raising — SSP2-4.5 lower bound (+0.69 m),11.9,19.9,0.0027,0.0014,0.0014,2072,2075,2077,,,,,
1a,,,,SSP5-8.5,+geoid,2075,,,,,,,,,,Faro–Olhão (railway),Railway,,,,,,,,,Embankment raising — SSP2-4.5 lower bound (+0.69 m),11.9,19.9,0.0333,0.0167,0.0167,2072,2075,2077,,,,,
1a,,,,SSP5-8.5,+geoid,2100,,,,,,,,,,Faro–Olhão (railway),Railway,,,,,,,,,Embankment raising — SSP2-4.5 lower bound (+0.69 m),11.9,19.9,0.1969,0.1407,0.0562,2072,2075,2077,,,,,
1b,,,,SSP5-8.5,+geoid,2030,,,,,,,,,,Faro–Olhão (railway),Railway,,,,,,,,,Embankment raising — SSP5-8.5 design (+1.08 m),18.7,31.1,0.0002,0.0001,0.0001,2077,2080,2082,,,,,
1b,,,,SSP5-8.5,+geoid,2050,,,,,,,,,,Faro–Olhão (railway),Railway,,,,,,,,,Embankment raising — SSP5-8.5 design (+1.08 m),18.7,31.1,0.0027,0.0014,0.0014,2077,2080,2082,,,,,
1b,,,,SSP5-8.5,+geoid,2075,,,,,,,,,,Faro–Olhão (railway),Railway,,,,,,,,,Embankment raising — SSP5-8.5 design (+1.08 m),18.7,31.1,0.0333,0.0167,0.0167,2077,2080,2082,,,,,
1b,,,,SSP5-8.5,+geoid,2100,,,,,,,,,,Faro–Olhão (railway),Railway,,,,,,,,,Embankment raising — SSP5-8.5 design (+1.08 m),18.7,31.1,0.1969,0.1407,0.0562,2077,2080,2082,,,,,
2,,,,SSP5-8.5,+geoid,2030,,,,,,,,,,Faro–Olhão (railway),Railway,,,,,,,,,Flood protection barriers (sheet piling),17.9,29.8,0.0002,0.0001,0.0001,2078,2081,2083,,,,,
2,,,,SSP5-8.5,+geoid,2050,,,,,,,,,,Faro–Olhão (railway),Railway,,,,,,,,,Flood protection barriers (sheet piling),17.9,29.8,0.0027,0.0015,0.0012,2078,2081,2083,,,,,
2,,,,SSP5-8.5,+geoid,2075,,,,,,,,,,Faro–Olhão (railway),Railway,,,,,,,,,Flood protection barriers (sheet piling),17.9,29.8,0.0333,0.0185,0.0148,2078,2081,2083,,,,,
2,,,,SSP5-8.5,+geoid,2100,,,,,,,,,,Faro–Olhão (railway),Railway,,,,,,,,,Flood protection barriers (sheet piling),17.9,29.8,0.1969,0.1492,0.0476,2078,2081,2083,,,,,
3,,,,SSP5-8.5,+geoid,2030,,,,,,,,,,Faro–Olhão (railway),Railway,,,,,,,,,Service resilience protocol,0.7,1.3,0.0002,0.0001,0.0001,2045,2048,2050,,,,,
3,,,,SSP5-8.5,+geoid,2050,,,,,,,,,,Faro–Olhão (railway),Railway,,,,,,,,,Service resilience protocol,0.7,1.3,0.0027,0.0014,0.0014,2045,2048,2050,,,,,
3,,,,SSP5-8.5,+geoid,2075,,,,,,,,,,Faro–Olhão (railway),Railway,,,,,,,,,Service resilience protocol,0.7,1.3,0.0333,0.0167,0.0167,2045,2048,2050,,,,,
3,,,,SSP5-8.5,+geoid,2100,,,,,,,,,,Faro–Olhão (railway),Railway,,,,,,,,,Service resilience protocol,0.7,1.3,0.1969,0.1407,0.0562,2045,2048,2050,,,,,
A,,,,SSP1-2.6,baseline,2030,,,,,,,,,,Portimão/Arade (railway),Railway,,,,,,,,,Managed retreat — permanent bus replacement (NPV 2025-2100),8.9,14.2,0.0,0.0,0.0,>2100,>2100,>2100,retreat,,,,
A,,,,SSP1-2.6,baseline,2050,,,,,,,,,,Portimão/Arade (railway),Railway,,,,,,,,,Managed retreat — permanent bus replacement (NPV 2025-2100),8.9,14.2,0.0002,0.0,0.0002,>2100,>2100,>2100,retreat,,,,
A,,,,SSP1-2.6,baseline,2075,,,,,,,,,,Portimão/Arade (railway),Railway,,,,,,,,,Managed retreat — permanent bus replacement (NPV 2025-2100),8.9,14.2,0.0006,0.0,0.0006,>2100,>2100,>2100,retreat,,,,
A,,,,SSP1-2.6,baseline,2100,,,,,,,,,,Portimão/Arade (railway),Railway,,,,,,,,,Managed retreat — permanent bus replacement (NPV 2025-2100),8.9,14.2,0.0017,0.0,0.0017,>2100,>2100,>2100,retreat,,,,
B,,,,SSP1-2.6,baseline,2030,,,,,,,,,,Portimão/Arade (railway),Railway,,,,,,,,,Short viaduct on current alignment (~1.5 km),18.0,30.0,0.0,0.0,0.0,>2100,>2100,>2100,structural,,,,
B,,,,SSP1-2.6,baseline,2050,,,,,,,,,,Portimão/Arade (railway),Railway,,,,,,,,,Short viaduct on current alignment (~1.5 km),18.0,30.0,0.0002,0.0,0.0002,>2100,>2100,>2100,structural,,,,
B,,,,SSP1-2.6,baseline,2075,,,,,,,,,,Portimão/Arade (railway),Railway,,,,,,,,,Short viaduct on current alignment (~1.5 km),18.0,30.0,0.0006,0.0,0.0006,>2100,>2100,>2100,structural,,,,
B,,,,SSP1-2.6,baseline,2100,,,,,,,,,,Portimão/Arade (railway),Railway,,,,,,,,,Short viaduct on current alignment (~1.5 km),18.0,30.0,0.0017,0.0,0.0017,>2100,>2100,>2100,structural,,,,
C,,,,SSP1-2.6,baseline,2030,,,,,,,,,,Portimão/Arade (railway),Railway,,,,,,,,,Short realignment to higher ground (terrain check pending),,,0.0,0.0,0.0,TBD,TBD,TBD,structural,,,,
C,,,,SSP1-2.6,baseline,2050,,,,,,,,,,Portimão/Arade (railway),Railway,,,,,,,,,Short realignment to higher ground (terrain check pending),,,0.0002,0.0,0.0002,TBD,TBD,TBD,structural,,,,
C,,,,SSP1-2.6,baseline,2075,,,,,,,,,,Portimão/Arade (railway),Railway,,,,,,,,,Short realignment to higher ground (terrain check pending),,,0.0006,0.0,0.0006,TBD,TBD,TBD,structural,,,,
C,,,,SSP1-2.6,baseline,2100,,,,,,,,,,Portimão/Arade (railway),Railway,,,,,,,,,Short realignment to higher ground (terrain check pending),,,0.0017,0.0,0.0017,TBD,TBD,TBD,structural,,,,
A,,,,SSP1-2.6,+geoid,2030,,,,,,,,,,Portimão/Arade (railway),Railway,,,,,,,,,Managed retreat — permanent bus replacement (NPV 2025-2100),8.9,14.2,0.0001,0.0,0.0001,>2100,>2100,>2100,retreat,,,,
A,,,,SSP1-2.6,+geoid,2050,,,,,,,,,,Portimão/Arade (railway),Railway,,,,,,,,,Managed retreat — permanent bus replacement (NPV 2025-2100),8.9,14.2,0.0006,0.0,0.0006,>2100,>2100,>2100,retreat,,,,
A,,,,SSP1-2.6,+geoid,2075,,,,,,,,,,Portimão/Arade (railway),Railway,,,,,,,,,Managed retreat — permanent bus replacement (NPV 2025-2100),8.9,14.2,0.0022,0.0,0.0022,>2100,>2100,>2100,retreat,,,,
A,,,,SSP1-2.6,+geoid,2100,,,,,,,,,,Portimão/Arade (railway),Railway,,,,,,,,,Managed retreat — permanent bus replacement (NPV 2025-2100),8.9,14.2,0.0058,0.0,0.0058,>2100,>2100,>2100,retreat,,,,
B,,,,SSP1-2.6,+geoid,2030,,,,,,,,,,Portimão/Arade (railway),Railway,,,,,,,,,Short viaduct on current alignment (~1.5 km),18.0,30.0,0.0001,0.0,0.0001,>2100,>2100,>2100,structural,,,,
B,,,,SSP1-2.6,+geoid,2050,,,,,,,,,,Portimão/Arade (railway),Railway,,,,,,,,,Short viaduct on current alignment (~1.5 km),18.0,30.0,0.0006,0.0,0.0006,>2100,>2100,>2100,structural,,,,
B,,,,SSP1-2.6,+geoid,2075,,,,,,,,,,Portimão/Arade (railway),Railway,,,,,,,,,Short viaduct on current alignment (~1.5 km),18.0,30.0,0.0022,0.0,0.0022,>2100,>2100,>2100,structural,,,,
B,,,,SSP1-2.6,+geoid,2100,,,,,,,,,,Portimão/Arade (railway),Railway,,,,,,,,,Short viaduct on current alignment (~1.5 km),18.0,30.0,0.0058,0.0,0.0058,>2100,>2100,>2100,structural,,,,
C,,,,SSP1-2.6,+geoid,2030,,,,,,,,,,Portimão/Arade (railway),Railway,,,,,,,,,Short realignment to higher ground (terrain check pending),,,0.0001,0.0,0.0001,TBD,TBD,TBD,structural,,,,
C,,,,SSP1-2.6,+geoid,2050,,,,,,,,,,Portimão/Arade (railway),Railway,,,,,,,,,Short realignment to higher ground (terrain check pending),,,0.0006,0.0,0.0006,TBD,TBD,TBD,structural,,,,
C,,,,SSP1-2.6,+geoid,2075,,,,,,,,,,Portimão/Arade (railway),Railway,,,,,,,,,Short realignment to higher ground (terrain check pending),,,0.0022,0.0,0.0022,TBD,TBD,TBD,structural,,,,
C,,,,SSP1-2.6,+geoid,2100,,,,,,,,,,Portimão/Arade (railway),Railway,,,,,,,,,Short realignment to higher ground (terrain check pending),,,0.0058,0.0,0.0058,TBD,TBD,TBD,structural,,,,
A,,,,SSP2-4.5,baseline,2030,,,,,,,,,,Portimão/Arade (railway),Railway,,,,,,,,,Managed retreat — permanent bus replacement (NPV 2025-2100),8.9,14.2,0.0,0.0,0.0,>2100,>2100,>2100,retreat,,,,
A,,,,SSP2-4.5,baseline,2050,,,,,,,,,,Portimão/Arade (railway),Railway,,,,,,,,,Managed retreat — permanent bus replacement (NPV 2025-2100),8.9,14.2,0.0003,0.0,0.0003,>2100,>2100,>2100,retreat,,,,
A,,,,SSP2-4.5,baseline,2075,,,,,,,,,,Portimão/Arade (railway),Railway,,,,,,,,,Managed retreat — permanent bus replacement (NPV 2025-2100),8.9,14.2,0.0017,0.0,0.0017,>2100,>2100,>2100,retreat,,,,
A,,,,SSP2-4.5,baseline,2100,,,,,,,,,,Portimão/Arade (railway),Railway,,,,,,,,,Managed retreat — permanent bus replacement (NPV 2025-2100),8.9,14.2,0.0062,0.0,0.0062,>2100,>2100,>2100,retreat,,,,
B,,,,SSP2-4.5,baseline,2030,,,,,,,,,,Portimão/Arade (railway),Railway,,,,,,,,,Short viaduct on current alignment (~1.5 km),18.0,30.0,0.0,0.0,0.0,>2100,>2100,>2100,structural,,,,
B,,,,SSP2-4.5,baseline,2050,,,,,,,,,,Portimão/Arade (railway),Railway,,,,,,,,,Short viaduct on current alignment (~1.5 km),18.0,30.0,0.0003,0.0,0.0003,>2100,>2100,>2100,structural,,,,
B,,,,SSP2-4.5,baseline,2075,,,,,,,,,,Portimão/Arade (railway),Railway,,,,,,,,,Short viaduct on current alignment (~1.5 km),18.0,30.0,0.0017,0.0,0.0017,>2100,>2100,>2100,structural,,,,
B,,,,SSP2-4.5,baseline,2100,,,,,,,,,,Portimão/Arade (railway),Railway,,,,,,,,,Short viaduct on current alignment (~1.5 km),18.0,30.0,0.0062,0.0,0.0062,>2100,>2100,>2100,structural,,,,
C,,,,SSP2-4.5,baseline,2030,,,,,,,,,,Portimão/Arade (railway),Railway,,,,,,,,,Short realignment to higher ground (terrain check pending),,,0.0,0.0,0.0,TBD,TBD,TBD,structural,,,,
C,,,,SSP2-4.5,baseline,2050,,,,,,,,,,Portimão/Arade (railway),Railway,,,,,,,,,Short realignment to higher ground (terrain check pending),,,0.0003,0.0,0.0003,TBD,TBD,TBD,structural,,,,
C,,,,SSP2-4.5,baseline,2075,,,,,,,,,,Portimão/Arade (railway),Railway,,,,,,,,,Short realignment to higher ground (terrain check pending),,,0.0017,0.0,0.0017,TBD,TBD,TBD,structural,,,,
C,,,,SSP2-4.5,baseline,2100,,,,,,,,,,Portimão/Arade (railway),Railway,,,,,,,,,Short realignment to higher ground (terrain check pending),,,0.0062,0.0,0.0062,TBD,TBD,TBD,structural,,,,
A,,,,SSP2-4.5,+geoid,2030,,,,,,,,,,Portimão/Arade (railway),Railway,,,,,,,,,Managed retreat — permanent bus replacement (NPV 2025-2100),8.9,14.2,0.0001,0.0,0.0001,2084,2089,2093,retreat,,,,
A,,,,SSP2-4.5,+geoid,2050,,,,,,,,,,Portimão/Arade (railway),Railway,,,,,,,,,Managed retreat — permanent bus replacement (NPV 2025-2100),8.9,14.2,0.001,0.0,0.001,2084,2089,2093,retreat,,,,
A,,,,SSP2-4.5,+geoid,2075,,,,,,,,,,Portimão/Arade (railway),Railway,,,,,,,,,Managed retreat — permanent bus replacement (NPV 2025-2100),8.9,14.2,0.0056,0.0,0.0056,2084,2089,2093,retreat,,,,
A,,,,SSP2-4.5,+geoid,2100,,,,,,,,,,Portimão/Arade (railway),Railway,,,,,,,,,Managed retreat — permanent bus replacement (NPV 2025-2100),8.9,14.2,0.0203,0.0,0.0203,2084,2089,2093,retreat,,,,
B,,,,SSP2-4.5,+geoid,2030,,,,,,,,,,Portimão/Arade (railway),Railway,,,,,,,,,Short viaduct on current alignment (~1.5 km),18.0,30.0,0.0001,0.0,0.0001,2098,>2100,>2100,structural,,,,
B,,,,SSP2-4.5,+geoid,2050,,,,,,,,,,Portimão/Arade (railway),Railway,,,,,,,,,Short viaduct on current alignment (~1.5 km),18.0,30.0,0.001,0.0,0.001,2098,>2100,>2100,structural,,,,
B,,,,SSP2-4.5,+geoid,2075,,,,,,,,,,Portimão/Arade (railway),Railway,,,,,,,,,Short viaduct on current alignment (~1.5 km),18.0,30.0,0.0056,0.0,0.0056,2098,>2100,>2100,structural,,,,
B,,,,SSP2-4.5,+geoid,2100,,,,,,,,,,Portimão/Arade (railway),Railway,,,,,,,,,Short viaduct on current alignment (~1.5 km),18.0,30.0,0.0203,0.0,0.0203,2098,>2100,>2100,structural,,,,
C,,,,SSP2-4.5,+geoid,2030,,,,,,,,,,Portimão/Arade (railway),Railway,,,,,,,,,Short realignment to higher ground (terrain check pending),,,0.0001,0.0,0.0001,TBD,TBD,TBD,structural,,,,
C,,,,SSP2-4.5,+geoid,2050,,,,,,,,,,Portimão/Arade (railway),Railway,,,,,,,,,Short realignment to higher ground (terrain check pending),,,0.001,0.0,0.001,TBD,TBD,TBD,structural,,,,
C,,,,SSP2-4.5,+geoid,2075,,,,,,,,,,Portimão/Arade (railway),Railway,,,,,,,,,Short realignment to higher ground (terrain check pending),,,0.0056,0.0,0.0056,TBD,TBD,TBD,structural,,,,
C,,,,SSP2-4.5,+geoid,2100,,,,,,,,,,Portimão/Arade (railway),Railway,,,,,,,,,Short realignment to higher ground (terrain check pending),,,0.0203,0.0,0.0203,TBD,TBD,TBD,structural,,,,
A,,,,SSP5-8.5,baseline,2030,,,,,,,,,,Portimão/Arade (railway),Railway,,,,,,,,,Managed retreat — permanent bus replacement (NPV 2025-2100),8.9,14.2,0.0,0.0,0.0,2078,2080,2083,retreat,,,,
A,,,,SSP5-8.5,baseline,2050,,,,,,,,,,Portimão/Arade (railway),Railway,,,,,,,,,Managed retreat — permanent bus replacement (NPV 2025-2100),8.9,14.2,0.0006,0.0,0.0006,2078,2080,2083,retreat,,,,
A,,,,SSP5-8.5,baseline,2075,,,,,,,,,,Portimão/Arade (railway),Railway,,,,,,,,,Managed retreat — permanent bus replacement (NPV 2025-2100),8.9,14.2,0.0072,0.0,0.0072,2078,2080,2083,retreat,,,,
A,,,,SSP5-8.5,baseline,2100,,,,,,,,,,Portimão/Arade (railway),Railway,,,,,,,,,Managed retreat — permanent bus replacement (NPV 2025-2100),8.9,14.2,0.0559,0.0,0.0558,2078,2080,2083,retreat,,,,
B,,,,SSP5-8.5,baseline,2030,,,,,,,,,,Portimão/Arade (railway),Railway,,,,,,,,,Short viaduct on current alignment (~1.5 km),18.0,30.0,0.0,0.0,0.0,2085,2088,2091,structural,,,,
B,,,,SSP5-8.5,baseline,2050,,,,,,,,,,Portimão/Arade (railway),Railway,,,,,,,,,Short viaduct on current alignment (~1.5 km),18.0,30.0,0.0006,0.0,0.0006,2085,2088,2091,structural,,,,
B,,,,SSP5-8.5,baseline,2075,,,,,,,,,,Portimão/Arade (railway),Railway,,,,,,,,,Short viaduct on current alignment (~1.5 km),18.0,30.0,0.0072,0.0,0.0072,2085,2088,2091,structural,,,,
B,,,,SSP5-8.5,baseline,2100,,,,,,,,,,Portimão/Arade (railway),Railway,,,,,,,,,Short viaduct on current alignment (~1.5 km),18.0,30.0,0.0559,0.0,0.0558,2085,2088,2091,structural,,,,
C,,,,SSP5-8.5,baseline,2030,,,,,,,,,,Portimão/Arade (railway),Railway,,,,,,,,,Short realignment to higher ground (terrain check pending),,,0.0,0.0,0.0,TBD,TBD,TBD,structural,,,,
C,,,,SSP5-8.5,baseline,2050,,,,,,,,,,Portimão/Arade (railway),Railway,,,,,,,,,Short realignment to higher ground (terrain check pending),,,0.0006,0.0,0.0006,TBD,TBD,TBD,structural,,,,
C,,,,SSP5-8.5,baseline,2075,,,,,,,,,,Portimão/Arade (railway),Railway,,,,,,,,,Short realignment to higher ground (terrain check pending),,,0.0072,0.0,0.0072,TBD,TBD,TBD,structural,,,,
C,,,,SSP5-8.5,baseline,2100,,,,,,,,,,Portimão/Arade (railway),Railway,,,,,,,,,Short realignment to higher ground (terrain check pending),,,0.0559,0.0,0.0558,TBD,TBD,TBD,structural,,,,
A,,,,SSP5-8.5,+geoid,2030,,,,,,,,,,Portimão/Arade (railway),Railway,,,,,,,,,Managed retreat — permanent bus replacement (NPV 2025-2100),8.9,14.2,0.0001,0.0,0.0001,2065,2068,2070,retreat,,,,
A,,,,SSP5-8.5,+geoid,2050,,,,,,,,,,Portimão/Arade (railway),Railway,,,,,,,,,Managed retreat — permanent bus replacement (NPV 2025-2100),8.9,14.2,0.0019,0.0,0.0019,2065,2068,2070,retreat,,,,
A,,,,SSP5-8.5,+geoid,2075,,,,,,,,,,Portimão/Arade (railway),Railway,,,,,,,,,Managed retreat — permanent bus replacement (NPV 2025-2100),8.9,14.2,0.0233,0.0,0.0233,2065,2068,2070,retreat,,,,
A,,,,SSP5-8.5,+geoid,2100,,,,,,,,,,Portimão/Arade (railway),Railway,,,,,,,,,Managed retreat — permanent bus replacement (NPV 2025-2100),8.9,14.2,0.0883,0.0,0.0883,2065,2068,2070,retreat,,,,
B,,,,SSP5-8.5,+geoid,2030,,,,,,,,,,Portimão/Arade (railway),Railway,,,,,,,,,Short viaduct on current alignment (~1.5 km),18.0,30.0,0.0001,0.0,0.0001,2073,2076,2078,structural,,,,
B,,,,SSP5-8.5,+geoid,2050,,,,,,,,,,Portimão/Arade (railway),Railway,,,,,,,,,Short viaduct on current alignment (~1.5 km),18.0,30.0,0.0019,0.0,0.0019,2073,2076,2078,structural,,,,
B,,,,SSP5-8.5,+geoid,2075,,,,,,,,,,Portimão/Arade (railway),Railway,,,,,,,,,Short viaduct on current alignment (~1.5 km),18.0,30.0,0.0233,0.0,0.0233,2073,2076,2078,structural,,,,
B,,,,SSP5-8.5,+geoid,2100,,,,,,,,,,Portimão/Arade (railway),Railway,,,,,,,,,Short viaduct on current alignment (~1.5 km),18.0,30.0,0.0883,0.0,0.0883,2073,2076,2078,structural,,,,
C,,,,SSP5-8.5,+geoid,2030,,,,,,,,,,Portimão/Arade (railway),Railway,,,,,,,,,Short realignment to higher ground (terrain check pending),,,0.0001,0.0,0.0001,TBD,TBD,TBD,structural,,,,
C,,,,SSP5-8.5,+geoid,2050,,,,,,,,,,Portimão/Arade (railway),Railway,,,,,,,,,Short realignment to higher ground (terrain check pending),,,0.0019,0.0,0.0019,TBD,TBD,TBD,structural,,,,
C,,,,SSP5-8.5,+geoid,2075,,,,,,,,,,Portimão/Arade (railway),Railway,,,,,,,,,Short realignment to higher ground (terrain check pending),,,0.0233,0.0,0.0233,TBD,TBD,TBD,structural,,,,
C,,,,SSP5-8.5,+geoid,2100,,,,,,,,,,Portimão/Arade (railway),Railway,,,,,,,,,Short realignment to higher ground (terrain check pending),,,0.0883,0.0,0.0883,TBD,TBD,TBD,structural,,,,
Option 1: Physical Flood-Proofing,,,,SSP1-2.6,Baseline,,,,,,,,,,,Leixões,Port,35000000,47500000.0,60000000,,,,,,,,,,,,,,,,Leixões,2061,2067,2071
Option 1: Physical Flood-Proofing,,,,SSP1-2.6,+Geoid,,,,,,,,,,,Leixões,Port,35000000,47500000.0,60000000,,,,,,,,,,,,,,,,Leixões,2042,2045,2048
Option 1: Physical Flood-Proofing,,,,SSP2-4.5,Baseline,,,,,,,,,,,Leixões,Port,35000000,47500000.0,60000000,,,,,,,,,,,,,,,,Leixões,2051,2054,2056
Option 1: Physical Flood-Proofing,,,,SSP2-4.5,+Geoid,,,,,,,,,,,Leixões,Port,35000000,47500000.0,60000000,,,,,,,,,,,,,,,,Leixões,2038,2041,2043
Option 1: Physical Flood-Proofing,,,,SSP5-8.5,Baseline,,,,,,,,,,,Leixões,Port,35000000,47500000.0,60000000,,,,,,,,,,,,,,,,Leixões,2045,2047,2049
Option 1: Physical Flood-Proofing,,,,SSP5-8.5,+Geoid,,,,,,,,,,,Leixões,Port,35000000,47500000.0,60000000,,,,,,,,,,,,,,,,Leixões,2036,2038,2039
Option 2: Landside Access Resilience,,,,SSP1-2.6,Baseline,,,,,,,,,,,Leixões,Port,20000000,27500000.0,35000000,,,,,,,,,,,,,,,,Leixões,2053,2058,2061
Option 2: Landside Access Resilience,,,,SSP1-2.6,+Geoid,,,,,,,,,,,Leixões,Port,20000000,27500000.0,35000000,,,,,,,,,,,,,,,,Leixões,2037,2040,2042
Option 2: Landside Access Resilience,,,,SSP2-4.5,Baseline,,,,,,,,,,,Leixões,Port,20000000,27500000.0,35000000,,,,,,,,,,,,,,,,Leixões,2046,2048,2051
Option 2: Landside Access Resilience,,,,SSP2-4.5,+Geoid,,,,,,,,,,,Leixões,Port,20000000,27500000.0,35000000,,,,,,,,,,,,,,,,Leixões,2035,2037,2038
Option 2: Landside Access Resilience,,,,SSP5-8.5,Baseline,,,,,,,,,,,Leixões,Port,20000000,27500000.0,35000000,,,,,,,,,,,,,,,,Leixões,2041,2043,2045
Option 2: Landside Access Resilience,,,,SSP5-8.5,+Geoid,,,,,,,,,,,Leixões,Port,20000000,27500000.0,35000000,,,,,,,,,,,,,,,,Leixões,2033,2035,2036
Option 3: Operational Resilience Protocol,,,,SSP1-2.6,Baseline,,,,,,,,,,,Leixões,Port,10000000,15000000.0,20000000,,,,,,,,,,,,,,,,Leixões,2048,2054,2059
Option 3: Operational Resilience Protocol,,,,SSP1-2.6,+Geoid,,,,,,,,,,,Leixões,Port,10000000,15000000.0,20000000,,,,,,,,,,,,,,,,Leixões,2036,2039,2042
Option 3: Operational Resilience Protocol,,,,SSP2-4.5,Baseline,,,,,,,,,,,Leixões,Port,10000000,15000000.0,20000000,,,,,,,,,,,,,,,,Leixões,2043,2047,2050
Option 3: Operational Resilience Protocol,,,,SSP2-4.5,+Geoid,,,,,,,,,,,Leixões,Port,10000000,15000000.0,20000000,,,,,,,,,,,,,,,,Leixões,2034,2036,2039
Option 3: Operational Resilience Protocol,,,,SSP5-8.5,Baseline,,,,,,,,,,,Leixões,Port,10000000,15000000.0,20000000,,,,,,,,,,,,,,,,Leixões,2040,2043,2045
Option 3: Operational Resilience Protocol,,,,SSP5-8.5,+Geoid,,,,,,,,,,,Leixões,Port,10000000,15000000.0,20000000,,,,,,,,,,,,,,,,Leixões,2033,2035,2036
Option 1: Physical Flood-Proofing,,,,SSP1-2.6,Baseline,,,,,,,,,,,Lisbon,Port,30000000,40000000.0,50000000,,,,,,,,,,,,,,,,Lisbon,2044,2047,2049
Option 1: Physical Flood-Proofing,,,,SSP1-2.6,+Geoid,,,,,,,,,,,Lisbon,Port,30000000,40000000.0,50000000,,,,,,,,,,,,,,,,Lisbon,2032,2033,2035
Option 1: Physical Flood-Proofing,,,,SSP2-4.5,Baseline,,,,,,,,,,,Lisbon,Port,30000000,40000000.0,50000000,,,,,,,,,,,,,,,,Lisbon,2039,2041,2043
Option 1: Physical Flood-Proofing,,,,SSP2-4.5,+Geoid,,,,,,,,,,,Lisbon,Port,30000000,40000000.0,50000000,,,,,,,,,,,,,,,,Lisbon,2031,2032,2033
Option 1: Physical Flood-Proofing,,,,SSP5-8.5,Baseline,,,,,,,,,,,Lisbon,Port,30000000,40000000.0,50000000,,,,,,,,,,,,,,,,Lisbon,2036,2038,2039
Option 1: Physical Flood-Proofing,,,,SSP5-8.5,+Geoid,,,,,,,,,,,Lisbon,Port,30000000,40000000.0,50000000,,,,,,,,,,,,,,,,Lisbon,2030,2031,2032
Option 2: Landside Access Resilience,,,,SSP1-2.6,Baseline,,,,,,,,,,,Lisbon,Port,25000000,35000000.0,45000000,,,,,,,,,,,,,,,,Lisbon,2042,2046,2048
Option 2: Landside Access Resilience,,,,SSP1-2.6,+Geoid,,,,,,,,,,,Lisbon,Port,25000000,35000000.0,45000000,,,,,,,,,,,,,,,,Lisbon,2031,2033,2034
Option 2: Landside Access Resilience,,,,SSP2-4.5,Baseline,,,,,,,,,,,Lisbon,Port,25000000,35000000.0,45000000,,,,,,,,,,,,,,,,Lisbon,2038,2040,2042
Option 2: Landside Access Resilience,,,,SSP2-4.5,+Geoid,,,,,,,,,,,Lisbon,Port,25000000,35000000.0,45000000,,,,,,,,,,,,,,,,Lisbon,2030,2031,2032
Option 2: Landside Access Resilience,,,,SSP5-8.5,Baseline,,,,,,,,,,,Lisbon,Port,25000000,35000000.0,45000000,,,,,,,,,,,,,,,,Lisbon,2035,2037,2038
Option 2: Landside Access Resilience,,,,SSP5-8.5,+Geoid,,,,,,,,,,,Lisbon,Port,25000000,35000000.0,45000000,,,,,,,,,,,,,,,,Lisbon,2030,2030,2031
Option 3: Operational Resilience Protocol,,,,SSP1-2.6,Baseline,,,,,,,,,,,Lisbon,Port,12000000,17000000.0,22000000,,,,,,,,,,,,,,,,Lisbon,2036,2040,2042
Option 3: Operational Resilience Protocol,,,,SSP1-2.6,+Geoid,,,,,,,,,,,Lisbon,Port,12000000,17000000.0,22000000,,,,,,,,,,,,,,,,Lisbon,2030,2031,2033
Option 3: Operational Resilience Protocol,,,,SSP2-4.5,Baseline,,,,,,,,,,,Lisbon,Port,12000000,17000000.0,22000000,,,,,,,,,,,,,,,,Lisbon,2034,2037,2039
Option 3: Operational Resilience Protocol,,,,SSP2-4.5,+Geoid,,,,,,,,,,,Lisbon,Port,12000000,17000000.0,22000000,,,,,,,,,,,,,,,,Lisbon,2029,2031,2032
Option 3: Operational Resilience Protocol,,,,SSP5-8.5,Baseline,,,,,,,,,,,Lisbon,Port,12000000,17000000.0,22000000,,,,,,,,,,,,,,,,Lisbon,2033,2035,2036
Option 3: Operational Resilience Protocol,,,,SSP5-8.5,+Geoid,,,,,,,,,,,Lisbon,Port,12000000,17000000.0,22000000,,,,,,,,,,,,,,,,Lisbon,2029,2030,2031
Option 1: Physical Flood-Proofing,,,,SSP1-2.6,Baseline,,,,,,,,,,,Setúbal,Port,20000000,30000000.0,40000000,,,,,,,,,,,,,,,,Setúbal,2045,2049,2053
Option 1: Physical Flood-Proofing,,,,SSP1-2.6,+Geoid,,,,,,,,,,,Setúbal,Port,20000000,30000000.0,40000000,,,,,,,,,,,,,,,,Setúbal,2032,2035,2037
Option 1: Physical Flood-Proofing,,,,SSP2-4.5,Baseline,,,,,,,,,,,Setúbal,Port,20000000,30000000.0,40000000,,,,,,,,,,,,,,,,Setúbal,2040,2043,2045
Option 1: Physical Flood-Proofing,,,,SSP2-4.5,+Geoid,,,,,,,,,,,Setúbal,Port,20000000,30000000.0,40000000,,,,,,,,,,,,,,,,Setúbal,2031,2033,2034
Option 1: Physical Flood-Proofing,,,,SSP5-8.5,Baseline,,,,,,,,,,,Setúbal,Port,20000000,30000000.0,40000000,,,,,,,,,,,,,,,,Setúbal,2037,2039,2041
Option 1: Physical Flood-Proofing,,,,SSP5-8.5,+Geoid,,,,,,,,,,,Setúbal,Port,20000000,30000000.0,40000000,,,,,,,,,,,,,,,,Setúbal,2030,2032,2033
Option 2: Landside Access Resilience,,,,SSP1-2.6,Baseline,,,,,,,,,,,Setúbal,Port,15000000,22500000.0,30000000,,,,,,,,,,,,,,,,Setúbal,2042,2046,2049
Option 2: Landside Access Resilience,,,,SSP1-2.6,+Geoid,,,,,,,,,,,Setúbal,Port,15000000,22500000.0,30000000,,,,,,,,,,,,,,,,Setúbal,2031,2033,2035
Option 2: Landside Access Resilience,,,,SSP2-4.5,Baseline,,,,,,,,,,,Setúbal,Port,15000000,22500000.0,30000000,,,,,,,,,,,,,,,,Setúbal,2038,2041,2043
Option 2: Landside Access Resilience,,,,SSP2-4.5,+Geoid,,,,,,,,,,,Setúbal,Port,15000000,22500000.0,30000000,,,,,,,,,,,,,,,,Setúbal,2030,2032,2033
Option 2: Landside Access Resilience,,,,SSP5-8.5,Baseline,,,,,,,,,,,Setúbal,Port,15000000,22500000.0,30000000,,,,,,,,,,,,,,,,Setúbal,2035,2037,2039
Option 2: Landside Access Resilience,,,,SSP5-8.5,+Geoid,,,,,,,,,,,Setúbal,Port,15000000,22500000.0,30000000,,,,,,,,,,,,,,,,Setúbal,2030,2031,2032
Option 3: Operational Resilience Protocol,,,,SSP1-2.6,Baseline,,,,,,,,,,,Setúbal,Port,8000000,11500000.0,15000000,,,,,,,,,,,,,,,,Setúbal,2037,2041,2044
Option 3: Operational Resilience Protocol,,,,SSP1-2.6,+Geoid,,,,,,,,,,,Setúbal,Port,8000000,11500000.0,15000000,,,,,,,,,,,,,,,,Setúbal,2030,2032,2033
Option 3: Operational Resilience Protocol,,,,SSP2-4.5,Baseline,,,,,,,,,,,Setúbal,Port,8000000,11500000.0,15000000,,,,,,,,,,,,,,,,Setúbal,2035,2038,2040
Option 3: Operational Resilience Protocol,,,,SSP2-4.5,+Geoid,,,,,,,,,,,Setúbal,Port,8000000,11500000.0,15000000,,,,,,,,,,,,,,,,Setúbal,2030,2031,2032
Option 3: Operational Resilience Protocol,,,,SSP5-8.5,Baseline,,,,,,,,,,,Setúbal,Port,8000000,11500000.0,15000000,,,,,,,,,,,,,,,,Setúbal,2033,2036,2037
Option 3: Operational Resilience Protocol,,,,SSP5-8.5,+Geoid,,,,,,,,,,,Setúbal,Port,8000000,11500000.0,15000000,,,,,,,,,,,,,,,,Setúbal,2029,2030,2031
