section,section_type,scenario,variant,year,slr_m,annual_cost_mid_eur,annual_cost_low_eur,annual_cost_high_eur,cumulative_cost_mid_eur,cumulative_cost_low_eur,cumulative_cost_high_eur,return_period_yr,closure_days_yr
Mondego (railway),Railway,SSP1-2.6,Baseline,2025,0.035,1704725.00,852362.00,2983268.00,1704725.00,852362.00,2983268.00,3.14,1.7
Mondego (railway),Railway,SSP1-2.6,+Geoid,2025,0.185,6173566.00,3086783.00,10803740.00,6173566.00,3086783.00,10803740.00,1.11,6.2
Mondego (railway),Railway,SSP1-2.6,Baseline,2026,0.042,1812892.00,906446.00,3172561.00,3517617.00,1758808.00,6155829.00,2.99,1.8
Mondego (railway),Railway,SSP1-2.6,+Geoid,2026,0.192,6546719.00,3273359.00,11456758.00,12720285.00,6360142.00,22260498.00,1.06,6.5
Mondego (railway),Railway,SSP1-2.6,Baseline,2027,0.049,1927601.00,963800.00,3373301.00,5445217.00,2722609.00,9529130.00,2.85,1.9
Mondego (railway),Railway,SSP1-2.6,+Geoid,2027,0.199,6941717.00,3470858.00,12148004.00,19662001.00,9831001.00,34408502.00,1.01,6.9
Mondego (railway),Railway,SSP1-2.6,Baseline,2028,0.056,2049234.00,1024617.00,3586160.00,7494451.00,3747226.00,13115290.00,2.71,2.0
Mondego (railway),Railway,SSP1-2.6,+Geoid,2028,0.206,7359808.00,3679904.00,12879664.00,27021809.00,13510905.00,47288166.00,0.96,7.4
Mondego (railway),Railway,SSP1-2.6,Baseline,2029,0.063,2178198.00,1089099.00,3811846.00,9672649.00,4836325.00,16927136.00,2.58,2.2
Mondego (railway),Railway,SSP1-2.6,+Geoid,2029,0.213,7802314.00,3901157.00,13654050.00,34824123.00,17412062.00,60942216.00,0.91,7.8
Mondego (railway),Railway,SSP1-2.6,Baseline,2030,0.07,2314919.00,1157460.00,4051109.00,11987569.00,5993784.00,20978245.00,2.46,2.3
Mondego (railway),Railway,SSP1-2.6,+Geoid,2030,0.22,8270628.00,4135314.00,14473599.00,43094752.00,21547376.00,75415815.00,0.87,8.3
Mondego (railway),Railway,SSP1-2.6,Baseline,2031,0.077,2449217.00,1224609.00,4286130.00,14436786.00,7218393.00,25264375.00,2.35,2.4
Mondego (railway),Railway,SSP1-2.6,+Geoid,2031,0.227,8729886.00,4364943.00,15277300.00,51824638.00,25912319.00,90693116.00,0.83,8.7
Mondego (railway),Railway,SSP1-2.6,Baseline,2032,0.083,2590976.00,1295488.00,4534209.00,17027762.00,8513881.00,29798583.00,2.25,2.6
Mondego (railway),Railway,SSP1-2.6,+Geoid,2032,0.233,9213908.00,4606954.00,16124339.00,61038546.00,30519273.00,106817455.00,0.8,9.2
Mondego (railway),Railway,SSP1-2.6,Baseline,2033,0.09,2740600.00,1370300.00,4796050.00,19768362.00,9884181.00,34594634.00,2.15,2.7
Mondego (railway),Railway,SSP1-2.6,+Geoid,2033,0.239,9724002.00,4862001.00,17017003.00,70762547.00,35381274.00,123834458.00,0.76,9.7
Mondego (railway),Railway,SSP1-2.6,Baseline,2034,0.096,2898512.00,1449256.00,5072396.00,22666874.00,11333437.00,39667029.00,2.06,2.9
Mondego (railway),Railway,SSP1-2.6,+Geoid,2034,0.246,10261542.00,5130771.00,17957698.00,81024089.00,40512045.00,141792156.00,0.73,10.3
Mondego (railway),Railway,SSP1-2.6,Baseline,2035,0.103,3065158.00,1532579.00,5364026.00,25732031.00,12866016.00,45031055.00,1.97,3.1
Mondego (railway),Railway,SSP1-2.6,+Geoid,2035,0.253,10827975.00,5413988.00,18948957.00,91852064.00,45926032.00,160741113.00,0.69,10.8
Mondego (railway),Railway,SSP1-2.6,Baseline,2036,0.109,3241007.00,1620504.00,5671763.00,28973039.00,14486519.00,50702817.00,1.88,3.2
Mondego (railway),Railway,SSP1-2.6,+Geoid,2036,0.259,11424823.00,5712411.00,19993440.00,103276887.00,51638444.00,180734553.00,0.66,11.4
Mondego (railway),Railway,SSP1-2.6,Baseline,2037,0.116,3426555.00,1713278.00,5996471.00,32399594.00,16199797.00,56699289.00,1.8,3.4
Mondego (railway),Railway,SSP1-2.6,+Geoid,2037,0.266,12053685.00,6026843.00,21093949.00,115330572.00,57665286.00,201828502.00,0.64,12.1
Mondego (railway),Railway,SSP1-2.6,Baseline,2038,0.122,3622321.00,1811161.00,6339063.00,36021915.00,18010958.00,63038351.00,1.72,3.6
Mondego (railway),Railway,SSP1-2.6,+Geoid,2038,0.272,12716245.00,6358123.00,22253429.00,128046818.00,64023409.00,224081931.00,0.61,12.7
Mondego (railway),Railway,SSP1-2.6,Baseline,2039,0.129,3828854.00,1914427.00,6700495.00,39850769.00,19925385.00,69738846.00,1.64,3.8
Mondego (railway),Railway,SSP1-2.6,+Geoid,2039,0.278,13414274.00,6707137.00,23474979.00,141461091.00,70730546.00,247556910.00,0.58,13.4
Mondego (railway),Railway,SSP1-2.6,Baseline,2040,0.135,4046730.00,2023365.00,7081777.00,43897499.00,21948750.00,76820624.00,1.57,4.0
Mondego (railway),Railway,SSP1-2.6,+Geoid,2040,0.285,14149632.00,7074816.00,24761856.00,155610724.00,77805362.00,272318766.00,0.55,14.1
Mondego (railway),Railway,SSP1-2.6,Baseline,2041,0.142,4276556.00,2138278.00,7483972.00,48174055.00,24087027.00,84304596.00,1.5,4.3
Mondego (railway),Railway,SSP1-2.6,+Geoid,2041,0.291,14924279.00,7462140.00,26117489.00,170535003.00,85267501.00,298436255.00,0.53,14.9
Mondego (railway),Railway,SSP1-2.6,Baseline,2042,0.148,4518969.00,2259485.00,7908197.00,52693024.00,26346512.00,92212792.00,1.43,4.5
Mondego (railway),Railway,SSP1-2.6,+Geoid,2042,0.298,15740274.00,7870137.00,27545479.00,186275277.00,93137638.00,325981734.00,0.51,15.7
Mondego (railway),Railway,SSP1-2.6,Baseline,2043,0.155,4774644.00,2387322.00,8355627.00,57467668.00,28733834.00,100568420.00,1.37,4.8
Mondego (railway),Railway,SSP1-2.6,+Geoid,2043,0.304,16599782.00,8299891.00,29049619.00,202875059.00,101437530.00,355031354.00,0.48,16.6
Mondego (railway),Railway,SSP1-2.6,Baseline,2044,0.161,5044287.00,2522143.00,8827502.00,62511955.00,31255978.00,109395921.00,1.31,5.0
Mondego (railway),Railway,SSP1-2.6,+Geoid,2044,0.311,17505082.00,8752541.00,30633893.00,220380141.00,110190071.00,385665247.00,0.46,17.5
Mondego (railway),Railway,SSP1-2.6,Baseline,2045,0.168,5328642.00,2664321.00,9325123.00,67840597.00,33920298.00,118721044.00,1.25,5.3
Mondego (railway),Railway,SSP1-2.6,+Geoid,2045,0.318,18458568.00,9229284.00,32302494.00,238838709.00,119419355.00,417967741.00,0.44,18.5
Mondego (railway),Railway,SSP1-2.6,Baseline,2046,0.174,5628493.00,2814246.00,9849862.00,73469089.00,36734545.00,128570906.00,1.2,5.6
Mondego (railway),Railway,SSP1-2.6,+Geoid,2046,0.324,19462759.00,9731380.00,34059828.00,258301468.00,129150734.00,452027569.00,0.42,19.5
Mondego (railway),Railway,SSP1-2.6,Baseline,2047,0.181,5944664.00,2972332.00,10403161.00,79413753.00,39706876.00,138974068.00,1.14,5.9
Mondego (railway),Railway,SSP1-2.6,+Geoid,2047,0.331,20520304.00,10260152.00,35910531.00,278821772.00,139410886.00,487938101.00,0.4,20.5
Mondego (railway),Railway,SSP1-2.6,Baseline,2048,0.187,6278022.00,3139011.00,10986539.00,85691775.00,42845887.00,149960606.00,1.09,6.3
Mondego (railway),Railway,SSP1-2.6,+Geoid,2048,0.337,21633986.00,10816993.00,37859476.00,300455758.00,150227879.00,525797577.00,0.39,21.6
Mondego (railway),Railway,SSP1-2.6,Baseline,2049,0.194,6629481.00,3314740.00,11601591.00,92321256.00,46160628.00,161562198.00,1.05,6.6
Mondego (railway),Railway,SSP1-2.6,+Geoid,2049,0.344,22806736.00,11403368.00,39911788.00,323262494.00,161631247.00,565709364.00,0.37,22.8
Mondego (railway),Railway,SSP1-2.6,Baseline,2050,0.2,7000000.00,3500000.00,12250000.00,99321256.00,49660628.00,173812198.00,1.0,7.0
Mondego (railway),Railway,SSP1-2.6,+Geoid,2050,0.35,24041631.00,12020815.00,42072853.00,347304125.00,173652062.00,607782218.00,0.35,24.0
Mondego (railway),Railway,SSP1-2.6,Baseline,2051,0.204,7237921.00,3618961.00,12666362.00,106559177.00,53279589.00,186478560.00,0.97,7.2
Mondego (railway),Railway,SSP1-2.6,+Geoid,2051,0.354,24833851.00,12416925.00,43459239.00,372137975.00,186068988.00,651241456.00,0.34,24.8
Mondego (railway),Railway,SSP1-2.6,Baseline,2052,0.208,7483688.00,3741844.00,13096454.00,114042865.00,57021432.00,199575013.00,0.95,7.5
Mondego (railway),Railway,SSP1-2.6,+Geoid,2052,0.358,25651613.00,12825807.00,44890323.00,397789588.00,198894794.00,696131779.00,0.33,25.7
Mondego (railway),Railway,SSP1-2.6,Baseline,2053,0.212,7737552.00,3868776.00,13540716.00,121780417.00,60890209.00,213115730.00,0.92,7.7
Mondego (railway),Railway,SSP1-2.6,+Geoid,2053,0.362,26495728.00,13247864.00,46367524.00,424285316.00,212142658.00,742499304.00,0.33,26.5
Mondego (railway),Railway,SSP1-2.6,Baseline,2054,0.216,7999776.00,3999888.00,13999608.00,129780193.00,64890096.00,227115338.00,0.9,8.0
Mondego (railway),Railway,SSP1-2.6,+Geoid,2054,0.366,27367031.00,13683516.00,47892304.00,451652347.00,225826174.00,790391608.00,0.32,27.4
Mondego (railway),Railway,SSP1-2.6,Baseline,2055,0.22,8270628.00,4135314.00,14473599.00,138050821.00,69025411.00,241588937.00,0.87,8.3
Mondego (railway),Railway,SSP1-2.6,+Geoid,2055,0.37,28266383.00,14133192.00,49466171.00,479918731.00,239959365.00,839857779.00,0.31,28.3
Mondego (railway),Railway,SSP1-2.6,Baseline,2056,0.224,8550387.00,4275193.00,14963177.00,146601208.00,73300604.00,256552114.00,0.85,8.6
Mondego (railway),Railway,SSP1-2.6,+Geoid,2056,0.374,29194674.00,14597337.00,51090679.00,509113404.00,254556702.00,890948458.00,0.3,29.2
Mondego (railway),Railway,SSP1-2.6,Baseline,2057,0.228,8839339.00,4419669.00,15468843.00,155440547.00,77720273.00,272020957.00,0.82,8.8
Mondego (railway),Railway,SSP1-2.6,+Geoid,2057,0.378,30152818.00,15076409.00,52767432.00,539266223.00,269633111.00,943715889.00,0.29,30.2
Mondego (railway),Railway,SSP1-2.6,Baseline,2058,0.232,9137780.00,4568890.00,15991114.00,164578326.00,82289163.00,288012071.00,0.8,9.1
Mondego (railway),Railway,SSP1-2.6,+Geoid,2058,0.382,31141762.00,15570881.00,54498083.00,570407984.00,285203992.00,998213972.00,0.28,31.1
Mondego (railway),Railway,SSP1-2.6,Baseline,2059,0.236,9446015.00,4723007.00,16530526.00,174024341.00,87012170.00,304542597.00,0.78,9.4
Mondego (railway),Railway,SSP1-2.6,+Geoid,2059,0.386,32162479.00,16081239.00,56284338.00,602570463.00,301285232.00,1054498310.00,0.28,32.2
Mondego (railway),Railway,SSP1-2.6,Baseline,2060,0.24,9764359.00,4882179.00,17087627.00,183788699.00,91894350.00,321630224.00,0.76,9.8
Mondego (railway),Railway,SSP1-2.6,+Geoid,2060,0.39,33215974.00,16607987.00,58127955.00,635786438.00,317893219.00,1112626266.00,0.27,33.2
Mondego (railway),Railway,SSP1-2.6,Baseline,2061,0.244,10093136.00,5046568.00,17662988.00,193881836.00,96940918.00,339293212.00,0.74,10.1
Mondego (railway),Railway,SSP1-2.6,+Geoid,2061,0.394,34303285.00,17151642.00,60030749.00,670089723.00,335044861.00,1172657014.00,0.26,34.3
Mondego (railway),Railway,SSP1-2.6,Baseline,2062,0.248,10432683.00,5216341.00,18257195.00,204314518.00,102157259.00,357550407.00,0.72,10.4
Mondego (railway),Railway,SSP1-2.6,+Geoid,2062,0.398,35425479.00,17712739.00,61994588.00,705515201.00,352757601.00,1234651602.00,0.25,35.4
Mondego (railway),Railway,SSP1-2.6,Baseline,2063,0.252,10783343.00,5391672.00,18870851.00,215097862.00,107548931.00,376421258.00,0.7,10.8
Mondego (railway),Railway,SSP1-2.6,+Geoid,2063,0.402,36583658.00,18291829.00,64021402.00,742098859.00,371049430.00,1298673004.00,0.25,36.6
Mondego (railway),Railway,SSP1-2.6,Baseline,2064,0.256,11145475.00,5572738.00,19504582.00,226243337.00,113121669.00,395925840.00,0.68,11.1
Mondego (railway),Railway,SSP1-2.6,+Geoid,2064,0.406,37778959.00,18889480.00,66113179.00,779877818.00,389938909.00,1364786182.00,0.24,37.8
Mondego (railway),Railway,SSP1-2.6,Baseline,2065,0.26,11519446.00,5759723.00,20159030.00,237762783.00,118881391.00,416084870.00,0.66,11.5
Mondego (railway),Railway,SSP1-2.6,+Geoid,2065,0.41,39012554.00,19506277.00,68271970.00,818890373.00,409445186.00,1433058152.00,0.23,39.0
Mondego (railway),Railway,SSP1-2.6,Baseline,2066,0.264,11905635.00,5952817.00,20834861.00,249668418.00,124834209.00,436919731.00,0.64,11.9
Mondego (railway),Railway,SSP1-2.6,+Geoid,2066,0.414,40285651.00,20142826.00,70499889.00,859176024.00,429588012.00,1503558041.00,0.23,40.3
Mondego (railway),Railway,SSP1-2.6,Baseline,2067,0.268,12304433.00,6152217.00,21532758.00,261972851.00,130986426.00,458452489.00,0.62,12.3
Mondego (railway),Railway,SSP1-2.6,+Geoid,2067,0.418,41599496.00,20799748.00,72799118.00,900775520.00,450387760.00,1576357160.00,0.22,41.6
Mondego (railway),Railway,SSP1-2.6,Baseline,2068,0.272,12716245.00,6358123.00,22253429.00,274689096.00,137344548.00,480705919.00,0.61,12.7
Mondego (railway),Railway,SSP1-2.6,+Geoid,2068,0.422,42955375.00,21477687.00,75171906.00,943730895.00,471865447.00,1651529065.00,0.21,43.0
Mondego (railway),Railway,SSP1-2.6,Baseline,2069,0.276,13141487.00,6570744.00,22997603.00,287830584.00,143915292.00,503703521.00,0.59,13.1
Mondego (railway),Railway,SSP1-2.6,+Geoid,2069,0.426,44354611.00,22177306.00,77620570.00,988085506.00,494042753.00,1729149635.00,0.21,44.4
Mondego (railway),Railway,SSP1-2.6,Baseline,2070,0.28,13580589.00,6790294.00,23766030.00,301411172.00,150705586.00,527469552.00,0.57,13.6
Mondego (railway),Railway,SSP1-2.6,+Geoid,2070,0.43,45798572.00,22899286.00,80147501.00,1033884078.00,516942039.00,1809297136.00,0.2,45.8
Mondego (railway),Railway,SSP1-2.6,Baseline,2071,0.284,14033993.00,7016997.00,24559488.00,315445166.00,157722583.00,552029040.00,0.56,14.0
Mondego (railway),Railway,SSP1-2.6,+Geoid,2071,0.434,47288666.00,23644333.00,82755166.00,1081172744.00,540586372.00,1892052302.00,0.2,47.3
Mondego (railway),Railway,SSP1-2.6,Baseline,2072,0.288,14502157.00,7251079.00,25378775.00,329947323.00,164973661.00,577407815.00,0.54,14.5
Mondego (railway),Railway,SSP1-2.6,+Geoid,2072,0.438,48826346.00,24413173.00,85446106.00,1129999091.00,564999545.00,1977498409.00,0.19,48.8
Mondego (railway),Railway,SSP1-2.6,Baseline,2073,0.292,14985553.00,7492777.00,26224718.00,344932876.00,172466438.00,603632533.00,0.53,15.0
Mondego (railway),Railway,SSP1-2.6,+Geoid,2073,0.442,50413110.00,25206555.00,88222943.00,1180412201.00,590206100.00,2065721352.00,0.19,50.4
Mondego (railway),Railway,SSP1-2.6,Baseline,2074,0.296,15484667.00,7742333.00,27098167.00,360417543.00,180208771.00,630730700.00,0.51,15.5
Mondego (railway),Railway,SSP1-2.6,+Geoid,2074,0.446,52050502.00,26025251.00,91088379.00,1232462703.00,616231352.00,2156809731.00,0.18,52.1
Mondego (railway),Railway,SSP1-2.6,Baseline,2075,0.3,16000000.00,8000000.00,28000000.00,376417543.00,188208771.00,658730700.00,0.5,16.0
Mondego (railway),Railway,SSP1-2.6,+Geoid,2075,0.45,53740115.00,26870058.00,94045202.00,1286202819.00,643101409.00,2250854933.00,0.18,53.7
Mondego (railway),Railway,SSP1-2.6,Baseline,2076,0.304,16532070.00,8266035.00,28931123.00,392949613.00,196474807.00,687661823.00,0.49,16.5
Mondego (railway),Railway,SSP1-2.6,+Geoid,2076,0.454,55483591.00,27741796.00,97096285.00,1341686410.00,670843205.00,2347951217.00,0.17,55.5
Mondego (railway),Railway,SSP1-2.6,Baseline,2077,0.308,17081412.00,8540706.00,29892470.00,410031025.00,205015512.00,717554293.00,0.47,17.1
Mondego (railway),Railway,SSP1-2.6,+Geoid,2077,0.458,57282623.00,28641312.00,100244591.00,1398969033.00,699484517.00,2448195808.00,0.17,57.3
Mondego (railway),Railway,SSP1-2.6,Baseline,2078,0.312,17648574.00,8824287.00,30885005.00,427679599.00,213839799.00,748439298.00,0.46,17.6
Mondego (railway),Railway,SSP1-2.6,+Geoid,2078,0.462,59138957.00,29569478.00,103493175.00,1458107990.00,729053995.00,2551688983.00,0.16,59.1
Mondego (railway),Railway,SSP1-2.6,Baseline,2079,0.316,18234126.00,9117063.00,31909721.00,445913725.00,222956862.00,780349019.00,0.45,18.2
Mondego (railway),Railway,SSP1-2.6,+Geoid,2079,0.466,61054393.00,30527196.00,106845187.00,1519162383.00,759581191.00,2658534170.00,0.16,61.1
Mondego (railway),Railway,SSP1-2.6,Baseline,2080,0.32,18838653.00,9419327.00,32967643.00,464752378.00,232376189.00,813316661.00,0.44,18.8
Mondego (railway),Railway,SSP1-2.6,+Geoid,2080,0.47,63030786.00,31515393.00,110303875.00,1582193169.00,791096584.00,2768838045.00,0.15,63.0
Mondego (railway),Railway,SSP1-2.6,Baseline,2081,0.324,19462759.00,9731380.00,34059828.00,484215137.00,242107568.00,847376490.00,0.42,19.5
Mondego (railway),Railway,SSP1-2.6,+Geoid,2081,0.474,65070051.00,32535025.00,113872589.00,1647263219.00,823631610.00,2882710634.00,0.15,65.1
Mondego (railway),Railway,SSP1-2.6,Baseline,2082,0.328,20107067.00,10053534.00,35187368.00,504322204.00,252161102.00,882563857.00,0.41,20.1
Mondego (railway),Railway,SSP1-2.6,+Geoid,2082,0.478,67174160.00,33587080.00,117554780.00,1714437379.00,857218690.00,3000265413.00,0.15,67.2
Mondego (railway),Railway,SSP1-2.6,Baseline,2083,0.332,20772220.00,10386110.00,36351386.00,525094425.00,262547212.00,918915243.00,0.4,20.8
Mondego (railway),Railway,SSP1-2.6,+Geoid,2083,0.482,69345147.00,34672574.00,121354008.00,1783782527.00,891891263.00,3121619421.00,0.14,69.3
Mondego (railway),Railway,SSP1-2.6,Baseline,2084,0.336,21458881.00,10729441.00,37553042.00,546553306.00,273276653.00,956468285.00,0.39,21.5
Mondego (railway),Railway,SSP1-2.6,+Geoid,2084,0.486,71585111.00,35792555.00,125273944.00,1855367637.00,927683819.00,3246893366.00,0.14,71.6
Mondego (railway),Railway,SSP1-2.6,Baseline,2085,0.34,22167733.00,11083866.00,38793533.00,568721039.00,284360519.00,995261817.00,0.38,22.2
Mondego (railway),Railway,SSP1-2.6,+Geoid,2085,0.49,73896213.00,36948106.00,129318373.00,1929263850.00,964631925.00,3376211738.00,0.13,73.9
Mondego (railway),Railway,SSP1-2.6,Baseline,2086,0.344,22899481.00,11449741.00,40074092.00,591620520.00,295810260.00,1035335909.00,0.37,22.9
Mondego (railway),Railway,SSP1-2.6,+Geoid,2086,0.494,76280683.00,38140341.00,133491195.00,2005544533.00,1002772267.00,3509702933.00,0.13,76.3
Mondego (railway),Railway,SSP1-2.6,Baseline,2087,0.348,23654853.00,11827426.00,41395992.00,615275372.00,307637686.00,1076731901.00,0.36,23.7
Mondego (railway),Railway,SSP1-2.6,+Geoid,2087,0.498,78740819.00,39370410.00,137796433.00,2084285352.00,1042142676.00,3647499367.00,0.13,78.7
Mondego (railway),Railway,SSP1-2.6,Baseline,2088,0.352,24434597.00,12217299.00,42760545.00,639709970.00,319854985.00,1119492447.00,0.35,24.4
Mondego (railway),Railway,SSP1-2.6,+Geoid,2088,0.502,81278992.00,40639496.00,142238236.00,2165564344.00,1082782172.00,3789737602.00,0.12,81.3
Mondego (railway),Railway,SSP1-2.6,Baseline,2089,0.356,25239489.00,12619745.00,44169106.00,664949459.00,332474729.00,1163661552.00,0.34,25.2
Mondego (railway),Railway,SSP1-2.6,+Geoid,2089,0.506,83897644.00,41948822.00,146820878.00,2249461989.00,1124730994.00,3936558480.00,0.12,83.9
Mondego (railway),Railway,SSP1-2.6,Baseline,2090,0.36,26070325.00,13035162.00,45623069.00,691019784.00,345509892.00,1209284621.00,0.33,26.1
Mondego (railway),Railway,SSP1-2.6,+Geoid,2090,0.51,86599296.00,43299648.00,151548768.00,2336061284.00,1168030642.00,4088107248.00,0.12,86.6
Mondego (railway),Railway,SSP1-2.6,Baseline,2091,0.364,26927928.00,13463964.00,47123874.00,717947711.00,358973856.00,1256408495.00,0.32,26.9
Mondego (railway),Railway,SSP1-2.6,+Geoid,2091,0.514,89386543.00,44693271.00,156426450.00,2425447827.00,1212723914.00,4244533698.00,0.11,89.4
Mondego (railway),Railway,SSP1-2.6,Baseline,2092,0.368,27813146.00,13906573.00,48673006.00,745760858.00,372880429.00,1305081501.00,0.31,27.8
Mondego (railway),Railway,SSP1-2.6,+Geoid,2092,0.518,92262064.00,46131032.00,161458611.00,2517709891.00,1258854946.00,4405992309.00,0.11,92.3
Mondego (railway),Railway,SSP1-2.6,Baseline,2093,0.372,28726855.00,14363427.00,50271996.00,774487712.00,387243856.00,1355353496.00,0.3,28.7
Mondego (railway),Railway,SSP1-2.6,+Geoid,2093,0.522,95228618.00,47614309.00,166650082.00,2612938509.00,1306469255.00,4572642391.00,0.11,95.2
Mondego (railway),Railway,SSP1-2.6,Baseline,2094,0.376,29669956.00,14834978.00,51922423.00,804157668.00,402078834.00,1407275919.00,0.3,29.7
Mondego (railway),Railway,SSP1-2.6,+Geoid,2094,0.526,98289052.00,49144526.00,172005841.00,2711227561.00,1355613781.00,4744648232.00,0.1,98.3
Mondego (railway),Railway,SSP1-2.6,Baseline,2095,0.38,30643380.00,15321690.00,53625915.00,834801048.00,417400524.00,1460901834.00,0.29,30.6
Mondego (railway),Railway,SSP1-2.6,+Geoid,2095,0.53,101446300.00,50723150.00,177531024.00,2812673861.00,1406336930.00,4922179256.00,0.1,101.4
Mondego (railway),Railway,SSP1-2.6,Baseline,2096,0.384,31648087.00,15824043.00,55384151.00,866449134.00,433224567.00,1516285985.00,0.28,31.6
Mondego (railway),Railway,SSP1-2.6,+Geoid,2096,0.534,104703385.00,52351693.00,183230925.00,2917377246.00,1458688623.00,5105410181.00,0.1,104.7
Mondego (railway),Railway,SSP1-2.6,Baseline,2097,0.388,32685065.00,16342533.00,57198864.00,899134200.00,449567100.00,1573484849.00,0.27,32.7
Mondego (railway),Railway,SSP1-2.6,+Geoid,2097,0.538,108063428.00,54031714.00,189110998.00,3025440674.00,1512720337.00,5294521179.00,0.1,108.1
Mondego (railway),Railway,SSP1-2.6,Baseline,2098,0.392,33755337.00,16877668.00,59071839.00,932889536.00,466444768.00,1632556689.00,0.26,33.8
Mondego (railway),Railway,SSP1-2.6,+Geoid,2098,0.542,111529641.00,55764820.00,195176872.00,3136970315.00,1568485157.00,5489698051.00,0.09,111.5
Mondego (railway),Railway,SSP1-2.6,Baseline,2099,0.396,34859953.00,17429977.00,61004918.00,967749490.00,483874745.00,1693561607.00,0.26,34.9
Mondego (railway),Railway,SSP1-2.6,+Geoid,2099,0.546,115105339.00,57552670.00,201434344.00,3252075654.00,1626037827.00,5691132395.00,0.09,115.1
Mondego (railway),Railway,SSP1-2.6,Baseline,2100,0.4,36000000.00,18000000.00,63000000.00,1003749490.00,501874745.00,1756561607.00,0.25,36.0
Mondego (railway),Railway,SSP1-2.6,+Geoid,2100,0.55,118793939.00,59396970.00,207889394.00,3370869593.00,1685434797.00,5899021789.00,0.09,118.8
Mondego (railway),Railway,SSP2-4.5,Baseline,2025,0.05,1944544.00,972272.00,3402951.00,1944544.00,972272.00,3402951.00,2.83,1.9
Mondego (railway),Railway,SSP2-4.5,+Geoid,2025,0.2,7000000.00,3500000.00,12250000.00,7000000.00,3500000.00,12250000.00,1.0,7.0
Mondego (railway),Railway,SSP2-4.5,Baseline,2026,0.06,2122003.00,1061002.00,3713506.00,4066547.00,2033273.00,7116457.00,2.64,2.1
Mondego (railway),Railway,SSP2-4.5,+Geoid,2026,0.21,7609592.00,3804796.00,13316785.00,14609592.00,7304796.00,25566785.00,0.93,7.6
Mondego (railway),Railway,SSP2-4.5,Baseline,2027,0.07,2314919.00,1157460.00,4051109.00,6381466.00,3190733.00,11167566.00,2.46,2.3
Mondego (railway),Railway,SSP2-4.5,+Geoid,2027,0.22,8270628.00,4135314.00,14473599.00,22880220.00,11440110.00,40040385.00,0.87,8.3
Mondego (railway),Railway,SSP2-4.5,Baseline,2028,0.08,2524597.00,1262298.00,4418044.00,8906063.00,4453031.00,15585610.00,2.3,2.5
Mondego (railway),Railway,SSP2-4.5,+Geoid,2028,0.23,8987354.00,4493677.00,15727870.00,31867574.00,15933787.00,55768254.00,0.81,9.0
Mondego (railway),Railway,SSP2-4.5,Baseline,2029,0.09,2752447.00,1376224.00,4816783.00,11658510.00,5829255.00,20402393.00,2.14,2.8
Mondego (railway),Railway,SSP2-4.5,+Geoid,2029,0.24,9764359.00,4882179.00,17087627.00,41631932.00,20815966.00,72855882.00,0.76,9.8
Mondego (railway),Railway,SSP2-4.5,Baseline,2030,0.1,3000000.00,1500000.00,5250000.00,14658510.00,7329255.00,25652393.00,2.0,3.0
Mondego (railway),Railway,SSP2-4.5,+Geoid,2030,0.25,10606602.00,5303301.00,18561553.00,52238534.00,26119267.00,91417435.00,0.71,10.6
Mondego (railway),Railway,SSP2-4.5,Baseline,2031,0.11,3268909.00,1634455.00,5720591.00,17927419.00,8963710.00,31372984.00,1.87,3.3
Mondego (railway),Railway,SSP2-4.5,+Geoid,2031,0.26,11519446.00,5759723.00,20159030.00,63757980.00,31878990.00,111576465.00,0.66,11.5
Mondego (railway),Railway,SSP2-4.5,Baseline,2032,0.12,3560965.00,1780482.00,6231689.00,21488384.00,10744192.00,37604672.00,1.74,3.6
Mondego (railway),Railway,SSP2-4.5,+Geoid,2032,0.27,12508687.00,6254343.00,21890202.00,76266667.00,38133334.00,133466667.00,0.62,12.5
Mondego (railway),Railway,SSP2-4.5,Baseline,2033,0.13,3878105.00,1939052.00,6786684.00,25366489.00,12683244.00,44391356.00,1.62,3.9
Mondego (railway),Railway,SSP2-4.5,+Geoid,2033,0.28,13580589.00,6790294.00,23766030.00,89847256.00,44923628.00,157232698.00,0.57,13.6
Mondego (railway),Railway,SSP2-4.5,Baseline,2034,0.14,4222425.00,2111213.00,7389244.00,29588914.00,14794457.00,51780600.00,1.52,4.2
Mondego (railway),Railway,SSP2-4.5,+Geoid,2034,0.29,14741921.00,7370961.00,25798362.00,104589177.00,52294589.00,183031060.00,0.54,14.7
Mondego (railway),Railway,SSP2-4.5,Baseline,2035,0.15,4596194.00,2298097.00,8043340.00,34185108.00,17092554.00,59823940.00,1.41,4.6
Mondego (railway),Railway,SSP2-4.5,+Geoid,2035,0.3,16000000.00,8000000.00,28000000.00,120589177.00,60294589.00,211031060.00,0.5,16.0
Mondego (railway),Railway,SSP2-4.5,Baseline,2036,0.16,5001865.00,2500932.00,8753263.00,39186973.00,19593487.00,68577203.00,1.32,5.0
Mondego (railway),Railway,SSP2-4.5,+Geoid,2036,0.31,17362730.00,8681365.00,30384778.00,137951907.00,68975954.00,241415838.00,0.47,17.4
Mondego (railway),Railway,SSP2-4.5,Baseline,2037,0.17,5442091.00,2721046.00,9523659.00,44629064.00,22314532.00,78100862.00,1.23,5.4
Mondego (railway),Railway,SSP2-4.5,+Geoid,2037,0.32,18838653.00,9419327.00,32967643.00,156790560.00,78395280.00,274383480.00,0.44,18.8
Mondego (railway),Railway,SSP2-4.5,Baseline,2038,0.18,5919744.00,2959872.00,10359552.00,50548808.00,25274404.00,88460414.00,1.15,5.9
Mondego (railway),Railway,SSP2-4.5,+Geoid,2038,0.33,20436997.00,10218499.00,35764745.00,177227557.00,88613779.00,310148226.00,0.41,20.4
Mondego (railway),Railway,SSP2-4.5,Baseline,2039,0.19,6437928.00,3218964.00,11266373.00,56986736.00,28493368.00,99726787.00,1.07,6.4
Mondego (railway),Railway,SSP2-4.5,+Geoid,2039,0.34,22167733.00,11083866.00,38793533.00,199395290.00,99697645.00,348941758.00,0.38,22.2
Mondego (railway),Railway,SSP2-4.5,Baseline,2040,0.2,7000000.00,3500000.00,12250000.00,63986736.00,31993368.00,111976787.00,1.0,7.0
Mondego (railway),Railway,SSP2-4.5,+Geoid,2040,0.35,24041631.00,12020815.00,42072853.00,223436921.00,111718460.00,391014612.00,0.35,24.0
Mondego (railway),Railway,SSP2-4.5,Baseline,2041,0.21,7609592.00,3804796.00,13316785.00,71596327.00,35798164.00,125293573.00,0.93,7.6
Mondego (railway),Railway,SSP2-4.5,+Geoid,2041,0.36,26070325.00,13035162.00,45623069.00,249507246.00,124753623.00,436637680.00,0.33,26.1
Mondego (railway),Railway,SSP2-4.5,Baseline,2042,0.22,8270628.00,4135314.00,14473599.00,79866955.00,39933478.00,139767172.00,0.87,8.3
Mondego (railway),Railway,SSP2-4.5,+Geoid,2042,0.37,28266383.00,14133192.00,49466171.00,277773629.00,138886815.00,486103851.00,0.31,28.3
Mondego (railway),Railway,SSP2-4.5,Baseline,2043,0.23,8987354.00,4493677.00,15727870.00,88854310.00,44427155.00,155495042.00,0.81,9.0
Mondego (railway),Railway,SSP2-4.5,+Geoid,2043,0.38,30643380.00,15321690.00,53625915.00,308417009.00,154208505.00,539729766.00,0.29,30.6
Mondego (railway),Railway,SSP2-4.5,Baseline,2044,0.24,9764359.00,4882179.00,17087627.00,98618668.00,49309334.00,172582669.00,0.76,9.8
Mondego (railway),Railway,SSP2-4.5,+Geoid,2044,0.39,33215974.00,16607987.00,58127955.00,341632984.00,170816492.00,597857721.00,0.27,33.2
Mondego (railway),Railway,SSP2-4.5,Baseline,2045,0.25,10606602.00,5303301.00,18561553.00,109225270.00,54612635.00,191144222.00,0.71,10.6
Mondego (railway),Railway,SSP2-4.5,+Geoid,2045,0.4,36000000.00,18000000.00,63000000.00,377632984.00,188816492.00,660857721.00,0.25,36.0
Mondego (railway),Railway,SSP2-4.5,Baseline,2046,0.26,11519446.00,5759723.00,20159030.00,120744716.00,60372358.00,211303252.00,0.66,11.5
Mondego (railway),Railway,SSP2-4.5,+Geoid,2046,0.41,39012554.00,19506277.00,68271970.00,416645538.00,208322769.00,729129691.00,0.23,39.0
Mondego (railway),Railway,SSP2-4.5,Baseline,2047,0.27,12508687.00,6254343.00,21890202.00,133253403.00,66626701.00,233193455.00,0.62,12.5
Mondego (railway),Railway,SSP2-4.5,+Geoid,2047,0.42,42272099.00,21136050.00,73976174.00,458917637.00,229458819.00,803105865.00,0.22,42.3
Mondego (railway),Railway,SSP2-4.5,Baseline,2048,0.28,13580589.00,6790294.00,23766030.00,146833991.00,73416996.00,256959485.00,0.57,13.6
Mondego (railway),Railway,SSP2-4.5,+Geoid,2048,0.43,45798572.00,22899286.00,80147501.00,504716209.00,252358105.00,883253366.00,0.2,45.8
Mondego (railway),Railway,SSP2-4.5,Baseline,2049,0.29,14741921.00,7370961.00,25798362.00,161575913.00,80787956.00,282757847.00,0.54,14.7
Mondego (railway),Railway,SSP2-4.5,+Geoid,2049,0.44,49613497.00,24806749.00,86823621.00,554329707.00,277164853.00,970076987.00,0.19,49.6
Mondego (railway),Railway,SSP2-4.5,Baseline,2050,0.3,16000000.00,8000000.00,28000000.00,177575913.00,88787956.00,310757847.00,0.5,16.0
Mondego (railway),Railway,SSP2-4.5,+Geoid,2050,0.45,53740115.00,26870058.00,94045202.00,608069822.00,304034911.00,1064122189.00,0.18,53.7
Mondego (railway),Railway,SSP2-4.5,Baseline,2051,0.306,16804548.00,8402274.00,29407959.00,194380461.00,97190230.00,340165806.00,0.48,16.8
Mondego (railway),Railway,SSP2-4.5,+Geoid,2051,0.456,56376055.00,28188027.00,98658096.00,664445877.00,332222938.00,1162780285.00,0.17,56.4
Mondego (railway),Railway,SSP2-4.5,Baseline,2052,0.312,17648574.00,8824287.00,30885005.00,212029035.00,106014517.00,371050811.00,0.46,17.6
Mondego (railway),Railway,SSP2-4.5,+Geoid,2052,0.462,59138957.00,29569478.00,103493175.00,723584834.00,361792417.00,1266273459.00,0.16,59.1
Mondego (railway),Railway,SSP2-4.5,Baseline,2053,0.318,18533980.00,9266990.00,32434466.00,230563015.00,115281508.00,403485277.00,0.44,18.5
Mondego (railway),Railway,SSP2-4.5,+Geoid,2053,0.468,62034851.00,31017426.00,108560990.00,785619685.00,392809843.00,1374834449.00,0.16,62.0
Mondego (railway),Railway,SSP2-4.5,Baseline,2054,0.324,19462759.00,9731380.00,34059828.00,250025774.00,125012887.00,437545105.00,0.42,19.5
Mondego (railway),Railway,SSP2-4.5,+Geoid,2054,0.474,65070051.00,32535025.00,113872589.00,850689736.00,425344868.00,1488707038.00,0.15,65.1
Mondego (railway),Railway,SSP2-4.5,Baseline,2055,0.33,20436997.00,10218499.00,35764745.00,270462772.00,135231386.00,473309850.00,0.41,20.4
Mondego (railway),Railway,SSP2-4.5,+Geoid,2055,0.48,68251164.00,34125582.00,119439537.00,918940900.00,459470450.00,1608146575.00,0.14,68.3
Mondego (railway),Railway,SSP2-4.5,Baseline,2056,0.336,21458881.00,10729441.00,37553042.00,291921653.00,145960826.00,510862892.00,0.39,21.5
Mondego (railway),Railway,SSP2-4.5,+Geoid,2056,0.486,71585111.00,35792555.00,125273944.00,990526011.00,495263006.00,1733420519.00,0.14,71.6
Mondego (railway),Railway,SSP2-4.5,Baseline,2057,0.342,22530700.00,11265350.00,39428725.00,314452353.00,157226176.00,550291617.00,0.37,22.5
Mondego (railway),Railway,SSP2-4.5,+Geoid,2057,0.492,75079135.00,37539567.00,131388486.00,1065605146.00,532802573.00,1864809005.00,0.13,75.1
Mondego (railway),Railway,SSP2-4.5,Baseline,2058,0.348,23654853.00,11827426.00,41395992.00,338107205.00,169053603.00,591687609.00,0.36,23.7
Mondego (railway),Railway,SSP2-4.5,+Geoid,2058,0.498,78740819.00,39370410.00,137796433.00,1144345965.00,572172983.00,2002605439.00,0.13,78.7
Mondego (railway),Railway,SSP2-4.5,Baseline,2059,0.354,24833851.00,12416925.00,43459239.00,362941056.00,181470528.00,635146848.00,0.34,24.8
Mondego (railway),Railway,SSP2-4.5,+Geoid,2059,0.504,82578103.00,41289051.00,144511679.00,1226924068.00,613462034.00,2147117118.00,0.12,82.6
Mondego (railway),Railway,SSP2-4.5,Baseline,2060,0.36,26070325.00,13035162.00,45623069.00,389011381.00,194505690.00,680769916.00,0.33,26.1
Mondego (railway),Railway,SSP2-4.5,+Geoid,2060,0.51,86599296.00,43299648.00,151548768.00,1313523363.00,656761682.00,2298665886.00,0.12,86.6
Mondego (railway),Railway,SSP2-4.5,Baseline,2061,0.366,27367031.00,13683516.00,47892304.00,416378412.00,208189206.00,728662221.00,0.32,27.4
Mondego (railway),Railway,SSP2-4.5,+Geoid,2061,0.516,90813099.00,45406549.00,158922923.00,1404336462.00,702168231.00,2457588808.00,0.11,90.8
Mondego (railway),Railway,SSP2-4.5,Baseline,2062,0.372,28726855.00,14363427.00,50271996.00,445105266.00,222552633.00,778934216.00,0.3,28.7
Mondego (railway),Railway,SSP2-4.5,+Geoid,2062,0.522,95228618.00,47614309.00,166650082.00,1499565080.00,749782540.00,2624238890.00,0.11,95.2
Mondego (railway),Railway,SSP2-4.5,Baseline,2063,0.378,30152818.00,15076409.00,52767432.00,475258085.00,237629042.00,831701648.00,0.29,30.2
Mondego (railway),Railway,SSP2-4.5,+Geoid,2063,0.528,99855387.00,49927694.00,174746928.00,1599420467.00,799710234.00,2798985818.00,0.1,99.9
Mondego (railway),Railway,SSP2-4.5,Baseline,2064,0.384,31648087.00,15824043.00,55384151.00,506906171.00,253453086.00,887085799.00,0.28,31.6
Mondego (railway),Railway,SSP2-4.5,+Geoid,2064,0.534,104703385.00,52351693.00,183230925.00,1704123853.00,852061926.00,2982216742.00,0.1,104.7
Mondego (railway),Railway,SSP2-4.5,Baseline,2065,0.39,33215974.00,16607987.00,58127955.00,540122146.00,270061073.00,945213755.00,0.27,33.2
Mondego (railway),Railway,SSP2-4.5,+Geoid,2065,0.54,109783058.00,54891529.00,192120352.00,1813906911.00,906953455.00,3174337094.00,0.09,109.8
Mondego (railway),Railway,SSP2-4.5,Baseline,2066,0.396,34859953.00,17429977.00,61004918.00,574982099.00,287491049.00,1006218673.00,0.26,34.9
Mondego (railway),Railway,SSP2-4.5,+Geoid,2066,0.546,115105339.00,57552670.00,201434344.00,1929012250.00,964506125.00,3375771438.00,0.09,115.1
Mondego (railway),Railway,SSP2-4.5,Baseline,2067,0.402,36583658.00,18291829.00,64021402.00,611565757.00,305782878.00,1070240075.00,0.25,36.6
Mondego (railway),Railway,SSP2-4.5,+Geoid,2067,0.552,120681674.00,60340837.00,211192929.00,2049693924.00,1024846962.00,3586964367.00,0.09,120.7
Mondego (railway),Railway,SSP2-4.5,Baseline,2068,0.408,38390895.00,19195448.00,67184067.00,649956652.00,324978326.00,1137424141.00,0.24,38.4
Mondego (railway),Railway,SSP2-4.5,+Geoid,2068,0.558,126524040.00,63262020.00,221417071.00,2176217964.00,1088108982.00,3808381438.00,0.08,126.5
Mondego (railway),Railway,SSP2-4.5,Baseline,2069,0.414,40285651.00,20142826.00,70499889.00,690242303.00,345121152.00,1207924031.00,0.23,40.3
Mondego (railway),Railway,SSP2-4.5,+Geoid,2069,0.564,132644978.00,66322489.00,232128712.00,2308862942.00,1154431471.00,4040510149.00,0.08,132.6
Mondego (railway),Railway,SSP2-4.5,Baseline,2070,0.42,42272099.00,21136050.00,73976174.00,732514403.00,366257201.00,1281900205.00,0.22,42.3
Mondego (railway),Railway,SSP2-4.5,+Geoid,2070,0.57,139057610.00,69528805.00,243350818.00,2447920553.00,1223960276.00,4283860967.00,0.08,139.1
Mondego (railway),Railway,SSP2-4.5,Baseline,2071,0.426,44354611.00,22177306.00,77620570.00,776869014.00,388434507.00,1359520774.00,0.21,44.4
Mondego (railway),Railway,SSP2-4.5,+Geoid,2071,0.576,145775673.00,72887836.00,255107428.00,2593696226.00,1296848113.00,4538968395.00,0.07,145.8
Mondego (railway),Railway,SSP2-4.5,Baseline,2072,0.432,46537763.00,23268881.00,81441085.00,823406777.00,411703388.00,1440961859.00,0.2,46.5
Mondego (railway),Railway,SSP2-4.5,+Geoid,2072,0.582,152813543.00,76406771.00,267423700.00,2746509768.00,1373254884.00,4806392095.00,0.07,152.8
Mondego (railway),Railway,SSP2-4.5,Baseline,2073,0.438,48826346.00,24413173.00,85446106.00,872233123.00,436116562.00,1526407966.00,0.19,48.8
Mondego (railway),Railway,SSP2-4.5,+Geoid,2073,0.588,160186266.00,80093133.00,280325966.00,2906696035.00,1453348017.00,5086718060.00,0.07,160.2
Mondego (railway),Railway,SSP2-4.5,Baseline,2074,0.444,51225379.00,25612690.00,89644414.00,923458503.00,461729251.00,1616052379.00,0.18,51.2
Mondego (railway),Railway,SSP2-4.5,+Geoid,2074,0.594,167909591.00,83954796.00,293841785.00,3074605626.00,1537302813.00,5380559845.00,0.07,167.9
Mondego (railway),Railway,SSP2-4.5,Baseline,2075,0.45,53740115.00,26870058.00,94045202.00,977198618.00,488599309.00,1710097581.00,0.18,53.7
Mondego (railway),Railway,SSP2-4.5,+Geoid,2075,0.6,176000000.00,88000000.00,308000000.00,3250605626.00,1625302813.00,5688559845.00,0.06,176.0
Mondego (railway),Railway,SSP2-4.5,Baseline,2076,0.456,56376055.00,28188027.00,98658096.00,1033574673.00,516787336.00,1808755677.00,0.17,56.4
Mondego (railway),Railway,SSP2-4.5,+Geoid,2076,0.606,184474741.00,92237371.00,322830797.00,3435080367.00,1717540184.00,6011390642.00,0.06,184.5
Mondego (railway),Railway,SSP2-4.5,Baseline,2077,0.462,59138957.00,29569478.00,103493175.00,1092713630.00,546356815.00,1912248852.00,0.16,59.1
Mondego (railway),Railway,SSP2-4.5,+Geoid,2077,0.612,193351867.00,96675933.00,338365767.00,3628432234.00,1814216117.00,6349756409.00,0.06,193.4
Mondego (railway),Railway,SSP2-4.5,Baseline,2078,0.468,62034851.00,31017426.00,108560990.00,1154748481.00,577374241.00,2020809842.00,0.16,62.0
Mondego (railway),Railway,SSP2-4.5,+Geoid,2078,0.618,202650269.00,101325135.00,354637971.00,3831082503.00,1915541252.00,6704394381.00,0.06,202.7
Mondego (railway),Railway,SSP2-4.5,Baseline,2079,0.474,65070051.00,32535025.00,113872589.00,1219818532.00,609909266.00,2134682431.00,0.15,65.1
Mondego (railway),Railway,SSP2-4.5,+Geoid,2079,0.624,212389720.00,106194860.00,371682010.00,4043472223.00,2021736112.00,7076076391.00,0.05,212.4
Mondego (railway),Railway,SSP2-4.5,Baseline,2080,0.48,68251164.00,34125582.00,119439537.00,1288069696.00,644034848.00,2254121968.00,0.14,68.3
Mondego (railway),Railway,SSP2-4.5,+Geoid,2080,0.63,222590910.00,111295455.00,389534092.00,4266063133.00,2133031567.00,7465610483.00,0.05,222.6
Mondego (railway),Railway,SSP2-4.5,Baseline,2081,0.486,71585111.00,35792555.00,125273944.00,1359654807.00,679827403.00,2379395912.00,0.14,71.6
Mondego (railway),Railway,SSP2-4.5,+Geoid,2081,0.636,233275491.00,116637746.00,408232109.00,4499338624.00,2249669312.00,7873842593.00,0.05,233.3
Mondego (railway),Railway,SSP2-4.5,Baseline,2082,0.492,75079135.00,37539567.00,131388486.00,1434733942.00,717366971.00,2510784398.00,0.13,75.1
Mondego (railway),Railway,SSP2-4.5,+Geoid,2082,0.642,244466123.00,122233061.00,427815715.00,4743804747.00,2371902374.00,8301658308.00,0.05,244.5
Mondego (railway),Railway,SSP2-4.5,Baseline,2083,0.498,78740819.00,39370410.00,137796433.00,1513474761.00,756737380.00,2648580832.00,0.13,78.7
Mondego (railway),Railway,SSP2-4.5,+Geoid,2083,0.648,256186517.00,128093258.00,448326404.00,4999991264.00,2499995632.00,8749984712.00,0.04,256.2
Mondego (railway),Railway,SSP2-4.5,Baseline,2084,0.504,82578103.00,41289051.00,144511679.00,1596052863.00,798026432.00,2793092511.00,0.12,82.6
Mondego (railway),Railway,SSP2-4.5,+Geoid,2084,0.654,268461486.00,134230743.00,469807600.00,5268452749.00,2634226375.00,9219792312.00,0.04,268.5
Mondego (railway),Railway,SSP2-4.5,Baseline,2085,0.51,86599296.00,43299648.00,151548768.00,1682652159.00,841326080.00,2944641279.00,0.12,86.6
Mondego (railway),Railway,SSP2-4.5,+Geoid,2085,0.66,281316995.00,140658497.00,492304741.00,5549769744.00,2774884872.00,9712097052.00,0.04,281.3
Mondego (railway),Railway,SSP2-4.5,Baseline,2086,0.516,90813099.00,45406549.00,158922923.00,1773465258.00,886732629.00,3103564201.00,0.11,90.8
Mondego (railway),Railway,SSP2-4.5,+Geoid,2086,0.666,294780214.00,147390107.00,515865375.00,5844549959.00,2922274979.00,10227962427.00,0.04,294.8
Mondego (railway),Railway,SSP2-4.5,Baseline,2087,0.522,95228618.00,47614309.00,166650082.00,1868693876.00,934346938.00,3270214283.00,0.11,95.2
Mondego (railway),Railway,SSP2-4.5,+Geoid,2087,0.672,308879575.00,154439788.00,540539256.00,6153429534.00,3076714767.00,10768501684.00,0.04,308.9
Mondego (railway),Railway,SSP2-4.5,Baseline,2088,0.528,99855387.00,49927694.00,174746928.00,1968549263.00,984274632.00,3444961210.00,0.1,99.9
Mondego (railway),Railway,SSP2-4.5,+Geoid,2088,0.678,323644827.00,161822413.00,566378447.00,6477074361.00,3238537180.00,11334880131.00,0.04,323.6
Mondego (railway),Railway,SSP2-4.5,Baseline,2089,0.534,104703385.00,52351693.00,183230925.00,2073252649.00,1036626324.00,3628192135.00,0.1,104.7
Mondego (railway),Railway,SSP2-4.5,+Geoid,2089,0.684,339107099.00,169553549.00,593437423.00,6816181459.00,3408090730.00,11928317554.00,0.03,339.1
Mondego (railway),Railway,SSP2-4.5,Baseline,2090,0.54,109783058.00,54891529.00,192120352.00,2183035707.00,1091517853.00,3820312487.00,0.09,109.8
Mondego (railway),Railway,SSP2-4.5,+Geoid,2090,0.69,355298963.00,177649482.00,621773186.00,7171480423.00,3585740211.00,12550090740.00,0.03,355.3
Mondego (railway),Railway,SSP2-4.5,Baseline,2091,0.546,115105339.00,57552670.00,201434344.00,2298141046.00,1149070523.00,4021746831.00,0.09,115.1
Mondego (railway),Railway,SSP2-4.5,+Geoid,2091,0.696,365000000.00,182500000.00,638750000.00,7536480423.00,3768240211.00,13188840740.00,0.03,365.0
Mondego (railway),Railway,SSP2-4.5,Baseline,2092,0.552,120681674.00,60340837.00,211192929.00,2418822720.00,1209411360.00,4232939760.00,0.09,120.7
Mondego (railway),Railway,SSP2-4.5,+Geoid,2092,0.702,365000000.00,182500000.00,638750000.00,7901480423.00,3950740211.00,13827590740.00,0.03,365.0
Mondego (railway),Railway,SSP2-4.5,Baseline,2093,0.558,126524040.00,63262020.00,221417071.00,2545346760.00,1272673380.00,4454356830.00,0.08,126.5
Mondego (railway),Railway,SSP2-4.5,+Geoid,2093,0.708,365000000.00,182500000.00,638750000.00,8266480423.00,4133240211.00,14466340740.00,0.03,365.0
Mondego (railway),Railway,SSP2-4.5,Baseline,2094,0.564,132644978.00,66322489.00,232128712.00,2677991738.00,1338995869.00,4686485542.00,0.08,132.6
Mondego (railway),Railway,SSP2-4.5,+Geoid,2094,0.714,365000000.00,182500000.00,638750000.00,8631480423.00,4315740211.00,15105090740.00,0.03,365.0
Mondego (railway),Railway,SSP2-4.5,Baseline,2095,0.57,139057610.00,69528805.00,243350818.00,2817049348.00,1408524674.00,4929836360.00,0.08,139.1
Mondego (railway),Railway,SSP2-4.5,+Geoid,2095,0.72,365000000.00,182500000.00,638750000.00,8996480423.00,4498240211.00,15743840740.00,0.03,365.0
Mondego (railway),Railway,SSP2-4.5,Baseline,2096,0.576,145775673.00,72887836.00,255107428.00,2962825021.00,1481412511.00,5184943788.00,0.07,145.8
Mondego (railway),Railway,SSP2-4.5,+Geoid,2096,0.726,365000000.00,182500000.00,638750000.00,9361480423.00,4680740211.00,16382590740.00,0.03,365.0
Mondego (railway),Railway,SSP2-4.5,Baseline,2097,0.582,152813543.00,76406771.00,267423700.00,3115638564.00,1557819282.00,5452367487.00,0.07,152.8
Mondego (railway),Railway,SSP2-4.5,+Geoid,2097,0.732,365000000.00,182500000.00,638750000.00,9726480423.00,4863240211.00,17021340740.00,0.03,365.0
Mondego (railway),Railway,SSP2-4.5,Baseline,2098,0.588,160186266.00,80093133.00,280325966.00,3275824830.00,1637912415.00,5732693453.00,0.07,160.2
Mondego (railway),Railway,SSP2-4.5,+Geoid,2098,0.738,365000000.00,182500000.00,638750000.00,10091480423.00,5045740211.00,17660090740.00,0.02,365.0
Mondego (railway),Railway,SSP2-4.5,Baseline,2099,0.594,167909591.00,83954796.00,293841785.00,3443734422.00,1721867211.00,6026535238.00,0.07,167.9
Mondego (railway),Railway,SSP2-4.5,+Geoid,2099,0.744,365000000.00,182500000.00,638750000.00,10456480423.00,5228240211.00,18298840740.00,0.02,365.0
Mondego (railway),Railway,SSP2-4.5,Baseline,2100,0.6,176000000.00,88000000.00,308000000.00,3619734422.00,1809867211.00,6334535238.00,0.06,176.0
Mondego (railway),Railway,SSP2-4.5,+Geoid,2100,0.75,365000000.00,182500000.00,638750000.00,10821480423.00,5410740211.00,18937590740.00,0.02,365.0
Mondego (railway),Railway,SSP5-8.5,Baseline,2025,0.065,2216450.00,1108225.00,3878788.00,2216450.00,1108225.00,3878788.00,2.55,2.2
Mondego (railway),Railway,SSP5-8.5,+Geoid,2025,0.215,7933422.00,3966711.00,13883488.00,7933422.00,3966711.00,13883488.00,0.9,7.9
Mondego (railway),Railway,SSP5-8.5,Baseline,2026,0.078,2481254.00,1240627.00,4342195.00,4697704.00,2348852.00,8220982.00,2.33,2.5
Mondego (railway),Railway,SSP5-8.5,+Geoid,2026,0.228,8839339.00,4419669.00,15468843.00,16772760.00,8386380.00,29352331.00,0.82,8.8
Mondego (railway),Railway,SSP5-8.5,Baseline,2027,0.091,2776290.00,1388145.00,4858507.00,7473994.00,3736997.00,13079489.00,2.13,2.8
Mondego (railway),Railway,SSP5-8.5,+Geoid,2027,0.241,9845562.00,4922781.00,17229733.00,26618322.00,13309161.00,46582064.00,0.75,9.8
Mondego (railway),Railway,SSP5-8.5,Baseline,2028,0.104,3104904.00,1552452.00,5433582.00,10578898.00,5289449.00,18513071.00,1.95,3.1
Mondego (railway),Railway,SSP5-8.5,+Geoid,2028,0.254,10962953.00,5481476.00,19185167.00,37581275.00,18790638.00,65767232.00,0.69,11.0
Mondego (railway),Railway,SSP5-8.5,Baseline,2029,0.117,3470805.00,1735403.00,6073909.00,14049703.00,7024852.00,24586980.00,1.78,3.5
Mondego (railway),Railway,SSP5-8.5,+Geoid,2029,0.267,12203530.00,6101765.00,21356177.00,49784805.00,24892402.00,87123408.00,0.63,12.2
Mondego (railway),Railway,SSP5-8.5,Baseline,2030,0.13,3878105.00,1939052.00,6786684.00,17927808.00,8963904.00,31373664.00,1.62,3.9
Mondego (railway),Railway,SSP5-8.5,+Geoid,2030,0.28,13580589.00,6790294.00,23766030.00,63365394.00,31682697.00,110889439.00,0.57,13.6
Mondego (railway),Railway,SSP5-8.5,Baseline,2031,0.144,4349773.00,2174887.00,7612103.00,22277581.00,11138791.00,38985767.00,1.48,4.3
Mondego (railway),Railway,SSP5-8.5,+Geoid,2031,0.293,15170852.00,7585426.00,26548991.00,78536246.00,39268123.00,137438430.00,0.52,15.2
Mondego (railway),Railway,SSP5-8.5,Baseline,2032,0.157,4876660.00,2438330.00,8534155.00,27154241.00,13577121.00,47519922.00,1.35,4.9
Mondego (railway),Railway,SSP5-8.5,+Geoid,2032,0.307,16942427.00,8471214.00,29649248.00,95478673.00,47739337.00,167087678.00,0.48,16.9
Mondego (railway),Railway,SSP5-8.5,Baseline,2033,0.171,5465060.00,2732530.00,9563855.00,32619301.00,16309651.00,57083777.00,1.23,5.5
Mondego (railway),Railway,SSP5-8.5,+Geoid,2033,0.321,18915583.00,9457791.00,33102270.00,114394256.00,57197128.00,200189948.00,0.43,18.9
Mondego (railway),Railway,SSP5-8.5,Baseline,2034,0.184,6121971.00,3060986.00,10713450.00,38741273.00,19370636.00,67797227.00,1.12,6.1
Mondego (railway),Railway,SSP5-8.5,+Geoid,2034,0.334,21112820.00,10556410.00,36947435.00,135507076.00,67753538.00,237137383.00,0.4,21.1
Mondego (railway),Railway,SSP5-8.5,Baseline,2035,0.198,6855174.00,3427587.00,11996554.00,45596446.00,22798223.00,79793781.00,1.02,6.9
Mondego (railway),Railway,SSP5-8.5,+Geoid,2035,0.348,23559114.00,11779557.00,41228449.00,159066190.00,79533095.00,278365832.00,0.36,23.6
Mondego (railway),Railway,SSP5-8.5,Baseline,2036,0.211,7673313.00,3836656.00,13428297.00,53269759.00,26634879.00,93222078.00,0.93,7.7
Mondego (railway),Railway,SSP5-8.5,+Geoid,2036,0.361,26282184.00,13141092.00,45993821.00,185348373.00,92674187.00,324359653.00,0.33,26.3
Mondego (railway),Railway,SSP5-8.5,Baseline,2037,0.225,8585997.00,4292999.00,15025495.00,61855756.00,30927878.00,108247573.00,0.84,8.6
Mondego (railway),Railway,SSP5-8.5,+Geoid,2037,0.375,29312790.00,14656395.00,51297382.00,214661163.00,107330582.00,375657036.00,0.3,29.3
Mondego (railway),Railway,SSP5-8.5,Baseline,2038,0.238,9603903.00,4801951.00,16806830.00,71459659.00,35729829.00,125054403.00,0.77,9.6
Mondego (railway),Railway,SSP5-8.5,+Geoid,2038,0.388,32685065.00,16342533.00,57198864.00,247346229.00,123673114.00,432855900.00,0.27,32.7
Mondego (railway),Railway,SSP5-8.5,Baseline,2039,0.252,10738891.00,5369445.00,18793059.00,82198550.00,41099275.00,143847462.00,0.7,10.7
Mondego (railway),Railway,SSP5-8.5,+Geoid,2039,0.401,36436879.00,18218440.00,63764539.00,283783108.00,141891554.00,496620439.00,0.25,36.4
Mondego (railway),Railway,SSP5-8.5,Baseline,2040,0.265,12004137.00,6002068.00,21007239.00,94202687.00,47101343.00,164854702.00,0.64,12.0
Mondego (railway),Railway,SSP5-8.5,+Geoid,2040,0.415,40610243.00,20305121.00,71067925.00,324393351.00,162196675.00,567688363.00,0.23,40.6
Mondego (railway),Railway,SSP5-8.5,Baseline,2041,0.279,13414274.00,6707137.00,23474979.00,107616960.00,53808480.00,188329681.00,0.58,13.4
Mondego (railway),Railway,SSP5-8.5,+Geoid,2041,0.428,45251757.00,22625879.00,79190575.00,369645108.00,184822554.00,646878939.00,0.21,45.3
Mondego (railway),Railway,SSP5-8.5,Baseline,2042,0.292,14985553.00,7492777.00,26224718.00,122602513.00,61301257.00,214554399.00,0.53,15.0
Mondego (railway),Railway,SSP5-8.5,+Geoid,2042,0.442,50413110.00,25206555.00,88222943.00,420058218.00,210029109.00,735101882.00,0.19,50.4
Mondego (railway),Railway,SSP5-8.5,Baseline,2043,0.305,16736020.00,8368010.00,29288035.00,139338534.00,69669267.00,243842434.00,0.48,16.7
Mondego (railway),Railway,SSP5-8.5,+Geoid,2043,0.456,56151625.00,28075813.00,98265344.00,476209843.00,238104922.00,833367226.00,0.17,56.2
Mondego (railway),Railway,SSP5-8.5,Baseline,2044,0.319,18685710.00,9342855.00,32699992.00,158024243.00,79012122.00,276542426.00,0.44,18.7
Mondego (railway),Railway,SSP5-8.5,+Geoid,2044,0.469,62530869.00,31265435.00,109429021.00,538740712.00,269370356.00,942796247.00,0.15,62.5
Mondego (railway),Railway,SSP5-8.5,Baseline,2045,0.333,20856863.00,10428431.00,36499510.00,178881106.00,89440553.00,313041936.00,0.4,20.9
Mondego (railway),Railway,SSP5-8.5,+Geoid,2045,0.483,69621327.00,34810664.00,121837322.00,608362039.00,304181020.00,1064633569.00,0.14,69.6
Mondego (railway),Railway,SSP5-8.5,Baseline,2046,0.346,23274168.00,11637084.00,40729793.00,202155274.00,101077637.00,353771729.00,0.36,23.3
Mondego (railway),Railway,SSP5-8.5,+Geoid,2046,0.496,77501146.00,38750573.00,135627006.00,685863186.00,342931593.00,1200260575.00,0.13,77.5
Mondego (railway),Railway,SSP5-8.5,Baseline,2047,0.36,25965024.00,12982512.00,45438792.00,228120297.00,114060149.00,399210521.00,0.33,26.0
Mondego (railway),Railway,SSP5-8.5,+Geoid,2047,0.51,86256962.00,43128481.00,150949684.00,772120148.00,386060074.00,1351210259.00,0.12,86.3
Mondego (railway),Railway,SSP5-8.5,Baseline,2048,0.373,28959839.00,14479919.00,50679717.00,257080136.00,128540068.00,449890238.00,0.3,29.0
Mondego (railway),Railway,SSP5-8.5,+Geoid,2048,0.523,95984812.00,47992406.00,167973421.00,868104960.00,434052480.00,1519183680.00,0.11,96.0
Mondego (railway),Railway,SSP5-8.5,Baseline,2049,0.387,32292352.00,16146176.00,56511617.00,289372488.00,144686244.00,506401855.00,0.27,32.3
Mondego (railway),Railway,SSP5-8.5,+Geoid,2049,0.536,106791145.00,53395572.00,186884503.00,974896105.00,487448052.00,1706068184.00,0.1,106.8
Mondego (railway),Railway,SSP5-8.5,Baseline,2050,0.4,36000000.00,18000000.00,63000000.00,325372488.00,162686244.00,569401855.00,0.25,36.0
Mondego (railway),Railway,SSP5-8.5,+Geoid,2050,0.55,118793939.00,59396970.00,207889394.00,1093690044.00,546845022.00,1913957577.00,0.09,118.8
Mondego (railway),Railway,SSP5-8.5,Baseline,2051,0.412,39644088.00,19822044.00,69377154.00,365016576.00,182508288.00,638779008.00,0.23,39.6
Mondego (railway),Railway,SSP5-8.5,+Geoid,2051,0.562,130572915.00,65286458.00,228502602.00,1224262960.00,612131480.00,2142460179.00,0.08,130.6
Mondego (railway),Railway,SSP5-8.5,Baseline,2052,0.424,43649489.00,21824744.00,76386605.00,408666065.00,204333032.00,715165614.00,0.21,43.6
Mondego (railway),Railway,SSP5-8.5,+Geoid,2052,0.574,143501508.00,71750754.00,251127639.00,1367764468.00,683882234.00,2393587818.00,0.07,143.5
Mondego (railway),Railway,SSP5-8.5,Baseline,2053,0.436,48051466.00,24025733.00,84090065.00,456717530.00,228358765.00,799255678.00,0.19,48.1
Mondego (railway),Railway,SSP5-8.5,+Geoid,2053,0.586,157690528.00,78845264.00,275958425.00,1525454996.00,762727498.00,2669546243.00,0.07,157.7
Mondego (railway),Railway,SSP5-8.5,Baseline,2054,0.448,52888680.00,26444340.00,92555190.00,509606210.00,254803105.00,891810868.00,0.18,52.9
Mondego (railway),Railway,SSP5-8.5,+Geoid,2054,0.598,173261362.00,86630681.00,303207383.00,1698716358.00,849358179.00,2972753626.00,0.06,173.3
Mondego (railway),Railway,SSP5-8.5,Baseline,2055,0.46,58203516.00,29101758.00,101856153.00,567809726.00,283904863.00,993667021.00,0.16,58.2
Mondego (railway),Railway,SSP5-8.5,+Geoid,2055,0.61,190346967.00,95173483.00,333107192.00,1889063325.00,944531662.00,3305860818.00,0.06,190.3
Mondego (railway),Railway,SSP5-8.5,Baseline,2056,0.472,64042438.00,32021219.00,112074266.00,631852164.00,315926082.00,1105741287.00,0.15,64.0
Mondego (railway),Railway,SSP5-8.5,+Geoid,2056,0.622,209092973.00,104546487.00,365912704.00,2098156298.00,1049078149.00,3671773521.00,0.05,209.1
Mondego (railway),Railway,SSP5-8.5,Baseline,2057,0.484,70456374.00,35228187.00,123298654.00,702308538.00,351154269.00,1229039941.00,0.14,70.5
Mondego (railway),Railway,SSP5-8.5,+Geoid,2057,0.634,229658876.00,114829438.00,401903034.00,2327815174.00,1163907587.00,4073676555.00,0.05,229.7
Mondego (railway),Railway,SSP5-8.5,Baseline,2058,0.496,77501146.00,38750573.00,135627006.00,779809684.00,389904842.00,1364666947.00,0.13,77.5
Mondego (railway),Railway,SSP5-8.5,+Geoid,2058,0.646,252219348.00,126109674.00,441383859.00,2580034522.00,1290017261.00,4515060414.00,0.05,252.2
Mondego (railway),Railway,SSP5-8.5,Baseline,2059,0.508,85237935.00,42618967.00,149166386.00,865047619.00,432523809.00,1513833332.00,0.12,85.2
Mondego (railway),Railway,SSP5-8.5,+Geoid,2059,0.658,276965669.00,138482834.00,484689920.00,2857000191.00,1428500095.00,4999750334.00,0.04,277.0
Mondego (railway),Railway,SSP5-8.5,Baseline,2060,0.52,93733786.00,46866893.00,164034125.00,958781404.00,479390702.00,1677867458.00,0.11,93.7
Mondego (railway),Railway,SSP5-8.5,+Geoid,2060,0.67,304107297.00,152053649.00,532187770.00,3161107488.00,1580553744.00,5531938104.00,0.04,304.1
Mondego (railway),Railway,SSP5-8.5,Baseline,2061,0.532,103062170.00,51531085.00,180358798.00,1061843574.00,530921787.00,1858226255.00,0.1,103.1
Mondego (railway),Railway,SSP5-8.5,+Geoid,2061,0.682,333873581.00,166936791.00,584278767.00,3494981069.00,1747490535.00,6116216872.00,0.04,333.9
Mondego (railway),Railway,SSP5-8.5,Baseline,2062,0.544,113303593.00,56651797.00,198281288.00,1175147168.00,587573584.00,2056507544.00,0.09,113.3
Mondego (railway),Railway,SSP5-8.5,+Geoid,2062,0.694,365000000.00,182500000.00,638750000.00,3859981069.00,1929990535.00,6754966872.00,0.03,365.0
Mondego (railway),Railway,SSP5-8.5,Baseline,2063,0.556,124546263.00,62273132.00,217955961.00,1299693431.00,649846716.00,2274463505.00,0.08,124.5
Mondego (railway),Railway,SSP5-8.5,+Geoid,2063,0.706,365000000.00,182500000.00,638750000.00,4224981069.00,2112490535.00,7393716872.00,0.03,365.0
Mondego (railway),Railway,SSP5-8.5,Baseline,2064,0.568,136886821.00,68443410.00,239551936.00,1436580252.00,718290126.00,2514015441.00,0.08,136.9
Mondego (railway),Railway,SSP5-8.5,+Geoid,2064,0.718,365000000.00,182500000.00,638750000.00,4589981069.00,2294990535.00,8032466872.00,0.03,365.0
Mondego (railway),Railway,SSP5-8.5,Baseline,2065,0.58,150431137.00,75215569.00,263254490.00,1587011389.00,793505695.00,2777269931.00,0.07,150.4
Mondego (railway),Railway,SSP5-8.5,+Geoid,2065,0.73,365000000.00,182500000.00,638750000.00,4954981069.00,2477490535.00,8671216872.00,0.03,365.0
Mondego (railway),Railway,SSP5-8.5,Baseline,2066,0.592,165295192.00,82647596.00,289266586.00,1752306581.00,876153291.00,3066536517.00,0.07,165.3
Mondego (railway),Railway,SSP5-8.5,+Geoid,2066,0.742,365000000.00,182500000.00,638750000.00,5319981069.00,2659990535.00,9309966872.00,0.02,365.0
Mondego (railway),Railway,SSP5-8.5,Baseline,2067,0.604,181606026.00,90803013.00,317810546.00,1933912608.00,966956304.00,3384347064.00,0.06,181.6
Mondego (railway),Railway,SSP5-8.5,+Geoid,2067,0.754,365000000.00,182500000.00,638750000.00,5684981069.00,2842490535.00,9948716872.00,0.02,365.0
Mondego (railway),Railway,SSP5-8.5,Baseline,2068,0.616,199502791.00,99751396.00,349129885.00,2133415399.00,1066707700.00,3733476948.00,0.06,199.5
Mondego (railway),Railway,SSP5-8.5,+Geoid,2068,0.766,365000000.00,182500000.00,638750000.00,6049981069.00,3024990535.00,10587466872.00,0.02,365.0
Mondego (railway),Railway,SSP5-8.5,Baseline,2069,0.628,219137893.00,109568946.00,383491312.00,2352553292.00,1176276646.00,4116968261.00,0.05,219.1
Mondego (railway),Railway,SSP5-8.5,+Geoid,2069,0.778,365000000.00,182500000.00,638750000.00,6414981069.00,3207490535.00,11226216872.00,0.02,365.0
Mondego (railway),Railway,SSP5-8.5,Baseline,2070,0.64,240678243.00,120339121.00,421186925.00,2593231535.00,1296615767.00,4538155186.00,0.05,240.7
Mondego (railway),Railway,SSP5-8.5,+Geoid,2070,0.79,365000000.00,182500000.00,638750000.00,6779981069.00,3389990535.00,11864966872.00,0.02,365.0
Mondego (railway),Railway,SSP5-8.5,Baseline,2071,0.652,264306631.00,132153316.00,462536605.00,2857538166.00,1428769083.00,5000691791.00,0.04,264.3
Mondego (railway),Railway,SSP5-8.5,+Geoid,2071,0.802,365000000.00,182500000.00,638750000.00,7144981069.00,3572490535.00,12503716872.00,0.02,365.0
Mondego (railway),Railway,SSP5-8.5,Baseline,2072,0.664,290223223.00,145111611.00,507890640.00,3147761389.00,1573880694.00,5508582430.00,0.04,290.2
Mondego (railway),Railway,SSP5-8.5,+Geoid,2072,0.814,365000000.00,182500000.00,638750000.00,7509981069.00,3754990535.00,13142466872.00,0.01,365.0
Mondego (railway),Railway,SSP5-8.5,Baseline,2073,0.676,318647196.00,159323598.00,557632593.00,3466408585.00,1733204292.00,6066215023.00,0.04,318.6
Mondego (railway),Railway,SSP5-8.5,+Geoid,2073,0.826,365000000.00,182500000.00,638750000.00,7874981069.00,3937490535.00,13781216872.00,0.01,365.0
Mondego (railway),Railway,SSP5-8.5,Baseline,2074,0.688,349818537.00,174909269.00,612182440.00,3816227122.00,1908113561.00,6678397463.00,0.03,349.8
Mondego (railway),Railway,SSP5-8.5,+Geoid,2074,0.838,365000000.00,182500000.00,638750000.00,8239981069.00,4119990535.00,14419966872.00,0.01,365.0
Mondego (railway),Railway,SSP5-8.5,Baseline,2075,0.7,365000000.00,182500000.00,638750000.00,4181227122.00,2090613561.00,7317147463.00,0.03,365.0
Mondego (railway),Railway,SSP5-8.5,+Geoid,2075,0.85,365000000.00,182500000.00,638750000.00,8604981069.00,4302490535.00,15058716872.00,0.01,365.0
Mondego (railway),Railway,SSP5-8.5,Baseline,2076,0.712,365000000.00,182500000.00,638750000.00,4546227122.00,2273113561.00,7955897463.00,0.03,365.0
Mondego (railway),Railway,SSP5-8.5,+Geoid,2076,0.862,365000000.00,182500000.00,638750000.00,8969981069.00,4484990535.00,15697466872.00,0.01,365.0
Mondego (railway),Railway,SSP5-8.5,Baseline,2077,0.724,365000000.00,182500000.00,638750000.00,4911227122.00,2455613561.00,8594647463.00,0.03,365.0
Mondego (railway),Railway,SSP5-8.5,+Geoid,2077,0.874,365000000.00,182500000.00,638750000.00,9334981069.00,4667490535.00,16336216872.00,0.01,365.0
Mondego (railway),Railway,SSP5-8.5,Baseline,2078,0.736,365000000.00,182500000.00,638750000.00,5276227122.00,2638113561.00,9233397463.00,0.02,365.0
Mondego (railway),Railway,SSP5-8.5,+Geoid,2078,0.886,365000000.00,182500000.00,638750000.00,9699981069.00,4849990535.00,16974966872.00,0.01,365.0
Mondego (railway),Railway,SSP5-8.5,Baseline,2079,0.748,365000000.00,182500000.00,638750000.00,5641227122.00,2820613561.00,9872147463.00,0.02,365.0
Mondego (railway),Railway,SSP5-8.5,+Geoid,2079,0.898,365000000.00,182500000.00,638750000.00,10064981069.00,5032490535.00,17613716872.00,0.01,365.0
Mondego (railway),Railway,SSP5-8.5,Baseline,2080,0.76,365000000.00,182500000.00,638750000.00,6006227122.00,3003113561.00,10510897463.00,0.02,365.0
Mondego (railway),Railway,SSP5-8.5,+Geoid,2080,0.91,365000000.00,182500000.00,638750000.00,10429981069.00,5214990535.00,18252466872.00,0.01,365.0
Mondego (railway),Railway,SSP5-8.5,Baseline,2081,0.772,365000000.00,182500000.00,638750000.00,6371227122.00,3185613561.00,11149647463.00,0.02,365.0
Mondego (railway),Railway,SSP5-8.5,+Geoid,2081,0.922,365000000.00,182500000.00,638750000.00,10794981069.00,5397490535.00,18891216872.00,0.01,365.0
Mondego (railway),Railway,SSP5-8.5,Baseline,2082,0.784,365000000.00,182500000.00,638750000.00,6736227122.00,3368113561.00,11788397463.00,0.02,365.0
Mondego (railway),Railway,SSP5-8.5,+Geoid,2082,0.934,365000000.00,182500000.00,638750000.00,11159981069.00,5579990535.00,19529966872.00,0.01,365.0
Mondego (railway),Railway,SSP5-8.5,Baseline,2083,0.796,365000000.00,182500000.00,638750000.00,7101227122.00,3550613561.00,12427147463.00,0.02,365.0
Mondego (railway),Railway,SSP5-8.5,+Geoid,2083,0.946,365000000.00,182500000.00,638750000.00,11524981069.00,5762490535.00,20168716872.00,0.01,365.0
Mondego (railway),Railway,SSP5-8.5,Baseline,2084,0.808,365000000.00,182500000.00,638750000.00,7466227122.00,3733113561.00,13065897463.00,0.01,365.0
Mondego (railway),Railway,SSP5-8.5,+Geoid,2084,0.958,365000000.00,182500000.00,638750000.00,11889981069.00,5944990535.00,20807466872.00,0.01,365.0
Mondego (railway),Railway,SSP5-8.5,Baseline,2085,0.82,365000000.00,182500000.00,638750000.00,7831227122.00,3915613561.00,13704647463.00,0.01,365.0
Mondego (railway),Railway,SSP5-8.5,+Geoid,2085,0.97,365000000.00,182500000.00,638750000.00,12254981069.00,6127490535.00,21446216872.00,0.0,365.0
Mondego (railway),Railway,SSP5-8.5,Baseline,2086,0.832,365000000.00,182500000.00,638750000.00,8196227122.00,4098113561.00,14343397463.00,0.01,365.0
Mondego (railway),Railway,SSP5-8.5,+Geoid,2086,0.982,365000000.00,182500000.00,638750000.00,12619981069.00,6309990535.00,22084966872.00,0.0,365.0
Mondego (railway),Railway,SSP5-8.5,Baseline,2087,0.844,365000000.00,182500000.00,638750000.00,8561227122.00,4280613561.00,14982147463.00,0.01,365.0
Mondego (railway),Railway,SSP5-8.5,+Geoid,2087,0.994,365000000.00,182500000.00,638750000.00,12984981069.00,6492490535.00,22723716872.00,0.0,365.0
Mondego (railway),Railway,SSP5-8.5,Baseline,2088,0.856,365000000.00,182500000.00,638750000.00,8926227122.00,4463113561.00,15620897463.00,0.01,365.0
Mondego (railway),Railway,SSP5-8.5,+Geoid,2088,1.006,365000000.00,182500000.00,638750000.00,13349981069.00,6674990535.00,23362466872.00,0.0,365.0
Mondego (railway),Railway,SSP5-8.5,Baseline,2089,0.868,365000000.00,182500000.00,638750000.00,9291227122.00,4645613561.00,16259647463.00,0.01,365.0
Mondego (railway),Railway,SSP5-8.5,+Geoid,2089,1.018,365000000.00,182500000.00,638750000.00,13714981069.00,6857490535.00,24001216872.00,0.0,365.0
Mondego (railway),Railway,SSP5-8.5,Baseline,2090,0.88,365000000.00,182500000.00,638750000.00,9656227122.00,4828113561.00,16898397463.00,0.01,365.0
Mondego (railway),Railway,SSP5-8.5,+Geoid,2090,1.03,365000000.00,182500000.00,638750000.00,14079981069.00,7039990535.00,24639966872.00,0.0,365.0
Mondego (railway),Railway,SSP5-8.5,Baseline,2091,0.892,365000000.00,182500000.00,638750000.00,10021227122.00,5010613561.00,17537147463.00,0.01,365.0
Mondego (railway),Railway,SSP5-8.5,+Geoid,2091,1.042,365000000.00,182500000.00,638750000.00,14444981069.00,7222490535.00,25278716872.00,0.0,365.0
Mondego (railway),Railway,SSP5-8.5,Baseline,2092,0.904,365000000.00,182500000.00,638750000.00,10386227122.00,5193113561.00,18175897463.00,0.01,365.0
Mondego (railway),Railway,SSP5-8.5,+Geoid,2092,1.054,365000000.00,182500000.00,638750000.00,14809981069.00,7404990535.00,25917466872.00,0.0,365.0
Mondego (railway),Railway,SSP5-8.5,Baseline,2093,0.916,365000000.00,182500000.00,638750000.00,10751227122.00,5375613561.00,18814647463.00,0.01,365.0
Mondego (railway),Railway,SSP5-8.5,+Geoid,2093,1.066,365000000.00,182500000.00,638750000.00,15174981069.00,7587490535.00,26556216872.00,0.0,365.0
Mondego (railway),Railway,SSP5-8.5,Baseline,2094,0.928,365000000.00,182500000.00,638750000.00,11116227122.00,5558113561.00,19453397463.00,0.01,365.0
Mondego (railway),Railway,SSP5-8.5,+Geoid,2094,1.078,365000000.00,182500000.00,638750000.00,15539981069.00,7769990535.00,27194966872.00,0.0,365.0
Mondego (railway),Railway,SSP5-8.5,Baseline,2095,0.94,365000000.00,182500000.00,638750000.00,11481227122.00,5740613561.00,20092147463.00,0.01,365.0
Mondego (railway),Railway,SSP5-8.5,+Geoid,2095,1.09,365000000.00,182500000.00,638750000.00,15904981069.00,7952490535.00,27833716872.00,0.0,365.0
Mondego (railway),Railway,SSP5-8.5,Baseline,2096,0.952,365000000.00,182500000.00,638750000.00,11846227122.00,5923113561.00,20730897463.00,0.01,365.0
Mondego (railway),Railway,SSP5-8.5,+Geoid,2096,1.102,365000000.00,182500000.00,638750000.00,16269981069.00,8134990535.00,28472466872.00,0.0,365.0
Mondego (railway),Railway,SSP5-8.5,Baseline,2097,0.964,365000000.00,182500000.00,638750000.00,12211227122.00,6105613561.00,21369647463.00,0.01,365.0
Mondego (railway),Railway,SSP5-8.5,+Geoid,2097,1.114,365000000.00,182500000.00,638750000.00,16634981069.00,8317490535.00,29111216872.00,0.0,365.0
Mondego (railway),Railway,SSP5-8.5,Baseline,2098,0.976,365000000.00,182500000.00,638750000.00,12576227122.00,6288113561.00,22008397463.00,0.0,365.0
Mondego (railway),Railway,SSP5-8.5,+Geoid,2098,1.126,365000000.00,182500000.00,638750000.00,16999981069.00,8499990535.00,29749966872.00,0.0,365.0
Mondego (railway),Railway,SSP5-8.5,Baseline,2099,0.988,365000000.00,182500000.00,638750000.00,12941227122.00,6470613561.00,22647147463.00,0.0,365.0
Mondego (railway),Railway,SSP5-8.5,+Geoid,2099,1.138,365000000.00,182500000.00,638750000.00,17364981069.00,8682490535.00,30388716872.00,0.0,365.0
Mondego (railway),Railway,SSP5-8.5,Baseline,2100,1.0,365000000.00,182500000.00,638750000.00,13306227122.00,6653113561.00,23285897463.00,0.0,365.0
Mondego (railway),Railway,SSP5-8.5,+Geoid,2100,1.15,365000000.00,182500000.00,638750000.00,17729981069.00,8864990535.00,31027466872.00,0.0,365.0
Tagus floodplain (railway),Railway,SSP1-2.6,Baseline,2025,0.035,613701.00,306850.00,1073977.00,613701.00,306850.00,1073977.00,7.8458,0.409
Tagus floodplain (railway),Railway,SSP1-2.6,Baseline,2026,0.042,652641.00,326321.00,1142122.00,1266342.00,633171.00,2216099.00,7.4742,0.435
Tagus floodplain (railway),Railway,SSP1-2.6,Baseline,2027,0.049,693936.00,346968.00,1214388.00,1960278.00,980139.00,3430487.00,7.1203,0.463
Tagus floodplain (railway),Railway,SSP1-2.6,Baseline,2028,0.056,737724.00,368862.00,1291018.00,2698003.00,1349001.00,4721504.00,6.783,0.492
Tagus floodplain (railway),Railway,SSP1-2.6,Baseline,2029,0.063,784151.00,392076.00,1372265.00,3482154.00,1741077.00,6093769.00,6.4618,0.523
Tagus floodplain (railway),Railway,SSP1-2.6,Baseline,2030,0.07,833371.00,416685.00,1458399.00,4315525.00,2157762.00,7552168.00,6.1557,0.556
Tagus floodplain (railway),Railway,SSP1-2.6,Baseline,2031,0.0765,881718.00,440859.00,1543007.00,5197243.00,2598621.00,9095175.00,5.8845,0.588
Tagus floodplain (railway),Railway,SSP1-2.6,Baseline,2032,0.083,932752.00,466376.00,1632315.00,6129994.00,3064997.00,10727490.00,5.6253,0.622
Tagus floodplain (railway),Railway,SSP1-2.6,Baseline,2033,0.0895,986616.00,493308.00,1726578.00,7116610.00,3558305.00,12454068.00,5.3775,0.658
Tagus floodplain (railway),Railway,SSP1-2.6,Baseline,2034,0.096,1043464.00,521732.00,1826062.00,8160075.00,4080037.00,14280130.00,5.1406,0.696
Tagus floodplain (railway),Railway,SSP1-2.6,Baseline,2035,0.1025,1103457.00,551728.00,1931049.00,9263531.00,4631766.00,16211180.00,4.9141,0.736
Tagus floodplain (railway),Railway,SSP1-2.6,Baseline,2036,0.109,1166763.00,583381.00,2041835.00,10430294.00,5215147.00,18253014.00,4.6976,0.778
Tagus floodplain (railway),Railway,SSP1-2.6,Baseline,2037,0.1155,1233560.00,616780.00,2158730.00,11663854.00,5831927.00,20411744.00,4.4907,0.822
Tagus floodplain (railway),Railway,SSP1-2.6,Baseline,2038,0.122,1304036.00,652018.00,2282063.00,12967889.00,6483945.00,22693806.00,4.2928,0.869
Tagus floodplain (railway),Railway,SSP1-2.6,Baseline,2039,0.1285,1378388.00,689194.00,2412178.00,14346277.00,7173138.00,25105985.00,4.1037,0.919
Tagus floodplain (railway),Railway,SSP1-2.6,Baseline,2040,0.135,1456823.00,728411.00,2549440.00,15803100.00,7901550.00,27655425.00,3.9229,0.971
Tagus floodplain (railway),Railway,SSP1-2.6,Baseline,2041,0.1415,1539560.00,769780.00,2694230.00,17342660.00,8671330.00,30349655.00,3.7501,1.026
Tagus floodplain (railway),Railway,SSP1-2.6,Baseline,2042,0.148,1626829.00,813415.00,2846951.00,18969489.00,9484744.00,33196605.00,3.5849,1.085
Tagus floodplain (railway),Railway,SSP1-2.6,Baseline,2043,0.1545,1718872.00,859436.00,3008026.00,20688361.00,10344180.00,36204631.00,3.427,1.146
Tagus floodplain (railway),Railway,SSP1-2.6,Baseline,2044,0.161,1815943.00,907972.00,3177901.00,22504304.00,11252152.00,39382532.00,3.276,1.211
Tagus floodplain (railway),Railway,SSP1-2.6,Baseline,2045,0.1675,1918311.00,959156.00,3357044.00,24422615.00,12211307.00,42739576.00,3.1317,1.279
Tagus floodplain (railway),Railway,SSP1-2.6,Baseline,2046,0.174,2026257.00,1013129.00,3545950.00,26448872.00,13224436.00,46285526.00,2.9937,1.351
Tagus floodplain (railway),Railway,SSP1-2.6,Baseline,2047,0.1805,2140079.00,1070039.00,3745138.00,28588951.00,14294476.00,50030664.00,2.8618,1.427
Tagus floodplain (railway),Railway,SSP1-2.6,Baseline,2048,0.187,2260088.00,1130044.00,3955154.00,30849039.00,15424519.00,53985818.00,2.7357,1.507
Tagus floodplain (railway),Railway,SSP1-2.6,Baseline,2049,0.1935,2386613.00,1193307.00,4176573.00,33235652.00,16617826.00,58162391.00,2.6152,1.591
Tagus floodplain (railway),Railway,SSP1-2.6,Baseline,2050,0.2,2520000.00,1260000.00,4410000.00,35755652.00,17877826.00,62572391.00,2.5,1.68
Tagus floodplain (railway),Railway,SSP1-2.6,Baseline,2051,0.204,2605652.00,1302826.00,4559890.00,38361304.00,19180652.00,67132282.00,2.4316,1.737
Tagus floodplain (railway),Railway,SSP1-2.6,Baseline,2052,0.208,2694128.00,1347064.00,4714723.00,41055431.00,20527716.00,71847005.00,2.3651,1.796
Tagus floodplain (railway),Railway,SSP1-2.6,Baseline,2053,0.212,2785519.00,1392759.00,4874658.00,43840950.00,21920475.00,76721663.00,2.3005,1.857
Tagus floodplain (railway),Railway,SSP1-2.6,Baseline,2054,0.216,2879919.00,1439960.00,5039859.00,46720869.00,23360435.00,81761522.00,2.2376,1.92
Tagus floodplain (railway),Railway,SSP1-2.6,Baseline,2055,0.22,2977426.00,1488713.00,5210496.00,49698296.00,24849148.00,86972017.00,2.1764,1.985
Tagus floodplain (railway),Railway,SSP1-2.6,Baseline,2056,0.224,3078139.00,1539070.00,5386744.00,52776435.00,26388217.00,92358761.00,2.1169,2.052
Tagus floodplain (railway),Railway,SSP1-2.6,Baseline,2057,0.228,3182162.00,1591081.00,5568783.00,55958597.00,27979298.00,97927544.00,2.059,2.121
Tagus floodplain (railway),Railway,SSP1-2.6,Baseline,2058,0.232,3289601.00,1644800.00,5756801.00,59248197.00,29624099.00,103684346.00,2.0027,2.193
Tagus floodplain (railway),Railway,SSP1-2.6,Baseline,2059,0.236,3400565.00,1700283.00,5950989.00,62648763.00,31324381.00,109635335.00,1.9479,2.267
Tagus floodplain (railway),Railway,SSP1-2.6,Baseline,2060,0.24,3515169.00,1757585.00,6151546.00,66163932.00,33081966.00,115786881.00,1.8946,2.343
Tagus floodplain (railway),Railway,SSP1-2.6,Baseline,2061,0.244,3633529.00,1816765.00,6358676.00,69797461.00,34898730.00,122145556.00,1.8428,2.422
Tagus floodplain (railway),Railway,SSP1-2.6,Baseline,2062,0.248,3755766.00,1877883.00,6572590.00,73553227.00,36776613.00,128718147.00,1.7924,2.504
Tagus floodplain (railway),Railway,SSP1-2.6,Baseline,2063,0.252,3882004.00,1941002.00,6793506.00,77435230.00,38717615.00,135511653.00,1.7434,2.588
Tagus floodplain (railway),Railway,SSP1-2.6,Baseline,2064,0.256,4012371.00,2006186.00,7021649.00,81447601.00,40723801.00,142533302.00,1.6958,2.675
Tagus floodplain (railway),Railway,SSP1-2.6,Baseline,2065,0.26,4147001.00,2073500.00,7257251.00,85594602.00,42797301.00,149790553.00,1.6494,2.765
Tagus floodplain (railway),Railway,SSP1-2.6,Baseline,2066,0.264,4286029.00,2143014.00,7500550.00,89880630.00,44940315.00,157291103.00,1.6043,2.857
Tagus floodplain (railway),Railway,SSP1-2.6,Baseline,2067,0.268,4429596.00,2214798.00,7751793.00,94310226.00,47155113.00,165042896.00,1.5604,2.953
Tagus floodplain (railway),Railway,SSP1-2.6,Baseline,2068,0.272,4577848.00,2288924.00,8011235.00,98888075.00,49444037.00,173054131.00,1.5177,3.052
Tagus floodplain (railway),Railway,SSP1-2.6,Baseline,2069,0.276,4730935.00,2365468.00,8279137.00,103619010.00,51809505.00,181333268.00,1.4762,3.154
Tagus floodplain (railway),Railway,SSP1-2.6,Baseline,2070,0.28,4889012.00,2444506.00,8555771.00,108508022.00,54254011.00,189889039.00,1.4359,3.259
Tagus floodplain (railway),Railway,SSP1-2.6,Baseline,2071,0.284,5052238.00,2526119.00,8841416.00,113560260.00,56780130.00,198730454.00,1.3966,3.368
Tagus floodplain (railway),Railway,SSP1-2.6,Baseline,2072,0.288,5220777.00,2610388.00,9136359.00,118781036.00,59390518.00,207866813.00,1.3584,3.481
Tagus floodplain (railway),Railway,SSP1-2.6,Baseline,2073,0.292,5394799.00,2697400.00,9440898.00,124175835.00,62087918.00,217307712.00,1.3213,3.597
Tagus floodplain (railway),Railway,SSP1-2.6,Baseline,2074,0.296,5574480.00,2787240.00,9755340.00,129750315.00,64875158.00,227063052.00,1.2851,3.716
Tagus floodplain (railway),Railway,SSP1-2.6,Baseline,2075,0.3,5760000.00,2880000.00,10080000.00,135510315.00,67755158.00,237143052.00,1.25,3.84
Tagus floodplain (railway),Railway,SSP1-2.6,Baseline,2076,0.304,5951545.00,2975773.00,10415204.00,141461861.00,70730930.00,247558256.00,1.2158,3.968
Tagus floodplain (railway),Railway,SSP1-2.6,Baseline,2077,0.308,6149308.00,3074654.00,10761289.00,147611169.00,73805584.00,258319546.00,1.1826,4.1
Tagus floodplain (railway),Railway,SSP1-2.6,Baseline,2078,0.312,6353487.00,3176743.00,11118602.00,153964656.00,76982328.00,269438147.00,1.1502,4.236
Tagus floodplain (railway),Railway,SSP1-2.6,Baseline,2079,0.316,6564285.00,3282143.00,11487499.00,160528941.00,80264470.00,280925647.00,1.1188,4.376
Tagus floodplain (railway),Railway,SSP1-2.6,Baseline,2080,0.32,6781915.00,3390958.00,11868351.00,167310856.00,83655428.00,292793998.00,1.0882,4.521
Tagus floodplain (railway),Railway,SSP1-2.6,Baseline,2081,0.324,7006593.00,3503297.00,12261538.00,174317449.00,87158725.00,305055536.00,1.0584,4.671
Tagus floodplain (railway),Railway,SSP1-2.6,Baseline,2082,0.328,7238544.00,3619272.00,12667452.00,181555994.00,90777997.00,317722989.00,1.0295,4.826
Tagus floodplain (railway),Railway,SSP1-2.6,Baseline,2083,0.332,7477999.00,3739000.00,13086499.00,189033993.00,94516996.00,330809487.00,1.0013,4.985
Tagus floodplain (railway),Railway,SSP1-2.6,Baseline,2084,0.336,7725197.00,3862599.00,13519095.00,196759190.00,98379595.00,344328583.00,0.974,5.15
Tagus floodplain (railway),Railway,SSP1-2.6,Baseline,2085,0.34,7980384.00,3990192.00,13965672.00,204739574.00,102369787.00,358294254.00,0.9473,5.32
Tagus floodplain (railway),Railway,SSP1-2.6,Baseline,2086,0.344,8243813.00,4121907.00,14426673.00,212983387.00,106491694.00,372720927.00,0.9214,5.496
Tagus floodplain (railway),Railway,SSP1-2.6,Baseline,2087,0.348,8515747.00,4257873.00,14902557.00,221499134.00,110749567.00,387623484.00,0.8962,5.677
Tagus floodplain (railway),Railway,SSP1-2.6,Baseline,2088,0.352,8796455.00,4398228.00,15393796.00,230295589.00,115147795.00,403017281.00,0.8717,5.864
Tagus floodplain (railway),Railway,SSP1-2.6,Baseline,2089,0.356,9086216.00,4543108.00,15900878.00,239381805.00,119690903.00,418918159.00,0.8479,6.057
Tagus floodplain (railway),Railway,SSP1-2.6,Baseline,2090,0.36,9385317.00,4692658.00,16424305.00,248767122.00,124383561.00,435342464.00,0.8247,6.257
Tagus floodplain (railway),Railway,SSP1-2.6,Baseline,2091,0.364,9694054.00,4847027.00,16964595.00,258461176.00,129230588.00,452307058.00,0.8021,6.463
Tagus floodplain (railway),Railway,SSP1-2.6,Baseline,2092,0.368,10012733.00,5006366.00,17522282.00,268473909.00,134236954.00,469829340.00,0.7802,6.675
Tagus floodplain (railway),Railway,SSP1-2.6,Baseline,2093,0.372,10341668.00,5170834.00,18097918.00,278815576.00,139407788.00,487927259.00,0.7589,6.894
Tagus floodplain (railway),Railway,SSP1-2.6,Baseline,2094,0.376,10681184.00,5340592.00,18692072.00,289496760.00,144748380.00,506619331.00,0.7381,7.121
Tagus floodplain (railway),Railway,SSP1-2.6,Baseline,2095,0.38,11031617.00,5515808.00,19305329.00,300528377.00,150264189.00,525924660.00,0.7179,7.354
Tagus floodplain (railway),Railway,SSP1-2.6,Baseline,2096,0.384,11393311.00,5696656.00,19938295.00,311921688.00,155960844.00,545862955.00,0.6983,7.596
Tagus floodplain (railway),Railway,SSP1-2.6,Baseline,2097,0.388,11766624.00,5883312.00,20591591.00,323688312.00,161844156.00,566454546.00,0.6792,7.844
Tagus floodplain (railway),Railway,SSP1-2.6,Baseline,2098,0.392,12151921.00,6075961.00,21265862.00,335840233.00,167920117.00,587720408.00,0.6606,8.101
Tagus floodplain (railway),Railway,SSP1-2.6,Baseline,2099,0.396,12549583.00,6274792.00,21961771.00,348389816.00,174194908.00,609682179.00,0.6426,8.366
Tagus floodplain (railway),Railway,SSP1-2.6,Baseline,2100,0.4,12960000.00,6480000.00,22680000.00,361349816.00,180674908.00,632362179.00,0.625,8.64
Tagus floodplain (railway),Railway,SSP1-2.6,+Geoid,2025,0.11,1176807.00,588404.00,2059413.00,1176807.00,588404.00,2059413.00,4.6652,0.785
Tagus floodplain (railway),Railway,SSP1-2.6,+Geoid,2026,0.132,1420101.00,710050.00,2485176.00,2596908.00,1298454.00,4544589.00,4.0053,0.947
Tagus floodplain (railway),Railway,SSP1-2.6,+Geoid,2027,0.154,1711616.00,855808.00,2995329.00,4308525.00,2154262.00,7539918.00,3.4389,1.141
Tagus floodplain (railway),Railway,SSP1-2.6,+Geoid,2028,0.176,2060639.00,1030320.00,3606119.00,6369164.00,3184582.00,11146037.00,2.9525,1.374
Tagus floodplain (railway),Railway,SSP1-2.6,+Geoid,2029,0.198,2478206.00,1239103.00,4336860.00,8847369.00,4423685.00,15482897.00,2.5349,1.652
Tagus floodplain (railway),Railway,SSP1-2.6,+Geoid,2030,0.22,2977426.00,1488713.00,5210496.00,11824796.00,5912398.00,20693392.00,2.1764,1.985
Tagus floodplain (railway),Railway,SSP1-2.6,+Geoid,2031,0.2265,3142759.00,1571379.00,5499828.00,14967555.00,7483777.00,26193220.00,2.0805,2.095
Tagus floodplain (railway),Railway,SSP1-2.6,+Geoid,2032,0.233,3317007.00,1658503.00,5804762.00,18284561.00,9142281.00,31997982.00,1.9888,2.211
Tagus floodplain (railway),Railway,SSP1-2.6,+Geoid,2033,0.2395,3500641.00,1750320.00,6126121.00,21785202.00,10892601.00,38124104.00,1.9012,2.334
Tagus floodplain (railway),Railway,SSP1-2.6,+Geoid,2034,0.246,3694155.00,1847078.00,6464771.00,25479357.00,12739679.00,44588875.00,1.8175,2.463
Tagus floodplain (railway),Railway,SSP1-2.6,+Geoid,2035,0.2525,3898071.00,1949036.00,6821624.00,29377428.00,14688714.00,51410499.00,1.7374,2.599
Tagus floodplain (railway),Railway,SSP1-2.6,+Geoid,2036,0.259,4112936.00,2056468.00,7197638.00,33490364.00,16745182.00,58608138.00,1.6609,2.742
Tagus floodplain (railway),Railway,SSP1-2.6,+Geoid,2037,0.2655,4339327.00,2169663.00,7593822.00,37829691.00,18914846.00,66201959.00,1.5877,2.893
Tagus floodplain (railway),Railway,SSP1-2.6,+Geoid,2038,0.272,4577848.00,2288924.00,8011235.00,42407539.00,21203770.00,74213194.00,1.5177,3.052
Tagus floodplain (railway),Railway,SSP1-2.6,+Geoid,2039,0.2785,4829139.00,2414569.00,8450992.00,47236678.00,23618339.00,82664186.00,1.4509,3.219
Tagus floodplain (railway),Railway,SSP1-2.6,+Geoid,2040,0.285,5093868.00,2546934.00,8914268.00,52330546.00,26165273.00,91578455.00,1.387,3.396
Tagus floodplain (railway),Railway,SSP1-2.6,+Geoid,2041,0.2915,5372741.00,2686370.00,9402296.00,57703286.00,28851643.00,100980751.00,1.3259,3.582
Tagus floodplain (railway),Railway,SSP1-2.6,+Geoid,2042,0.298,5666499.00,2833249.00,9916373.00,63369785.00,31684892.00,110897123.00,1.2674,3.778
Tagus floodplain (railway),Railway,SSP1-2.6,+Geoid,2043,0.3045,5975922.00,2987961.00,10457863.00,69345706.00,34672853.00,121354986.00,1.2116,3.984
Tagus floodplain (railway),Railway,SSP1-2.6,+Geoid,2044,0.311,6301830.00,3150915.00,11028202.00,75647536.00,37823768.00,132383188.00,1.1582,4.201
Tagus floodplain (railway),Railway,SSP1-2.6,+Geoid,2045,0.3175,6645084.00,3322542.00,11628898.00,82292620.00,41146310.00,144012086.00,1.1072,4.43
Tagus floodplain (railway),Railway,SSP1-2.6,+Geoid,2046,0.324,7006593.00,3503297.00,12261538.00,89299214.00,44649607.00,156273624.00,1.0584,4.671
Tagus floodplain (railway),Railway,SSP1-2.6,+Geoid,2047,0.3305,7387309.00,3693655.00,12927791.00,96686523.00,48343261.00,169201415.00,1.0118,4.925
Tagus floodplain (railway),Railway,SSP1-2.6,+Geoid,2048,0.337,7788235.00,3894118.00,13629411.00,104474758.00,52237379.00,182830826.00,0.9672,5.192
Tagus floodplain (railway),Railway,SSP1-2.6,+Geoid,2049,0.3435,8210425.00,4105212.00,14368244.00,112685183.00,56342591.00,197199070.00,0.9246,5.474
Tagus floodplain (railway),Railway,SSP1-2.6,+Geoid,2050,0.35,8654987.00,4327494.00,15146227.00,121340170.00,60670085.00,212345297.00,0.8839,5.77
Tagus floodplain (railway),Railway,SSP1-2.6,+Geoid,2051,0.354,8940186.00,4470093.00,15645326.00,130280356.00,65140178.00,227990623.00,0.8597,5.96
Tagus floodplain (railway),Railway,SSP1-2.6,+Geoid,2052,0.358,9234581.00,4617290.00,16160516.00,139514937.00,69757468.00,244151139.00,0.8362,6.156
Tagus floodplain (railway),Railway,SSP1-2.6,+Geoid,2053,0.362,9538462.00,4769231.00,16692309.00,149053399.00,74526699.00,260843448.00,0.8133,6.359
Tagus floodplain (railway),Railway,SSP1-2.6,+Geoid,2054,0.366,9852131.00,4926066.00,17241230.00,158905530.00,79452765.00,278084678.00,0.7911,6.568
Tagus floodplain (railway),Railway,SSP1-2.6,+Geoid,2055,0.37,10175898.00,5087949.00,17807822.00,169081428.00,84540714.00,295892499.00,0.7695,6.784
Tagus floodplain (railway),Railway,SSP1-2.6,+Geoid,2056,0.374,10510083.00,5255041.00,18392644.00,179591511.00,89795755.00,314285144.00,0.7484,7.007
Tagus floodplain (railway),Railway,SSP1-2.6,+Geoid,2057,0.378,10855015.00,5427507.00,18996275.00,190446525.00,95223263.00,333281419.00,0.728,7.237
Tagus floodplain (railway),Railway,SSP1-2.6,+Geoid,2058,0.382,11211034.00,5605517.00,19619310.00,201657559.00,100828780.00,352900729.00,0.7081,7.474
Tagus floodplain (railway),Railway,SSP1-2.6,+Geoid,2059,0.386,11578492.00,5789246.00,20262362.00,213236052.00,106618026.00,373163091.00,0.6887,7.719
Tagus floodplain (railway),Railway,SSP1-2.6,+Geoid,2060,0.39,11957751.00,5978875.00,20926064.00,225193803.00,112596901.00,394089154.00,0.6699,7.972
Tagus floodplain (railway),Railway,SSP1-2.6,+Geoid,2061,0.394,12349183.00,6174591.00,21611069.00,237542985.00,118771493.00,415700224.00,0.6515,8.233
Tagus floodplain (railway),Railway,SSP1-2.6,+Geoid,2062,0.398,12753172.00,6376586.00,22318052.00,250296157.00,125148079.00,438018276.00,0.6337,8.502
Tagus floodplain (railway),Railway,SSP1-2.6,+Geoid,2063,0.402,13170117.00,6585058.00,23047705.00,263466274.00,131733137.00,461065980.00,0.6164,8.78
Tagus floodplain (railway),Railway,SSP1-2.6,+Geoid,2064,0.406,13600425.00,6800213.00,23800744.00,277066700.00,138533350.00,484866724.00,0.5995,9.067
Tagus floodplain (railway),Railway,SSP1-2.6,+Geoid,2065,0.41,14044519.00,7022260.00,24577909.00,291111219.00,145555610.00,509444633.00,0.5831,9.363
Tagus floodplain (railway),Railway,SSP1-2.6,+Geoid,2066,0.414,14502834.00,7251417.00,25379960.00,305614054.00,152807027.00,534824594.00,0.5672,9.669
Tagus floodplain (railway),Railway,SSP1-2.6,+Geoid,2067,0.418,14975819.00,7487909.00,26207683.00,320589872.00,160294936.00,561032276.00,0.5517,9.984
Tagus floodplain (railway),Railway,SSP1-2.6,+Geoid,2068,0.422,15463935.00,7731967.00,27061886.00,336053807.00,168026904.00,588094162.00,0.5366,10.309
Tagus floodplain (railway),Railway,SSP1-2.6,+Geoid,2069,0.426,15967660.00,7983830.00,27943405.00,352021467.00,176010734.00,616037567.00,0.5219,10.645
Tagus floodplain (railway),Railway,SSP1-2.6,+Geoid,2070,0.43,16487486.00,8243743.00,28853100.00,368508953.00,184254477.00,644890668.00,0.5077,10.992
Tagus floodplain (railway),Railway,SSP1-2.6,+Geoid,2071,0.434,17023920.00,8511960.00,29791860.00,385532873.00,192766436.00,674682528.00,0.4938,11.349
Tagus floodplain (railway),Railway,SSP1-2.6,+Geoid,2072,0.438,17577485.00,8788742.00,30760598.00,403110358.00,201555179.00,705443126.00,0.4803,11.718
Tagus floodplain (railway),Railway,SSP1-2.6,+Geoid,2073,0.442,18148720.00,9074360.00,31760259.00,421259077.00,210629539.00,737203385.00,0.4671,12.099
Tagus floodplain (railway),Railway,SSP1-2.6,+Geoid,2074,0.446,18738181.00,9369090.00,32791817.00,439997258.00,219998629.00,769995202.00,0.4544,12.492
Tagus floodplain (railway),Railway,SSP1-2.6,+Geoid,2075,0.45,19346442.00,9673221.00,33856273.00,459343700.00,229671850.00,803851475.00,0.4419,12.898
Tagus floodplain (railway),Railway,SSP1-2.6,+Geoid,2076,0.454,19974093.00,9987046.00,34954662.00,479317793.00,239658896.00,838806137.00,0.4299,13.316
Tagus floodplain (railway),Railway,SSP1-2.6,+Geoid,2077,0.458,20621744.00,10310872.00,36088053.00,499939537.00,249969768.00,874894190.00,0.4181,13.748
Tagus floodplain (railway),Railway,SSP1-2.6,+Geoid,2078,0.462,21290025.00,10645012.00,37257543.00,521229561.00,260614781.00,912151733.00,0.4067,14.193
Tagus floodplain (railway),Railway,SSP1-2.6,+Geoid,2079,0.466,21979581.00,10989791.00,38464267.00,543209143.00,271604571.00,950616000.00,0.3955,14.653
Tagus floodplain (railway),Railway,SSP1-2.6,+Geoid,2080,0.47,22691083.00,11345541.00,39709395.00,565900226.00,282950113.00,990325395.00,0.3847,15.127
Tagus floodplain (railway),Railway,SSP1-2.6,+Geoid,2081,0.474,23425218.00,11712609.00,40994132.00,589325444.00,294662722.00,1031319527.00,0.3742,15.617
Tagus floodplain (railway),Railway,SSP1-2.6,+Geoid,2082,0.478,24182698.00,12091349.00,42319721.00,613508141.00,306754071.00,1073639248.00,0.364,16.122
Tagus floodplain (railway),Railway,SSP1-2.6,+Geoid,2083,0.482,24964253.00,12482127.00,43687443.00,638472395.00,319236197.00,1117326690.00,0.354,16.643
Tagus floodplain (railway),Railway,SSP1-2.6,+Geoid,2084,0.486,25770640.00,12885320.00,45098620.00,664243035.00,332121517.00,1162425310.00,0.3443,17.18
Tagus floodplain (railway),Railway,SSP1-2.6,+Geoid,2085,0.49,26602637.00,13301318.00,46554614.00,690845671.00,345422836.00,1208979925.00,0.3349,17.735
Tagus floodplain (railway),Railway,SSP1-2.6,+Geoid,2086,0.494,27461046.00,13730523.00,48056830.00,718306717.00,359153358.00,1257036755.00,0.3258,18.307
Tagus floodplain (railway),Railway,SSP1-2.6,+Geoid,2087,0.498,28346695.00,14173347.00,49606716.00,746653412.00,373326706.00,1306643471.00,0.3169,18.898
Tagus floodplain (railway),Railway,SSP1-2.6,+Geoid,2088,0.502,29260437.00,14630219.00,51205765.00,775913849.00,387956924.00,1357849236.00,0.3082,19.507
Tagus floodplain (railway),Railway,SSP1-2.6,+Geoid,2089,0.506,30203152.00,15101576.00,52855516.00,806117001.00,403058500.00,1410704752.00,0.2998,20.135
Tagus floodplain (railway),Railway,SSP1-2.6,+Geoid,2090,0.51,31175746.00,15587873.00,54557556.00,837292747.00,418646374.00,1465262308.00,0.2916,20.784
Tagus floodplain (railway),Railway,SSP1-2.6,+Geoid,2091,0.514,32179155.00,16089578.00,56313522.00,869471903.00,434735951.00,1521575830.00,0.2836,21.453
Tagus floodplain (railway),Railway,SSP1-2.6,+Geoid,2092,0.518,33214343.00,16607171.00,58125100.00,902686246.00,451343123.00,1579700930.00,0.2758,22.143
Tagus floodplain (railway),Railway,SSP1-2.6,+Geoid,2093,0.522,34282302.00,17141151.00,59994029.00,936968548.00,468484274.00,1639694959.00,0.2683,22.855
Tagus floodplain (railway),Railway,SSP1-2.6,+Geoid,2094,0.526,35384059.00,17692029.00,61922103.00,972352607.00,486176304.00,1701617062.00,0.261,23.589
Tagus floodplain (railway),Railway,SSP1-2.6,+Geoid,2095,0.53,36520668.00,18260334.00,63911169.00,1008873275.00,504436637.00,1765528231.00,0.2538,24.347
Tagus floodplain (railway),Railway,SSP1-2.6,+Geoid,2096,0.534,37693219.00,18846609.00,65963133.00,1046566494.00,523283247.00,1831491364.00,0.2469,25.129
Tagus floodplain (railway),Railway,SSP1-2.6,+Geoid,2097,0.538,38902834.00,19451417.00,68079959.00,1085469328.00,542734664.00,1899571323.00,0.2401,25.935
Tagus floodplain (railway),Railway,SSP1-2.6,+Geoid,2098,0.542,40150671.00,20075335.00,70263674.00,1125619998.00,562809999.00,1969834997.00,0.2336,26.767
Tagus floodplain (railway),Railway,SSP1-2.6,+Geoid,2099,0.546,41437922.00,20718961.00,72516364.00,1167057921.00,583528960.00,2042351361.00,0.2272,27.625
Tagus floodplain (railway),Railway,SSP1-2.6,+Geoid,2100,0.55,42765818.00,21382909.00,74840182.00,1209823739.00,604911869.00,2117191543.00,0.221,28.511
Tagus floodplain (railway),Railway,SSP2-4.5,Baseline,2025,0.05,700036.00,350018.00,1225062.00,700036.00,350018.00,1225062.00,7.0711,0.467
Tagus floodplain (railway),Railway,SSP2-4.5,Baseline,2026,0.06,763921.00,381961.00,1336862.00,1463957.00,731978.00,2561925.00,6.5975,0.509
Tagus floodplain (railway),Railway,SSP2-4.5,Baseline,2027,0.07,833371.00,416685.00,1458399.00,2297328.00,1148664.00,4020324.00,6.1557,0.556
Tagus floodplain (railway),Railway,SSP2-4.5,Baseline,2028,0.08,908855.00,454427.00,1590496.00,3206183.00,1603091.00,5610820.00,5.7435,0.606
Tagus floodplain (railway),Railway,SSP2-4.5,Baseline,2029,0.09,990881.00,495441.00,1734042.00,4197064.00,2098532.00,7344861.00,5.3589,0.661
Tagus floodplain (railway),Railway,SSP2-4.5,Baseline,2030,0.1,1080000.00,540000.00,1890000.00,5277064.00,2638532.00,9234861.00,5.0,0.72
Tagus floodplain (railway),Railway,SSP2-4.5,Baseline,2031,0.11,1176807.00,588404.00,2059413.00,6453871.00,3226935.00,11294274.00,4.6652,0.785
Tagus floodplain (railway),Railway,SSP2-4.5,Baseline,2032,0.12,1281947.00,640974.00,2243408.00,7735818.00,3867909.00,13537682.00,4.3528,0.855
Tagus floodplain (railway),Railway,SSP2-4.5,Baseline,2033,0.13,1396118.00,698059.00,2443206.00,9131936.00,4565968.00,15980888.00,4.0613,0.931
Tagus floodplain (railway),Railway,SSP2-4.5,Baseline,2034,0.14,1520073.00,760037.00,2660128.00,10652009.00,5326005.00,18641016.00,3.7893,1.013
Tagus floodplain (railway),Railway,SSP2-4.5,Baseline,2035,0.15,1654630.00,827315.00,2895602.00,12306639.00,6153320.00,21536618.00,3.5355,1.103
Tagus floodplain (railway),Railway,SSP2-4.5,Baseline,2036,0.16,1800671.00,900336.00,3151175.00,14107310.00,7053655.00,24687793.00,3.2988,1.2
Tagus floodplain (railway),Railway,SSP2-4.5,Baseline,2037,0.17,1959153.00,979576.00,3428517.00,16066463.00,8033232.00,28116310.00,3.0779,1.306
Tagus floodplain (railway),Railway,SSP2-4.5,Baseline,2038,0.18,2131108.00,1065554.00,3729439.00,18197571.00,9098785.00,31845749.00,2.8717,1.421
Tagus floodplain (railway),Railway,SSP2-4.5,Baseline,2039,0.19,2317654.00,1158827.00,4055894.00,20515225.00,10257612.00,35901643.00,2.6794,1.545
Tagus floodplain (railway),Railway,SSP2-4.5,Baseline,2040,0.2,2520000.00,1260000.00,4410000.00,23035225.00,11517612.00,40311643.00,2.5,1.68
Tagus floodplain (railway),Railway,SSP2-4.5,Baseline,2041,0.21,2739453.00,1369726.00,4794043.00,25774678.00,12887339.00,45105686.00,2.3326,1.826
Tagus floodplain (railway),Railway,SSP2-4.5,Baseline,2042,0.22,2977426.00,1488713.00,5210496.00,28752104.00,14376052.00,50316182.00,2.1764,1.985
Tagus floodplain (railway),Railway,SSP2-4.5,Baseline,2043,0.23,3235448.00,1617724.00,5662033.00,31987551.00,15993776.00,55978215.00,2.0306,2.157
Tagus floodplain (railway),Railway,SSP2-4.5,Baseline,2044,0.24,3515169.00,1757585.00,6151546.00,35502721.00,17751360.00,62129761.00,1.8946,2.343
Tagus floodplain (railway),Railway,SSP2-4.5,Baseline,2045,0.25,3818377.00,1909188.00,6682159.00,39321097.00,19660549.00,68811920.00,1.7678,2.546
Tagus floodplain (railway),Railway,SSP2-4.5,Baseline,2046,0.26,4147001.00,2073500.00,7257251.00,43468098.00,21734049.00,76069171.00,1.6494,2.765
Tagus floodplain (railway),Railway,SSP2-4.5,Baseline,2047,0.27,4503127.00,2251564.00,7880473.00,47971225.00,23985612.00,83949644.00,1.5389,3.002
Tagus floodplain (railway),Railway,SSP2-4.5,Baseline,2048,0.28,4889012.00,2444506.00,8555771.00,52860237.00,26430118.00,92505415.00,1.4359,3.259
Tagus floodplain (railway),Railway,SSP2-4.5,Baseline,2049,0.29,5307092.00,2653546.00,9287410.00,58167329.00,29083664.00,101792825.00,1.3397,3.538
Tagus floodplain (railway),Railway,SSP2-4.5,Baseline,2050,0.3,5760000.00,2880000.00,10080000.00,63927329.00,31963664.00,111872825.00,1.25,3.84
Tagus floodplain (railway),Railway,SSP2-4.5,Baseline,2051,0.306,6049637.00,3024819.00,10586865.00,69976966.00,34988483.00,122459690.00,1.1991,4.033
Tagus floodplain (railway),Railway,SSP2-4.5,Baseline,2052,0.312,6353487.00,3176743.00,11118602.00,76330453.00,38165226.00,133578292.00,1.1502,4.236
Tagus floodplain (railway),Railway,SSP2-4.5,Baseline,2053,0.318,6672233.00,3336116.00,11676408.00,83002685.00,41501343.00,145254700.00,1.1034,4.448
Tagus floodplain (railway),Railway,SSP2-4.5,Baseline,2054,0.324,7006593.00,3503297.00,12261538.00,90009279.00,45004639.00,157516238.00,1.0584,4.671
Tagus floodplain (railway),Railway,SSP2-4.5,Baseline,2055,0.33,7357319.00,3678660.00,12875308.00,97366598.00,48683299.00,170391546.00,1.0153,4.905
Tagus floodplain (railway),Railway,SSP2-4.5,Baseline,2056,0.336,7725197.00,3862599.00,13519095.00,105091795.00,52545897.00,183910641.00,0.974,5.15
Tagus floodplain (railway),Railway,SSP2-4.5,Baseline,2057,0.342,8111052.00,4055526.00,14194341.00,113202847.00,56601423.00,198104982.00,0.9343,5.407
Tagus floodplain (railway),Railway,SSP2-4.5,Baseline,2058,0.348,8515747.00,4257873.00,14902557.00,121718594.00,60859297.00,213007539.00,0.8962,5.677
Tagus floodplain (railway),Railway,SSP2-4.5,Baseline,2059,0.354,8940186.00,4470093.00,15645326.00,130658780.00,65329390.00,228652865.00,0.8597,5.96
Tagus floodplain (railway),Railway,SSP2-4.5,Baseline,2060,0.36,9385317.00,4692658.00,16424305.00,140044097.00,70022049.00,245077170.00,0.8247,6.257
Tagus floodplain (railway),Railway,SSP2-4.5,Baseline,2061,0.366,9852131.00,4926066.00,17241230.00,149896228.00,74948114.00,262318399.00,0.7911,6.568
Tagus floodplain (railway),Railway,SSP2-4.5,Baseline,2062,0.372,10341668.00,5170834.00,18097918.00,160237896.00,80118948.00,280416318.00,0.7589,6.894
Tagus floodplain (railway),Railway,SSP2-4.5,Baseline,2063,0.378,10855015.00,5427507.00,18996275.00,171092910.00,85546455.00,299412593.00,0.728,7.237
Tagus floodplain (railway),Railway,SSP2-4.5,Baseline,2064,0.384,11393311.00,5696656.00,19938295.00,182486222.00,91243111.00,319350888.00,0.6983,7.596
Tagus floodplain (railway),Railway,SSP2-4.5,Baseline,2065,0.39,11957751.00,5978875.00,20926064.00,194443972.00,97221986.00,340276952.00,0.6699,7.972
Tagus floodplain (railway),Railway,SSP2-4.5,Baseline,2066,0.396,12549583.00,6274792.00,21961771.00,206993556.00,103496778.00,362238722.00,0.6426,8.366
Tagus floodplain (railway),Railway,SSP2-4.5,Baseline,2067,0.402,13170117.00,6585058.00,23047705.00,220163672.00,110081836.00,385286427.00,0.6164,8.78
Tagus floodplain (railway),Railway,SSP2-4.5,Baseline,2068,0.408,13820722.00,6910361.00,24186264.00,233984395.00,116992197.00,409472691.00,0.5913,9.214
Tagus floodplain (railway),Railway,SSP2-4.5,Baseline,2069,0.414,14502834.00,7251417.00,25379960.00,248487229.00,124243615.00,434852651.00,0.5672,9.669
Tagus floodplain (railway),Railway,SSP2-4.5,Baseline,2070,0.42,15217956.00,7608978.00,26631423.00,263705185.00,131852592.00,461484074.00,0.5441,10.145
Tagus floodplain (railway),Railway,SSP2-4.5,Baseline,2071,0.426,15967660.00,7983830.00,27943405.00,279672845.00,139836422.00,489427479.00,0.5219,10.645
Tagus floodplain (railway),Railway,SSP2-4.5,Baseline,2072,0.432,16753595.00,8376797.00,29318791.00,296426440.00,148213220.00,518746269.00,0.5007,11.169
Tagus floodplain (railway),Railway,SSP2-4.5,Baseline,2073,0.438,17577485.00,8788742.00,30760598.00,314003924.00,157001962.00,549506868.00,0.4803,11.718
Tagus floodplain (railway),Railway,SSP2-4.5,Baseline,2074,0.444,18441137.00,9220568.00,32271989.00,332445061.00,166222530.00,581778857.00,0.4607,12.294
Tagus floodplain (railway),Railway,SSP2-4.5,Baseline,2075,0.45,19346442.00,9673221.00,33856273.00,351791502.00,175895751.00,615635129.00,0.4419,12.898
Tagus floodplain (railway),Railway,SSP2-4.5,Baseline,2076,0.456,20295380.00,10147690.00,35516915.00,372086882.00,186043441.00,651152044.00,0.4239,13.53
Tagus floodplain (railway),Railway,SSP2-4.5,Baseline,2077,0.462,21290025.00,10645012.00,37257543.00,393376907.00,196688453.00,688409587.00,0.4067,14.193
Tagus floodplain (railway),Railway,SSP2-4.5,Baseline,2078,0.468,22332546.00,11166273.00,39081956.00,415709453.00,207854727.00,727491543.00,0.3901,14.888
Tagus floodplain (railway),Railway,SSP2-4.5,Baseline,2079,0.474,23425218.00,11712609.00,40994132.00,439134671.00,219567336.00,768485675.00,0.3742,15.617
Tagus floodplain (railway),Railway,SSP2-4.5,Baseline,2080,0.48,24570419.00,12285210.00,42998233.00,463705091.00,231852545.00,811483908.00,0.359,16.38
Tagus floodplain (railway),Railway,SSP2-4.5,Baseline,2081,0.486,25770640.00,12885320.00,45098620.00,489475730.00,244737865.00,856582528.00,0.3443,17.18
Tagus floodplain (railway),Railway,SSP2-4.5,Baseline,2082,0.492,27028489.00,13514244.00,47299855.00,516504219.00,258252110.00,903882383.00,0.3303,18.019
Tagus floodplain (railway),Railway,SSP2-4.5,Baseline,2083,0.498,28346695.00,14173347.00,49606716.00,544850914.00,272425457.00,953489099.00,0.3169,18.898
Tagus floodplain (railway),Railway,SSP2-4.5,Baseline,2084,0.504,29728117.00,14864058.00,52024205.00,574579031.00,287289515.00,1005513304.00,0.304,19.819
Tagus floodplain (railway),Railway,SSP2-4.5,Baseline,2085,0.51,31175746.00,15587873.00,54557556.00,605754777.00,302877389.00,1060070860.00,0.2916,20.784
Tagus floodplain (railway),Railway,SSP2-4.5,Baseline,2086,0.516,32692715.00,16346358.00,57212252.00,638447493.00,319223746.00,1117283112.00,0.2797,21.795
Tagus floodplain (railway),Railway,SSP2-4.5,Baseline,2087,0.522,34282302.00,17141151.00,59994029.00,672729795.00,336364898.00,1177277142.00,0.2683,22.855
Tagus floodplain (railway),Railway,SSP2-4.5,Baseline,2088,0.528,35947939.00,17973970.00,62908894.00,708677735.00,354338867.00,1240186036.00,0.2574,23.965
Tagus floodplain (railway),Railway,SSP2-4.5,Baseline,2089,0.534,37693219.00,18846609.00,65963133.00,746370953.00,373185477.00,1306149169.00,0.2469,25.129
Tagus floodplain (railway),Railway,SSP2-4.5,Baseline,2090,0.54,39521901.00,19760950.00,69163327.00,785892854.00,392946427.00,1375312495.00,0.2368,26.348
Tagus floodplain (railway),Railway,SSP2-4.5,Baseline,2091,0.546,41437922.00,20718961.00,72516364.00,827330777.00,413665388.00,1447828859.00,0.2272,27.625
Tagus floodplain (railway),Railway,SSP2-4.5,Baseline,2092,0.552,43445403.00,21722701.00,76029454.00,870776179.00,435388090.00,1523858313.00,0.2179,28.964
Tagus floodplain (railway),Railway,SSP2-4.5,Baseline,2093,0.558,45548655.00,22774327.00,79710145.00,916324834.00,458162417.00,1603568459.00,0.2091,30.366
Tagus floodplain (railway),Railway,SSP2-4.5,Baseline,2094,0.564,47752192.00,23876096.00,83566336.00,964077026.00,482038513.00,1687134795.00,0.2005,31.835
Tagus floodplain (railway),Railway,SSP2-4.5,Baseline,2095,0.57,50060740.00,25030370.00,87606294.00,1014137765.00,507068883.00,1774741090.00,0.1924,33.374
Tagus floodplain (railway),Railway,SSP2-4.5,Baseline,2096,0.576,52479242.00,26239621.00,91838674.00,1066617008.00,533308504.00,1866579764.00,0.1845,34.986
Tagus floodplain (railway),Railway,SSP2-4.5,Baseline,2097,0.582,55012875.00,27506438.00,96272532.00,1121629883.00,560814942.00,1962852295.00,0.177,36.675
Tagus floodplain (railway),Railway,SSP2-4.5,Baseline,2098,0.588,57667056.00,28833528.00,100917348.00,1179296939.00,589648469.00,2063769643.00,0.1698,38.445
Tagus floodplain (railway),Railway,SSP2-4.5,Baseline,2099,0.594,60447453.00,30223726.00,105783043.00,1239744392.00,619872196.00,2169552686.00,0.1629,40.298
Tagus floodplain (railway),Railway,SSP2-4.5,Baseline,2100,0.6,63360000.00,31680000.00,110880000.00,1303104392.00,651552196.00,2280432686.00,0.1563,42.24
Tagus floodplain (railway),Railway,SSP2-4.5,+Geoid,2025,0.125,1337858.00,668929.00,2341252.00,1337858.00,668929.00,2341252.00,4.2045,0.892
Tagus floodplain (railway),Railway,SSP2-4.5,+Geoid,2026,0.15,1654630.00,827315.00,2895602.00,2992488.00,1496244.00,5236854.00,3.5355,1.103
Tagus floodplain (railway),Railway,SSP2-4.5,+Geoid,2027,0.175,2043378.00,1021689.00,3575912.00,5035866.00,2517933.00,8812766.00,2.973,1.362
Tagus floodplain (railway),Railway,SSP2-4.5,+Geoid,2028,0.2,2520000.00,1260000.00,4410000.00,7555866.00,3777933.00,13222766.00,2.5,1.68
Tagus floodplain (railway),Railway,SSP2-4.5,+Geoid,2029,0.225,3103831.00,1551915.00,5431703.00,10659697.00,5329848.00,18654469.00,2.1022,2.069
Tagus floodplain (railway),Railway,SSP2-4.5,+Geoid,2030,0.25,3818377.00,1909188.00,6682159.00,14478073.00,7239037.00,25336628.00,1.7678,2.546
Tagus floodplain (railway),Railway,SSP2-4.5,+Geoid,2031,0.26,4147001.00,2073500.00,7257251.00,18625074.00,9312537.00,32593879.00,1.6494,2.765
Tagus floodplain (railway),Railway,SSP2-4.5,+Geoid,2032,0.27,4503127.00,2251564.00,7880473.00,23128201.00,11564101.00,40474352.00,1.5389,3.002
Tagus floodplain (railway),Railway,SSP2-4.5,+Geoid,2033,0.28,4889012.00,2444506.00,8555771.00,28017213.00,14008607.00,49030123.00,1.4359,3.259
Tagus floodplain (railway),Railway,SSP2-4.5,+Geoid,2034,0.29,5307092.00,2653546.00,9287410.00,33324305.00,16662152.00,58317533.00,1.3397,3.538
Tagus floodplain (railway),Railway,SSP2-4.5,+Geoid,2035,0.3,5760000.00,2880000.00,10080000.00,39084305.00,19542152.00,68397533.00,1.25,3.84
Tagus floodplain (railway),Railway,SSP2-4.5,+Geoid,2036,0.31,6250583.00,3125291.00,10938520.00,45334888.00,22667444.00,79336053.00,1.1663,4.167
Tagus floodplain (railway),Railway,SSP2-4.5,+Geoid,2037,0.32,6781915.00,3390958.00,11868351.00,52116803.00,26058401.00,91204405.00,1.0882,4.521
Tagus floodplain (railway),Railway,SSP2-4.5,+Geoid,2038,0.33,7357319.00,3678660.00,12875308.00,59474122.00,29737061.00,104079713.00,1.0153,4.905
Tagus floodplain (railway),Railway,SSP2-4.5,+Geoid,2039,0.34,7980384.00,3990192.00,13965672.00,67454506.00,33727253.00,118045385.00,0.9473,5.32
Tagus floodplain (railway),Railway,SSP2-4.5,+Geoid,2040,0.35,8654987.00,4327494.00,15146227.00,76109493.00,38054746.00,133191612.00,0.8839,5.77
Tagus floodplain (railway),Railway,SSP2-4.5,+Geoid,2041,0.36,9385317.00,4692658.00,16424305.00,85494810.00,42747405.00,149615917.00,0.8247,6.257
Tagus floodplain (railway),Railway,SSP2-4.5,+Geoid,2042,0.37,10175898.00,5087949.00,17807822.00,95670708.00,47835354.00,167423738.00,0.7695,6.784
Tagus floodplain (railway),Railway,SSP2-4.5,+Geoid,2043,0.38,11031617.00,5515808.00,19305329.00,106702324.00,53351162.00,186729068.00,0.7179,7.354
Tagus floodplain (railway),Railway,SSP2-4.5,+Geoid,2044,0.39,11957751.00,5978875.00,20926064.00,118660075.00,59330038.00,207655131.00,0.6699,7.972
Tagus floodplain (railway),Railway,SSP2-4.5,+Geoid,2045,0.4,12960000.00,6480000.00,22680000.00,131620075.00,65810038.00,230335131.00,0.625,8.64
Tagus floodplain (railway),Railway,SSP2-4.5,+Geoid,2046,0.41,14044519.00,7022260.00,24577909.00,145664595.00,72832297.00,254913041.00,0.5831,9.363
Tagus floodplain (railway),Railway,SSP2-4.5,+Geoid,2047,0.42,15217956.00,7608978.00,26631423.00,160882550.00,80441275.00,281544463.00,0.5441,10.145
Tagus floodplain (railway),Railway,SSP2-4.5,+Geoid,2048,0.43,16487486.00,8243743.00,28853100.00,177370036.00,88685018.00,310397564.00,0.5077,10.992
Tagus floodplain (railway),Railway,SSP2-4.5,+Geoid,2049,0.44,17860859.00,8930430.00,31256503.00,195230895.00,97615448.00,341654067.00,0.4737,11.907
Tagus floodplain (railway),Railway,SSP2-4.5,+Geoid,2050,0.45,19346442.00,9673221.00,33856273.00,214577337.00,107288668.00,375510340.00,0.4419,12.898
Tagus floodplain (railway),Railway,SSP2-4.5,+Geoid,2051,0.456,20295380.00,10147690.00,35516915.00,234872717.00,117436358.00,411027254.00,0.4239,13.53
Tagus floodplain (railway),Railway,SSP2-4.5,+Geoid,2052,0.462,21290025.00,10645012.00,37257543.00,256162741.00,128081371.00,448284797.00,0.4067,14.193
Tagus floodplain (railway),Railway,SSP2-4.5,+Geoid,2053,0.468,22332546.00,11166273.00,39081956.00,278495288.00,139247644.00,487366754.00,0.3901,14.888
Tagus floodplain (railway),Railway,SSP2-4.5,+Geoid,2054,0.474,23425218.00,11712609.00,40994132.00,301920506.00,150960253.00,528360885.00,0.3742,15.617
Tagus floodplain (railway),Railway,SSP2-4.5,+Geoid,2055,0.48,24570419.00,12285210.00,42998233.00,326490925.00,163245463.00,571359119.00,0.359,16.38
Tagus floodplain (railway),Railway,SSP2-4.5,+Geoid,2056,0.486,25770640.00,12885320.00,45098620.00,352261565.00,176130783.00,616457739.00,0.3443,17.18
Tagus floodplain (railway),Railway,SSP2-4.5,+Geoid,2057,0.492,27028489.00,13514244.00,47299855.00,379290054.00,189645027.00,663757594.00,0.3303,18.019
Tagus floodplain (railway),Railway,SSP2-4.5,+Geoid,2058,0.498,28346695.00,14173347.00,49606716.00,407636748.00,203818374.00,713364310.00,0.3169,18.898
Tagus floodplain (railway),Railway,SSP2-4.5,+Geoid,2059,0.504,29728117.00,14864058.00,52024205.00,437364865.00,218682433.00,765388514.00,0.304,19.819
Tagus floodplain (railway),Railway,SSP2-4.5,+Geoid,2060,0.51,31175746.00,15587873.00,54557556.00,468540612.00,234270306.00,819946071.00,0.2916,20.784
Tagus floodplain (railway),Railway,SSP2-4.5,+Geoid,2061,0.516,32692715.00,16346358.00,57212252.00,501233327.00,250616664.00,877158323.00,0.2797,21.795
Tagus floodplain (railway),Railway,SSP2-4.5,+Geoid,2062,0.522,34282302.00,17141151.00,59994029.00,535515630.00,267757815.00,937152352.00,0.2683,22.855
Tagus floodplain (railway),Railway,SSP2-4.5,+Geoid,2063,0.528,35947939.00,17973970.00,62908894.00,571463569.00,285731785.00,1000061246.00,0.2574,23.965
Tagus floodplain (railway),Railway,SSP2-4.5,+Geoid,2064,0.534,37693219.00,18846609.00,65963133.00,609156788.00,304578394.00,1066024379.00,0.2469,25.129
Tagus floodplain (railway),Railway,SSP2-4.5,+Geoid,2065,0.54,39521901.00,19760950.00,69163327.00,648678689.00,324339344.00,1135187706.00,0.2368,26.348
Tagus floodplain (railway),Railway,SSP2-4.5,+Geoid,2066,0.546,41437922.00,20718961.00,72516364.00,690116611.00,345058306.00,1207704069.00,0.2272,27.625
Tagus floodplain (railway),Railway,SSP2-4.5,+Geoid,2067,0.552,43445403.00,21722701.00,76029454.00,733562014.00,366781007.00,1283733524.00,0.2179,28.964
Tagus floodplain (railway),Railway,SSP2-4.5,+Geoid,2068,0.558,45548655.00,22774327.00,79710145.00,779110668.00,389555334.00,1363443669.00,0.2091,30.366
Tagus floodplain (railway),Railway,SSP2-4.5,+Geoid,2069,0.564,47752192.00,23876096.00,83566336.00,826862860.00,413431430.00,1447010005.00,0.2005,31.835
Tagus floodplain (railway),Railway,SSP2-4.5,+Geoid,2070,0.57,50060740.00,25030370.00,87606294.00,876923600.00,438461800.00,1534616300.00,0.1924,33.374
Tagus floodplain (railway),Railway,SSP2-4.5,+Geoid,2071,0.576,52479242.00,26239621.00,91838674.00,929402842.00,464701421.00,1626454974.00,0.1845,34.986
Tagus floodplain (railway),Railway,SSP2-4.5,+Geoid,2072,0.582,55012875.00,27506438.00,96272532.00,984415718.00,492207859.00,1722727506.00,0.177,36.675
Tagus floodplain (railway),Railway,SSP2-4.5,+Geoid,2073,0.588,57667056.00,28833528.00,100917348.00,1042082773.00,521041387.00,1823644854.00,0.1698,38.445
Tagus floodplain (railway),Railway,SSP2-4.5,+Geoid,2074,0.594,60447453.00,30223726.00,105783043.00,1102530226.00,551265113.00,1929427896.00,0.1629,40.298
Tagus floodplain (railway),Railway,SSP2-4.5,+Geoid,2075,0.6,63360000.00,31680000.00,110880000.00,1165890226.00,582945113.00,2040307896.00,0.1563,42.24
Tagus floodplain (railway),Railway,SSP2-4.5,+Geoid,2076,0.606,66410907.00,33205453.00,116219087.00,1232301133.00,616150567.00,2156526983.00,0.1499,44.274
Tagus floodplain (railway),Railway,SSP2-4.5,+Geoid,2077,0.612,69606672.00,34803336.00,121811676.00,1301907805.00,650953903.00,2278338659.00,0.1438,46.404
Tagus floodplain (railway),Railway,SSP2-4.5,+Geoid,2078,0.618,72954097.00,36477048.00,127669670.00,1374861902.00,687430951.00,2406008329.00,0.1379,48.636
Tagus floodplain (railway),Railway,SSP2-4.5,+Geoid,2079,0.624,76460299.00,38230150.00,133805524.00,1451322201.00,725661101.00,2539813853.00,0.1323,50.974
Tagus floodplain (railway),Railway,SSP2-4.5,+Geoid,2080,0.63,80132728.00,40066364.00,140232273.00,1531454929.00,765727465.00,2680046126.00,0.1269,53.422
Tagus floodplain (railway),Railway,SSP2-4.5,+Geoid,2081,0.636,83979177.00,41989588.00,146963559.00,1615434106.00,807717053.00,2827009685.00,0.1217,55.986
Tagus floodplain (railway),Railway,SSP2-4.5,+Geoid,2082,0.642,88007804.00,44003902.00,154013657.00,1703441910.00,851720955.00,2981023343.00,0.1168,58.672
Tagus floodplain (railway),Railway,SSP2-4.5,+Geoid,2083,0.648,92227146.00,46113573.00,161397505.00,1795669056.00,897834528.00,3142420848.00,0.112,61.485
Tagus floodplain (railway),Railway,SSP2-4.5,+Geoid,2084,0.654,96646135.00,48323067.00,169130736.00,1892315191.00,946157595.00,3311551584.00,0.1075,64.431
Tagus floodplain (railway),Railway,SSP2-4.5,+Geoid,2085,0.66,101274118.00,50637059.00,177229707.00,1993589309.00,996794654.00,3488781291.00,0.1031,67.516
Tagus floodplain (railway),Railway,SSP2-4.5,+Geoid,2086,0.666,106120877.00,53060439.00,185711535.00,2099710186.00,1049855093.00,3674492826.00,0.0989,70.747
Tagus floodplain (railway),Railway,SSP2-4.5,+Geoid,2087,0.672,111196647.00,55598324.00,194594132.00,2210906833.00,1105453417.00,3869086958.00,0.0949,74.131
Tagus floodplain (railway),Railway,SSP2-4.5,+Geoid,2088,0.678,116512138.00,58256069.00,203896241.00,2327418971.00,1163709485.00,4072983199.00,0.091,77.675
Tagus floodplain (railway),Railway,SSP2-4.5,+Geoid,2089,0.684,122078556.00,61039278.00,213637472.00,2449497526.00,1224748763.00,4286620671.00,0.0873,81.386
Tagus floodplain (railway),Railway,SSP2-4.5,+Geoid,2090,0.69,127907627.00,63953813.00,223838347.00,2577405153.00,1288702577.00,4510459018.00,0.0837,85.272
Tagus floodplain (railway),Railway,SSP2-4.5,+Geoid,2091,0.696,134011621.00,67005810.00,234520336.00,2711416774.00,1355708387.00,4744979354.00,0.0803,89.341
Tagus floodplain (railway),Railway,SSP2-4.5,+Geoid,2092,0.702,140403375.00,70201687.00,245705906.00,2851820148.00,1425910074.00,4990685260.00,0.077,93.602
Tagus floodplain (railway),Railway,SSP2-4.5,+Geoid,2093,0.708,147096322.00,73548161.00,257418563.00,2998916470.00,1499458235.00,5248103823.00,0.0739,98.064
Tagus floodplain (railway),Railway,SSP2-4.5,+Geoid,2094,0.714,154104516.00,77052258.00,269682903.00,3153020986.00,1576510493.00,5517786725.00,0.0709,102.736
Tagus floodplain (railway),Railway,SSP2-4.5,+Geoid,2095,0.72,161442662.00,80721331.00,282524658.00,3314463648.00,1657231824.00,5800311383.00,0.068,107.628
Tagus floodplain (railway),Railway,SSP2-4.5,+Geoid,2096,0.726,169126144.00,84563072.00,295970753.00,3483589792.00,1741794896.00,6096282136.00,0.0652,112.751
Tagus floodplain (railway),Railway,SSP2-4.5,+Geoid,2097,0.732,177171061.00,88585530.00,310049356.00,3660760853.00,1830380426.00,6406331492.00,0.0626,118.114
Tagus floodplain (railway),Railway,SSP2-4.5,+Geoid,2098,0.738,185594252.00,92797126.00,324789941.00,3846355105.00,1923177552.00,6731121434.00,0.06,123.73
Tagus floodplain (railway),Railway,SSP2-4.5,+Geoid,2099,0.744,194413338.00,97206669.00,340223342.00,4040768443.00,2020384222.00,7071344776.00,0.0576,129.609
Tagus floodplain (railway),Railway,SSP2-4.5,+Geoid,2100,0.75,203646753.00,101823376.00,356381818.00,4244415196.00,2122207598.00,7427726593.00,0.0552,135.765
Tagus floodplain (railway),Railway,SSP5-8.5,Baseline,2025,0.065,797922.00,398961.00,1396364.00,797922.00,398961.00,1396364.00,6.3728,0.532
Tagus floodplain (railway),Railway,SSP5-8.5,Baseline,2026,0.078,893251.00,446626.00,1563190.00,1691174.00,845587.00,2959554.00,5.8237,0.596
Tagus floodplain (railway),Railway,SSP5-8.5,Baseline,2027,0.091,999464.00,499732.00,1749063.00,2690638.00,1345319.00,4708616.00,5.3219,0.666
Tagus floodplain (railway),Railway,SSP5-8.5,Baseline,2028,0.104,1117765.00,558883.00,1956089.00,3808403.00,1904202.00,6664706.00,4.8633,0.745
Tagus floodplain (railway),Railway,SSP5-8.5,Baseline,2029,0.117,1249490.00,624745.00,2186607.00,5057893.00,2528947.00,8851313.00,4.4442,0.833
Tagus floodplain (railway),Railway,SSP5-8.5,Baseline,2030,0.13,1396118.00,698059.00,2443206.00,6454011.00,3227005.00,11294519.00,4.0613,0.931
Tagus floodplain (railway),Railway,SSP5-8.5,Baseline,2031,0.1435,1565918.00,782959.00,2740357.00,8019929.00,4009965.00,14034876.00,3.6985,1.044
Tagus floodplain (railway),Railway,SSP5-8.5,Baseline,2032,0.157,1755598.00,877799.00,3072296.00,9775527.00,4887763.00,17107172.00,3.3681,1.17
Tagus floodplain (railway),Railway,SSP5-8.5,Baseline,2033,0.1705,1967422.00,983711.00,3442988.00,11742948.00,5871474.00,20550160.00,3.0672,1.312
Tagus floodplain (railway),Railway,SSP5-8.5,Baseline,2034,0.184,2203910.00,1101955.00,3856842.00,13946858.00,6973429.00,24407002.00,2.7932,1.469
Tagus floodplain (railway),Railway,SSP5-8.5,Baseline,2035,0.1975,2467863.00,1233931.00,4318759.00,16414721.00,8207360.00,28725761.00,2.5437,1.645
Tagus floodplain (railway),Railway,SSP5-8.5,Baseline,2036,0.211,2762393.00,1381196.00,4834187.00,19177113.00,9588557.00,33559948.00,2.3165,1.842
Tagus floodplain (railway),Railway,SSP5-8.5,Baseline,2037,0.2245,3090959.00,1545479.00,5409178.00,22268072.00,11134036.00,38969126.00,2.1095,2.061
Tagus floodplain (railway),Railway,SSP5-8.5,Baseline,2038,0.238,3457405.00,1728703.00,6050459.00,25725477.00,12862739.00,45019585.00,1.9211,2.305
Tagus floodplain (railway),Railway,SSP5-8.5,Baseline,2039,0.2515,3866001.00,1933000.00,6765501.00,29591478.00,14795739.00,51785086.00,1.7495,2.577
Tagus floodplain (railway),Railway,SSP5-8.5,Baseline,2040,0.265,4321489.00,2160745.00,7562606.00,33912967.00,16956484.00,59347693.00,1.5932,2.881
Tagus floodplain (railway),Railway,SSP5-8.5,Baseline,2041,0.2785,4829139.00,2414569.00,8450992.00,38742106.00,19371053.00,67798685.00,1.4509,3.219
Tagus floodplain (railway),Railway,SSP5-8.5,Baseline,2042,0.292,5394799.00,2697400.00,9440898.00,44136905.00,22068452.00,77239583.00,1.3213,3.597
Tagus floodplain (railway),Railway,SSP5-8.5,Baseline,2043,0.3055,6024967.00,3012484.00,10543693.00,50161872.00,25080936.00,87783276.00,1.2032,4.017
Tagus floodplain (railway),Railway,SSP5-8.5,Baseline,2044,0.319,6726855.00,3363428.00,11771997.00,56888728.00,28444364.00,99555273.00,1.0958,4.485
Tagus floodplain (railway),Railway,SSP5-8.5,Baseline,2045,0.3325,7508471.00,3754235.00,13139824.00,64397198.00,32198599.00,112695097.00,0.9979,5.006
Tagus floodplain (railway),Railway,SSP5-8.5,Baseline,2046,0.346,8378700.00,4189350.00,14662726.00,72775899.00,36387949.00,127357822.00,0.9087,5.586
Tagus floodplain (railway),Railway,SSP5-8.5,Baseline,2047,0.3595,9347409.00,4673704.00,16357965.00,82123307.00,41061654.00,143715787.00,0.8276,6.232
Tagus floodplain (railway),Railway,SSP5-8.5,Baseline,2048,0.373,10425542.00,5212771.00,18244698.00,92548849.00,46274424.00,161960486.00,0.7536,6.95
Tagus floodplain (railway),Railway,SSP5-8.5,Baseline,2049,0.3865,11625247.00,5812623.00,20344182.00,104174096.00,52087048.00,182304668.00,0.6863,7.75
Tagus floodplain (railway),Railway,SSP5-8.5,Baseline,2050,0.4,12960000.00,6480000.00,22680000.00,117134096.00,58567048.00,204984668.00,0.625,8.64
Tagus floodplain (railway),Railway,SSP5-8.5,Baseline,2051,0.412,14271872.00,7135936.00,24975775.00,131405967.00,65702984.00,229960443.00,0.5751,9.515
Tagus floodplain (railway),Railway,SSP5-8.5,Baseline,2052,0.424,15713816.00,7856908.00,27499178.00,147119783.00,73559892.00,257459621.00,0.5292,10.476
Tagus floodplain (railway),Railway,SSP5-8.5,Baseline,2053,0.436,17298528.00,8649264.00,30272423.00,164418311.00,82209155.00,287732044.00,0.487,11.532
Tagus floodplain (railway),Railway,SSP5-8.5,Baseline,2054,0.448,19039925.00,9519962.00,33319868.00,183458236.00,91729118.00,321051912.00,0.4481,12.693
Tagus floodplain (railway),Railway,SSP5-8.5,Baseline,2055,0.46,20953266.00,10476633.00,36668215.00,204411502.00,102205751.00,357720128.00,0.4123,13.969
Tagus floodplain (railway),Railway,SSP5-8.5,Baseline,2056,0.472,23055278.00,11527639.00,40346736.00,227466779.00,113733390.00,398066863.00,0.3794,15.37
Tagus floodplain (railway),Railway,SSP5-8.5,Baseline,2057,0.484,25364294.00,12682147.00,44387515.00,252831074.00,126415537.00,442454379.00,0.3492,16.91
Tagus floodplain (railway),Railway,SSP5-8.5,Baseline,2058,0.496,27900413.00,13950206.00,48825722.00,280731486.00,140365743.00,491280101.00,0.3213,18.6
Tagus floodplain (railway),Railway,SSP5-8.5,Baseline,2059,0.508,30685657.00,15342828.00,53699899.00,311417143.00,155708571.00,544980000.00,0.2956,20.457
Tagus floodplain (railway),Railway,SSP5-8.5,Baseline,2060,0.52,33744163.00,16872081.00,59052285.00,345161306.00,172580653.00,604032285.00,0.272,22.496
Tagus floodplain (railway),Railway,SSP5-8.5,Baseline,2061,0.532,37102381.00,18551191.00,64929167.00,382263687.00,191131843.00,668961452.00,0.2503,24.735
Tagus floodplain (railway),Railway,SSP5-8.5,Baseline,2062,0.544,40789294.00,20394647.00,71381264.00,423052980.00,211526490.00,740342716.00,0.2304,27.193
Tagus floodplain (railway),Railway,SSP5-8.5,Baseline,2063,0.556,44836655.00,22418327.00,78464146.00,467889635.00,233944818.00,818806862.00,0.212,29.891
Tagus floodplain (railway),Railway,SSP5-8.5,Baseline,2064,0.568,49279255.00,24639628.00,86238697.00,517168891.00,258584445.00,905045559.00,0.1951,32.853
Tagus floodplain (railway),Railway,SSP5-8.5,Baseline,2065,0.58,54155209.00,27077605.00,94771617.00,571324100.00,285662050.00,999817175.00,0.1795,36.103
Tagus floodplain (railway),Railway,SSP5-8.5,Baseline,2066,0.592,59506269.00,29753135.00,104135971.00,630830369.00,315415185.00,1103953146.00,0.1652,39.671
Tagus floodplain (railway),Railway,SSP5-8.5,Baseline,2067,0.604,65378169.00,32689085.00,114411797.00,696208539.00,348104269.00,1218364943.00,0.152,43.585
Tagus floodplain (railway),Railway,SSP5-8.5,Baseline,2068,0.616,71821005.00,35910502.00,125686759.00,768029544.00,384014772.00,1344051701.00,0.1398,47.881
Tagus floodplain (railway),Railway,SSP5-8.5,Baseline,2069,0.628,78889641.00,39444821.00,138056872.00,846919185.00,423459593.00,1482108574.00,0.1287,52.593
Tagus floodplain (railway),Railway,SSP5-8.5,Baseline,2070,0.64,86644167.00,43322084.00,151627293.00,933563353.00,466781676.00,1633735867.00,0.1184,57.763
Tagus floodplain (railway),Railway,SSP5-8.5,Baseline,2071,0.652,95150387.00,47575194.00,166513178.00,1028713740.00,514356870.00,1800249045.00,0.109,63.434
Tagus floodplain (railway),Railway,SSP5-8.5,Baseline,2072,0.664,104480360.00,52240180.00,182840630.00,1133194100.00,566597050.00,1983089675.00,0.1003,69.654
Tagus floodplain (railway),Railway,SSP5-8.5,Baseline,2073,0.676,114712991.00,57356495.00,200747733.00,1247907090.00,623953545.00,2183837408.00,0.0923,76.475
Tagus floodplain (railway),Railway,SSP5-8.5,Baseline,2074,0.688,125934673.00,62967337.00,220385678.00,1373841764.00,686920882.00,2404223087.00,0.0849,83.956
Tagus floodplain (railway),Railway,SSP5-8.5,Baseline,2075,0.7,138240000.00,69120000.00,241920000.00,1512081764.00,756040882.00,2646143087.00,0.0781,92.16
Tagus floodplain (railway),Railway,SSP5-8.5,Baseline,2076,0.712,151732530.00,75866265.00,265531927.00,1663814294.00,831907147.00,2911675014.00,0.0719,101.155
Tagus floodplain (railway),Railway,SSP5-8.5,Baseline,2077,0.724,166525634.00,83262817.00,291419860.00,1830339928.00,915169964.00,3203094873.00,0.0662,111.017
Tagus floodplain (railway),Railway,SSP5-8.5,Baseline,2078,0.736,182743420.00,91371710.00,319800985.00,2013083348.00,1006541674.00,3522895858.00,0.0609,121.829
Tagus floodplain (railway),Railway,SSP5-8.5,Baseline,2079,0.748,200521739.00,100260870.00,350913043.00,2213605087.00,1106802543.00,3873808901.00,0.056,133.681
Tagus floodplain (railway),Railway,SSP5-8.5,Baseline,2080,0.76,220009291.00,110004646.00,385016259.00,2433614378.00,1216807189.00,4258825161.00,0.0515,146.673
Tagus floodplain (railway),Railway,SSP5-8.5,Baseline,2081,0.772,241368831.00,120684416.00,422395454.00,2674983209.00,1337491604.00,4681220615.00,0.0474,160.913
Tagus floodplain (railway),Railway,SSP5-8.5,Baseline,2082,0.784,264778489.00,132389244.00,463362355.00,2939761698.00,1469880849.00,5144582971.00,0.0436,176.519
Tagus floodplain (railway),Railway,SSP5-8.5,Baseline,2083,0.796,290433211.00,145216606.00,508258119.00,3230194909.00,1615097454.00,5652841090.00,0.0402,193.622
Tagus floodplain (railway),Railway,SSP5-8.5,Baseline,2084,0.808,318546339.00,159273170.00,557456094.00,3548741248.00,1774370624.00,6210297184.00,0.037,212.364
Tagus floodplain (railway),Railway,SSP5-8.5,Baseline,2085,0.82,349351333.00,174675667.00,611364833.00,3898092581.00,1949046291.00,6821662017.00,0.034,232.901
Tagus floodplain (railway),Railway,SSP5-8.5,Baseline,2086,0.832,383103657.00,191551829.00,670431401.00,4281196239.00,2140598119.00,7492093417.00,0.0313,255.402
Tagus floodplain (railway),Railway,SSP5-8.5,Baseline,2087,0.844,420082840.00,210041420.00,735144970.00,4701279079.00,2350639539.00,8227238388.00,0.0288,280.055
Tagus floodplain (railway),Railway,SSP5-8.5,Baseline,2088,0.856,460594727.00,230297364.00,806040772.00,5161873806.00,2580936903.00,9033279160.00,0.0265,307.063
Tagus floodplain (railway),Railway,SSP5-8.5,Baseline,2089,0.868,504973943.00,252486972.00,883704401.00,5666847749.00,2833423875.00,9916983561.00,0.0244,336.649
Tagus floodplain (railway),Railway,SSP5-8.5,Baseline,2090,0.88,547500000.00,273750000.00,958125000.00,6214347749.00,3107173875.00,10875108561.00,0.0224,365.0
Tagus floodplain (railway),Railway,SSP5-8.5,Baseline,2091,0.892,547500000.00,273750000.00,958125000.00,6761847749.00,3380923875.00,11833233561.00,0.0206,365.0
Tagus floodplain (railway),Railway,SSP5-8.5,Baseline,2092,0.904,547500000.00,273750000.00,958125000.00,7309347749.00,3654673875.00,12791358561.00,0.019,365.0
Tagus floodplain (railway),Railway,SSP5-8.5,Baseline,2093,0.916,547500000.00,273750000.00,958125000.00,7856847749.00,3928423875.00,13749483561.00,0.0175,365.0
Tagus floodplain (railway),Railway,SSP5-8.5,Baseline,2094,0.928,547500000.00,273750000.00,958125000.00,8404347749.00,4202173875.00,14707608561.00,0.0161,365.0
Tagus floodplain (railway),Railway,SSP5-8.5,Baseline,2095,0.94,547500000.00,273750000.00,958125000.00,8951847749.00,4475923875.00,15665733561.00,0.0148,365.0
Tagus floodplain (railway),Railway,SSP5-8.5,Baseline,2096,0.952,547500000.00,273750000.00,958125000.00,9499347749.00,4749673875.00,16623858561.00,0.0136,365.0
Tagus floodplain (railway),Railway,SSP5-8.5,Baseline,2097,0.964,547500000.00,273750000.00,958125000.00,10046847749.00,5023423875.00,17581983561.00,0.0125,365.0
Tagus floodplain (railway),Railway,SSP5-8.5,Baseline,2098,0.976,547500000.00,273750000.00,958125000.00,10594347749.00,5297173875.00,18540108561.00,0.0115,365.0
Tagus floodplain (railway),Railway,SSP5-8.5,Baseline,2099,0.988,547500000.00,273750000.00,958125000.00,11141847749.00,5570923875.00,19498233561.00,0.0106,365.0
Tagus floodplain (railway),Railway,SSP5-8.5,Baseline,2100,1.0,547500000.00,273750000.00,958125000.00,11689347749.00,5844673875.00,20456358561.00,0.0098,365.0
Tagus floodplain (railway),Railway,SSP5-8.5,+Geoid,2025,0.14,1520073.00,760037.00,2660128.00,1520073.00,760037.00,2660128.00,3.7893,1.013
Tagus floodplain (railway),Railway,SSP5-8.5,+Geoid,2026,0.168,1926413.00,963206.00,3371222.00,3446486.00,1723243.00,6031350.00,3.1208,1.284
Tagus floodplain (railway),Railway,SSP5-8.5,+Geoid,2027,0.196,2437084.00,1218542.00,4264897.00,5883570.00,2941785.00,10296248.00,2.5703,1.625
Tagus floodplain (railway),Railway,SSP5-8.5,+Geoid,2028,0.224,3078139.00,1539070.00,5386744.00,8961709.00,4480855.00,15682992.00,2.1169,2.052
Tagus floodplain (railway),Railway,SSP5-8.5,+Geoid,2029,0.252,3882004.00,1941002.00,6793506.00,12843713.00,6421857.00,22476498.00,1.7434,2.588
Tagus floodplain (railway),Railway,SSP5-8.5,+Geoid,2030,0.28,4889012.00,2444506.00,8555771.00,17732725.00,8866363.00,31032269.00,1.4359,3.259
Tagus floodplain (railway),Railway,SSP5-8.5,+Geoid,2031,0.2935,5461507.00,2730753.00,9557637.00,23194232.00,11597116.00,40589906.00,1.3076,3.641
Tagus floodplain (railway),Railway,SSP5-8.5,+Geoid,2032,0.307,6099274.00,3049637.00,10673729.00,29293506.00,14646753.00,51263635.00,1.1908,4.066
Tagus floodplain (railway),Railway,SSP5-8.5,+Geoid,2033,0.3205,6809610.00,3404805.00,11916817.00,36103116.00,18051558.00,63180452.00,1.0844,4.54
Tagus floodplain (railway),Railway,SSP5-8.5,+Geoid,2034,0.334,7600615.00,3800308.00,13301077.00,43703731.00,21851865.00,76481529.00,0.9876,5.067
Tagus floodplain (railway),Railway,SSP5-8.5,+Geoid,2035,0.3475,8481281.00,4240640.00,14842242.00,52185012.00,26092506.00,91323771.00,0.8993,5.654
Tagus floodplain (railway),Railway,SSP5-8.5,+Geoid,2036,0.361,9461586.00,4730793.00,16557776.00,61646598.00,30823299.00,107881546.00,0.819,6.308
Tagus floodplain (railway),Railway,SSP5-8.5,+Geoid,2037,0.3745,10552604.00,5276302.00,18467058.00,72199202.00,36099601.00,126348604.00,0.7458,7.035
Tagus floodplain (railway),Railway,SSP5-8.5,+Geoid,2038,0.388,11766624.00,5883312.00,20591591.00,83965826.00,41982913.00,146940195.00,0.6792,7.844
Tagus floodplain (railway),Railway,SSP5-8.5,+Geoid,2039,0.4015,13117276.00,6558638.00,22955234.00,97083102.00,48541551.00,169895429.00,0.6185,8.745
Tagus floodplain (railway),Railway,SSP5-8.5,+Geoid,2040,0.415,14619687.00,7309844.00,25584453.00,111702790.00,55851395.00,195479882.00,0.5633,9.746
Tagus floodplain (railway),Railway,SSP5-8.5,+Geoid,2041,0.4285,16290633.00,8145316.00,28508607.00,127993422.00,63996711.00,223988489.00,0.513,10.86
Tagus floodplain (railway),Railway,SSP5-8.5,+Geoid,2042,0.442,18148720.00,9074360.00,31760259.00,146142142.00,73071071.00,255748748.00,0.4671,12.099
Tagus floodplain (railway),Railway,SSP5-8.5,+Geoid,2043,0.4555,20214585.00,10107293.00,35375524.00,166356727.00,83178363.00,291124272.00,0.4254,13.476
Tagus floodplain (railway),Railway,SSP5-8.5,+Geoid,2044,0.469,22511113.00,11255556.00,39394448.00,188867840.00,94433920.00,330518720.00,0.3874,15.007
Tagus floodplain (railway),Railway,SSP5-8.5,+Geoid,2045,0.4825,25063678.00,12531839.00,43861436.00,213931518.00,106965759.00,374380156.00,0.3528,16.709
Tagus floodplain (railway),Railway,SSP5-8.5,+Geoid,2046,0.496,27900413.00,13950206.00,48825722.00,241831930.00,120915965.00,423205878.00,0.3213,18.6
Tagus floodplain (railway),Railway,SSP5-8.5,+Geoid,2047,0.5095,31052506.00,15526253.00,54341886.00,272884437.00,136442218.00,477547764.00,0.2926,20.702
Tagus floodplain (railway),Railway,SSP5-8.5,+Geoid,2048,0.523,34554532.00,17277266.00,60470432.00,307438969.00,153719485.00,538018196.00,0.2664,23.036
Tagus floodplain (railway),Railway,SSP5-8.5,+Geoid,2049,0.5365,38444812.00,19222406.00,67278421.00,345883781.00,172941891.00,605296617.00,0.2426,25.63
Tagus floodplain (railway),Railway,SSP5-8.5,+Geoid,2050,0.55,42765818.00,21382909.00,74840182.00,388649599.00,194324800.00,680136799.00,0.221,28.511
Tagus floodplain (railway),Railway,SSP5-8.5,+Geoid,2051,0.562,47006250.00,23503125.00,82260937.00,435655849.00,217827924.00,762397735.00,0.2033,31.337
Tagus floodplain (railway),Railway,SSP5-8.5,+Geoid,2052,0.574,51660543.00,25830271.00,90405950.00,487316392.00,243658196.00,852803686.00,0.1871,34.44
Tagus floodplain (railway),Railway,SSP5-8.5,+Geoid,2053,0.586,56768590.00,28384295.00,99345033.00,544084982.00,272042491.00,952148718.00,0.1722,37.846
Tagus floodplain (railway),Railway,SSP5-8.5,+Geoid,2054,0.598,62374090.00,31187045.00,109154658.00,606459072.00,303229536.00,1061303376.00,0.1584,41.583
Tagus floodplain (railway),Railway,SSP5-8.5,+Geoid,2055,0.61,68524908.00,34262454.00,119918589.00,674983980.00,337491990.00,1181221965.00,0.1458,45.683
Tagus floodplain (railway),Railway,SSP5-8.5,+Geoid,2056,0.622,75273470.00,37636735.00,131728573.00,750257451.00,375128725.00,1312950539.00,0.1342,50.182
Tagus floodplain (railway),Railway,SSP5-8.5,+Geoid,2057,0.634,82677196.00,41338598.00,144685092.00,832934646.00,416467323.00,1457635631.00,0.1234,55.118
Tagus floodplain (railway),Railway,SSP5-8.5,+Geoid,2058,0.646,90798965.00,45399483.00,158898189.00,923733611.00,461866806.00,1616533820.00,0.1136,60.533
Tagus floodplain (railway),Railway,SSP5-8.5,+Geoid,2059,0.658,99707641.00,49853820.00,174488371.00,1023441252.00,511720626.00,1791022191.00,0.1045,66.472
Tagus floodplain (railway),Railway,SSP5-8.5,+Geoid,2060,0.67,109478627.00,54739313.00,191587597.00,1132919879.00,566459940.00,1982609788.00,0.0962,72.986
Tagus floodplain (railway),Railway,SSP5-8.5,+Geoid,2061,0.682,120194489.00,60097245.00,210340356.00,1253114368.00,626557184.00,2192950145.00,0.0885,80.13
Tagus floodplain (railway),Railway,SSP5-8.5,+Geoid,2062,0.694,131945628.00,65972814.00,230904850.00,1385059997.00,692529998.00,2423854995.00,0.0814,87.964
Tagus floodplain (railway),Railway,SSP5-8.5,+Geoid,2063,0.706,144831019.00,72415510.00,253454283.00,1529891016.00,764945508.00,2677309278.00,0.0749,96.554
Tagus floodplain (railway),Railway,SSP5-8.5,+Geoid,2064,0.718,158959016.00,79479508.00,278178279.00,1688850032.00,844425016.00,2955487557.00,0.069,105.973
Tagus floodplain (railway),Railway,SSP5-8.5,+Geoid,2065,0.73,174448239.00,87224119.00,305284418.00,1863298271.00,931649136.00,3260771974.00,0.0635,116.299
Tagus floodplain (railway),Railway,SSP5-8.5,+Geoid,2066,0.742,191428534.00,95714267.00,334999934.00,2054726805.00,1027363402.00,3595771909.00,0.0584,127.619
Tagus floodplain (railway),Railway,SSP5-8.5,+Geoid,2067,0.754,210042033.00,105021017.00,367573558.00,2264768838.00,1132384419.00,3963345466.00,0.0537,140.028
Tagus floodplain (railway),Railway,SSP5-8.5,+Geoid,2068,0.766,230444306.00,115222153.00,403277536.00,2495213144.00,1247606572.00,4366623002.00,0.0494,153.63
Tagus floodplain (railway),Railway,SSP5-8.5,+Geoid,2069,0.778,252805623.00,126402812.00,442409840.00,2748018767.00,1374009384.00,4809032842.00,0.0455,168.537
Tagus floodplain (railway),Railway,SSP5-8.5,+Geoid,2070,0.79,277312334.00,138656167.00,485296584.00,3025331101.00,1512665550.00,5294329426.00,0.0419,184.875
Tagus floodplain (railway),Railway,SSP5-8.5,+Geoid,2071,0.802,304168376.00,152084188.00,532294658.00,3329499477.00,1664749738.00,5826624084.00,0.0385,202.779
Tagus floodplain (railway),Railway,SSP5-8.5,+Geoid,2072,0.814,333596925.00,166798463.00,583794620.00,3663096402.00,1831548201.00,6410418704.00,0.0354,222.398
Tagus floodplain (railway),Railway,SSP5-8.5,+Geoid,2073,0.826,365842198.00,182921099.00,640223847.00,4028938600.00,2014469300.00,7050642550.00,0.0326,243.895
Tagus floodplain (railway),Railway,SSP5-8.5,+Geoid,2074,0.838,401171421.00,200585710.00,702049986.00,4430110021.00,2215055010.00,7752692537.00,0.03,267.448
Tagus floodplain (railway),Railway,SSP5-8.5,+Geoid,2075,0.85,439876986.00,219938493.00,769784726.00,4869987007.00,2434993504.00,8522477263.00,0.0276,293.251
Tagus floodplain (railway),Railway,SSP5-8.5,+Geoid,2076,0.862,482278809.00,241139404.00,843987916.00,5352265816.00,2676132908.00,9366465178.00,0.0254,321.519
Tagus floodplain (railway),Railway,SSP5-8.5,+Geoid,2077,0.874,528726897.00,264363449.00,925272070.00,5880992713.00,2940496357.00,10291737249.00,0.0234,352.485
Tagus floodplain (railway),Railway,SSP5-8.5,+Geoid,2078,0.886,547500000.00,273750000.00,958125000.00,6428492713.00,3214246357.00,11249862249.00,0.0215,365.0
Tagus floodplain (railway),Railway,SSP5-8.5,+Geoid,2079,0.898,547500000.00,273750000.00,958125000.00,6975992713.00,3487996357.00,12207987249.00,0.0198,365.0
Tagus floodplain (railway),Railway,SSP5-8.5,+Geoid,2080,0.91,547500000.00,273750000.00,958125000.00,7523492713.00,3761746357.00,13166112249.00,0.0182,365.0
Tagus floodplain (railway),Railway,SSP5-8.5,+Geoid,2081,0.922,547500000.00,273750000.00,958125000.00,8070992713.00,4035496357.00,14124237249.00,0.0168,365.0
Tagus floodplain (railway),Railway,SSP5-8.5,+Geoid,2082,0.934,547500000.00,273750000.00,958125000.00,8618492713.00,4309246357.00,15082362249.00,0.0154,365.0
Tagus floodplain (railway),Railway,SSP5-8.5,+Geoid,2083,0.946,547500000.00,273750000.00,958125000.00,9165992713.00,4582996357.00,16040487249.00,0.0142,365.0
Tagus floodplain (railway),Railway,SSP5-8.5,+Geoid,2084,0.958,547500000.00,273750000.00,958125000.00,9713492713.00,4856746357.00,16998612249.00,0.0131,365.0
Tagus floodplain (railway),Railway,SSP5-8.5,+Geoid,2085,0.97,547500000.00,273750000.00,958125000.00,10260992713.00,5130496357.00,17956737249.00,0.012,365.0
Tagus floodplain (railway),Railway,SSP5-8.5,+Geoid,2086,0.982,547500000.00,273750000.00,958125000.00,10808492713.00,5404246357.00,18914862249.00,0.0111,365.0
Tagus floodplain (railway),Railway,SSP5-8.5,+Geoid,2087,0.994,547500000.00,273750000.00,958125000.00,11355992713.00,5677996357.00,19872987249.00,0.0102,365.0
Tagus floodplain (railway),Railway,SSP5-8.5,+Geoid,2088,1.006,547500000.00,273750000.00,958125000.00,11903492713.00,5951746357.00,20831112249.00,0.0094,365.0
Tagus floodplain (railway),Railway,SSP5-8.5,+Geoid,2089,1.018,547500000.00,273750000.00,958125000.00,12450992713.00,6225496357.00,21789237249.00,0.0086,365.0
Tagus floodplain (railway),Railway,SSP5-8.5,+Geoid,2090,1.03,547500000.00,273750000.00,958125000.00,12998492713.00,6499246357.00,22747362249.00,0.0079,365.0
Tagus floodplain (railway),Railway,SSP5-8.5,+Geoid,2091,1.042,547500000.00,273750000.00,958125000.00,13545992713.00,6772996357.00,23705487249.00,0.0073,365.0
Tagus floodplain (railway),Railway,SSP5-8.5,+Geoid,2092,1.054,547500000.00,273750000.00,958125000.00,14093492713.00,7046746357.00,24663612249.00,0.0067,365.0
Tagus floodplain (railway),Railway,SSP5-8.5,+Geoid,2093,1.066,547500000.00,273750000.00,958125000.00,14640992713.00,7320496357.00,25621737249.00,0.0062,365.0
Tagus floodplain (railway),Railway,SSP5-8.5,+Geoid,2094,1.078,547500000.00,273750000.00,958125000.00,15188492713.00,7594246357.00,26579862249.00,0.0057,365.0
Tagus floodplain (railway),Railway,SSP5-8.5,+Geoid,2095,1.09,547500000.00,273750000.00,958125000.00,15735992713.00,7867996357.00,27537987249.00,0.0052,365.0
Tagus floodplain (railway),Railway,SSP5-8.5,+Geoid,2096,1.102,547500000.00,273750000.00,958125000.00,16283492713.00,8141746357.00,28496112249.00,0.0048,365.0
Tagus floodplain (railway),Railway,SSP5-8.5,+Geoid,2097,1.114,547500000.00,273750000.00,958125000.00,16830992713.00,8415496357.00,29454237249.00,0.0044,365.0
Tagus floodplain (railway),Railway,SSP5-8.5,+Geoid,2098,1.126,547500000.00,273750000.00,958125000.00,17378492713.00,8689246357.00,30412362249.00,0.0041,365.0
Tagus floodplain (railway),Railway,SSP5-8.5,+Geoid,2099,1.138,547500000.00,273750000.00,958125000.00,17925992713.00,8962996357.00,31370487249.00,0.0038,365.0
Tagus floodplain (railway),Railway,SSP5-8.5,+Geoid,2100,1.15,547500000.00,273750000.00,958125000.00,18473492713.00,9236746357.00,32328612249.00,0.0035,365.0
Aveiro Ria (railway),Railway,SSP1-2.6,Baseline,2025,0.035,2727560.00,1363780.00,4773230.00,2727560.00,1363780.00,4773230.00,2.3538,2.273
Aveiro Ria (railway),Railway,SSP1-2.6,Baseline,2026,0.042,2900627.00,1450313.00,5076097.00,5628187.00,2814093.00,9849327.00,2.2423,2.417
Aveiro Ria (railway),Railway,SSP1-2.6,Baseline,2027,0.049,3084161.00,1542080.00,5397282.00,8712348.00,4356174.00,15246608.00,2.1361,2.57
Aveiro Ria (railway),Railway,SSP1-2.6,Baseline,2028,0.056,3278775.00,1639387.00,5737856.00,11991122.00,5995561.00,20984464.00,2.0349,2.732
Aveiro Ria (railway),Railway,SSP1-2.6,Baseline,2029,0.063,3485116.00,1742558.00,6098954.00,15476239.00,7738119.00,27083418.00,1.9385,2.904
Aveiro Ria (railway),Railway,SSP1-2.6,Baseline,2030,0.07,3703871.00,1851935.00,6481774.00,19180110.00,9590055.00,33565192.00,1.8467,3.087
Aveiro Ria (railway),Railway,SSP1-2.6,Baseline,2031,0.0765,3918747.00,1959374.00,6857808.00,23098857.00,11549428.00,40423000.00,1.7654,3.266
Aveiro Ria (railway),Railway,SSP1-2.6,Baseline,2032,0.083,4145562.00,2072781.00,7254734.00,27244419.00,13622210.00,47677733.00,1.6876,3.455
Aveiro Ria (railway),Railway,SSP1-2.6,Baseline,2033,0.0895,4384960.00,2192480.00,7673680.00,31629379.00,15814690.00,55351414.00,1.6132,3.654
Aveiro Ria (railway),Railway,SSP1-2.6,Baseline,2034,0.096,4637619.00,2318809.00,8115833.00,36266998.00,18133499.00,63467247.00,1.5422,3.865
Aveiro Ria (railway),Railway,SSP1-2.6,Baseline,2035,0.1025,4904252.00,2452126.00,8582441.00,41171250.00,20585625.00,72049688.00,1.4742,4.087
Aveiro Ria (railway),Railway,SSP1-2.6,Baseline,2036,0.109,5185612.00,2592806.00,9074820.00,46356862.00,23178431.00,81124508.00,1.4093,4.321
Aveiro Ria (railway),Railway,SSP1-2.6,Baseline,2037,0.1155,5482488.00,2741244.00,9594354.00,51839350.00,25919675.00,90718862.00,1.3472,4.569
Aveiro Ria (railway),Railway,SSP1-2.6,Baseline,2038,0.122,5795714.00,2897857.00,10142500.00,57635064.00,28817532.00,100861362.00,1.2878,4.83
Aveiro Ria (railway),Railway,SSP1-2.6,Baseline,2039,0.1285,6126167.00,3063083.00,10720792.00,63761231.00,31880615.00,111582154.00,1.2311,5.105
Aveiro Ria (railway),Railway,SSP1-2.6,Baseline,2040,0.135,6474768.00,3237384.00,11330844.00,70235999.00,35117999.00,122912998.00,1.1769,5.396
Aveiro Ria (railway),Railway,SSP1-2.6,Baseline,2041,0.1415,6842489.00,3421244.00,11974355.00,77078488.00,38539244.00,134887353.00,1.125,5.702
Aveiro Ria (railway),Railway,SSP1-2.6,Baseline,2042,0.148,7230351.00,3615176.00,12653115.00,84308839.00,42154419.00,147540468.00,1.0755,6.025
Aveiro Ria (railway),Railway,SSP1-2.6,Baseline,2043,0.1545,7639431.00,3819715.00,13369003.00,91948269.00,45974135.00,160909471.00,1.0281,6.366
Aveiro Ria (railway),Railway,SSP1-2.6,Baseline,2044,0.161,8070859.00,4035429.00,14124003.00,100019128.00,50009564.00,175033474.00,0.9828,6.726
Aveiro Ria (railway),Railway,SSP1-2.6,Baseline,2045,0.1675,8525827.00,4262913.00,14920197.00,108544955.00,54272477.00,189953671.00,0.9395,7.105
Aveiro Ria (railway),Railway,SSP1-2.6,Baseline,2046,0.174,9005588.00,4502794.00,15759779.00,117550543.00,58775271.00,205713450.00,0.8981,7.505
Aveiro Ria (railway),Railway,SSP1-2.6,Baseline,2047,0.1805,9511462.00,4755731.00,16645058.00,127062005.00,63531002.00,222358508.00,0.8585,7.926
Aveiro Ria (railway),Railway,SSP1-2.6,Baseline,2048,0.187,10044835.00,5022418.00,17578462.00,137106840.00,68553420.00,239936970.00,0.8207,8.371
Aveiro Ria (railway),Railway,SSP1-2.6,Baseline,2049,0.1935,10607169.00,5303585.00,18562546.00,147714009.00,73857005.00,258499516.00,0.7846,8.839
Aveiro Ria (railway),Railway,SSP1-2.6,Baseline,2050,0.2,11200000.00,5600000.00,19600000.00,158914009.00,79457005.00,278099516.00,0.75,9.333
Aveiro Ria (railway),Railway,SSP1-2.6,Baseline,2051,0.204,11580674.00,5790337.00,20266180.00,170494683.00,85247342.00,298365696.00,0.7295,9.651
Aveiro Ria (railway),Railway,SSP1-2.6,Baseline,2052,0.208,11973900.00,5986950.00,20954326.00,182468584.00,91234292.00,319320021.00,0.7095,9.978
Aveiro Ria (railway),Railway,SSP1-2.6,Baseline,2053,0.212,12380084.00,6190042.00,21665146.00,194848667.00,97424334.00,340985168.00,0.6901,10.317
Aveiro Ria (railway),Railway,SSP1-2.6,Baseline,2054,0.216,12799641.00,6399821.00,22399373.00,207648309.00,103824154.00,363384540.00,0.6713,10.666
Aveiro Ria (railway),Railway,SSP1-2.6,Baseline,2055,0.22,13233005.00,6616503.00,23157759.00,220881314.00,110440657.00,386542299.00,0.6529,11.028
Aveiro Ria (railway),Railway,SSP1-2.6,Baseline,2056,0.224,13680619.00,6840309.00,23941083.00,234561933.00,117280966.00,410483382.00,0.6351,11.401
Aveiro Ria (railway),Railway,SSP1-2.6,Baseline,2057,0.228,14142942.00,7071471.00,24750149.00,248704875.00,124352437.00,435233531.00,0.6177,11.786
Aveiro Ria (railway),Railway,SSP1-2.6,Baseline,2058,0.232,14620447.00,7310224.00,25585783.00,263325322.00,131662661.00,460819314.00,0.6008,12.184
Aveiro Ria (railway),Railway,SSP1-2.6,Baseline,2059,0.236,15113623.00,7556812.00,26448841.00,278438945.00,139219473.00,487268155.00,0.5844,12.595
Aveiro Ria (railway),Railway,SSP1-2.6,Baseline,2060,0.24,15622974.00,7811487.00,27340204.00,294061919.00,147030960.00,514608359.00,0.5684,13.019
Aveiro Ria (railway),Railway,SSP1-2.6,Baseline,2061,0.244,16149018.00,8074509.00,28260781.00,310210937.00,155105469.00,542869140.00,0.5529,13.458
Aveiro Ria (railway),Railway,SSP1-2.6,Baseline,2062,0.248,16692292.00,8346146.00,29211511.00,326903229.00,163451615.00,572080651.00,0.5377,13.91
Aveiro Ria (railway),Railway,SSP1-2.6,Baseline,2063,0.252,17253350.00,8626675.00,30193362.00,344156579.00,172078289.00,602274013.00,0.523,14.378
Aveiro Ria (railway),Railway,SSP1-2.6,Baseline,2064,0.256,17832760.00,8916380.00,31207331.00,361989339.00,180994670.00,633481344.00,0.5087,14.861
Aveiro Ria (railway),Railway,SSP1-2.6,Baseline,2065,0.26,18431113.00,9215557.00,32254449.00,380420453.00,190210226.00,665735792.00,0.4948,15.359
Aveiro Ria (railway),Railway,SSP1-2.6,Baseline,2066,0.264,19049016.00,9524508.00,33335777.00,399469468.00,199734734.00,699071570.00,0.4813,15.874
Aveiro Ria (railway),Railway,SSP1-2.6,Baseline,2067,0.268,19687093.00,9843547.00,34452413.00,419156562.00,209578281.00,733523983.00,0.4681,16.406
Aveiro Ria (railway),Railway,SSP1-2.6,Baseline,2068,0.272,20345992.00,10172996.00,35605487.00,439502554.00,219751277.00,769129470.00,0.4553,16.955
Aveiro Ria (railway),Railway,SSP1-2.6,Baseline,2069,0.276,21026380.00,10513190.00,36796164.00,460528934.00,230264467.00,805925634.00,0.4429,17.522
Aveiro Ria (railway),Railway,SSP1-2.6,Baseline,2070,0.28,21728942.00,10864471.00,38025649.00,482257876.00,241128938.00,843951283.00,0.4308,18.107
Aveiro Ria (railway),Railway,SSP1-2.6,Baseline,2071,0.284,22454389.00,11227194.00,39295181.00,504712265.00,252356132.00,883246463.00,0.419,18.712
Aveiro Ria (railway),Railway,SSP1-2.6,Baseline,2072,0.288,23203452.00,11601726.00,40606041.00,527915717.00,263957858.00,923852504.00,0.4075,19.336
Aveiro Ria (railway),Railway,SSP1-2.6,Baseline,2073,0.292,23976885.00,11988442.00,41959549.00,551892602.00,275946301.00,965812053.00,0.3964,19.981
Aveiro Ria (railway),Railway,SSP1-2.6,Baseline,2074,0.296,24775467.00,12387733.00,43357067.00,576668068.00,288334034.00,1009169120.00,0.3855,20.646
Aveiro Ria (railway),Railway,SSP1-2.6,Baseline,2075,0.3,25600000.00,12800000.00,44800000.00,602268068.00,301134034.00,1053969120.00,0.375,21.333
Aveiro Ria (railway),Railway,SSP1-2.6,Baseline,2076,0.304,26451313.00,13225656.00,46289797.00,628719381.00,314359690.00,1100258917.00,0.3647,22.043
Aveiro Ria (railway),Railway,SSP1-2.6,Baseline,2077,0.308,27330258.00,13665129.00,47827952.00,656049639.00,328024820.00,1148086869.00,0.3548,22.775
Aveiro Ria (railway),Railway,SSP1-2.6,Baseline,2078,0.312,28237719.00,14118859.00,49416008.00,684287358.00,342143679.00,1197502877.00,0.3451,23.531
Aveiro Ria (railway),Railway,SSP1-2.6,Baseline,2079,0.316,29174602.00,14587301.00,51055553.00,713461960.00,356730980.00,1248558430.00,0.3356,24.312
Aveiro Ria (railway),Railway,SSP1-2.6,Baseline,2080,0.32,30141845.00,15070922.00,52748228.00,743603805.00,371801902.00,1301306658.00,0.3265,25.118
Aveiro Ria (railway),Railway,SSP1-2.6,Baseline,2081,0.324,31140414.00,15570207.00,54495725.00,774744219.00,387372110.00,1355802384.00,0.3175,25.95
Aveiro Ria (railway),Railway,SSP1-2.6,Baseline,2082,0.328,32171308.00,16085654.00,56299788.00,806915527.00,403457763.00,1412102172.00,0.3088,26.809
Aveiro Ria (railway),Railway,SSP1-2.6,Baseline,2083,0.332,33235553.00,16617776.00,58162217.00,840151079.00,420075540.00,1470264389.00,0.3004,27.696
Aveiro Ria (railway),Railway,SSP1-2.6,Baseline,2084,0.336,34334210.00,17167105.00,60084867.00,874485289.00,437242644.00,1530349256.00,0.2922,28.612
Aveiro Ria (railway),Railway,SSP1-2.6,Baseline,2085,0.34,35468373.00,17734186.00,62069652.00,909953662.00,454976831.00,1592418908.00,0.2842,29.557
Aveiro Ria (railway),Railway,SSP1-2.6,Baseline,2086,0.344,36639170.00,18319585.00,64118547.00,946592831.00,473296416.00,1656537455.00,0.2764,30.533
Aveiro Ria (railway),Railway,SSP1-2.6,Baseline,2087,0.348,37847764.00,18923882.00,66233587.00,984440595.00,492220298.00,1722771042.00,0.2689,31.54
Aveiro Ria (railway),Railway,SSP1-2.6,Baseline,2088,0.352,39095356.00,19547678.00,68416873.00,1023535951.00,511767976.00,1791187915.00,0.2615,32.579
Aveiro Ria (railway),Railway,SSP1-2.6,Baseline,2089,0.356,40383182.00,20191591.00,70670569.00,1063919134.00,531959567.00,1861858484.00,0.2544,33.653
Aveiro Ria (railway),Railway,SSP1-2.6,Baseline,2090,0.36,41712520.00,20856260.00,72996910.00,1105631654.00,552815827.00,1934855394.00,0.2474,34.76
Aveiro Ria (railway),Railway,SSP1-2.6,Baseline,2091,0.364,43084685.00,21542342.00,75398198.00,1148716338.00,574358169.00,2010253592.00,0.2406,35.904
Aveiro Ria (railway),Railway,SSP1-2.6,Baseline,2092,0.368,44501034.00,22250517.00,77876809.00,1193217372.00,596608686.00,2088130401.00,0.2341,37.084
Aveiro Ria (railway),Railway,SSP1-2.6,Baseline,2093,0.372,45962967.00,22981484.00,80435193.00,1239180340.00,619590170.00,2168565594.00,0.2277,38.302
Aveiro Ria (railway),Railway,SSP1-2.6,Baseline,2094,0.376,47471929.00,23735965.00,83075876.00,1286652269.00,643326134.00,2251641470.00,0.2214,39.56
Aveiro Ria (railway),Railway,SSP1-2.6,Baseline,2095,0.38,49029408.00,24514704.00,85801464.00,1335681676.00,667840838.00,2337442934.00,0.2154,40.858
Aveiro Ria (railway),Railway,SSP1-2.6,Baseline,2096,0.384,50636938.00,25318469.00,88614642.00,1386318615.00,693159307.00,2426057576.00,0.2095,42.197
Aveiro Ria (railway),Railway,SSP1-2.6,Baseline,2097,0.388,52296105.00,26148052.00,91518183.00,1438614719.00,719307360.00,2517575759.00,0.2038,43.58
Aveiro Ria (railway),Railway,SSP1-2.6,Baseline,2098,0.392,54008539.00,27004269.00,94514943.00,1492623258.00,746311629.00,2612090702.00,0.1982,45.007
Aveiro Ria (railway),Railway,SSP1-2.6,Baseline,2099,0.396,55775925.00,27887963.00,97607869.00,1548399184.00,774199592.00,2709698571.00,0.1928,46.48
Aveiro Ria (railway),Railway,SSP1-2.6,Baseline,2100,0.4,57600000.00,28800000.00,100800000.00,1605999184.00,802999592.00,2810498571.00,0.1875,48.0
Aveiro Ria (railway),Railway,SSP1-2.6,+Geoid,2025,0.11,5230254.00,2615127.00,9152945.00,5230254.00,2615127.00,9152945.00,1.3995,4.359
Aveiro Ria (railway),Railway,SSP1-2.6,+Geoid,2026,0.132,6311559.00,3155780.00,11045229.00,11541814.00,5770907.00,20198174.00,1.2016,5.26
Aveiro Ria (railway),Railway,SSP1-2.6,+Geoid,2027,0.154,7607184.00,3803592.00,13312572.00,19148998.00,9574499.00,33510746.00,1.0317,6.339
Aveiro Ria (railway),Railway,SSP1-2.6,+Geoid,2028,0.176,9158397.00,4579199.00,16027195.00,28307395.00,14153698.00,49537942.00,0.8857,7.632
Aveiro Ria (railway),Railway,SSP1-2.6,+Geoid,2029,0.198,11014247.00,5507123.00,19274932.00,39321642.00,19660821.00,68812874.00,0.7605,9.179
Aveiro Ria (railway),Railway,SSP1-2.6,+Geoid,2030,0.22,13233005.00,6616503.00,23157759.00,52554647.00,26277324.00,91970633.00,0.6529,11.028
Aveiro Ria (railway),Railway,SSP1-2.6,+Geoid,2031,0.2265,13967817.00,6983909.00,24443681.00,66522465.00,33261232.00,116414313.00,0.6241,11.64
Aveiro Ria (railway),Railway,SSP1-2.6,+Geoid,2032,0.233,14742253.00,7371126.00,25798942.00,81264717.00,40632359.00,142213256.00,0.5967,12.285
Aveiro Ria (railway),Railway,SSP1-2.6,+Geoid,2033,0.2395,15558403.00,7779201.00,27227205.00,96823120.00,48411560.00,169440460.00,0.5704,12.965
Aveiro Ria (railway),Railway,SSP1-2.6,+Geoid,2034,0.246,16418467.00,8209234.00,28732317.00,113241587.00,56620794.00,198172778.00,0.5452,13.682
Aveiro Ria (railway),Railway,SSP1-2.6,+Geoid,2035,0.2525,17324760.00,8662380.00,30318331.00,130566348.00,65283174.00,228491108.00,0.5212,14.437
Aveiro Ria (railway),Railway,SSP1-2.6,+Geoid,2036,0.259,18279717.00,9139858.00,31989504.00,148846064.00,74423032.00,260480612.00,0.4983,15.233
Aveiro Ria (railway),Railway,SSP1-2.6,+Geoid,2037,0.2655,19285896.00,9642948.00,33750318.00,168131960.00,84065980.00,294230931.00,0.4763,16.072
Aveiro Ria (railway),Railway,SSP1-2.6,+Geoid,2038,0.272,20345992.00,10172996.00,35605487.00,188477953.00,94238976.00,329836417.00,0.4553,16.955
Aveiro Ria (railway),Railway,SSP1-2.6,+Geoid,2039,0.2785,21462838.00,10731419.00,37559966.00,209940791.00,104970395.00,367396384.00,0.4353,17.886
Aveiro Ria (railway),Railway,SSP1-2.6,+Geoid,2040,0.285,22639412.00,11319706.00,39618970.00,232580202.00,116290101.00,407015354.00,0.4161,18.866
Aveiro Ria (railway),Railway,SSP1-2.6,+Geoid,2041,0.2915,23878847.00,11939423.00,41787982.00,256459049.00,128229525.00,448803336.00,0.3978,19.899
Aveiro Ria (railway),Railway,SSP1-2.6,+Geoid,2042,0.298,25184438.00,12592219.00,44072767.00,281643487.00,140821744.00,492876103.00,0.3802,20.987
Aveiro Ria (railway),Railway,SSP1-2.6,+Geoid,2043,0.3045,26559652.00,13279826.00,46479391.00,308203139.00,154101570.00,539355494.00,0.3635,22.133
Aveiro Ria (railway),Railway,SSP1-2.6,+Geoid,2044,0.311,28008131.00,14004066.00,49014230.00,336211270.00,168105635.00,588369723.00,0.3475,23.34
Aveiro Ria (railway),Railway,SSP1-2.6,+Geoid,2045,0.3175,29533709.00,14766854.00,51683990.00,365744979.00,182872490.00,640053714.00,0.3322,24.611
Aveiro Ria (railway),Railway,SSP1-2.6,+Geoid,2046,0.324,31140414.00,15570207.00,54495725.00,396885394.00,198442697.00,694549439.00,0.3175,25.95
Aveiro Ria (railway),Railway,SSP1-2.6,+Geoid,2047,0.3305,32832486.00,16416243.00,57456850.00,429717879.00,214858940.00,752006289.00,0.3035,27.36
Aveiro Ria (railway),Railway,SSP1-2.6,+Geoid,2048,0.337,34614378.00,17307189.00,60575162.00,464332258.00,232166129.00,812581451.00,0.2902,28.845
Aveiro Ria (railway),Railway,SSP1-2.6,+Geoid,2049,0.3435,36490777.00,18245389.00,63858860.00,500823035.00,250411517.00,876440311.00,0.2774,30.409
Aveiro Ria (railway),Railway,SSP1-2.6,+Geoid,2050,0.35,38466609.00,19233304.00,67316566.00,539289644.00,269644822.00,943756877.00,0.2652,32.056
Aveiro Ria (railway),Railway,SSP1-2.6,+Geoid,2051,0.354,39734161.00,19867080.00,69534782.00,579023805.00,289511902.00,1013291658.00,0.2579,33.112
Aveiro Ria (railway),Railway,SSP1-2.6,+Geoid,2052,0.358,41042581.00,20521290.00,71824517.00,620066386.00,310033193.00,1085116175.00,0.2509,34.202
Aveiro Ria (railway),Railway,SSP1-2.6,+Geoid,2053,0.362,42393165.00,21196583.00,74188039.00,662459551.00,331229775.00,1159304214.00,0.244,35.328
Aveiro Ria (railway),Railway,SSP1-2.6,+Geoid,2054,0.366,43787250.00,21893625.00,76627687.00,706246800.00,353123400.00,1235931901.00,0.2373,36.489
Aveiro Ria (railway),Railway,SSP1-2.6,+Geoid,2055,0.37,45226213.00,22613107.00,79145874.00,751473014.00,375736507.00,1315077774.00,0.2308,37.689
Aveiro Ria (railway),Railway,SSP1-2.6,+Geoid,2056,0.374,46711478.00,23355739.00,81745086.00,798184492.00,399092246.00,1396822860.00,0.2245,38.926
Aveiro Ria (railway),Railway,SSP1-2.6,+Geoid,2057,0.378,48244509.00,24122255.00,84427891.00,846429001.00,423214500.00,1481250751.00,0.2184,40.204
Aveiro Ria (railway),Railway,SSP1-2.6,+Geoid,2058,0.382,49826819.00,24913409.00,87196933.00,896255819.00,448127910.00,1568447684.00,0.2124,41.522
Aveiro Ria (railway),Railway,SSP1-2.6,+Geoid,2059,0.386,51459966.00,25729983.00,90054941.00,947715786.00,473857893.00,1658502625.00,0.2066,42.883
Aveiro Ria (railway),Railway,SSP1-2.6,+Geoid,2060,0.39,53145559.00,26572780.00,93004729.00,1000861345.00,500430672.00,1751507353.00,0.201,44.288
Aveiro Ria (railway),Railway,SSP1-2.6,+Geoid,2061,0.394,54885256.00,27442628.00,96049198.00,1055746601.00,527873300.00,1847556551.00,0.1955,45.738
Aveiro Ria (railway),Railway,SSP1-2.6,+Geoid,2062,0.398,56680766.00,28340383.00,99191340.00,1112427367.00,556213683.00,1946747892.00,0.1901,47.234
Aveiro Ria (railway),Railway,SSP1-2.6,+Geoid,2063,0.402,58533853.00,29266926.00,102434242.00,1170961219.00,585480610.00,2049182134.00,0.1849,48.778
Aveiro Ria (railway),Railway,SSP1-2.6,+Geoid,2064,0.406,60446335.00,30223167.00,105781086.00,1231407554.00,615703777.00,2154963220.00,0.1799,50.372
Aveiro Ria (railway),Railway,SSP1-2.6,+Geoid,2065,0.41,62420086.00,31210043.00,109235151.00,1293827641.00,646913820.00,2264198371.00,0.1749,52.017
Aveiro Ria (railway),Railway,SSP1-2.6,+Geoid,2066,0.414,64457042.00,32228521.00,112799823.00,1358284682.00,679142341.00,2376998194.00,0.1702,53.714
Aveiro Ria (railway),Railway,SSP1-2.6,+Geoid,2067,0.418,66559194.00,33279597.00,116478590.00,1424843876.00,712421938.00,2493476783.00,0.1655,55.466
Aveiro Ria (railway),Railway,SSP1-2.6,+Geoid,2068,0.422,68728599.00,34364300.00,120275049.00,1493572476.00,746786238.00,2613751833.00,0.161,57.274
Aveiro Ria (railway),Railway,SSP1-2.6,+Geoid,2069,0.426,70967378.00,35483689.00,124192911.00,1564539854.00,782269927.00,2737944744.00,0.1566,59.139
Aveiro Ria (railway),Railway,SSP1-2.6,+Geoid,2070,0.43,73277715.00,36638858.00,128236002.00,1637817569.00,818908785.00,2866180746.00,0.1523,61.065
Aveiro Ria (railway),Railway,SSP1-2.6,+Geoid,2071,0.434,75661866.00,37830933.00,132408266.00,1713479435.00,856739718.00,2998589012.00,0.1481,63.052
Aveiro Ria (railway),Railway,SSP1-2.6,+Geoid,2072,0.438,78122154.00,39061077.00,136713770.00,1791601590.00,895800795.00,3135302782.00,0.1441,65.102
Aveiro Ria (railway),Railway,SSP1-2.6,+Geoid,2073,0.442,80660976.00,40330488.00,141156709.00,1872262566.00,936131283.00,3276459491.00,0.1401,67.217
Aveiro Ria (railway),Railway,SSP1-2.6,+Geoid,2074,0.446,83280804.00,41640402.00,145741407.00,1955543370.00,977771685.00,3422200897.00,0.1363,69.401
Aveiro Ria (railway),Railway,SSP1-2.6,+Geoid,2075,0.45,85984185.00,42992092.00,150472323.00,2041527554.00,1020763777.00,3572673220.00,0.1326,71.653
Aveiro Ria (railway),Railway,SSP1-2.6,+Geoid,2076,0.454,88773746.00,44386873.00,155354056.00,2130301300.00,1065150650.00,3728027276.00,0.129,73.978
Aveiro Ria (railway),Railway,SSP1-2.6,+Geoid,2077,0.458,91652197.00,45826099.00,160391345.00,2221953498.00,1110976749.00,3888418621.00,0.1254,76.377
Aveiro Ria (railway),Railway,SSP1-2.6,+Geoid,2078,0.462,94622331.00,47311166.00,165589080.00,2316575829.00,1158287914.00,4054007700.00,0.122,78.852
Aveiro Ria (railway),Railway,SSP1-2.6,+Geoid,2079,0.466,97687028.00,48843514.00,170952299.00,2414262857.00,1207131428.00,4224960000.00,0.1187,81.406
Aveiro Ria (railway),Railway,SSP1-2.6,+Geoid,2080,0.47,100849258.00,50424629.00,176486201.00,2515112114.00,1257556057.00,4401446200.00,0.1154,84.041
Aveiro Ria (railway),Railway,SSP1-2.6,+Geoid,2081,0.474,104112081.00,52056041.00,182196142.00,2619224196.00,1309612098.00,4583642342.00,0.1123,86.76
Aveiro Ria (railway),Railway,SSP1-2.6,+Geoid,2082,0.478,107478656.00,53739328.00,188087647.00,2726702851.00,1363351426.00,4771729989.00,0.1092,89.566
Aveiro Ria (railway),Railway,SSP1-2.6,+Geoid,2083,0.482,110952236.00,55476118.00,194166413.00,2837655087.00,1418827543.00,4965896402.00,0.1062,92.46
Aveiro Ria (railway),Railway,SSP1-2.6,+Geoid,2084,0.486,114536178.00,57268089.00,200438311.00,2952191264.00,1476095632.00,5166334713.00,0.1033,95.447
Aveiro Ria (railway),Railway,SSP1-2.6,+Geoid,2085,0.49,118233941.00,59116970.00,206909396.00,3070425205.00,1535212603.00,5373244109.00,0.1005,98.528
Aveiro Ria (railway),Railway,SSP1-2.6,+Geoid,2086,0.494,122049092.00,61024546.00,213585912.00,3192474298.00,1596237149.00,5586830021.00,0.0977,101.708
Aveiro Ria (railway),Railway,SSP1-2.6,+Geoid,2087,0.498,125985311.00,62992655.00,220474294.00,3318459608.00,1659229804.00,5807304314.00,0.0951,104.988
Aveiro Ria (railway),Railway,SSP1-2.6,+Geoid,2088,0.502,130046387.00,65023194.00,227581177.00,3448505995.00,1724252998.00,6034885492.00,0.0925,108.372
Aveiro Ria (railway),Railway,SSP1-2.6,+Geoid,2089,0.506,134236231.00,67118116.00,234913404.00,3582742226.00,1791371113.00,6269798896.00,0.0899,111.864
Aveiro Ria (railway),Railway,SSP1-2.6,+Geoid,2090,0.51,138558873.00,69279437.00,242478028.00,3721301100.00,1860650550.00,6512276924.00,0.0875,115.466
Aveiro Ria (railway),Railway,SSP1-2.6,+Geoid,2091,0.514,143018469.00,71509234.00,250282320.00,3864319568.00,1932159784.00,6762559245.00,0.0851,119.182
Aveiro Ria (railway),Railway,SSP1-2.6,+Geoid,2092,0.518,147619302.00,73809651.00,258333778.00,4011938870.00,2005969435.00,7020893023.00,0.0828,123.016
Aveiro Ria (railway),Railway,SSP1-2.6,+Geoid,2093,0.522,152365789.00,76182894.00,266640130.00,4164304659.00,2082152330.00,7287533153.00,0.0805,126.971
Aveiro Ria (railway),Railway,SSP1-2.6,+Geoid,2094,0.526,157262483.00,78631242.00,275209346.00,4321567142.00,2160783571.00,7562742499.00,0.0783,131.052
Aveiro Ria (railway),Railway,SSP1-2.6,+Geoid,2095,0.53,162314079.00,81157040.00,284049639.00,4483881222.00,2241940611.00,7846792138.00,0.0761,135.262
Aveiro Ria (railway),Railway,SSP1-2.6,+Geoid,2096,0.534,167525417.00,83762708.00,293169479.00,4651406639.00,2325703319.00,8139961617.00,0.0741,139.605
Aveiro Ria (railway),Railway,SSP1-2.6,+Geoid,2097,0.538,172901484.00,86450742.00,302577597.00,4824308123.00,2412154061.00,8442539215.00,0.072,144.085
Aveiro Ria (railway),Railway,SSP1-2.6,+Geoid,2098,0.542,178447426.00,89223713.00,312282995.00,5002755548.00,2501377774.00,8754822210.00,0.0701,148.706
Aveiro Ria (railway),Railway,SSP1-2.6,+Geoid,2099,0.546,184168543.00,92084271.00,322294950.00,5186924091.00,2593462046.00,9077117160.00,0.0682,153.474
Aveiro Ria (railway),Railway,SSP1-2.6,+Geoid,2100,0.55,190070303.00,95035151.00,332623030.00,5376994394.00,2688497197.00,9409740190.00,0.0663,158.392
Aveiro Ria (railway),Railway,SSP2-4.5,Baseline,2025,0.05,3111270.00,1555635.00,5444722.00,3111270.00,1555635.00,5444722.00,2.1213,2.593
Aveiro Ria (railway),Railway,SSP2-4.5,Baseline,2026,0.06,3395205.00,1697603.00,5941609.00,6506475.00,3253237.00,11386331.00,1.9793,2.829
Aveiro Ria (railway),Railway,SSP2-4.5,Baseline,2027,0.07,3703871.00,1851935.00,6481774.00,10210346.00,5105173.00,17868105.00,1.8467,3.087
Aveiro Ria (railway),Railway,SSP2-4.5,Baseline,2028,0.08,4039355.00,2019677.00,7068871.00,14249700.00,7124850.00,24936976.00,1.723,3.366
Aveiro Ria (railway),Railway,SSP2-4.5,Baseline,2029,0.09,4403916.00,2201958.00,7706853.00,18653616.00,9326808.00,32643828.00,1.6077,3.67
Aveiro Ria (railway),Railway,SSP2-4.5,Baseline,2030,0.1,4800000.00,2400000.00,8400000.00,23453616.00,11726808.00,41043828.00,1.5,4.0
Aveiro Ria (railway),Railway,SSP2-4.5,Baseline,2031,0.11,5230254.00,2615127.00,9152945.00,28683871.00,14341935.00,50196774.00,1.3995,4.359
Aveiro Ria (railway),Railway,SSP2-4.5,Baseline,2032,0.12,5697544.00,2848772.00,9970702.00,34381415.00,17190707.00,60167475.00,1.3058,4.748
Aveiro Ria (railway),Railway,SSP2-4.5,Baseline,2033,0.13,6204968.00,3102484.00,10858694.00,40586382.00,20293191.00,71026169.00,1.2184,5.171
Aveiro Ria (railway),Railway,SSP2-4.5,Baseline,2034,0.14,6755881.00,3377940.00,11822791.00,47342263.00,23671131.00,82848960.00,1.1368,5.63
Aveiro Ria (railway),Railway,SSP2-4.5,Baseline,2035,0.15,7353911.00,3676955.00,12869343.00,54696173.00,27348087.00,95718303.00,1.0607,6.128
Aveiro Ria (railway),Railway,SSP2-4.5,Baseline,2036,0.16,8002983.00,4001492.00,14005221.00,62699157.00,31349578.00,109723525.00,0.9896,6.669
Aveiro Ria (railway),Railway,SSP2-4.5,Baseline,2037,0.17,8707346.00,4353673.00,15237855.00,71406503.00,35703251.00,124961380.00,0.9234,7.256
Aveiro Ria (railway),Railway,SSP2-4.5,Baseline,2038,0.18,9471590.00,4735795.00,16575283.00,80878093.00,40439046.00,141536662.00,0.8615,7.893
Aveiro Ria (railway),Railway,SSP2-4.5,Baseline,2039,0.19,10300684.00,5150342.00,18026197.00,91178777.00,45589388.00,159562860.00,0.8038,8.584
Aveiro Ria (railway),Railway,SSP2-4.5,Baseline,2040,0.2,11200000.00,5600000.00,19600000.00,102378777.00,51189388.00,179162860.00,0.75,9.333
Aveiro Ria (railway),Railway,SSP2-4.5,Baseline,2041,0.21,12175347.00,6087673.00,21306856.00,114554123.00,57277062.00,200469716.00,0.6998,10.146
Aveiro Ria (railway),Railway,SSP2-4.5,Baseline,2042,0.22,13233005.00,6616503.00,23157759.00,127787129.00,63893564.00,223627475.00,0.6529,11.028
Aveiro Ria (railway),Railway,SSP2-4.5,Baseline,2043,0.23,14379767.00,7189883.00,25164592.00,142166895.00,71083448.00,248792067.00,0.6092,11.983
Aveiro Ria (railway),Railway,SSP2-4.5,Baseline,2044,0.24,15622974.00,7811487.00,27340204.00,157789869.00,78894934.00,276132271.00,0.5684,13.019
Aveiro Ria (railway),Railway,SSP2-4.5,Baseline,2045,0.25,16970563.00,8485281.00,29698485.00,174760432.00,87380216.00,305830755.00,0.5303,14.142
Aveiro Ria (railway),Railway,SSP2-4.5,Baseline,2046,0.26,18431113.00,9215557.00,32254449.00,193191545.00,96595773.00,338085204.00,0.4948,15.359
Aveiro Ria (railway),Railway,SSP2-4.5,Baseline,2047,0.27,20013899.00,10006950.00,35024323.00,213205444.00,106602722.00,373109527.00,0.4617,16.678
Aveiro Ria (railway),Railway,SSP2-4.5,Baseline,2048,0.28,21728942.00,10864471.00,38025649.00,234934386.00,117467193.00,411135176.00,0.4308,18.107
Aveiro Ria (railway),Railway,SSP2-4.5,Baseline,2049,0.29,23587074.00,11793537.00,41277380.00,258521460.00,129260730.00,452412555.00,0.4019,19.656
Aveiro Ria (railway),Railway,SSP2-4.5,Baseline,2050,0.3,25600000.00,12800000.00,44800000.00,284121460.00,142060730.00,497212555.00,0.375,21.333
Aveiro Ria (railway),Railway,SSP2-4.5,Baseline,2051,0.306,26887277.00,13443638.00,47052735.00,311008737.00,155504369.00,544265290.00,0.3597,22.406
Aveiro Ria (railway),Railway,SSP2-4.5,Baseline,2052,0.312,28237719.00,14118859.00,49416008.00,339246456.00,169623228.00,593681298.00,0.3451,23.531
Aveiro Ria (railway),Railway,SSP2-4.5,Baseline,2053,0.318,29654369.00,14827184.00,51895145.00,368900824.00,184450412.00,645576443.00,0.331,24.712
Aveiro Ria (railway),Railway,SSP2-4.5,Baseline,2054,0.324,31140414.00,15570207.00,54495725.00,400041239.00,200020619.00,700072168.00,0.3175,25.95
Aveiro Ria (railway),Railway,SSP2-4.5,Baseline,2055,0.33,32699196.00,16349598.00,57223592.00,432740435.00,216370217.00,757295760.00,0.3046,27.249
Aveiro Ria (railway),Railway,SSP2-4.5,Baseline,2056,0.336,34334210.00,17167105.00,60084867.00,467074644.00,233537322.00,817380627.00,0.2922,28.612
Aveiro Ria (railway),Railway,SSP2-4.5,Baseline,2057,0.342,36049120.00,18024560.00,63085960.00,503123764.00,251561882.00,880466587.00,0.2803,30.041
Aveiro Ria (railway),Railway,SSP2-4.5,Baseline,2058,0.348,37847764.00,18923882.00,66233587.00,540971528.00,270485764.00,946700175.00,0.2689,31.54
Aveiro Ria (railway),Railway,SSP2-4.5,Baseline,2059,0.354,39734161.00,19867080.00,69534782.00,580705689.00,290352845.00,1016234956.00,0.2579,33.112
Aveiro Ria (railway),Railway,SSP2-4.5,Baseline,2060,0.36,41712520.00,20856260.00,72996910.00,622418209.00,311209105.00,1089231866.00,0.2474,34.76
Aveiro Ria (railway),Railway,SSP2-4.5,Baseline,2061,0.366,43787250.00,21893625.00,76627687.00,666205459.00,333102729.00,1165859553.00,0.2373,36.489
Aveiro Ria (railway),Railway,SSP2-4.5,Baseline,2062,0.372,45962967.00,22981484.00,80435193.00,712168426.00,356084213.00,1246294746.00,0.2277,38.302
Aveiro Ria (railway),Railway,SSP2-4.5,Baseline,2063,0.378,48244509.00,24122255.00,84427891.00,760412935.00,380206468.00,1330722637.00,0.2184,40.204
Aveiro Ria (railway),Railway,SSP2-4.5,Baseline,2064,0.384,50636938.00,25318469.00,88614642.00,811049874.00,405524937.00,1419337279.00,0.2095,42.197
Aveiro Ria (railway),Railway,SSP2-4.5,Baseline,2065,0.39,53145559.00,26572780.00,93004729.00,864195433.00,432097716.00,1512342008.00,0.201,44.288
Aveiro Ria (railway),Railway,SSP2-4.5,Baseline,2066,0.396,55775925.00,27887963.00,97607869.00,919971358.00,459985679.00,1609949877.00,0.1928,46.48
Aveiro Ria (railway),Railway,SSP2-4.5,Baseline,2067,0.402,58533853.00,29266926.00,102434242.00,978505211.00,489252606.00,1712384119.00,0.1849,48.778
Aveiro Ria (railway),Railway,SSP2-4.5,Baseline,2068,0.408,61425432.00,30712716.00,107494507.00,1039930643.00,519965322.00,1819878626.00,0.1774,51.188
Aveiro Ria (railway),Railway,SSP2-4.5,Baseline,2069,0.414,64457042.00,32228521.00,112799823.00,1104387685.00,552193843.00,1932678449.00,0.1702,53.714
Aveiro Ria (railway),Railway,SSP2-4.5,Baseline,2070,0.42,67635359.00,33817680.00,118361878.00,1172023044.00,586011522.00,2051040327.00,0.1632,56.363
Aveiro Ria (railway),Railway,SSP2-4.5,Baseline,2071,0.426,70967378.00,35483689.00,124192911.00,1242990422.00,621495211.00,2175233239.00,0.1566,59.139
Aveiro Ria (railway),Railway,SSP2-4.5,Baseline,2072,0.432,74460421.00,37230210.00,130305736.00,1317450843.00,658725421.00,2305538975.00,0.1502,62.05
Aveiro Ria (railway),Railway,SSP2-4.5,Baseline,2073,0.438,78122154.00,39061077.00,136713770.00,1395572997.00,697786499.00,2442252745.00,0.1441,65.102
Aveiro Ria (railway),Railway,SSP2-4.5,Baseline,2074,0.444,81960607.00,40980304.00,143431062.00,1477533604.00,738766802.00,2585683807.00,0.1382,68.301
Aveiro Ria (railway),Railway,SSP2-4.5,Baseline,2075,0.45,85984185.00,42992092.00,150472323.00,1563517789.00,781758894.00,2736156130.00,0.1326,71.653
Aveiro Ria (railway),Railway,SSP2-4.5,Baseline,2076,0.456,90201688.00,45100844.00,157852954.00,1653719476.00,826859738.00,2894009084.00,0.1272,75.168
Aveiro Ria (railway),Railway,SSP2-4.5,Baseline,2077,0.462,94622331.00,47311166.00,165589080.00,1748341808.00,874170904.00,3059598163.00,0.122,78.852
Aveiro Ria (railway),Railway,SSP2-4.5,Baseline,2078,0.468,99255762.00,49627881.00,173697584.00,1847597570.00,923798785.00,3233295747.00,0.117,82.713
Aveiro Ria (railway),Railway,SSP2-4.5,Baseline,2079,0.474,104112081.00,52056041.00,182196142.00,1951709651.00,975854825.00,3415491889.00,0.1123,86.76
Aveiro Ria (railway),Railway,SSP2-4.5,Baseline,2080,0.48,109201863.00,54600931.00,191103260.00,2060911514.00,1030455757.00,3606595149.00,0.1077,91.002
Aveiro Ria (railway),Railway,SSP2-4.5,Baseline,2081,0.486,114536178.00,57268089.00,200438311.00,2175447691.00,1087723846.00,3807033459.00,0.1033,95.447
Aveiro Ria (railway),Railway,SSP2-4.5,Baseline,2082,0.492,120126616.00,60063308.00,210221578.00,2295574307.00,1147787153.00,4017255037.00,0.0991,100.106
Aveiro Ria (railway),Railway,SSP2-4.5,Baseline,2083,0.498,125985311.00,62992655.00,220474294.00,2421559617.00,1210779809.00,4237729331.00,0.0951,104.988
Aveiro Ria (railway),Railway,SSP2-4.5,Baseline,2084,0.504,132124964.00,66062482.00,231218687.00,2553684582.00,1276842291.00,4468948018.00,0.0912,110.104
Aveiro Ria (railway),Railway,SSP2-4.5,Baseline,2085,0.51,138558873.00,69279437.00,242478028.00,2692243455.00,1346121727.00,4711426046.00,0.0875,115.466
Aveiro Ria (railway),Railway,SSP2-4.5,Baseline,2086,0.516,145300958.00,72650479.00,254276676.00,2837544412.00,1418772206.00,4965702722.00,0.0839,121.084
Aveiro Ria (railway),Railway,SSP2-4.5,Baseline,2087,0.522,152365789.00,76182894.00,266640130.00,2989910201.00,1494955101.00,5232342852.00,0.0805,126.971
Aveiro Ria (railway),Railway,SSP2-4.5,Baseline,2088,0.528,159768620.00,79884310.00,279595084.00,3149678821.00,1574839411.00,5511937937.00,0.0772,133.141
Aveiro Ria (railway),Railway,SSP2-4.5,Baseline,2089,0.534,167525417.00,83762708.00,293169479.00,3317204238.00,1658602119.00,5805107416.00,0.0741,139.605
Aveiro Ria (railway),Railway,SSP2-4.5,Baseline,2090,0.54,175652893.00,87826447.00,307392563.00,3492857131.00,1746428565.00,6112499979.00,0.071,146.377
Aveiro Ria (railway),Railway,SSP2-4.5,Baseline,2091,0.546,184168543.00,92084271.00,322294950.00,3677025674.00,1838512837.00,6434794929.00,0.0682,153.474
Aveiro Ria (railway),Railway,SSP2-4.5,Baseline,2092,0.552,193090678.00,96545339.00,337908686.00,3870116352.00,1935058176.00,6772703615.00,0.0654,160.909
Aveiro Ria (railway),Railway,SSP2-4.5,Baseline,2093,0.558,202438465.00,101219232.00,354267313.00,4072554816.00,2036277408.00,7126970928.00,0.0627,168.699
Aveiro Ria (railway),Railway,SSP2-4.5,Baseline,2094,0.564,212231965.00,106115982.00,371405939.00,4284786781.00,2142393391.00,7498376867.00,0.0602,176.86
Aveiro Ria (railway),Railway,SSP2-4.5,Baseline,2095,0.57,222492176.00,111246088.00,389361309.00,4507278958.00,2253639479.00,7887738176.00,0.0577,185.41
Aveiro Ria (railway),Railway,SSP2-4.5,Baseline,2096,0.576,233241077.00,116620538.00,408171884.00,4740520034.00,2370260017.00,8295910060.00,0.0554,194.368
Aveiro Ria (railway),Railway,SSP2-4.5,Baseline,2097,0.582,244501668.00,122250834.00,427877920.00,4985021703.00,2492510851.00,8723787980.00,0.0531,203.751
Aveiro Ria (railway),Railway,SSP2-4.5,Baseline,2098,0.588,256298026.00,128149013.00,448521545.00,5241319729.00,2620659864.00,9172309525.00,0.0509,213.582
Aveiro Ria (railway),Railway,SSP2-4.5,Baseline,2099,0.594,268655346.00,134327673.00,470146856.00,5509975075.00,2754987537.00,9642456381.00,0.0489,223.879
Aveiro Ria (railway),Railway,SSP2-4.5,Baseline,2100,0.6,438000000.00,219000000.00,766500000.00,5947975075.00,2973987537.00,10408956381.00,0.0469,365.0
Aveiro Ria (railway),Railway,SSP2-4.5,+Geoid,2025,0.125,5946036.00,2973018.00,10405562.00,5946036.00,2973018.00,10405562.00,1.2613,4.955
Aveiro Ria (railway),Railway,SSP2-4.5,+Geoid,2026,0.15,7353911.00,3676955.00,12869343.00,13299946.00,6649973.00,23274906.00,1.0607,6.128
Aveiro Ria (railway),Railway,SSP2-4.5,+Geoid,2027,0.175,9081681.00,4540841.00,15892942.00,22381627.00,11190814.00,39167848.00,0.8919,7.568
Aveiro Ria (railway),Railway,SSP2-4.5,+Geoid,2028,0.2,11200000.00,5600000.00,19600000.00,33581627.00,16790814.00,58767848.00,0.75,9.333
Aveiro Ria (railway),Railway,SSP2-4.5,+Geoid,2029,0.225,13794803.00,6897401.00,24140904.00,47376430.00,23688215.00,82908752.00,0.6307,11.496
Aveiro Ria (railway),Railway,SSP2-4.5,+Geoid,2030,0.25,16970563.00,8485281.00,29698485.00,64346993.00,32173496.00,112607237.00,0.5303,14.142
Aveiro Ria (railway),Railway,SSP2-4.5,+Geoid,2031,0.26,18431113.00,9215557.00,32254449.00,82778106.00,41389053.00,144861686.00,0.4948,15.359
Aveiro Ria (railway),Railway,SSP2-4.5,+Geoid,2032,0.27,20013899.00,10006950.00,35024323.00,102792005.00,51396003.00,179886009.00,0.4617,16.678
Aveiro Ria (railway),Railway,SSP2-4.5,+Geoid,2033,0.28,21728942.00,10864471.00,38025649.00,124520947.00,62260474.00,217911658.00,0.4308,18.107
Aveiro Ria (railway),Railway,SSP2-4.5,+Geoid,2034,0.29,23587074.00,11793537.00,41277380.00,148108021.00,74054011.00,259189037.00,0.4019,19.656
Aveiro Ria (railway),Railway,SSP2-4.5,+Geoid,2035,0.3,25600000.00,12800000.00,44800000.00,173708021.00,86854011.00,303989037.00,0.375,21.333
Aveiro Ria (railway),Railway,SSP2-4.5,+Geoid,2036,0.31,27780368.00,13890184.00,48615644.00,201488389.00,100744195.00,352604681.00,0.3499,23.15
Aveiro Ria (railway),Railway,SSP2-4.5,+Geoid,2037,0.32,30141845.00,15070922.00,52748228.00,231630234.00,115815117.00,405352910.00,0.3265,25.118
Aveiro Ria (railway),Railway,SSP2-4.5,+Geoid,2038,0.33,32699196.00,16349598.00,57223592.00,264329430.00,132164715.00,462576502.00,0.3046,27.249
Aveiro Ria (railway),Railway,SSP2-4.5,+Geoid,2039,0.34,35468373.00,17734186.00,62069652.00,299797802.00,149898901.00,524646154.00,0.2842,29.557
Aveiro Ria (railway),Railway,SSP2-4.5,+Geoid,2040,0.35,38466609.00,19233304.00,67316566.00,338264411.00,169132206.00,591962720.00,0.2652,32.056
Aveiro Ria (railway),Railway,SSP2-4.5,+Geoid,2041,0.36,41712520.00,20856260.00,72996910.00,379976931.00,189988466.00,664959630.00,0.2474,34.76
Aveiro Ria (railway),Railway,SSP2-4.5,+Geoid,2042,0.37,45226213.00,22613107.00,79145874.00,425203145.00,212601572.00,744105503.00,0.2308,37.689
Aveiro Ria (railway),Railway,SSP2-4.5,+Geoid,2043,0.38,49029408.00,24514704.00,85801464.00,474232552.00,237116276.00,829906967.00,0.2154,40.858
Aveiro Ria (railway),Railway,SSP2-4.5,+Geoid,2044,0.39,53145559.00,26572780.00,93004729.00,527378112.00,263689056.00,922911695.00,0.201,44.288
Aveiro Ria (railway),Railway,SSP2-4.5,+Geoid,2045,0.4,57600000.00,28800000.00,100800000.00,584978112.00,292489056.00,1023711695.00,0.1875,48.0
Aveiro Ria (railway),Railway,SSP2-4.5,+Geoid,2046,0.41,62420086.00,31210043.00,109235151.00,647398198.00,323699099.00,1132946847.00,0.1749,52.017
Aveiro Ria (railway),Railway,SSP2-4.5,+Geoid,2047,0.42,67635359.00,33817680.00,118361878.00,715033557.00,357516779.00,1251308725.00,0.1632,56.363
Aveiro Ria (railway),Railway,SSP2-4.5,+Geoid,2048,0.43,73277715.00,36638858.00,128236002.00,788311273.00,394155636.00,1379544727.00,0.1523,61.065
Aveiro Ria (railway),Railway,SSP2-4.5,+Geoid,2049,0.44,79381596.00,39690798.00,138917793.00,867692869.00,433846434.00,1518462520.00,0.1421,66.151
Aveiro Ria (railway),Railway,SSP2-4.5,+Geoid,2050,0.45,85984185.00,42992092.00,150472323.00,953677053.00,476838527.00,1668934843.00,0.1326,71.653
Aveiro Ria (railway),Railway,SSP2-4.5,+Geoid,2051,0.456,90201688.00,45100844.00,157852954.00,1043878741.00,521939371.00,1826787797.00,0.1272,75.168
Aveiro Ria (railway),Railway,SSP2-4.5,+Geoid,2052,0.462,94622331.00,47311166.00,165589080.00,1138501072.00,569250536.00,1992376876.00,0.122,78.852
Aveiro Ria (railway),Railway,SSP2-4.5,+Geoid,2053,0.468,99255762.00,49627881.00,173697584.00,1237756834.00,618878417.00,2166074460.00,0.117,82.713
Aveiro Ria (railway),Railway,SSP2-4.5,+Geoid,2054,0.474,104112081.00,52056041.00,182196142.00,1341868915.00,670934458.00,2348270602.00,0.1123,86.76
Aveiro Ria (railway),Railway,SSP2-4.5,+Geoid,2055,0.48,109201863.00,54600931.00,191103260.00,1451070778.00,725535389.00,2539373862.00,0.1077,91.002
Aveiro Ria (railway),Railway,SSP2-4.5,+Geoid,2056,0.486,114536178.00,57268089.00,200438311.00,1565606956.00,782803478.00,2739812172.00,0.1033,95.447
Aveiro Ria (railway),Railway,SSP2-4.5,+Geoid,2057,0.492,120126616.00,60063308.00,210221578.00,1685733571.00,842866786.00,2950033750.00,0.0991,100.106
Aveiro Ria (railway),Railway,SSP2-4.5,+Geoid,2058,0.498,125985311.00,62992655.00,220474294.00,1811718882.00,905859441.00,3170508043.00,0.0951,104.988
Aveiro Ria (railway),Railway,SSP2-4.5,+Geoid,2059,0.504,132124964.00,66062482.00,231218687.00,1943843846.00,971921923.00,3401726731.00,0.0912,110.104
Aveiro Ria (railway),Railway,SSP2-4.5,+Geoid,2060,0.51,138558873.00,69279437.00,242478028.00,2082402719.00,1041201360.00,3644204759.00,0.0875,115.466
Aveiro Ria (railway),Railway,SSP2-4.5,+Geoid,2061,0.516,145300958.00,72650479.00,254276676.00,2227703677.00,1113851839.00,3898481435.00,0.0839,121.084
Aveiro Ria (railway),Railway,SSP2-4.5,+Geoid,2062,0.522,152365789.00,76182894.00,266640130.00,2380069466.00,1190034733.00,4165121565.00,0.0805,126.971
Aveiro Ria (railway),Railway,SSP2-4.5,+Geoid,2063,0.528,159768620.00,79884310.00,279595084.00,2539838086.00,1269919043.00,4444716650.00,0.0772,133.141
Aveiro Ria (railway),Railway,SSP2-4.5,+Geoid,2064,0.534,167525417.00,83762708.00,293169479.00,2707363502.00,1353681751.00,4737886129.00,0.0741,139.605
Aveiro Ria (railway),Railway,SSP2-4.5,+Geoid,2065,0.54,175652893.00,87826447.00,307392563.00,2883016395.00,1441508198.00,5045278692.00,0.071,146.377
Aveiro Ria (railway),Railway,SSP2-4.5,+Geoid,2066,0.546,184168543.00,92084271.00,322294950.00,3067184938.00,1533592469.00,5367573642.00,0.0682,153.474
Aveiro Ria (railway),Railway,SSP2-4.5,+Geoid,2067,0.552,193090678.00,96545339.00,337908686.00,3260275616.00,1630137808.00,5705482328.00,0.0654,160.909
Aveiro Ria (railway),Railway,SSP2-4.5,+Geoid,2068,0.558,202438465.00,101219232.00,354267313.00,3462714081.00,1731357040.00,6059749641.00,0.0627,168.699
Aveiro Ria (railway),Railway,SSP2-4.5,+Geoid,2069,0.564,212231965.00,106115982.00,371405939.00,3674946046.00,1837473023.00,6431155580.00,0.0602,176.86
Aveiro Ria (railway),Railway,SSP2-4.5,+Geoid,2070,0.57,222492176.00,111246088.00,389361309.00,3897438222.00,1948719111.00,6820516889.00,0.0577,185.41
Aveiro Ria (railway),Railway,SSP2-4.5,+Geoid,2071,0.576,233241077.00,116620538.00,408171884.00,4130679299.00,2065339649.00,7228688773.00,0.0554,194.368
Aveiro Ria (railway),Railway,SSP2-4.5,+Geoid,2072,0.582,244501668.00,122250834.00,427877920.00,4375180967.00,2187590484.00,7656566693.00,0.0531,203.751
Aveiro Ria (railway),Railway,SSP2-4.5,+Geoid,2073,0.588,256298026.00,128149013.00,448521545.00,4631478993.00,2315739497.00,8105088238.00,0.0509,213.582
Aveiro Ria (railway),Railway,SSP2-4.5,+Geoid,2074,0.594,268655346.00,134327673.00,470146856.00,4900134339.00,2450067170.00,8575235094.00,0.0489,223.879
Aveiro Ria (railway),Railway,SSP2-4.5,+Geoid,2075,0.6,438000000.00,219000000.00,766500000.00,5338134339.00,2669067170.00,9341735094.00,0.0469,365.0
Aveiro Ria (railway),Railway,SSP2-4.5,+Geoid,2076,0.606,438000000.00,219000000.00,766500000.00,5776134339.00,2888067170.00,10108235094.00,0.045,365.0
Aveiro Ria (railway),Railway,SSP2-4.5,+Geoid,2077,0.612,438000000.00,219000000.00,766500000.00,6214134339.00,3107067170.00,10874735094.00,0.0431,365.0
Aveiro Ria (railway),Railway,SSP2-4.5,+Geoid,2078,0.618,438000000.00,219000000.00,766500000.00,6652134339.00,3326067170.00,11641235094.00,0.0414,365.0
Aveiro Ria (railway),Railway,SSP2-4.5,+Geoid,2079,0.624,438000000.00,219000000.00,766500000.00,7090134339.00,3545067170.00,12407735094.00,0.0397,365.0
Aveiro Ria (railway),Railway,SSP2-4.5,+Geoid,2080,0.63,438000000.00,219000000.00,766500000.00,7528134339.00,3764067170.00,13174235094.00,0.0381,365.0
Aveiro Ria (railway),Railway,SSP2-4.5,+Geoid,2081,0.636,438000000.00,219000000.00,766500000.00,7966134339.00,3983067170.00,13940735094.00,0.0365,365.0
Aveiro Ria (railway),Railway,SSP2-4.5,+Geoid,2082,0.642,438000000.00,219000000.00,766500000.00,8404134339.00,4202067170.00,14707235094.00,0.035,365.0
Aveiro Ria (railway),Railway,SSP2-4.5,+Geoid,2083,0.648,438000000.00,219000000.00,766500000.00,8842134339.00,4421067170.00,15473735094.00,0.0336,365.0
Aveiro Ria (railway),Railway,SSP2-4.5,+Geoid,2084,0.654,438000000.00,219000000.00,766500000.00,9280134339.00,4640067170.00,16240235094.00,0.0322,365.0
Aveiro Ria (railway),Railway,SSP2-4.5,+Geoid,2085,0.66,438000000.00,219000000.00,766500000.00,9718134339.00,4859067170.00,17006735094.00,0.0309,365.0
Aveiro Ria (railway),Railway,SSP2-4.5,+Geoid,2086,0.666,438000000.00,219000000.00,766500000.00,10156134339.00,5078067170.00,17773235094.00,0.0297,365.0
Aveiro Ria (railway),Railway,SSP2-4.5,+Geoid,2087,0.672,438000000.00,219000000.00,766500000.00,10594134339.00,5297067170.00,18539735094.00,0.0285,365.0
Aveiro Ria (railway),Railway,SSP2-4.5,+Geoid,2088,0.678,438000000.00,219000000.00,766500000.00,11032134339.00,5516067170.00,19306235094.00,0.0273,365.0
Aveiro Ria (railway),Railway,SSP2-4.5,+Geoid,2089,0.684,438000000.00,219000000.00,766500000.00,11470134339.00,5735067170.00,20072735094.00,0.0262,365.0
Aveiro Ria (railway),Railway,SSP2-4.5,+Geoid,2090,0.69,438000000.00,219000000.00,766500000.00,11908134339.00,5954067170.00,20839235094.00,0.0251,365.0
Aveiro Ria (railway),Railway,SSP2-4.5,+Geoid,2091,0.696,438000000.00,219000000.00,766500000.00,12346134339.00,6173067170.00,21605735094.00,0.0241,365.0
Aveiro Ria (railway),Railway,SSP2-4.5,+Geoid,2092,0.702,438000000.00,219000000.00,766500000.00,12784134339.00,6392067170.00,22372235094.00,0.0231,365.0
Aveiro Ria (railway),Railway,SSP2-4.5,+Geoid,2093,0.708,438000000.00,219000000.00,766500000.00,13222134339.00,6611067170.00,23138735094.00,0.0222,365.0
Aveiro Ria (railway),Railway,SSP2-4.5,+Geoid,2094,0.714,438000000.00,219000000.00,766500000.00,13660134339.00,6830067170.00,23905235094.00,0.0213,365.0
Aveiro Ria (railway),Railway,SSP2-4.5,+Geoid,2095,0.72,438000000.00,219000000.00,766500000.00,14098134339.00,7049067170.00,24671735094.00,0.0204,365.0
Aveiro Ria (railway),Railway,SSP2-4.5,+Geoid,2096,0.726,438000000.00,219000000.00,766500000.00,14536134339.00,7268067170.00,25438235094.00,0.0196,365.0
Aveiro Ria (railway),Railway,SSP2-4.5,+Geoid,2097,0.732,438000000.00,219000000.00,766500000.00,14974134339.00,7487067170.00,26204735094.00,0.0188,365.0
Aveiro Ria (railway),Railway,SSP2-4.5,+Geoid,2098,0.738,438000000.00,219000000.00,766500000.00,15412134339.00,7706067170.00,26971235094.00,0.018,365.0
Aveiro Ria (railway),Railway,SSP2-4.5,+Geoid,2099,0.744,438000000.00,219000000.00,766500000.00,15850134339.00,7925067170.00,27737735094.00,0.0173,365.0
Aveiro Ria (railway),Railway,SSP2-4.5,+Geoid,2100,0.75,438000000.00,219000000.00,766500000.00,16288134339.00,8144067170.00,28504235094.00,0.0166,365.0
Aveiro Ria (railway),Railway,SSP5-8.5,Baseline,2025,0.065,3546320.00,1773160.00,6206060.00,3546320.00,1773160.00,6206060.00,1.9118,2.955
Aveiro Ria (railway),Railway,SSP5-8.5,Baseline,2026,0.078,3970007.00,1985003.00,6947512.00,7516327.00,3758163.00,13153572.00,1.7471,3.308
Aveiro Ria (railway),Railway,SSP5-8.5,Baseline,2027,0.091,4442064.00,2221032.00,7773611.00,11958390.00,5979195.00,20927183.00,1.5966,3.702
Aveiro Ria (railway),Railway,SSP5-8.5,Baseline,2028,0.104,4967846.00,2483923.00,8693731.00,16926236.00,8463118.00,29620913.00,1.459,4.14
Aveiro Ria (railway),Railway,SSP5-8.5,Baseline,2029,0.117,5553289.00,2776644.00,9718255.00,22479525.00,11239762.00,39339169.00,1.3333,4.628
Aveiro Ria (railway),Railway,SSP5-8.5,Baseline,2030,0.13,6204968.00,3102484.00,10858694.00,28684493.00,14342246.00,50197862.00,1.2184,5.171
Aveiro Ria (railway),Railway,SSP5-8.5,Baseline,2031,0.1435,6959637.00,3479818.00,12179365.00,35644130.00,17822065.00,62377227.00,1.1095,5.8
Aveiro Ria (railway),Railway,SSP5-8.5,Baseline,2032,0.157,7802656.00,3901328.00,13654648.00,43446786.00,21723393.00,76031875.00,1.0104,6.502
Aveiro Ria (railway),Railway,SSP5-8.5,Baseline,2033,0.1705,8744096.00,4372048.00,15302168.00,52190882.00,26095441.00,91334043.00,0.9202,7.287
Aveiro Ria (railway),Railway,SSP5-8.5,Baseline,2034,0.184,9795154.00,4897577.00,17141520.00,61986036.00,30993018.00,108475563.00,0.838,8.163
Aveiro Ria (railway),Railway,SSP5-8.5,Baseline,2035,0.1975,10968278.00,5484139.00,19194486.00,72954314.00,36477157.00,127670049.00,0.7631,9.14
Aveiro Ria (railway),Railway,SSP5-8.5,Baseline,2036,0.211,12277300.00,6138650.00,21485276.00,85231614.00,42615807.00,149155325.00,0.6949,10.231
Aveiro Ria (railway),Railway,SSP5-8.5,Baseline,2037,0.2245,13737595.00,6868798.00,24040792.00,98969210.00,49484605.00,173196117.00,0.6329,11.448
Aveiro Ria (railway),Railway,SSP5-8.5,Baseline,2038,0.238,15366245.00,7683122.00,26890928.00,114335454.00,57167727.00,200087045.00,0.5763,12.805
Aveiro Ria (railway),Railway,SSP5-8.5,Baseline,2039,0.2515,17182226.00,8591113.00,30068895.00,131517680.00,65758840.00,230155940.00,0.5248,14.319
Aveiro Ria (railway),Railway,SSP5-8.5,Baseline,2040,0.265,19206619.00,9603309.00,33611583.00,150724299.00,75362149.00,263767523.00,0.478,16.006
Aveiro Ria (railway),Railway,SSP5-8.5,Baseline,2041,0.2785,21462838.00,10731419.00,37559966.00,172187137.00,86093568.00,301327489.00,0.4353,17.886
Aveiro Ria (railway),Railway,SSP5-8.5,Baseline,2042,0.292,23976885.00,11988442.00,41959549.00,196164022.00,98082011.00,343287038.00,0.3964,19.981
Aveiro Ria (railway),Railway,SSP5-8.5,Baseline,2043,0.3055,26777632.00,13388816.00,46860856.00,222941654.00,111470827.00,390147894.00,0.361,22.315
Aveiro Ria (railway),Railway,SSP5-8.5,Baseline,2044,0.319,29897135.00,14948568.00,52319987.00,252838789.00,126419395.00,442467881.00,0.3287,24.914
Aveiro Ria (railway),Railway,SSP5-8.5,Baseline,2045,0.3325,33370981.00,16685490.00,58399216.00,286209770.00,143104885.00,500867097.00,0.2994,27.809
Aveiro Ria (railway),Railway,SSP5-8.5,Baseline,2046,0.346,37238668.00,18619334.00,65167669.00,323448438.00,161724219.00,566034766.00,0.2726,31.032
Aveiro Ria (railway),Railway,SSP5-8.5,Baseline,2047,0.3595,41544038.00,20772019.00,72702066.00,364992476.00,182496238.00,638736833.00,0.2483,34.62
Aveiro Ria (railway),Railway,SSP5-8.5,Baseline,2048,0.373,46335742.00,23167871.00,81087548.00,411328218.00,205664109.00,719824381.00,0.2261,38.613
Aveiro Ria (railway),Railway,SSP5-8.5,Baseline,2049,0.3865,51667764.00,25833882.00,90418586.00,462995981.00,231497991.00,810242967.00,0.2059,43.056
Aveiro Ria (railway),Railway,SSP5-8.5,Baseline,2050,0.4,57600000.00,28800000.00,100800000.00,520595981.00,260297991.00,911042967.00,0.1875,48.0
Aveiro Ria (railway),Railway,SSP5-8.5,Baseline,2051,0.412,63430540.00,31715270.00,111003446.00,584026522.00,292013261.00,1022046413.00,0.1725,52.859
Aveiro Ria (railway),Railway,SSP5-8.5,Baseline,2052,0.424,69839182.00,34919591.00,122218569.00,653865704.00,326932852.00,1144264982.00,0.1588,58.199
Aveiro Ria (railway),Railway,SSP5-8.5,Baseline,2053,0.436,76882345.00,38441172.00,134544104.00,730748049.00,365374024.00,1278809085.00,0.1461,64.069
Aveiro Ria (railway),Railway,SSP5-8.5,Baseline,2054,0.448,84621888.00,42310944.00,148088304.00,815369936.00,407684968.00,1426897389.00,0.1344,70.518
Aveiro Ria (railway),Railway,SSP5-8.5,Baseline,2055,0.46,93125626.00,46562813.00,162969845.00,908495562.00,454247781.00,1589867234.00,0.1237,77.605
Aveiro Ria (railway),Railway,SSP5-8.5,Baseline,2056,0.472,102467900.00,51233950.00,179318825.00,1010963462.00,505481731.00,1769186059.00,0.1138,85.39
Aveiro Ria (railway),Railway,SSP5-8.5,Baseline,2057,0.484,112730198.00,56365099.00,197277846.00,1123693660.00,561846830.00,1966463905.00,0.1047,93.942
Aveiro Ria (railway),Railway,SSP5-8.5,Baseline,2058,0.496,124001834.00,62000917.00,217003209.00,1247695494.00,623847747.00,2183467115.00,0.0964,103.335
Aveiro Ria (railway),Railway,SSP5-8.5,Baseline,2059,0.508,136380696.00,68190348.00,238666217.00,1384076190.00,692038095.00,2422133332.00,0.0887,113.651
Aveiro Ria (railway),Railway,SSP5-8.5,Baseline,2060,0.52,149974057.00,74987029.00,262454600.00,1534050247.00,767025123.00,2684587932.00,0.0816,124.978
Aveiro Ria (railway),Railway,SSP5-8.5,Baseline,2061,0.532,164899472.00,82449736.00,288574076.00,1698949719.00,849474860.00,2973162008.00,0.0751,137.416
Aveiro Ria (railway),Railway,SSP5-8.5,Baseline,2062,0.544,181285749.00,90642875.00,317250062.00,1880235469.00,940117734.00,3290412070.00,0.0691,151.071
Aveiro Ria (railway),Railway,SSP5-8.5,Baseline,2063,0.556,199274022.00,99637011.00,348729538.00,2079509490.00,1039754745.00,3639141608.00,0.0636,166.062
Aveiro Ria (railway),Railway,SSP5-8.5,Baseline,2064,0.568,219018913.00,109509457.00,383283098.00,2298528403.00,1149264202.00,4022424706.00,0.0585,182.516
Aveiro Ria (railway),Railway,SSP5-8.5,Baseline,2065,0.58,240689820.00,120344910.00,421207185.00,2539218223.00,1269609111.00,4443631890.00,0.0538,200.575
Aveiro Ria (railway),Railway,SSP5-8.5,Baseline,2066,0.592,264472307.00,132236154.00,462826538.00,2803690530.00,1401845265.00,4906458428.00,0.0495,220.394
Aveiro Ria (railway),Railway,SSP5-8.5,Baseline,2067,0.604,438000000.00,219000000.00,766500000.00,3241690530.00,1620845265.00,5672958428.00,0.0456,365.0
Aveiro Ria (railway),Railway,SSP5-8.5,Baseline,2068,0.616,438000000.00,219000000.00,766500000.00,3679690530.00,1839845265.00,6439458428.00,0.042,365.0
Aveiro Ria (railway),Railway,SSP5-8.5,Baseline,2069,0.628,438000000.00,219000000.00,766500000.00,4117690530.00,2058845265.00,7205958428.00,0.0386,365.0
Aveiro Ria (railway),Railway,SSP5-8.5,Baseline,2070,0.64,438000000.00,219000000.00,766500000.00,4555690530.00,2277845265.00,7972458428.00,0.0355,365.0
Aveiro Ria (railway),Railway,SSP5-8.5,Baseline,2071,0.652,438000000.00,219000000.00,766500000.00,4993690530.00,2496845265.00,8738958428.00,0.0327,365.0
Aveiro Ria (railway),Railway,SSP5-8.5,Baseline,2072,0.664,438000000.00,219000000.00,766500000.00,5431690530.00,2715845265.00,9505458428.00,0.0301,365.0
Aveiro Ria (railway),Railway,SSP5-8.5,Baseline,2073,0.676,438000000.00,219000000.00,766500000.00,5869690530.00,2934845265.00,10271958428.00,0.0277,365.0
Aveiro Ria (railway),Railway,SSP5-8.5,Baseline,2074,0.688,438000000.00,219000000.00,766500000.00,6307690530.00,3153845265.00,11038458428.00,0.0255,365.0
Aveiro Ria (railway),Railway,SSP5-8.5,Baseline,2075,0.7,438000000.00,219000000.00,766500000.00,6745690530.00,3372845265.00,11804958428.00,0.0234,365.0
Aveiro Ria (railway),Railway,SSP5-8.5,Baseline,2076,0.712,438000000.00,219000000.00,766500000.00,7183690530.00,3591845265.00,12571458428.00,0.0216,365.0
Aveiro Ria (railway),Railway,SSP5-8.5,Baseline,2077,0.724,438000000.00,219000000.00,766500000.00,7621690530.00,3810845265.00,13337958428.00,0.0198,365.0
Aveiro Ria (railway),Railway,SSP5-8.5,Baseline,2078,0.736,438000000.00,219000000.00,766500000.00,8059690530.00,4029845265.00,14104458428.00,0.0183,365.0
Aveiro Ria (railway),Railway,SSP5-8.5,Baseline,2079,0.748,438000000.00,219000000.00,766500000.00,8497690530.00,4248845265.00,14870958428.00,0.0168,365.0
Aveiro Ria (railway),Railway,SSP5-8.5,Baseline,2080,0.76,438000000.00,219000000.00,766500000.00,8935690530.00,4467845265.00,15637458428.00,0.0155,365.0
Aveiro Ria (railway),Railway,SSP5-8.5,Baseline,2081,0.772,438000000.00,219000000.00,766500000.00,9373690530.00,4686845265.00,16403958428.00,0.0142,365.0
Aveiro Ria (railway),Railway,SSP5-8.5,Baseline,2082,0.784,438000000.00,219000000.00,766500000.00,9811690530.00,4905845265.00,17170458428.00,0.0131,365.0
Aveiro Ria (railway),Railway,SSP5-8.5,Baseline,2083,0.796,438000000.00,219000000.00,766500000.00,10249690530.00,5124845265.00,17936958428.00,0.012,365.0
Aveiro Ria (railway),Railway,SSP5-8.5,Baseline,2084,0.808,438000000.00,219000000.00,766500000.00,10687690530.00,5343845265.00,18703458428.00,0.0111,365.0
Aveiro Ria (railway),Railway,SSP5-8.5,Baseline,2085,0.82,438000000.00,219000000.00,766500000.00,11125690530.00,5562845265.00,19469958428.00,0.0102,365.0
Aveiro Ria (railway),Railway,SSP5-8.5,Baseline,2086,0.832,438000000.00,219000000.00,766500000.00,11563690530.00,5781845265.00,20236458428.00,0.0094,365.0
Aveiro Ria (railway),Railway,SSP5-8.5,Baseline,2087,0.844,438000000.00,219000000.00,766500000.00,12001690530.00,6000845265.00,21002958428.00,0.0086,365.0
Aveiro Ria (railway),Railway,SSP5-8.5,Baseline,2088,0.856,438000000.00,219000000.00,766500000.00,12439690530.00,6219845265.00,21769458428.00,0.0079,365.0
Aveiro Ria (railway),Railway,SSP5-8.5,Baseline,2089,0.868,438000000.00,219000000.00,766500000.00,12877690530.00,6438845265.00,22535958428.00,0.0073,365.0
Aveiro Ria (railway),Railway,SSP5-8.5,Baseline,2090,0.88,438000000.00,219000000.00,766500000.00,13315690530.00,6657845265.00,23302458428.00,0.0067,365.0
Aveiro Ria (railway),Railway,SSP5-8.5,Baseline,2091,0.892,438000000.00,219000000.00,766500000.00,13753690530.00,6876845265.00,24068958428.00,0.0062,365.0
Aveiro Ria (railway),Railway,SSP5-8.5,Baseline,2092,0.904,438000000.00,219000000.00,766500000.00,14191690530.00,7095845265.00,24835458428.00,0.0057,365.0
Aveiro Ria (railway),Railway,SSP5-8.5,Baseline,2093,0.916,438000000.00,219000000.00,766500000.00,14629690530.00,7314845265.00,25601958428.00,0.0052,365.0
Aveiro Ria (railway),Railway,SSP5-8.5,Baseline,2094,0.928,438000000.00,219000000.00,766500000.00,15067690530.00,7533845265.00,26368458428.00,0.0048,365.0
Aveiro Ria (railway),Railway,SSP5-8.5,Baseline,2095,0.94,438000000.00,219000000.00,766500000.00,15505690530.00,7752845265.00,27134958428.00,0.0044,365.0
Aveiro Ria (railway),Railway,SSP5-8.5,Baseline,2096,0.952,438000000.00,219000000.00,766500000.00,15943690530.00,7971845265.00,27901458428.00,0.0041,365.0
Aveiro Ria (railway),Railway,SSP5-8.5,Baseline,2097,0.964,438000000.00,219000000.00,766500000.00,16381690530.00,8190845265.00,28667958428.00,0.0038,365.0
Aveiro Ria (railway),Railway,SSP5-8.5,Baseline,2098,0.976,438000000.00,219000000.00,766500000.00,16819690530.00,8409845265.00,29434458428.00,0.0035,365.0
Aveiro Ria (railway),Railway,SSP5-8.5,Baseline,2099,0.988,438000000.00,219000000.00,766500000.00,17257690530.00,8628845265.00,30200958428.00,0.0032,365.0
Aveiro Ria (railway),Railway,SSP5-8.5,Baseline,2100,1.0,438000000.00,219000000.00,766500000.00,17695690530.00,8847845265.00,30967458428.00,0.0029,365.0
Aveiro Ria (railway),Railway,SSP5-8.5,+Geoid,2025,0.14,6755881.00,3377940.00,11822791.00,6755881.00,3377940.00,11822791.00,1.1368,5.63
Aveiro Ria (railway),Railway,SSP5-8.5,+Geoid,2026,0.168,8561835.00,4280917.00,14983211.00,15317715.00,7658858.00,26806002.00,0.9362,7.135
Aveiro Ria (railway),Railway,SSP5-8.5,+Geoid,2027,0.196,10831485.00,5415743.00,18955100.00,26149201.00,13074600.00,45761101.00,0.7711,9.026
Aveiro Ria (railway),Railway,SSP5-8.5,+Geoid,2028,0.224,13680619.00,6840309.00,23941083.00,39829820.00,19914910.00,69702185.00,0.6351,11.401
Aveiro Ria (railway),Railway,SSP5-8.5,+Geoid,2029,0.252,17253350.00,8626675.00,30193362.00,57083169.00,28541585.00,99895546.00,0.523,14.378
Aveiro Ria (railway),Railway,SSP5-8.5,+Geoid,2030,0.28,21728942.00,10864471.00,38025649.00,78812111.00,39406056.00,137921195.00,0.4308,18.107
Aveiro Ria (railway),Railway,SSP5-8.5,+Geoid,2031,0.2935,24273364.00,12136682.00,42478386.00,103085475.00,51542737.00,180399581.00,0.3923,20.228
Aveiro Ria (railway),Railway,SSP5-8.5,+Geoid,2032,0.307,27107884.00,13553942.00,47438796.00,130193359.00,65096679.00,227838378.00,0.3572,22.59
Aveiro Ria (railway),Railway,SSP5-8.5,+Geoid,2033,0.3205,30264933.00,15132466.00,52963632.00,160458291.00,80229146.00,280802010.00,0.3253,25.221
Aveiro Ria (railway),Railway,SSP5-8.5,+Geoid,2034,0.334,33780512.00,16890256.00,59115896.00,194238803.00,97119402.00,339917906.00,0.2963,28.15
Aveiro Ria (railway),Railway,SSP5-8.5,+Geoid,2035,0.3475,37694582.00,18847291.00,65965519.00,231933385.00,115966693.00,405883424.00,0.2698,31.412
Aveiro Ria (railway),Railway,SSP5-8.5,+Geoid,2036,0.361,42051494.00,21025747.00,73590114.00,273984879.00,136992440.00,479473538.00,0.2457,35.043
Aveiro Ria (railway),Railway,SSP5-8.5,+Geoid,2037,0.3745,46900464.00,23450232.00,82075812.00,320885343.00,160442672.00,561549350.00,0.2238,39.084
Aveiro Ria (railway),Railway,SSP5-8.5,+Geoid,2038,0.388,52296105.00,26148052.00,91518183.00,373181448.00,186590724.00,653067533.00,0.2038,43.58
Aveiro Ria (railway),Railway,SSP5-8.5,+Geoid,2039,0.4015,58299007.00,29149503.00,102023262.00,431480454.00,215740227.00,755090795.00,0.1856,48.583
Aveiro Ria (railway),Railway,SSP5-8.5,+Geoid,2040,0.415,64976388.00,32488194.00,113708679.00,496456843.00,248228421.00,868799475.00,0.169,54.147
Aveiro Ria (railway),Railway,SSP5-8.5,+Geoid,2041,0.4285,72402812.00,36201406.00,126704920.00,568859654.00,284429827.00,995504395.00,0.1539,60.336
Aveiro Ria (railway),Railway,SSP5-8.5,+Geoid,2042,0.442,80660976.00,40330488.00,141156709.00,649520631.00,324760315.00,1136661103.00,0.1401,67.217
Aveiro Ria (railway),Railway,SSP5-8.5,+Geoid,2043,0.4555,89842600.00,44921300.00,157224550.00,739363231.00,369681615.00,1293885654.00,0.1276,74.869
Aveiro Ria (railway),Railway,SSP5-8.5,+Geoid,2044,0.469,100049391.00,50024695.00,175086434.00,839412621.00,419706311.00,1468972088.00,0.1162,83.374
Aveiro Ria (railway),Railway,SSP5-8.5,+Geoid,2045,0.4825,111394123.00,55697062.00,194939716.00,950806745.00,475403372.00,1663911803.00,0.1058,92.828
Aveiro Ria (railway),Railway,SSP5-8.5,+Geoid,2046,0.496,124001834.00,62000917.00,217003209.00,1074808579.00,537404289.00,1880915013.00,0.0964,103.335
Aveiro Ria (railway),Railway,SSP5-8.5,+Geoid,2047,0.5095,138011140.00,69005570.00,241519495.00,1212819718.00,606409859.00,2122434507.00,0.0878,115.009
Aveiro Ria (railway),Railway,SSP5-8.5,+Geoid,2048,0.523,153575700.00,76787850.00,268757474.00,1366395418.00,683197709.00,2391191981.00,0.0799,127.98
Aveiro Ria (railway),Railway,SSP5-8.5,+Geoid,2049,0.5365,170865832.00,85432916.00,299015205.00,1537261250.00,768630625.00,2690207187.00,0.0728,142.388
Aveiro Ria (railway),Railway,SSP5-8.5,+Geoid,2050,0.55,190070303.00,95035151.00,332623030.00,1727331552.00,863665776.00,3022830217.00,0.0663,158.392
Aveiro Ria (railway),Railway,SSP5-8.5,+Geoid,2051,0.562,208916665.00,104458332.00,365604163.00,1936248217.00,968124108.00,3388434380.00,0.061,174.097
Aveiro Ria (railway),Railway,SSP5-8.5,+Geoid,2052,0.574,229602413.00,114801206.00,401804223.00,2165850630.00,1082925315.00,3790238602.00,0.0561,191.335
Aveiro Ria (railway),Railway,SSP5-8.5,+Geoid,2053,0.586,252304845.00,126152423.00,441533480.00,2418155475.00,1209077738.00,4231772082.00,0.0517,210.254
Aveiro Ria (railway),Railway,SSP5-8.5,+Geoid,2054,0.598,277218178.00,138609089.00,485131812.00,2695373654.00,1347686827.00,4716903894.00,0.0475,231.015
Aveiro Ria (railway),Railway,SSP5-8.5,+Geoid,2055,0.61,438000000.00,219000000.00,766500000.00,3133373654.00,1566686827.00,5483403894.00,0.0437,365.0
Aveiro Ria (railway),Railway,SSP5-8.5,+Geoid,2056,0.622,438000000.00,219000000.00,766500000.00,3571373654.00,1785686827.00,6249903894.00,0.0402,365.0
Aveiro Ria (railway),Railway,SSP5-8.5,+Geoid,2057,0.634,438000000.00,219000000.00,766500000.00,4009373654.00,2004686827.00,7016403894.00,0.037,365.0
Aveiro Ria (railway),Railway,SSP5-8.5,+Geoid,2058,0.646,438000000.00,219000000.00,766500000.00,4447373654.00,2223686827.00,7782903894.00,0.0341,365.0
Aveiro Ria (railway),Railway,SSP5-8.5,+Geoid,2059,0.658,438000000.00,219000000.00,766500000.00,4885373654.00,2442686827.00,8549403894.00,0.0314,365.0
Aveiro Ria (railway),Railway,SSP5-8.5,+Geoid,2060,0.67,438000000.00,219000000.00,766500000.00,5323373654.00,2661686827.00,9315903894.00,0.0289,365.0
Aveiro Ria (railway),Railway,SSP5-8.5,+Geoid,2061,0.682,438000000.00,219000000.00,766500000.00,5761373654.00,2880686827.00,10082403894.00,0.0266,365.0
Aveiro Ria (railway),Railway,SSP5-8.5,+Geoid,2062,0.694,438000000.00,219000000.00,766500000.00,6199373654.00,3099686827.00,10848903894.00,0.0244,365.0
Aveiro Ria (railway),Railway,SSP5-8.5,+Geoid,2063,0.706,438000000.00,219000000.00,766500000.00,6637373654.00,3318686827.00,11615403894.00,0.0225,365.0
Aveiro Ria (railway),Railway,SSP5-8.5,+Geoid,2064,0.718,438000000.00,219000000.00,766500000.00,7075373654.00,3537686827.00,12381903894.00,0.0207,365.0
Aveiro Ria (railway),Railway,SSP5-8.5,+Geoid,2065,0.73,438000000.00,219000000.00,766500000.00,7513373654.00,3756686827.00,13148403894.00,0.019,365.0
Aveiro Ria (railway),Railway,SSP5-8.5,+Geoid,2066,0.742,438000000.00,219000000.00,766500000.00,7951373654.00,3975686827.00,13914903894.00,0.0175,365.0
Aveiro Ria (railway),Railway,SSP5-8.5,+Geoid,2067,0.754,438000000.00,219000000.00,766500000.00,8389373654.00,4194686827.00,14681403894.00,0.0161,365.0
Aveiro Ria (railway),Railway,SSP5-8.5,+Geoid,2068,0.766,438000000.00,219000000.00,766500000.00,8827373654.00,4413686827.00,15447903894.00,0.0148,365.0
Aveiro Ria (railway),Railway,SSP5-8.5,+Geoid,2069,0.778,438000000.00,219000000.00,766500000.00,9265373654.00,4632686827.00,16214403894.00,0.0136,365.0
Aveiro Ria (railway),Railway,SSP5-8.5,+Geoid,2070,0.79,438000000.00,219000000.00,766500000.00,9703373654.00,4851686827.00,16980903894.00,0.0126,365.0
Aveiro Ria (railway),Railway,SSP5-8.5,+Geoid,2071,0.802,438000000.00,219000000.00,766500000.00,10141373654.00,5070686827.00,17747403894.00,0.0116,365.0
Aveiro Ria (railway),Railway,SSP5-8.5,+Geoid,2072,0.814,438000000.00,219000000.00,766500000.00,10579373654.00,5289686827.00,18513903894.00,0.0106,365.0
Aveiro Ria (railway),Railway,SSP5-8.5,+Geoid,2073,0.826,438000000.00,219000000.00,766500000.00,11017373654.00,5508686827.00,19280403894.00,0.0098,365.0
Aveiro Ria (railway),Railway,SSP5-8.5,+Geoid,2074,0.838,438000000.00,219000000.00,766500000.00,11455373654.00,5727686827.00,20046903894.00,0.009,365.0
Aveiro Ria (railway),Railway,SSP5-8.5,+Geoid,2075,0.85,438000000.00,219000000.00,766500000.00,11893373654.00,5946686827.00,20813403894.00,0.0083,365.0
Aveiro Ria (railway),Railway,SSP5-8.5,+Geoid,2076,0.862,438000000.00,219000000.00,766500000.00,12331373654.00,6165686827.00,21579903894.00,0.0076,365.0
Aveiro Ria (railway),Railway,SSP5-8.5,+Geoid,2077,0.874,438000000.00,219000000.00,766500000.00,12769373654.00,6384686827.00,22346403894.00,0.007,365.0
Aveiro Ria (railway),Railway,SSP5-8.5,+Geoid,2078,0.886,438000000.00,219000000.00,766500000.00,13207373654.00,6603686827.00,23112903894.00,0.0065,365.0
Aveiro Ria (railway),Railway,SSP5-8.5,+Geoid,2079,0.898,438000000.00,219000000.00,766500000.00,13645373654.00,6822686827.00,23879403894.00,0.0059,365.0
Aveiro Ria (railway),Railway,SSP5-8.5,+Geoid,2080,0.91,438000000.00,219000000.00,766500000.00,14083373654.00,7041686827.00,24645903894.00,0.0055,365.0
Aveiro Ria (railway),Railway,SSP5-8.5,+Geoid,2081,0.922,438000000.00,219000000.00,766500000.00,14521373654.00,7260686827.00,25412403894.00,0.005,365.0
Aveiro Ria (railway),Railway,SSP5-8.5,+Geoid,2082,0.934,438000000.00,219000000.00,766500000.00,14959373654.00,7479686827.00,26178903894.00,0.0046,365.0
Aveiro Ria (railway),Railway,SSP5-8.5,+Geoid,2083,0.946,438000000.00,219000000.00,766500000.00,15397373654.00,7698686827.00,26945403894.00,0.0043,365.0
Aveiro Ria (railway),Railway,SSP5-8.5,+Geoid,2084,0.958,438000000.00,219000000.00,766500000.00,15835373654.00,7917686827.00,27711903894.00,0.0039,365.0
Aveiro Ria (railway),Railway,SSP5-8.5,+Geoid,2085,0.97,438000000.00,219000000.00,766500000.00,16273373654.00,8136686827.00,28478403894.00,0.0036,365.0
Aveiro Ria (railway),Railway,SSP5-8.5,+Geoid,2086,0.982,438000000.00,219000000.00,766500000.00,16711373654.00,8355686827.00,29244903894.00,0.0033,365.0
Aveiro Ria (railway),Railway,SSP5-8.5,+Geoid,2087,0.994,438000000.00,219000000.00,766500000.00,17149373654.00,8574686827.00,30011403894.00,0.0031,365.0
Aveiro Ria (railway),Railway,SSP5-8.5,+Geoid,2088,1.006,438000000.00,219000000.00,766500000.00,17587373654.00,8793686827.00,30777903894.00,0.0028,365.0
Aveiro Ria (railway),Railway,SSP5-8.5,+Geoid,2089,1.018,438000000.00,219000000.00,766500000.00,18025373654.00,9012686827.00,31544403894.00,0.0026,365.0
Aveiro Ria (railway),Railway,SSP5-8.5,+Geoid,2090,1.03,438000000.00,219000000.00,766500000.00,18463373654.00,9231686827.00,32310903894.00,0.0024,365.0
Aveiro Ria (railway),Railway,SSP5-8.5,+Geoid,2091,1.042,438000000.00,219000000.00,766500000.00,18901373654.00,9450686827.00,33077403894.00,0.0022,365.0
Aveiro Ria (railway),Railway,SSP5-8.5,+Geoid,2092,1.054,438000000.00,219000000.00,766500000.00,19339373654.00,9669686827.00,33843903894.00,0.002,365.0
Aveiro Ria (railway),Railway,SSP5-8.5,+Geoid,2093,1.066,438000000.00,219000000.00,766500000.00,19777373654.00,9888686827.00,34610403894.00,0.0019,365.0
Aveiro Ria (railway),Railway,SSP5-8.5,+Geoid,2094,1.078,438000000.00,219000000.00,766500000.00,20215373654.00,10107686827.00,35376903894.00,0.0017,365.0
Aveiro Ria (railway),Railway,SSP5-8.5,+Geoid,2095,1.09,438000000.00,219000000.00,766500000.00,20653373654.00,10326686827.00,36143403894.00,0.0016,365.0
Aveiro Ria (railway),Railway,SSP5-8.5,+Geoid,2096,1.102,438000000.00,219000000.00,766500000.00,21091373654.00,10545686827.00,36909903894.00,0.0014,365.0
Aveiro Ria (railway),Railway,SSP5-8.5,+Geoid,2097,1.114,438000000.00,219000000.00,766500000.00,21529373654.00,10764686827.00,37676403894.00,0.0013,365.0
Aveiro Ria (railway),Railway,SSP5-8.5,+Geoid,2098,1.126,438000000.00,219000000.00,766500000.00,21967373654.00,10983686827.00,38442903894.00,0.0012,365.0
Aveiro Ria (railway),Railway,SSP5-8.5,+Geoid,2099,1.138,438000000.00,219000000.00,766500000.00,22405373654.00,11202686827.00,39209403894.00,0.0011,365.0
Aveiro Ria (railway),Railway,SSP5-8.5,+Geoid,2100,1.15,438000000.00,219000000.00,766500000.00,22843373654.00,11421686827.00,39975903894.00,0.001,365.0
A1 Azambuja (road),Road,SSP1-2.6,Baseline,2025,0.035,242400.00,133600.00,396200.00,200000.00,200000.00,400000.00,,0.0852
A1 Azambuja (road),Road,SSP1-2.6,Baseline,2026,0.042,257600.00,142000.00,421400.00,400000.00,200000.00,800000.00,,0.0906
A1 Azambuja (road),Road,SSP1-2.6,Baseline,2027,0.049,274000.00,151000.00,448000.00,800000.00,400000.00,1200000.00,,0.0964
A1 Azambuja (road),Road,SSP1-2.6,Baseline,2028,0.056,291200.00,160600.00,476400.00,1000000.00,600000.00,1800000.00,,0.1025
A1 Azambuja (road),Road,SSP1-2.6,Baseline,2029,0.063,309600.00,170600.00,506400.00,1400000.00,800000.00,2200000.00,,0.1089
A1 Azambuja (road),Road,SSP1-2.6,Baseline,2030,0.07,329000.00,181400.00,538200.00,1800000.00,1000000.00,2800000.00,,0.1157
A1 Azambuja (road),Road,SSP1-2.6,Baseline,2031,0.076,346600.00,191000.00,566800.00,2000000.00,1200000.00,3400000.00,,0.1219
A1 Azambuja (road),Road,SSP1-2.6,Baseline,2032,0.082,365200.00,201200.00,597200.00,2400000.00,1400000.00,4000000.00,,0.1284
A1 Azambuja (road),Road,SSP1-2.6,Baseline,2033,0.088,384600.00,212000.00,628800.00,2800000.00,1600000.00,4600000.00,,0.1353
A1 Azambuja (road),Road,SSP1-2.6,Baseline,2034,0.094,405000.00,223200.00,662200.00,3200000.00,1800000.00,5200000.00,,0.1425
A1 Azambuja (road),Road,SSP1-2.6,Baseline,2035,0.1,426400.00,235000.00,697400.00,3600000.00,2000000.00,6000000.00,,0.15
A1 Azambuja (road),Road,SSP1-2.6,Baseline,2036,0.106,449000.00,247400.00,734200.00,4000000.00,2200000.00,6600000.00,,0.1579
A1 Azambuja (road),Road,SSP1-2.6,Baseline,2037,0.112,472600.00,260600.00,773000.00,4600000.00,2600000.00,7400000.00,,0.1663
A1 Azambuja (road),Road,SSP1-2.6,Baseline,2038,0.118,497600.00,274200.00,813800.00,5000000.00,2800000.00,8200000.00,,0.175
A1 Azambuja (road),Road,SSP1-2.6,Baseline,2039,0.124,523800.00,288600.00,856600.00,5600000.00,3000000.00,9200000.00,,0.1842
A1 Azambuja (road),Road,SSP1-2.6,Baseline,2040,0.13,551200.00,303800.00,901600.00,6200000.00,3400000.00,10000000.00,,0.1939
A1 Azambuja (road),Road,SSP1-2.6,Baseline,2041,0.137,585000.00,322400.00,956800.00,6800000.00,3600000.00,11000000.00,,0.2058
A1 Azambuja (road),Road,SSP1-2.6,Baseline,2042,0.144,621000.00,342200.00,1015400.00,7400000.00,4000000.00,12000000.00,,0.2184
A1 Azambuja (road),Road,SSP1-2.6,Baseline,2043,0.151,658800.00,363200.00,1077600.00,8000000.00,4400000.00,13000000.00,,0.2318
A1 Azambuja (road),Road,SSP1-2.6,Baseline,2044,0.158,699000.00,385400.00,1143200.00,8600000.00,4800000.00,14200000.00,,0.2459
A1 Azambuja (road),Road,SSP1-2.6,Baseline,2045,0.165,741600.00,408800.00,1212800.00,9400000.00,5200000.00,15400000.00,,0.2609
A1 Azambuja (road),Road,SSP1-2.6,Baseline,2046,0.172,786600.00,433600.00,1286600.00,10200000.00,5600000.00,16800000.00,,0.2767
A1 Azambuja (road),Road,SSP1-2.6,Baseline,2047,0.179,834400.00,460000.00,1364600.00,11000000.00,6000000.00,18000000.00,,0.2935
A1 Azambuja (road),Road,SSP1-2.6,Baseline,2048,0.186,885000.00,487800.00,1447200.00,12000000.00,6600000.00,19600000.00,,0.3113
A1 Azambuja (road),Road,SSP1-2.6,Baseline,2049,0.193,938400.00,517200.00,1534600.00,12800000.00,7000000.00,21000000.00,,0.3301
A1 Azambuja (road),Road,SSP1-2.6,Baseline,2050,0.2,995000.00,548400.00,1627200.00,13800000.00,7600000.00,22600000.00,,0.35
A1 Azambuja (road),Road,SSP1-2.6,Baseline,2051,0.204,1028800.00,567000.00,1682600.00,14800000.00,8200000.00,24400000.00,,0.3619
A1 Azambuja (road),Road,SSP1-2.6,Baseline,2052,0.208,1063800.00,586400.00,1739600.00,16000000.00,8800000.00,26200000.00,,0.3742
A1 Azambuja (road),Road,SSP1-2.6,Baseline,2053,0.212,1099800.00,606200.00,1798600.00,17000000.00,9400000.00,28000000.00,,0.3869
A1 Azambuja (road),Road,SSP1-2.6,Baseline,2054,0.216,1137000.00,626800.00,1859600.00,18200000.00,10000000.00,29800000.00,,0.4
A1 Azambuja (road),Road,SSP1-2.6,Baseline,2055,0.22,1175600.00,648000.00,1922600.00,19400000.00,10600000.00,31600000.00,,0.4135
A1 Azambuja (road),Road,SSP1-2.6,Baseline,2056,0.224,1215400.00,669800.00,1987600.00,20600000.00,11400000.00,33600000.00,,0.4275
A1 Azambuja (road),Road,SSP1-2.6,Baseline,2057,0.228,1256400.00,692600.00,2054800.00,21800000.00,12000000.00,35800000.00,,0.442
A1 Azambuja (road),Road,SSP1-2.6,Baseline,2058,0.232,1298800.00,716000.00,2124200.00,23200000.00,12800000.00,37800000.00,,0.4569
A1 Azambuja (road),Road,SSP1-2.6,Baseline,2059,0.236,1342600.00,740000.00,2195800.00,24400000.00,13400000.00,40000000.00,,0.4723
A1 Azambuja (road),Road,SSP1-2.6,Baseline,2060,0.24,1388000.00,765000.00,2269800.00,25800000.00,14200000.00,42400000.00,,0.4882
A1 Azambuja (road),Road,SSP1-2.6,Baseline,2061,0.244,1434600.00,790800.00,2346200.00,27400000.00,15000000.00,44600000.00,,0.5047
A1 Azambuja (road),Road,SSP1-2.6,Baseline,2062,0.248,1482800.00,817400.00,2425200.00,28800000.00,15800000.00,47000000.00,,0.5216
A1 Azambuja (road),Road,SSP1-2.6,Baseline,2063,0.252,1532800.00,844800.00,2506800.00,30400000.00,16800000.00,49600000.00,,0.5392
A1 Azambuja (road),Road,SSP1-2.6,Baseline,2064,0.256,1584200.00,873200.00,2590800.00,32000000.00,17600000.00,52200000.00,,0.5573
A1 Azambuja (road),Road,SSP1-2.6,Baseline,2065,0.26,1637400.00,902600.00,2677800.00,33600000.00,18400000.00,54800000.00,,0.576
A1 Azambuja (road),Road,SSP1-2.6,Baseline,2066,0.264,1692200.00,932800.00,2767600.00,35200000.00,19400000.00,57600000.00,,0.5953
A1 Azambuja (road),Road,SSP1-2.6,Baseline,2067,0.268,1749000.00,964000.00,2860400.00,37000000.00,20400000.00,60400000.00,,0.6152
A1 Azambuja (road),Road,SSP1-2.6,Baseline,2068,0.272,1807400.00,996200.00,2956000.00,38800000.00,21400000.00,63400000.00,,0.6358
A1 Azambuja (road),Road,SSP1-2.6,Baseline,2069,0.276,1868000.00,1029600.00,3054800.00,40600000.00,22400000.00,66600000.00,,0.6571
A1 Azambuja (road),Road,SSP1-2.6,Baseline,2070,0.28,1930400.00,1064000.00,3157000.00,42600000.00,23400000.00,69600000.00,,0.679
A1 Azambuja (road),Road,SSP1-2.6,Baseline,2071,0.284,1994800.00,1099600.00,3262400.00,44600000.00,24600000.00,73000000.00,,0.7017
A1 Azambuja (road),Road,SSP1-2.6,Baseline,2072,0.288,2061400.00,1136200.00,3371200.00,46600000.00,25800000.00,76200000.00,,0.7251
A1 Azambuja (road),Road,SSP1-2.6,Baseline,2073,0.292,2130000.00,1174000.00,3483600.00,48800000.00,26800000.00,79800000.00,,0.7493
A1 Azambuja (road),Road,SSP1-2.6,Baseline,2074,0.296,2201000.00,1213200.00,3599600.00,51000000.00,28200000.00,83400000.00,,0.7742
A1 Azambuja (road),Road,SSP1-2.6,Baseline,2075,0.3,2274200.00,1253600.00,3719400.00,53200000.00,29400000.00,87000000.00,,0.8
A1 Azambuja (road),Road,SSP1-2.6,Baseline,2076,0.304,2349800.00,1295200.00,3843000.00,55600000.00,30600000.00,91000000.00,,0.8266
A1 Azambuja (road),Road,SSP1-2.6,Baseline,2077,0.308,2428000.00,1338200.00,3970800.00,58000000.00,32000000.00,95000000.00,,0.8541
A1 Azambuja (road),Road,SSP1-2.6,Baseline,2078,0.312,2508600.00,1382600.00,4102600.00,60600000.00,33400000.00,99000000.00,,0.8824
A1 Azambuja (road),Road,SSP1-2.6,Baseline,2079,0.316,2591800.00,1428600.00,4238800.00,63200000.00,34800000.00,103200000.00,,0.9117
A1 Azambuja (road),Road,SSP1-2.6,Baseline,2080,0.32,2677800.00,1476000.00,4379200.00,65800000.00,36200000.00,107600000.00,,0.9419
A1 Azambuja (road),Road,SSP1-2.6,Baseline,2081,0.324,2766400.00,1524800.00,4524400.00,68600000.00,37800000.00,112200000.00,,0.9731
A1 Azambuja (road),Road,SSP1-2.6,Baseline,2082,0.328,2858000.00,1575400.00,4674200.00,71400000.00,39400000.00,116800000.00,,1.0054
A1 Azambuja (road),Road,SSP1-2.6,Baseline,2083,0.332,2952600.00,1627400.00,4828800.00,74400000.00,41000000.00,121600000.00,,1.0386
A1 Azambuja (road),Road,SSP1-2.6,Baseline,2084,0.336,3050200.00,1681200.00,4988400.00,77400000.00,42600000.00,126600000.00,,1.0729
A1 Azambuja (road),Road,SSP1-2.6,Baseline,2085,0.34,3151000.00,1736800.00,5153200.00,80600000.00,44400000.00,131800000.00,,1.1084
A1 Azambuja (road),Road,SSP1-2.6,Baseline,2086,0.344,3255000.00,1794000.00,5323200.00,83800000.00,46200000.00,137200000.00,,1.145
A1 Azambuja (road),Road,SSP1-2.6,Baseline,2087,0.348,3362200.00,1853200.00,5498800.00,87200000.00,48000000.00,142600000.00,,1.1827
A1 Azambuja (road),Road,SSP1-2.6,Baseline,2088,0.352,3473200.00,1914400.00,5680200.00,90600000.00,50000000.00,148400000.00,,1.2217
A1 Azambuja (road),Road,SSP1-2.6,Baseline,2089,0.356,3587600.00,1977400.00,5867200.00,94200000.00,52000000.00,154200000.00,,1.262
A1 Azambuja (road),Road,SSP1-2.6,Baseline,2090,0.36,3705600.00,2042600.00,6060400.00,98000000.00,54000000.00,160200000.00,,1.3035
A1 Azambuja (road),Road,SSP1-2.6,Baseline,2091,0.364,3827600.00,2109800.00,6259800.00,101800000.00,56200000.00,166400000.00,,1.3464
A1 Azambuja (road),Road,SSP1-2.6,Baseline,2092,0.368,3953400.00,2179000.00,6465400.00,105800000.00,58200000.00,173000000.00,,1.3907
A1 Azambuja (road),Road,SSP1-2.6,Baseline,2093,0.372,4083200.00,2250600.00,6677800.00,109800000.00,60600000.00,179600000.00,,1.4363
A1 Azambuja (road),Road,SSP1-2.6,Baseline,2094,0.376,4217200.00,2324600.00,6897200.00,114000000.00,62800000.00,186600000.00,,1.4835
A1 Azambuja (road),Road,SSP1-2.6,Baseline,2095,0.38,4355600.00,2400800.00,7123400.00,118400000.00,65200000.00,193600000.00,,1.5322
A1 Azambuja (road),Road,SSP1-2.6,Baseline,2096,0.384,4498400.00,2479600.00,7357000.00,123000000.00,67800000.00,201000000.00,,1.5824
A1 Azambuja (road),Road,SSP1-2.6,Baseline,2097,0.388,4645800.00,2560800.00,7598000.00,127600000.00,70400000.00,208600000.00,,1.6343
A1 Azambuja (road),Road,SSP1-2.6,Baseline,2098,0.392,4798000.00,2644600.00,7846800.00,132400000.00,73000000.00,216400000.00,,1.6878
A1 Azambuja (road),Road,SSP1-2.6,Baseline,2099,0.396,4955000.00,2731200.00,8103600.00,137400000.00,75600000.00,224600000.00,,1.743
A1 Azambuja (road),Road,SSP1-2.6,Baseline,2100,0.4,5117000.00,2820400.00,8368600.00,142400000.00,78600000.00,233000000.00,,1.8
A1 Azambuja (road),Road,SSP1-2.6,+Geoid,2025,0.185,877600.00,483600.00,1435200.00,800000.00,400000.00,1400000.00,,0.3087
A1 Azambuja (road),Road,SSP1-2.6,+Geoid,2026,0.192,930600.00,513000.00,1521800.00,1800000.00,1000000.00,3000000.00,,0.3273
A1 Azambuja (road),Road,SSP1-2.6,+Geoid,2027,0.199,986600.00,543800.00,1613600.00,2800000.00,1600000.00,4600000.00,,0.3471
A1 Azambuja (road),Road,SSP1-2.6,+Geoid,2028,0.206,1046200.00,576600.00,1710800.00,3800000.00,2200000.00,6200000.00,,0.368
A1 Azambuja (road),Road,SSP1-2.6,+Geoid,2029,0.213,1109000.00,611200.00,1813800.00,5000000.00,2800000.00,8000000.00,,0.3901
A1 Azambuja (road),Road,SSP1-2.6,+Geoid,2030,0.22,1175600.00,648000.00,1922600.00,6200000.00,3400000.00,10000000.00,,0.4135
A1 Azambuja (road),Road,SSP1-2.6,+Geoid,2031,0.226,1235800.00,681200.00,2021000.00,7400000.00,4000000.00,12000000.00,,0.4347
A1 Azambuja (road),Road,SSP1-2.6,+Geoid,2032,0.232,1298800.00,716000.00,2124200.00,8600000.00,4800000.00,14200000.00,,0.4569
A1 Azambuja (road),Road,SSP1-2.6,+Geoid,2033,0.238,1365000.00,752400.00,2232600.00,10000000.00,5600000.00,16400000.00,,0.4802
A1 Azambuja (road),Road,SSP1-2.6,+Geoid,2034,0.244,1434600.00,790800.00,2346200.00,11400000.00,6400000.00,18800000.00,,0.5047
A1 Azambuja (road),Road,SSP1-2.6,+Geoid,2035,0.25,1507600.00,831000.00,2465600.00,13000000.00,7200000.00,21200000.00,,0.5303
A1 Azambuja (road),Road,SSP1-2.6,+Geoid,2036,0.256,1584200.00,873200.00,2590800.00,14600000.00,8000000.00,23800000.00,,0.5573
A1 Azambuja (road),Road,SSP1-2.6,+Geoid,2037,0.262,1664600.00,917600.00,2722400.00,16200000.00,9000000.00,26600000.00,,0.5855
A1 Azambuja (road),Road,SSP1-2.6,+Geoid,2038,0.268,1749000.00,964000.00,2860400.00,18000000.00,10000000.00,29400000.00,,0.6152
A1 Azambuja (road),Road,SSP1-2.6,+Geoid,2039,0.274,1837400.00,1012800.00,3005000.00,19800000.00,11000000.00,32400000.00,,0.6464
A1 Azambuja (road),Road,SSP1-2.6,+Geoid,2040,0.28,1930400.00,1064000.00,3157000.00,21800000.00,12000000.00,35600000.00,,0.679
A1 Azambuja (road),Road,SSP1-2.6,+Geoid,2041,0.287,2044400.00,1127000.00,3343600.00,23800000.00,13200000.00,38800000.00,,0.7192
A1 Azambuja (road),Road,SSP1-2.6,+Geoid,2042,0.294,2165200.00,1193400.00,3541200.00,26000000.00,14200000.00,42400000.00,,0.7617
A1 Azambuja (road),Road,SSP1-2.6,+Geoid,2043,0.301,2293000.00,1263800.00,3750000.00,28200000.00,15600000.00,46200000.00,,0.8066
A1 Azambuja (road),Road,SSP1-2.6,+Geoid,2044,0.308,2428000.00,1338200.00,3970800.00,30600000.00,17000000.00,50200000.00,,0.8541
A1 Azambuja (road),Road,SSP1-2.6,+Geoid,2045,0.315,2570800.00,1417000.00,4204200.00,33200000.00,18400000.00,54400000.00,,0.9043
A1 Azambuja (road),Road,SSP1-2.6,+Geoid,2046,0.322,2721800.00,1500200.00,4451200.00,36000000.00,19800000.00,58800000.00,,0.9574
A1 Azambuja (road),Road,SSP1-2.6,+Geoid,2047,0.329,2881400.00,1588200.00,4712400.00,38800000.00,21400000.00,63600000.00,,1.0136
A1 Azambuja (road),Road,SSP1-2.6,+Geoid,2048,0.336,3050200.00,1681200.00,4988400.00,41800000.00,23000000.00,68600000.00,,1.0729
A1 Azambuja (road),Road,SSP1-2.6,+Geoid,2049,0.343,3228600.00,1779600.00,5280200.00,45200000.00,24800000.00,73800000.00,,1.1357
A1 Azambuja (road),Road,SSP1-2.6,+Geoid,2050,0.35,3417200.00,1883600.00,5588800.00,48600000.00,26800000.00,79400000.00,,1.2021
A1 Azambuja (road),Road,SSP1-2.6,+Geoid,2051,0.354,3529800.00,1945600.00,5773000.00,52000000.00,28600000.00,85200000.00,,1.2417
A1 Azambuja (road),Road,SSP1-2.6,+Geoid,2052,0.358,3646200.00,2009800.00,5963000.00,55800000.00,30800000.00,91200000.00,,1.2826
A1 Azambuja (road),Road,SSP1-2.6,+Geoid,2053,0.362,3766000.00,2075800.00,6159200.00,59400000.00,32800000.00,97200000.00,,1.3248
A1 Azambuja (road),Road,SSP1-2.6,+Geoid,2054,0.366,3890000.00,2144200.00,6361800.00,63400000.00,35000000.00,103600000.00,,1.3684
A1 Azambuja (road),Road,SSP1-2.6,+Geoid,2055,0.37,4017800.00,2214600.00,6570800.00,67400000.00,37200000.00,110200000.00,,1.4133
A1 Azambuja (road),Road,SSP1-2.6,+Geoid,2056,0.374,4149800.00,2287200.00,6786600.00,71600000.00,39400000.00,117000000.00,,1.4597
A1 Azambuja (road),Road,SSP1-2.6,+Geoid,2057,0.378,4286000.00,2362400.00,7009400.00,75800000.00,41800000.00,124000000.00,,1.5076
A1 Azambuja (road),Road,SSP1-2.6,+Geoid,2058,0.382,4426400.00,2439800.00,7239200.00,80200000.00,44200000.00,131200000.00,,1.5571
A1 Azambuja (road),Road,SSP1-2.6,+Geoid,2059,0.386,4571600.00,2519800.00,7476600.00,84800000.00,46800000.00,138800000.00,,1.6081
A1 Azambuja (road),Road,SSP1-2.6,+Geoid,2060,0.39,4721400.00,2602400.00,7721400.00,89600000.00,49400000.00,146400000.00,,1.6608
A1 Azambuja (road),Road,SSP1-2.6,+Geoid,2061,0.394,4875800.00,2687600.00,7974200.00,94400000.00,52000000.00,154400000.00,,1.7152
A1 Azambuja (road),Road,SSP1-2.6,+Geoid,2062,0.398,5035400.00,2775400.00,8235000.00,99400000.00,54800000.00,162600000.00,,1.7713
A1 Azambuja (road),Road,SSP1-2.6,+Geoid,2063,0.402,5200000.00,2866200.00,8504200.00,104600000.00,57600000.00,171200000.00,,1.8292
A1 Azambuja (road),Road,SSP1-2.6,+Geoid,2064,0.406,5369800.00,2959800.00,8782200.00,110000000.00,60600000.00,180000000.00,,1.8889
A1 Azambuja (road),Road,SSP1-2.6,+Geoid,2065,0.41,5545200.00,3056400.00,9069000.00,115600000.00,63600000.00,189000000.00,,1.9506
A1 Azambuja (road),Road,SSP1-2.6,+Geoid,2066,0.414,5726200.00,3156200.00,9364800.00,121200000.00,66800000.00,198400000.00,,2.0143
A1 Azambuja (road),Road,SSP1-2.6,+Geoid,2067,0.418,5913000.00,3259200.00,9670200.00,127200000.00,70200000.00,208000000.00,,2.08
A1 Azambuja (road),Road,SSP1-2.6,+Geoid,2068,0.422,6105600.00,3365400.00,9985400.00,133400000.00,73400000.00,218000000.00,,2.1478
A1 Azambuja (road),Road,SSP1-2.6,+Geoid,2069,0.426,6304600.00,3475000.00,10310800.00,139600000.00,77000000.00,228400000.00,,2.2177
A1 Azambuja (road),Road,SSP1-2.6,+Geoid,2070,0.43,6509800.00,3588200.00,10646400.00,146200000.00,80600000.00,239000000.00,,2.2899
A1 Azambuja (road),Road,SSP1-2.6,+Geoid,2071,0.434,6721600.00,3704800.00,10992800.00,152800000.00,84200000.00,250000000.00,,2.3644
A1 Azambuja (road),Road,SSP1-2.6,+Geoid,2072,0.438,6940200.00,3825400.00,11350200.00,159800000.00,88000000.00,261400000.00,,2.4413
A1 Azambuja (road),Road,SSP1-2.6,+Geoid,2073,0.442,7165600.00,3949600.00,11719200.00,167000000.00,92000000.00,273000000.00,,2.5207
A1 Azambuja (road),Road,SSP1-2.6,+Geoid,2074,0.446,7398400.00,4078000.00,12099800.00,174400000.00,96200000.00,285200000.00,,2.6025
A1 Azambuja (road),Road,SSP1-2.6,+Geoid,2075,0.45,7638600.00,4210400.00,12492600.00,182000000.00,100400000.00,297600000.00,,2.687
A1 Azambuja (road),Road,SSP1-2.6,+Geoid,2076,0.454,7886400.00,4347000.00,12897800.00,189800000.00,104600000.00,310600000.00,,2.7742
A1 Azambuja (road),Road,SSP1-2.6,+Geoid,2077,0.458,8142200.00,4487800.00,13316000.00,198000000.00,109200000.00,323800000.00,,2.8641
A1 Azambuja (road),Road,SSP1-2.6,+Geoid,2078,0.462,8406000.00,4633400.00,13747600.00,206400000.00,113800000.00,337600000.00,,2.9569
A1 Azambuja (road),Road,SSP1-2.6,+Geoid,2079,0.466,8678200.00,4783400.00,14192800.00,215200000.00,118600000.00,351800000.00,,3.0527
A1 Azambuja (road),Road,SSP1-2.6,+Geoid,2080,0.47,8959200.00,4938200.00,14652200.00,224000000.00,123600000.00,366400000.00,,3.1515
A1 Azambuja (road),Road,SSP1-2.6,+Geoid,2081,0.474,9249000.00,5098000.00,15126200.00,233400000.00,128600000.00,381600000.00,,3.2535
A1 Azambuja (road),Road,SSP1-2.6,+Geoid,2082,0.478,9548200.00,5262800.00,15615400.00,242800000.00,133800000.00,397200000.00,,3.3587
A1 Azambuja (road),Road,SSP1-2.6,+Geoid,2083,0.482,9856600.00,5433000.00,16120000.00,252800000.00,139200000.00,413200000.00,,3.4673
A1 Azambuja (road),Road,SSP1-2.6,+Geoid,2084,0.486,10175000.00,5608400.00,16640800.00,262800000.00,145000000.00,430000000.00,,3.5793
A1 Azambuja (road),Road,SSP1-2.6,+Geoid,2085,0.49,10503600.00,5789400.00,17178000.00,273400000.00,150600000.00,447200000.00,,3.6948
A1 Azambuja (road),Road,SSP1-2.6,+Geoid,2086,0.494,10842400.00,5976400.00,17732400.00,284200000.00,156600000.00,464800000.00,,3.814
A1 Azambuja (road),Road,SSP1-2.6,+Geoid,2087,0.498,11192200.00,6169000.00,18304200.00,295400000.00,162800000.00,483200000.00,,3.937
A1 Azambuja (road),Road,SSP1-2.6,+Geoid,2088,0.502,11553000.00,6368000.00,18894200.00,307000000.00,169200000.00,502000000.00,,4.0639
A1 Azambuja (road),Road,SSP1-2.6,+Geoid,2089,0.506,11925200.00,6573000.00,19503000.00,319000000.00,175800000.00,521600000.00,,4.1949
A1 Azambuja (road),Road,SSP1-2.6,+Geoid,2090,0.51,12309200.00,6784800.00,20131000.00,331200000.00,182600000.00,541600000.00,,4.33
A1 Azambuja (road),Road,SSP1-2.6,+Geoid,2091,0.514,12705400.00,7003000.00,20779000.00,344000000.00,189600000.00,562400000.00,,4.4693
A1 Azambuja (road),Road,SSP1-2.6,+Geoid,2092,0.518,13114000.00,7228400.00,21447400.00,357000000.00,196800000.00,584000000.00,,4.6131
A1 Azambuja (road),Road,SSP1-2.6,+Geoid,2093,0.522,13535800.00,7460800.00,22137000.00,370600000.00,204200000.00,606000000.00,,4.7614
A1 Azambuja (road),Road,SSP1-2.6,+Geoid,2094,0.526,13970800.00,7700600.00,22848400.00,384600000.00,212000000.00,628800000.00,,4.9145
A1 Azambuja (road),Road,SSP1-2.6,+Geoid,2095,0.53,14419600.00,7948000.00,23582400.00,399000000.00,220000000.00,652400000.00,,5.0723
A1 Azambuja (road),Road,SSP1-2.6,+Geoid,2096,0.534,14882400.00,8203200.00,24339600.00,413800000.00,228200000.00,676800000.00,,5.2352
A1 Azambuja (road),Road,SSP1-2.6,+Geoid,2097,0.538,15360000.00,8466400.00,25120600.00,429200000.00,236600000.00,702000000.00,,5.4032
A1 Azambuja (road),Road,SSP1-2.6,+Geoid,2098,0.542,15852800.00,8738000.00,25926400.00,445000000.00,245400000.00,727800000.00,,5.5765
A1 Azambuja (road),Road,SSP1-2.6,+Geoid,2099,0.546,16361000.00,9018000.00,26757600.00,461400000.00,254400000.00,754600000.00,,5.7553
A1 Azambuja (road),Road,SSP1-2.6,+Geoid,2100,0.55,16885400.00,9307000.00,27615000.00,478400000.00,263600000.00,782200000.00,,5.9397
A1 Azambuja (road),Road,SSP2-4.5,Baseline,2025,0.05,276400.00,152400.00,452000.00,200000.00,200000.00,400000.00,,0.0972
A1 Azambuja (road),Road,SSP2-4.5,Baseline,2026,0.06,301600.00,166200.00,493200.00,600000.00,400000.00,1000000.00,,0.1061
A1 Azambuja (road),Road,SSP2-4.5,Baseline,2027,0.07,329000.00,181400.00,538200.00,1000000.00,400000.00,1400000.00,,0.1157
A1 Azambuja (road),Road,SSP2-4.5,Baseline,2028,0.08,358800.00,197800.00,586800.00,1200000.00,600000.00,2000000.00,,0.1262
A1 Azambuja (road),Road,SSP2-4.5,Baseline,2029,0.09,391200.00,215600.00,639800.00,1600000.00,1000000.00,2800000.00,,0.1376
A1 Azambuja (road),Road,SSP2-4.5,Baseline,2030,0.1,426400.00,235000.00,697400.00,2000000.00,1200000.00,3400000.00,,0.15
A1 Azambuja (road),Road,SSP2-4.5,Baseline,2031,0.11,464600.00,256200.00,759800.00,2600000.00,1400000.00,4200000.00,,0.1634
A1 Azambuja (road),Road,SSP2-4.5,Baseline,2032,0.12,506200.00,279000.00,827800.00,3000000.00,1600000.00,5000000.00,,0.178
A1 Azambuja (road),Road,SSP2-4.5,Baseline,2033,0.13,551200.00,303800.00,901600.00,3600000.00,2000000.00,5800000.00,,0.1939
A1 Azambuja (road),Road,SSP2-4.5,Baseline,2034,0.14,600200.00,330800.00,981600.00,4200000.00,2400000.00,6800000.00,,0.2111
A1 Azambuja (road),Road,SSP2-4.5,Baseline,2035,0.15,653400.00,360000.00,1068400.00,4800000.00,2600000.00,8000000.00,,0.2298
A1 Azambuja (road),Road,SSP2-4.5,Baseline,2036,0.16,711000.00,391800.00,1162800.00,5600000.00,3000000.00,9200000.00,,0.2501
A1 Azambuja (road),Road,SSP2-4.5,Baseline,2037,0.17,773600.00,426400.00,1265000.00,6400000.00,3400000.00,10400000.00,,0.2721
A1 Azambuja (road),Road,SSP2-4.5,Baseline,2038,0.18,841400.00,463800.00,1376200.00,7200000.00,4000000.00,11800000.00,,0.296
A1 Azambuja (road),Road,SSP2-4.5,Baseline,2039,0.19,915000.00,504400.00,1496600.00,8200000.00,4400000.00,13200000.00,,0.3219
A1 Azambuja (road),Road,SSP2-4.5,Baseline,2040,0.2,995000.00,548400.00,1627200.00,9000000.00,5000000.00,14800000.00,,0.35
A1 Azambuja (road),Road,SSP2-4.5,Baseline,2041,0.21,1081600.00,596200.00,1769000.00,10200000.00,5600000.00,16600000.00,,0.3805
A1 Azambuja (road),Road,SSP2-4.5,Baseline,2042,0.22,1175600.00,648000.00,1922600.00,11400000.00,6200000.00,18600000.00,,0.4135
A1 Azambuja (road),Road,SSP2-4.5,Baseline,2043,0.23,1277400.00,704200.00,2089200.00,12600000.00,7000000.00,20600000.00,,0.4494
A1 Azambuja (road),Road,SSP2-4.5,Baseline,2044,0.24,1388000.00,765000.00,2269800.00,14000000.00,7800000.00,23000000.00,,0.4882
A1 Azambuja (road),Road,SSP2-4.5,Baseline,2045,0.25,1507600.00,831000.00,2465600.00,15600000.00,8600000.00,25400000.00,,0.5303
A1 Azambuja (road),Road,SSP2-4.5,Baseline,2046,0.26,1637400.00,902600.00,2677800.00,17200000.00,9400000.00,28000000.00,,0.576
A1 Azambuja (road),Road,SSP2-4.5,Baseline,2047,0.27,1778000.00,980000.00,2907800.00,19000000.00,10400000.00,31000000.00,,0.6254
A1 Azambuja (road),Road,SSP2-4.5,Baseline,2048,0.28,1930400.00,1064000.00,3157000.00,20800000.00,11600000.00,34200000.00,,0.679
A1 Azambuja (road),Road,SSP2-4.5,Baseline,2049,0.29,2095400.00,1155000.00,3427000.00,23000000.00,12600000.00,37600000.00,,0.7371
A1 Azambuja (road),Road,SSP2-4.5,Baseline,2050,0.3,2274200.00,1253600.00,3719400.00,25200000.00,14000000.00,41200000.00,,0.8
A1 Azambuja (road),Road,SSP2-4.5,Baseline,2051,0.306,2388600.00,1316600.00,3906400.00,27600000.00,15200000.00,45200000.00,,0.8402
A1 Azambuja (road),Road,SSP2-4.5,Baseline,2052,0.312,2508600.00,1382600.00,4102600.00,30200000.00,16600000.00,49200000.00,,0.8824
A1 Azambuja (road),Road,SSP2-4.5,Baseline,2053,0.318,2634400.00,1452000.00,4308400.00,32800000.00,18000000.00,53600000.00,,0.9267
A1 Azambuja (road),Road,SSP2-4.5,Baseline,2054,0.324,2766400.00,1524800.00,4524400.00,35600000.00,19600000.00,58200000.00,,0.9731
A1 Azambuja (road),Road,SSP2-4.5,Baseline,2055,0.33,2905000.00,1601200.00,4750800.00,38400000.00,21200000.00,62800000.00,,1.0218
A1 Azambuja (road),Road,SSP2-4.5,Baseline,2056,0.336,3050200.00,1681200.00,4988400.00,41400000.00,22800000.00,67800000.00,,1.0729
A1 Azambuja (road),Road,SSP2-4.5,Baseline,2057,0.342,3202600.00,1765200.00,5237600.00,44600000.00,24600000.00,73000000.00,,1.1265
A1 Azambuja (road),Road,SSP2-4.5,Baseline,2058,0.348,3362200.00,1853200.00,5498800.00,48000000.00,26400000.00,78600000.00,,1.1827
A1 Azambuja (road),Road,SSP2-4.5,Baseline,2059,0.354,3529800.00,1945600.00,5773000.00,51600000.00,28400000.00,84400000.00,,1.2417
A1 Azambuja (road),Road,SSP2-4.5,Baseline,2060,0.36,3705600.00,2042600.00,6060400.00,55200000.00,30400000.00,90400000.00,,1.3035
A1 Azambuja (road),Road,SSP2-4.5,Baseline,2061,0.366,3890000.00,2144200.00,6361800.00,59200000.00,32600000.00,96800000.00,,1.3684
A1 Azambuja (road),Road,SSP2-4.5,Baseline,2062,0.372,4083200.00,2250600.00,6677800.00,63200000.00,34800000.00,103400000.00,,1.4363
A1 Azambuja (road),Road,SSP2-4.5,Baseline,2063,0.378,4286000.00,2362400.00,7009400.00,67600000.00,37200000.00,110400000.00,,1.5076
A1 Azambuja (road),Road,SSP2-4.5,Baseline,2064,0.384,4498400.00,2479600.00,7357000.00,72000000.00,39800000.00,117800000.00,,1.5824
A1 Azambuja (road),Road,SSP2-4.5,Baseline,2065,0.39,4721400.00,2602400.00,7721400.00,76800000.00,42400000.00,125600000.00,,1.6608
A1 Azambuja (road),Road,SSP2-4.5,Baseline,2066,0.396,4955000.00,2731200.00,8103600.00,81800000.00,45000000.00,133600000.00,,1.743
A1 Azambuja (road),Road,SSP2-4.5,Baseline,2067,0.402,5200000.00,2866200.00,8504200.00,87000000.00,48000000.00,142200000.00,,1.8292
A1 Azambuja (road),Road,SSP2-4.5,Baseline,2068,0.408,5456800.00,3007800.00,8924400.00,92400000.00,51000000.00,151000000.00,,1.9195
A1 Azambuja (road),Road,SSP2-4.5,Baseline,2069,0.414,5726200.00,3156200.00,9364800.00,98200000.00,54000000.00,160400000.00,,2.0143
A1 Azambuja (road),Road,SSP2-4.5,Baseline,2070,0.42,6008600.00,3311800.00,9826600.00,104200000.00,57400000.00,170200000.00,,2.1136
A1 Azambuja (road),Road,SSP2-4.5,Baseline,2071,0.426,6304600.00,3475000.00,10310800.00,110400000.00,60800000.00,180600000.00,,2.2177
A1 Azambuja (road),Road,SSP2-4.5,Baseline,2072,0.432,6614800.00,3646000.00,10818200.00,117000000.00,64600000.00,191400000.00,,2.3269
A1 Azambuja (road),Road,SSP2-4.5,Baseline,2073,0.438,6940200.00,3825400.00,11350200.00,124000000.00,68400000.00,202800000.00,,2.4413
A1 Azambuja (road),Road,SSP2-4.5,Baseline,2074,0.444,7281200.00,4013400.00,11908000.00,131200000.00,72400000.00,214600000.00,,2.5613
A1 Azambuja (road),Road,SSP2-4.5,Baseline,2075,0.45,7638600.00,4210400.00,12492600.00,138800000.00,76600000.00,227200000.00,,2.687
A1 Azambuja (road),Road,SSP2-4.5,Baseline,2076,0.456,8013200.00,4416800.00,13105200.00,147000000.00,81000000.00,240200000.00,,2.8188
A1 Azambuja (road),Road,SSP2-4.5,Baseline,2077,0.462,8406000.00,4633400.00,13747600.00,155400000.00,85600000.00,254000000.00,,2.9569
A1 Azambuja (road),Road,SSP2-4.5,Baseline,2078,0.468,8817600.00,4860200.00,14420800.00,164200000.00,90400000.00,268400000.00,,3.1017
A1 Azambuja (road),Road,SSP2-4.5,Baseline,2079,0.474,9249000.00,5098000.00,15126200.00,173400000.00,95600000.00,283600000.00,,3.2535
A1 Azambuja (road),Road,SSP2-4.5,Baseline,2080,0.48,9701200.00,5347200.00,15865800.00,183000000.00,101000000.00,299400000.00,,3.4126
A1 Azambuja (road),Road,SSP2-4.5,Baseline,2081,0.486,10175000.00,5608400.00,16640800.00,193200000.00,106600000.00,316000000.00,,3.5793
A1 Azambuja (road),Road,SSP2-4.5,Baseline,2082,0.492,10671800.00,5882200.00,17453000.00,204000000.00,112400000.00,333600000.00,,3.754
A1 Azambuja (road),Road,SSP2-4.5,Baseline,2083,0.498,11192200.00,6169000.00,18304200.00,215200000.00,118600000.00,351800000.00,,3.937
A1 Azambuja (road),Road,SSP2-4.5,Baseline,2084,0.504,11737600.00,6469600.00,19196200.00,226800000.00,125000000.00,371000000.00,,4.1289
A1 Azambuja (road),Road,SSP2-4.5,Baseline,2085,0.51,12309200.00,6784800.00,20131000.00,239200000.00,131800000.00,391200000.00,,4.33
A1 Azambuja (road),Road,SSP2-4.5,Baseline,2086,0.516,12908200.00,7114800.00,21110600.00,252000000.00,139000000.00,412200000.00,,4.5407
A1 Azambuja (road),Road,SSP2-4.5,Baseline,2087,0.522,13535800.00,7460800.00,22137000.00,265600000.00,146400000.00,434400000.00,,4.7614
A1 Azambuja (road),Road,SSP2-4.5,Baseline,2088,0.528,14193400.00,7823200.00,23212600.00,279800000.00,154200000.00,457600000.00,,4.9928
A1 Azambuja (road),Road,SSP2-4.5,Baseline,2089,0.534,14882400.00,8203200.00,24339600.00,294600000.00,162400000.00,482000000.00,,5.2352
A1 Azambuja (road),Road,SSP2-4.5,Baseline,2090,0.54,15604600.00,8601000.00,25520400.00,310200000.00,171000000.00,507400000.00,,5.4892
A1 Azambuja (road),Road,SSP2-4.5,Baseline,2091,0.546,16361000.00,9018000.00,26757600.00,326600000.00,180000000.00,534200000.00,,5.7553
A1 Azambuja (road),Road,SSP2-4.5,Baseline,2092,0.552,17153600.00,9455000.00,28053800.00,343800000.00,189600000.00,562200000.00,,6.0341
A1 Azambuja (road),Road,SSP2-4.5,Baseline,2093,0.558,17984000.00,9912600.00,29412000.00,361800000.00,199400000.00,591600000.00,,6.3262
A1 Azambuja (road),Road,SSP2-4.5,Baseline,2094,0.564,18854000.00,10392200.00,30834800.00,380600000.00,209800000.00,622600000.00,,6.6322
A1 Azambuja (road),Road,SSP2-4.5,Baseline,2095,0.57,19765600.00,10894600.00,32325600.00,400400000.00,220800000.00,654800000.00,,6.9529
A1 Azambuja (road),Road,SSP2-4.5,Baseline,2096,0.576,20720400.00,11421000.00,33887200.00,421200000.00,232200000.00,688800000.00,,7.2888
A1 Azambuja (road),Road,SSP2-4.5,Baseline,2097,0.582,21720800.00,11972400.00,35523200.00,442800000.00,244000000.00,724200000.00,,7.6407
A1 Azambuja (road),Road,SSP2-4.5,Baseline,2098,0.588,22768800.00,12550000.00,37237200.00,465600000.00,256600000.00,761600000.00,,8.0093
A1 Azambuja (road),Road,SSP2-4.5,Baseline,2099,0.594,23866600.00,13155000.00,39032600.00,489400000.00,269800000.00,800600000.00,,8.3955
A1 Azambuja (road),Road,SSP2-4.5,Baseline,2100,0.6,25016600.00,13789000.00,40913200.00,514600000.00,283600000.00,841400000.00,,8.8
A1 Azambuja (road),Road,SSP2-4.5,+Geoid,2025,0.2,995000.00,548400.00,1627200.00,1000000.00,600000.00,1600000.00,,0.35
A1 Azambuja (road),Road,SSP2-4.5,+Geoid,2026,0.21,1081600.00,596200.00,1769000.00,2000000.00,1200000.00,3400000.00,,0.3805
A1 Azambuja (road),Road,SSP2-4.5,+Geoid,2027,0.22,1175600.00,648000.00,1922600.00,3200000.00,1800000.00,5400000.00,,0.4135
A1 Azambuja (road),Road,SSP2-4.5,+Geoid,2028,0.23,1277400.00,704200.00,2089200.00,4600000.00,2400000.00,7400000.00,,0.4494
A1 Azambuja (road),Road,SSP2-4.5,+Geoid,2029,0.24,1388000.00,765000.00,2269800.00,6000000.00,3200000.00,9600000.00,,0.4882
A1 Azambuja (road),Road,SSP2-4.5,+Geoid,2030,0.25,1507600.00,831000.00,2465600.00,7400000.00,4000000.00,12200000.00,,0.5303
A1 Azambuja (road),Road,SSP2-4.5,+Geoid,2031,0.26,1637400.00,902600.00,2677800.00,9000000.00,5000000.00,14800000.00,,0.576
A1 Azambuja (road),Road,SSP2-4.5,+Geoid,2032,0.27,1778000.00,980000.00,2907800.00,10800000.00,6000000.00,17800000.00,,0.6254
A1 Azambuja (road),Road,SSP2-4.5,+Geoid,2033,0.28,1930400.00,1064000.00,3157000.00,12800000.00,7000000.00,20800000.00,,0.679
A1 Azambuja (road),Road,SSP2-4.5,+Geoid,2034,0.29,2095400.00,1155000.00,3427000.00,14800000.00,8200000.00,24400000.00,,0.7371
A1 Azambuja (road),Road,SSP2-4.5,+Geoid,2035,0.3,2274200.00,1253600.00,3719400.00,17200000.00,9400000.00,28000000.00,,0.8
A1 Azambuja (road),Road,SSP2-4.5,+Geoid,2036,0.31,2468000.00,1360400.00,4036200.00,19600000.00,10800000.00,32000000.00,,0.8681
A1 Azambuja (road),Road,SSP2-4.5,+Geoid,2037,0.32,2677800.00,1476000.00,4379200.00,22200000.00,12200000.00,36400000.00,,0.9419
A1 Azambuja (road),Road,SSP2-4.5,+Geoid,2038,0.33,2905000.00,1601200.00,4750800.00,25200000.00,13800000.00,41200000.00,,1.0218
A1 Azambuja (road),Road,SSP2-4.5,+Geoid,2039,0.34,3151000.00,1736800.00,5153200.00,28400000.00,15600000.00,46400000.00,,1.1084
A1 Azambuja (road),Road,SSP2-4.5,+Geoid,2040,0.35,3417200.00,1883600.00,5588800.00,31800000.00,17600000.00,52000000.00,,1.2021
A1 Azambuja (road),Road,SSP2-4.5,+Geoid,2041,0.36,3705600.00,2042600.00,6060400.00,35400000.00,19600000.00,58000000.00,,1.3035
A1 Azambuja (road),Road,SSP2-4.5,+Geoid,2042,0.37,4017800.00,2214600.00,6570800.00,39400000.00,21800000.00,64600000.00,,1.4133
A1 Azambuja (road),Road,SSP2-4.5,+Geoid,2043,0.38,4355600.00,2400800.00,7123400.00,43800000.00,24200000.00,71600000.00,,1.5322
A1 Azambuja (road),Road,SSP2-4.5,+Geoid,2044,0.39,4721400.00,2602400.00,7721400.00,48600000.00,26800000.00,79400000.00,,1.6608
A1 Azambuja (road),Road,SSP2-4.5,+Geoid,2045,0.4,5117000.00,2820400.00,8368600.00,53600000.00,29600000.00,87800000.00,,1.8
A1 Azambuja (road),Road,SSP2-4.5,+Geoid,2046,0.41,5545200.00,3056400.00,9069000.00,59200000.00,32600000.00,96800000.00,,1.9506
A1 Azambuja (road),Road,SSP2-4.5,+Geoid,2047,0.42,6008600.00,3311800.00,9826600.00,65200000.00,36000000.00,106600000.00,,2.1136
A1 Azambuja (road),Road,SSP2-4.5,+Geoid,2048,0.43,6509800.00,3588200.00,10646400.00,71800000.00,39600000.00,117400000.00,,2.2899
A1 Azambuja (road),Road,SSP2-4.5,+Geoid,2049,0.44,7052000.00,3887000.00,11533200.00,78800000.00,43400000.00,128800000.00,,2.4807
A1 Azambuja (road),Road,SSP2-4.5,+Geoid,2050,0.45,7638600.00,4210400.00,12492600.00,86400000.00,47600000.00,141400000.00,,2.687
A1 Azambuja (road),Road,SSP2-4.5,+Geoid,2051,0.456,8013200.00,4416800.00,13105200.00,94400000.00,52000000.00,154400000.00,,2.8188
A1 Azambuja (road),Road,SSP2-4.5,+Geoid,2052,0.462,8406000.00,4633400.00,13747600.00,102800000.00,56600000.00,168200000.00,,2.9569
A1 Azambuja (road),Road,SSP2-4.5,+Geoid,2053,0.468,8817600.00,4860200.00,14420800.00,111600000.00,61600000.00,182600000.00,,3.1017
A1 Azambuja (road),Road,SSP2-4.5,+Geoid,2054,0.474,9249000.00,5098000.00,15126200.00,121000000.00,66600000.00,197800000.00,,3.2535
A1 Azambuja (road),Road,SSP2-4.5,+Geoid,2055,0.48,9701200.00,5347200.00,15865800.00,130600000.00,72000000.00,213600000.00,,3.4126
A1 Azambuja (road),Road,SSP2-4.5,+Geoid,2056,0.486,10175000.00,5608400.00,16640800.00,140800000.00,77600000.00,230200000.00,,3.5793
A1 Azambuja (road),Road,SSP2-4.5,+Geoid,2057,0.492,10671800.00,5882200.00,17453000.00,151400000.00,83400000.00,247800000.00,,3.754
A1 Azambuja (road),Road,SSP2-4.5,+Geoid,2058,0.498,11192200.00,6169000.00,18304200.00,162600000.00,89600000.00,266000000.00,,3.937
A1 Azambuja (road),Road,SSP2-4.5,+Geoid,2059,0.504,11737600.00,6469600.00,19196200.00,174400000.00,96200000.00,285200000.00,,4.1289
A1 Azambuja (road),Road,SSP2-4.5,+Geoid,2060,0.51,12309200.00,6784800.00,20131000.00,186800000.00,103000000.00,305400000.00,,4.33
A1 Azambuja (road),Road,SSP2-4.5,+Geoid,2061,0.516,12908200.00,7114800.00,21110600.00,199600000.00,110000000.00,326400000.00,,4.5407
A1 Azambuja (road),Road,SSP2-4.5,+Geoid,2062,0.522,13535800.00,7460800.00,22137000.00,213200000.00,117400000.00,348600000.00,,4.7614
A1 Azambuja (road),Road,SSP2-4.5,+Geoid,2063,0.528,14193400.00,7823200.00,23212600.00,227400000.00,125400000.00,371800000.00,,4.9928
A1 Azambuja (road),Road,SSP2-4.5,+Geoid,2064,0.534,14882400.00,8203200.00,24339600.00,242200000.00,133600000.00,396200000.00,,5.2352
A1 Azambuja (road),Road,SSP2-4.5,+Geoid,2065,0.54,15604600.00,8601000.00,25520400.00,257800000.00,142200000.00,421600000.00,,5.4892
A1 Azambuja (road),Road,SSP2-4.5,+Geoid,2066,0.546,16361000.00,9018000.00,26757600.00,274200000.00,151200000.00,448400000.00,,5.7553
A1 Azambuja (road),Road,SSP2-4.5,+Geoid,2067,0.552,17153600.00,9455000.00,28053800.00,291400000.00,160600000.00,476400000.00,,6.0341
A1 Azambuja (road),Road,SSP2-4.5,+Geoid,2068,0.558,17984000.00,9912600.00,29412000.00,309400000.00,170400000.00,505800000.00,,6.3262
A1 Azambuja (road),Road,SSP2-4.5,+Geoid,2069,0.564,18854000.00,10392200.00,30834800.00,328200000.00,180800000.00,536800000.00,,6.6322
A1 Azambuja (road),Road,SSP2-4.5,+Geoid,2070,0.57,19765600.00,10894600.00,32325600.00,348000000.00,191800000.00,569000000.00,,6.9529
A1 Azambuja (road),Road,SSP2-4.5,+Geoid,2071,0.576,20720400.00,11421000.00,33887200.00,368600000.00,203200000.00,603000000.00,,7.2888
A1 Azambuja (road),Road,SSP2-4.5,+Geoid,2072,0.582,21720800.00,11972400.00,35523200.00,390400000.00,215200000.00,638400000.00,,7.6407
A1 Azambuja (road),Road,SSP2-4.5,+Geoid,2073,0.588,22768800.00,12550000.00,37237200.00,413200000.00,227800000.00,675600000.00,,8.0093
A1 Azambuja (road),Road,SSP2-4.5,+Geoid,2074,0.594,23866600.00,13155000.00,39032600.00,437000000.00,240800000.00,714800000.00,,8.3955
A1 Azambuja (road),Road,SSP2-4.5,+Geoid,2075,0.6,25016600.00,13789000.00,40913200.00,462000000.00,254600000.00,755600000.00,,8.8
A1 Azambuja (road),Road,SSP2-4.5,+Geoid,2076,0.606,26221200.00,14453000.00,42883400.00,488200000.00,269200000.00,798600000.00,,9.2237
A1 Azambuja (road),Road,SSP2-4.5,+Geoid,2077,0.612,27483000.00,15148400.00,44946800.00,515800000.00,284200000.00,843400000.00,,9.6676
A1 Azambuja (road),Road,SSP2-4.5,+Geoid,2078,0.618,28804600.00,15876800.00,47108400.00,544600000.00,300200000.00,890600000.00,,10.1325
A1 Azambuja (road),Road,SSP2-4.5,+Geoid,2079,0.624,30189000.00,16640000.00,49372400.00,574800000.00,316800000.00,940000000.00,,10.6195
A1 Azambuja (road),Road,SSP2-4.5,+Geoid,2080,0.63,31639000.00,17439200.00,51743800.00,606400000.00,334200000.00,991600000.00,,11.1295
A1 Azambuja (road),Road,SSP2-4.5,+Geoid,2081,0.636,33157600.00,18276200.00,54227600.00,639600000.00,352600000.00,1046000000.00,,11.6638
A1 Azambuja (road),Road,SSP2-4.5,+Geoid,2082,0.642,34748200.00,19153000.00,56829000.00,674200000.00,371600000.00,1102800000.00,,12.2233
A1 Azambuja (road),Road,SSP2-4.5,+Geoid,2083,0.648,36414200.00,20071200.00,59553600.00,710600000.00,391800000.00,1162400000.00,,12.8093
A1 Azambuja (road),Road,SSP2-4.5,+Geoid,2084,0.654,38159000.00,21033000.00,62407000.00,748800000.00,412800000.00,1224800000.00,,13.4231
A1 Azambuja (road),Road,SSP2-4.5,+Geoid,2085,0.66,39986200.00,22040200.00,65395400.00,788800000.00,434800000.00,1290200000.00,,14.0658
A1 Azambuja (road),Road,SSP2-4.5,+Geoid,2086,0.666,41900000.00,23095000.00,68525000.00,830800000.00,457800000.00,1358600000.00,,14.739
A1 Azambuja (road),Road,SSP2-4.5,+Geoid,2087,0.672,43904000.00,24199600.00,71802600.00,874600000.00,482000000.00,1430400000.00,,15.444
A1 Azambuja (road),Road,SSP2-4.5,+Geoid,2088,0.678,46002800.00,25356400.00,75235000.00,920600000.00,507400000.00,1505600000.00,,16.1822
A1 Azambuja (road),Road,SSP2-4.5,+Geoid,2089,0.684,48200600.00,26567800.00,78829400.00,968800000.00,534000000.00,1584600000.00,,16.9554
A1 Azambuja (road),Road,SSP2-4.5,+Geoid,2090,0.69,50502000.00,27836400.00,82593400.00,1019400000.00,561800000.00,1667000000.00,,17.7649
A1 Azambuja (road),Road,SSP2-4.5,+Geoid,2091,0.696,52912000.00,29164800.00,86534800.00,1072200000.00,591000000.00,1753600000.00,,18.6127
A1 Azambuja (road),Road,SSP2-4.5,+Geoid,2092,0.702,55435800.00,30555800.00,90662200.00,1127600000.00,621600000.00,1844200000.00,,19.5005
A1 Azambuja (road),Road,SSP2-4.5,+Geoid,2093,0.708,58078400.00,32012400.00,94984000.00,1185800000.00,653600000.00,1939200000.00,,20.43
A1 Azambuja (road),Road,SSP2-4.5,+Geoid,2094,0.714,60845400.00,33537600.00,99509400.00,1246600000.00,687200000.00,2038800000.00,,21.4034
A1 Azambuja (road),Road,SSP2-4.5,+Geoid,2095,0.72,63742800.00,35134600.00,104247800.00,1310400000.00,722200000.00,2143000000.00,,22.4226
A1 Azambuja (road),Road,SSP2-4.5,+Geoid,2096,0.726,66776400.00,36806600.00,109209200.00,1377200000.00,759000000.00,2252200000.00,,23.4897
A1 Azambuja (road),Road,SSP2-4.5,+Geoid,2097,0.732,69952800.00,38557400.00,114404200.00,1447000000.00,797600000.00,2366600000.00,,24.6071
A1 Azambuja (road),Road,SSP2-4.5,+Geoid,2098,0.738,73278600.00,40390600.00,119843200.00,1520400000.00,838000000.00,2486400000.00,,25.777
A1 Azambuja (road),Road,SSP2-4.5,+Geoid,2099,0.744,76760600.00,42309800.00,125538000.00,1597200000.00,880400000.00,2612000000.00,,27.0019
A1 Azambuja (road),Road,SSP2-4.5,+Geoid,2100,0.75,80406200.00,44319400.00,131500200.00,1677600000.00,924600000.00,2743600000.00,,28.2843
A1 Azambuja (road),Road,SSP5-8.5,Baseline,2025,0.065,315000.00,173600.00,515200.00,400000.00,200000.00,600000.00,,0.1108
A1 Azambuja (road),Road,SSP5-8.5,Baseline,2026,0.078,352600.00,194400.00,576800.00,600000.00,400000.00,1000000.00,,0.1241
A1 Azambuja (road),Road,SSP5-8.5,Baseline,2027,0.091,394600.00,217600.00,645400.00,1000000.00,600000.00,1800000.00,,0.1388
A1 Azambuja (road),Road,SSP5-8.5,Baseline,2028,0.104,441400.00,243200.00,721800.00,1600000.00,800000.00,2400000.00,,0.1552
A1 Azambuja (road),Road,SSP5-8.5,Baseline,2029,0.117,493400.00,272000.00,806800.00,2000000.00,1200000.00,3200000.00,,0.1735
A1 Azambuja (road),Road,SSP5-8.5,Baseline,2030,0.13,551200.00,303800.00,901600.00,2600000.00,1400000.00,4200000.00,,0.1939
A1 Azambuja (road),Road,SSP5-8.5,Baseline,2031,0.144,621000.00,342200.00,1015400.00,3200000.00,1800000.00,5200000.00,,0.2184
A1 Azambuja (road),Road,SSP5-8.5,Baseline,2032,0.158,699000.00,385400.00,1143200.00,3800000.00,2200000.00,6400000.00,,0.2459
A1 Azambuja (road),Road,SSP5-8.5,Baseline,2033,0.172,786600.00,433600.00,1286600.00,4600000.00,2600000.00,7600000.00,,0.2767
A1 Azambuja (road),Road,SSP5-8.5,Baseline,2034,0.186,885000.00,487800.00,1447200.00,5600000.00,3000000.00,9000000.00,,0.3113
A1 Azambuja (road),Road,SSP5-8.5,Baseline,2035,0.2,995000.00,548400.00,1627200.00,6600000.00,3600000.00,10600000.00,,0.35
A1 Azambuja (road),Road,SSP5-8.5,Baseline,2036,0.214,1118200.00,616400.00,1829000.00,7600000.00,4200000.00,12600000.00,,0.3934
A1 Azambuja (road),Road,SSP5-8.5,Baseline,2037,0.228,1256400.00,692600.00,2054800.00,9000000.00,5000000.00,14600000.00,,0.442
A1 Azambuja (road),Road,SSP5-8.5,Baseline,2038,0.242,1411000.00,777800.00,2307800.00,10400000.00,5600000.00,16800000.00,,0.4964
A1 Azambuja (road),Road,SSP5-8.5,Baseline,2039,0.256,1584200.00,873200.00,2590800.00,12000000.00,6600000.00,19400000.00,,0.5573
A1 Azambuja (road),Road,SSP5-8.5,Baseline,2040,0.27,1778000.00,980000.00,2907800.00,13600000.00,7600000.00,22400000.00,,0.6254
A1 Azambuja (road),Road,SSP5-8.5,Baseline,2041,0.283,1978400.00,1090600.00,3235600.00,15600000.00,8600000.00,25600000.00,,0.696
A1 Azambuja (road),Road,SSP5-8.5,Baseline,2042,0.296,2201000.00,1213200.00,3599600.00,17800000.00,9800000.00,29200000.00,,0.7742
A1 Azambuja (road),Road,SSP5-8.5,Baseline,2043,0.309,2447800.00,1349200.00,4003400.00,20400000.00,11200000.00,33200000.00,,0.8611
A1 Azambuja (road),Road,SSP5-8.5,Baseline,2044,0.322,2721800.00,1500200.00,4451200.00,23000000.00,12600000.00,37600000.00,,0.9574
A1 Azambuja (road),Road,SSP5-8.5,Baseline,2045,0.335,3025400.00,1667600.00,4948000.00,26000000.00,14400000.00,42600000.00,,1.0643
A1 Azambuja (road),Road,SSP5-8.5,Baseline,2046,0.348,3362200.00,1853200.00,5498800.00,29400000.00,16200000.00,48200000.00,,1.1827
A1 Azambuja (road),Road,SSP5-8.5,Baseline,2047,0.361,3735800.00,2059200.00,6109600.00,33200000.00,18200000.00,54200000.00,,1.3141
A1 Azambuja (road),Road,SSP5-8.5,Baseline,2048,0.374,4149800.00,2287200.00,6786600.00,37400000.00,20600000.00,61000000.00,,1.4597
A1 Azambuja (road),Road,SSP5-8.5,Baseline,2049,0.387,4608600.00,2540200.00,7537000.00,42000000.00,23200000.00,68600000.00,,1.6211
A1 Azambuja (road),Road,SSP5-8.5,Baseline,2050,0.4,5117000.00,2820400.00,8368600.00,47000000.00,26000000.00,77000000.00,,1.8
A1 Azambuja (road),Road,SSP5-8.5,Baseline,2051,0.412,5635000.00,3106000.00,9215800.00,52600000.00,29000000.00,86200000.00,,1.9822
A1 Azambuja (road),Road,SSP5-8.5,Baseline,2052,0.424,6204400.00,3419800.00,10146800.00,58800000.00,32400000.00,96200000.00,,2.1825
A1 Azambuja (road),Road,SSP5-8.5,Baseline,2053,0.436,6830000.00,3764600.00,11170200.00,65600000.00,36200000.00,107400000.00,,2.4026
A1 Azambuja (road),Road,SSP5-8.5,Baseline,2054,0.448,7517600.00,4143600.00,12294600.00,73200000.00,40400000.00,119800000.00,,2.6444
A1 Azambuja (road),Road,SSP5-8.5,Baseline,2055,0.46,8273000.00,4560000.00,13530000.00,81400000.00,45000000.00,133200000.00,,2.9102
A1 Azambuja (road),Road,SSP5-8.5,Baseline,2056,0.472,9103000.00,5017400.00,14887400.00,90600000.00,50000000.00,148200000.00,,3.2021
A1 Azambuja (road),Road,SSP5-8.5,Baseline,2057,0.484,10014600.00,5520000.00,16378400.00,100600000.00,55400000.00,164600000.00,,3.5228
A1 Azambuja (road),Road,SSP5-8.5,Baseline,2058,0.496,11016000.00,6072000.00,18016000.00,111600000.00,61600000.00,182600000.00,,3.8751
A1 Azambuja (road),Road,SSP5-8.5,Baseline,2059,0.508,12115600.00,6678000.00,19814600.00,123800000.00,68200000.00,202400000.00,,4.2619
A1 Azambuja (road),Road,SSP5-8.5,Baseline,2060,0.52,13323200.00,7343600.00,21789600.00,137000000.00,75600000.00,224200000.00,,4.6867
A1 Azambuja (road),Road,SSP5-8.5,Baseline,2061,0.532,14649200.00,8074600.00,23958000.00,151800000.00,83600000.00,248200000.00,,5.1531
A1 Azambuja (road),Road,SSP5-8.5,Baseline,2062,0.544,16105000.00,8877000.00,26338800.00,167800000.00,92400000.00,274400000.00,,5.6652
A1 Azambuja (road),Road,SSP5-8.5,Baseline,2063,0.556,17703000.00,9757800.00,28952200.00,185600000.00,102200000.00,303400000.00,,6.2273
A1 Azambuja (road),Road,SSP5-8.5,Baseline,2064,0.568,19457000.00,10724600.00,31821000.00,205000000.00,113000000.00,335200000.00,,6.8443
A1 Azambuja (road),Road,SSP5-8.5,Baseline,2065,0.58,21382200.00,11785800.00,34969400.00,226400000.00,124800000.00,370200000.00,,7.5216
A1 Azambuja (road),Road,SSP5-8.5,Baseline,2066,0.592,23495000.00,12950200.00,38424800.00,249800000.00,137800000.00,408600000.00,,8.2648
A1 Azambuja (road),Road,SSP5-8.5,Baseline,2067,0.604,25813400.00,14228200.00,42216400.00,275600000.00,152000000.00,450800000.00,,9.0803
A1 Azambuja (road),Road,SSP5-8.5,Baseline,2068,0.616,28357200.00,15630200.00,46376800.00,304000000.00,167600000.00,497200000.00,,9.9751
A1 Azambuja (road),Road,SSP5-8.5,Baseline,2069,0.628,31148200.00,17168600.00,50941200.00,335200000.00,184800000.00,548200000.00,,10.9569
A1 Azambuja (road),Road,SSP5-8.5,Baseline,2070,0.64,34209800.00,18856200.00,55948400.00,369400000.00,203600000.00,604200000.00,,12.0339
A1 Azambuja (road),Road,SSP5-8.5,Baseline,2071,0.652,37568400.00,20707400.00,61441200.00,407000000.00,224400000.00,665600000.00,,13.2153
A1 Azambuja (road),Road,SSP5-8.5,Baseline,2072,0.664,41252200.00,22737800.00,67465800.00,448200000.00,247000000.00,733000000.00,,14.5112
A1 Azambuja (road),Road,SSP5-8.5,Baseline,2073,0.676,45292400.00,24964800.00,74073200.00,493400000.00,272000000.00,807000000.00,,15.9324
A1 Azambuja (road),Road,SSP5-8.5,Baseline,2074,0.688,49723000.00,27407000.00,81319400.00,543200000.00,299400000.00,888400000.00,,17.4909
A1 Azambuja (road),Road,SSP5-8.5,Baseline,2075,0.7,54581600.00,30085000.00,89265200.00,597800000.00,329600000.00,977600000.00,,19.2
A1 Azambuja (road),Road,SSP5-8.5,Baseline,2076,0.712,59908800.00,33021400.00,97977800.00,657800000.00,362600000.00,1075600000.00,,21.074
A1 Azambuja (road),Road,SSP5-8.5,Baseline,2077,0.724,65749600.00,36240800.00,107530000.00,723400000.00,398800000.00,1183200000.00,,23.1286
A1 Azambuja (road),Road,SSP5-8.5,Baseline,2078,0.736,72153000.00,39770200.00,118002400.00,795600000.00,438600000.00,1301200000.00,,25.381
A1 Azambuja (road),Road,SSP5-8.5,Baseline,2079,0.748,79172400.00,43639200.00,129482200.00,874800000.00,482200000.00,1430600000.00,,27.8502
A1 Azambuja (road),Road,SSP5-8.5,Baseline,2080,0.76,86866800.00,47880200.00,142065800.00,961600000.00,530000000.00,1572800000.00,,30.5568
A1 Azambuja (road),Road,SSP5-8.5,Baseline,2081,0.772,95300200.00,52528800.00,155858400.00,1057000000.00,582600000.00,1728600000.00,,33.5234
A1 Azambuja (road),Road,SSP5-8.5,Baseline,2082,0.784,104543000.00,57623400.00,170974600.00,1161400000.00,640200000.00,1899600000.00,,36.7748
A1 Azambuja (road),Road,SSP5-8.5,Baseline,2083,0.796,114672400.00,63206600.00,187540600.00,1276200000.00,703400000.00,2087200000.00,,40.3379
A1 Azambuja (road),Road,SSP5-8.5,Baseline,2084,0.808,125772200.00,69324800.00,205694000.00,1402000000.00,772800000.00,2292800000.00,,44.2425
A1 Azambuja (road),Road,SSP5-8.5,Baseline,2085,0.82,137935000.00,76028800.00,225585600.00,1539800000.00,848800000.00,2518400000.00,,48.521
A1 Azambuja (road),Road,SSP5-8.5,Baseline,2086,0.832,151261600.00,83374200.00,247380400.00,1691200000.00,932200000.00,2765800000.00,,53.2088
A1 Azambuja (road),Road,SSP5-8.5,Baseline,2087,0.844,165862200.00,91422000.00,271258800.00,1857000000.00,1023600000.00,3037000000.00,,58.3448
A1 Azambuja (road),Road,SSP5-8.5,Baseline,2088,0.856,181857600.00,100238600.00,297418400.00,2038800000.00,1123800000.00,3334400000.00,,63.9715
A1 Azambuja (road),Road,SSP5-8.5,Baseline,2089,0.868,199379800.00,109896600.00,326075200.00,2238200000.00,1233600000.00,3660600000.00,,70.1353
A1 Azambuja (road),Road,SSP5-8.5,Baseline,2090,0.88,218573600.00,120476200.00,357465800.00,2456800000.00,1354200000.00,4018000000.00,,76.887
A1 Azambuja (road),Road,SSP5-8.5,Baseline,2091,0.892,239597200.00,132064200.00,391848400.00,2696400000.00,1486200000.00,4409800000.00,,84.2824
A1 Azambuja (road),Road,SSP5-8.5,Baseline,2092,0.904,262623200.00,144756000.00,429506400.00,2959000000.00,1631000000.00,4839400000.00,,92.3822
A1 Azambuja (road),Road,SSP5-8.5,Baseline,2093,0.916,287841200.00,158655800.00,470749000.00,3246800000.00,1789600000.00,5310000000.00,,101.253
A1 Azambuja (road),Road,SSP5-8.5,Baseline,2094,0.928,315458000.00,173878000.00,515914600.00,3562400000.00,1963600000.00,5826000000.00,,110.9677
A1 Azambuja (road),Road,SSP5-8.5,Baseline,2095,0.94,345700000.00,190547200.00,565374000.00,3908000000.00,2154000000.00,6391400000.00,,121.6058
A1 Azambuja (road),Road,SSP5-8.5,Baseline,2096,0.952,378814800.00,208800000.00,619531600.00,4286800000.00,2362800000.00,7011000000.00,,133.2546
A1 Azambuja (road),Road,SSP5-8.5,Baseline,2097,0.964,415073600.00,228785400.00,678830800.00,4702000000.00,2591600000.00,7689800000.00,,146.0092
A1 Azambuja (road),Road,SSP5-8.5,Baseline,2098,0.976,454772200.00,250667000.00,743756000.00,5156600000.00,2842400000.00,8433400000.00,,159.9739
A1 Azambuja (road),Road,SSP5-8.5,Baseline,2099,0.988,498234800.00,274623400.00,814836800.00,5655000000.00,3117000000.00,9248400000.00,,175.2626
A1 Azambuja (road),Road,SSP5-8.5,Baseline,2100,1.0,545815800.00,300849600.00,892652800.00,6200800000.00,3417800000.00,10141000000.00,,192.0
A1 Azambuja (road),Road,SSP5-8.5,+Geoid,2025,0.215,1127600.00,621600.00,1844200.00,1200000.00,600000.00,1800000.00,,0.3967
A1 Azambuja (road),Road,SSP5-8.5,+Geoid,2026,0.228,1256400.00,692600.00,2054800.00,2400000.00,1400000.00,3800000.00,,0.442
A1 Azambuja (road),Road,SSP5-8.5,+Geoid,2027,0.241,1399400.00,771400.00,2288800.00,3800000.00,2000000.00,6200000.00,,0.4923
A1 Azambuja (road),Road,SSP5-8.5,+Geoid,2028,0.254,1558200.00,859000.00,2548400.00,5400000.00,3000000.00,8800000.00,,0.5481
A1 Azambuja (road),Road,SSP5-8.5,+Geoid,2029,0.267,1734600.00,956200.00,2836800.00,7000000.00,4000000.00,11600000.00,,0.6102
A1 Azambuja (road),Road,SSP5-8.5,+Geoid,2030,0.28,1930400.00,1064000.00,3157000.00,9000000.00,5000000.00,14800000.00,,0.679
A1 Azambuja (road),Road,SSP5-8.5,+Geoid,2031,0.294,2165200.00,1193400.00,3541200.00,11200000.00,6200000.00,18200000.00,,0.7617
A1 Azambuja (road),Road,SSP5-8.5,+Geoid,2032,0.308,2428000.00,1338200.00,3970800.00,13600000.00,7400000.00,22200000.00,,0.8541
A1 Azambuja (road),Road,SSP5-8.5,+Geoid,2033,0.322,2721800.00,1500200.00,4451200.00,16400000.00,9000000.00,26600000.00,,0.9574
A1 Azambuja (road),Road,SSP5-8.5,+Geoid,2034,0.336,3050200.00,1681200.00,4988400.00,19400000.00,10600000.00,31600000.00,,1.0729
A1 Azambuja (road),Road,SSP5-8.5,+Geoid,2035,0.35,3417200.00,1883600.00,5588800.00,22800000.00,12600000.00,37200000.00,,1.2021
A1 Azambuja (road),Road,SSP5-8.5,+Geoid,2036,0.364,3827600.00,2109800.00,6259800.00,26600000.00,14600000.00,43600000.00,,1.3464
A1 Azambuja (road),Road,SSP5-8.5,+Geoid,2037,0.378,4286000.00,2362400.00,7009400.00,31000000.00,17000000.00,50600000.00,,1.5076
A1 Azambuja (road),Road,SSP5-8.5,+Geoid,2038,0.392,4798000.00,2644600.00,7846800.00,35800000.00,19600000.00,58400000.00,,1.6878
A1 Azambuja (road),Road,SSP5-8.5,+Geoid,2039,0.406,5369800.00,2959800.00,8782200.00,41000000.00,22600000.00,67200000.00,,1.8889
A1 Azambuja (road),Road,SSP5-8.5,+Geoid,2040,0.42,6008600.00,3311800.00,9826600.00,47000000.00,26000000.00,77000000.00,,2.1136
A1 Azambuja (road),Road,SSP5-8.5,+Geoid,2041,0.433,6668000.00,3675400.00,10905200.00,53800000.00,29600000.00,88000000.00,,2.3456
A1 Azambuja (road),Road,SSP5-8.5,+Geoid,2042,0.446,7398400.00,4078000.00,12099800.00,61200000.00,33800000.00,100000000.00,,2.6025
A1 Azambuja (road),Road,SSP5-8.5,+Geoid,2043,0.459,8207400.00,4523800.00,13422600.00,69400000.00,38200000.00,113400000.00,,2.8871
A1 Azambuja (road),Road,SSP5-8.5,+Geoid,2044,0.472,9103000.00,5017400.00,14887400.00,78400000.00,43200000.00,128400000.00,,3.2021
A1 Azambuja (road),Road,SSP5-8.5,+Geoid,2045,0.485,10094600.00,5564000.00,16509000.00,88600000.00,48800000.00,144800000.00,,3.5509
A1 Azambuja (road),Road,SSP5-8.5,+Geoid,2046,0.498,11192200.00,6169000.00,18304200.00,99800000.00,55000000.00,163200000.00,,3.937
A1 Azambuja (road),Road,SSP5-8.5,+Geoid,2047,0.511,12407000.00,6838600.00,20291200.00,112200000.00,61800000.00,183400000.00,,4.3644
A1 Azambuja (road),Road,SSP5-8.5,+Geoid,2048,0.524,13751600.00,7579800.00,22490000.00,126000000.00,69400000.00,206000000.00,,4.8373
A1 Azambuja (road),Road,SSP5-8.5,+Geoid,2049,0.537,15239200.00,8399800.00,24923000.00,141200000.00,77800000.00,230800000.00,,5.3607
A1 Azambuja (road),Road,SSP5-8.5,+Geoid,2050,0.55,16885400.00,9307000.00,27615000.00,158000000.00,87200000.00,258400000.00,,5.9397
A1 Azambuja (road),Road,SSP5-8.5,+Geoid,2051,0.562,18559600.00,10229800.00,30353200.00,176600000.00,97400000.00,288800000.00,,6.5286
A1 Azambuja (road),Road,SSP5-8.5,+Geoid,2052,0.574,20397200.00,11242800.00,33358600.00,197000000.00,108600000.00,322200000.00,,7.1751
A1 Azambuja (road),Road,SSP5-8.5,+Geoid,2053,0.586,22414000.00,12354400.00,36657000.00,219400000.00,121000000.00,358800000.00,,7.8845
A1 Azambuja (road),Road,SSP5-8.5,+Geoid,2054,0.598,24627200.00,13574400.00,40276600.00,244000000.00,134600000.00,399000000.00,,8.6631
A1 Azambuja (road),Road,SSP5-8.5,+Geoid,2055,0.61,27055800.00,14913000.00,44248400.00,271000000.00,149400000.00,443400000.00,,9.5173
A1 Azambuja (road),Road,SSP5-8.5,+Geoid,2056,0.622,29720400.00,16381600.00,48606000.00,300800000.00,165800000.00,492000000.00,,10.4546
A1 Azambuja (road),Road,SSP5-8.5,+Geoid,2057,0.634,32643600.00,17993000.00,53386800.00,333400000.00,183800000.00,545400000.00,,11.4829
A1 Azambuja (road),Road,SSP5-8.5,+Geoid,2058,0.646,35850400.00,19760400.00,58631400.00,369200000.00,203600000.00,604000000.00,,12.611
A1 Azambuja (road),Road,SSP5-8.5,+Geoid,2059,0.658,39367800.00,21699200.00,64383800.00,408600000.00,225200000.00,668400000.00,,13.8483
A1 Azambuja (road),Road,SSP5-8.5,+Geoid,2060,0.67,43225600.00,23825600.00,70693200.00,451800000.00,249000000.00,739000000.00,,15.2054
A1 Azambuja (road),Road,SSP5-8.5,+Geoid,2061,0.682,47456600.00,26157800.00,77612800.00,499400000.00,275200000.00,816600000.00,,16.6937
A1 Azambuja (road),Road,SSP5-8.5,+Geoid,2062,0.694,52096400.00,28715200.00,85200800.00,551400000.00,304000000.00,901800000.00,,18.3258
A1 Azambuja (road),Road,SSP5-8.5,+Geoid,2063,0.706,57184000.00,31519400.00,93521200.00,608600000.00,335400000.00,995400000.00,,20.1154
A1 Azambuja (road),Road,SSP5-8.5,+Geoid,2064,0.718,62762200.00,34594000.00,102644000.00,671400000.00,370000000.00,1098000000.00,,22.0776
A1 Azambuja (road),Road,SSP5-8.5,+Geoid,2065,0.73,68877800.00,37964800.00,112646000.00,740200000.00,408000000.00,1210600000.00,,24.2289
A1 Azambuja (road),Road,SSP5-8.5,+Geoid,2066,0.742,75582200.00,41660200.00,123610600.00,815800000.00,449600000.00,1334200000.00,,26.5873
A1 Azambuja (road),Road,SSP5-8.5,+Geoid,2067,0.754,82931400.00,45711200.00,135629800.00,898800000.00,495400000.00,1470000000.00,,29.1725
A1 Azambuja (road),Road,SSP5-8.5,+Geoid,2068,0.766,90986800.00,50151200.00,148804000.00,989800000.00,545600000.00,1618800000.00,,32.0062
A1 Azambuja (road),Road,SSP5-8.5,+Geoid,2069,0.778,99815800.00,55017600.00,163243400.00,1089600000.00,600600000.00,1782000000.00,,35.1119
A1 Azambuja (road),Road,SSP5-8.5,+Geoid,2070,0.79,109491800.00,60351000.00,179068000.00,1199000000.00,661000000.00,1961000000.00,,38.5156
A1 Azambuja (road),Road,SSP5-8.5,+Geoid,2071,0.802,120095400.00,66195600.00,196409600.00,1319200000.00,727200000.00,2157400000.00,,42.2456
A1 Azambuja (road),Road,SSP5-8.5,+Geoid,2072,0.814,131714800.00,72600200.00,215412400.00,1450800000.00,799800000.00,2372800000.00,,46.3329
A1 Azambuja (road),Road,SSP5-8.5,+Geoid,2073,0.826,144446200.00,79617600.00,236234200.00,1595400000.00,879400000.00,2609000000.00,,50.8114
A1 Azambuja (road),Road,SSP5-8.5,+Geoid,2074,0.838,158395400.00,87306400.00,259047200.00,1753800000.00,966600000.00,2868200000.00,,55.7183
A1 Azambuja (road),Road,SSP5-8.5,+Geoid,2075,0.85,173677600.00,95729800.00,284040400.00,1927400000.00,1062400000.00,3152200000.00,,61.094
A1 Azambuja (road),Road,SSP5-8.5,+Geoid,2076,0.862,190419200.00,104957600.00,311420400.00,2117800000.00,1167400000.00,3463600000.00,,66.9832
A1 Azambuja (road),Road,SSP5-8.5,+Geoid,2077,0.874,208758200.00,115066000.00,341413200.00,2326600000.00,1282400000.00,3805000000.00,,73.4343
A1 Azambuja (road),Road,SSP5-8.5,+Geoid,2078,0.886,228846200.00,126138400.00,374266000.00,2555400000.00,1408600000.00,4179200000.00,,80.5006
A1 Azambuja (road),Road,SSP5-8.5,+Geoid,2079,0.898,250848400.00,138265800.00,410249400.00,2806200000.00,1546800000.00,4589600000.00,,88.2402
A1 Azambuja (road),Road,SSP5-8.5,+Geoid,2080,0.91,274945600.00,151548000.00,449659200.00,3081200000.00,1698400000.00,5039200000.00,,96.7168
A1 Azambuja (road),Road,SSP5-8.5,+Geoid,2081,0.922,301336000.00,166094200.00,492819000.00,3382600000.00,1864400000.00,5532000000.00,,106.0001
A1 Azambuja (road),Road,SSP5-8.5,+Geoid,2082,0.934,330235800.00,182023600.00,540083200.00,3712800000.00,2046400000.00,6072000000.00,,116.1661
A1 Azambuja (road),Road,SSP5-8.5,+Geoid,2083,0.946,361882000.00,199466600.00,591838800.00,4074600000.00,2246000000.00,6664000000.00,,127.2981
A1 Azambuja (road),Road,SSP5-8.5,+Geoid,2084,0.958,396533400.00,218566200.00,648509400.00,4471200000.00,2464400000.00,7312400000.00,,139.4874
A1 Azambuja (road),Road,SSP5-8.5,+Geoid,2085,0.97,434473400.00,239478400.00,710558200.00,4905600000.00,2704000000.00,8023000000.00,,152.8334
A1 Azambuja (road),Road,SSP5-8.5,+Geoid,2086,0.982,476011600.00,262374000.00,778491800.00,5381600000.00,2966400000.00,8801400000.00,,167.4452
A1 Azambuja (road),Road,SSP5-8.5,+Geoid,2087,0.994,521487200.00,287439800.00,852864600.00,5903200000.00,3253800000.00,9654400000.00,,183.442
A1 Azambuja (road),Road,SSP5-8.5,+Geoid,2088,1.006,571270200.00,314879800.00,934282200.00,6474400000.00,3568600000.00,10588600000.00,,200.954
A1 Azambuja (road),Road,SSP5-8.5,+Geoid,2089,1.018,625766000.00,344917600.00,1023407200.00,7100200000.00,3913600000.00,11612000000.00,,220.1239
A1 Azambuja (road),Road,SSP5-8.5,+Geoid,2090,1.03,685417600.00,377797000.00,1120964200.00,7785600000.00,4291400000.00,12733000000.00,,241.1073
A1 Azambuja (road),Road,SSP5-8.5,+Geoid,2091,1.042,750709200.00,413785400.00,1227745200.00,8536400000.00,4705200000.00,13960800000.00,,264.0748
A1 Azambuja (road),Road,SSP5-8.5,+Geoid,2092,1.054,822170800.00,453174400.00,1344616600.00,9358600000.00,5158400000.00,15305400000.00,,289.2126
A1 Azambuja (road),Road,SSP5-8.5,+Geoid,2093,1.066,900381000.00,496283400.00,1472525600.00,10258800000.00,5654600000.00,16777800000.00,,316.7244
A1 Azambuja (road),Road,SSP5-8.5,+Geoid,2094,1.078,985973400.00,543461200.00,1612507200.00,11244800000.00,6198000000.00,18390400000.00,,346.833
A1 Azambuja (road),Road,SSP5-8.5,+Geoid,2095,1.09,1037618400.00,571927600.00,1696970000.00,12282400000.00,6770000000.00,20087400000.00,,365.0
A1 Azambuja (road),Road,SSP5-8.5,+Geoid,2096,1.102,1037618400.00,571927600.00,1696970000.00,13320200000.00,7342000000.00,21784400000.00,,365.0
A1 Azambuja (road),Road,SSP5-8.5,+Geoid,2097,1.114,1037618400.00,571927600.00,1696970000.00,14357800000.00,7913800000.00,23481200000.00,,365.0
A1 Azambuja (road),Road,SSP5-8.5,+Geoid,2098,1.126,1037618400.00,571927600.00,1696970000.00,15395400000.00,8485800000.00,25178200000.00,,365.0
A1 Azambuja (road),Road,SSP5-8.5,+Geoid,2099,1.138,1037618400.00,571927600.00,1696970000.00,16433000000.00,9057800000.00,26875200000.00,,365.0
A1 Azambuja (road),Road,SSP5-8.5,+Geoid,2100,1.15,1037618400.00,571927600.00,1696970000.00,17470600000.00,9629600000.00,28572200000.00,,365.0
A14 Mondego (road),Road,SSP1-2.6,Baseline,2025,0.035,342200.00,196800.00,601200.00,400000.00,200000.00,600000.00,,0.5455
A14 Mondego (road),Road,SSP1-2.6,Baseline,2026,0.042,364000.00,209400.00,639200.00,800000.00,400000.00,1200000.00,,0.5801
A14 Mondego (road),Road,SSP1-2.6,Baseline,2027,0.049,387000.00,222600.00,679800.00,1000000.00,600000.00,2000000.00,,0.6168
A14 Mondego (road),Road,SSP1-2.6,Baseline,2028,0.056,411400.00,236600.00,722600.00,1600000.00,800000.00,2600000.00,,0.6558
A14 Mondego (road),Road,SSP1-2.6,Baseline,2029,0.063,437400.00,251600.00,768200.00,2000000.00,1200000.00,3400000.00,,0.697
A14 Mondego (road),Road,SSP1-2.6,Baseline,2030,0.07,464800.00,267400.00,816400.00,2400000.00,1400000.00,4200000.00,,0.7408
A14 Mondego (road),Road,SSP1-2.6,Baseline,2031,0.076,489600.00,281600.00,860000.00,2800000.00,1600000.00,5000000.00,,0.7804
A14 Mondego (road),Road,SSP1-2.6,Baseline,2032,0.082,515600.00,296600.00,905800.00,3400000.00,2000000.00,6000000.00,,0.822
A14 Mondego (road),Road,SSP1-2.6,Baseline,2033,0.088,543200.00,312400.00,954000.00,4000000.00,2200000.00,7000000.00,,0.8657
A14 Mondego (road),Road,SSP1-2.6,Baseline,2034,0.094,572000.00,329000.00,1004600.00,4600000.00,2600000.00,8000000.00,,0.9117
A14 Mondego (road),Road,SSP1-2.6,Baseline,2035,0.1,602200.00,346400.00,1057800.00,5200000.00,3000000.00,9000000.00,,0.96
A14 Mondego (road),Road,SSP1-2.6,Baseline,2036,0.106,634200.00,364800.00,1113800.00,5800000.00,3400000.00,10200000.00,,1.0108
A14 Mondego (road),Road,SSP1-2.6,Baseline,2037,0.112,667600.00,384000.00,1172600.00,6400000.00,3600000.00,11200000.00,,1.0641
A14 Mondego (road),Road,SSP1-2.6,Baseline,2038,0.118,702800.00,404200.00,1234400.00,7200000.00,4200000.00,12600000.00,,1.1202
A14 Mondego (road),Road,SSP1-2.6,Baseline,2039,0.124,739800.00,425600.00,1299400.00,7800000.00,4600000.00,13800000.00,,1.1791
A14 Mondego (road),Road,SSP1-2.6,Baseline,2040,0.13,778600.00,447800.00,1367600.00,8600000.00,5000000.00,15200000.00,,1.241
A14 Mondego (road),Road,SSP1-2.6,Baseline,2041,0.137,826400.00,475400.00,1451400.00,9400000.00,5400000.00,16600000.00,,1.3172
A14 Mondego (road),Road,SSP1-2.6,Baseline,2042,0.144,877000.00,504400.00,1540400.00,10400000.00,6000000.00,18200000.00,,1.3978
A14 Mondego (road),Road,SSP1-2.6,Baseline,2043,0.151,930600.00,535200.00,1634600.00,11200000.00,6400000.00,19800000.00,,1.4833
A14 Mondego (road),Road,SSP1-2.6,Baseline,2044,0.158,987400.00,568000.00,1734200.00,12200000.00,7000000.00,21600000.00,,1.5738
A14 Mondego (road),Road,SSP1-2.6,Baseline,2045,0.165,1047400.00,602600.00,1839800.00,13400000.00,7600000.00,23400000.00,,1.6696
A14 Mondego (road),Road,SSP1-2.6,Baseline,2046,0.172,1111200.00,639200.00,1951600.00,14400000.00,8400000.00,25400000.00,,1.7711
A14 Mondego (road),Road,SSP1-2.6,Baseline,2047,0.179,1178600.00,678000.00,2070000.00,15600000.00,9000000.00,27400000.00,,1.8785
A14 Mondego (road),Road,SSP1-2.6,Baseline,2048,0.186,1249800.00,719000.00,2195400.00,16800000.00,9600000.00,29600000.00,,1.9922
A14 Mondego (road),Road,SSP1-2.6,Baseline,2049,0.193,1325400.00,762400.00,2328000.00,18200000.00,10400000.00,32000000.00,,2.1126
A14 Mondego (road),Road,SSP1-2.6,Baseline,2050,0.2,1405400.00,808400.00,2468400.00,19600000.00,11200000.00,34400000.00,,2.24
A14 Mondego (road),Road,SSP1-2.6,Baseline,2051,0.204,1453200.00,835800.00,2552400.00,21000000.00,12200000.00,37000000.00,,2.3161
A14 Mondego (road),Road,SSP1-2.6,Baseline,2052,0.208,1502400.00,864200.00,2639000.00,22600000.00,13000000.00,39600000.00,,2.3948
A14 Mondego (road),Road,SSP1-2.6,Baseline,2053,0.212,1553400.00,893600.00,2728600.00,24200000.00,13800000.00,42400000.00,,2.476
A14 Mondego (road),Road,SSP1-2.6,Baseline,2054,0.216,1606000.00,923800.00,2821000.00,25800000.00,14800000.00,45200000.00,,2.5599
A14 Mondego (road),Road,SSP1-2.6,Baseline,2055,0.22,1660400.00,955200.00,2916400.00,27400000.00,15800000.00,48000000.00,,2.6466
A14 Mondego (road),Road,SSP1-2.6,Baseline,2056,0.224,1716600.00,987400.00,3015200.00,29000000.00,16800000.00,51000000.00,,2.7361
A14 Mondego (road),Road,SSP1-2.6,Baseline,2057,0.228,1774600.00,1020800.00,3117000.00,30800000.00,17800000.00,54200000.00,,2.8286
A14 Mondego (road),Road,SSP1-2.6,Baseline,2058,0.232,1834600.00,1055200.00,3222200.00,32600000.00,18800000.00,57400000.00,,2.9241
A14 Mondego (road),Road,SSP1-2.6,Baseline,2059,0.236,1896400.00,1090800.00,3331000.00,34600000.00,19800000.00,60800000.00,,3.0227
A14 Mondego (road),Road,SSP1-2.6,Baseline,2060,0.24,1960400.00,1127600.00,3443200.00,36600000.00,21000000.00,64200000.00,,3.1246
A14 Mondego (road),Road,SSP1-2.6,Baseline,2061,0.244,2026400.00,1165600.00,3559200.00,38600000.00,22200000.00,67800000.00,,3.2298
A14 Mondego (road),Road,SSP1-2.6,Baseline,2062,0.248,2094600.00,1204800.00,3678800.00,40600000.00,23400000.00,71400000.00,,3.3385
A14 Mondego (road),Road,SSP1-2.6,Baseline,2063,0.252,2165000.00,1245200.00,3802600.00,42800000.00,24600000.00,75200000.00,,3.4507
A14 Mondego (road),Road,SSP1-2.6,Baseline,2064,0.256,2237600.00,1287200.00,3930200.00,45000000.00,26000000.00,79200000.00,,3.5666
A14 Mondego (road),Road,SSP1-2.6,Baseline,2065,0.26,2312800.00,1330200.00,4062200.00,47400000.00,27200000.00,83200000.00,,3.6862
A14 Mondego (road),Road,SSP1-2.6,Baseline,2066,0.264,2390200.00,1374800.00,4198400.00,49800000.00,28600000.00,87400000.00,,3.8098
A14 Mondego (road),Road,SSP1-2.6,Baseline,2067,0.268,2470400.00,1421000.00,4339000.00,52200000.00,30000000.00,91800000.00,,3.9374
A14 Mondego (road),Road,SSP1-2.6,Baseline,2068,0.272,2553000.00,1468400.00,4484200.00,54800000.00,31600000.00,96200000.00,,4.0692
A14 Mondego (road),Road,SSP1-2.6,Baseline,2069,0.276,2638400.00,1517600.00,4634200.00,57400000.00,33000000.00,100800000.00,,4.2053
A14 Mondego (road),Road,SSP1-2.6,Baseline,2070,0.28,2726600.00,1568400.00,4789000.00,60200000.00,34600000.00,105600000.00,,4.3458
A14 Mondego (road),Road,SSP1-2.6,Baseline,2071,0.284,2817600.00,1620600.00,4948800.00,63000000.00,36200000.00,110600000.00,,4.4909
A14 Mondego (road),Road,SSP1-2.6,Baseline,2072,0.288,2911600.00,1674800.00,5114000.00,65800000.00,38000000.00,115800000.00,,4.6407
A14 Mondego (road),Road,SSP1-2.6,Baseline,2073,0.292,3008600.00,1730600.00,5284400.00,69000000.00,39600000.00,121000000.00,,4.7954
A14 Mondego (road),Road,SSP1-2.6,Baseline,2074,0.296,3108800.00,1788200.00,5460400.00,72000000.00,41400000.00,126400000.00,,4.9551
A14 Mondego (road),Road,SSP1-2.6,Baseline,2075,0.3,3212200.00,1847800.00,5642200.00,75200000.00,43200000.00,132200000.00,,5.12
A14 Mondego (road),Road,SSP1-2.6,Baseline,2076,0.304,3319000.00,1909200.00,5829800.00,78600000.00,45200000.00,138000000.00,,5.2903
A14 Mondego (road),Road,SSP1-2.6,Baseline,2077,0.308,3429400.00,1972600.00,6023400.00,82000000.00,47200000.00,144000000.00,,5.4661
A14 Mondego (road),Road,SSP1-2.6,Baseline,2078,0.312,3543200.00,2038000.00,6223400.00,85600000.00,49200000.00,150200000.00,,5.6475
A14 Mondego (road),Road,SSP1-2.6,Baseline,2079,0.316,3660800.00,2105800.00,6430000.00,89200000.00,51200000.00,156600000.00,,5.8349
A14 Mondego (road),Road,SSP1-2.6,Baseline,2080,0.32,3782200.00,2175600.00,6643200.00,93000000.00,53400000.00,163200000.00,,6.0284
A14 Mondego (road),Road,SSP1-2.6,Baseline,2081,0.324,3907400.00,2247600.00,6863200.00,96800000.00,55800000.00,170200000.00,,6.2281
A14 Mondego (road),Road,SSP1-2.6,Baseline,2082,0.328,4036800.00,2322000.00,7090400.00,101000000.00,58000000.00,177200000.00,,6.4343
A14 Mondego (road),Road,SSP1-2.6,Baseline,2083,0.332,4170400.00,2398800.00,7325000.00,105000000.00,60400000.00,184600000.00,,6.6471
A14 Mondego (road),Road,SSP1-2.6,Baseline,2084,0.336,4308200.00,2478200.00,7567000.00,109400000.00,63000000.00,192200000.00,,6.8668
A14 Mondego (road),Road,SSP1-2.6,Baseline,2085,0.34,4450600.00,2560000.00,7817000.00,113800000.00,65400000.00,200000000.00,,7.0937
A14 Mondego (road),Road,SSP1-2.6,Baseline,2086,0.344,4597400.00,2644400.00,8075000.00,118400000.00,68200000.00,208000000.00,,7.3278
A14 Mondego (road),Road,SSP1-2.6,Baseline,2087,0.348,4749000.00,2731800.00,8341400.00,123200000.00,70800000.00,216400000.00,,7.5696
A14 Mondego (road),Road,SSP1-2.6,Baseline,2088,0.352,4905600.00,2821800.00,8616400.00,128000000.00,73600000.00,225000000.00,,7.8191
A14 Mondego (road),Road,SSP1-2.6,Baseline,2089,0.356,5067200.00,2914800.00,8900200.00,133200000.00,76600000.00,233800000.00,,8.0766
A14 Mondego (road),Road,SSP1-2.6,Baseline,2090,0.36,5234000.00,3010600.00,9193200.00,138400000.00,79600000.00,243000000.00,,8.3425
A14 Mondego (road),Road,SSP1-2.6,Baseline,2091,0.364,5406200.00,3109600.00,9495600.00,143800000.00,82800000.00,252600000.00,,8.6169
A14 Mondego (road),Road,SSP1-2.6,Baseline,2092,0.368,5584000.00,3212000.00,9807800.00,149400000.00,86000000.00,262400000.00,,8.9002
A14 Mondego (road),Road,SSP1-2.6,Baseline,2093,0.372,5767400.00,3317400.00,10130000.00,155200000.00,89200000.00,272400000.00,,9.1926
A14 Mondego (road),Road,SSP1-2.6,Baseline,2094,0.376,5956600.00,3426400.00,10462600.00,161000000.00,92600000.00,283000000.00,,9.4944
A14 Mondego (road),Road,SSP1-2.6,Baseline,2095,0.38,6152200.00,3538800.00,10805800.00,167200000.00,96200000.00,293800000.00,,9.8059
A14 Mondego (road),Road,SSP1-2.6,Baseline,2096,0.384,6353800.00,3654800.00,11160200.00,173600000.00,99800000.00,305000000.00,,10.1274
A14 Mondego (road),Road,SSP1-2.6,Baseline,2097,0.388,6562000.00,3774600.00,11525800.00,180200000.00,103600000.00,316400000.00,,10.4592
A14 Mondego (road),Road,SSP1-2.6,Baseline,2098,0.392,6776800.00,3898200.00,11903200.00,187000000.00,107600000.00,328400000.00,,10.8017
A14 Mondego (road),Road,SSP1-2.6,Baseline,2099,0.396,6998600.00,4025600.00,12292800.00,194000000.00,111600000.00,340600000.00,,11.1552
A14 Mondego (road),Road,SSP1-2.6,Baseline,2100,0.4,7227600.00,4157400.00,12694800.00,201200000.00,115800000.00,353400000.00,,11.52
A14 Mondego (road),Road,SSP1-2.6,+Geoid,2025,0.185,1239400.00,713000.00,2177000.00,1200000.00,800000.00,2200000.00,,1.9755
A14 Mondego (road),Road,SSP1-2.6,+Geoid,2026,0.192,1314400.00,756000.00,2308600.00,2600000.00,1400000.00,4400000.00,,2.095
A14 Mondego (road),Road,SSP1-2.6,+Geoid,2027,0.199,1393600.00,801600.00,2447800.00,4000000.00,2200000.00,7000000.00,,2.2213
A14 Mondego (road),Road,SSP1-2.6,+Geoid,2028,0.206,1477600.00,850000.00,2595400.00,5400000.00,3200000.00,9600000.00,,2.3551
A14 Mondego (road),Road,SSP1-2.6,+Geoid,2029,0.213,1566400.00,901000.00,2751400.00,7000000.00,4000000.00,12200000.00,,2.4967
A14 Mondego (road),Road,SSP1-2.6,+Geoid,2030,0.22,1660400.00,955200.00,2916400.00,8600000.00,5000000.00,15200000.00,,2.6466
A14 Mondego (road),Road,SSP1-2.6,+Geoid,2031,0.226,1745400.00,1004000.00,3065600.00,10400000.00,6000000.00,18200000.00,,2.782
A14 Mondego (road),Road,SSP1-2.6,+Geoid,2032,0.232,1834600.00,1055200.00,3222200.00,12200000.00,7000000.00,21400000.00,,2.9241
A14 Mondego (road),Road,SSP1-2.6,+Geoid,2033,0.238,1928200.00,1109000.00,3386600.00,14200000.00,8200000.00,24800000.00,,3.0732
A14 Mondego (road),Road,SSP1-2.6,+Geoid,2034,0.244,2026400.00,1165600.00,3559200.00,16200000.00,9400000.00,28400000.00,,3.2298
A14 Mondego (road),Road,SSP1-2.6,+Geoid,2035,0.25,2129400.00,1224800.00,3740200.00,18400000.00,10600000.00,32200000.00,,3.3941
A14 Mondego (road),Road,SSP1-2.6,+Geoid,2036,0.256,2237600.00,1287200.00,3930200.00,20600000.00,11800000.00,36200000.00,,3.5666
A14 Mondego (road),Road,SSP1-2.6,+Geoid,2037,0.262,2351200.00,1352400.00,4129600.00,23000000.00,13200000.00,40200000.00,,3.7475
A14 Mondego (road),Road,SSP1-2.6,+Geoid,2038,0.268,2470400.00,1421000.00,4339000.00,25400000.00,14600000.00,44600000.00,,3.9374
A14 Mondego (road),Road,SSP1-2.6,+Geoid,2039,0.274,2595400.00,1492800.00,4558600.00,28000000.00,16000000.00,49200000.00,,4.1367
A14 Mondego (road),Road,SSP1-2.6,+Geoid,2040,0.28,2726600.00,1568400.00,4789000.00,30600000.00,17600000.00,54000000.00,,4.3458
A14 Mondego (road),Road,SSP1-2.6,+Geoid,2041,0.287,2887800.00,1661000.00,5072200.00,33600000.00,19400000.00,59000000.00,,4.6028
A14 Mondego (road),Road,SSP1-2.6,+Geoid,2042,0.294,3058200.00,1759200.00,5371600.00,36600000.00,21000000.00,64400000.00,,4.8746
A14 Mondego (road),Road,SSP1-2.6,+Geoid,2043,0.301,3238600.00,1862800.00,5688400.00,39800000.00,23000000.00,70000000.00,,5.1621
A14 Mondego (road),Road,SSP1-2.6,+Geoid,2044,0.308,3429400.00,1972600.00,6023400.00,43400000.00,25000000.00,76000000.00,,5.4661
A14 Mondego (road),Road,SSP1-2.6,+Geoid,2045,0.315,3631000.00,2088600.00,6377600.00,47000000.00,27000000.00,82400000.00,,5.7875
A14 Mondego (road),Road,SSP1-2.6,+Geoid,2046,0.322,3844200.00,2211200.00,6752200.00,50800000.00,29200000.00,89200000.00,,6.1274
A14 Mondego (road),Road,SSP1-2.6,+Geoid,2047,0.329,4069800.00,2341000.00,7148400.00,54800000.00,31600000.00,96400000.00,,6.4868
A14 Mondego (road),Road,SSP1-2.6,+Geoid,2048,0.336,4308200.00,2478200.00,7567000.00,59200000.00,34000000.00,104000000.00,,6.8668
A14 Mondego (road),Road,SSP1-2.6,+Geoid,2049,0.343,4560200.00,2623200.00,8009800.00,63800000.00,36600000.00,112000000.00,,7.2686
A14 Mondego (road),Road,SSP1-2.6,+Geoid,2050,0.35,4826800.00,2776400.00,8477800.00,68600000.00,39400000.00,120400000.00,,7.6933
A14 Mondego (road),Road,SSP1-2.6,+Geoid,2051,0.354,4985800.00,2867800.00,8757200.00,73600000.00,42200000.00,129200000.00,,7.9468
A14 Mondego (road),Road,SSP1-2.6,+Geoid,2052,0.358,5150000.00,2962400.00,9045600.00,78600000.00,45200000.00,138200000.00,,8.2085
A14 Mondego (road),Road,SSP1-2.6,+Geoid,2053,0.362,5319400.00,3059800.00,9343200.00,84000000.00,48400000.00,147600000.00,,8.4786
A14 Mondego (road),Road,SSP1-2.6,+Geoid,2054,0.366,5494400.00,3160400.00,9650400.00,89600000.00,51400000.00,157200000.00,,8.7574
A14 Mondego (road),Road,SSP1-2.6,+Geoid,2055,0.37,5675000.00,3264200.00,9967600.00,95200000.00,54800000.00,167200000.00,,9.0452
A14 Mondego (road),Road,SSP1-2.6,+Geoid,2056,0.374,5861200.00,3371400.00,10295000.00,101000000.00,58200000.00,177400000.00,,9.3423
A14 Mondego (road),Road,SSP1-2.6,+Geoid,2057,0.378,6053600.00,3482200.00,10632800.00,107000000.00,61600000.00,188000000.00,,9.6489
A14 Mondego (road),Road,SSP1-2.6,+Geoid,2058,0.382,6252200.00,3596400.00,10981600.00,113400000.00,65200000.00,199000000.00,,9.9654
A14 Mondego (road),Road,SSP1-2.6,+Geoid,2059,0.386,6457200.00,3714200.00,11341600.00,119800000.00,69000000.00,210400000.00,,10.292
A14 Mondego (road),Road,SSP1-2.6,+Geoid,2060,0.39,6668600.00,3835800.00,11713000.00,126400000.00,72800000.00,222200000.00,,10.6291
A14 Mondego (road),Road,SSP1-2.6,+Geoid,2061,0.394,6887000.00,3961400.00,12096400.00,133400000.00,76800000.00,234200000.00,,10.9771
A14 Mondego (road),Road,SSP1-2.6,+Geoid,2062,0.398,7112200.00,4091000.00,12492200.00,140400000.00,80800000.00,246800000.00,,11.3362
A14 Mondego (road),Road,SSP1-2.6,+Geoid,2063,0.402,7344800.00,4224800.00,12900600.00,147800000.00,85000000.00,259600000.00,,11.7068
A14 Mondego (road),Road,SSP1-2.6,+Geoid,2064,0.406,7584800.00,4362800.00,13322000.00,155400000.00,89400000.00,273000000.00,,12.0893
A14 Mondego (road),Road,SSP1-2.6,+Geoid,2065,0.41,7832400.00,4505200.00,13757000.00,163200000.00,93800000.00,286800000.00,,12.484
A14 Mondego (road),Road,SSP1-2.6,+Geoid,2066,0.414,8088000.00,4652200.00,14206000.00,171400000.00,98600000.00,301000000.00,,12.8914
A14 Mondego (road),Road,SSP1-2.6,+Geoid,2067,0.418,8351800.00,4804000.00,14669400.00,179600000.00,103400000.00,315600000.00,,13.3118
A14 Mondego (road),Road,SSP1-2.6,+Geoid,2068,0.422,8624000.00,4960600.00,15147400.00,188200000.00,108400000.00,330800000.00,,13.7457
A14 Mondego (road),Road,SSP1-2.6,+Geoid,2069,0.426,8904800.00,5122200.00,15640800.00,197200000.00,113400000.00,346400000.00,,14.1935
A14 Mondego (road),Road,SSP1-2.6,+Geoid,2070,0.43,9194800.00,5289000.00,16150000.00,206400000.00,118800000.00,362600000.00,,14.6555
A14 Mondego (road),Road,SSP1-2.6,+Geoid,2071,0.434,9494000.00,5461000.00,16675400.00,215800000.00,124200000.00,379200000.00,,15.1324
A14 Mondego (road),Road,SSP1-2.6,+Geoid,2072,0.438,9802600.00,5638600.00,17217800.00,225600000.00,129800000.00,396400000.00,,15.6244
A14 Mondego (road),Road,SSP1-2.6,+Geoid,2073,0.442,10121200.00,5821800.00,17777200.00,235800000.00,135600000.00,414200000.00,,16.1322
A14 Mondego (road),Road,SSP1-2.6,+Geoid,2074,0.446,10450000.00,6010800.00,18354600.00,246200000.00,141600000.00,432600000.00,,16.6562
A14 Mondego (road),Road,SSP1-2.6,+Geoid,2075,0.45,10789200.00,6206000.00,18950400.00,257000000.00,147800000.00,451400000.00,,17.1968
A14 Mondego (road),Road,SSP1-2.6,+Geoid,2076,0.454,11139200.00,6407400.00,19565200.00,268200000.00,154200000.00,471000000.00,,17.7547
A14 Mondego (road),Road,SSP1-2.6,+Geoid,2077,0.458,11500400.00,6615200.00,20199600.00,279600000.00,160800000.00,491200000.00,,18.3304
A14 Mondego (road),Road,SSP1-2.6,+Geoid,2078,0.462,11873000.00,6829400.00,20854200.00,291600000.00,167800000.00,512200000.00,,18.9245
A14 Mondego (road),Road,SSP1-2.6,+Geoid,2079,0.466,12257600.00,7050600.00,21529800.00,303800000.00,174800000.00,533600000.00,,19.5374
A14 Mondego (road),Road,SSP1-2.6,+Geoid,2080,0.47,12654400.00,7279000.00,22226600.00,316400000.00,182000000.00,555800000.00,,20.1699
A14 Mondego (road),Road,SSP1-2.6,+Geoid,2081,0.474,13063800.00,7514400.00,22945800.00,329600000.00,189600000.00,578800000.00,,20.8224
A14 Mondego (road),Road,SSP1-2.6,+Geoid,2082,0.478,13486200.00,7757400.00,23687800.00,343000000.00,197400000.00,602600000.00,,21.4957
A14 Mondego (road),Road,SSP1-2.6,+Geoid,2083,0.482,13922000.00,8008200.00,24453400.00,357000000.00,205400000.00,627000000.00,,22.1904
A14 Mondego (road),Road,SSP1-2.6,+Geoid,2084,0.486,14371800.00,8266800.00,25243200.00,371400000.00,213600000.00,652200000.00,,22.9072
A14 Mondego (road),Road,SSP1-2.6,+Geoid,2085,0.49,14835800.00,8533600.00,26058200.00,386200000.00,222200000.00,678200000.00,,23.6468
A14 Mondego (road),Road,SSP1-2.6,+Geoid,2086,0.494,15314600.00,8809000.00,26899000.00,401400000.00,231000000.00,705200000.00,,24.4098
A14 Mondego (road),Road,SSP1-2.6,+Geoid,2087,0.498,15808400.00,9093200.00,27766600.00,417200000.00,240000000.00,733000000.00,,25.1971
A14 Mondego (road),Road,SSP1-2.6,+Geoid,2088,0.502,16318000.00,9386200.00,28661600.00,433600000.00,249400000.00,761600000.00,,26.0093
A14 Mondego (road),Road,SSP1-2.6,+Geoid,2089,0.506,16843800.00,9688600.00,29585000.00,450400000.00,259000000.00,791200000.00,,26.8472
A14 Mondego (road),Road,SSP1-2.6,+Geoid,2090,0.51,17386200.00,10000600.00,30537600.00,467800000.00,269000000.00,821800000.00,,27.7118
A14 Mondego (road),Road,SSP1-2.6,+Geoid,2091,0.514,17945800.00,10322600.00,31520600.00,485800000.00,279400000.00,853200000.00,,28.6037
A14 Mondego (road),Road,SSP1-2.6,+Geoid,2092,0.518,18523000.00,10654600.00,32534600.00,504200000.00,290000000.00,885800000.00,,29.5239
A14 Mondego (road),Road,SSP1-2.6,+Geoid,2093,0.522,19118600.00,10997200.00,33580600.00,523400000.00,301000000.00,919400000.00,,30.4732
A14 Mondego (road),Road,SSP1-2.6,+Geoid,2094,0.526,19733000.00,11350600.00,34659800.00,543200000.00,312400000.00,954000000.00,,31.4525
A14 Mondego (road),Road,SSP1-2.6,+Geoid,2095,0.53,20366800.00,11715200.00,35773200.00,563600000.00,324200000.00,989800000.00,,32.4628
A14 Mondego (road),Road,SSP1-2.6,+Geoid,2096,0.534,21020800.00,12091400.00,36921800.00,584600000.00,336200000.00,1026600000.00,,33.5051
A14 Mondego (road),Road,SSP1-2.6,+Geoid,2097,0.538,21695400.00,12479400.00,38106600.00,606200000.00,348800000.00,1064800000.00,,34.5803
A14 Mondego (road),Road,SSP1-2.6,+Geoid,2098,0.542,22391200.00,12879600.00,39329000.00,628600000.00,361600000.00,1104200000.00,,35.6895
A14 Mondego (road),Road,SSP1-2.6,+Geoid,2099,0.546,23109200.00,13292600.00,40589800.00,651800000.00,374800000.00,1144800000.00,,36.8337
A14 Mondego (road),Road,SSP1-2.6,+Geoid,2100,0.55,23849600.00,13718600.00,41890600.00,675600000.00,388600000.00,1186600000.00,,38.0141
A14 Mondego (road),Road,SSP2-4.5,Baseline,2025,0.05,390400.00,224600.00,685800.00,400000.00,200000.00,600000.00,,0.6223
A14 Mondego (road),Road,SSP2-4.5,Baseline,2026,0.06,426000.00,245000.00,748200.00,800000.00,400000.00,1400000.00,,0.679
A14 Mondego (road),Road,SSP2-4.5,Baseline,2027,0.07,464800.00,267400.00,816400.00,1200000.00,800000.00,2200000.00,,0.7408
A14 Mondego (road),Road,SSP2-4.5,Baseline,2028,0.08,506800.00,291600.00,890200.00,1800000.00,1000000.00,3200000.00,,0.8079
A14 Mondego (road),Road,SSP2-4.5,Baseline,2029,0.09,552600.00,317800.00,970600.00,2400000.00,1400000.00,4200000.00,,0.8808
A14 Mondego (road),Road,SSP2-4.5,Baseline,2030,0.1,602200.00,346400.00,1057800.00,3000000.00,1600000.00,5200000.00,,0.96
A14 Mondego (road),Road,SSP2-4.5,Baseline,2031,0.11,656200.00,377600.00,1152800.00,3600000.00,2000000.00,6400000.00,,1.0461
A14 Mondego (road),Road,SSP2-4.5,Baseline,2032,0.12,715000.00,411200.00,1255800.00,4400000.00,2400000.00,7600000.00,,1.1395
A14 Mondego (road),Road,SSP2-4.5,Baseline,2033,0.13,778600.00,447800.00,1367600.00,5000000.00,3000000.00,9000000.00,,1.241
A14 Mondego (road),Road,SSP2-4.5,Baseline,2034,0.14,847800.00,487600.00,1489000.00,6000000.00,3400000.00,10400000.00,,1.3512
A14 Mondego (road),Road,SSP2-4.5,Baseline,2035,0.15,922800.00,530800.00,1620800.00,6800000.00,4000000.00,12000000.00,,1.4708
A14 Mondego (road),Road,SSP2-4.5,Baseline,2036,0.16,1004200.00,577600.00,1763800.00,7800000.00,4600000.00,13800000.00,,1.6006
A14 Mondego (road),Road,SSP2-4.5,Baseline,2037,0.17,1092600.00,628400.00,1919000.00,9000000.00,5200000.00,15800000.00,,1.7415
A14 Mondego (road),Road,SSP2-4.5,Baseline,2038,0.18,1188400.00,683600.00,2087400.00,10200000.00,5800000.00,17800000.00,,1.8943
A14 Mondego (road),Road,SSP2-4.5,Baseline,2039,0.19,1292600.00,743400.00,2270200.00,11400000.00,6600000.00,20000000.00,,2.0601
A14 Mondego (road),Road,SSP2-4.5,Baseline,2040,0.2,1405400.00,808400.00,2468400.00,12800000.00,7400000.00,22600000.00,,2.24
A14 Mondego (road),Road,SSP2-4.5,Baseline,2041,0.21,1527800.00,878800.00,2683400.00,14400000.00,8200000.00,25200000.00,,2.4351
A14 Mondego (road),Road,SSP2-4.5,Baseline,2042,0.22,1660400.00,955200.00,2916400.00,16000000.00,9200000.00,28200000.00,,2.6466
A14 Mondego (road),Road,SSP2-4.5,Baseline,2043,0.23,1804400.00,1037800.00,3169200.00,17800000.00,10200000.00,31400000.00,,2.876
A14 Mondego (road),Road,SSP2-4.5,Baseline,2044,0.24,1960400.00,1127600.00,3443200.00,19800000.00,11400000.00,34800000.00,,3.1246
A14 Mondego (road),Road,SSP2-4.5,Baseline,2045,0.25,2129400.00,1224800.00,3740200.00,22000000.00,12600000.00,38600000.00,,3.3941
A14 Mondego (road),Road,SSP2-4.5,Baseline,2046,0.26,2312800.00,1330200.00,4062200.00,24200000.00,14000000.00,42600000.00,,3.6862
A14 Mondego (road),Road,SSP2-4.5,Baseline,2047,0.27,2511400.00,1444600.00,4411000.00,26800000.00,15400000.00,47000000.00,,4.0028
A14 Mondego (road),Road,SSP2-4.5,Baseline,2048,0.28,2726600.00,1568400.00,4789000.00,29400000.00,17000000.00,51800000.00,,4.3458
A14 Mondego (road),Road,SSP2-4.5,Baseline,2049,0.29,2959600.00,1702400.00,5198400.00,32400000.00,18600000.00,57000000.00,,4.7174
A14 Mondego (road),Road,SSP2-4.5,Baseline,2050,0.3,3212200.00,1847800.00,5642200.00,35600000.00,20600000.00,62600000.00,,5.12
A14 Mondego (road),Road,SSP2-4.5,Baseline,2051,0.306,3373800.00,1940600.00,5925800.00,39000000.00,22400000.00,68600000.00,,5.3775
A14 Mondego (road),Road,SSP2-4.5,Baseline,2052,0.312,3543200.00,2038000.00,6223400.00,42600000.00,24400000.00,74800000.00,,5.6475
A14 Mondego (road),Road,SSP2-4.5,Baseline,2053,0.318,3721000.00,2140400.00,6535600.00,46200000.00,26600000.00,81400000.00,,5.9309
A14 Mondego (road),Road,SSP2-4.5,Baseline,2054,0.324,3907400.00,2247600.00,6863200.00,50200000.00,28800000.00,88200000.00,,6.2281
A14 Mondego (road),Road,SSP2-4.5,Baseline,2055,0.33,4103000.00,2360200.00,7206800.00,54200000.00,31200000.00,95400000.00,,6.5398
A14 Mondego (road),Road,SSP2-4.5,Baseline,2056,0.336,4308200.00,2478200.00,7567000.00,58600000.00,33800000.00,103000000.00,,6.8668
A14 Mondego (road),Road,SSP2-4.5,Baseline,2057,0.342,4523400.00,2601800.00,7945000.00,63200000.00,36400000.00,110800000.00,,7.2098
A14 Mondego (road),Road,SSP2-4.5,Baseline,2058,0.348,4749000.00,2731800.00,8341400.00,67800000.00,39000000.00,119200000.00,,7.5696
A14 Mondego (road),Road,SSP2-4.5,Baseline,2059,0.354,4985800.00,2867800.00,8757200.00,72800000.00,42000000.00,128000000.00,,7.9468
A14 Mondego (road),Road,SSP2-4.5,Baseline,2060,0.36,5234000.00,3010600.00,9193200.00,78000000.00,45000000.00,137200000.00,,8.3425
A14 Mondego (road),Road,SSP2-4.5,Baseline,2061,0.366,5494400.00,3160400.00,9650400.00,83600000.00,48000000.00,146800000.00,,8.7574
A14 Mondego (road),Road,SSP2-4.5,Baseline,2062,0.372,5767400.00,3317400.00,10130000.00,89400000.00,51400000.00,157000000.00,,9.1926
A14 Mondego (road),Road,SSP2-4.5,Baseline,2063,0.378,6053600.00,3482200.00,10632800.00,95400000.00,54800000.00,167600000.00,,9.6489
A14 Mondego (road),Road,SSP2-4.5,Baseline,2064,0.384,6353800.00,3654800.00,11160200.00,101800000.00,58600000.00,178800000.00,,10.1274
A14 Mondego (road),Road,SSP2-4.5,Baseline,2065,0.39,6668600.00,3835800.00,11713000.00,108400000.00,62400000.00,190400000.00,,10.6291
A14 Mondego (road),Road,SSP2-4.5,Baseline,2066,0.396,6998600.00,4025600.00,12292800.00,115400000.00,66400000.00,202800000.00,,11.1552
A14 Mondego (road),Road,SSP2-4.5,Baseline,2067,0.402,7344800.00,4224800.00,12900600.00,122800000.00,70600000.00,215600000.00,,11.7068
A14 Mondego (road),Road,SSP2-4.5,Baseline,2068,0.408,7707600.00,4433400.00,13537800.00,130400000.00,75000000.00,229200000.00,,12.2851
A14 Mondego (road),Road,SSP2-4.5,Baseline,2069,0.414,8088000.00,4652200.00,14206000.00,138600000.00,79800000.00,243400000.00,,12.8914
A14 Mondego (road),Road,SSP2-4.5,Baseline,2070,0.42,8486800.00,4881600.00,14906400.00,147000000.00,84600000.00,258400000.00,,13.5271
A14 Mondego (road),Road,SSP2-4.5,Baseline,2071,0.426,8904800.00,5122200.00,15640800.00,156000000.00,89800000.00,274000000.00,,14.1935
A14 Mondego (road),Road,SSP2-4.5,Baseline,2072,0.432,9343200.00,5374200.00,16410800.00,165400000.00,95000000.00,290400000.00,,14.8921
A14 Mondego (road),Road,SSP2-4.5,Baseline,2073,0.438,9802600.00,5638600.00,17217800.00,175200000.00,100800000.00,307600000.00,,15.6244
A14 Mondego (road),Road,SSP2-4.5,Baseline,2074,0.444,10284200.00,5915600.00,18063800.00,185400000.00,106600000.00,325600000.00,,16.3921
A14 Mondego (road),Road,SSP2-4.5,Baseline,2075,0.45,10789200.00,6206000.00,18950400.00,196200000.00,112800000.00,344600000.00,,17.1968
A14 Mondego (road),Road,SSP2-4.5,Baseline,2076,0.456,11318400.00,6510400.00,19880000.00,207600000.00,119400000.00,364400000.00,,18.0403
A14 Mondego (road),Road,SSP2-4.5,Baseline,2077,0.462,11873000.00,6829400.00,20854200.00,219400000.00,126200000.00,385400000.00,,18.9245
A14 Mondego (road),Road,SSP2-4.5,Baseline,2078,0.468,12454400.00,7164000.00,21875400.00,231800000.00,133400000.00,407200000.00,,19.8512
A14 Mondego (road),Road,SSP2-4.5,Baseline,2079,0.474,13063800.00,7514400.00,22945800.00,244800000.00,140800000.00,430200000.00,,20.8224
A14 Mondego (road),Road,SSP2-4.5,Baseline,2080,0.48,13702400.00,7881800.00,24067600.00,258600000.00,148800000.00,454200000.00,,21.8404
A14 Mondego (road),Road,SSP2-4.5,Baseline,2081,0.486,14371800.00,8266800.00,25243200.00,273000000.00,157000000.00,479400000.00,,22.9072
A14 Mondego (road),Road,SSP2-4.5,Baseline,2082,0.492,15073200.00,8670200.00,26475400.00,288000000.00,165600000.00,506000000.00,,24.0253
A14 Mondego (road),Road,SSP2-4.5,Baseline,2083,0.498,15808400.00,9093200.00,27766600.00,303800000.00,174800000.00,533600000.00,,25.1971
A14 Mondego (road),Road,SSP2-4.5,Baseline,2084,0.504,16578800.00,9536200.00,29119600.00,320400000.00,184400000.00,562800000.00,,26.425
A14 Mondego (road),Road,SSP2-4.5,Baseline,2085,0.51,17386200.00,10000600.00,30537600.00,337800000.00,194400000.00,593400000.00,,27.7118
A14 Mondego (road),Road,SSP2-4.5,Baseline,2086,0.516,18232200.00,10487200.00,32023600.00,356000000.00,204800000.00,625400000.00,,29.0602
A14 Mondego (road),Road,SSP2-4.5,Baseline,2087,0.522,19118600.00,10997200.00,33580600.00,375200000.00,215800000.00,659000000.00,,30.4732
A14 Mondego (road),Road,SSP2-4.5,Baseline,2088,0.528,20047400.00,11531600.00,35212200.00,395200000.00,227400000.00,694200000.00,,31.9537
A14 Mondego (road),Road,SSP2-4.5,Baseline,2089,0.534,21020800.00,12091400.00,36921800.00,416200000.00,239400000.00,731000000.00,,33.5051
A14 Mondego (road),Road,SSP2-4.5,Baseline,2090,0.54,22040600.00,12678000.00,38713000.00,438200000.00,252200000.00,769800000.00,,35.1306
A14 Mondego (road),Road,SSP2-4.5,Baseline,2091,0.546,23109200.00,13292600.00,40589800.00,461400000.00,265400000.00,810400000.00,,36.8337
A14 Mondego (road),Road,SSP2-4.5,Baseline,2092,0.552,24228600.00,13936600.00,42556200.00,485600000.00,279400000.00,853000000.00,,38.6181
A14 Mondego (road),Road,SSP2-4.5,Baseline,2093,0.558,25401600.00,14611200.00,44616400.00,511000000.00,294000000.00,897600000.00,,40.4877
A14 Mondego (road),Road,SSP2-4.5,Baseline,2094,0.564,26630600.00,15318200.00,46774800.00,537600000.00,309200000.00,944400000.00,,42.4464
A14 Mondego (road),Road,SSP2-4.5,Baseline,2095,0.57,27918000.00,16058600.00,49036200.00,565600000.00,325400000.00,993400000.00,,44.4984
A14 Mondego (road),Road,SSP2-4.5,Baseline,2096,0.576,29266600.00,16834400.00,51405200.00,594800000.00,342200000.00,1044800000.00,,46.6482
A14 Mondego (road),Road,SSP2-4.5,Baseline,2097,0.582,30679600.00,17647200.00,53887000.00,625600000.00,359800000.00,1098600000.00,,48.9003
A14 Mondego (road),Road,SSP2-4.5,Baseline,2098,0.588,32159800.00,18498600.00,56486800.00,657600000.00,378200000.00,1155200000.00,,51.2596
A14 Mondego (road),Road,SSP2-4.5,Baseline,2099,0.594,33710400.00,19390600.00,59210400.00,691400000.00,397600000.00,1214400000.00,,53.7311
A14 Mondego (road),Road,SSP2-4.5,Baseline,2100,0.6,35334600.00,20324800.00,62063200.00,726800000.00,418000000.00,1276400000.00,,56.32
A14 Mondego (road),Road,SSP2-4.5,+Geoid,2025,0.2,1405400.00,808400.00,2468400.00,1400000.00,800000.00,2400000.00,,2.24
A14 Mondego (road),Road,SSP2-4.5,+Geoid,2026,0.21,1527800.00,878800.00,2683400.00,3000000.00,1600000.00,5200000.00,,2.4351
A14 Mondego (road),Road,SSP2-4.5,+Geoid,2027,0.22,1660400.00,955200.00,2916400.00,4600000.00,2600000.00,8000000.00,,2.6466
A14 Mondego (road),Road,SSP2-4.5,+Geoid,2028,0.23,1804400.00,1037800.00,3169200.00,6400000.00,3600000.00,11200000.00,,2.876
A14 Mondego (road),Road,SSP2-4.5,+Geoid,2029,0.24,1960400.00,1127600.00,3443200.00,8400000.00,4800000.00,14600000.00,,3.1246
A14 Mondego (road),Road,SSP2-4.5,+Geoid,2030,0.25,2129400.00,1224800.00,3740200.00,10400000.00,6000000.00,18400000.00,,3.3941
A14 Mondego (road),Road,SSP2-4.5,+Geoid,2031,0.26,2312800.00,1330200.00,4062200.00,12800000.00,7400000.00,22400000.00,,3.6862
A14 Mondego (road),Road,SSP2-4.5,+Geoid,2032,0.27,2511400.00,1444600.00,4411000.00,15400000.00,8800000.00,26800000.00,,4.0028
A14 Mondego (road),Road,SSP2-4.5,+Geoid,2033,0.28,2726600.00,1568400.00,4789000.00,18000000.00,10400000.00,31600000.00,,4.3458
A14 Mondego (road),Road,SSP2-4.5,+Geoid,2034,0.29,2959600.00,1702400.00,5198400.00,21000000.00,12000000.00,36800000.00,,4.7174
A14 Mondego (road),Road,SSP2-4.5,+Geoid,2035,0.3,3212200.00,1847800.00,5642200.00,24200000.00,14000000.00,42600000.00,,5.12
A14 Mondego (road),Road,SSP2-4.5,+Geoid,2036,0.31,3485800.00,2005000.00,6122600.00,27600000.00,16000000.00,48600000.00,,5.5561
A14 Mondego (road),Road,SSP2-4.5,+Geoid,2037,0.32,3782200.00,2175600.00,6643200.00,31400000.00,18200000.00,55200000.00,,6.0284
A14 Mondego (road),Road,SSP2-4.5,+Geoid,2038,0.33,4103000.00,2360200.00,7206800.00,35600000.00,20400000.00,62400000.00,,6.5398
A14 Mondego (road),Road,SSP2-4.5,+Geoid,2039,0.34,4450600.00,2560000.00,7817000.00,40000000.00,23000000.00,70400000.00,,7.0937
A14 Mondego (road),Road,SSP2-4.5,+Geoid,2040,0.35,4826800.00,2776400.00,8477800.00,44800000.00,25800000.00,78800000.00,,7.6933
A14 Mondego (road),Road,SSP2-4.5,+Geoid,2041,0.36,5234000.00,3010600.00,9193200.00,50000000.00,28800000.00,88000000.00,,8.3425
A14 Mondego (road),Road,SSP2-4.5,+Geoid,2042,0.37,5675000.00,3264200.00,9967600.00,55800000.00,32000000.00,98000000.00,,9.0452
A14 Mondego (road),Road,SSP2-4.5,+Geoid,2043,0.38,6152200.00,3538800.00,10805800.00,62000000.00,35600000.00,108800000.00,,9.8059
A14 Mondego (road),Road,SSP2-4.5,+Geoid,2044,0.39,6668600.00,3835800.00,11713000.00,68600000.00,39400000.00,120400000.00,,10.6291
A14 Mondego (road),Road,SSP2-4.5,+Geoid,2045,0.4,7227600.00,4157400.00,12694800.00,75800000.00,43600000.00,133200000.00,,11.52
A14 Mondego (road),Road,SSP2-4.5,+Geoid,2046,0.41,7832400.00,4505200.00,13757000.00,83600000.00,48200000.00,147000000.00,,12.484
A14 Mondego (road),Road,SSP2-4.5,+Geoid,2047,0.42,8486800.00,4881600.00,14906400.00,92200000.00,53000000.00,161800000.00,,13.5271
A14 Mondego (road),Road,SSP2-4.5,+Geoid,2048,0.43,9194800.00,5289000.00,16150000.00,101400000.00,58200000.00,178000000.00,,14.6555
A14 Mondego (road),Road,SSP2-4.5,+Geoid,2049,0.44,9960600.00,5729400.00,17495400.00,111200000.00,64000000.00,195400000.00,,15.8763
A14 Mondego (road),Road,SSP2-4.5,+Geoid,2050,0.45,10789200.00,6206000.00,18950400.00,122000000.00,70200000.00,214400000.00,,17.1968
A14 Mondego (road),Road,SSP2-4.5,+Geoid,2051,0.456,11318400.00,6510400.00,19880000.00,133400000.00,76800000.00,234400000.00,,18.0403
A14 Mondego (road),Road,SSP2-4.5,+Geoid,2052,0.462,11873000.00,6829400.00,20854200.00,145200000.00,83600000.00,255200000.00,,18.9245
A14 Mondego (road),Road,SSP2-4.5,+Geoid,2053,0.468,12454400.00,7164000.00,21875400.00,157800000.00,90800000.00,277000000.00,,19.8512
A14 Mondego (road),Road,SSP2-4.5,+Geoid,2054,0.474,13063800.00,7514400.00,22945800.00,170800000.00,98200000.00,300000000.00,,20.8224
A14 Mondego (road),Road,SSP2-4.5,+Geoid,2055,0.48,13702400.00,7881800.00,24067600.00,184400000.00,106200000.00,324000000.00,,21.8404
A14 Mondego (road),Road,SSP2-4.5,+Geoid,2056,0.486,14371800.00,8266800.00,25243200.00,198800000.00,114400000.00,349200000.00,,22.9072
A14 Mondego (road),Road,SSP2-4.5,+Geoid,2057,0.492,15073200.00,8670200.00,26475400.00,214000000.00,123000000.00,375800000.00,,24.0253
A14 Mondego (road),Road,SSP2-4.5,+Geoid,2058,0.498,15808400.00,9093200.00,27766600.00,229800000.00,132200000.00,403600000.00,,25.1971
A14 Mondego (road),Road,SSP2-4.5,+Geoid,2059,0.504,16578800.00,9536200.00,29119600.00,246400000.00,141600000.00,432600000.00,,26.425
A14 Mondego (road),Road,SSP2-4.5,+Geoid,2060,0.51,17386200.00,10000600.00,30537600.00,263800000.00,151600000.00,463200000.00,,27.7118
A14 Mondego (road),Road,SSP2-4.5,+Geoid,2061,0.516,18232200.00,10487200.00,32023600.00,282000000.00,162200000.00,495200000.00,,29.0602
A14 Mondego (road),Road,SSP2-4.5,+Geoid,2062,0.522,19118600.00,10997200.00,33580600.00,301000000.00,173200000.00,528800000.00,,30.4732
A14 Mondego (road),Road,SSP2-4.5,+Geoid,2063,0.528,20047400.00,11531600.00,35212200.00,321200000.00,184800000.00,564000000.00,,31.9537
A14 Mondego (road),Road,SSP2-4.5,+Geoid,2064,0.534,21020800.00,12091400.00,36921800.00,342200000.00,196800000.00,601000000.00,,33.5051
A14 Mondego (road),Road,SSP2-4.5,+Geoid,2065,0.54,22040600.00,12678000.00,38713000.00,364200000.00,209400000.00,639600000.00,,35.1306
A14 Mondego (road),Road,SSP2-4.5,+Geoid,2066,0.546,23109200.00,13292600.00,40589800.00,387200000.00,222800000.00,680200000.00,,36.8337
A14 Mondego (road),Road,SSP2-4.5,+Geoid,2067,0.552,24228600.00,13936600.00,42556200.00,411600000.00,236800000.00,722800000.00,,38.6181
A14 Mondego (road),Road,SSP2-4.5,+Geoid,2068,0.558,25401600.00,14611200.00,44616400.00,437000000.00,251400000.00,767400000.00,,40.4877
A14 Mondego (road),Road,SSP2-4.5,+Geoid,2069,0.564,26630600.00,15318200.00,46774800.00,463600000.00,266600000.00,814200000.00,,42.4464
A14 Mondego (road),Road,SSP2-4.5,+Geoid,2070,0.57,27918000.00,16058600.00,49036200.00,491400000.00,282600000.00,863200000.00,,44.4984
A14 Mondego (road),Road,SSP2-4.5,+Geoid,2071,0.576,29266600.00,16834400.00,51405200.00,520800000.00,299600000.00,914600000.00,,46.6482
A14 Mondego (road),Road,SSP2-4.5,+Geoid,2072,0.582,30679600.00,17647200.00,53887000.00,551400000.00,317200000.00,968600000.00,,48.9003
A14 Mondego (road),Road,SSP2-4.5,+Geoid,2073,0.588,32159800.00,18498600.00,56486800.00,583600000.00,335600000.00,1025000000.00,,51.2596
A14 Mondego (road),Road,SSP2-4.5,+Geoid,2074,0.594,33710400.00,19390600.00,59210400.00,617200000.00,355000000.00,1084200000.00,,53.7311
A14 Mondego (road),Road,SSP2-4.5,+Geoid,2075,0.6,35334600.00,20324800.00,62063200.00,652600000.00,375400000.00,1146200000.00,,56.32
A14 Mondego (road),Road,SSP2-4.5,+Geoid,2076,0.606,37036200.00,21303600.00,65051800.00,689600000.00,396600000.00,1211400000.00,,59.0319
A14 Mondego (road),Road,SSP2-4.5,+Geoid,2077,0.612,38818400.00,22328600.00,68182000.00,728400000.00,419000000.00,1279600000.00,,61.8726
A14 Mondego (road),Road,SSP2-4.5,+Geoid,2078,0.618,40685200.00,23402400.00,71461000.00,769200000.00,442400000.00,1351000000.00,,64.8481
A14 Mondego (road),Road,SSP2-4.5,+Geoid,2079,0.624,42640400.00,24527200.00,74895400.00,811800000.00,467000000.00,1425800000.00,,67.9647
A14 Mondego (road),Road,SSP2-4.5,+Geoid,2080,0.63,44688600.00,25705200.00,78492600.00,856400000.00,492600000.00,1504400000.00,,71.2291
A14 Mondego (road),Road,SSP2-4.5,+Geoid,2081,0.636,46833600.00,26939200.00,82260400.00,903400000.00,519600000.00,1586600000.00,,74.6482
A14 Mondego (road),Road,SSP2-4.5,+Geoid,2082,0.642,49080400.00,28231400.00,86206600.00,952400000.00,547800000.00,1672800000.00,,78.2292
A14 Mondego (road),Road,SSP2-4.5,+Geoid,2083,0.648,51433400.00,29585000.00,90339600.00,1003800000.00,577400000.00,1763200000.00,,81.9797
A14 Mondego (road),Road,SSP2-4.5,+Geoid,2084,0.654,53897800.00,31002400.00,94668200.00,1057800000.00,608400000.00,1857800000.00,,85.9077
A14 Mondego (road),Road,SSP2-4.5,+Geoid,2085,0.66,56478600.00,32487000.00,99201400.00,1114200000.00,640800000.00,1957000000.00,,90.0214
A14 Mondego (road),Road,SSP2-4.5,+Geoid,2086,0.666,59181600.00,34041800.00,103949000.00,1173400000.00,675000000.00,2061000000.00,,94.3297
A14 Mondego (road),Road,SSP2-4.5,+Geoid,2087,0.672,62012200.00,35670000.00,108920800.00,1235400000.00,710600000.00,2169800000.00,,98.8415
A14 Mondego (road),Road,SSP2-4.5,+Geoid,2088,0.678,64976600.00,37375200.00,114127600.00,1300400000.00,748000000.00,2284000000.00,,103.5663
A14 Mondego (road),Road,SSP2-4.5,+Geoid,2089,0.684,68081000.00,39160800.00,119580000.00,1368400000.00,787200000.00,2403600000.00,,108.5143
A14 Mondego (road),Road,SSP2-4.5,+Geoid,2090,0.69,71331600.00,41030600.00,125289800.00,1439800000.00,828200000.00,2528800000.00,,113.6957
A14 Mondego (road),Road,SSP2-4.5,+Geoid,2091,0.696,74735800.00,42988800.00,131268800.00,1514600000.00,871200000.00,2660200000.00,,119.1214
A14 Mondego (road),Road,SSP2-4.5,+Geoid,2092,0.702,78300400.00,45039000.00,137529800.00,1592800000.00,916200000.00,2797600000.00,,124.803
A14 Mondego (road),Road,SSP2-4.5,+Geoid,2093,0.708,82032800.00,47186000.00,144085800.00,1674800000.00,963400000.00,2941800000.00,,130.7523
A14 Mondego (road),Road,SSP2-4.5,+Geoid,2094,0.714,85941200.00,49434200.00,150950600.00,1760800000.00,1012800000.00,3092800000.00,,136.9818
A14 Mondego (road),Road,SSP2-4.5,+Geoid,2095,0.72,90033600.00,51788200.00,158138400.00,1850800000.00,1064600000.00,3250800000.00,,143.5046
A14 Mondego (road),Road,SSP2-4.5,+Geoid,2096,0.726,94318400.00,54252800.00,165664800.00,1945200000.00,1118800000.00,3416600000.00,,150.3344
A14 Mondego (road),Road,SSP2-4.5,+Geoid,2097,0.732,98805000.00,56833600.00,173545000.00,2044000000.00,1175600000.00,3590000000.00,,157.4854
A14 Mondego (road),Road,SSP2-4.5,+Geoid,2098,0.738,103502400.00,59535600.00,181795800.00,2147400000.00,1235200000.00,3771800000.00,,164.9727
A14 Mondego (road),Road,SSP2-4.5,+Geoid,2099,0.744,108420600.00,62364600.00,190434400.00,2255800000.00,1297600000.00,3962400000.00,,172.8119
A14 Mondego (road),Road,SSP2-4.5,+Geoid,2100,0.75,113570000.00,65326600.00,199478800.00,2369400000.00,1363000000.00,4161800000.00,,181.0193
A14 Mondego (road),Road,SSP5-8.5,Baseline,2025,0.065,445000.00,256000.00,781600.00,400000.00,200000.00,800000.00,,0.7093
A14 Mondego (road),Road,SSP5-8.5,Baseline,2026,0.078,498200.00,286600.00,875000.00,1000000.00,600000.00,1600000.00,,0.794
A14 Mondego (road),Road,SSP5-8.5,Baseline,2027,0.091,557400.00,320600.00,979000.00,1600000.00,800000.00,2600000.00,,0.8884
A14 Mondego (road),Road,SSP5-8.5,Baseline,2028,0.104,623400.00,358600.00,1094800.00,2200000.00,1200000.00,3800000.00,,0.9936
A14 Mondego (road),Road,SSP5-8.5,Baseline,2029,0.117,696800.00,400800.00,1224000.00,2800000.00,1600000.00,5000000.00,,1.1107
A14 Mondego (road),Road,SSP5-8.5,Baseline,2030,0.13,778600.00,447800.00,1367600.00,3600000.00,2000000.00,6400000.00,,1.241
A14 Mondego (road),Road,SSP5-8.5,Baseline,2031,0.144,877000.00,504400.00,1540400.00,4400000.00,2600000.00,7800000.00,,1.3978
A14 Mondego (road),Road,SSP5-8.5,Baseline,2032,0.158,987400.00,568000.00,1734200.00,5400000.00,3200000.00,9600000.00,,1.5738
A14 Mondego (road),Road,SSP5-8.5,Baseline,2033,0.172,1111200.00,639200.00,1951600.00,6600000.00,3800000.00,11600000.00,,1.7711
A14 Mondego (road),Road,SSP5-8.5,Baseline,2034,0.186,1249800.00,719000.00,2195400.00,7800000.00,4600000.00,13800000.00,,1.9922
A14 Mondego (road),Road,SSP5-8.5,Baseline,2035,0.2,1405400.00,808400.00,2468400.00,9200000.00,5400000.00,16200000.00,,2.24
A14 Mondego (road),Road,SSP5-8.5,Baseline,2036,0.214,1579600.00,908600.00,2774400.00,10800000.00,6200000.00,19000000.00,,2.5176
A14 Mondego (road),Road,SSP5-8.5,Baseline,2037,0.228,1774600.00,1020800.00,3117000.00,12600000.00,7200000.00,22200000.00,,2.8286
A14 Mondego (road),Road,SSP5-8.5,Baseline,2038,0.242,1993000.00,1146400.00,3500800.00,14600000.00,8400000.00,25600000.00,,3.1768
A14 Mondego (road),Road,SSP5-8.5,Baseline,2039,0.256,2237600.00,1287200.00,3930200.00,16800000.00,9600000.00,29600000.00,,3.5666
A14 Mondego (road),Road,SSP5-8.5,Baseline,2040,0.27,2511400.00,1444600.00,4411000.00,19400000.00,11200000.00,34000000.00,,4.0028
A14 Mondego (road),Road,SSP5-8.5,Baseline,2041,0.283,2794600.00,1607400.00,4908400.00,22200000.00,12800000.00,38800000.00,,4.4542
A14 Mondego (road),Road,SSP5-8.5,Baseline,2042,0.296,3108800.00,1788200.00,5460400.00,25200000.00,14600000.00,44400000.00,,4.9551
A14 Mondego (road),Road,SSP5-8.5,Baseline,2043,0.309,3457400.00,1988800.00,6072800.00,28600000.00,16600000.00,50400000.00,,5.5109
A14 Mondego (road),Road,SSP5-8.5,Baseline,2044,0.322,3844200.00,2211200.00,6752200.00,32600000.00,18800000.00,57200000.00,,6.1274
A14 Mondego (road),Road,SSP5-8.5,Baseline,2045,0.335,4273400.00,2458000.00,7505800.00,36800000.00,21200000.00,64600000.00,,6.8113
A14 Mondego (road),Road,SSP5-8.5,Baseline,2046,0.348,4749000.00,2731800.00,8341400.00,41600000.00,24000000.00,73000000.00,,7.5696
A14 Mondego (road),Road,SSP5-8.5,Baseline,2047,0.361,5276600.00,3035200.00,9268000.00,46800000.00,27000000.00,82200000.00,,8.4103
A14 Mondego (road),Road,SSP5-8.5,Baseline,2048,0.374,5861200.00,3371400.00,10295000.00,52600000.00,30400000.00,92600000.00,,9.3423
A14 Mondego (road),Road,SSP5-8.5,Baseline,2049,0.387,6509400.00,3744200.00,11433200.00,59200000.00,34000000.00,104000000.00,,10.3753
A14 Mondego (road),Road,SSP5-8.5,Baseline,2050,0.4,7227600.00,4157400.00,12694800.00,66400000.00,38200000.00,116600000.00,,11.52
A14 Mondego (road),Road,SSP5-8.5,Baseline,2051,0.412,7959200.00,4578200.00,13979800.00,74400000.00,42800000.00,130600000.00,,12.6861
A14 Mondego (road),Road,SSP5-8.5,Baseline,2052,0.424,8763400.00,5040800.00,15392200.00,83200000.00,47800000.00,146000000.00,,13.9678
A14 Mondego (road),Road,SSP5-8.5,Baseline,2053,0.436,9647000.00,5549000.00,16944400.00,92800000.00,53400000.00,163000000.00,,15.3765
A14 Mondego (road),Road,SSP5-8.5,Baseline,2054,0.448,10618200.00,6107600.00,18650200.00,103400000.00,59400000.00,181600000.00,,16.9244
A14 Mondego (road),Road,SSP5-8.5,Baseline,2055,0.46,11685200.00,6721400.00,20524400.00,115200000.00,66200000.00,202200000.00,,18.6251
A14 Mondego (road),Road,SSP5-8.5,Baseline,2056,0.472,12857400.00,7395800.00,22583400.00,128000000.00,73600000.00,224800000.00,,20.4936
A14 Mondego (road),Road,SSP5-8.5,Baseline,2057,0.484,14145200.00,8136400.00,24845200.00,142200000.00,81800000.00,249600000.00,,22.546
A14 Mondego (road),Road,SSP5-8.5,Baseline,2058,0.496,15559600.00,8950000.00,27329400.00,157600000.00,90600000.00,277000000.00,,24.8004
A14 Mondego (road),Road,SSP5-8.5,Baseline,2059,0.508,17112800.00,9843400.00,30057600.00,174800000.00,100600000.00,307000000.00,,27.2761
A14 Mondego (road),Road,SSP5-8.5,Baseline,2060,0.52,18818400.00,10824600.00,33053600.00,193600000.00,111400000.00,340000000.00,,29.9948
A14 Mondego (road),Road,SSP5-8.5,Baseline,2061,0.532,20691400.00,11901800.00,36343000.00,214200000.00,123200000.00,376400000.00,,32.9799
A14 Mondego (road),Road,SSP5-8.5,Baseline,2062,0.544,22747400.00,13084600.00,39954400.00,237000000.00,136400000.00,416400000.00,,36.2571
A14 Mondego (road),Road,SSP5-8.5,Baseline,2063,0.556,25004600.00,14382800.00,43919000.00,262000000.00,150800000.00,460200000.00,,39.8548
A14 Mondego (road),Road,SSP5-8.5,Baseline,2064,0.568,27482200.00,15808000.00,48270600.00,289600000.00,166600000.00,508600000.00,,43.8038
A14 Mondego (road),Road,SSP5-8.5,Baseline,2065,0.58,30201400.00,17372000.00,53046800.00,319800000.00,184000000.00,561600000.00,,48.138
A14 Mondego (road),Road,SSP5-8.5,Baseline,2066,0.592,33185600.00,19088600.00,58288400.00,353000000.00,203000000.00,619800000.00,,52.8945
A14 Mondego (road),Road,SSP5-8.5,Baseline,2067,0.604,36460200.00,20972200.00,64040200.00,389400000.00,224000000.00,684000000.00,,58.1139
A14 Mondego (road),Road,SSP5-8.5,Baseline,2068,0.616,40053200.00,23039000.00,70351000.00,429400000.00,247000000.00,754200000.00,,63.8409
A14 Mondego (road),Road,SSP5-8.5,Baseline,2069,0.628,43995200.00,25306400.00,77275000.00,473400000.00,272400000.00,831600000.00,,70.1241
A14 Mondego (road),Road,SSP5-8.5,Baseline,2070,0.64,48319800.00,27794000.00,84870800.00,521800000.00,300200000.00,916400000.00,,77.017
A14 Mondego (road),Road,SSP5-8.5,Baseline,2071,0.652,53063600.00,30522600.00,93203000.00,574800000.00,330600000.00,1009600000.00,,84.5781
A14 Mondego (road),Road,SSP5-8.5,Baseline,2072,0.664,58266800.00,33515600.00,102342000.00,633000000.00,364200000.00,1112000000.00,,92.8714
A14 Mondego (road),Road,SSP5-8.5,Baseline,2073,0.676,63973200.00,36798000.00,112365200.00,697000000.00,401000000.00,1224400000.00,,101.9671
A14 Mondego (road),Road,SSP5-8.5,Baseline,2074,0.688,70231400.00,40397800.00,123357200.00,767200000.00,441400000.00,1347600000.00,,111.9419
A14 Mondego (road),Road,SSP5-8.5,Baseline,2075,0.7,77093800.00,44345000.00,135410800.00,844400000.00,485600000.00,1483000000.00,,122.88
A14 Mondego (road),Road,SSP5-8.5,Baseline,2076,0.712,84618400.00,48673200.00,148627000.00,929000000.00,534400000.00,1631800000.00,,134.8734
A14 Mondego (road),Road,SSP5-8.5,Baseline,2077,0.724,92868200.00,53418600.00,163117400.00,1021800000.00,587800000.00,1794800000.00,,148.0228
A14 Mondego (road),Road,SSP5-8.5,Baseline,2078,0.736,101912600.00,58621000.00,179003200.00,1123800000.00,646400000.00,1973800000.00,,162.4386
A14 Mondego (road),Road,SSP5-8.5,Baseline,2079,0.748,111827200.00,64324000.00,196417800.00,1235600000.00,710800000.00,2170200000.00,,178.2415
A14 Mondego (road),Road,SSP5-8.5,Baseline,2080,0.76,122695000.00,70575400.00,215506400.00,1358200000.00,781200000.00,2385800000.00,,195.5638
A14 Mondego (road),Road,SSP5-8.5,Baseline,2081,0.772,134606800.00,77427200.00,236428800.00,1492800000.00,858800000.00,2622200000.00,,214.5501
A14 Mondego (road),Road,SSP5-8.5,Baseline,2082,0.784,147662000.00,84936600.00,259359400.00,1640600000.00,943600000.00,2881600000.00,,235.3587
A14 Mondego (road),Road,SSP5-8.5,Baseline,2083,0.796,161969200.00,93166200.00,284489000.00,1802600000.00,1036800000.00,3166000000.00,,258.1629
A14 Mondego (road),Road,SSP5-8.5,Baseline,2084,0.808,177647400.00,102184400.00,312026800.00,1980200000.00,1139000000.00,3478000000.00,,283.1523
A14 Mondego (road),Road,SSP5-8.5,Baseline,2085,0.82,194826800.00,112066200.00,342201400.00,2175000000.00,1251000000.00,3820200000.00,,310.5345
A14 Mondego (road),Road,SSP5-8.5,Baseline,2086,0.832,213649800.00,122893400.00,375262800.00,2388600000.00,1374000000.00,4195600000.00,,340.5366
A14 Mondego (road),Road,SSP5-8.5,Baseline,2087,0.844,228998000.00,131721600.00,402221000.00,2617600000.00,1505600000.00,4597800000.00,,365.0
A14 Mondego (road),Road,SSP5-8.5,Baseline,2088,0.856,228998000.00,131721600.00,402221000.00,2846600000.00,1637400000.00,5000000000.00,,365.0
A14 Mondego (road),Road,SSP5-8.5,Baseline,2089,0.868,228998000.00,131721600.00,402221000.00,3075600000.00,1769200000.00,5402200000.00,,365.0
A14 Mondego (road),Road,SSP5-8.5,Baseline,2090,0.88,228998000.00,131721600.00,402221000.00,3304600000.00,1900800000.00,5804400000.00,,365.0
A14 Mondego (road),Road,SSP5-8.5,Baseline,2091,0.892,228998000.00,131721600.00,402221000.00,3533600000.00,2032600000.00,6206600000.00,,365.0
A14 Mondego (road),Road,SSP5-8.5,Baseline,2092,0.904,228998000.00,131721600.00,402221000.00,3762600000.00,2164400000.00,6608800000.00,,365.0
A14 Mondego (road),Road,SSP5-8.5,Baseline,2093,0.916,228998000.00,131721600.00,402221000.00,3991600000.00,2296000000.00,7011000000.00,,365.0
A14 Mondego (road),Road,SSP5-8.5,Baseline,2094,0.928,228998000.00,131721600.00,402221000.00,4220600000.00,2427800000.00,7413200000.00,,365.0
A14 Mondego (road),Road,SSP5-8.5,Baseline,2095,0.94,228998000.00,131721600.00,402221000.00,4449600000.00,2559400000.00,7815600000.00,,365.0
A14 Mondego (road),Road,SSP5-8.5,Baseline,2096,0.952,228998000.00,131721600.00,402221000.00,4678600000.00,2691200000.00,8217800000.00,,365.0
A14 Mondego (road),Road,SSP5-8.5,Baseline,2097,0.964,228998000.00,131721600.00,402221000.00,4907600000.00,2823000000.00,8620000000.00,,365.0
A14 Mondego (road),Road,SSP5-8.5,Baseline,2098,0.976,228998000.00,131721600.00,402221000.00,5136600000.00,2954600000.00,9022200000.00,,365.0
A14 Mondego (road),Road,SSP5-8.5,Baseline,2099,0.988,228998000.00,131721600.00,402221000.00,5365600000.00,3086400000.00,9424400000.00,,365.0
A14 Mondego (road),Road,SSP5-8.5,Baseline,2100,1.0,228998000.00,131721600.00,402221000.00,5594600000.00,3218000000.00,9826600000.00,,365.0
A14 Mondego (road),Road,SSP5-8.5,+Geoid,2025,0.215,1592800.00,916200.00,2797600.00,1600000.00,1000000.00,2800000.00,,2.5387
A14 Mondego (road),Road,SSP5-8.5,+Geoid,2026,0.228,1774600.00,1020800.00,3117000.00,3400000.00,2000000.00,6000000.00,,2.8286
A14 Mondego (road),Road,SSP5-8.5,+Geoid,2027,0.241,1976600.00,1137000.00,3471800.00,5400000.00,3000000.00,9400000.00,,3.1506
A14 Mondego (road),Road,SSP5-8.5,+Geoid,2028,0.254,2201000.00,1266000.00,3865800.00,7600000.00,4400000.00,13200000.00,,3.5081
A14 Mondego (road),Road,SSP5-8.5,+Geoid,2029,0.267,2450000.00,1409200.00,4303400.00,10000000.00,5800000.00,17600000.00,,3.9051
A14 Mondego (road),Road,SSP5-8.5,+Geoid,2030,0.28,2726600.00,1568400.00,4789000.00,12800000.00,7400000.00,22400000.00,,4.3458
A14 Mondego (road),Road,SSP5-8.5,+Geoid,2031,0.294,3058200.00,1759200.00,5371600.00,15800000.00,9000000.00,27800000.00,,4.8746
A14 Mondego (road),Road,SSP5-8.5,+Geoid,2032,0.308,3429400.00,1972600.00,6023400.00,19200000.00,11000000.00,33800000.00,,5.4661
A14 Mondego (road),Road,SSP5-8.5,+Geoid,2033,0.322,3844200.00,2211200.00,6752200.00,23000000.00,13200000.00,40400000.00,,6.1274
A14 Mondego (road),Road,SSP5-8.5,+Geoid,2034,0.336,4308200.00,2478200.00,7567000.00,27400000.00,15800000.00,48000000.00,,6.8668
A14 Mondego (road),Road,SSP5-8.5,+Geoid,2035,0.35,4826800.00,2776400.00,8477800.00,32200000.00,18600000.00,56600000.00,,7.6933
A14 Mondego (road),Road,SSP5-8.5,+Geoid,2036,0.364,5406200.00,3109600.00,9495600.00,37600000.00,21600000.00,66000000.00,,8.6169
A14 Mondego (road),Road,SSP5-8.5,+Geoid,2037,0.378,6053600.00,3482200.00,10632800.00,43600000.00,25200000.00,76600000.00,,9.6489
A14 Mondego (road),Road,SSP5-8.5,+Geoid,2038,0.392,6776800.00,3898200.00,11903200.00,50400000.00,29000000.00,88600000.00,,10.8017
A14 Mondego (road),Road,SSP5-8.5,+Geoid,2039,0.406,7584800.00,4362800.00,13322000.00,58000000.00,33400000.00,101800000.00,,12.0893
A14 Mondego (road),Road,SSP5-8.5,+Geoid,2040,0.42,8486800.00,4881600.00,14906400.00,66400000.00,38200000.00,116800000.00,,13.5271
A14 Mondego (road),Road,SSP5-8.5,+Geoid,2041,0.433,9418200.00,5417400.00,16542600.00,76000000.00,43600000.00,133400000.00,,15.0118
A14 Mondego (road),Road,SSP5-8.5,+Geoid,2042,0.446,10450000.00,6010800.00,18354600.00,86400000.00,49600000.00,151600000.00,,16.6562
A14 Mondego (road),Road,SSP5-8.5,+Geoid,2043,0.459,11592400.00,6668000.00,20361400.00,98000000.00,56400000.00,172000000.00,,18.4772
A14 Mondego (road),Road,SSP5-8.5,+Geoid,2044,0.472,12857400.00,7395800.00,22583400.00,110800000.00,63800000.00,194600000.00,,20.4936
A14 Mondego (road),Road,SSP5-8.5,+Geoid,2045,0.485,14258000.00,8201400.00,25043400.00,125000000.00,72000000.00,219600000.00,,22.7259
A14 Mondego (road),Road,SSP5-8.5,+Geoid,2046,0.498,15808400.00,9093200.00,27766600.00,140800000.00,81000000.00,247400000.00,,25.1971
A14 Mondego (road),Road,SSP5-8.5,+Geoid,2047,0.511,17524400.00,10080200.00,30780600.00,158400000.00,91200000.00,278200000.00,,27.9322
A14 Mondego (road),Road,SSP5-8.5,+Geoid,2048,0.524,19423400.00,11172600.00,34116000.00,177800000.00,102200000.00,312400000.00,,30.959
A14 Mondego (road),Road,SSP5-8.5,+Geoid,2049,0.537,21524800.00,12381200.00,37807000.00,199400000.00,114600000.00,350200000.00,,34.3083
A14 Mondego (road),Road,SSP5-8.5,+Geoid,2050,0.55,23849600.00,13718600.00,41890600.00,223200000.00,128400000.00,392000000.00,,38.0141
A14 Mondego (road),Road,SSP5-8.5,+Geoid,2051,0.562,26214600.00,15078800.00,46044200.00,249400000.00,143400000.00,438000000.00,,41.7833
A14 Mondego (road),Road,SSP5-8.5,+Geoid,2052,0.574,28810200.00,16571800.00,50603200.00,278200000.00,160000000.00,488600000.00,,45.9205
A14 Mondego (road),Road,SSP5-8.5,+Geoid,2053,0.586,31658800.00,18210400.00,55606800.00,309800000.00,178200000.00,544200000.00,,50.461
A14 Mondego (road),Road,SSP5-8.5,+Geoid,2054,0.598,34784800.00,20008600.00,61097600.00,344600000.00,198200000.00,605400000.00,,55.4436
A14 Mondego (road),Road,SSP5-8.5,+Geoid,2055,0.61,38215000.00,21981600.00,67122400.00,382800000.00,220200000.00,672600000.00,,60.911
A14 Mondego (road),Road,SSP5-8.5,+Geoid,2056,0.622,41978600.00,24146400.00,73732800.00,424800000.00,244400000.00,746200000.00,,66.9098
A14 Mondego (road),Road,SSP5-8.5,+Geoid,2057,0.634,46107600.00,26521400.00,80985000.00,471000000.00,271000000.00,827200000.00,,73.4908
A14 Mondego (road),Road,SSP5-8.5,+Geoid,2058,0.646,50636800.00,29126800.00,88940600.00,521600000.00,300000000.00,916200000.00,,80.7102
A14 Mondego (road),Road,SSP5-8.5,+Geoid,2059,0.658,55605000.00,31984600.00,97667000.00,577200000.00,332000000.00,1013800000.00,,88.629
A14 Mondego (road),Road,SSP5-8.5,+Geoid,2060,0.67,61054200.00,35119000.00,107238000.00,638200000.00,367200000.00,1121000000.00,,97.3143
A14 Mondego (road),Road,SSP5-8.5,+Geoid,2061,0.682,67030200.00,38556400.00,117734600.00,705200000.00,405600000.00,1238800000.00,,106.8395
A14 Mondego (road),Road,SSP5-8.5,+Geoid,2062,0.694,73583600.00,42326000.00,129245200.00,778800000.00,448000000.00,1368000000.00,,117.285
A14 Mondego (road),Road,SSP5-8.5,+Geoid,2063,0.706,80769600.00,46459400.00,141866800.00,859600000.00,494400000.00,1510000000.00,,128.7387
A14 Mondego (road),Road,SSP5-8.5,+Geoid,2064,0.718,88648400.00,50991400.00,155705600.00,948400000.00,545400000.00,1665600000.00,,141.2969
A14 Mondego (road),Road,SSP5-8.5,+Geoid,2065,0.73,97286600.00,55960200.00,170877800.00,1045600000.00,601400000.00,1836600000.00,,155.0651
A14 Mondego (road),Road,SSP5-8.5,+Geoid,2066,0.742,106756200.00,61407000.00,187510600.00,1152400000.00,662800000.00,2024000000.00,,170.1587
A14 Mondego (road),Road,SSP5-8.5,+Geoid,2067,0.754,117136600.00,67378000.00,205743200.00,1269400000.00,730200000.00,2229800000.00,,186.704
A14 Mondego (road),Road,SSP5-8.5,+Geoid,2068,0.766,128514400.00,73922800.00,225728000.00,1398000000.00,804200000.00,2455400000.00,,204.8394
A14 Mondego (road),Road,SSP5-8.5,+Geoid,2069,0.778,140985000.00,81095800.00,247631600.00,1539000000.00,885200000.00,2703200000.00,,224.7161
A14 Mondego (road),Road,SSP5-8.5,+Geoid,2070,0.79,154652000.00,88957200.00,271636800.00,1693600000.00,974200000.00,2974800000.00,,246.4999
A14 Mondego (road),Road,SSP5-8.5,+Geoid,2071,0.802,169629000.00,97572200.00,297943000.00,1863200000.00,1071800000.00,3272800000.00,,270.3719
A14 Mondego (road),Road,SSP5-8.5,+Geoid,2072,0.814,186040800.00,107012400.00,326769400.00,2049400000.00,1178800000.00,3599400000.00,,296.5306
A14 Mondego (road),Road,SSP5-8.5,+Geoid,2073,0.826,204023400.00,117356200.00,358354600.00,2253400000.00,1296200000.00,3957800000.00,,325.1931
A14 Mondego (road),Road,SSP5-8.5,+Geoid,2074,0.838,223725800.00,128689200.00,392960800.00,2477000000.00,1424800000.00,4350800000.00,,356.5968
A14 Mondego (road),Road,SSP5-8.5,+Geoid,2075,0.85,228998000.00,131721600.00,402221000.00,2706000000.00,1556600000.00,4753000000.00,,365.0
A14 Mondego (road),Road,SSP5-8.5,+Geoid,2076,0.862,228998000.00,131721600.00,402221000.00,2935000000.00,1688200000.00,5155200000.00,,365.0
A14 Mondego (road),Road,SSP5-8.5,+Geoid,2077,0.874,228998000.00,131721600.00,402221000.00,3164000000.00,1820000000.00,5557400000.00,,365.0
A14 Mondego (road),Road,SSP5-8.5,+Geoid,2078,0.886,228998000.00,131721600.00,402221000.00,3393000000.00,1951800000.00,5959600000.00,,365.0
A14 Mondego (road),Road,SSP5-8.5,+Geoid,2079,0.898,228998000.00,131721600.00,402221000.00,3622000000.00,2083400000.00,6361800000.00,,365.0
A14 Mondego (road),Road,SSP5-8.5,+Geoid,2080,0.91,228998000.00,131721600.00,402221000.00,3851000000.00,2215200000.00,6764200000.00,,365.0
A14 Mondego (road),Road,SSP5-8.5,+Geoid,2081,0.922,228998000.00,131721600.00,402221000.00,4080000000.00,2346800000.00,7166400000.00,,365.0
A14 Mondego (road),Road,SSP5-8.5,+Geoid,2082,0.934,228998000.00,131721600.00,402221000.00,4309000000.00,2478600000.00,7568600000.00,,365.0
A14 Mondego (road),Road,SSP5-8.5,+Geoid,2083,0.946,228998000.00,131721600.00,402221000.00,4538000000.00,2610400000.00,7970800000.00,,365.0
A14 Mondego (road),Road,SSP5-8.5,+Geoid,2084,0.958,228998000.00,131721600.00,402221000.00,4767000000.00,2742000000.00,8373000000.00,,365.0
A14 Mondego (road),Road,SSP5-8.5,+Geoid,2085,0.97,228998000.00,131721600.00,402221000.00,4996000000.00,2873800000.00,8775200000.00,,365.0
A14 Mondego (road),Road,SSP5-8.5,+Geoid,2086,0.982,228998000.00,131721600.00,402221000.00,5225000000.00,3005400000.00,9177400000.00,,365.0
A14 Mondego (road),Road,SSP5-8.5,+Geoid,2087,0.994,228998000.00,131721600.00,402221000.00,5454000000.00,3137200000.00,9579600000.00,,365.0
A14 Mondego (road),Road,SSP5-8.5,+Geoid,2088,1.006,228998000.00,131721600.00,402221000.00,5683000000.00,3269000000.00,9981800000.00,,365.0
A14 Mondego (road),Road,SSP5-8.5,+Geoid,2089,1.018,228998000.00,131721600.00,402221000.00,5912000000.00,3400600000.00,10384200000.00,,365.0
A14 Mondego (road),Road,SSP5-8.5,+Geoid,2090,1.03,228998000.00,131721600.00,402221000.00,6141000000.00,3532400000.00,10786400000.00,,365.0
A14 Mondego (road),Road,SSP5-8.5,+Geoid,2091,1.042,228998000.00,131721600.00,402221000.00,6370000000.00,3664000000.00,11188600000.00,,365.0
A14 Mondego (road),Road,SSP5-8.5,+Geoid,2092,1.054,228998000.00,131721600.00,402221000.00,6599000000.00,3795800000.00,11590800000.00,,365.0
A14 Mondego (road),Road,SSP5-8.5,+Geoid,2093,1.066,228998000.00,131721600.00,402221000.00,6828000000.00,3927600000.00,11993000000.00,,365.0
A14 Mondego (road),Road,SSP5-8.5,+Geoid,2094,1.078,228998000.00,131721600.00,402221000.00,7057000000.00,4059200000.00,12395200000.00,,365.0
A14 Mondego (road),Road,SSP5-8.5,+Geoid,2095,1.09,228998000.00,131721600.00,402221000.00,7286000000.00,4191000000.00,12797400000.00,,365.0
A14 Mondego (road),Road,SSP5-8.5,+Geoid,2096,1.102,228998000.00,131721600.00,402221000.00,7515000000.00,4322600000.00,13199600000.00,,365.0
A14 Mondego (road),Road,SSP5-8.5,+Geoid,2097,1.114,228998000.00,131721600.00,402221000.00,7744000000.00,4454400000.00,13601800000.00,,365.0
A14 Mondego (road),Road,SSP5-8.5,+Geoid,2098,1.126,228998000.00,131721600.00,402221000.00,7973000000.00,4586200000.00,14004000000.00,,365.0
A14 Mondego (road),Road,SSP5-8.5,+Geoid,2099,1.138,228998000.00,131721600.00,402221000.00,8202000000.00,4717800000.00,14406400000.00,,365.0
A14 Mondego (road),Road,SSP5-8.5,+Geoid,2100,1.15,228998000.00,131721600.00,402221000.00,8431000000.00,4849600000.00,14808600000.00,,365.0
Faro–Olhão (railway),Railway,SSP1-2.6,Baseline,2025,0.035,4200.00,2200.00,10000.00,0.00,0.00,0.00,,0.1023
Faro–Olhão (railway),Railway,SSP1-2.6,Baseline,2026,0.042,4400.00,2400.00,10600.00,0.00,0.00,0.00,,0.1088
Faro–Olhão (railway),Railway,SSP1-2.6,Baseline,2027,0.049,4800.00,2600.00,11200.00,0.00,0.00,0.00,,0.1157
Faro–Olhão (railway),Railway,SSP1-2.6,Baseline,2028,0.056,5000.00,2600.00,12000.00,0.00,0.00,0.00,,0.123
Faro–Olhão (railway),Railway,SSP1-2.6,Baseline,2029,0.063,5400.00,2800.00,12800.00,0.00,0.00,0.00,,0.1307
Faro–Olhão (railway),Railway,SSP1-2.6,Baseline,2030,0.07,5600.00,3000.00,13600.00,0.00,0.00,0.00,,0.1389
Faro–Olhão (railway),Railway,SSP1-2.6,Baseline,2031,0.076,6000.00,3200.00,14200.00,0.00,0.00,0.00,,0.1463
Faro–Olhão (railway),Railway,SSP1-2.6,Baseline,2032,0.082,6400.00,3400.00,15000.00,0.00,0.00,0.00,,0.1541
Faro–Olhão (railway),Railway,SSP1-2.6,Baseline,2033,0.088,6600.00,3600.00,15800.00,0.00,0.00,200000.00,,0.1623
Faro–Olhão (railway),Railway,SSP1-2.6,Baseline,2034,0.094,7000.00,3800.00,16600.00,0.00,0.00,200000.00,,0.1709
Faro–Olhão (railway),Railway,SSP1-2.6,Baseline,2035,0.1,7400.00,4000.00,17600.00,0.00,0.00,200000.00,,0.18
Faro–Olhão (railway),Railway,SSP1-2.6,Baseline,2036,0.106,7800.00,4200.00,18600.00,0.00,0.00,200000.00,,0.1895
Faro–Olhão (railway),Railway,SSP1-2.6,Baseline,2037,0.112,8200.00,4400.00,19400.00,0.00,0.00,200000.00,,0.1995
Faro–Olhão (railway),Railway,SSP1-2.6,Baseline,2038,0.118,8600.00,4600.00,20600.00,0.00,0.00,200000.00,,0.21
Faro–Olhão (railway),Railway,SSP1-2.6,Baseline,2039,0.124,9000.00,4800.00,21600.00,0.00,0.00,200000.00,,0.2211
Faro–Olhão (railway),Railway,SSP1-2.6,Baseline,2040,0.13,9600.00,5000.00,22800.00,200000.00,0.00,200000.00,,0.2327
Faro–Olhão (railway),Railway,SSP1-2.6,Baseline,2041,0.137,10200.00,5400.00,24200.00,200000.00,0.00,200000.00,,0.247
Faro–Olhão (railway),Railway,SSP1-2.6,Baseline,2042,0.144,10800.00,5600.00,25600.00,200000.00,0.00,400000.00,,0.2621
Faro–Olhão (railway),Railway,SSP1-2.6,Baseline,2043,0.151,11400.00,6000.00,27200.00,200000.00,0.00,400000.00,,0.2781
Faro–Olhão (railway),Railway,SSP1-2.6,Baseline,2044,0.158,12000.00,6400.00,28800.00,200000.00,0.00,400000.00,,0.2951
Faro–Olhão (railway),Railway,SSP1-2.6,Baseline,2045,0.165,12800.00,6800.00,30600.00,200000.00,0.00,400000.00,,0.313
Faro–Olhão (railway),Railway,SSP1-2.6,Baseline,2046,0.172,13600.00,7200.00,32400.00,200000.00,0.00,400000.00,,0.3321
Faro–Olhão (railway),Railway,SSP1-2.6,Baseline,2047,0.179,14400.00,7600.00,34400.00,200000.00,200000.00,400000.00,,0.3522
Faro–Olhão (railway),Railway,SSP1-2.6,Baseline,2048,0.186,15200.00,8200.00,36400.00,200000.00,200000.00,400000.00,,0.3735
Faro–Olhão (railway),Railway,SSP1-2.6,Baseline,2049,0.193,16200.00,8600.00,38600.00,200000.00,200000.00,600000.00,,0.3961
Faro–Olhão (railway),Railway,SSP1-2.6,Baseline,2050,0.2,17200.00,9200.00,41000.00,200000.00,200000.00,600000.00,,0.42
Faro–Olhão (railway),Railway,SSP1-2.6,Baseline,2051,0.204,17800.00,9400.00,42400.00,200000.00,200000.00,600000.00,,0.4343
Faro–Olhão (railway),Railway,SSP1-2.6,Baseline,2052,0.208,18400.00,9800.00,43800.00,200000.00,200000.00,600000.00,,0.449
Faro–Olhão (railway),Railway,SSP1-2.6,Baseline,2053,0.212,19000.00,10000.00,45400.00,200000.00,200000.00,800000.00,,0.4643
Faro–Olhão (railway),Railway,SSP1-2.6,Baseline,2054,0.216,19600.00,10400.00,46800.00,400000.00,200000.00,800000.00,,0.48
Faro–Olhão (railway),Railway,SSP1-2.6,Baseline,2055,0.22,20400.00,10800.00,48400.00,400000.00,200000.00,800000.00,,0.4962
Faro–Olhão (railway),Railway,SSP1-2.6,Baseline,2056,0.224,21000.00,11200.00,50000.00,400000.00,200000.00,800000.00,,0.513
Faro–Olhão (railway),Railway,SSP1-2.6,Baseline,2057,0.228,21800.00,11600.00,51800.00,400000.00,200000.00,1000000.00,,0.5304
Faro–Olhão (railway),Railway,SSP1-2.6,Baseline,2058,0.232,22400.00,12000.00,53600.00,400000.00,200000.00,1000000.00,,0.5483
Faro–Olhão (railway),Railway,SSP1-2.6,Baseline,2059,0.236,23200.00,12400.00,55400.00,400000.00,200000.00,1000000.00,,0.5668
Faro–Olhão (railway),Railway,SSP1-2.6,Baseline,2060,0.24,24000.00,12800.00,57200.00,400000.00,200000.00,1000000.00,,0.5859
Faro–Olhão (railway),Railway,SSP1-2.6,Baseline,2061,0.244,24800.00,13200.00,59200.00,400000.00,200000.00,1200000.00,,0.6056
Faro–Olhão (railway),Railway,SSP1-2.6,Baseline,2062,0.248,25600.00,13600.00,61200.00,400000.00,200000.00,1200000.00,,0.626
Faro–Olhão (railway),Railway,SSP1-2.6,Baseline,2063,0.252,26400.00,14000.00,63200.00,600000.00,200000.00,1200000.00,,0.647
Faro–Olhão (railway),Railway,SSP1-2.6,Baseline,2064,0.256,27400.00,14600.00,65400.00,600000.00,200000.00,1400000.00,,0.6687
Faro–Olhão (railway),Railway,SSP1-2.6,Baseline,2065,0.26,28400.00,15000.00,67400.00,600000.00,400000.00,1400000.00,,0.6912
Faro–Olhão (railway),Railway,SSP1-2.6,Baseline,2066,0.264,29200.00,15600.00,69800.00,600000.00,400000.00,1400000.00,,0.7143
Faro–Olhão (railway),Railway,SSP1-2.6,Baseline,2067,0.268,30200.00,16000.00,72000.00,600000.00,400000.00,1600000.00,,0.7383
Faro–Olhão (railway),Railway,SSP1-2.6,Baseline,2068,0.272,31200.00,16600.00,74600.00,600000.00,400000.00,1600000.00,,0.763
Faro–Olhão (railway),Railway,SSP1-2.6,Baseline,2069,0.276,32200.00,17200.00,77000.00,800000.00,400000.00,1600000.00,,0.7885
Faro–Olhão (railway),Railway,SSP1-2.6,Baseline,2070,0.28,33400.00,17800.00,79600.00,800000.00,400000.00,1800000.00,,0.8148
Faro–Olhão (railway),Railway,SSP1-2.6,Baseline,2071,0.284,34400.00,18400.00,82200.00,800000.00,400000.00,1800000.00,,0.842
Faro–Olhão (railway),Railway,SSP1-2.6,Baseline,2072,0.288,35600.00,19000.00,85000.00,800000.00,400000.00,2000000.00,,0.8701
Faro–Olhão (railway),Railway,SSP1-2.6,Baseline,2073,0.292,36800.00,19600.00,87800.00,800000.00,400000.00,2000000.00,,0.8991
Faro–Olhão (railway),Railway,SSP1-2.6,Baseline,2074,0.296,38000.00,20200.00,90800.00,800000.00,400000.00,2200000.00,,0.9291
Faro–Olhão (railway),Railway,SSP1-2.6,Baseline,2075,0.3,39400.00,20800.00,93800.00,1000000.00,400000.00,2200000.00,,0.96
Faro–Olhão (railway),Railway,SSP1-2.6,Baseline,2076,0.304,40600.00,21600.00,96800.00,1000000.00,600000.00,2200000.00,,0.9919
Faro–Olhão (railway),Railway,SSP1-2.6,Baseline,2077,0.308,42000.00,22200.00,100000.00,1000000.00,600000.00,2400000.00,,1.0249
Faro–Olhão (railway),Railway,SSP1-2.6,Baseline,2078,0.312,43400.00,23000.00,103400.00,1000000.00,600000.00,2400000.00,,1.0589
Faro–Olhão (railway),Railway,SSP1-2.6,Baseline,2079,0.316,44800.00,23800.00,106800.00,1000000.00,600000.00,2600000.00,,1.094
Faro–Olhão (railway),Railway,SSP1-2.6,Baseline,2080,0.32,46200.00,24600.00,110400.00,1200000.00,600000.00,2800000.00,,1.1303
Faro–Olhão (railway),Railway,SSP1-2.6,Baseline,2081,0.324,47800.00,25400.00,114000.00,1200000.00,600000.00,2800000.00,,1.1678
Faro–Olhão (railway),Railway,SSP1-2.6,Baseline,2082,0.328,49400.00,26200.00,117800.00,1200000.00,600000.00,3000000.00,,1.2064
Faro–Olhão (railway),Railway,SSP1-2.6,Baseline,2083,0.332,51000.00,27000.00,121800.00,1200000.00,600000.00,3000000.00,,1.2463
Faro–Olhão (railway),Railway,SSP1-2.6,Baseline,2084,0.336,52800.00,28000.00,125800.00,1400000.00,800000.00,3200000.00,,1.2875
Faro–Olhão (railway),Railway,SSP1-2.6,Baseline,2085,0.34,54400.00,29000.00,129800.00,1400000.00,800000.00,3400000.00,,1.3301
Faro–Olhão (railway),Railway,SSP1-2.6,Baseline,2086,0.344,56200.00,29800.00,134200.00,1400000.00,800000.00,3400000.00,,1.374
Faro–Olhão (railway),Railway,SSP1-2.6,Baseline,2087,0.348,58200.00,30800.00,138600.00,1600000.00,800000.00,3600000.00,,1.4193
Faro–Olhão (railway),Railway,SSP1-2.6,Baseline,2088,0.352,60000.00,31800.00,143200.00,1600000.00,800000.00,3800000.00,,1.4661
Faro–Olhão (railway),Railway,SSP1-2.6,Baseline,2089,0.356,62000.00,33000.00,147800.00,1600000.00,800000.00,3800000.00,,1.5144
Faro–Olhão (railway),Railway,SSP1-2.6,Baseline,2090,0.36,64000.00,34000.00,152800.00,1600000.00,800000.00,4000000.00,,1.5642
Faro–Olhão (railway),Railway,SSP1-2.6,Baseline,2091,0.364,66200.00,35200.00,157800.00,1800000.00,1000000.00,4200000.00,,1.6157
Faro–Olhão (railway),Railway,SSP1-2.6,Baseline,2092,0.368,68400.00,36200.00,163000.00,1800000.00,1000000.00,4400000.00,,1.6688
Faro–Olhão (railway),Railway,SSP1-2.6,Baseline,2093,0.372,70600.00,37400.00,168400.00,1800000.00,1000000.00,4600000.00,,1.7236
Faro–Olhão (railway),Railway,SSP1-2.6,Baseline,2094,0.376,72800.00,38600.00,173800.00,2000000.00,1000000.00,4800000.00,,1.7802
Faro–Olhão (railway),Railway,SSP1-2.6,Baseline,2095,0.38,75200.00,40000.00,179600.00,2000000.00,1000000.00,4800000.00,,1.8386
Faro–Olhão (railway),Railway,SSP1-2.6,Baseline,2096,0.384,77800.00,41200.00,185400.00,2200000.00,1200000.00,5000000.00,,1.8989
Faro–Olhão (railway),Railway,SSP1-2.6,Baseline,2097,0.388,80400.00,42600.00,191600.00,2200000.00,1200000.00,5200000.00,,1.9611
Faro–Olhão (railway),Railway,SSP1-2.6,Baseline,2098,0.392,83000.00,44000.00,197800.00,2200000.00,1200000.00,5400000.00,,2.0253
Faro–Olhão (railway),Railway,SSP1-2.6,Baseline,2099,0.396,85600.00,45400.00,204200.00,2400000.00,1200000.00,5600000.00,,2.0916
Faro–Olhão (railway),Railway,SSP1-2.6,Baseline,2100,0.4,88400.00,47000.00,211000.00,2400000.00,1400000.00,5800000.00,,2.16
Faro–Olhão (railway),Railway,SSP1-2.6,+Geoid,2025,0.185,15200.00,8000.00,36200.00,0.00,0.00,0.00,,0.3704
Faro–Olhão (railway),Railway,SSP1-2.6,+Geoid,2026,0.192,16000.00,8600.00,38400.00,0.00,0.00,0.00,,0.3928
Faro–Olhão (railway),Railway,SSP1-2.6,+Geoid,2027,0.199,17000.00,9000.00,40600.00,0.00,0.00,200000.00,,0.4165
Faro–Olhão (railway),Railway,SSP1-2.6,+Geoid,2028,0.206,18000.00,9600.00,43200.00,0.00,0.00,200000.00,,0.4416
Faro–Olhão (railway),Railway,SSP1-2.6,+Geoid,2029,0.213,19200.00,10200.00,45800.00,0.00,0.00,200000.00,,0.4681
Faro–Olhão (railway),Railway,SSP1-2.6,+Geoid,2030,0.22,20400.00,10800.00,48400.00,200000.00,0.00,200000.00,,0.4962
Faro–Olhão (railway),Railway,SSP1-2.6,+Geoid,2031,0.226,21400.00,11400.00,51000.00,200000.00,0.00,400000.00,,0.5216
Faro–Olhão (railway),Railway,SSP1-2.6,+Geoid,2032,0.232,22400.00,12000.00,53600.00,200000.00,0.00,400000.00,,0.5483
Faro–Olhão (railway),Railway,SSP1-2.6,+Geoid,2033,0.238,23600.00,12600.00,56200.00,200000.00,0.00,400000.00,,0.5762
Faro–Olhão (railway),Railway,SSP1-2.6,+Geoid,2034,0.244,24800.00,13200.00,59200.00,200000.00,200000.00,400000.00,,0.6056
Faro–Olhão (railway),Railway,SSP1-2.6,+Geoid,2035,0.25,26000.00,13800.00,62200.00,200000.00,200000.00,600000.00,,0.6364
Faro–Olhão (railway),Railway,SSP1-2.6,+Geoid,2036,0.256,27400.00,14600.00,65400.00,200000.00,200000.00,600000.00,,0.6687
Faro–Olhão (railway),Railway,SSP1-2.6,+Geoid,2037,0.262,28800.00,15200.00,68600.00,200000.00,200000.00,600000.00,,0.7027
Faro–Olhão (railway),Railway,SSP1-2.6,+Geoid,2038,0.268,30200.00,16000.00,72000.00,400000.00,200000.00,800000.00,,0.7383
Faro–Olhão (railway),Railway,SSP1-2.6,+Geoid,2039,0.274,31800.00,16800.00,75800.00,400000.00,200000.00,800000.00,,0.7756
Faro–Olhão (railway),Railway,SSP1-2.6,+Geoid,2040,0.28,33400.00,17800.00,79600.00,400000.00,200000.00,800000.00,,0.8148
Faro–Olhão (railway),Railway,SSP1-2.6,+Geoid,2041,0.287,35400.00,18800.00,84200.00,400000.00,200000.00,1000000.00,,0.863
Faro–Olhão (railway),Railway,SSP1-2.6,+Geoid,2042,0.294,37400.00,19800.00,89200.00,400000.00,200000.00,1000000.00,,0.914
Faro–Olhão (railway),Railway,SSP1-2.6,+Geoid,2043,0.301,39600.00,21000.00,94600.00,400000.00,200000.00,1200000.00,,0.9679
Faro–Olhão (railway),Railway,SSP1-2.6,+Geoid,2044,0.308,42000.00,22200.00,100000.00,600000.00,200000.00,1200000.00,,1.0249
Faro–Olhão (railway),Railway,SSP1-2.6,+Geoid,2045,0.315,44400.00,23600.00,106000.00,600000.00,400000.00,1400000.00,,1.0852
Faro–Olhão (railway),Railway,SSP1-2.6,+Geoid,2046,0.322,47000.00,25000.00,112200.00,600000.00,400000.00,1400000.00,,1.1489
Faro–Olhão (railway),Railway,SSP1-2.6,+Geoid,2047,0.329,49800.00,26400.00,118800.00,600000.00,400000.00,1600000.00,,1.2163
Faro–Olhão (railway),Railway,SSP1-2.6,+Geoid,2048,0.336,52800.00,28000.00,125800.00,800000.00,400000.00,1800000.00,,1.2875
Faro–Olhão (railway),Railway,SSP1-2.6,+Geoid,2049,0.343,55800.00,29600.00,133000.00,800000.00,400000.00,1800000.00,,1.3629
Faro–Olhão (railway),Railway,SSP1-2.6,+Geoid,2050,0.35,59000.00,31400.00,140800.00,800000.00,400000.00,2000000.00,,1.4425
Faro–Olhão (railway),Railway,SSP1-2.6,+Geoid,2051,0.354,61000.00,32400.00,145600.00,800000.00,400000.00,2200000.00,,1.49
Faro–Olhão (railway),Railway,SSP1-2.6,+Geoid,2052,0.358,63000.00,33400.00,150200.00,1000000.00,600000.00,2200000.00,,1.5391
Faro–Olhão (railway),Railway,SSP1-2.6,+Geoid,2053,0.362,65200.00,34600.00,155200.00,1000000.00,600000.00,2400000.00,,1.5897
Faro–Olhão (railway),Railway,SSP1-2.6,+Geoid,2054,0.366,67200.00,35600.00,160400.00,1000000.00,600000.00,2600000.00,,1.642
Faro–Olhão (railway),Railway,SSP1-2.6,+Geoid,2055,0.37,69400.00,36800.00,165600.00,1200000.00,600000.00,2800000.00,,1.696
Faro–Olhão (railway),Railway,SSP1-2.6,+Geoid,2056,0.374,71800.00,38000.00,171000.00,1200000.00,600000.00,3000000.00,,1.7517
Faro–Olhão (railway),Railway,SSP1-2.6,+Geoid,2057,0.378,74000.00,39400.00,176600.00,1400000.00,600000.00,3200000.00,,1.8092
Faro–Olhão (railway),Railway,SSP1-2.6,+Geoid,2058,0.382,76600.00,40600.00,182400.00,1400000.00,800000.00,3400000.00,,1.8685
Faro–Olhão (railway),Railway,SSP1-2.6,+Geoid,2059,0.386,79000.00,42000.00,188400.00,1400000.00,800000.00,3400000.00,,1.9297
Faro–Olhão (railway),Railway,SSP1-2.6,+Geoid,2060,0.39,81600.00,43400.00,194600.00,1600000.00,800000.00,3600000.00,,1.993
Faro–Olhão (railway),Railway,SSP1-2.6,+Geoid,2061,0.394,84200.00,44800.00,201000.00,1600000.00,800000.00,3800000.00,,2.0582
Faro–Olhão (railway),Railway,SSP1-2.6,+Geoid,2062,0.398,87000.00,46200.00,207600.00,1800000.00,1000000.00,4000000.00,,2.1255
Faro–Olhão (railway),Railway,SSP1-2.6,+Geoid,2063,0.402,89800.00,47800.00,214400.00,1800000.00,1000000.00,4400000.00,,2.195
Faro–Olhão (railway),Railway,SSP1-2.6,+Geoid,2064,0.406,92800.00,49200.00,221400.00,2000000.00,1000000.00,4600000.00,,2.2667
Faro–Olhão (railway),Railway,SSP1-2.6,+Geoid,2065,0.41,95800.00,50800.00,228600.00,2000000.00,1000000.00,4800000.00,,2.3408
Faro–Olhão (railway),Railway,SSP1-2.6,+Geoid,2066,0.414,99000.00,52600.00,236000.00,2000000.00,1200000.00,5000000.00,,2.4171
Faro–Olhão (railway),Railway,SSP1-2.6,+Geoid,2067,0.418,102200.00,54200.00,243800.00,2200000.00,1200000.00,5200000.00,,2.496
Faro–Olhão (railway),Railway,SSP1-2.6,+Geoid,2068,0.422,105600.00,56000.00,251600.00,2400000.00,1200000.00,5400000.00,,2.5773
Faro–Olhão (railway),Railway,SSP1-2.6,+Geoid,2069,0.426,109000.00,57800.00,259800.00,2400000.00,1200000.00,5800000.00,,2.6613
Faro–Olhão (railway),Railway,SSP1-2.6,+Geoid,2070,0.43,112600.00,59800.00,268400.00,2600000.00,1400000.00,6000000.00,,2.7479
Faro–Olhão (railway),Railway,SSP1-2.6,+Geoid,2071,0.434,116200.00,61600.00,277000.00,2600000.00,1400000.00,6400000.00,,2.8373
Faro–Olhão (railway),Railway,SSP1-2.6,+Geoid,2072,0.438,120000.00,63600.00,286000.00,2800000.00,1400000.00,6600000.00,,2.9296
Faro–Olhão (railway),Railway,SSP1-2.6,+Geoid,2073,0.442,123800.00,65800.00,295400.00,2800000.00,1600000.00,6800000.00,,3.0248
Faro–Olhão (railway),Railway,SSP1-2.6,+Geoid,2074,0.446,127800.00,67800.00,305000.00,3000000.00,1600000.00,7200000.00,,3.123
Faro–Olhão (railway),Railway,SSP1-2.6,+Geoid,2075,0.45,132000.00,70000.00,314800.00,3200000.00,1600000.00,7600000.00,,3.2244
Faro–Olhão (railway),Railway,SSP1-2.6,+Geoid,2076,0.454,136400.00,72400.00,325000.00,3200000.00,1800000.00,7800000.00,,3.329
Faro–Olhão (railway),Railway,SSP1-2.6,+Geoid,2077,0.458,140800.00,74800.00,335600.00,3400000.00,1800000.00,8200000.00,,3.437
Faro–Olhão (railway),Railway,SSP1-2.6,+Geoid,2078,0.462,145400.00,77200.00,346400.00,3600000.00,1800000.00,8600000.00,,3.5483
Faro–Olhão (railway),Railway,SSP1-2.6,+Geoid,2079,0.466,150000.00,79600.00,357800.00,3800000.00,2000000.00,8800000.00,,3.6633
Faro–Olhão (railway),Railway,SSP1-2.6,+Geoid,2080,0.47,154800.00,82200.00,369200.00,3800000.00,2000000.00,9200000.00,,3.7818
Faro–Olhão (railway),Railway,SSP1-2.6,+Geoid,2081,0.474,159800.00,84800.00,381200.00,4000000.00,2200000.00,9600000.00,,3.9042
Faro–Olhão (railway),Railway,SSP1-2.6,+Geoid,2082,0.478,165000.00,87600.00,393600.00,4200000.00,2200000.00,10000000.00,,4.0304
Faro–Olhão (railway),Railway,SSP1-2.6,+Geoid,2083,0.482,170400.00,90400.00,406200.00,4400000.00,2400000.00,10400000.00,,4.1607
Faro–Olhão (railway),Railway,SSP1-2.6,+Geoid,2084,0.486,175800.00,93400.00,419400.00,4600000.00,2400000.00,10800000.00,,4.2951
Faro–Olhão (railway),Railway,SSP1-2.6,+Geoid,2085,0.49,181600.00,96400.00,433000.00,4800000.00,2600000.00,11200000.00,,4.4338
Faro–Olhão (railway),Railway,SSP1-2.6,+Geoid,2086,0.494,187400.00,99400.00,447000.00,5000000.00,2600000.00,11800000.00,,4.5768
Faro–Olhão (railway),Railway,SSP1-2.6,+Geoid,2087,0.498,193400.00,102600.00,461400.00,5200000.00,2800000.00,12200000.00,,4.7244
Faro–Olhão (railway),Railway,SSP1-2.6,+Geoid,2088,0.502,199800.00,106000.00,476200.00,5400000.00,2800000.00,12600000.00,,4.8767
Faro–Olhão (railway),Railway,SSP1-2.6,+Geoid,2089,0.506,206200.00,109400.00,491600.00,5600000.00,3000000.00,13200000.00,,5.0339
Faro–Olhão (railway),Railway,SSP1-2.6,+Geoid,2090,0.51,212800.00,113000.00,507400.00,5800000.00,3000000.00,13600000.00,,5.196
Faro–Olhão (railway),Railway,SSP1-2.6,+Geoid,2091,0.514,219600.00,116600.00,523800.00,6000000.00,3200000.00,14200000.00,,5.3632
Faro–Olhão (railway),Railway,SSP1-2.6,+Geoid,2092,0.518,226600.00,120400.00,540600.00,6200000.00,3200000.00,14800000.00,,5.5357
Faro–Olhão (railway),Railway,SSP1-2.6,+Geoid,2093,0.522,234000.00,124200.00,558000.00,6400000.00,3400000.00,15200000.00,,5.7137
Faro–Olhão (railway),Railway,SSP1-2.6,+Geoid,2094,0.526,241400.00,128200.00,575800.00,6600000.00,3600000.00,15800000.00,,5.8973
Faro–Olhão (railway),Railway,SSP1-2.6,+Geoid,2095,0.53,249200.00,132200.00,594400.00,6800000.00,3600000.00,16400000.00,,6.0868
Faro–Olhão (railway),Railway,SSP1-2.6,+Geoid,2096,0.534,257200.00,136600.00,613400.00,7200000.00,3800000.00,17000000.00,,6.2822
Faro–Olhão (railway),Railway,SSP1-2.6,+Geoid,2097,0.538,265600.00,141000.00,633200.00,7400000.00,4000000.00,17600000.00,,6.4838
Faro–Olhão (railway),Railway,SSP1-2.6,+Geoid,2098,0.542,274000.00,145400.00,653400.00,7600000.00,4000000.00,18400000.00,,6.6918
Faro–Olhão (railway),Railway,SSP1-2.6,+Geoid,2099,0.546,282800.00,150200.00,674400.00,8000000.00,4200000.00,19000000.00,,6.9063
Faro–Olhão (railway),Railway,SSP1-2.6,+Geoid,2100,0.55,291800.00,155000.00,696000.00,8200000.00,4400000.00,19800000.00,,7.1276
Faro–Olhão (railway),Railway,SSP2-4.5,Baseline,2025,0.05,4800.00,2600.00,11400.00,0.00,0.00,0.00,,0.1167
Faro–Olhão (railway),Railway,SSP2-4.5,Baseline,2026,0.06,5200.00,2800.00,12400.00,0.00,0.00,0.00,,0.1273
Faro–Olhão (railway),Railway,SSP2-4.5,Baseline,2027,0.07,5600.00,3000.00,13600.00,0.00,0.00,0.00,,0.1389
Faro–Olhão (railway),Railway,SSP2-4.5,Baseline,2028,0.08,6200.00,3200.00,14800.00,0.00,0.00,0.00,,0.1515
Faro–Olhão (railway),Railway,SSP2-4.5,Baseline,2029,0.09,6800.00,3600.00,16200.00,0.00,0.00,0.00,,0.1651
Faro–Olhão (railway),Railway,SSP2-4.5,Baseline,2030,0.1,7400.00,4000.00,17600.00,0.00,0.00,0.00,,0.18
Faro–Olhão (railway),Railway,SSP2-4.5,Baseline,2031,0.11,8000.00,4200.00,19200.00,0.00,0.00,200000.00,,0.1961
Faro–Olhão (railway),Railway,SSP2-4.5,Baseline,2032,0.12,8800.00,4600.00,20800.00,0.00,0.00,200000.00,,0.2137
Faro–Olhão (railway),Railway,SSP2-4.5,Baseline,2033,0.13,9600.00,5000.00,22800.00,0.00,0.00,200000.00,,0.2327
Faro–Olhão (railway),Railway,SSP2-4.5,Baseline,2034,0.14,10400.00,5600.00,24800.00,0.00,0.00,200000.00,,0.2533
Faro–Olhão (railway),Railway,SSP2-4.5,Baseline,2035,0.15,11200.00,6000.00,27000.00,0.00,0.00,200000.00,,0.2758
Faro–Olhão (railway),Railway,SSP2-4.5,Baseline,2036,0.16,12200.00,6600.00,29400.00,0.00,0.00,200000.00,,0.3001
Faro–Olhão (railway),Railway,SSP2-4.5,Baseline,2037,0.17,13400.00,7000.00,31800.00,200000.00,0.00,200000.00,,0.3265
Faro–Olhão (railway),Railway,SSP2-4.5,Baseline,2038,0.18,14600.00,7800.00,34600.00,200000.00,0.00,200000.00,,0.3552
Faro–Olhão (railway),Railway,SSP2-4.5,Baseline,2039,0.19,15800.00,8400.00,37800.00,200000.00,0.00,400000.00,,0.3863
Faro–Olhão (railway),Railway,SSP2-4.5,Baseline,2040,0.2,17200.00,9200.00,41000.00,200000.00,0.00,400000.00,,0.42
Faro–Olhão (railway),Railway,SSP2-4.5,Baseline,2041,0.21,18600.00,10000.00,44600.00,200000.00,0.00,400000.00,,0.4566
Faro–Olhão (railway),Railway,SSP2-4.5,Baseline,2042,0.22,20400.00,10800.00,48400.00,200000.00,200000.00,400000.00,,0.4962
Faro–Olhão (railway),Railway,SSP2-4.5,Baseline,2043,0.23,22000.00,11800.00,52600.00,200000.00,200000.00,600000.00,,0.5392
Faro–Olhão (railway),Railway,SSP2-4.5,Baseline,2044,0.24,24000.00,12800.00,57200.00,200000.00,200000.00,600000.00,,0.5859
Faro–Olhão (railway),Railway,SSP2-4.5,Baseline,2045,0.25,26000.00,13800.00,62200.00,200000.00,200000.00,600000.00,,0.6364
Faro–Olhão (railway),Railway,SSP2-4.5,Baseline,2046,0.26,28400.00,15000.00,67400.00,200000.00,200000.00,800000.00,,0.6912
Faro–Olhão (railway),Railway,SSP2-4.5,Baseline,2047,0.27,30800.00,16400.00,73200.00,400000.00,200000.00,800000.00,,0.7505
Faro–Olhão (railway),Railway,SSP2-4.5,Baseline,2048,0.28,33400.00,17800.00,79600.00,400000.00,200000.00,800000.00,,0.8148
Faro–Olhão (railway),Railway,SSP2-4.5,Baseline,2049,0.29,36200.00,19200.00,86400.00,400000.00,200000.00,1000000.00,,0.8845
Faro–Olhão (railway),Railway,SSP2-4.5,Baseline,2050,0.3,39400.00,20800.00,93800.00,400000.00,200000.00,1000000.00,,0.96
Faro–Olhão (railway),Railway,SSP2-4.5,Baseline,2051,0.306,41200.00,22000.00,98400.00,400000.00,200000.00,1200000.00,,1.0083
Faro–Olhão (railway),Railway,SSP2-4.5,Baseline,2052,0.312,43400.00,23000.00,103400.00,600000.00,200000.00,1200000.00,,1.0589
Faro–Olhão (railway),Railway,SSP2-4.5,Baseline,2053,0.318,45600.00,24200.00,108600.00,600000.00,400000.00,1400000.00,,1.112
Faro–Olhão (railway),Railway,SSP2-4.5,Baseline,2054,0.324,47800.00,25400.00,114000.00,600000.00,400000.00,1400000.00,,1.1678
Faro–Olhão (railway),Railway,SSP2-4.5,Baseline,2055,0.33,50200.00,26600.00,119800.00,600000.00,400000.00,1600000.00,,1.2262
Faro–Olhão (railway),Railway,SSP2-4.5,Baseline,2056,0.336,52800.00,28000.00,125800.00,800000.00,400000.00,1800000.00,,1.2875
Faro–Olhão (railway),Railway,SSP2-4.5,Baseline,2057,0.342,55400.00,29400.00,132000.00,800000.00,400000.00,1800000.00,,1.3518
Faro–Olhão (railway),Railway,SSP2-4.5,Baseline,2058,0.348,58200.00,30800.00,138600.00,800000.00,400000.00,2000000.00,,1.4193
Faro–Olhão (railway),Railway,SSP2-4.5,Baseline,2059,0.354,61000.00,32400.00,145600.00,800000.00,400000.00,2200000.00,,1.49
Faro–Olhão (railway),Railway,SSP2-4.5,Baseline,2060,0.36,64000.00,34000.00,152800.00,1000000.00,600000.00,2200000.00,,1.5642
Faro–Olhão (railway),Railway,SSP2-4.5,Baseline,2061,0.366,67200.00,35600.00,160400.00,1000000.00,600000.00,2400000.00,,1.642
Faro–Olhão (railway),Railway,SSP2-4.5,Baseline,2062,0.372,70600.00,37400.00,168400.00,1000000.00,600000.00,2600000.00,,1.7236
Faro–Olhão (railway),Railway,SSP2-4.5,Baseline,2063,0.378,74000.00,39400.00,176600.00,1200000.00,600000.00,2800000.00,,1.8092
Faro–Olhão (railway),Railway,SSP2-4.5,Baseline,2064,0.384,77800.00,41200.00,185400.00,1200000.00,600000.00,3000000.00,,1.8989
Faro–Olhão (railway),Railway,SSP2-4.5,Baseline,2065,0.39,81600.00,43400.00,194600.00,1400000.00,800000.00,3200000.00,,1.993
Faro–Olhão (railway),Railway,SSP2-4.5,Baseline,2066,0.396,85600.00,45400.00,204200.00,1400000.00,800000.00,3400000.00,,2.0916
Faro–Olhão (railway),Railway,SSP2-4.5,Baseline,2067,0.402,89800.00,47800.00,214400.00,1600000.00,800000.00,3600000.00,,2.195
Faro–Olhão (railway),Railway,SSP2-4.5,Baseline,2068,0.408,94400.00,50000.00,225000.00,1600000.00,800000.00,3800000.00,,2.3035
Faro–Olhão (railway),Railway,SSP2-4.5,Baseline,2069,0.414,99000.00,52600.00,236000.00,1600000.00,1000000.00,4000000.00,,2.4171
Faro–Olhão (railway),Railway,SSP2-4.5,Baseline,2070,0.42,103800.00,55200.00,247600.00,1800000.00,1000000.00,4200000.00,,2.5363
Faro–Olhão (railway),Railway,SSP2-4.5,Baseline,2071,0.426,109000.00,57800.00,259800.00,2000000.00,1000000.00,4600000.00,,2.6613
Faro–Olhão (railway),Railway,SSP2-4.5,Baseline,2072,0.432,114400.00,60600.00,272600.00,2000000.00,1000000.00,4800000.00,,2.7923
Faro–Olhão (railway),Railway,SSP2-4.5,Baseline,2073,0.438,120000.00,63600.00,286000.00,2200000.00,1200000.00,5200000.00,,2.9296
Faro–Olhão (railway),Railway,SSP2-4.5,Baseline,2074,0.444,125800.00,66800.00,300200.00,2200000.00,1200000.00,5400000.00,,3.0735
Faro–Olhão (railway),Railway,SSP2-4.5,Baseline,2075,0.45,132000.00,70000.00,314800.00,2400000.00,1200000.00,5800000.00,,3.2244
Faro–Olhão (railway),Railway,SSP2-4.5,Baseline,2076,0.456,138600.00,73600.00,330400.00,2600000.00,1400000.00,6000000.00,,3.3826
Faro–Olhão (railway),Railway,SSP2-4.5,Baseline,2077,0.462,145400.00,77200.00,346400.00,2600000.00,1400000.00,6400000.00,,3.5483
Faro–Olhão (railway),Railway,SSP2-4.5,Baseline,2078,0.468,152400.00,80800.00,363400.00,2800000.00,1600000.00,6800000.00,,3.7221
Faro–Olhão (railway),Railway,SSP2-4.5,Baseline,2079,0.474,159800.00,84800.00,381200.00,3000000.00,1600000.00,7200000.00,,3.9042
Faro–Olhão (railway),Railway,SSP2-4.5,Baseline,2080,0.48,167600.00,89000.00,399800.00,3200000.00,1600000.00,7600000.00,,4.0951
Faro–Olhão (railway),Railway,SSP2-4.5,Baseline,2081,0.486,175800.00,93400.00,419400.00,3400000.00,1800000.00,8000000.00,,4.2951
Faro–Olhão (railway),Railway,SSP2-4.5,Baseline,2082,0.492,184400.00,98000.00,439800.00,3600000.00,1800000.00,8400000.00,,4.5047
Faro–Olhão (railway),Railway,SSP2-4.5,Baseline,2083,0.498,193400.00,102600.00,461400.00,3800000.00,2000000.00,8800000.00,,4.7244
Faro–Olhão (railway),Railway,SSP2-4.5,Baseline,2084,0.504,202800.00,107600.00,483800.00,4000000.00,2000000.00,9400000.00,,4.9547
Faro–Olhão (railway),Railway,SSP2-4.5,Baseline,2085,0.51,212800.00,113000.00,507400.00,4200000.00,2200000.00,9800000.00,,5.196
Faro–Olhão (railway),Railway,SSP2-4.5,Baseline,2086,0.516,223200.00,118400.00,532000.00,4400000.00,2400000.00,10400000.00,,5.4488
Faro–Olhão (railway),Railway,SSP2-4.5,Baseline,2087,0.522,234000.00,124200.00,558000.00,4600000.00,2400000.00,11000000.00,,5.7137
Faro–Olhão (railway),Railway,SSP2-4.5,Baseline,2088,0.528,245400.00,130200.00,585000.00,4800000.00,2600000.00,11600000.00,,5.9913
Faro–Olhão (railway),Railway,SSP2-4.5,Baseline,2089,0.534,257200.00,136600.00,613400.00,5000000.00,2800000.00,12200000.00,,6.2822
Faro–Olhão (railway),Railway,SSP2-4.5,Baseline,2090,0.54,269800.00,143200.00,643200.00,5400000.00,2800000.00,12800000.00,,6.587
Faro–Olhão (railway),Railway,SSP2-4.5,Baseline,2091,0.546,282800.00,150200.00,674400.00,5600000.00,3000000.00,13400000.00,,6.9063
Faro–Olhão (railway),Railway,SSP2-4.5,Baseline,2092,0.552,296600.00,157400.00,707000.00,6000000.00,3200000.00,14200000.00,,7.2409
Faro–Olhão (railway),Railway,SSP2-4.5,Baseline,2093,0.558,310800.00,165000.00,741400.00,6200000.00,3400000.00,15000000.00,,7.5914
Faro–Olhão (railway),Railway,SSP2-4.5,Baseline,2094,0.564,326000.00,173000.00,777200.00,6600000.00,3400000.00,15600000.00,,7.9587
Faro–Olhão (railway),Railway,SSP2-4.5,Baseline,2095,0.57,341600.00,181400.00,814800.00,7000000.00,3600000.00,16600000.00,,8.3435
Faro–Olhão (railway),Railway,SSP2-4.5,Baseline,2096,0.576,358200.00,190200.00,854000.00,7200000.00,3800000.00,17400000.00,,8.7465
Faro–Olhão (railway),Railway,SSP2-4.5,Baseline,2097,0.582,375400.00,199200.00,895400.00,7600000.00,4000000.00,18200000.00,,9.1688
Faro–Olhão (railway),Railway,SSP2-4.5,Baseline,2098,0.588,393600.00,208800.00,938600.00,8000000.00,4200000.00,19200000.00,,9.6112
Faro–Olhão (railway),Railway,SSP2-4.5,Baseline,2099,0.594,412600.00,219000.00,983800.00,8400000.00,4400000.00,20200000.00,,10.0746
Faro–Olhão (railway),Railway,SSP2-4.5,Baseline,2100,0.6,432400.00,229600.00,1031200.00,8800000.00,4800000.00,21200000.00,,10.56
Faro–Olhão (railway),Railway,SSP2-4.5,+Geoid,2025,0.2,17200.00,9200.00,41000.00,0.00,0.00,0.00,,0.42
Faro–Olhão (railway),Railway,SSP2-4.5,+Geoid,2026,0.21,18600.00,10000.00,44600.00,0.00,0.00,0.00,,0.4566
Faro–Olhão (railway),Railway,SSP2-4.5,+Geoid,2027,0.22,20400.00,10800.00,48400.00,0.00,0.00,200000.00,,0.4962
Faro–Olhão (railway),Railway,SSP2-4.5,+Geoid,2028,0.23,22000.00,11800.00,52600.00,0.00,0.00,200000.00,,0.5392
Faro–Olhão (railway),Railway,SSP2-4.5,+Geoid,2029,0.24,24000.00,12800.00,57200.00,200000.00,0.00,200000.00,,0.5859
Faro–Olhão (railway),Railway,SSP2-4.5,+Geoid,2030,0.25,26000.00,13800.00,62200.00,200000.00,0.00,400000.00,,0.6364
Faro–Olhão (railway),Railway,SSP2-4.5,+Geoid,2031,0.26,28400.00,15000.00,67400.00,200000.00,0.00,400000.00,,0.6912
Faro–Olhão (railway),Railway,SSP2-4.5,+Geoid,2032,0.27,30800.00,16400.00,73200.00,200000.00,0.00,400000.00,,0.7505
Faro–Olhão (railway),Railway,SSP2-4.5,+Geoid,2033,0.28,33400.00,17800.00,79600.00,200000.00,200000.00,600000.00,,0.8148
Faro–Olhão (railway),Railway,SSP2-4.5,+Geoid,2034,0.29,36200.00,19200.00,86400.00,200000.00,200000.00,600000.00,,0.8845
Faro–Olhão (railway),Railway,SSP2-4.5,+Geoid,2035,0.3,39400.00,20800.00,93800.00,200000.00,200000.00,800000.00,,0.96
Faro–Olhão (railway),Railway,SSP2-4.5,+Geoid,2036,0.31,42600.00,22600.00,101800.00,400000.00,200000.00,800000.00,,1.0418
Faro–Olhão (railway),Railway,SSP2-4.5,+Geoid,2037,0.32,46200.00,24600.00,110400.00,400000.00,200000.00,1000000.00,,1.1303
Faro–Olhão (railway),Railway,SSP2-4.5,+Geoid,2038,0.33,50200.00,26600.00,119800.00,400000.00,200000.00,1000000.00,,1.2262
Faro–Olhão (railway),Railway,SSP2-4.5,+Geoid,2039,0.34,54400.00,29000.00,129800.00,400000.00,200000.00,1200000.00,,1.3301
Faro–Olhão (railway),Railway,SSP2-4.5,+Geoid,2040,0.35,59000.00,31400.00,140800.00,600000.00,200000.00,1400000.00,,1.4425
Faro–Olhão (railway),Railway,SSP2-4.5,+Geoid,2041,0.36,64000.00,34000.00,152800.00,600000.00,400000.00,1400000.00,,1.5642
Faro–Olhão (railway),Railway,SSP2-4.5,+Geoid,2042,0.37,69400.00,36800.00,165600.00,600000.00,400000.00,1600000.00,,1.696
Faro–Olhão (railway),Railway,SSP2-4.5,+Geoid,2043,0.38,75200.00,40000.00,179600.00,800000.00,400000.00,1800000.00,,1.8386
Faro–Olhão (railway),Railway,SSP2-4.5,+Geoid,2044,0.39,81600.00,43400.00,194600.00,800000.00,400000.00,2000000.00,,1.993
Faro–Olhão (railway),Railway,SSP2-4.5,+Geoid,2045,0.4,88400.00,47000.00,211000.00,1000000.00,400000.00,2200000.00,,2.16
Faro–Olhão (railway),Railway,SSP2-4.5,+Geoid,2046,0.41,95800.00,50800.00,228600.00,1000000.00,600000.00,2400000.00,,2.3408
Faro–Olhão (railway),Railway,SSP2-4.5,+Geoid,2047,0.42,103800.00,55200.00,247600.00,1200000.00,600000.00,2600000.00,,2.5363
Faro–Olhão (railway),Railway,SSP2-4.5,+Geoid,2048,0.43,112600.00,59800.00,268400.00,1200000.00,600000.00,3000000.00,,2.7479
Faro–Olhão (railway),Railway,SSP2-4.5,+Geoid,2049,0.44,122000.00,64800.00,290600.00,1400000.00,800000.00,3200000.00,,2.9768
Faro–Olhão (railway),Railway,SSP2-4.5,+Geoid,2050,0.45,132000.00,70000.00,314800.00,1400000.00,800000.00,3600000.00,,3.2244
Faro–Olhão (railway),Railway,SSP2-4.5,+Geoid,2051,0.456,138600.00,73600.00,330400.00,1600000.00,800000.00,3800000.00,,3.3826
Faro–Olhão (railway),Railway,SSP2-4.5,+Geoid,2052,0.462,145400.00,77200.00,346400.00,1800000.00,1000000.00,4200000.00,,3.5483
Faro–Olhão (railway),Railway,SSP2-4.5,+Geoid,2053,0.468,152400.00,80800.00,363400.00,2000000.00,1000000.00,4600000.00,,3.7221
Faro–Olhão (railway),Railway,SSP2-4.5,+Geoid,2054,0.474,159800.00,84800.00,381200.00,2000000.00,1200000.00,5000000.00,,3.9042
Faro–Olhão (railway),Railway,SSP2-4.5,+Geoid,2055,0.48,167600.00,89000.00,399800.00,2200000.00,1200000.00,5400000.00,,4.0951
Faro–Olhão (railway),Railway,SSP2-4.5,+Geoid,2056,0.486,175800.00,93400.00,419400.00,2400000.00,1200000.00,5800000.00,,4.2951
Faro–Olhão (railway),Railway,SSP2-4.5,+Geoid,2057,0.492,184400.00,98000.00,439800.00,2600000.00,1400000.00,6200000.00,,4.5047
Faro–Olhão (railway),Railway,SSP2-4.5,+Geoid,2058,0.498,193400.00,102600.00,461400.00,2800000.00,1400000.00,6800000.00,,4.7244
Faro–Olhão (railway),Railway,SSP2-4.5,+Geoid,2059,0.504,202800.00,107600.00,483800.00,3000000.00,1600000.00,7200000.00,,4.9547
Faro–Olhão (railway),Railway,SSP2-4.5,+Geoid,2060,0.51,212800.00,113000.00,507400.00,3200000.00,1800000.00,7600000.00,,5.196
Faro–Olhão (railway),Railway,SSP2-4.5,+Geoid,2061,0.516,223200.00,118400.00,532000.00,3400000.00,1800000.00,8200000.00,,5.4488
Faro–Olhão (railway),Railway,SSP2-4.5,+Geoid,2062,0.522,234000.00,124200.00,558000.00,3600000.00,2000000.00,8800000.00,,5.7137
Faro–Olhão (railway),Railway,SSP2-4.5,+Geoid,2063,0.528,245400.00,130200.00,585000.00,4000000.00,2000000.00,9400000.00,,5.9913
Faro–Olhão (railway),Railway,SSP2-4.5,+Geoid,2064,0.534,257200.00,136600.00,613400.00,4200000.00,2200000.00,10000000.00,,6.2822
Faro–Olhão (railway),Railway,SSP2-4.5,+Geoid,2065,0.54,269800.00,143200.00,643200.00,4400000.00,2400000.00,10600000.00,,6.587
Faro–Olhão (railway),Railway,SSP2-4.5,+Geoid,2066,0.546,282800.00,150200.00,674400.00,4800000.00,2600000.00,11400000.00,,6.9063
Faro–Olhão (railway),Railway,SSP2-4.5,+Geoid,2067,0.552,296600.00,157400.00,707000.00,5000000.00,2600000.00,12000000.00,,7.2409
Faro–Olhão (railway),Railway,SSP2-4.5,+Geoid,2068,0.558,310800.00,165000.00,741400.00,5400000.00,2800000.00,12800000.00,,7.5914
Faro–Olhão (railway),Railway,SSP2-4.5,+Geoid,2069,0.564,326000.00,173000.00,777200.00,5600000.00,3000000.00,13600000.00,,7.9587
Faro–Olhão (railway),Railway,SSP2-4.5,+Geoid,2070,0.57,341600.00,181400.00,814800.00,6000000.00,3200000.00,14400000.00,,8.3435
Faro–Olhão (railway),Railway,SSP2-4.5,+Geoid,2071,0.576,358200.00,190200.00,854000.00,6400000.00,3400000.00,15200000.00,,8.7465
Faro–Olhão (railway),Railway,SSP2-4.5,+Geoid,2072,0.582,375400.00,199200.00,895400.00,6800000.00,3600000.00,16000000.00,,9.1688
Faro–Olhão (railway),Railway,SSP2-4.5,+Geoid,2073,0.588,393600.00,208800.00,938600.00,7200000.00,3800000.00,17000000.00,,9.6112
Faro–Olhão (railway),Railway,SSP2-4.5,+Geoid,2074,0.594,412600.00,219000.00,983800.00,7600000.00,4000000.00,18000000.00,,10.0746
Faro–Olhão (railway),Railway,SSP2-4.5,+Geoid,2075,0.6,432400.00,229600.00,1031200.00,8000000.00,4200000.00,19000000.00,,10.56
Faro–Olhão (railway),Railway,SSP2-4.5,+Geoid,2076,0.606,453200.00,240600.00,1080800.00,8400000.00,4400000.00,20200000.00,,11.0685
Faro–Olhão (railway),Railway,SSP2-4.5,+Geoid,2077,0.612,475000.00,252200.00,1132800.00,9000000.00,4800000.00,21200000.00,,11.6011
Faro–Olhão (railway),Railway,SSP2-4.5,+Geoid,2078,0.618,498000.00,264200.00,1187400.00,9400000.00,5000000.00,22400000.00,,12.159
Faro–Olhão (railway),Railway,SSP2-4.5,+Geoid,2079,0.624,521800.00,277000.00,1244400.00,10000000.00,5200000.00,23600000.00,,12.7434
Faro–Olhão (railway),Railway,SSP2-4.5,+Geoid,2080,0.63,547000.00,290200.00,1304200.00,10400000.00,5600000.00,25000000.00,,13.3555
Faro–Olhão (railway),Railway,SSP2-4.5,+Geoid,2081,0.636,573200.00,304200.00,1366800.00,11000000.00,5800000.00,26400000.00,,13.9965
Faro–Olhão (railway),Railway,SSP2-4.5,+Geoid,2082,0.642,600600.00,318800.00,1432400.00,11600000.00,6200000.00,27800000.00,,14.668
Faro–Olhão (railway),Railway,SSP2-4.5,+Geoid,2083,0.648,629400.00,334000.00,1501000.00,12200000.00,6600000.00,29200000.00,,15.3712
Faro–Olhão (railway),Railway,SSP2-4.5,+Geoid,2084,0.654,659600.00,350200.00,1573000.00,13000000.00,6800000.00,30800000.00,,16.1077
Faro–Olhão (railway),Railway,SSP2-4.5,+Geoid,2085,0.66,691200.00,366800.00,1648200.00,13600000.00,7200000.00,32600000.00,,16.879
Faro–Olhão (railway),Railway,SSP2-4.5,+Geoid,2086,0.666,724200.00,384400.00,1727200.00,14400000.00,7600000.00,34200000.00,,17.6868
Faro–Olhão (railway),Railway,SSP2-4.5,+Geoid,2087,0.672,759000.00,402800.00,1809800.00,15200000.00,8000000.00,36000000.00,,18.5328
Faro–Olhão (railway),Railway,SSP2-4.5,+Geoid,2088,0.678,795200.00,422000.00,1896200.00,16000000.00,8400000.00,38000000.00,,19.4187
Faro–Olhão (railway),Railway,SSP2-4.5,+Geoid,2089,0.684,833200.00,442200.00,1986800.00,16800000.00,8800000.00,40000000.00,,20.3464
Faro–Olhão (railway),Railway,SSP2-4.5,+Geoid,2090,0.69,873000.00,463400.00,2081600.00,17600000.00,9400000.00,42000000.00,,21.3179
Faro–Olhão (railway),Railway,SSP2-4.5,+Geoid,2091,0.696,914600.00,485400.00,2181000.00,18600000.00,9800000.00,44200000.00,,22.3353
Faro–Olhão (railway),Railway,SSP2-4.5,+Geoid,2092,0.702,958200.00,508600.00,2285000.00,19400000.00,10400000.00,46400000.00,,23.4006
Faro–Olhão (railway),Railway,SSP2-4.5,+Geoid,2093,0.708,1004000.00,532800.00,2394000.00,20400000.00,10800000.00,48800000.00,,24.5161
Faro–Olhão (railway),Railway,SSP2-4.5,+Geoid,2094,0.714,1051800.00,558200.00,2508000.00,21600000.00,11400000.00,51400000.00,,25.6841
Faro–Olhão (railway),Railway,SSP2-4.5,+Geoid,2095,0.72,1101800.00,584800.00,2627400.00,22600000.00,12000000.00,54000000.00,,26.9071
Faro–Olhão (railway),Railway,SSP2-4.5,+Geoid,2096,0.726,1154200.00,612600.00,2752600.00,23800000.00,12600000.00,56800000.00,,28.1877
Faro–Olhão (railway),Railway,SSP2-4.5,+Geoid,2097,0.732,1209200.00,641800.00,2883400.00,25000000.00,13200000.00,59600000.00,,29.5285
Faro–Olhão (railway),Railway,SSP2-4.5,+Geoid,2098,0.738,1266600.00,672400.00,3020600.00,26200000.00,14000000.00,62600000.00,,30.9324
Faro–Olhão (railway),Railway,SSP2-4.5,+Geoid,2099,0.744,1326800.00,704200.00,3164000.00,27600000.00,14600000.00,65800000.00,,32.4022
Faro–Olhão (railway),Railway,SSP2-4.5,+Geoid,2100,0.75,1389800.00,737800.00,3314400.00,29000000.00,15400000.00,69200000.00,,33.9411
Faro–Olhão (railway),Railway,SSP5-8.5,Baseline,2025,0.065,5400.00,2800.00,13000.00,0.00,0.00,0.00,,0.133
Faro–Olhão (railway),Railway,SSP5-8.5,Baseline,2026,0.078,6000.00,3200.00,14600.00,0.00,0.00,0.00,,0.1489
Faro–Olhão (railway),Railway,SSP5-8.5,Baseline,2027,0.091,6800.00,3600.00,16200.00,0.00,0.00,0.00,,0.1666
Faro–Olhão (railway),Railway,SSP5-8.5,Baseline,2028,0.104,7600.00,4000.00,18200.00,0.00,0.00,0.00,,0.1863
Faro–Olhão (railway),Railway,SSP5-8.5,Baseline,2029,0.117,8600.00,4600.00,20400.00,0.00,0.00,0.00,,0.2082
Faro–Olhão (railway),Railway,SSP5-8.5,Baseline,2030,0.13,9600.00,5000.00,22800.00,0.00,0.00,200000.00,,0.2327
Faro–Olhão (railway),Railway,SSP5-8.5,Baseline,2031,0.144,10800.00,5600.00,25600.00,0.00,0.00,200000.00,,0.2621
Faro–Olhão (railway),Railway,SSP5-8.5,Baseline,2032,0.158,12000.00,6400.00,28800.00,0.00,0.00,200000.00,,0.2951
Faro–Olhão (railway),Railway,SSP5-8.5,Baseline,2033,0.172,13600.00,7200.00,32400.00,0.00,0.00,200000.00,,0.3321
Faro–Olhão (railway),Railway,SSP5-8.5,Baseline,2034,0.186,15200.00,8200.00,36400.00,0.00,0.00,200000.00,,0.3735
Faro–Olhão (railway),Railway,SSP5-8.5,Baseline,2035,0.2,17200.00,9200.00,41000.00,200000.00,0.00,200000.00,,0.42
Faro–Olhão (railway),Railway,SSP5-8.5,Baseline,2036,0.214,19400.00,10200.00,46000.00,200000.00,0.00,400000.00,,0.4721
Faro–Olhão (railway),Railway,SSP5-8.5,Baseline,2037,0.228,21800.00,11600.00,51800.00,200000.00,0.00,400000.00,,0.5304
Faro–Olhão (railway),Railway,SSP5-8.5,Baseline,2038,0.242,24400.00,13000.00,58200.00,200000.00,0.00,400000.00,,0.5956
Faro–Olhão (railway),Railway,SSP5-8.5,Baseline,2039,0.256,27400.00,14600.00,65400.00,200000.00,200000.00,400000.00,,0.6687
Faro–Olhão (railway),Railway,SSP5-8.5,Baseline,2040,0.27,30800.00,16400.00,73200.00,200000.00,200000.00,600000.00,,0.7505
Faro–Olhão (railway),Railway,SSP5-8.5,Baseline,2041,0.283,34200.00,18200.00,81600.00,200000.00,200000.00,600000.00,,0.8352
Faro–Olhão (railway),Railway,SSP5-8.5,Baseline,2042,0.296,38000.00,20200.00,90800.00,400000.00,200000.00,800000.00,,0.9291
Faro–Olhão (railway),Railway,SSP5-8.5,Baseline,2043,0.309,42400.00,22400.00,101000.00,400000.00,200000.00,800000.00,,1.0333
Faro–Olhão (railway),Railway,SSP5-8.5,Baseline,2044,0.322,47000.00,25000.00,112200.00,400000.00,200000.00,1000000.00,,1.1489
Faro–Olhão (railway),Railway,SSP5-8.5,Baseline,2045,0.335,52200.00,27800.00,124800.00,400000.00,200000.00,1000000.00,,1.2771
Faro–Olhão (railway),Railway,SSP5-8.5,Baseline,2046,0.348,58200.00,30800.00,138600.00,600000.00,200000.00,1200000.00,,1.4193
Faro–Olhão (railway),Railway,SSP5-8.5,Baseline,2047,0.361,64600.00,34200.00,154000.00,600000.00,400000.00,1400000.00,,1.5769
Faro–Olhão (railway),Railway,SSP5-8.5,Baseline,2048,0.374,71800.00,38000.00,171000.00,600000.00,400000.00,1600000.00,,1.7517
Faro–Olhão (railway),Railway,SSP5-8.5,Baseline,2049,0.387,79600.00,42200.00,190000.00,800000.00,400000.00,1800000.00,,1.9454
Faro–Olhão (railway),Railway,SSP5-8.5,Baseline,2050,0.4,88400.00,47000.00,211000.00,800000.00,400000.00,2000000.00,,2.16
Faro–Olhão (railway),Railway,SSP5-8.5,Baseline,2051,0.412,97400.00,51600.00,232200.00,1000000.00,400000.00,2200000.00,,2.3786
Faro–Olhão (railway),Railway,SSP5-8.5,Baseline,2052,0.424,107200.00,57000.00,255800.00,1000000.00,600000.00,2400000.00,,2.619
Faro–Olhão (railway),Railway,SSP5-8.5,Baseline,2053,0.436,118000.00,62600.00,281600.00,1200000.00,600000.00,2800000.00,,2.8831
Faro–Olhão (railway),Railway,SSP5-8.5,Baseline,2054,0.448,130000.00,69000.00,309800.00,1200000.00,600000.00,3000000.00,,3.1733
Faro–Olhão (railway),Railway,SSP5-8.5,Baseline,2055,0.46,143000.00,76000.00,341000.00,1400000.00,800000.00,3400000.00,,3.4922
Faro–Olhão (railway),Railway,SSP5-8.5,Baseline,2056,0.472,157400.00,83600.00,375200.00,1600000.00,800000.00,3800000.00,,3.8425
Faro–Olhão (railway),Railway,SSP5-8.5,Baseline,2057,0.484,173200.00,91800.00,412800.00,1800000.00,1000000.00,4200000.00,,4.2274
Faro–Olhão (railway),Railway,SSP5-8.5,Baseline,2058,0.496,190400.00,101000.00,454000.00,2000000.00,1000000.00,4600000.00,,4.6501
Faro–Olhão (railway),Railway,SSP5-8.5,Baseline,2059,0.508,209400.00,111200.00,499400.00,2200000.00,1200000.00,5200000.00,,5.1143
Faro–Olhão (railway),Railway,SSP5-8.5,Baseline,2060,0.52,230400.00,122200.00,549200.00,2400000.00,1200000.00,5600000.00,,5.624
Faro–Olhão (railway),Railway,SSP5-8.5,Baseline,2061,0.532,253200.00,134400.00,603800.00,2600000.00,1400000.00,6200000.00,,6.1837
Faro–Olhão (railway),Railway,SSP5-8.5,Baseline,2062,0.544,278400.00,147800.00,663800.00,3000000.00,1600000.00,7000000.00,,6.7982
Faro–Olhão (railway),Railway,SSP5-8.5,Baseline,2063,0.556,306000.00,162400.00,729800.00,3200000.00,1800000.00,7600000.00,,7.4728
Faro–Olhão (railway),Railway,SSP5-8.5,Baseline,2064,0.568,336400.00,178600.00,802000.00,3600000.00,1800000.00,8400000.00,,8.2132
Faro–Olhão (railway),Railway,SSP5-8.5,Baseline,2065,0.58,369600.00,196200.00,881400.00,4000000.00,2000000.00,9400000.00,,9.0259
Faro–Olhão (railway),Railway,SSP5-8.5,Baseline,2066,0.592,406200.00,215600.00,968400.00,4400000.00,2200000.00,10200000.00,,9.9177
Faro–Olhão (railway),Railway,SSP5-8.5,Baseline,2067,0.604,446200.00,236800.00,1064000.00,4800000.00,2600000.00,11400000.00,,10.8964
Faro–Olhão (railway),Railway,SSP5-8.5,Baseline,2068,0.616,490200.00,260200.00,1168800.00,5200000.00,2800000.00,12600000.00,,11.9702
Faro–Olhão (railway),Railway,SSP5-8.5,Baseline,2069,0.628,538400.00,285800.00,1284000.00,5800000.00,3000000.00,13800000.00,,13.1483
Faro–Olhão (railway),Railway,SSP5-8.5,Baseline,2070,0.64,591400.00,313800.00,1410200.00,6400000.00,3400000.00,15200000.00,,14.4407
Faro–Olhão (railway),Railway,SSP5-8.5,Baseline,2071,0.652,649400.00,344600.00,1548600.00,7000000.00,3800000.00,16800000.00,,15.8584
Faro–Olhão (railway),Railway,SSP5-8.5,Baseline,2072,0.664,713000.00,378400.00,1700400.00,7800000.00,4200000.00,18400000.00,,17.4134
Faro–Olhão (railway),Railway,SSP5-8.5,Baseline,2073,0.676,783000.00,415600.00,1867000.00,8600000.00,4600000.00,20400000.00,,19.1188
Faro–Olhão (railway),Railway,SSP5-8.5,Baseline,2074,0.688,859600.00,456200.00,2049600.00,9400000.00,5000000.00,22400000.00,,20.9891
Faro–Olhão (railway),Railway,SSP5-8.5,Baseline,2075,0.7,943400.00,500800.00,2249800.00,10400000.00,5400000.00,24600000.00,,23.04
Faro–Olhão (railway),Railway,SSP5-8.5,Baseline,2076,0.712,1035600.00,549600.00,2469400.00,11400000.00,6000000.00,27200000.00,,25.2888
Faro–Olhão (railway),Railway,SSP5-8.5,Baseline,2077,0.724,1136600.00,603200.00,2710200.00,12600000.00,6600000.00,29800000.00,,27.7543
Faro–Olhão (railway),Railway,SSP5-8.5,Baseline,2078,0.736,1247200.00,662000.00,2974200.00,13800000.00,7200000.00,32800000.00,,30.4572
Faro–Olhão (railway),Railway,SSP5-8.5,Baseline,2079,0.748,1368600.00,726400.00,3263400.00,15200000.00,8000000.00,36000000.00,,33.4203
Faro–Olhão (railway),Railway,SSP5-8.5,Baseline,2080,0.76,1501600.00,797000.00,3580600.00,16600000.00,8800000.00,39600000.00,,36.6682
Faro–Olhão (railway),Railway,SSP5-8.5,Baseline,2081,0.772,1647400.00,874400.00,3928200.00,18200000.00,9600000.00,43600000.00,,40.2281
Faro–Olhão (railway),Railway,SSP5-8.5,Baseline,2082,0.784,1807200.00,959200.00,4309200.00,20000000.00,10600000.00,47800000.00,,44.1297
Faro–Olhão (railway),Railway,SSP5-8.5,Baseline,2083,0.796,1982200.00,1052000.00,4726800.00,22000000.00,11800000.00,52600000.00,,48.4055
Faro–Olhão (railway),Railway,SSP5-8.5,Baseline,2084,0.808,2174000.00,1154000.00,5184400.00,24200000.00,12800000.00,57800000.00,,53.0911
Faro–Olhão (railway),Railway,SSP5-8.5,Baseline,2085,0.82,2384400.00,1265600.00,5685600.00,26600000.00,14200000.00,63400000.00,,58.2252
Faro–Olhão (railway),Railway,SSP5-8.5,Baseline,2086,0.832,2614600.00,1387800.00,6235000.00,29200000.00,15600000.00,69800000.00,,63.8506
Faro–Olhão (railway),Railway,SSP5-8.5,Baseline,2087,0.844,2867000.00,1521800.00,6836800.00,32000000.00,17000000.00,76600000.00,,70.0138
Faro–Olhão (railway),Railway,SSP5-8.5,Baseline,2088,0.856,3143600.00,1668600.00,7496200.00,35200000.00,18800000.00,84000000.00,,76.7658
Faro–Olhão (railway),Railway,SSP5-8.5,Baseline,2089,0.868,3446400.00,1829200.00,8218400.00,38600000.00,20600000.00,92200000.00,,84.1623
Faro–Olhão (railway),Railway,SSP5-8.5,Baseline,2090,0.88,3778200.00,2005400.00,9009600.00,42400000.00,22600000.00,101200000.00,,92.2644
Faro–Olhão (railway),Railway,SSP5-8.5,Baseline,2091,0.892,4141600.00,2198200.00,9876200.00,46600000.00,24800000.00,111200000.00,,101.1389
Faro–Olhão (railway),Railway,SSP5-8.5,Baseline,2092,0.904,4539600.00,2409600.00,10825400.00,51200000.00,27200000.00,122000000.00,,110.8586
Faro–Olhão (railway),Railway,SSP5-8.5,Baseline,2093,0.916,4975600.00,2640800.00,11864800.00,56200000.00,29800000.00,133800000.00,,121.5036
Faro–Olhão (railway),Railway,SSP5-8.5,Baseline,2094,0.928,5453000.00,2894200.00,13003200.00,61600000.00,32600000.00,146800000.00,,133.1612
Faro–Olhão (railway),Railway,SSP5-8.5,Baseline,2095,0.94,5975800.00,3171800.00,14249800.00,67600000.00,35800000.00,161000000.00,,145.927
Faro–Olhão (railway),Railway,SSP5-8.5,Baseline,2096,0.952,6548200.00,3475600.00,15614800.00,74200000.00,39400000.00,176800000.00,,159.9055
Faro–Olhão (railway),Railway,SSP5-8.5,Baseline,2097,0.964,7174800.00,3808200.00,17109400.00,81200000.00,43200000.00,193800000.00,,175.2111
Faro–Olhão (railway),Railway,SSP5-8.5,Baseline,2098,0.976,7861200.00,4172400.00,18745800.00,89200000.00,47400000.00,212600000.00,,191.9687
Faro–Olhão (railway),Railway,SSP5-8.5,Baseline,2099,0.988,8612400.00,4571200.00,20537200.00,97800000.00,51800000.00,233000000.00,,210.3151
Faro–Olhão (railway),Railway,SSP5-8.5,Baseline,2100,1.0,9434800.00,5007800.00,22498600.00,107200000.00,56800000.00,255600000.00,,230.4
Faro–Olhão (railway),Railway,SSP5-8.5,+Geoid,2025,0.215,19400.00,10400.00,46400.00,0.00,0.00,0.00,,0.476
Faro–Olhão (railway),Railway,SSP5-8.5,+Geoid,2026,0.228,21800.00,11600.00,51800.00,0.00,0.00,0.00,,0.5304
Faro–Olhão (railway),Railway,SSP5-8.5,+Geoid,2027,0.241,24200.00,12800.00,57600.00,0.00,0.00,200000.00,,0.5907
Faro–Olhão (railway),Railway,SSP5-8.5,+Geoid,2028,0.254,27000.00,14200.00,64200.00,0.00,0.00,200000.00,,0.6578
Faro–Olhão (railway),Railway,SSP5-8.5,+Geoid,2029,0.267,30000.00,16000.00,71600.00,200000.00,0.00,200000.00,,0.7322
Faro–Olhão (railway),Railway,SSP5-8.5,+Geoid,2030,0.28,33400.00,17800.00,79600.00,200000.00,0.00,400000.00,,0.8148
Faro–Olhão (railway),Railway,SSP5-8.5,+Geoid,2031,0.294,37400.00,19800.00,89200.00,200000.00,200000.00,400000.00,,0.914
Faro–Olhão (railway),Railway,SSP5-8.5,+Geoid,2032,0.308,42000.00,22200.00,100000.00,200000.00,200000.00,600000.00,,1.0249
Faro–Olhão (railway),Railway,SSP5-8.5,+Geoid,2033,0.322,47000.00,25000.00,112200.00,200000.00,200000.00,600000.00,,1.1489
Faro–Olhão (railway),Railway,SSP5-8.5,+Geoid,2034,0.336,52800.00,28000.00,125800.00,400000.00,200000.00,800000.00,,1.2875
Faro–Olhão (railway),Railway,SSP5-8.5,+Geoid,2035,0.35,59000.00,31400.00,140800.00,400000.00,200000.00,1000000.00,,1.4425
Faro–Olhão (railway),Railway,SSP5-8.5,+Geoid,2036,0.364,66200.00,35200.00,157800.00,400000.00,200000.00,1000000.00,,1.6157
Faro–Olhão (railway),Railway,SSP5-8.5,+Geoid,2037,0.378,74000.00,39400.00,176600.00,600000.00,200000.00,1200000.00,,1.8092
Faro–Olhão (railway),Railway,SSP5-8.5,+Geoid,2038,0.392,83000.00,44000.00,197800.00,600000.00,400000.00,1400000.00,,2.0253
Faro–Olhão (railway),Railway,SSP5-8.5,+Geoid,2039,0.406,92800.00,49200.00,221400.00,800000.00,400000.00,1600000.00,,2.2667
Faro–Olhão (railway),Railway,SSP5-8.5,+Geoid,2040,0.42,103800.00,55200.00,247600.00,800000.00,400000.00,2000000.00,,2.5363
Faro–Olhão (railway),Railway,SSP5-8.5,+Geoid,2041,0.433,115200.00,61200.00,274800.00,1000000.00,400000.00,2200000.00,,2.8147
Faro–Olhão (railway),Railway,SSP5-8.5,+Geoid,2042,0.446,127800.00,67800.00,305000.00,1000000.00,600000.00,2600000.00,,3.123
Faro–Olhão (railway),Railway,SSP5-8.5,+Geoid,2043,0.459,141800.00,75400.00,338400.00,1200000.00,600000.00,2800000.00,,3.4645
Faro–Olhão (railway),Railway,SSP5-8.5,+Geoid,2044,0.472,157400.00,83600.00,375200.00,1400000.00,800000.00,3200000.00,,3.8425
Faro–Olhão (railway),Railway,SSP5-8.5,+Geoid,2045,0.485,174400.00,92600.00,416000.00,1600000.00,800000.00,3600000.00,,4.2611
Faro–Olhão (railway),Railway,SSP5-8.5,+Geoid,2046,0.498,193400.00,102600.00,461400.00,1800000.00,1000000.00,4200000.00,,4.7244
Faro–Olhão (railway),Railway,SSP5-8.5,+Geoid,2047,0.511,214400.00,113800.00,511400.00,2000000.00,1000000.00,4600000.00,,5.2373
Faro–Olhão (railway),Railway,SSP5-8.5,+Geoid,2048,0.524,237800.00,126200.00,566800.00,2200000.00,1200000.00,5200000.00,,5.8048
Faro–Olhão (railway),Railway,SSP5-8.5,+Geoid,2049,0.537,263400.00,139800.00,628200.00,2400000.00,1200000.00,5800000.00,,6.4328
Faro–Olhão (railway),Railway,SSP5-8.5,+Geoid,2050,0.55,291800.00,155000.00,696000.00,2800000.00,1400000.00,6600000.00,,7.1276
Faro–Olhão (railway),Railway,SSP5-8.5,+Geoid,2051,0.562,320800.00,170200.00,765000.00,3000000.00,1600000.00,7200000.00,,7.8344
Faro–Olhão (railway),Railway,SSP5-8.5,+Geoid,2052,0.574,352600.00,187200.00,840800.00,3400000.00,1800000.00,8200000.00,,8.6101
Faro–Olhão (railway),Railway,SSP5-8.5,+Geoid,2053,0.586,387400.00,205600.00,924000.00,3800000.00,2000000.00,9000000.00,,9.4614
Faro–Olhão (railway),Railway,SSP5-8.5,+Geoid,2054,0.598,425800.00,226000.00,1015200.00,4200000.00,2200000.00,10000000.00,,10.3957
Faro–Olhão (railway),Railway,SSP5-8.5,+Geoid,2055,0.61,467600.00,248200.00,1115200.00,4600000.00,2400000.00,11200000.00,,11.4208
Faro–Olhão (railway),Railway,SSP5-8.5,+Geoid,2056,0.622,513800.00,272600.00,1225000.00,5200000.00,2800000.00,12400000.00,,12.5456
Faro–Olhão (railway),Railway,SSP5-8.5,+Geoid,2057,0.634,564200.00,299400.00,1345600.00,5800000.00,3000000.00,13800000.00,,13.7795
Faro–Olhão (railway),Railway,SSP5-8.5,+Geoid,2058,0.646,619800.00,329000.00,1477800.00,6400000.00,3400000.00,15200000.00,,15.1332
Faro–Olhão (railway),Railway,SSP5-8.5,+Geoid,2059,0.658,680600.00,361200.00,1622800.00,7000000.00,3800000.00,16800000.00,,16.6179
Faro–Olhão (railway),Railway,SSP5-8.5,+Geoid,2060,0.67,747200.00,396600.00,1781800.00,7800000.00,4200000.00,18600000.00,,18.2464
Faro–Olhão (railway),Railway,SSP5-8.5,+Geoid,2061,0.682,820400.00,435400.00,1956200.00,8600000.00,4600000.00,20600000.00,,20.0324
Faro–Olhão (railway),Railway,SSP5-8.5,+Geoid,2062,0.694,900600.00,478000.00,2147400.00,9600000.00,5000000.00,22800000.00,,21.9909
Faro–Olhão (railway),Railway,SSP5-8.5,+Geoid,2063,0.706,988400.00,524600.00,2357200.00,10600000.00,5600000.00,25000000.00,,24.1385
Faro–Olhão (railway),Railway,SSP5-8.5,+Geoid,2064,0.718,1084800.00,575800.00,2587000.00,11600000.00,6200000.00,27600000.00,,26.4932
Faro–Olhão (railway),Railway,SSP5-8.5,+Geoid,2065,0.73,1190600.00,632000.00,2839200.00,12800000.00,6800000.00,30600000.00,,29.0747
Faro–Olhão (railway),Railway,SSP5-8.5,+Geoid,2066,0.742,1306400.00,693400.00,3115400.00,14200000.00,7400000.00,33600000.00,,31.9048
Faro–Olhão (railway),Railway,SSP5-8.5,+Geoid,2067,0.754,1433600.00,760800.00,3418400.00,15600000.00,8200000.00,37000000.00,,35.007
Faro–Olhão (railway),Railway,SSP5-8.5,+Geoid,2068,0.766,1572800.00,834800.00,3750400.00,17200000.00,9000000.00,40800000.00,,38.4074
Faro–Olhão (railway),Railway,SSP5-8.5,+Geoid,2069,0.778,1725400.00,915800.00,4114400.00,18800000.00,10000000.00,45000000.00,,42.1343
Faro–Olhão (railway),Railway,SSP5-8.5,+Geoid,2070,0.79,1892600.00,1004600.00,4513200.00,20800000.00,11000000.00,49400000.00,,46.2187
Faro–Olhão (railway),Railway,SSP5-8.5,+Geoid,2071,0.802,2076000.00,1101800.00,4950400.00,22800000.00,12200000.00,54400000.00,,50.6947
Faro–Olhão (railway),Railway,SSP5-8.5,+Geoid,2072,0.814,2276800.00,1208400.00,5429200.00,25000000.00,13400000.00,59800000.00,,55.5995
Faro–Olhão (railway),Railway,SSP5-8.5,+Geoid,2073,0.826,2496800.00,1325200.00,5954000.00,27600000.00,14600000.00,65800000.00,,60.9737
Faro–Olhão (railway),Railway,SSP5-8.5,+Geoid,2074,0.838,2738000.00,1453200.00,6529000.00,30400000.00,16000000.00,72200000.00,,66.8619
Faro–Olhão (railway),Railway,SSP5-8.5,+Geoid,2075,0.85,3002200.00,1593400.00,7159000.00,33400000.00,17600000.00,79400000.00,,73.3128
Faro–Olhão (railway),Railway,SSP5-8.5,+Geoid,2076,0.862,3291600.00,1747000.00,7849000.00,36600000.00,19400000.00,87200000.00,,80.3798
Faro–Olhão (railway),Railway,SSP5-8.5,+Geoid,2077,0.874,3608600.00,1915400.00,8605000.00,40200000.00,21400000.00,96000000.00,,88.1211
Faro–Olhão (railway),Railway,SSP5-8.5,+Geoid,2078,0.886,3955800.00,2099600.00,9433000.00,44200000.00,23400000.00,105400000.00,,96.6007
Faro–Olhão (railway),Railway,SSP5-8.5,+Geoid,2079,0.898,4336200.00,2301400.00,10340000.00,48600000.00,25800000.00,115600000.00,,105.8883
Faro–Olhão (railway),Railway,SSP5-8.5,+Geoid,2080,0.91,4752600.00,2522600.00,11333200.00,53200000.00,28200000.00,127000000.00,,116.0602
Faro–Olhão (railway),Railway,SSP5-8.5,+Geoid,2081,0.922,5208800.00,2764600.00,12421000.00,58400000.00,31000000.00,139400000.00,,127.2001
Faro–Olhão (railway),Railway,SSP5-8.5,+Geoid,2082,0.934,5708400.00,3029800.00,13612400.00,64200000.00,34000000.00,153000000.00,,139.3993
Faro–Olhão (railway),Railway,SSP5-8.5,+Geoid,2083,0.946,6255400.00,3320200.00,14916800.00,70400000.00,37400000.00,168000000.00,,152.7578
Faro–Olhão (railway),Railway,SSP5-8.5,+Geoid,2084,0.958,6854400.00,3638200.00,16345200.00,77200000.00,41000000.00,184400000.00,,167.3848
Faro–Olhão (railway),Railway,SSP5-8.5,+Geoid,2085,0.97,7510200.00,3986200.00,17909000.00,84800000.00,45000000.00,202200000.00,,183.4001
Faro–Olhão (railway),Railway,SSP5-8.5,+Geoid,2086,0.982,8228200.00,4367400.00,19621200.00,93000000.00,49400000.00,221800000.00,,200.9343
Faro–Olhão (railway),Railway,SSP5-8.5,+Geoid,2087,0.994,9014400.00,4784600.00,21495800.00,102000000.00,54200000.00,243400000.00,,220.1304
Faro–Olhão (railway),Railway,SSP5-8.5,+Geoid,2088,1.006,9874800.00,5241200.00,23547800.00,112000000.00,59400000.00,266800000.00,,241.1448
Faro–Olhão (railway),Railway,SSP5-8.5,+Geoid,2089,1.018,10816800.00,5741200.00,25794200.00,122800000.00,65200000.00,292600000.00,,264.1486
Faro–Olhão (railway),Railway,SSP5-8.5,+Geoid,2090,1.03,11848000.00,6288600.00,28253000.00,134600000.00,71400000.00,321000000.00,,289.3288
Faro–Olhão (railway),Railway,SSP5-8.5,+Geoid,2091,1.042,12976600.00,6887600.00,30944200.00,147600000.00,78400000.00,351800000.00,,316.8897
Faro–Olhão (railway),Railway,SSP5-8.5,+Geoid,2092,1.054,14212000.00,7543200.00,33890000.00,161800000.00,85800000.00,385800000.00,,347.0551
Faro–Olhão (railway),Railway,SSP5-8.5,+Geoid,2093,1.066,14946800.00,7933200.00,35642200.00,176800000.00,93800000.00,421400000.00,,365.0
Faro–Olhão (railway),Railway,SSP5-8.5,+Geoid,2094,1.078,14946800.00,7933200.00,35642200.00,191600000.00,101800000.00,457000000.00,,365.0
Faro–Olhão (railway),Railway,SSP5-8.5,+Geoid,2095,1.09,14946800.00,7933200.00,35642200.00,206600000.00,109600000.00,492600000.00,,365.0
Faro–Olhão (railway),Railway,SSP5-8.5,+Geoid,2096,1.102,14946800.00,7933200.00,35642200.00,221600000.00,117600000.00,528400000.00,,365.0
Faro–Olhão (railway),Railway,SSP5-8.5,+Geoid,2097,1.114,14946800.00,7933200.00,35642200.00,236600000.00,125600000.00,564000000.00,,365.0
Faro–Olhão (railway),Railway,SSP5-8.5,+Geoid,2098,1.126,14946800.00,7933200.00,35642200.00,251400000.00,133400000.00,599600000.00,,365.0
Faro–Olhão (railway),Railway,SSP5-8.5,+Geoid,2099,1.138,14946800.00,7933200.00,35642200.00,266400000.00,141400000.00,635200000.00,,365.0
Faro–Olhão (railway),Railway,SSP5-8.5,+Geoid,2100,1.15,14946800.00,7933200.00,35642200.00,281400000.00,149400000.00,670800000.00,,365.0
Portimão/Arade (railway),Railway,SSP1-2.6,Baseline,2025,0.035,0.00,0.00,0.00,0.00,0.00,0.00,,0.0
Portimão/Arade (railway),Railway,SSP1-2.6,Baseline,2026,0.042,0.00,0.00,0.00,0.00,0.00,0.00,,0.0
Portimão/Arade (railway),Railway,SSP1-2.6,Baseline,2027,0.049,0.00,0.00,0.00,0.00,0.00,0.00,,0.0
Portimão/Arade (railway),Railway,SSP1-2.6,Baseline,2028,0.056,0.00,0.00,0.00,0.00,0.00,0.00,,0.0
Portimão/Arade (railway),Railway,SSP1-2.6,Baseline,2029,0.063,0.00,0.00,0.00,0.00,0.00,0.00,,0.0001
Portimão/Arade (railway),Railway,SSP1-2.6,Baseline,2030,0.07,0.00,0.00,0.00,0.00,0.00,0.00,,0.0001
Portimão/Arade (railway),Railway,SSP1-2.6,Baseline,2031,0.076,0.00,0.00,0.00,0.00,0.00,0.00,,0.0001
Portimão/Arade (railway),Railway,SSP1-2.6,Baseline,2032,0.082,0.00,0.00,0.00,0.00,0.00,0.00,,0.0001
Portimão/Arade (railway),Railway,SSP1-2.6,Baseline,2033,0.088,0.00,0.00,0.00,0.00,0.00,0.00,,0.0001
Portimão/Arade (railway),Railway,SSP1-2.6,Baseline,2034,0.094,0.00,0.00,0.00,0.00,0.00,0.00,,0.0001
Portimão/Arade (railway),Railway,SSP1-2.6,Baseline,2035,0.1,0.00,0.00,0.00,0.00,0.00,0.00,,0.0001
Portimão/Arade (railway),Railway,SSP1-2.6,Baseline,2036,0.106,0.00,0.00,0.00,0.00,0.00,0.00,,0.0001
Portimão/Arade (railway),Railway,SSP1-2.6,Baseline,2037,0.112,0.00,0.00,0.00,0.00,0.00,0.00,,0.0001
Portimão/Arade (railway),Railway,SSP1-2.6,Baseline,2038,0.118,0.00,0.00,0.00,0.00,0.00,0.00,,0.0001
Portimão/Arade (railway),Railway,SSP1-2.6,Baseline,2039,0.124,0.00,0.00,0.00,0.00,0.00,0.00,,0.0001
Portimão/Arade (railway),Railway,SSP1-2.6,Baseline,2040,0.13,0.00,0.00,0.00,0.00,0.00,0.00,,0.0001
Portimão/Arade (railway),Railway,SSP1-2.6,Baseline,2041,0.137,0.00,0.00,0.00,0.00,0.00,0.00,,0.0001
Portimão/Arade (railway),Railway,SSP1-2.6,Baseline,2042,0.144,0.00,0.00,0.00,0.00,0.00,0.00,,0.0001
Portimão/Arade (railway),Railway,SSP1-2.6,Baseline,2043,0.151,0.00,0.00,0.00,0.00,0.00,0.00,,0.0001
Portimão/Arade (railway),Railway,SSP1-2.6,Baseline,2044,0.158,0.00,0.00,0.00,0.00,0.00,0.00,,0.0001
Portimão/Arade (railway),Railway,SSP1-2.6,Baseline,2045,0.165,0.00,0.00,0.00,0.00,0.00,0.00,,0.0001
Portimão/Arade (railway),Railway,SSP1-2.6,Baseline,2046,0.172,0.00,0.00,0.00,0.00,0.00,0.00,,0.0001
Portimão/Arade (railway),Railway,SSP1-2.6,Baseline,2047,0.179,0.00,0.00,0.00,0.00,0.00,0.00,,0.0001
Portimão/Arade (railway),Railway,SSP1-2.6,Baseline,2048,0.186,0.00,0.00,0.00,0.00,0.00,0.00,,0.0001
Portimão/Arade (railway),Railway,SSP1-2.6,Baseline,2049,0.193,0.00,0.00,0.00,0.00,0.00,0.00,,0.0002
Portimão/Arade (railway),Railway,SSP1-2.6,Baseline,2050,0.2,0.00,0.00,0.00,0.00,0.00,0.00,,0.0002
Portimão/Arade (railway),Railway,SSP1-2.6,Baseline,2051,0.204,0.00,0.00,0.00,0.00,0.00,0.00,,0.0002
Portimão/Arade (railway),Railway,SSP1-2.6,Baseline,2052,0.208,0.00,0.00,0.00,0.00,0.00,0.00,,0.0002
Portimão/Arade (railway),Railway,SSP1-2.6,Baseline,2053,0.212,0.00,0.00,0.00,0.00,0.00,0.00,,0.0002
Portimão/Arade (railway),Railway,SSP1-2.6,Baseline,2054,0.216,0.00,0.00,0.00,0.00,0.00,0.00,,0.0002
Portimão/Arade (railway),Railway,SSP1-2.6,Baseline,2055,0.22,0.00,0.00,0.00,0.00,0.00,0.00,,0.0002
Portimão/Arade (railway),Railway,SSP1-2.6,Baseline,2056,0.224,0.00,0.00,0.00,0.00,0.00,0.00,,0.0002
Portimão/Arade (railway),Railway,SSP1-2.6,Baseline,2057,0.228,0.00,0.00,0.00,0.00,0.00,0.00,,0.0002
Portimão/Arade (railway),Railway,SSP1-2.6,Baseline,2058,0.232,0.00,0.00,0.00,0.00,0.00,0.00,,0.0002
Portimão/Arade (railway),Railway,SSP1-2.6,Baseline,2059,0.236,0.00,0.00,0.00,0.00,0.00,0.00,,0.0002
Portimão/Arade (railway),Railway,SSP1-2.6,Baseline,2060,0.24,0.00,0.00,0.00,0.00,0.00,0.00,,0.0002
Portimão/Arade (railway),Railway,SSP1-2.6,Baseline,2061,0.244,0.00,0.00,0.00,0.00,0.00,0.00,,0.0002
Portimão/Arade (railway),Railway,SSP1-2.6,Baseline,2062,0.248,0.00,0.00,0.00,0.00,0.00,0.00,,0.0003
Portimão/Arade (railway),Railway,SSP1-2.6,Baseline,2063,0.252,0.00,0.00,0.00,0.00,0.00,0.00,,0.0003
Portimão/Arade (railway),Railway,SSP1-2.6,Baseline,2064,0.256,0.00,0.00,0.00,0.00,0.00,0.00,,0.0003
Portimão/Arade (railway),Railway,SSP1-2.6,Baseline,2065,0.26,0.00,0.00,0.00,0.00,0.00,0.00,,0.0003
Portimão/Arade (railway),Railway,SSP1-2.6,Baseline,2066,0.264,0.00,0.00,0.00,0.00,0.00,0.00,,0.0003
Portimão/Arade (railway),Railway,SSP1-2.6,Baseline,2067,0.268,0.00,0.00,0.00,0.00,0.00,0.00,,0.0003
Portimão/Arade (railway),Railway,SSP1-2.6,Baseline,2068,0.272,0.00,0.00,0.00,0.00,0.00,0.00,,0.0003
Portimão/Arade (railway),Railway,SSP1-2.6,Baseline,2069,0.276,0.00,0.00,0.00,0.00,0.00,0.00,,0.0003
Portimão/Arade (railway),Railway,SSP1-2.6,Baseline,2070,0.28,0.00,0.00,0.00,0.00,0.00,0.00,,0.0003
Portimão/Arade (railway),Railway,SSP1-2.6,Baseline,2071,0.284,0.00,0.00,0.00,0.00,0.00,0.00,,0.0003
Portimão/Arade (railway),Railway,SSP1-2.6,Baseline,2072,0.288,0.00,0.00,0.00,0.00,0.00,0.00,,0.0003
Portimão/Arade (railway),Railway,SSP1-2.6,Baseline,2073,0.292,0.00,0.00,0.00,0.00,0.00,0.00,,0.0004
Portimão/Arade (railway),Railway,SSP1-2.6,Baseline,2074,0.296,0.00,0.00,0.00,0.00,0.00,0.00,,0.0004
Portimão/Arade (railway),Railway,SSP1-2.6,Baseline,2075,0.3,0.00,0.00,0.00,0.00,0.00,0.00,,0.0004
Portimão/Arade (railway),Railway,SSP1-2.6,Baseline,2076,0.304,0.00,0.00,0.00,0.00,0.00,0.00,,0.0004
Portimão/Arade (railway),Railway,SSP1-2.6,Baseline,2077,0.308,0.00,0.00,0.00,0.00,0.00,0.00,,0.0004
Portimão/Arade (railway),Railway,SSP1-2.6,Baseline,2078,0.312,0.00,0.00,0.00,0.00,0.00,0.00,,0.0004
Portimão/Arade (railway),Railway,SSP1-2.6,Baseline,2079,0.316,0.00,0.00,0.00,0.00,0.00,0.00,,0.0004
Portimão/Arade (railway),Railway,SSP1-2.6,Baseline,2080,0.32,0.00,0.00,0.00,0.00,0.00,0.00,,0.0005
Portimão/Arade (railway),Railway,SSP1-2.6,Baseline,2081,0.324,0.00,0.00,0.00,0.00,0.00,0.00,,0.0005
Portimão/Arade (railway),Railway,SSP1-2.6,Baseline,2082,0.328,0.00,0.00,0.00,0.00,0.00,0.00,,0.0005
Portimão/Arade (railway),Railway,SSP1-2.6,Baseline,2083,0.332,0.00,0.00,0.00,0.00,0.00,0.00,,0.0005
Portimão/Arade (railway),Railway,SSP1-2.6,Baseline,2084,0.336,0.00,0.00,0.00,0.00,0.00,0.00,,0.0005
Portimão/Arade (railway),Railway,SSP1-2.6,Baseline,2085,0.34,0.00,0.00,0.00,0.00,0.00,0.00,,0.0005
Portimão/Arade (railway),Railway,SSP1-2.6,Baseline,2086,0.344,0.00,0.00,0.00,0.00,0.00,0.00,,0.0005
Portimão/Arade (railway),Railway,SSP1-2.6,Baseline,2087,0.348,0.00,0.00,0.00,0.00,0.00,0.00,,0.0006
Portimão/Arade (railway),Railway,SSP1-2.6,Baseline,2088,0.352,0.00,0.00,0.00,0.00,0.00,0.00,,0.0006
Portimão/Arade (railway),Railway,SSP1-2.6,Baseline,2089,0.356,0.00,0.00,0.00,0.00,0.00,0.00,,0.0006
Portimão/Arade (railway),Railway,SSP1-2.6,Baseline,2090,0.36,0.00,0.00,0.00,0.00,0.00,0.00,,0.0006
Portimão/Arade (railway),Railway,SSP1-2.6,Baseline,2091,0.364,0.00,0.00,0.00,0.00,0.00,0.00,,0.0006
Portimão/Arade (railway),Railway,SSP1-2.6,Baseline,2092,0.368,0.00,0.00,0.00,0.00,0.00,0.00,,0.0007
Portimão/Arade (railway),Railway,SSP1-2.6,Baseline,2093,0.372,0.00,0.00,0.00,0.00,0.00,0.00,,0.0007
Portimão/Arade (railway),Railway,SSP1-2.6,Baseline,2094,0.376,0.00,0.00,0.00,0.00,0.00,0.00,,0.0007
Portimão/Arade (railway),Railway,SSP1-2.6,Baseline,2095,0.38,0.00,0.00,0.00,0.00,0.00,0.00,,0.0007
Portimão/Arade (railway),Railway,SSP1-2.6,Baseline,2096,0.384,0.00,0.00,0.00,0.00,0.00,0.00,,0.0008
Portimão/Arade (railway),Railway,SSP1-2.6,Baseline,2097,0.388,0.00,0.00,0.00,0.00,0.00,0.00,,0.0008
Portimão/Arade (railway),Railway,SSP1-2.6,Baseline,2098,0.392,0.00,0.00,0.00,0.00,0.00,0.00,,0.0008
Portimão/Arade (railway),Railway,SSP1-2.6,Baseline,2099,0.396,0.00,0.00,0.00,0.00,0.00,0.00,,0.0008
Portimão/Arade (railway),Railway,SSP1-2.6,Baseline,2100,0.4,0.00,0.00,0.00,0.00,0.00,0.00,,0.0009
Portimão/Arade (railway),Railway,SSP1-2.6,+Geoid,2025,0.185,0.00,0.00,0.00,0.00,0.00,0.00,,0.0001
Portimão/Arade (railway),Railway,SSP1-2.6,+Geoid,2026,0.192,0.00,0.00,0.00,0.00,0.00,0.00,,0.0002
Portimão/Arade (railway),Railway,SSP1-2.6,+Geoid,2027,0.199,0.00,0.00,0.00,0.00,0.00,0.00,,0.0002
Portimão/Arade (railway),Railway,SSP1-2.6,+Geoid,2028,0.206,0.00,0.00,0.00,0.00,0.00,0.00,,0.0002
Portimão/Arade (railway),Railway,SSP1-2.6,+Geoid,2029,0.213,0.00,0.00,0.00,0.00,0.00,0.00,,0.0002
Portimão/Arade (railway),Railway,SSP1-2.6,+Geoid,2030,0.22,0.00,0.00,0.00,0.00,0.00,0.00,,0.0002
Portimão/Arade (railway),Railway,SSP1-2.6,+Geoid,2031,0.226,0.00,0.00,0.00,0.00,0.00,0.00,,0.0002
Portimão/Arade (railway),Railway,SSP1-2.6,+Geoid,2032,0.232,0.00,0.00,0.00,0.00,0.00,0.00,,0.0002
Portimão/Arade (railway),Railway,SSP1-2.6,+Geoid,2033,0.238,0.00,0.00,0.00,0.00,0.00,0.00,,0.0002
Portimão/Arade (railway),Railway,SSP1-2.6,+Geoid,2034,0.244,0.00,0.00,0.00,0.00,0.00,0.00,,0.0002
Portimão/Arade (railway),Railway,SSP1-2.6,+Geoid,2035,0.25,0.00,0.00,0.00,0.00,0.00,0.00,,0.0003
Portimão/Arade (railway),Railway,SSP1-2.6,+Geoid,2036,0.256,0.00,0.00,0.00,0.00,0.00,0.00,,0.0003
Portimão/Arade (railway),Railway,SSP1-2.6,+Geoid,2037,0.262,0.00,0.00,0.00,0.00,0.00,0.00,,0.0003
Portimão/Arade (railway),Railway,SSP1-2.6,+Geoid,2038,0.268,0.00,0.00,0.00,0.00,0.00,0.00,,0.0003
Portimão/Arade (railway),Railway,SSP1-2.6,+Geoid,2039,0.274,0.00,0.00,0.00,0.00,0.00,0.00,,0.0003
Portimão/Arade (railway),Railway,SSP1-2.6,+Geoid,2040,0.28,0.00,0.00,0.00,0.00,0.00,0.00,,0.0003
Portimão/Arade (railway),Railway,SSP1-2.6,+Geoid,2041,0.287,0.00,0.00,0.00,0.00,0.00,0.00,,0.0003
Portimão/Arade (railway),Railway,SSP1-2.6,+Geoid,2042,0.294,0.00,0.00,0.00,0.00,0.00,0.00,,0.0004
Portimão/Arade (railway),Railway,SSP1-2.6,+Geoid,2043,0.301,0.00,0.00,0.00,0.00,0.00,0.00,,0.0004
Portimão/Arade (railway),Railway,SSP1-2.6,+Geoid,2044,0.308,0.00,0.00,0.00,0.00,0.00,0.00,,0.0004
Portimão/Arade (railway),Railway,SSP1-2.6,+Geoid,2045,0.315,0.00,0.00,0.00,0.00,0.00,0.00,,0.0004
Portimão/Arade (railway),Railway,SSP1-2.6,+Geoid,2046,0.322,0.00,0.00,0.00,0.00,0.00,0.00,,0.0005
Portimão/Arade (railway),Railway,SSP1-2.6,+Geoid,2047,0.329,0.00,0.00,0.00,0.00,0.00,0.00,,0.0005
Portimão/Arade (railway),Railway,SSP1-2.6,+Geoid,2048,0.336,0.00,0.00,0.00,0.00,0.00,0.00,,0.0005
Portimão/Arade (railway),Railway,SSP1-2.6,+Geoid,2049,0.343,0.00,0.00,0.00,0.00,0.00,0.00,,0.0005
Portimão/Arade (railway),Railway,SSP1-2.6,+Geoid,2050,0.35,0.00,0.00,0.00,0.00,0.00,0.00,,0.0006
Portimão/Arade (railway),Railway,SSP1-2.6,+Geoid,2051,0.354,0.00,0.00,0.00,0.00,0.00,0.00,,0.0006
Portimão/Arade (railway),Railway,SSP1-2.6,+Geoid,2052,0.358,0.00,0.00,0.00,0.00,0.00,0.00,,0.0006
Portimão/Arade (railway),Railway,SSP1-2.6,+Geoid,2053,0.362,0.00,0.00,0.00,0.00,0.00,0.00,,0.0006
Portimão/Arade (railway),Railway,SSP1-2.6,+Geoid,2054,0.366,0.00,0.00,0.00,0.00,0.00,0.00,,0.0007
Portimão/Arade (railway),Railway,SSP1-2.6,+Geoid,2055,0.37,0.00,0.00,0.00,0.00,0.00,0.00,,0.0007
Portimão/Arade (railway),Railway,SSP1-2.6,+Geoid,2056,0.374,0.00,0.00,0.00,0.00,0.00,0.00,,0.0007
Portimão/Arade (railway),Railway,SSP1-2.6,+Geoid,2057,0.378,0.00,0.00,0.00,0.00,0.00,0.00,,0.0007
Portimão/Arade (railway),Railway,SSP1-2.6,+Geoid,2058,0.382,0.00,0.00,0.00,0.00,0.00,0.00,,0.0007
Portimão/Arade (railway),Railway,SSP1-2.6,+Geoid,2059,0.386,0.00,0.00,0.00,0.00,0.00,0.00,,0.0008
Portimão/Arade (railway),Railway,SSP1-2.6,+Geoid,2060,0.39,0.00,0.00,0.00,0.00,0.00,0.00,,0.0008
Portimão/Arade (railway),Railway,SSP1-2.6,+Geoid,2061,0.394,0.00,0.00,0.00,0.00,0.00,0.00,,0.0008
Portimão/Arade (railway),Railway,SSP1-2.6,+Geoid,2062,0.398,0.00,0.00,0.00,0.00,0.00,0.00,,0.0009
Portimão/Arade (railway),Railway,SSP1-2.6,+Geoid,2063,0.402,0.00,0.00,0.00,0.00,0.00,0.00,,0.0009
Portimão/Arade (railway),Railway,SSP1-2.6,+Geoid,2064,0.406,0.00,0.00,0.00,0.00,0.00,0.00,,0.0009
Portimão/Arade (railway),Railway,SSP1-2.6,+Geoid,2065,0.41,0.00,0.00,0.00,0.00,0.00,0.00,,0.0009
Portimão/Arade (railway),Railway,SSP1-2.6,+Geoid,2066,0.414,0.00,0.00,0.00,0.00,0.00,0.00,,0.001
Portimão/Arade (railway),Railway,SSP1-2.6,+Geoid,2067,0.418,0.00,0.00,0.00,0.00,0.00,0.00,,0.001
Portimão/Arade (railway),Railway,SSP1-2.6,+Geoid,2068,0.422,0.00,0.00,0.00,0.00,0.00,0.00,,0.001
Portimão/Arade (railway),Railway,SSP1-2.6,+Geoid,2069,0.426,0.00,0.00,0.00,0.00,0.00,0.00,,0.0011
Portimão/Arade (railway),Railway,SSP1-2.6,+Geoid,2070,0.43,0.00,0.00,0.00,0.00,0.00,0.00,,0.0011
Portimão/Arade (railway),Railway,SSP1-2.6,+Geoid,2071,0.434,0.00,0.00,0.00,0.00,0.00,0.00,,0.0011
Portimão/Arade (railway),Railway,SSP1-2.6,+Geoid,2072,0.438,0.00,0.00,0.00,0.00,0.00,0.00,,0.0012
Portimão/Arade (railway),Railway,SSP1-2.6,+Geoid,2073,0.442,0.00,0.00,0.00,0.00,0.00,0.00,,0.0012
Portimão/Arade (railway),Railway,SSP1-2.6,+Geoid,2074,0.446,0.00,0.00,0.00,0.00,0.00,0.00,,0.0012
Portimão/Arade (railway),Railway,SSP1-2.6,+Geoid,2075,0.45,0.00,0.00,0.00,0.00,0.00,0.00,,0.0013
Portimão/Arade (railway),Railway,SSP1-2.6,+Geoid,2076,0.454,0.00,0.00,0.00,0.00,0.00,0.00,,0.0013
Portimão/Arade (railway),Railway,SSP1-2.6,+Geoid,2077,0.458,0.00,0.00,0.00,0.00,0.00,0.00,,0.0014
Portimão/Arade (railway),Railway,SSP1-2.6,+Geoid,2078,0.462,0.00,0.00,0.00,0.00,0.00,0.00,,0.0014
Portimão/Arade (railway),Railway,SSP1-2.6,+Geoid,2079,0.466,0.00,0.00,0.00,0.00,0.00,0.00,,0.0015
Portimão/Arade (railway),Railway,SSP1-2.6,+Geoid,2080,0.47,0.00,0.00,0.00,0.00,0.00,0.00,,0.0015
Portimão/Arade (railway),Railway,SSP1-2.6,+Geoid,2081,0.474,0.00,0.00,0.00,0.00,0.00,0.00,,0.0016
Portimão/Arade (railway),Railway,SSP1-2.6,+Geoid,2082,0.478,0.00,0.00,0.00,0.00,0.00,0.00,,0.0016
Portimão/Arade (railway),Railway,SSP1-2.6,+Geoid,2083,0.482,0.00,0.00,0.00,0.00,0.00,0.00,,0.0017
Portimão/Arade (railway),Railway,SSP1-2.6,+Geoid,2084,0.486,0.00,0.00,0.00,0.00,0.00,0.00,,0.0017
Portimão/Arade (railway),Railway,SSP1-2.6,+Geoid,2085,0.49,0.00,0.00,0.00,0.00,0.00,0.00,,0.0018
Portimão/Arade (railway),Railway,SSP1-2.6,+Geoid,2086,0.494,0.00,0.00,0.00,0.00,0.00,0.00,,0.0018
Portimão/Arade (railway),Railway,SSP1-2.6,+Geoid,2087,0.498,0.00,0.00,0.00,0.00,0.00,0.00,,0.0019
Portimão/Arade (railway),Railway,SSP1-2.6,+Geoid,2088,0.502,0.00,0.00,0.00,0.00,0.00,0.00,,0.002
Portimão/Arade (railway),Railway,SSP1-2.6,+Geoid,2089,0.506,0.00,0.00,0.00,0.00,0.00,0.00,,0.002
Portimão/Arade (railway),Railway,SSP1-2.6,+Geoid,2090,0.51,0.00,0.00,0.00,0.00,0.00,0.00,,0.0021
Portimão/Arade (railway),Railway,SSP1-2.6,+Geoid,2091,0.514,0.00,0.00,0.00,0.00,0.00,0.00,,0.0021
Portimão/Arade (railway),Railway,SSP1-2.6,+Geoid,2092,0.518,0.00,0.00,0.00,0.00,0.00,0.00,,0.0022
Portimão/Arade (railway),Railway,SSP1-2.6,+Geoid,2093,0.522,0.00,0.00,0.00,0.00,0.00,0.00,,0.0023
Portimão/Arade (railway),Railway,SSP1-2.6,+Geoid,2094,0.526,0.00,0.00,0.00,0.00,0.00,0.00,,0.0024
Portimão/Arade (railway),Railway,SSP1-2.6,+Geoid,2095,0.53,0.00,0.00,0.00,0.00,0.00,0.00,,0.0024
Portimão/Arade (railway),Railway,SSP1-2.6,+Geoid,2096,0.534,0.00,0.00,0.00,0.00,0.00,0.00,,0.0025
Portimão/Arade (railway),Railway,SSP1-2.6,+Geoid,2097,0.538,0.00,0.00,0.00,0.00,0.00,0.00,,0.0026
Portimão/Arade (railway),Railway,SSP1-2.6,+Geoid,2098,0.542,0.00,0.00,0.00,0.00,0.00,0.00,,0.0027
Portimão/Arade (railway),Railway,SSP1-2.6,+Geoid,2099,0.546,0.00,0.00,0.00,0.00,0.00,0.00,,0.0028
Portimão/Arade (railway),Railway,SSP1-2.6,+Geoid,2100,0.55,0.00,0.00,0.00,0.00,0.00,0.00,,0.0029
Portimão/Arade (railway),Railway,SSP2-4.5,Baseline,2025,0.05,0.00,0.00,0.00,0.00,0.00,0.00,,0.0
Portimão/Arade (railway),Railway,SSP2-4.5,Baseline,2026,0.06,0.00,0.00,0.00,0.00,0.00,0.00,,0.0001
Portimão/Arade (railway),Railway,SSP2-4.5,Baseline,2027,0.07,0.00,0.00,0.00,0.00,0.00,0.00,,0.0001
Portimão/Arade (railway),Railway,SSP2-4.5,Baseline,2028,0.08,0.00,0.00,0.00,0.00,0.00,0.00,,0.0001
Portimão/Arade (railway),Railway,SSP2-4.5,Baseline,2029,0.09,0.00,0.00,0.00,0.00,0.00,0.00,,0.0001
Portimão/Arade (railway),Railway,SSP2-4.5,Baseline,2030,0.1,0.00,0.00,0.00,0.00,0.00,0.00,,0.0001
Portimão/Arade (railway),Railway,SSP2-4.5,Baseline,2031,0.11,0.00,0.00,0.00,0.00,0.00,0.00,,0.0001
Portimão/Arade (railway),Railway,SSP2-4.5,Baseline,2032,0.12,0.00,0.00,0.00,0.00,0.00,0.00,,0.0001
Portimão/Arade (railway),Railway,SSP2-4.5,Baseline,2033,0.13,0.00,0.00,0.00,0.00,0.00,0.00,,0.0001
Portimão/Arade (railway),Railway,SSP2-4.5,Baseline,2034,0.14,0.00,0.00,0.00,0.00,0.00,0.00,,0.0001
Portimão/Arade (railway),Railway,SSP2-4.5,Baseline,2035,0.15,0.00,0.00,0.00,0.00,0.00,0.00,,0.0001
Portimão/Arade (railway),Railway,SSP2-4.5,Baseline,2036,0.16,0.00,0.00,0.00,0.00,0.00,0.00,,0.0001
Portimão/Arade (railway),Railway,SSP2-4.5,Baseline,2037,0.17,0.00,0.00,0.00,0.00,0.00,0.00,,0.0001
Portimão/Arade (railway),Railway,SSP2-4.5,Baseline,2038,0.18,0.00,0.00,0.00,0.00,0.00,0.00,,0.0001
Portimão/Arade (railway),Railway,SSP2-4.5,Baseline,2039,0.19,0.00,0.00,0.00,0.00,0.00,0.00,,0.0002
Portimão/Arade (railway),Railway,SSP2-4.5,Baseline,2040,0.2,0.00,0.00,0.00,0.00,0.00,0.00,,0.0002
Portimão/Arade (railway),Railway,SSP2-4.5,Baseline,2041,0.21,0.00,0.00,0.00,0.00,0.00,0.00,,0.0002
Portimão/Arade (railway),Railway,SSP2-4.5,Baseline,2042,0.22,0.00,0.00,0.00,0.00,0.00,0.00,,0.0002
Portimão/Arade (railway),Railway,SSP2-4.5,Baseline,2043,0.23,0.00,0.00,0.00,0.00,0.00,0.00,,0.0002
Portimão/Arade (railway),Railway,SSP2-4.5,Baseline,2044,0.24,0.00,0.00,0.00,0.00,0.00,0.00,,0.0002
Portimão/Arade (railway),Railway,SSP2-4.5,Baseline,2045,0.25,0.00,0.00,0.00,0.00,0.00,0.00,,0.0003
Portimão/Arade (railway),Railway,SSP2-4.5,Baseline,2046,0.26,0.00,0.00,0.00,0.00,0.00,0.00,,0.0003
Portimão/Arade (railway),Railway,SSP2-4.5,Baseline,2047,0.27,0.00,0.00,0.00,0.00,0.00,0.00,,0.0003
Portimão/Arade (railway),Railway,SSP2-4.5,Baseline,2048,0.28,0.00,0.00,0.00,0.00,0.00,0.00,,0.0003
Portimão/Arade (railway),Railway,SSP2-4.5,Baseline,2049,0.29,0.00,0.00,0.00,0.00,0.00,0.00,,0.0004
Portimão/Arade (railway),Railway,SSP2-4.5,Baseline,2050,0.3,0.00,0.00,0.00,0.00,0.00,0.00,,0.0004
Portimão/Arade (railway),Railway,SSP2-4.5,Baseline,2051,0.306,0.00,0.00,0.00,0.00,0.00,0.00,,0.0004
Portimão/Arade (railway),Railway,SSP2-4.5,Baseline,2052,0.312,0.00,0.00,0.00,0.00,0.00,0.00,,0.0004
Portimão/Arade (railway),Railway,SSP2-4.5,Baseline,2053,0.318,0.00,0.00,0.00,0.00,0.00,0.00,,0.0004
Portimão/Arade (railway),Railway,SSP2-4.5,Baseline,2054,0.324,0.00,0.00,0.00,0.00,0.00,0.00,,0.0005
Portimão/Arade (railway),Railway,SSP2-4.5,Baseline,2055,0.33,0.00,0.00,0.00,0.00,0.00,0.00,,0.0005
Portimão/Arade (railway),Railway,SSP2-4.5,Baseline,2056,0.336,0.00,0.00,0.00,0.00,0.00,0.00,,0.0005
Portimão/Arade (railway),Railway,SSP2-4.5,Baseline,2057,0.342,0.00,0.00,0.00,0.00,0.00,0.00,,0.0005
Portimão/Arade (railway),Railway,SSP2-4.5,Baseline,2058,0.348,0.00,0.00,0.00,0.00,0.00,0.00,,0.0006
Portimão/Arade (railway),Railway,SSP2-4.5,Baseline,2059,0.354,0.00,0.00,0.00,0.00,0.00,0.00,,0.0006
Portimão/Arade (railway),Railway,SSP2-4.5,Baseline,2060,0.36,0.00,0.00,0.00,0.00,0.00,0.00,,0.0006
Portimão/Arade (railway),Railway,SSP2-4.5,Baseline,2061,0.366,0.00,0.00,0.00,0.00,0.00,0.00,,0.0007
Portimão/Arade (railway),Railway,SSP2-4.5,Baseline,2062,0.372,0.00,0.00,0.00,0.00,0.00,0.00,,0.0007
Portimão/Arade (railway),Railway,SSP2-4.5,Baseline,2063,0.378,0.00,0.00,0.00,0.00,0.00,0.00,,0.0007
Portimão/Arade (railway),Railway,SSP2-4.5,Baseline,2064,0.384,0.00,0.00,0.00,0.00,0.00,0.00,,0.0008
Portimão/Arade (railway),Railway,SSP2-4.5,Baseline,2065,0.39,0.00,0.00,0.00,0.00,0.00,0.00,,0.0008
Portimão/Arade (railway),Railway,SSP2-4.5,Baseline,2066,0.396,0.00,0.00,0.00,0.00,0.00,0.00,,0.0008
Portimão/Arade (railway),Railway,SSP2-4.5,Baseline,2067,0.402,0.00,0.00,0.00,0.00,0.00,0.00,,0.0009
Portimão/Arade (railway),Railway,SSP2-4.5,Baseline,2068,0.408,0.00,0.00,0.00,0.00,0.00,0.00,,0.0009
Portimão/Arade (railway),Railway,SSP2-4.5,Baseline,2069,0.414,0.00,0.00,0.00,0.00,0.00,0.00,,0.001
Portimão/Arade (railway),Railway,SSP2-4.5,Baseline,2070,0.42,0.00,0.00,0.00,0.00,0.00,0.00,,0.001
Portimão/Arade (railway),Railway,SSP2-4.5,Baseline,2071,0.426,0.00,0.00,0.00,0.00,0.00,0.00,,0.0011
Portimão/Arade (railway),Railway,SSP2-4.5,Baseline,2072,0.432,0.00,0.00,0.00,0.00,0.00,0.00,,0.0011
Portimão/Arade (railway),Railway,SSP2-4.5,Baseline,2073,0.438,0.00,0.00,0.00,0.00,0.00,0.00,,0.0012
Portimão/Arade (railway),Railway,SSP2-4.5,Baseline,2074,0.444,0.00,0.00,0.00,0.00,0.00,0.00,,0.0012
Portimão/Arade (railway),Railway,SSP2-4.5,Baseline,2075,0.45,0.00,0.00,0.00,0.00,0.00,0.00,,0.0013
Portimão/Arade (railway),Railway,SSP2-4.5,Baseline,2076,0.456,0.00,0.00,0.00,0.00,0.00,0.00,,0.0014
Portimão/Arade (railway),Railway,SSP2-4.5,Baseline,2077,0.462,0.00,0.00,0.00,0.00,0.00,0.00,,0.0014
Portimão/Arade (railway),Railway,SSP2-4.5,Baseline,2078,0.468,0.00,0.00,0.00,0.00,0.00,0.00,,0.0015
Portimão/Arade (railway),Railway,SSP2-4.5,Baseline,2079,0.474,0.00,0.00,0.00,0.00,0.00,0.00,,0.0016
Portimão/Arade (railway),Railway,SSP2-4.5,Baseline,2080,0.48,0.00,0.00,0.00,0.00,0.00,0.00,,0.0016
Portimão/Arade (railway),Railway,SSP2-4.5,Baseline,2081,0.486,0.00,0.00,0.00,0.00,0.00,0.00,,0.0017
Portimão/Arade (railway),Railway,SSP2-4.5,Baseline,2082,0.492,0.00,0.00,0.00,0.00,0.00,0.00,,0.0018
Portimão/Arade (railway),Railway,SSP2-4.5,Baseline,2083,0.498,0.00,0.00,0.00,0.00,0.00,0.00,,0.0019
Portimão/Arade (railway),Railway,SSP2-4.5,Baseline,2084,0.504,0.00,0.00,0.00,0.00,0.00,0.00,,0.002
Portimão/Arade (railway),Railway,SSP2-4.5,Baseline,2085,0.51,0.00,0.00,0.00,0.00,0.00,0.00,,0.0021
Portimão/Arade (railway),Railway,SSP2-4.5,Baseline,2086,0.516,0.00,0.00,0.00,0.00,0.00,0.00,,0.0022
Portimão/Arade (railway),Railway,SSP2-4.5,Baseline,2087,0.522,0.00,0.00,0.00,0.00,0.00,0.00,,0.0023
Portimão/Arade (railway),Railway,SSP2-4.5,Baseline,2088,0.528,0.00,0.00,0.00,0.00,0.00,0.00,,0.0024
Portimão/Arade (railway),Railway,SSP2-4.5,Baseline,2089,0.534,0.00,0.00,0.00,0.00,0.00,0.00,,0.0025
Portimão/Arade (railway),Railway,SSP2-4.5,Baseline,2090,0.54,0.00,0.00,0.00,0.00,0.00,0.00,,0.0026
Portimão/Arade (railway),Railway,SSP2-4.5,Baseline,2091,0.546,0.00,0.00,0.00,0.00,0.00,0.00,,0.0028
Portimão/Arade (railway),Railway,SSP2-4.5,Baseline,2092,0.552,0.00,0.00,0.00,0.00,0.00,0.00,,0.0029
Portimão/Arade (railway),Railway,SSP2-4.5,Baseline,2093,0.558,0.00,0.00,100.00,0.00,0.00,0.00,,0.003
Portimão/Arade (railway),Railway,SSP2-4.5,Baseline,2094,0.564,0.00,0.00,100.00,0.00,0.00,0.00,,0.0032
Portimão/Arade (railway),Railway,SSP2-4.5,Baseline,2095,0.57,0.00,0.00,100.00,0.00,0.00,0.00,,0.0033
Portimão/Arade (railway),Railway,SSP2-4.5,Baseline,2096,0.576,0.00,0.00,100.00,0.00,0.00,0.00,,0.0035
Portimão/Arade (railway),Railway,SSP2-4.5,Baseline,2097,0.582,0.00,0.00,100.00,0.00,0.00,0.00,,0.0037
Portimão/Arade (railway),Railway,SSP2-4.5,Baseline,2098,0.588,0.00,0.00,100.00,0.00,0.00,0.00,,0.0038
Portimão/Arade (railway),Railway,SSP2-4.5,Baseline,2099,0.594,0.00,0.00,100.00,0.00,0.00,0.00,,0.004
Portimão/Arade (railway),Railway,SSP2-4.5,Baseline,2100,0.6,0.00,0.00,100.00,0.00,0.00,0.00,,0.0042
Portimão/Arade (railway),Railway,SSP2-4.5,+Geoid,2025,0.2,0.00,0.00,0.00,0.00,0.00,0.00,,0.0002
Portimão/Arade (railway),Railway,SSP2-4.5,+Geoid,2026,0.21,0.00,0.00,0.00,0.00,0.00,0.00,,0.0002
Portimão/Arade (railway),Railway,SSP2-4.5,+Geoid,2027,0.22,0.00,0.00,0.00,0.00,0.00,0.00,,0.0002
Portimão/Arade (railway),Railway,SSP2-4.5,+Geoid,2028,0.23,0.00,0.00,0.00,0.00,0.00,0.00,,0.0002
Portimão/Arade (railway),Railway,SSP2-4.5,+Geoid,2029,0.24,0.00,0.00,0.00,0.00,0.00,0.00,,0.0002
Portimão/Arade (railway),Railway,SSP2-4.5,+Geoid,2030,0.25,0.00,0.00,0.00,0.00,0.00,0.00,,0.0003
Portimão/Arade (railway),Railway,SSP2-4.5,+Geoid,2031,0.26,0.00,0.00,0.00,0.00,0.00,0.00,,0.0003
Portimão/Arade (railway),Railway,SSP2-4.5,+Geoid,2032,0.27,0.00,0.00,0.00,0.00,0.00,0.00,,0.0003
Portimão/Arade (railway),Railway,SSP2-4.5,+Geoid,2033,0.28,0.00,0.00,0.00,0.00,0.00,0.00,,0.0003
Portimão/Arade (railway),Railway,SSP2-4.5,+Geoid,2034,0.29,0.00,0.00,0.00,0.00,0.00,0.00,,0.0004
Portimão/Arade (railway),Railway,SSP2-4.5,+Geoid,2035,0.3,0.00,0.00,0.00,0.00,0.00,0.00,,0.0004
Portimão/Arade (railway),Railway,SSP2-4.5,+Geoid,2036,0.31,0.00,0.00,0.00,0.00,0.00,0.00,,0.0004
Portimão/Arade (railway),Railway,SSP2-4.5,+Geoid,2037,0.32,0.00,0.00,0.00,0.00,0.00,0.00,,0.0005
Portimão/Arade (railway),Railway,SSP2-4.5,+Geoid,2038,0.33,0.00,0.00,0.00,0.00,0.00,0.00,,0.0005
Portimão/Arade (railway),Railway,SSP2-4.5,+Geoid,2039,0.34,0.00,0.00,0.00,0.00,0.00,0.00,,0.0005
Portimão/Arade (railway),Railway,SSP2-4.5,+Geoid,2040,0.35,0.00,0.00,0.00,0.00,0.00,0.00,,0.0006
Portimão/Arade (railway),Railway,SSP2-4.5,+Geoid,2041,0.36,0.00,0.00,0.00,0.00,0.00,0.00,,0.0006
Portimão/Arade (railway),Railway,SSP2-4.5,+Geoid,2042,0.37,0.00,0.00,0.00,0.00,0.00,0.00,,0.0007
Portimão/Arade (railway),Railway,SSP2-4.5,+Geoid,2043,0.38,0.00,0.00,0.00,0.00,0.00,0.00,,0.0007
Portimão/Arade (railway),Railway,SSP2-4.5,+Geoid,2044,0.39,0.00,0.00,0.00,0.00,0.00,0.00,,0.0008
Portimão/Arade (railway),Railway,SSP2-4.5,+Geoid,2045,0.4,0.00,0.00,0.00,0.00,0.00,0.00,,0.0009
Portimão/Arade (railway),Railway,SSP2-4.5,+Geoid,2046,0.41,0.00,0.00,0.00,0.00,0.00,0.00,,0.0009
Portimão/Arade (railway),Railway,SSP2-4.5,+Geoid,2047,0.42,0.00,0.00,0.00,0.00,0.00,0.00,,0.001
Portimão/Arade (railway),Railway,SSP2-4.5,+Geoid,2048,0.43,0.00,0.00,0.00,0.00,0.00,0.00,,0.0011
Portimão/Arade (railway),Railway,SSP2-4.5,+Geoid,2049,0.44,0.00,0.00,0.00,0.00,0.00,0.00,,0.0012
Portimão/Arade (railway),Railway,SSP2-4.5,+Geoid,2050,0.45,0.00,0.00,0.00,0.00,0.00,0.00,,0.0013
Portimão/Arade (railway),Railway,SSP2-4.5,+Geoid,2051,0.456,0.00,0.00,0.00,0.00,0.00,0.00,,0.0014
Portimão/Arade (railway),Railway,SSP2-4.5,+Geoid,2052,0.462,0.00,0.00,0.00,0.00,0.00,0.00,,0.0014
Portimão/Arade (railway),Railway,SSP2-4.5,+Geoid,2053,0.468,0.00,0.00,0.00,0.00,0.00,0.00,,0.0015
Portimão/Arade (railway),Railway,SSP2-4.5,+Geoid,2054,0.474,0.00,0.00,0.00,0.00,0.00,0.00,,0.0016
Portimão/Arade (railway),Railway,SSP2-4.5,+Geoid,2055,0.48,0.00,0.00,0.00,0.00,0.00,0.00,,0.0016
Portimão/Arade (railway),Railway,SSP2-4.5,+Geoid,2056,0.486,0.00,0.00,0.00,0.00,0.00,0.00,,0.0017
Portimão/Arade (railway),Railway,SSP2-4.5,+Geoid,2057,0.492,0.00,0.00,0.00,0.00,0.00,0.00,,0.0018
Portimão/Arade (railway),Railway,SSP2-4.5,+Geoid,2058,0.498,0.00,0.00,0.00,0.00,0.00,0.00,,0.0019
Portimão/Arade (railway),Railway,SSP2-4.5,+Geoid,2059,0.504,0.00,0.00,0.00,0.00,0.00,0.00,,0.002
Portimão/Arade (railway),Railway,SSP2-4.5,+Geoid,2060,0.51,0.00,0.00,0.00,0.00,0.00,0.00,,0.0021
Portimão/Arade (railway),Railway,SSP2-4.5,+Geoid,2061,0.516,0.00,0.00,0.00,0.00,0.00,0.00,,0.0022
Portimão/Arade (railway),Railway,SSP2-4.5,+Geoid,2062,0.522,0.00,0.00,0.00,0.00,0.00,0.00,,0.0023
Portimão/Arade (railway),Railway,SSP2-4.5,+Geoid,2063,0.528,0.00,0.00,0.00,0.00,0.00,0.00,,0.0024
Portimão/Arade (railway),Railway,SSP2-4.5,+Geoid,2064,0.534,0.00,0.00,0.00,0.00,0.00,0.00,,0.0025
Portimão/Arade (railway),Railway,SSP2-4.5,+Geoid,2065,0.54,0.00,0.00,0.00,0.00,0.00,0.00,,0.0026
Portimão/Arade (railway),Railway,SSP2-4.5,+Geoid,2066,0.546,0.00,0.00,0.00,0.00,0.00,0.00,,0.0028
Portimão/Arade (railway),Railway,SSP2-4.5,+Geoid,2067,0.552,0.00,0.00,0.00,0.00,0.00,0.00,,0.0029
Portimão/Arade (railway),Railway,SSP2-4.5,+Geoid,2068,0.558,0.00,0.00,100.00,0.00,0.00,0.00,,0.003
Portimão/Arade (railway),Railway,SSP2-4.5,+Geoid,2069,0.564,0.00,0.00,100.00,0.00,0.00,0.00,,0.0032
Portimão/Arade (railway),Railway,SSP2-4.5,+Geoid,2070,0.57,0.00,0.00,100.00,0.00,0.00,0.00,,0.0033
Portimão/Arade (railway),Railway,SSP2-4.5,+Geoid,2071,0.576,0.00,0.00,100.00,0.00,0.00,0.00,,0.0035
Portimão/Arade (railway),Railway,SSP2-4.5,+Geoid,2072,0.582,0.00,0.00,100.00,0.00,0.00,0.00,,0.0037
Portimão/Arade (railway),Railway,SSP2-4.5,+Geoid,2073,0.588,0.00,0.00,100.00,0.00,0.00,0.00,,0.0038
Portimão/Arade (railway),Railway,SSP2-4.5,+Geoid,2074,0.594,0.00,0.00,100.00,0.00,0.00,0.00,,0.004
Portimão/Arade (railway),Railway,SSP2-4.5,+Geoid,2075,0.6,0.00,0.00,100.00,0.00,0.00,0.00,,0.0042
Portimão/Arade (railway),Railway,SSP2-4.5,+Geoid,2076,0.606,0.00,0.00,100.00,0.00,0.00,0.00,,0.0044
Portimão/Arade (railway),Railway,SSP2-4.5,+Geoid,2077,0.612,0.00,0.00,100.00,0.00,0.00,0.00,,0.0046
Portimão/Arade (railway),Railway,SSP2-4.5,+Geoid,2078,0.618,0.00,0.00,100.00,0.00,0.00,0.00,,0.0049
Portimão/Arade (railway),Railway,SSP2-4.5,+Geoid,2079,0.624,0.00,0.00,100.00,0.00,0.00,0.00,,0.0051
Portimão/Arade (railway),Railway,SSP2-4.5,+Geoid,2080,0.63,0.00,0.00,100.00,0.00,0.00,0.00,,0.0053
Portimão/Arade (railway),Railway,SSP2-4.5,+Geoid,2081,0.636,0.00,0.00,100.00,0.00,0.00,0.00,,0.0056
Portimão/Arade (railway),Railway,SSP2-4.5,+Geoid,2082,0.642,0.00,0.00,100.00,0.00,0.00,0.00,,0.0059
Portimão/Arade (railway),Railway,SSP2-4.5,+Geoid,2083,0.648,0.00,0.00,100.00,0.00,0.00,0.00,,0.0061
Portimão/Arade (railway),Railway,SSP2-4.5,+Geoid,2084,0.654,0.00,0.00,100.00,0.00,0.00,0.00,,0.0064
Portimão/Arade (railway),Railway,SSP2-4.5,+Geoid,2085,0.66,0.00,0.00,100.00,0.00,0.00,0.00,,0.0068
Portimão/Arade (railway),Railway,SSP2-4.5,+Geoid,2086,0.666,100.00,0.00,100.00,0.00,0.00,0.00,,0.0071
Portimão/Arade (railway),Railway,SSP2-4.5,+Geoid,2087,0.672,100.00,0.00,100.00,0.00,0.00,0.00,,0.0074
Portimão/Arade (railway),Railway,SSP2-4.5,+Geoid,2088,0.678,100.00,0.00,100.00,0.00,0.00,0.00,,0.0078
Portimão/Arade (railway),Railway,SSP2-4.5,+Geoid,2089,0.684,100.00,0.00,100.00,0.00,0.00,0.00,,0.0081
Portimão/Arade (railway),Railway,SSP2-4.5,+Geoid,2090,0.69,100.00,0.00,100.00,0.00,0.00,0.00,,0.0085
Portimão/Arade (railway),Railway,SSP2-4.5,+Geoid,2091,0.696,100.00,0.00,200.00,0.00,0.00,0.00,,0.0089
Portimão/Arade (railway),Railway,SSP2-4.5,+Geoid,2092,0.702,100.00,0.00,200.00,0.00,0.00,0.00,,0.0094
Portimão/Arade (railway),Railway,SSP2-4.5,+Geoid,2093,0.708,100.00,0.00,200.00,0.00,0.00,0.00,,0.0098
Portimão/Arade (railway),Railway,SSP2-4.5,+Geoid,2094,0.714,100.00,0.00,200.00,0.00,0.00,0.00,,0.0103
Portimão/Arade (railway),Railway,SSP2-4.5,+Geoid,2095,0.72,100.00,0.00,200.00,0.00,0.00,0.00,,0.0108
Portimão/Arade (railway),Railway,SSP2-4.5,+Geoid,2096,0.726,100.00,0.00,200.00,0.00,0.00,0.00,,0.0113
Portimão/Arade (railway),Railway,SSP2-4.5,+Geoid,2097,0.732,100.00,0.00,200.00,0.00,0.00,0.00,,0.0118
Portimão/Arade (railway),Railway,SSP2-4.5,+Geoid,2098,0.738,100.00,0.00,200.00,0.00,0.00,0.00,,0.0124
Portimão/Arade (railway),Railway,SSP2-4.5,+Geoid,2099,0.744,100.00,0.00,200.00,0.00,0.00,0.00,,0.013
Portimão/Arade (railway),Railway,SSP2-4.5,+Geoid,2100,0.75,100.00,0.00,200.00,0.00,0.00,0.00,,0.0136
Portimão/Arade (railway),Railway,SSP5-8.5,Baseline,2025,0.065,0.00,0.00,0.00,0.00,0.00,0.00,,0.0001
Portimão/Arade (railway),Railway,SSP5-8.5,Baseline,2026,0.078,0.00,0.00,0.00,0.00,0.00,0.00,,0.0001
Portimão/Arade (railway),Railway,SSP5-8.5,Baseline,2027,0.091,0.00,0.00,0.00,0.00,0.00,0.00,,0.0001
Portimão/Arade (railway),Railway,SSP5-8.5,Baseline,2028,0.104,0.00,0.00,0.00,0.00,0.00,0.00,,0.0001
Portimão/Arade (railway),Railway,SSP5-8.5,Baseline,2029,0.117,0.00,0.00,0.00,0.00,0.00,0.00,,0.0001
Portimão/Arade (railway),Railway,SSP5-8.5,Baseline,2030,0.13,0.00,0.00,0.00,0.00,0.00,0.00,,0.0001
Portimão/Arade (railway),Railway,SSP5-8.5,Baseline,2031,0.144,0.00,0.00,0.00,0.00,0.00,0.00,,0.0001
Portimão/Arade (railway),Railway,SSP5-8.5,Baseline,2032,0.158,0.00,0.00,0.00,0.00,0.00,0.00,,0.0001
Portimão/Arade (railway),Railway,SSP5-8.5,Baseline,2033,0.172,0.00,0.00,0.00,0.00,0.00,0.00,,0.0001
Portimão/Arade (railway),Railway,SSP5-8.5,Baseline,2034,0.186,0.00,0.00,0.00,0.00,0.00,0.00,,0.0001
Portimão/Arade (railway),Railway,SSP5-8.5,Baseline,2035,0.2,0.00,0.00,0.00,0.00,0.00,0.00,,0.0002
Portimão/Arade (railway),Railway,SSP5-8.5,Baseline,2036,0.214,0.00,0.00,0.00,0.00,0.00,0.00,,0.0002
Portimão/Arade (railway),Railway,SSP5-8.5,Baseline,2037,0.228,0.00,0.00,0.00,0.00,0.00,0.00,,0.0002
Portimão/Arade (railway),Railway,SSP5-8.5,Baseline,2038,0.242,0.00,0.00,0.00,0.00,0.00,0.00,,0.0002
Portimão/Arade (railway),Railway,SSP5-8.5,Baseline,2039,0.256,0.00,0.00,0.00,0.00,0.00,0.00,,0.0003
Portimão/Arade (railway),Railway,SSP5-8.5,Baseline,2040,0.27,0.00,0.00,0.00,0.00,0.00,0.00,,0.0003
Portimão/Arade (railway),Railway,SSP5-8.5,Baseline,2041,0.283,0.00,0.00,0.00,0.00,0.00,0.00,,0.0003
Portimão/Arade (railway),Railway,SSP5-8.5,Baseline,2042,0.296,0.00,0.00,0.00,0.00,0.00,0.00,,0.0004
Portimão/Arade (railway),Railway,SSP5-8.5,Baseline,2043,0.309,0.00,0.00,0.00,0.00,0.00,0.00,,0.0004
Portimão/Arade (railway),Railway,SSP5-8.5,Baseline,2044,0.322,0.00,0.00,0.00,0.00,0.00,0.00,,0.0005
Portimão/Arade (railway),Railway,SSP5-8.5,Baseline,2045,0.335,0.00,0.00,0.00,0.00,0.00,0.00,,0.0005
Portimão/Arade (railway),Railway,SSP5-8.5,Baseline,2046,0.348,0.00,0.00,0.00,0.00,0.00,0.00,,0.0006
Portimão/Arade (railway),Railway,SSP5-8.5,Baseline,2047,0.361,0.00,0.00,0.00,0.00,0.00,0.00,,0.0006
Portimão/Arade (railway),Railway,SSP5-8.5,Baseline,2048,0.374,0.00,0.00,0.00,0.00,0.00,0.00,,0.0007
Portimão/Arade (railway),Railway,SSP5-8.5,Baseline,2049,0.387,0.00,0.00,0.00,0.00,0.00,0.00,,0.0008
Portimão/Arade (railway),Railway,SSP5-8.5,Baseline,2050,0.4,0.00,0.00,0.00,0.00,0.00,0.00,,0.0009
Portimão/Arade (railway),Railway,SSP5-8.5,Baseline,2051,0.412,0.00,0.00,0.00,0.00,0.00,0.00,,0.001
Portimão/Arade (railway),Railway,SSP5-8.5,Baseline,2052,0.424,0.00,0.00,0.00,0.00,0.00,0.00,,0.001
Portimão/Arade (railway),Railway,SSP5-8.5,Baseline,2053,0.436,0.00,0.00,0.00,0.00,0.00,0.00,,0.0012
Portimão/Arade (railway),Railway,SSP5-8.5,Baseline,2054,0.448,0.00,0.00,0.00,0.00,0.00,0.00,,0.0013
Portimão/Arade (railway),Railway,SSP5-8.5,Baseline,2055,0.46,0.00,0.00,0.00,0.00,0.00,0.00,,0.0014
Portimão/Arade (railway),Railway,SSP5-8.5,Baseline,2056,0.472,0.00,0.00,0.00,0.00,0.00,0.00,,0.0015
Portimão/Arade (railway),Railway,SSP5-8.5,Baseline,2057,0.484,0.00,0.00,0.00,0.00,0.00,0.00,,0.0017
Portimão/Arade (railway),Railway,SSP5-8.5,Baseline,2058,0.496,0.00,0.00,0.00,0.00,0.00,0.00,,0.0019
Portimão/Arade (railway),Railway,SSP5-8.5,Baseline,2059,0.508,0.00,0.00,0.00,0.00,0.00,0.00,,0.002
Portimão/Arade (railway),Railway,SSP5-8.5,Baseline,2060,0.52,0.00,0.00,0.00,0.00,0.00,0.00,,0.0022
Portimão/Arade (railway),Railway,SSP5-8.5,Baseline,2061,0.532,0.00,0.00,0.00,0.00,0.00,0.00,,0.0025
Portimão/Arade (railway),Railway,SSP5-8.5,Baseline,2062,0.544,0.00,0.00,0.00,0.00,0.00,0.00,,0.0027
Portimão/Arade (railway),Railway,SSP5-8.5,Baseline,2063,0.556,0.00,0.00,100.00,0.00,0.00,0.00,,0.003
Portimão/Arade (railway),Railway,SSP5-8.5,Baseline,2064,0.568,0.00,0.00,100.00,0.00,0.00,0.00,,0.0033
Portimão/Arade (railway),Railway,SSP5-8.5,Baseline,2065,0.58,0.00,0.00,100.00,0.00,0.00,0.00,,0.0036
Portimão/Arade (railway),Railway,SSP5-8.5,Baseline,2066,0.592,0.00,0.00,100.00,0.00,0.00,0.00,,0.004
Portimão/Arade (railway),Railway,SSP5-8.5,Baseline,2067,0.604,0.00,0.00,100.00,0.00,0.00,0.00,,0.0044
Portimão/Arade (railway),Railway,SSP5-8.5,Baseline,2068,0.616,0.00,0.00,100.00,0.00,0.00,0.00,,0.0048
Portimão/Arade (railway),Railway,SSP5-8.5,Baseline,2069,0.628,0.00,0.00,100.00,0.00,0.00,0.00,,0.0053
Portimão/Arade (railway),Railway,SSP5-8.5,Baseline,2070,0.64,0.00,0.00,100.00,0.00,0.00,0.00,,0.0058
Portimão/Arade (railway),Railway,SSP5-8.5,Baseline,2071,0.652,0.00,0.00,100.00,0.00,0.00,0.00,,0.0063
Portimão/Arade (railway),Railway,SSP5-8.5,Baseline,2072,0.664,0.00,0.00,100.00,0.00,0.00,0.00,,0.007
Portimão/Arade (railway),Railway,SSP5-8.5,Baseline,2073,0.676,100.00,0.00,100.00,0.00,0.00,0.00,,0.0076
Portimão/Arade (railway),Railway,SSP5-8.5,Baseline,2074,0.688,100.00,0.00,100.00,0.00,0.00,0.00,,0.0084
Portimão/Arade (railway),Railway,SSP5-8.5,Baseline,2075,0.7,100.00,0.00,200.00,0.00,0.00,0.00,,0.0092
Portimão/Arade (railway),Railway,SSP5-8.5,Baseline,2076,0.712,100.00,0.00,200.00,0.00,0.00,0.00,,0.0101
Portimão/Arade (railway),Railway,SSP5-8.5,Baseline,2077,0.724,100.00,0.00,200.00,0.00,0.00,0.00,,0.0111
Portimão/Arade (railway),Railway,SSP5-8.5,Baseline,2078,0.736,100.00,0.00,200.00,0.00,0.00,0.00,,0.0122
Portimão/Arade (railway),Railway,SSP5-8.5,Baseline,2079,0.748,100.00,0.00,200.00,0.00,0.00,0.00,,0.0134
Portimão/Arade (railway),Railway,SSP5-8.5,Baseline,2080,0.76,100.00,100.00,300.00,0.00,0.00,0.00,,0.0147
Portimão/Arade (railway),Railway,SSP5-8.5,Baseline,2081,0.772,100.00,100.00,300.00,0.00,0.00,0.00,,0.0161
Portimão/Arade (railway),Railway,SSP5-8.5,Baseline,2082,0.784,100.00,100.00,300.00,0.00,0.00,0.00,,0.0177
Portimão/Arade (railway),Railway,SSP5-8.5,Baseline,2083,0.796,100.00,100.00,300.00,0.00,0.00,0.00,,0.0194
Portimão/Arade (railway),Railway,SSP5-8.5,Baseline,2084,0.808,200.00,100.00,400.00,0.00,0.00,0.00,,0.0212
Portimão/Arade (railway),Railway,SSP5-8.5,Baseline,2085,0.82,200.00,100.00,400.00,0.00,0.00,0.00,,0.0233
Portimão/Arade (railway),Railway,SSP5-8.5,Baseline,2086,0.832,200.00,100.00,400.00,0.00,0.00,0.00,,0.0255
Portimão/Arade (railway),Railway,SSP5-8.5,Baseline,2087,0.844,200.00,100.00,500.00,0.00,0.00,0.00,,0.028
Portimão/Arade (railway),Railway,SSP5-8.5,Baseline,2088,0.856,200.00,100.00,500.00,0.00,0.00,0.00,,0.0307
Portimão/Arade (railway),Railway,SSP5-8.5,Baseline,2089,0.868,200.00,100.00,600.00,0.00,0.00,0.00,,0.0337
Portimão/Arade (railway),Railway,SSP5-8.5,Baseline,2090,0.88,300.00,100.00,600.00,0.00,0.00,0.00,,0.0369
Portimão/Arade (railway),Railway,SSP5-8.5,Baseline,2091,0.892,300.00,100.00,700.00,0.00,0.00,0.00,,0.0405
Portimão/Arade (railway),Railway,SSP5-8.5,Baseline,2092,0.904,300.00,200.00,800.00,0.00,0.00,0.00,,0.0443
Portimão/Arade (railway),Railway,SSP5-8.5,Baseline,2093,0.916,300.00,200.00,800.00,0.00,0.00,0.00,,0.0486
Portimão/Arade (railway),Railway,SSP5-8.5,Baseline,2094,0.928,400.00,200.00,900.00,0.00,0.00,0.00,,0.0533
Portimão/Arade (railway),Railway,SSP5-8.5,Baseline,2095,0.94,400.00,200.00,1000.00,0.00,0.00,0.00,,0.0584
Portimão/Arade (railway),Railway,SSP5-8.5,Baseline,2096,0.952,500.00,200.00,1100.00,0.00,0.00,0.00,,0.064
Portimão/Arade (railway),Railway,SSP5-8.5,Baseline,2097,0.964,500.00,300.00,1200.00,0.00,0.00,0.00,,0.0701
Portimão/Arade (railway),Railway,SSP5-8.5,Baseline,2098,0.976,600.00,300.00,1300.00,0.00,0.00,0.00,,0.0768
Portimão/Arade (railway),Railway,SSP5-8.5,Baseline,2099,0.988,600.00,300.00,1400.00,0.00,0.00,0.00,,0.0841
Portimão/Arade (railway),Railway,SSP5-8.5,Baseline,2100,1.0,700.00,300.00,1600.00,0.00,0.00,0.00,,0.0922
Portimão/Arade (railway),Railway,SSP5-8.5,+Geoid,2025,0.215,0.00,0.00,0.00,0.00,0.00,0.00,,0.0002
Portimão/Arade (railway),Railway,SSP5-8.5,+Geoid,2026,0.228,0.00,0.00,0.00,0.00,0.00,0.00,,0.0002
Portimão/Arade (railway),Railway,SSP5-8.5,+Geoid,2027,0.241,0.00,0.00,0.00,0.00,0.00,0.00,,0.0002
Portimão/Arade (railway),Railway,SSP5-8.5,+Geoid,2028,0.254,0.00,0.00,0.00,0.00,0.00,0.00,,0.0003
Portimão/Arade (railway),Railway,SSP5-8.5,+Geoid,2029,0.267,0.00,0.00,0.00,0.00,0.00,0.00,,0.0003
Portimão/Arade (railway),Railway,SSP5-8.5,+Geoid,2030,0.28,0.00,0.00,0.00,0.00,0.00,0.00,,0.0003
Portimão/Arade (railway),Railway,SSP5-8.5,+Geoid,2031,0.294,0.00,0.00,0.00,0.00,0.00,0.00,,0.0004
Portimão/Arade (railway),Railway,SSP5-8.5,+Geoid,2032,0.308,0.00,0.00,0.00,0.00,0.00,0.00,,0.0004
Portimão/Arade (railway),Railway,SSP5-8.5,+Geoid,2033,0.322,0.00,0.00,0.00,0.00,0.00,0.00,,0.0005
Portimão/Arade (railway),Railway,SSP5-8.5,+Geoid,2034,0.336,0.00,0.00,0.00,0.00,0.00,0.00,,0.0005
Portimão/Arade (railway),Railway,SSP5-8.5,+Geoid,2035,0.35,0.00,0.00,0.00,0.00,0.00,0.00,,0.0006
Portimão/Arade (railway),Railway,SSP5-8.5,+Geoid,2036,0.364,0.00,0.00,0.00,0.00,0.00,0.00,,0.0006
Portimão/Arade (railway),Railway,SSP5-8.5,+Geoid,2037,0.378,0.00,0.00,0.00,0.00,0.00,0.00,,0.0007
Portimão/Arade (railway),Railway,SSP5-8.5,+Geoid,2038,0.392,0.00,0.00,0.00,0.00,0.00,0.00,,0.0008
Portimão/Arade (railway),Railway,SSP5-8.5,+Geoid,2039,0.406,0.00,0.00,0.00,0.00,0.00,0.00,,0.0009
Portimão/Arade (railway),Railway,SSP5-8.5,+Geoid,2040,0.42,0.00,0.00,0.00,0.00,0.00,0.00,,0.001
Portimão/Arade (railway),Railway,SSP5-8.5,+Geoid,2041,0.433,0.00,0.00,0.00,0.00,0.00,0.00,,0.0011
Portimão/Arade (railway),Railway,SSP5-8.5,+Geoid,2042,0.446,0.00,0.00,0.00,0.00,0.00,0.00,,0.0012
Portimão/Arade (railway),Railway,SSP5-8.5,+Geoid,2043,0.459,0.00,0.00,0.00,0.00,0.00,0.00,,0.0014
Portimão/Arade (railway),Railway,SSP5-8.5,+Geoid,2044,0.472,0.00,0.00,0.00,0.00,0.00,0.00,,0.0015
Portimão/Arade (railway),Railway,SSP5-8.5,+Geoid,2045,0.485,0.00,0.00,0.00,0.00,0.00,0.00,,0.0017
Portimão/Arade (railway),Railway,SSP5-8.5,+Geoid,2046,0.498,0.00,0.00,0.00,0.00,0.00,0.00,,0.0019
Portimão/Arade (railway),Railway,SSP5-8.5,+Geoid,2047,0.511,0.00,0.00,0.00,0.00,0.00,0.00,,0.0021
Portimão/Arade (railway),Railway,SSP5-8.5,+Geoid,2048,0.524,0.00,0.00,0.00,0.00,0.00,0.00,,0.0023
Portimão/Arade (railway),Railway,SSP5-8.5,+Geoid,2049,0.537,0.00,0.00,0.00,0.00,0.00,0.00,,0.0026
Portimão/Arade (railway),Railway,SSP5-8.5,+Geoid,2050,0.55,0.00,0.00,0.00,0.00,0.00,0.00,,0.0029
Portimão/Arade (railway),Railway,SSP5-8.5,+Geoid,2051,0.562,0.00,0.00,100.00,0.00,0.00,0.00,,0.0031
Portimão/Arade (railway),Railway,SSP5-8.5,+Geoid,2052,0.574,0.00,0.00,100.00,0.00,0.00,0.00,,0.0034
Portimão/Arade (railway),Railway,SSP5-8.5,+Geoid,2053,0.586,0.00,0.00,100.00,0.00,0.00,0.00,,0.0038
Portimão/Arade (railway),Railway,SSP5-8.5,+Geoid,2054,0.598,0.00,0.00,100.00,0.00,0.00,0.00,,0.0042
Portimão/Arade (railway),Railway,SSP5-8.5,+Geoid,2055,0.61,0.00,0.00,100.00,0.00,0.00,0.00,,0.0046
Portimão/Arade (railway),Railway,SSP5-8.5,+Geoid,2056,0.622,0.00,0.00,100.00,0.00,0.00,0.00,,0.005
Portimão/Arade (railway),Railway,SSP5-8.5,+Geoid,2057,0.634,0.00,0.00,100.00,0.00,0.00,0.00,,0.0055
Portimão/Arade (railway),Railway,SSP5-8.5,+Geoid,2058,0.646,0.00,0.00,100.00,0.00,0.00,0.00,,0.0061
Portimão/Arade (railway),Railway,SSP5-8.5,+Geoid,2059,0.658,0.00,0.00,100.00,0.00,0.00,0.00,,0.0066
Portimão/Arade (railway),Railway,SSP5-8.5,+Geoid,2060,0.67,100.00,0.00,100.00,0.00,0.00,0.00,,0.0073
Portimão/Arade (railway),Railway,SSP5-8.5,+Geoid,2061,0.682,100.00,0.00,100.00,0.00,0.00,0.00,,0.008
Portimão/Arade (railway),Railway,SSP5-8.5,+Geoid,2062,0.694,100.00,0.00,200.00,0.00,0.00,0.00,,0.0088
Portimão/Arade (railway),Railway,SSP5-8.5,+Geoid,2063,0.706,100.00,0.00,200.00,0.00,0.00,0.00,,0.0097
Portimão/Arade (railway),Railway,SSP5-8.5,+Geoid,2064,0.718,100.00,0.00,200.00,0.00,0.00,0.00,,0.0106
Portimão/Arade (railway),Railway,SSP5-8.5,+Geoid,2065,0.73,100.00,0.00,200.00,0.00,0.00,0.00,,0.0116
Portimão/Arade (railway),Railway,SSP5-8.5,+Geoid,2066,0.742,100.00,0.00,200.00,0.00,0.00,0.00,,0.0128
Portimão/Arade (railway),Railway,SSP5-8.5,+Geoid,2067,0.754,100.00,100.00,200.00,0.00,0.00,0.00,,0.014
Portimão/Arade (railway),Railway,SSP5-8.5,+Geoid,2068,0.766,100.00,100.00,300.00,0.00,0.00,0.00,,0.0154
Portimão/Arade (railway),Railway,SSP5-8.5,+Geoid,2069,0.778,100.00,100.00,300.00,0.00,0.00,0.00,,0.0169
Portimão/Arade (railway),Railway,SSP5-8.5,+Geoid,2070,0.79,100.00,100.00,300.00,0.00,0.00,0.00,,0.0185
Portimão/Arade (railway),Railway,SSP5-8.5,+Geoid,2071,0.802,100.00,100.00,300.00,0.00,0.00,0.00,,0.0203
Portimão/Arade (railway),Railway,SSP5-8.5,+Geoid,2072,0.814,200.00,100.00,400.00,0.00,0.00,0.00,,0.0222
Portimão/Arade (railway),Railway,SSP5-8.5,+Geoid,2073,0.826,200.00,100.00,400.00,0.00,0.00,0.00,,0.0244
Portimão/Arade (railway),Railway,SSP5-8.5,+Geoid,2074,0.838,200.00,100.00,500.00,0.00,0.00,0.00,,0.0267
Portimão/Arade (railway),Railway,SSP5-8.5,+Geoid,2075,0.85,200.00,100.00,500.00,0.00,0.00,0.00,,0.0293
Portimão/Arade (railway),Railway,SSP5-8.5,+Geoid,2076,0.862,200.00,100.00,500.00,0.00,0.00,0.00,,0.0322
Portimão/Arade (railway),Railway,SSP5-8.5,+Geoid,2077,0.874,300.00,100.00,600.00,0.00,0.00,0.00,,0.0352
Portimão/Arade (railway),Railway,SSP5-8.5,+Geoid,2078,0.886,300.00,100.00,700.00,0.00,0.00,0.00,,0.0386
Portimão/Arade (railway),Railway,SSP5-8.5,+Geoid,2079,0.898,300.00,200.00,700.00,0.00,0.00,0.00,,0.0424
Portimão/Arade (railway),Railway,SSP5-8.5,+Geoid,2080,0.91,300.00,200.00,800.00,0.00,0.00,0.00,,0.0464
Portimão/Arade (railway),Railway,SSP5-8.5,+Geoid,2081,0.922,400.00,200.00,900.00,0.00,0.00,0.00,,0.0509
Portimão/Arade (railway),Railway,SSP5-8.5,+Geoid,2082,0.934,400.00,200.00,1000.00,0.00,0.00,0.00,,0.0558
Portimão/Arade (railway),Railway,SSP5-8.5,+Geoid,2083,0.946,400.00,200.00,1000.00,0.00,0.00,0.00,,0.0611
Portimão/Arade (railway),Railway,SSP5-8.5,+Geoid,2084,0.958,500.00,200.00,1100.00,0.00,0.00,0.00,,0.067
Portimão/Arade (railway),Railway,SSP5-8.5,+Geoid,2085,0.97,500.00,300.00,1300.00,0.00,0.00,0.00,,0.0734
Portimão/Arade (railway),Railway,SSP5-8.5,+Geoid,2086,0.982,600.00,300.00,1400.00,0.00,0.00,0.00,,0.0804
Portimão/Arade (railway),Railway,SSP5-8.5,+Geoid,2087,0.994,600.00,300.00,1500.00,0.00,0.00,0.00,,0.0881
Portimão/Arade (railway),Railway,SSP5-8.5,+Geoid,2088,1.006,700.00,300.00,1600.00,0.00,0.00,0.00,,0.0965
Portimão/Arade (railway),Railway,SSP5-8.5,+Geoid,2089,1.018,800.00,400.00,1800.00,0.00,0.00,0.00,,0.1057
Portimão/Arade (railway),Railway,SSP5-8.5,+Geoid,2090,1.03,800.00,400.00,2000.00,0.00,0.00,0.00,,0.1157
Portimão/Arade (railway),Railway,SSP5-8.5,+Geoid,2091,1.042,900.00,500.00,2200.00,0.00,0.00,0.00,,0.1268
Portimão/Arade (railway),Railway,SSP5-8.5,+Geoid,2092,1.054,1000.00,500.00,2400.00,0.00,0.00,0.00,,0.1388
Portimão/Arade (railway),Railway,SSP5-8.5,+Geoid,2093,1.066,1100.00,600.00,2600.00,0.00,0.00,0.00,,0.152
Portimão/Arade (railway),Railway,SSP5-8.5,+Geoid,2094,1.078,1200.00,600.00,2800.00,0.00,0.00,0.00,,0.1665
Portimão/Arade (railway),Railway,SSP5-8.5,+Geoid,2095,1.09,1300.00,700.00,3100.00,0.00,0.00,0.00,,0.1823
Portimão/Arade (railway),Railway,SSP5-8.5,+Geoid,2096,1.102,1400.00,700.00,3400.00,0.00,0.00,0.00,,0.1996
Portimão/Arade (railway),Railway,SSP5-8.5,+Geoid,2097,1.114,1600.00,800.00,3700.00,0.00,0.00,0.00,,0.2185
Portimão/Arade (railway),Railway,SSP5-8.5,+Geoid,2098,1.126,1700.00,900.00,4100.00,0.00,0.00,0.00,,0.2393
Portimão/Arade (railway),Railway,SSP5-8.5,+Geoid,2099,1.138,1900.00,900.00,4500.00,0.00,0.00,100000.00,,0.2619
Portimão/Arade (railway),Railway,SSP5-8.5,+Geoid,2100,1.15,2100.00,1000.00,4900.00,0.00,0.00,100000.00,,0.2867
Leixões,Port,SSP1-2.6,Baseline,2025,0.035,409134.00,204567.00,681890.00,409134.00,204567.00,681890.00,15.6917,0.136
Leixões,Port,SSP1-2.6,Baseline,2026,0.042,435094.00,217547.00,725157.00,844228.00,422114.00,1407047.00,14.9485,0.145
Leixões,Port,SSP1-2.6,Baseline,2027,0.049,462624.00,231312.00,771040.00,1306852.00,653426.00,2178087.00,14.2405,0.154
Leixões,Port,SSP1-2.6,Baseline,2028,0.056,491816.00,245908.00,819694.00,1798668.00,899334.00,2997781.00,13.566,0.164
Leixões,Port,SSP1-2.6,Baseline,2029,0.063,522767.00,261384.00,871279.00,2321436.00,1160718.00,3869060.00,12.9235,0.174
Leixões,Port,SSP1-2.6,Baseline,2030,0.07,555581.00,277790.00,925968.00,2877016.00,1438508.00,4795028.00,12.3114,0.185
Leixões,Port,SSP1-2.6,Baseline,2031,0.0765,587812.00,293906.00,979687.00,3464829.00,1732414.00,5774715.00,11.7691,0.196
Leixões,Port,SSP1-2.6,Baseline,2032,0.083,621834.00,310917.00,1036391.00,4086663.00,2043331.00,6811106.00,11.2506,0.207
Leixões,Port,SSP1-2.6,Baseline,2033,0.0895,657744.00,328872.00,1096240.00,4744407.00,2372203.00,7907346.00,10.7549,0.219
Leixões,Port,SSP1-2.6,Baseline,2034,0.096,695643.00,347821.00,1159405.00,5440050.00,2720024.00,9066751.00,10.2811,0.232
Leixões,Port,SSP1-2.6,Baseline,2035,0.1025,735638.00,367819.00,1226063.00,6175688.00,3087843.00,10292814.00,9.8282,0.245
Leixões,Port,SSP1-2.6,Baseline,2036,0.109,777842.00,388921.00,1296403.00,6953529.00,3476764.00,11589217.00,9.3952,0.259
Leixões,Port,SSP1-2.6,Baseline,2037,0.1155,822373.00,411187.00,1370622.00,7775902.00,3887951.00,12959839.00,8.9813,0.274
Leixões,Port,SSP1-2.6,Baseline,2038,0.122,869357.00,434679.00,1448929.00,8645260.00,4322630.00,14408768.00,8.5857,0.29
Leixões,Port,SSP1-2.6,Baseline,2039,0.1285,918925.00,459463.00,1531542.00,9564185.00,4782093.00,15940310.00,8.2074,0.306
Leixões,Port,SSP1-2.6,Baseline,2040,0.135,971215.00,485608.00,1618692.00,10535400.00,5267701.00,17559002.00,7.8458,0.324
Leixões,Port,SSP1-2.6,Baseline,2041,0.1415,1026373.00,513187.00,1710622.00,11561773.00,5780888.00,19269624.00,7.5002,0.342
Leixões,Port,SSP1-2.6,Baseline,2042,0.148,1084553.00,542276.00,1807588.00,12646326.00,6323164.00,21077212.00,7.1698,0.362
Leixões,Port,SSP1-2.6,Baseline,2043,0.1545,1145915.00,572957.00,1909858.00,13792240.00,6896121.00,22987070.00,6.8539,0.382
Leixões,Port,SSP1-2.6,Baseline,2044,0.161,1210629.00,605314.00,2017715.00,15002869.00,7501435.00,25004785.00,6.552,0.404
Leixões,Port,SSP1-2.6,Baseline,2045,0.1675,1278874.00,639437.00,2131457.00,16281743.00,8140872.00,27136242.00,6.2633,0.426
Leixões,Port,SSP1-2.6,Baseline,2046,0.174,1350838.00,675419.00,2251397.00,17632581.00,8816291.00,29387639.00,5.9874,0.45
Leixões,Port,SSP1-2.6,Baseline,2047,0.1805,1426719.00,713360.00,2377865.00,19059301.00,9529651.00,31765504.00,5.7236,0.476
Leixões,Port,SSP1-2.6,Baseline,2048,0.187,1506725.00,753363.00,2511209.00,20566026.00,10283014.00,34276713.00,5.4715,0.502
Leixões,Port,SSP1-2.6,Baseline,2049,0.1935,1591075.00,795538.00,2651792.00,22157101.00,11078552.00,36928505.00,5.2304,0.53
Leixões,Port,SSP1-2.6,Baseline,2050,0.2,1680000.00,840000.00,2800000.00,23837101.00,11918552.00,39728505.00,5.0,0.56
Leixões,Port,SSP1-2.6,Baseline,2051,0.204,1737101.00,868551.00,2895169.00,25574202.00,12787103.00,42623674.00,4.8633,0.579
Leixões,Port,SSP1-2.6,Baseline,2052,0.208,1796085.00,898043.00,2993475.00,27370288.00,13685146.00,45617149.00,4.7303,0.599
Leixões,Port,SSP1-2.6,Baseline,2053,0.212,1857013.00,928506.00,3095021.00,29227300.00,14613652.00,48712170.00,4.6009,0.619
Leixões,Port,SSP1-2.6,Baseline,2054,0.216,1919946.00,959973.00,3199910.00,31147246.00,15573625.00,51912080.00,4.4751,0.64
Leixões,Port,SSP1-2.6,Baseline,2055,0.22,1984951.00,992475.00,3308251.00,33132197.00,16566100.00,55220331.00,4.3528,0.662
Leixões,Port,SSP1-2.6,Baseline,2056,0.224,2052093.00,1026046.00,3420155.00,35184290.00,17592146.00,58640486.00,4.2337,0.684
Leixões,Port,SSP1-2.6,Baseline,2057,0.228,2121441.00,1060721.00,3535736.00,37305731.00,18652867.00,62176222.00,4.118,0.707
Leixões,Port,SSP1-2.6,Baseline,2058,0.232,2193067.00,1096534.00,3655112.00,39498798.00,19749401.00,65831334.00,4.0053,0.731
Leixões,Port,SSP1-2.6,Baseline,2059,0.236,2267044.00,1133522.00,3778406.00,41765842.00,20882923.00,69609740.00,3.8958,0.756
Leixões,Port,SSP1-2.6,Baseline,2060,0.24,2343446.00,1171723.00,3905743.00,44109288.00,22054646.00,73515483.00,3.7893,0.781
Leixões,Port,SSP1-2.6,Baseline,2061,0.244,2422353.00,1211176.00,4037254.00,46531641.00,23265822.00,77552737.00,3.6857,0.807
Leixões,Port,SSP1-2.6,Baseline,2062,0.248,2503844.00,1251922.00,4173073.00,49035484.00,24517744.00,81725810.00,3.5849,0.835
Leixões,Port,SSP1-2.6,Baseline,2063,0.252,2588002.00,1294001.00,4313337.00,51623487.00,25811745.00,86039147.00,3.4869,0.863
Leixões,Port,SSP1-2.6,Baseline,2064,0.256,2674914.00,1337457.00,4458190.00,54298401.00,27149202.00,90497337.00,3.3915,0.892
Leixões,Port,SSP1-2.6,Baseline,2065,0.26,2764667.00,1382334.00,4607778.00,57063068.00,28531536.00,95105115.00,3.2988,0.922
Leixões,Port,SSP1-2.6,Baseline,2066,0.264,2857352.00,1428676.00,4762254.00,59920420.00,29960212.00,99867369.00,3.2086,0.952
Leixões,Port,SSP1-2.6,Baseline,2067,0.268,2953064.00,1476532.00,4921773.00,62873484.00,31436744.00,104789142.00,3.1208,0.984
Leixões,Port,SSP1-2.6,Baseline,2068,0.272,3051899.00,1525949.00,5086498.00,65925383.00,32962693.00,109875640.00,3.0355,1.017
Leixões,Port,SSP1-2.6,Baseline,2069,0.276,3153957.00,1576978.00,5256595.00,69079340.00,34539671.00,115132235.00,2.9525,1.051
Leixões,Port,SSP1-2.6,Baseline,2070,0.28,3259341.00,1629671.00,5432236.00,72338681.00,36169342.00,120564471.00,2.8717,1.086
Leixões,Port,SSP1-2.6,Baseline,2071,0.284,3368158.00,1684079.00,5613597.00,75706840.00,37853421.00,126178068.00,2.7932,1.123
Leixões,Port,SSP1-2.6,Baseline,2072,0.288,3480518.00,1740259.00,5800863.00,79187357.00,39593680.00,131978931.00,2.7168,1.16
Leixões,Port,SSP1-2.6,Baseline,2073,0.292,3596533.00,1798266.00,5994221.00,82783890.00,41391946.00,137973152.00,2.6425,1.199
Leixões,Port,SSP1-2.6,Baseline,2074,0.296,3716320.00,1858160.00,6193867.00,86500210.00,43250106.00,144167019.00,2.5703,1.239
Leixões,Port,SSP1-2.6,Baseline,2075,0.3,3840000.00,1920000.00,6400000.00,90340210.00,45170106.00,150567019.00,2.5,1.28
Leixões,Port,SSP1-2.6,Baseline,2076,0.304,3967697.00,1983848.00,6612828.00,94307907.00,47153954.00,157179847.00,2.4316,1.323
Leixões,Port,SSP1-2.6,Baseline,2077,0.308,4099539.00,2049769.00,6832565.00,98407446.00,49203723.00,164012412.00,2.3651,1.367
Leixões,Port,SSP1-2.6,Baseline,2078,0.312,4235658.00,2117829.00,7059430.00,102643104.00,51321552.00,171071842.00,2.3005,1.412
Leixões,Port,SSP1-2.6,Baseline,2079,0.316,4376190.00,2188095.00,7293650.00,107019294.00,53509647.00,178365492.00,2.2376,1.459
Leixões,Port,SSP1-2.6,Baseline,2080,0.32,4521277.00,2260638.00,7535461.00,111540571.00,55770285.00,185900953.00,2.1764,1.507
Leixões,Port,SSP1-2.6,Baseline,2081,0.324,4671062.00,2335531.00,7785104.00,116211633.00,58105816.00,193686057.00,2.1169,1.557
Leixões,Port,SSP1-2.6,Baseline,2082,0.328,4825696.00,2412848.00,8042827.00,121037329.00,60518664.00,201728884.00,2.059,1.609
Leixões,Port,SSP1-2.6,Baseline,2083,0.332,4985333.00,2492666.00,8308888.00,126022662.00,63011330.00,210037772.00,2.0027,1.662
Leixões,Port,SSP1-2.6,Baseline,2084,0.336,5150131.00,2575066.00,8583552.00,131172793.00,65586396.00,218621324.00,1.9479,1.717
Leixões,Port,SSP1-2.6,Baseline,2085,0.34,5320256.00,2660128.00,8867093.00,136493049.00,68246524.00,227488417.00,1.8946,1.773
Leixões,Port,SSP1-2.6,Baseline,2086,0.344,5495875.00,2747938.00,9159792.00,141988925.00,70994462.00,236648209.00,1.8428,1.832
Leixões,Port,SSP1-2.6,Baseline,2087,0.348,5677165.00,2838582.00,9461941.00,147666089.00,73833044.00,246110150.00,1.7924,1.892
Leixões,Port,SSP1-2.6,Baseline,2088,0.352,5864303.00,2932152.00,9773839.00,153530393.00,76765196.00,255883989.00,1.7434,1.955
Leixões,Port,SSP1-2.6,Baseline,2089,0.356,6057477.00,3028739.00,10095796.00,159587870.00,79793935.00,265979785.00,1.6958,2.019
Leixões,Port,SSP1-2.6,Baseline,2090,0.36,6256878.00,3128439.00,10428130.00,165844748.00,82922374.00,276407915.00,1.6494,2.086
Leixões,Port,SSP1-2.6,Baseline,2091,0.364,6462703.00,3231351.00,10771171.00,172307451.00,86153725.00,287179086.00,1.6043,2.154
Leixões,Port,SSP1-2.6,Baseline,2092,0.368,6675155.00,3337578.00,11125258.00,178982606.00,89491303.00,298304344.00,1.5604,2.225
Leixões,Port,SSP1-2.6,Baseline,2093,0.372,6894445.00,3447223.00,11490742.00,185877051.00,92938526.00,309795086.00,1.5177,2.298
Leixões,Port,SSP1-2.6,Baseline,2094,0.376,7120789.00,3560395.00,11867982.00,192997840.00,96498921.00,321663068.00,1.4762,2.374
Leixões,Port,SSP1-2.6,Baseline,2095,0.38,7354411.00,3677206.00,12257352.00,200352251.00,100176127.00,333920420.00,1.4359,2.451
Leixões,Port,SSP1-2.6,Baseline,2096,0.384,7595541.00,3797770.00,12659235.00,207947792.00,103973897.00,346579655.00,1.3966,2.532
Leixões,Port,SSP1-2.6,Baseline,2097,0.388,7844416.00,3922208.00,13074026.00,215792208.00,107896105.00,359653681.00,1.3584,2.615
Leixões,Port,SSP1-2.6,Baseline,2098,0.392,8101281.00,4050640.00,13502135.00,223893489.00,111946745.00,373155816.00,1.3213,2.7
Leixões,Port,SSP1-2.6,Baseline,2099,0.396,8366389.00,4183194.00,13943981.00,232259878.00,116129939.00,387099797.00,1.2851,2.789
Leixões,Port,SSP1-2.6,Baseline,2100,0.4,8640000.00,4320000.00,14400000.00,240899878.00,120449939.00,401499797.00,1.25,2.88
Leixões,Port,SSP1-2.6,+Geoid,2025,0.11,784538.00,392269.00,1307564.00,784538.00,392269.00,1307564.00,9.3303,0.262
Leixões,Port,SSP1-2.6,+Geoid,2026,0.132,946734.00,473367.00,1577890.00,1731272.00,865636.00,2885454.00,8.0107,0.316
Leixões,Port,SSP1-2.6,+Geoid,2027,0.154,1141078.00,570539.00,1901796.00,2872350.00,1436175.00,4787250.00,6.8777,0.38
Leixões,Port,SSP1-2.6,+Geoid,2028,0.176,1373760.00,686880.00,2289599.00,4246109.00,2123055.00,7076849.00,5.905,0.458
Leixões,Port,SSP1-2.6,+Geoid,2029,0.198,1652137.00,826069.00,2753562.00,5898246.00,2949124.00,9830411.00,5.0698,0.551
Leixões,Port,SSP1-2.6,+Geoid,2030,0.22,1984951.00,992475.00,3308251.00,7883197.00,3941599.00,13138662.00,4.3528,0.662
Leixões,Port,SSP1-2.6,+Geoid,2031,0.2265,2095173.00,1047586.00,3491954.00,9978370.00,4989185.00,16630616.00,4.161,0.698
Leixões,Port,SSP1-2.6,+Geoid,2032,0.233,2211338.00,1105669.00,3685563.00,12189708.00,6094854.00,20316179.00,3.9777,0.737
Leixões,Port,SSP1-2.6,+Geoid,2033,0.2395,2333760.00,1166880.00,3889601.00,14523468.00,7261734.00,24205780.00,3.8024,0.778
Leixões,Port,SSP1-2.6,+Geoid,2034,0.246,2462770.00,1231385.00,4104617.00,16986238.00,8493119.00,28310397.00,3.6349,0.821
Leixões,Port,SSP1-2.6,+Geoid,2035,0.2525,2598714.00,1299357.00,4331190.00,19584952.00,9792476.00,32641587.00,3.4748,0.866
Leixões,Port,SSP1-2.6,+Geoid,2036,0.259,2741957.00,1370979.00,4569929.00,22326910.00,11163455.00,37211516.00,3.3217,0.914
Leixões,Port,SSP1-2.6,+Geoid,2037,0.2655,2892884.00,1446442.00,4821474.00,25219794.00,12609897.00,42032990.00,3.1754,0.964
Leixões,Port,SSP1-2.6,+Geoid,2038,0.272,3051899.00,1525949.00,5086498.00,28271693.00,14135846.00,47119488.00,3.0355,1.017
Leixões,Port,SSP1-2.6,+Geoid,2039,0.2785,3219426.00,1609713.00,5365709.00,31491119.00,15745559.00,52485197.00,2.9018,1.073
Leixões,Port,SSP1-2.6,+Geoid,2040,0.285,3395912.00,1697956.00,5659853.00,34887030.00,17443515.00,58145050.00,2.7739,1.132
Leixões,Port,SSP1-2.6,+Geoid,2041,0.2915,3581827.00,1790914.00,5969712.00,38468857.00,19234429.00,64114762.00,2.6517,1.194
Leixões,Port,SSP1-2.6,+Geoid,2042,0.298,3777666.00,1888833.00,6296110.00,42246523.00,21123262.00,70410872.00,2.5349,1.259
Leixões,Port,SSP1-2.6,+Geoid,2043,0.3045,3983948.00,1991974.00,6639913.00,46230471.00,23115236.00,77050785.00,2.4232,1.328
Leixões,Port,SSP1-2.6,+Geoid,2044,0.311,4201220.00,2100610.00,7002033.00,50431691.00,25215846.00,84052818.00,2.3165,1.4
Leixões,Port,SSP1-2.6,+Geoid,2045,0.3175,4430056.00,2215028.00,7383427.00,54861747.00,27430874.00,91436245.00,2.2144,1.477
Leixões,Port,SSP1-2.6,+Geoid,2046,0.324,4671062.00,2335531.00,7785104.00,59532809.00,29766405.00,99221349.00,2.1169,1.557
Leixões,Port,SSP1-2.6,+Geoid,2047,0.3305,4924873.00,2462436.00,8208121.00,64457682.00,32228841.00,107429470.00,2.0236,1.642
Leixões,Port,SSP1-2.6,+Geoid,2048,0.337,5192157.00,2596078.00,8653595.00,69649839.00,34824919.00,116083065.00,1.9345,1.731
Leixões,Port,SSP1-2.6,+Geoid,2049,0.3435,5473617.00,2736808.00,9122694.00,75123455.00,37561727.00,125205759.00,1.8492,1.825
Leixões,Port,SSP1-2.6,+Geoid,2050,0.35,5769991.00,2884996.00,9616652.00,80893447.00,40446723.00,134822411.00,1.7678,1.923
Leixões,Port,SSP1-2.6,+Geoid,2051,0.354,5960124.00,2980062.00,9933540.00,86853571.00,43426785.00,144755951.00,1.7194,1.987
Leixões,Port,SSP1-2.6,+Geoid,2052,0.358,6156387.00,3078194.00,10260645.00,93009958.00,46504979.00,155016596.00,1.6724,2.052
Leixões,Port,SSP1-2.6,+Geoid,2053,0.362,6358975.00,3179487.00,10598291.00,99368933.00,49684466.00,165614887.00,1.6267,2.12
Leixões,Port,SSP1-2.6,+Geoid,2054,0.366,6568087.00,3284044.00,10946812.00,105937020.00,52968510.00,176561699.00,1.5822,2.189
Leixões,Port,SSP1-2.6,+Geoid,2055,0.37,6783932.00,3391966.00,11306553.00,112720952.00,56360476.00,187868252.00,1.5389,2.261
Leixões,Port,SSP1-2.6,+Geoid,2056,0.374,7006722.00,3503361.00,11677869.00,119727674.00,59863837.00,199546121.00,1.4968,2.336
Leixões,Port,SSP1-2.6,+Geoid,2057,0.378,7236676.00,3618338.00,12061127.00,126964350.00,63482175.00,211607248.00,1.4559,2.412
Leixões,Port,SSP1-2.6,+Geoid,2058,0.382,7474023.00,3737011.00,12456705.00,134438373.00,67219186.00,224063953.00,1.4161,2.491
Leixões,Port,SSP1-2.6,+Geoid,2059,0.386,7718995.00,3859497.00,12864992.00,142157368.00,71078683.00,236928945.00,1.3774,2.573
Leixões,Port,SSP1-2.6,+Geoid,2060,0.39,7971834.00,3985917.00,13286390.00,150129202.00,75064600.00,250215335.00,1.3397,2.657
Leixões,Port,SSP1-2.6,+Geoid,2061,0.394,8232788.00,4116394.00,13721314.00,158361990.00,79180994.00,263936649.00,1.3031,2.744
Leixões,Port,SSP1-2.6,+Geoid,2062,0.398,8502115.00,4251057.00,14170191.00,166864105.00,83432051.00,278106840.00,1.2674,2.834
Leixões,Port,SSP1-2.6,+Geoid,2063,0.402,8780078.00,4390039.00,14633463.00,175644183.00,87822090.00,292740303.00,1.2328,2.927
Leixões,Port,SSP1-2.6,+Geoid,2064,0.406,9066950.00,4533475.00,15111584.00,184711133.00,92355565.00,307851887.00,1.1991,3.022
Leixões,Port,SSP1-2.6,+Geoid,2065,0.41,9363013.00,4681506.00,15605022.00,194074146.00,97037071.00,323456909.00,1.1663,3.121
Leixões,Port,SSP1-2.6,+Geoid,2066,0.414,9668556.00,4834278.00,16114260.00,203742702.00,101871349.00,339571169.00,1.1344,3.223
Leixões,Port,SSP1-2.6,+Geoid,2067,0.418,9983879.00,4991940.00,16639799.00,213726581.00,106863289.00,356210968.00,1.1034,3.328
Leixões,Port,SSP1-2.6,+Geoid,2068,0.422,10309290.00,5154645.00,17182150.00,224035871.00,112017934.00,373393118.00,1.0732,3.436
Leixões,Port,SSP1-2.6,+Geoid,2069,0.426,10645107.00,5322553.00,17741844.00,234680978.00,117340487.00,391134962.00,1.0439,3.548
Leixões,Port,SSP1-2.6,+Geoid,2070,0.43,10991657.00,5495829.00,18319429.00,245672635.00,122836316.00,409454391.00,1.0153,3.664
Leixões,Port,SSP1-2.6,+Geoid,2071,0.434,11349280.00,5674640.00,18915467.00,257021915.00,128510956.00,428369858.00,0.9876,3.783
Leixões,Port,SSP1-2.6,+Geoid,2072,0.438,11718323.00,5859162.00,19530539.00,268740238.00,134370118.00,447900397.00,0.9605,3.906
Leixões,Port,SSP1-2.6,+Geoid,2073,0.442,12099146.00,6049573.00,20165244.00,280839385.00,140419691.00,468065641.00,0.9343,4.033
Leixões,Port,SSP1-2.6,+Geoid,2074,0.446,12492121.00,6246060.00,20820201.00,293331505.00,146665751.00,488885842.00,0.9087,4.164
Leixões,Port,SSP1-2.6,+Geoid,2075,0.45,12897628.00,6448814.00,21496046.00,306229133.00,153114565.00,510381888.00,0.8839,4.299
Leixões,Port,SSP1-2.6,+Geoid,2076,0.454,13316062.00,6658031.00,22193437.00,319545195.00,159772596.00,532575325.00,0.8597,4.439
Leixões,Port,SSP1-2.6,+Geoid,2077,0.458,13747830.00,6873915.00,22913049.00,333293025.00,166646511.00,555488374.00,0.8362,4.583
Leixões,Port,SSP1-2.6,+Geoid,2078,0.462,14193350.00,7096675.00,23655583.00,347486374.00,173743186.00,579143957.00,0.8133,4.731
Leixões,Port,SSP1-2.6,+Geoid,2079,0.466,14653054.00,7326527.00,24421757.00,362139429.00,181069713.00,603565714.00,0.7911,4.884
Leixões,Port,SSP1-2.6,+Geoid,2080,0.47,15127389.00,7563694.00,25212314.00,377266817.00,188633407.00,628778028.00,0.7695,5.042
Leixões,Port,SSP1-2.6,+Geoid,2081,0.474,15616812.00,7808406.00,26028020.00,392883629.00,196441813.00,654806048.00,0.7484,5.206
Leixões,Port,SSP1-2.6,+Geoid,2082,0.478,16121798.00,8060899.00,26869664.00,409005428.00,204502712.00,681675712.00,0.728,5.374
Leixões,Port,SSP1-2.6,+Geoid,2083,0.482,16642835.00,8321418.00,27738059.00,425648263.00,212824130.00,709413771.00,0.7081,5.548
Leixões,Port,SSP1-2.6,+Geoid,2084,0.486,17180427.00,8590213.00,28634044.00,442828690.00,221414343.00,738047815.00,0.6887,5.727
Leixões,Port,SSP1-2.6,+Geoid,2085,0.49,17735091.00,8867546.00,29558485.00,460563781.00,230281889.00,767606300.00,0.6699,5.912
Leixões,Port,SSP1-2.6,+Geoid,2086,0.494,18307364.00,9153682.00,30512273.00,478871145.00,239435571.00,798118573.00,0.6515,6.102
Leixões,Port,SSP1-2.6,+Geoid,2087,0.498,18897797.00,9448898.00,31496328.00,497768941.00,248884469.00,829614901.00,0.6337,6.299
Leixões,Port,SSP1-2.6,+Geoid,2088,0.502,19506958.00,9753479.00,32511597.00,517275899.00,258637948.00,862126498.00,0.6164,6.502
Leixões,Port,SSP1-2.6,+Geoid,2089,0.506,20135435.00,10067717.00,33559058.00,537411334.00,268705665.00,895685556.00,0.5995,6.712
Leixões,Port,SSP1-2.6,+Geoid,2090,0.51,20783831.00,10391915.00,34639718.00,558195165.00,279097580.00,930325274.00,0.5831,6.928
Leixões,Port,SSP1-2.6,+Geoid,2091,0.514,21452770.00,10726385.00,35754617.00,579647935.00,289823965.00,966079891.00,0.5672,7.151
Leixões,Port,SSP1-2.6,+Geoid,2092,0.518,22142895.00,11071448.00,36904825.00,601790831.00,300895413.00,1002984716.00,0.5517,7.381
Leixões,Port,SSP1-2.6,+Geoid,2093,0.522,22854868.00,11427434.00,38091447.00,624645699.00,312322847.00,1041076163.00,0.5366,7.618
Leixões,Port,SSP1-2.6,+Geoid,2094,0.526,23589372.00,11794686.00,39315621.00,648235071.00,324117533.00,1080391784.00,0.5219,7.863
Leixões,Port,SSP1-2.6,+Geoid,2095,0.53,24347112.00,12173556.00,40578520.00,672582183.00,336291089.00,1120970304.00,0.5077,8.116
Leixões,Port,SSP1-2.6,+Geoid,2096,0.534,25128813.00,12564406.00,41881354.00,697710996.00,348855495.00,1162851658.00,0.4938,8.376
Leixões,Port,SSP1-2.6,+Geoid,2097,0.538,25935223.00,12967611.00,43225371.00,723646218.00,361823106.00,1206077029.00,0.4803,8.645
Leixões,Port,SSP1-2.6,+Geoid,2098,0.542,26767114.00,13383557.00,44611856.00,750413332.00,375206663.00,1250688885.00,0.4671,8.922
Leixões,Port,SSP1-2.6,+Geoid,2099,0.546,27625281.00,13812641.00,46042136.00,778038614.00,389019304.00,1296731021.00,0.4544,9.208
Leixões,Port,SSP1-2.6,+Geoid,2100,0.55,28510545.00,14255273.00,47517576.00,806549159.00,403274577.00,1344248597.00,0.4419,9.504
Leixões,Port,SSP2-4.5,Baseline,2025,0.05,466690.00,233345.00,777817.00,466690.00,233345.00,777817.00,14.1421,0.156
Leixões,Port,SSP2-4.5,Baseline,2026,0.06,509281.00,254640.00,848801.00,975971.00,487985.00,1626618.00,13.1951,0.17
Leixões,Port,SSP2-4.5,Baseline,2027,0.07,555581.00,277790.00,925968.00,1531552.00,765775.00,2552586.00,12.3114,0.185
Leixões,Port,SSP2-4.5,Baseline,2028,0.08,605903.00,302952.00,1009839.00,2137455.00,1068727.00,3562425.00,11.487,0.202
Leixões,Port,SSP2-4.5,Baseline,2029,0.09,660587.00,330294.00,1100979.00,2798042.00,1399021.00,4663404.00,10.7177,0.22
Leixões,Port,SSP2-4.5,Baseline,2030,0.1,720000.00,360000.00,1200000.00,3518042.00,1759021.00,5863404.00,10.0,0.24
Leixões,Port,SSP2-4.5,Baseline,2031,0.11,784538.00,392269.00,1307564.00,4302581.00,2151290.00,7170968.00,9.3303,0.262
Leixões,Port,SSP2-4.5,Baseline,2032,0.12,854632.00,427316.00,1424386.00,5157212.00,2578606.00,8595354.00,8.7055,0.285
Leixões,Port,SSP2-4.5,Baseline,2033,0.13,930745.00,465373.00,1551242.00,6087957.00,3043979.00,10146596.00,8.1225,0.31
Leixões,Port,SSP2-4.5,Baseline,2034,0.14,1013382.00,506691.00,1688970.00,7101339.00,3550670.00,11835566.00,7.5786,0.338
Leixões,Port,SSP2-4.5,Baseline,2035,0.15,1103087.00,551543.00,1838478.00,8204426.00,4102213.00,13674044.00,7.0711,0.368
Leixões,Port,SSP2-4.5,Baseline,2036,0.16,1200448.00,600224.00,2000746.00,9404874.00,4702437.00,15674790.00,6.5975,0.4
Leixões,Port,SSP2-4.5,Baseline,2037,0.17,1306102.00,653051.00,2176836.00,10710975.00,5355488.00,17851626.00,6.1557,0.435
Leixões,Port,SSP2-4.5,Baseline,2038,0.18,1420739.00,710369.00,2367898.00,12131714.00,6065857.00,20219524.00,5.7435,0.474
Leixões,Port,SSP2-4.5,Baseline,2039,0.19,1545103.00,772551.00,2575171.00,13676817.00,6838408.00,22794695.00,5.3589,0.515
Leixões,Port,SSP2-4.5,Baseline,2040,0.2,1680000.00,840000.00,2800000.00,15356817.00,7678408.00,25594695.00,5.0,0.56
Leixões,Port,SSP2-4.5,Baseline,2041,0.21,1826302.00,913151.00,3043837.00,17183119.00,8591559.00,28638532.00,4.6652,0.609
Leixões,Port,SSP2-4.5,Baseline,2042,0.22,1984951.00,992475.00,3308251.00,19168069.00,9584034.00,31946783.00,4.3528,0.662
Leixões,Port,SSP2-4.5,Baseline,2043,0.23,2156965.00,1078483.00,3594942.00,21325034.00,10662517.00,35541725.00,4.0613,0.719
Leixões,Port,SSP2-4.5,Baseline,2044,0.24,2343446.00,1171723.00,3905743.00,23668480.00,11834240.00,39447468.00,3.7893,0.781
Leixões,Port,SSP2-4.5,Baseline,2045,0.25,2545584.00,1272792.00,4242641.00,26214065.00,13107032.00,43690109.00,3.5355,0.849
Leixões,Port,SSP2-4.5,Baseline,2046,0.26,2764667.00,1382334.00,4607778.00,28978732.00,14489366.00,48297887.00,3.2988,0.922
Leixões,Port,SSP2-4.5,Baseline,2047,0.27,3002085.00,1501042.00,5003475.00,31980817.00,15990408.00,53301362.00,3.0779,1.001
Leixões,Port,SSP2-4.5,Baseline,2048,0.28,3259341.00,1629671.00,5432236.00,35240158.00,17620079.00,58733598.00,2.8717,1.086
Leixões,Port,SSP2-4.5,Baseline,2049,0.29,3538061.00,1769031.00,5896769.00,38778219.00,19389110.00,64630367.00,2.6794,1.179
Leixões,Port,SSP2-4.5,Baseline,2050,0.3,3840000.00,1920000.00,6400000.00,42618219.00,21309110.00,71030367.00,2.5,1.28
Leixões,Port,SSP2-4.5,Baseline,2051,0.306,4033092.00,2016546.00,6721819.00,46651311.00,23325656.00,77752186.00,2.3982,1.344
Leixões,Port,SSP2-4.5,Baseline,2052,0.312,4235658.00,2117829.00,7059430.00,50886968.00,25443485.00,84811616.00,2.3005,1.412
Leixões,Port,SSP2-4.5,Baseline,2053,0.318,4448155.00,2224078.00,7413592.00,55335124.00,27667563.00,92225208.00,2.2068,1.483
Leixões,Port,SSP2-4.5,Baseline,2054,0.324,4671062.00,2335531.00,7785104.00,60006186.00,30003094.00,100010312.00,2.1169,1.557
Leixões,Port,SSP2-4.5,Baseline,2055,0.33,4904879.00,2452440.00,8174799.00,64911065.00,32455534.00,108185111.00,2.0306,1.635
Leixões,Port,SSP2-4.5,Baseline,2056,0.336,5150131.00,2575066.00,8583552.00,70061197.00,35030600.00,116768663.00,1.9479,1.717
Leixões,Port,SSP2-4.5,Baseline,2057,0.342,5407368.00,2703684.00,9012280.00,75468565.00,37734284.00,125780943.00,1.8686,1.802
Leixões,Port,SSP2-4.5,Baseline,2058,0.348,5677165.00,2838582.00,9461941.00,81145729.00,40572866.00,135242884.00,1.7924,1.892
Leixões,Port,SSP2-4.5,Baseline,2059,0.354,5960124.00,2980062.00,9933540.00,87105853.00,43552928.00,145176424.00,1.7194,1.987
Leixões,Port,SSP2-4.5,Baseline,2060,0.36,6256878.00,3128439.00,10428130.00,93362731.00,46681367.00,155604554.00,1.6494,2.086
Leixões,Port,SSP2-4.5,Baseline,2061,0.366,6568087.00,3284044.00,10946812.00,99930819.00,49965411.00,166551366.00,1.5822,2.189
Leixões,Port,SSP2-4.5,Baseline,2062,0.372,6894445.00,3447223.00,11490742.00,106825264.00,53412634.00,178042108.00,1.5177,2.298
Leixões,Port,SSP2-4.5,Baseline,2063,0.378,7236676.00,3618338.00,12061127.00,114061940.00,57030972.00,190103235.00,1.4559,2.412
Leixões,Port,SSP2-4.5,Baseline,2064,0.384,7595541.00,3797770.00,12659235.00,121657481.00,60828742.00,202762470.00,1.3966,2.532
Leixões,Port,SSP2-4.5,Baseline,2065,0.39,7971834.00,3985917.00,13286390.00,129629315.00,64814659.00,216048860.00,1.3397,2.657
Leixões,Port,SSP2-4.5,Baseline,2066,0.396,8366389.00,4183194.00,13943981.00,137995704.00,68997853.00,229992841.00,1.2851,2.789
Leixões,Port,SSP2-4.5,Baseline,2067,0.402,8780078.00,4390039.00,14633463.00,146775782.00,73387892.00,244626304.00,1.2328,2.927
Leixões,Port,SSP2-4.5,Baseline,2068,0.408,9213815.00,4606907.00,15356358.00,155989597.00,77994799.00,259982662.00,1.1826,3.071
Leixões,Port,SSP2-4.5,Baseline,2069,0.414,9668556.00,4834278.00,16114260.00,165658153.00,82829077.00,276096922.00,1.1344,3.223
Leixões,Port,SSP2-4.5,Baseline,2070,0.42,10145304.00,5072652.00,16908840.00,175803457.00,87901729.00,293005762.00,1.0882,3.382
Leixões,Port,SSP2-4.5,Baseline,2071,0.426,10645107.00,5322553.00,17741844.00,186448563.00,93224282.00,310747606.00,1.0439,3.548
Leixões,Port,SSP2-4.5,Baseline,2072,0.432,11169063.00,5584532.00,18615105.00,197617626.00,98808814.00,329362711.00,1.0013,3.723
Leixões,Port,SSP2-4.5,Baseline,2073,0.438,11718323.00,5859162.00,19530539.00,209335950.00,104667976.00,348893250.00,0.9605,3.906
Leixões,Port,SSP2-4.5,Baseline,2074,0.444,12294091.00,6147046.00,20490152.00,221630041.00,110815022.00,369383402.00,0.9214,4.098
Leixões,Port,SSP2-4.5,Baseline,2075,0.45,12897628.00,6448814.00,21496046.00,234527668.00,117263836.00,390879448.00,0.8839,4.299
Leixões,Port,SSP2-4.5,Baseline,2076,0.456,13530253.00,6765127.00,22550422.00,248057921.00,124028963.00,413429870.00,0.8479,4.51
Leixões,Port,SSP2-4.5,Baseline,2077,0.462,14193350.00,7096675.00,23655583.00,262251271.00,131125638.00,437085453.00,0.8133,4.731
Leixões,Port,SSP2-4.5,Baseline,2078,0.468,14888364.00,7444182.00,24813941.00,277139635.00,138569820.00,461899394.00,0.7802,4.963
Leixões,Port,SSP2-4.5,Baseline,2079,0.474,15616812.00,7808406.00,26028020.00,292756448.00,146378226.00,487927414.00,0.7484,5.206
Leixões,Port,SSP2-4.5,Baseline,2080,0.48,16380279.00,8190140.00,27300466.00,309136727.00,154568366.00,515227880.00,0.7179,5.46
Leixões,Port,SSP2-4.5,Baseline,2081,0.486,17180427.00,8590213.00,28634044.00,326317154.00,163158579.00,543861924.00,0.6887,5.727
Leixões,Port,SSP2-4.5,Baseline,2082,0.492,18018992.00,9009496.00,30031654.00,344336146.00,172168075.00,573893578.00,0.6606,6.006
Leixões,Port,SSP2-4.5,Baseline,2083,0.498,18897797.00,9448898.00,31496328.00,363233943.00,181616973.00,605389906.00,0.6337,6.299
Leixões,Port,SSP2-4.5,Baseline,2084,0.504,19818745.00,9909372.00,33031241.00,383052687.00,191526345.00,638421147.00,0.6079,6.606
Leixões,Port,SSP2-4.5,Baseline,2085,0.51,20783831.00,10391915.00,34639718.00,403836518.00,201918260.00,673060865.00,0.5831,6.928
Leixões,Port,SSP2-4.5,Baseline,2086,0.516,21795144.00,10897572.00,36325239.00,425631662.00,212815832.00,709386104.00,0.5594,7.265
Leixões,Port,SSP2-4.5,Baseline,2087,0.522,22854868.00,11427434.00,38091447.00,448486530.00,224243266.00,747477551.00,0.5366,7.618
Leixões,Port,SSP2-4.5,Baseline,2088,0.528,23965293.00,11982646.00,39942155.00,472451823.00,236225912.00,787419706.00,0.5147,7.988
Leixões,Port,SSP2-4.5,Baseline,2089,0.534,25128813.00,12564406.00,41881354.00,497580636.00,248790318.00,829301060.00,0.4938,8.376
Leixões,Port,SSP2-4.5,Baseline,2090,0.54,26347934.00,13173967.00,43913223.00,523928570.00,261964285.00,873214283.00,0.4737,8.783
Leixões,Port,SSP2-4.5,Baseline,2091,0.546,27625281.00,13812641.00,46042136.00,551553851.00,275776926.00,919256419.00,0.4544,9.208
Leixões,Port,SSP2-4.5,Baseline,2092,0.552,28963602.00,14481801.00,48272669.00,580517453.00,290258727.00,967529088.00,0.4359,9.655
Leixões,Port,SSP2-4.5,Baseline,2093,0.558,30365770.00,15182885.00,50609616.00,610883222.00,305441612.00,1018138704.00,0.4181,10.122
Leixões,Port,SSP2-4.5,Baseline,2094,0.564,31834795.00,15917397.00,53057991.00,642718017.00,321359009.00,1071196695.00,0.4011,10.612
Leixões,Port,SSP2-4.5,Baseline,2095,0.57,33373826.00,16686913.00,55623044.00,676091844.00,338045922.00,1126819739.00,0.3847,11.125
Leixões,Port,SSP2-4.5,Baseline,2096,0.576,34986162.00,17493081.00,58310269.00,711078005.00,355539003.00,1185130008.00,0.3691,11.662
Leixões,Port,SSP2-4.5,Baseline,2097,0.582,36675250.00,18337625.00,61125417.00,747753255.00,373876628.00,1246255425.00,0.354,12.225
Leixões,Port,SSP2-4.5,Baseline,2098,0.588,38444704.00,19222352.00,64074506.00,786197959.00,393098980.00,1310329931.00,0.3396,12.815
Leixões,Port,SSP2-4.5,Baseline,2099,0.594,40298302.00,20149151.00,67163837.00,826496261.00,413248131.00,1377493768.00,0.3258,13.433
Leixões,Port,SSP2-4.5,Baseline,2100,0.6,42240000.00,21120000.00,70400000.00,868736261.00,434368131.00,1447893768.00,0.3125,14.08
Leixões,Port,SSP2-4.5,+Geoid,2025,0.125,891905.00,445953.00,1486509.00,891905.00,445953.00,1486509.00,8.409,0.297
Leixões,Port,SSP2-4.5,+Geoid,2026,0.15,1103087.00,551543.00,1838478.00,1994992.00,997496.00,3324987.00,7.0711,0.368
Leixões,Port,SSP2-4.5,+Geoid,2027,0.175,1362252.00,681126.00,2270420.00,3357244.00,1678622.00,5595407.00,5.946,0.454
Leixões,Port,SSP2-4.5,+Geoid,2028,0.2,1680000.00,840000.00,2800000.00,5037244.00,2518622.00,8395407.00,5.0,0.56
Leixões,Port,SSP2-4.5,+Geoid,2029,0.225,2069220.00,1034610.00,3448701.00,7106464.00,3553232.00,11844108.00,4.2045,0.69
Leixões,Port,SSP2-4.5,+Geoid,2030,0.25,2545584.00,1272792.00,4242641.00,9652049.00,4826024.00,16086749.00,3.5355,0.849
Leixões,Port,SSP2-4.5,+Geoid,2031,0.26,2764667.00,1382334.00,4607778.00,12416716.00,6208358.00,20694527.00,3.2988,0.922
Leixões,Port,SSP2-4.5,+Geoid,2032,0.27,3002085.00,1501042.00,5003475.00,15418801.00,7709400.00,25698002.00,3.0779,1.001
Leixões,Port,SSP2-4.5,+Geoid,2033,0.28,3259341.00,1629671.00,5432236.00,18678142.00,9339071.00,31130238.00,2.8717,1.086
Leixões,Port,SSP2-4.5,+Geoid,2034,0.29,3538061.00,1769031.00,5896769.00,22216203.00,11108102.00,37027007.00,2.6794,1.179
Leixões,Port,SSP2-4.5,+Geoid,2035,0.3,3840000.00,1920000.00,6400000.00,26056203.00,13028102.00,43427007.00,2.5,1.28
Leixões,Port,SSP2-4.5,+Geoid,2036,0.31,4167055.00,2083528.00,6945092.00,30223258.00,15111630.00,50372099.00,2.3326,1.389
Leixões,Port,SSP2-4.5,+Geoid,2037,0.32,4521277.00,2260638.00,7535461.00,34744535.00,17372268.00,57907560.00,2.1764,1.507
Leixões,Port,SSP2-4.5,+Geoid,2038,0.33,4904879.00,2452440.00,8174799.00,39649414.00,19824708.00,66082359.00,2.0306,1.635
Leixões,Port,SSP2-4.5,+Geoid,2039,0.34,5320256.00,2660128.00,8867093.00,44969670.00,22484836.00,74949452.00,1.8946,1.773
Leixões,Port,SSP2-4.5,+Geoid,2040,0.35,5769991.00,2884996.00,9616652.00,50739662.00,25369832.00,84566104.00,1.7678,1.923
Leixões,Port,SSP2-4.5,+Geoid,2041,0.36,6256878.00,3128439.00,10428130.00,56996540.00,28498271.00,94994234.00,1.6494,2.086
Leixões,Port,SSP2-4.5,+Geoid,2042,0.37,6783932.00,3391966.00,11306553.00,63780472.00,31890237.00,106300787.00,1.5389,2.261
Leixões,Port,SSP2-4.5,+Geoid,2043,0.38,7354411.00,3677206.00,12257352.00,71134883.00,35567443.00,118558139.00,1.4359,2.451
Leixões,Port,SSP2-4.5,+Geoid,2044,0.39,7971834.00,3985917.00,13286390.00,79106717.00,39553360.00,131844529.00,1.3397,2.657
Leixões,Port,SSP2-4.5,+Geoid,2045,0.4,8640000.00,4320000.00,14400000.00,87746717.00,43873360.00,146244529.00,1.25,2.88
Leixões,Port,SSP2-4.5,+Geoid,2046,0.41,9363013.00,4681506.00,15605022.00,97109730.00,48554866.00,161849551.00,1.1663,3.121
Leixões,Port,SSP2-4.5,+Geoid,2047,0.42,10145304.00,5072652.00,16908840.00,107255034.00,53627518.00,178758391.00,1.0882,3.382
Leixões,Port,SSP2-4.5,+Geoid,2048,0.43,10991657.00,5495829.00,18319429.00,118246691.00,59123347.00,197077820.00,1.0153,3.664
Leixões,Port,SSP2-4.5,+Geoid,2049,0.44,11907239.00,5953620.00,19845399.00,130153930.00,65076967.00,216923219.00,0.9473,3.969
Leixões,Port,SSP2-4.5,+Geoid,2050,0.45,12897628.00,6448814.00,21496046.00,143051558.00,71525781.00,238419265.00,0.8839,4.299
Leixões,Port,SSP2-4.5,+Geoid,2051,0.456,13530253.00,6765127.00,22550422.00,156581811.00,78290908.00,260969687.00,0.8479,4.51
Leixões,Port,SSP2-4.5,+Geoid,2052,0.462,14193350.00,7096675.00,23655583.00,170775161.00,85387583.00,284625270.00,0.8133,4.731
Leixões,Port,SSP2-4.5,+Geoid,2053,0.468,14888364.00,7444182.00,24813941.00,185663525.00,92831765.00,309439211.00,0.7802,4.963
Leixões,Port,SSP2-4.5,+Geoid,2054,0.474,15616812.00,7808406.00,26028020.00,201280337.00,100640171.00,335467231.00,0.7484,5.206
Leixões,Port,SSP2-4.5,+Geoid,2055,0.48,16380279.00,8190140.00,27300466.00,217660617.00,108830311.00,362767697.00,0.7179,5.46
Leixões,Port,SSP2-4.5,+Geoid,2056,0.486,17180427.00,8590213.00,28634044.00,234841043.00,117420524.00,391401741.00,0.6887,5.727
Leixões,Port,SSP2-4.5,+Geoid,2057,0.492,18018992.00,9009496.00,30031654.00,252860036.00,126430020.00,421433395.00,0.6606,6.006
Leixões,Port,SSP2-4.5,+Geoid,2058,0.498,18897797.00,9448898.00,31496328.00,271757832.00,135878918.00,452929723.00,0.6337,6.299
Leixões,Port,SSP2-4.5,+Geoid,2059,0.504,19818745.00,9909372.00,33031241.00,291576577.00,145788290.00,485960964.00,0.6079,6.606
Leixões,Port,SSP2-4.5,+Geoid,2060,0.51,20783831.00,10391915.00,34639718.00,312360408.00,156180205.00,520600682.00,0.5831,6.928
Leixões,Port,SSP2-4.5,+Geoid,2061,0.516,21795144.00,10897572.00,36325239.00,334155552.00,167077777.00,556925921.00,0.5594,7.265
Leixões,Port,SSP2-4.5,+Geoid,2062,0.522,22854868.00,11427434.00,38091447.00,357010420.00,178505211.00,595017368.00,0.5366,7.618
Leixões,Port,SSP2-4.5,+Geoid,2063,0.528,23965293.00,11982646.00,39942155.00,380975713.00,190487857.00,634959523.00,0.5147,7.988
Leixões,Port,SSP2-4.5,+Geoid,2064,0.534,25128813.00,12564406.00,41881354.00,406104525.00,203052263.00,676840877.00,0.4938,8.376
Leixões,Port,SSP2-4.5,+Geoid,2065,0.54,26347934.00,13173967.00,43913223.00,432452459.00,216226230.00,720754100.00,0.4737,8.783
Leixões,Port,SSP2-4.5,+Geoid,2066,0.546,27625281.00,13812641.00,46042136.00,460077741.00,230038871.00,766796236.00,0.4544,9.208
Leixões,Port,SSP2-4.5,+Geoid,2067,0.552,28963602.00,14481801.00,48272669.00,489041342.00,244520672.00,815068905.00,0.4359,9.655
Leixões,Port,SSP2-4.5,+Geoid,2068,0.558,30365770.00,15182885.00,50609616.00,519407112.00,259703557.00,865678521.00,0.4181,10.122
Leixões,Port,SSP2-4.5,+Geoid,2069,0.564,31834795.00,15917397.00,53057991.00,551241907.00,275620954.00,918736512.00,0.4011,10.612
Leixões,Port,SSP2-4.5,+Geoid,2070,0.57,33373826.00,16686913.00,55623044.00,584615733.00,292307867.00,974359556.00,0.3847,11.125
Leixões,Port,SSP2-4.5,+Geoid,2071,0.576,34986162.00,17493081.00,58310269.00,619601895.00,309800948.00,1032669825.00,0.3691,11.662
Leixões,Port,SSP2-4.5,+Geoid,2072,0.582,36675250.00,18337625.00,61125417.00,656277145.00,328138573.00,1093795242.00,0.354,12.225
Leixões,Port,SSP2-4.5,+Geoid,2073,0.588,38444704.00,19222352.00,64074506.00,694721849.00,347360925.00,1157869748.00,0.3396,12.815
Leixões,Port,SSP2-4.5,+Geoid,2074,0.594,40298302.00,20149151.00,67163837.00,735020151.00,367510076.00,1225033585.00,0.3258,13.433
Leixões,Port,SSP2-4.5,+Geoid,2075,0.6,42240000.00,21120000.00,70400000.00,777260151.00,388630076.00,1295433585.00,0.3125,14.08
Leixões,Port,SSP2-4.5,+Geoid,2076,0.606,44273938.00,22136969.00,73789896.00,821534089.00,410767045.00,1369223481.00,0.2998,14.758
Leixões,Port,SSP2-4.5,+Geoid,2077,0.612,46404448.00,23202224.00,77340747.00,867938537.00,433969269.00,1446564228.00,0.2876,15.468
Leixões,Port,SSP2-4.5,+Geoid,2078,0.618,48636065.00,24318032.00,81060108.00,916574601.00,458287301.00,1527624336.00,0.2758,16.212
Leixões,Port,SSP2-4.5,+Geoid,2079,0.624,50973533.00,25486766.00,84955888.00,967548134.00,483774067.00,1612580224.00,0.2646,16.991
Leixões,Port,SSP2-4.5,+Geoid,2080,0.63,53421818.00,26710909.00,89036364.00,1020969953.00,510484976.00,1701616588.00,0.2538,17.807
Leixões,Port,SSP2-4.5,+Geoid,2081,0.636,55986118.00,27993059.00,93310196.00,1076956071.00,538478035.00,1794926784.00,0.2435,18.662
Leixões,Port,SSP2-4.5,+Geoid,2082,0.642,58671869.00,29335935.00,97786449.00,1135627940.00,567813970.00,1892713233.00,0.2336,19.557
Leixões,Port,SSP2-4.5,+Geoid,2083,0.648,61484764.00,30742382.00,102474607.00,1197112704.00,598556352.00,1995187840.00,0.2241,20.495
Leixões,Port,SSP2-4.5,+Geoid,2084,0.654,64430757.00,32215378.00,107384594.00,1261543461.00,630771730.00,2102572434.00,0.2149,21.477
Leixões,Port,SSP2-4.5,+Geoid,2085,0.66,67516079.00,33758039.00,112526798.00,1329059539.00,664529769.00,2215099232.00,0.2062,22.505
Leixões,Port,SSP2-4.5,+Geoid,2086,0.666,70747251.00,35373626.00,117912086.00,1399806791.00,699903395.00,2333011318.00,0.1978,23.582
Leixões,Port,SSP2-4.5,+Geoid,2087,0.672,74131098.00,37065549.00,123551830.00,1473937889.00,736968944.00,2456563148.00,0.1897,24.71
Leixões,Port,SSP2-4.5,+Geoid,2088,0.678,77674758.00,38837379.00,129457931.00,1551612647.00,775806323.00,2586021079.00,0.182,25.892
Leixões,Port,SSP2-4.5,+Geoid,2089,0.684,81385704.00,40692852.00,135642840.00,1632998351.00,816499175.00,2721663919.00,0.1746,27.129
Leixões,Port,SSP2-4.5,+Geoid,2090,0.69,85271751.00,42635876.00,142119585.00,1718270102.00,859135051.00,2863783504.00,0.1675,28.424
Leixões,Port,SSP2-4.5,+Geoid,2091,0.696,89341080.00,44670540.00,148901801.00,1807611182.00,903805591.00,3012685305.00,0.1606,29.78
Leixões,Port,SSP2-4.5,+Geoid,2092,0.702,93602250.00,46801125.00,156003750.00,1901213432.00,950606716.00,3168689055.00,0.1541,31.201
Leixões,Port,SSP2-4.5,+Geoid,2093,0.708,98064215.00,49032107.00,163440358.00,1999277647.00,999638823.00,3332129413.00,0.1478,32.688
Leixões,Port,SSP2-4.5,+Geoid,2094,0.714,102736344.00,51368172.00,171227240.00,2102013991.00,1051006995.00,3503356653.00,0.1418,34.245
Leixões,Port,SSP2-4.5,+Geoid,2095,0.72,107628441.00,53814221.00,179380735.00,2209642432.00,1104821216.00,3682737388.00,0.136,35.876
Leixões,Port,SSP2-4.5,+Geoid,2096,0.726,112750763.00,56375381.00,187917938.00,2322393195.00,1161196597.00,3870655326.00,0.1305,37.584
Leixões,Port,SSP2-4.5,+Geoid,2097,0.732,118114041.00,59057020.00,196856734.00,2440507235.00,1220253617.00,4067512060.00,0.1252,39.371
Leixões,Port,SSP2-4.5,+Geoid,2098,0.738,123729501.00,61864751.00,206215836.00,2564236737.00,1282118368.00,4273727896.00,0.1201,41.243
Leixões,Port,SSP2-4.5,+Geoid,2099,0.744,129608892.00,64804446.00,216014820.00,2693845629.00,1346922814.00,4489742716.00,0.1152,43.203
Leixões,Port,SSP2-4.5,+Geoid,2100,0.75,135764502.00,67882251.00,226274170.00,2829610131.00,1414805065.00,4716016886.00,0.1105,45.255
Leixões,Port,SSP5-8.5,Baseline,2025,0.065,531948.00,265974.00,886580.00,531948.00,265974.00,886580.00,12.7456,0.177
Leixões,Port,SSP5-8.5,Baseline,2026,0.078,595501.00,297750.00,992502.00,1127449.00,563724.00,1879082.00,11.6473,0.199
Leixões,Port,SSP5-8.5,Baseline,2027,0.091,666310.00,333155.00,1110516.00,1793759.00,896879.00,2989598.00,10.6437,0.222
Leixões,Port,SSP5-8.5,Baseline,2028,0.104,745177.00,372588.00,1241962.00,2538935.00,1269467.00,4231560.00,9.7265,0.248
Leixões,Port,SSP5-8.5,Baseline,2029,0.117,832993.00,416497.00,1388322.00,3371929.00,1685964.00,5619882.00,8.8884,0.278
Leixões,Port,SSP5-8.5,Baseline,2030,0.13,930745.00,465373.00,1551242.00,4302674.00,2151337.00,7171124.00,8.1225,0.31
Leixões,Port,SSP5-8.5,Baseline,2031,0.1435,1043946.00,521973.00,1739909.00,5346619.00,2673310.00,8911033.00,7.3969,0.348
Leixões,Port,SSP5-8.5,Baseline,2032,0.157,1170398.00,585199.00,1950664.00,6517018.00,3258509.00,10861697.00,6.7362,0.39
Leixões,Port,SSP5-8.5,Baseline,2033,0.1705,1311614.00,655807.00,2186024.00,7828632.00,3914316.00,13047721.00,6.1344,0.437
Leixões,Port,SSP5-8.5,Baseline,2034,0.184,1469273.00,734637.00,2448789.00,9297905.00,4648953.00,15496510.00,5.5864,0.49
Leixões,Port,SSP5-8.5,Baseline,2035,0.1975,1645242.00,822621.00,2742069.00,10943147.00,5471574.00,18238579.00,5.0874,0.548
Leixões,Port,SSP5-8.5,Baseline,2036,0.211,1841595.00,920798.00,3069325.00,12784742.00,6392372.00,21307904.00,4.6329,0.614
Leixões,Port,SSP5-8.5,Baseline,2037,0.2245,2060639.00,1030320.00,3434399.00,14845381.00,7422692.00,24742303.00,4.2191,0.687
Leixões,Port,SSP5-8.5,Baseline,2038,0.238,2304937.00,1152468.00,3841561.00,17150318.00,8575160.00,28583864.00,3.8422,0.768
Leixões,Port,SSP5-8.5,Baseline,2039,0.2515,2577334.00,1288667.00,4295556.00,19727652.00,9863827.00,32879420.00,3.499,0.859
Leixões,Port,SSP5-8.5,Baseline,2040,0.265,2880993.00,1440496.00,4801655.00,22608645.00,11304323.00,37681075.00,3.1864,0.96
Leixões,Port,SSP5-8.5,Baseline,2041,0.2785,3219426.00,1609713.00,5365709.00,25828070.00,12914036.00,43046784.00,2.9018,1.073
Leixões,Port,SSP5-8.5,Baseline,2042,0.292,3596533.00,1798266.00,5994221.00,29424603.00,14712302.00,49041005.00,2.6425,1.199
Leixões,Port,SSP5-8.5,Baseline,2043,0.3055,4016645.00,2008322.00,6694408.00,33441248.00,16720624.00,55735413.00,2.4065,1.339
Leixões,Port,SSP5-8.5,Baseline,2044,0.319,4484570.00,2242285.00,7474284.00,37925818.00,18962909.00,63209697.00,2.1915,1.495
Leixões,Port,SSP5-8.5,Baseline,2045,0.3325,5005647.00,2502824.00,8342745.00,42931465.00,21465733.00,71552442.00,1.9957,1.669
Leixões,Port,SSP5-8.5,Baseline,2046,0.346,5585800.00,2792900.00,9309667.00,48517266.00,24258633.00,80862109.00,1.8175,1.862
Leixões,Port,SSP5-8.5,Baseline,2047,0.3595,6231606.00,3115803.00,10386009.00,54748871.00,27374436.00,91248118.00,1.6551,2.077
Leixões,Port,SSP5-8.5,Baseline,2048,0.373,6950361.00,3475181.00,11583935.00,61699233.00,30849617.00,102832053.00,1.5073,2.317
Leixões,Port,SSP5-8.5,Baseline,2049,0.3865,7750165.00,3875082.00,12916941.00,69449397.00,34724699.00,115748994.00,1.3726,2.583
Leixões,Port,SSP5-8.5,Baseline,2050,0.4,8640000.00,4320000.00,14400000.00,78089397.00,39044699.00,130148994.00,1.25,2.88
Leixões,Port,SSP5-8.5,Baseline,2051,0.412,9514581.00,4757291.00,15857635.00,87603978.00,43801990.00,146006629.00,1.1502,3.172
Leixões,Port,SSP5-8.5,Baseline,2052,0.424,10475877.00,5237939.00,17459796.00,98079856.00,49039929.00,163466425.00,1.0584,3.492
Leixões,Port,SSP5-8.5,Baseline,2053,0.436,11532352.00,5766176.00,19220586.00,109612207.00,54806105.00,182687011.00,0.974,3.844
Leixões,Port,SSP5-8.5,Baseline,2054,0.448,12693283.00,6346642.00,21155472.00,122305490.00,61152747.00,203842483.00,0.8962,4.231
Leixões,Port,SSP5-8.5,Baseline,2055,0.46,13968844.00,6984422.00,23281406.00,136274334.00,68137169.00,227123889.00,0.8247,4.656
Leixões,Port,SSP5-8.5,Baseline,2056,0.472,15370185.00,7685093.00,25616975.00,151644519.00,75822262.00,252740864.00,0.7589,5.123
Leixões,Port,SSP5-8.5,Baseline,2057,0.484,16909530.00,8454765.00,28182549.00,168554049.00,84277027.00,280923413.00,0.6983,5.637
Leixões,Port,SSP5-8.5,Baseline,2058,0.496,18600275.00,9300138.00,31000458.00,187154324.00,93577165.00,311923871.00,0.6426,6.2
Leixões,Port,SSP5-8.5,Baseline,2059,0.508,20457104.00,10228552.00,34095174.00,207611428.00,103805717.00,346019045.00,0.5913,6.819
Leixões,Port,SSP5-8.5,Baseline,2060,0.52,22496109.00,11248054.00,37493514.00,230107537.00,115053771.00,383512559.00,0.5441,7.499
Leixões,Port,SSP5-8.5,Baseline,2061,0.532,24734921.00,12367460.00,41224868.00,254842458.00,127421231.00,424737427.00,0.5007,8.245
Leixões,Port,SSP5-8.5,Baseline,2062,0.544,27192862.00,13596431.00,45321437.00,282035320.00,141017662.00,470058864.00,0.4607,9.064
Leixões,Port,SSP5-8.5,Baseline,2063,0.556,29891103.00,14945552.00,49818505.00,311926424.00,155963214.00,519877369.00,0.4239,9.964
Leixões,Port,SSP5-8.5,Baseline,2064,0.568,32852837.00,16426418.00,54754728.00,344779260.00,172389632.00,574632097.00,0.3901,10.951
Leixões,Port,SSP5-8.5,Baseline,2065,0.58,36103473.00,18051736.00,60172455.00,380882733.00,190441368.00,634804552.00,0.359,12.034
Leixões,Port,SSP5-8.5,Baseline,2066,0.592,39670846.00,19835423.00,66118077.00,420553580.00,210276791.00,700922629.00,0.3303,13.224
Leixões,Port,SSP5-8.5,Baseline,2067,0.604,43585446.00,21792723.00,72642411.00,464139026.00,232069514.00,773565040.00,0.304,14.528
Leixões,Port,SSP5-8.5,Baseline,2068,0.616,47880670.00,23940335.00,79801117.00,512019696.00,256009849.00,853366157.00,0.2797,15.96
Leixões,Port,SSP5-8.5,Baseline,2069,0.628,52593094.00,26296547.00,87655157.00,564612790.00,282306396.00,941021314.00,0.2574,17.531
Leixões,Port,SSP5-8.5,Baseline,2070,0.64,57762778.00,28881389.00,96271297.00,622375568.00,311187785.00,1037292611.00,0.2368,19.254
Leixões,Port,SSP5-8.5,Baseline,2071,0.652,63433592.00,31716796.00,105722653.00,685809160.00,342904581.00,1143015264.00,0.2179,21.145
Leixões,Port,SSP5-8.5,Baseline,2072,0.664,69653573.00,34826787.00,116089289.00,755462733.00,377731368.00,1259104553.00,0.2005,23.218
Leixões,Port,SSP5-8.5,Baseline,2073,0.676,76475327.00,38237664.00,127458878.00,831938060.00,415969032.00,1386563431.00,0.1845,25.492
Leixões,Port,SSP5-8.5,Baseline,2074,0.688,83956449.00,41978224.00,139927415.00,915894509.00,457947256.00,1526490846.00,0.1698,27.985
Leixões,Port,SSP5-8.5,Baseline,2075,0.7,92160000.00,46080000.00,153600000.00,1008054509.00,504027256.00,1680090846.00,0.1563,30.72
Leixões,Port,SSP5-8.5,Baseline,2076,0.712,101155020.00,50577510.00,168591700.00,1109209529.00,554604766.00,1848682546.00,0.1438,33.718
Leixões,Port,SSP5-8.5,Baseline,2077,0.724,111017089.00,55508545.00,185028482.00,1220226618.00,610113311.00,2033711028.00,0.1323,37.006
Leixões,Port,SSP5-8.5,Baseline,2078,0.736,121828947.00,60914473.00,203048244.00,1342055565.00,671027784.00,2236759272.00,0.1217,40.61
Leixões,Port,SSP5-8.5,Baseline,2079,0.748,133681159.00,66840580.00,222801932.00,1475736724.00,737868364.00,2459561204.00,0.112,44.56
Leixões,Port,SSP5-8.5,Baseline,2080,0.76,146672861.00,73336430.00,244454768.00,1622409585.00,811204794.00,2704015972.00,0.1031,48.891
Leixões,Port,SSP5-8.5,Baseline,2081,0.772,160912554.00,80456277.00,268187590.00,1783322139.00,891661071.00,2972203562.00,0.0949,53.638
Leixões,Port,SSP5-8.5,Baseline,2082,0.784,176518993.00,88259496.00,294198321.00,1959841132.00,979920567.00,3266401883.00,0.0873,58.84
Leixões,Port,SSP5-8.5,Baseline,2083,0.796,193622141.00,96811070.00,322703568.00,2153463272.00,1076731637.00,3589105451.00,0.0803,64.541
Leixões,Port,SSP5-8.5,Baseline,2084,0.808,212364226.00,106182113.00,353940377.00,2365827499.00,1182913750.00,3943045828.00,0.0739,70.788
Leixões,Port,SSP5-8.5,Baseline,2085,0.82,232900889.00,116450444.00,388168148.00,2598728387.00,1299364194.00,4331213976.00,0.068,77.634
Leixões,Port,SSP5-8.5,Baseline,2086,0.832,255402438.00,127701219.00,425670731.00,2854130826.00,1427065413.00,4756884707.00,0.0626,85.134
Leixões,Port,SSP5-8.5,Baseline,2087,0.844,280055227.00,140027613.00,466758711.00,3134186053.00,1567093026.00,5223643418.00,0.0576,93.352
Leixões,Port,SSP5-8.5,Baseline,2088,0.856,307063151.00,153531576.00,511771919.00,3441249204.00,1720624602.00,5735415337.00,0.053,102.354
Leixões,Port,SSP5-8.5,Baseline,2089,0.868,336649296.00,168324648.00,561082159.00,3777898500.00,1888949250.00,6296497496.00,0.0488,112.216
Leixões,Port,SSP5-8.5,Baseline,2090,0.88,369057724.00,184528862.00,615096206.00,4146956223.00,2073478112.00,6911593702.00,0.0449,123.019
Leixões,Port,SSP5-8.5,Baseline,2091,0.892,404555441.00,202277721.00,674259069.00,4551511665.00,2275755833.00,7585852771.00,0.0413,134.852
Leixões,Port,SSP5-8.5,Baseline,2092,0.904,443434541.00,221717270.00,739057568.00,4994946205.00,2497473103.00,8324910339.00,0.038,147.812
Leixões,Port,SSP5-8.5,Baseline,2093,0.916,486014542.00,243007271.00,810024237.00,5480960747.00,2740480374.00,9134934576.00,0.035,162.005
Leixões,Port,SSP5-8.5,Baseline,2094,0.928,532644955.00,266322477.00,887741591.00,6013605702.00,3006802851.00,10022676167.00,0.0322,177.548
Leixões,Port,SSP5-8.5,Baseline,2095,0.94,583708075.00,291854038.00,972846792.00,6597313778.00,3298656889.00,10995522959.00,0.0296,194.569
Leixões,Port,SSP5-8.5,Baseline,2096,0.952,639622048.00,319811024.00,1066036746.00,7236935825.00,3618467913.00,12061559705.00,0.0272,213.207
Leixões,Port,SSP5-8.5,Baseline,2097,0.964,700844203.00,350422101.00,1168073671.00,7937780028.00,3968890014.00,13229633376.00,0.0251,233.615
Leixões,Port,SSP5-8.5,Baseline,2098,0.976,767874712.00,383937356.00,1279791187.00,8705654740.00,4352827370.00,14509424563.00,0.0231,255.958
Leixões,Port,SSP5-8.5,Baseline,2099,0.988,841260579.00,420630290.00,1402100966.00,9546915320.00,4773457660.00,15911525529.00,0.0212,280.42
Leixões,Port,SSP5-8.5,Baseline,2100,1.0,921600000.00,460800000.00,1536000000.00,10468515320.00,5234257660.00,17447525529.00,0.0195,307.2
Leixões,Port,SSP5-8.5,+Geoid,2025,0.14,1013382.00,506691.00,1688970.00,1013382.00,506691.00,1688970.00,7.5786,0.338
Leixões,Port,SSP5-8.5,+Geoid,2026,0.168,1284275.00,642138.00,2140459.00,2297657.00,1148829.00,3829429.00,6.2417,0.428
Leixões,Port,SSP5-8.5,+Geoid,2027,0.196,1624723.00,812361.00,2707871.00,3922380.00,1961190.00,6537300.00,5.1406,0.542
Leixões,Port,SSP5-8.5,+Geoid,2028,0.224,2052093.00,1026046.00,3420155.00,5974473.00,2987236.00,9957455.00,4.2337,0.684
Leixões,Port,SSP5-8.5,+Geoid,2029,0.252,2588002.00,1294001.00,4313337.00,8562475.00,4281237.00,14270792.00,3.4869,0.863
Leixões,Port,SSP5-8.5,+Geoid,2030,0.28,3259341.00,1629671.00,5432236.00,11821817.00,5910908.00,19703028.00,2.8717,1.086
Leixões,Port,SSP5-8.5,+Geoid,2031,0.2935,3641005.00,1820502.00,6068341.00,15462821.00,7731410.00,25771369.00,2.6152,1.214
Leixões,Port,SSP5-8.5,+Geoid,2032,0.307,4066183.00,2033091.00,6776971.00,19529004.00,9764501.00,32548340.00,2.3816,1.355
Leixões,Port,SSP5-8.5,+Geoid,2033,0.3205,4539740.00,2269870.00,7566233.00,24068744.00,12034371.00,40114573.00,2.1688,1.513
Leixões,Port,SSP5-8.5,+Geoid,2034,0.334,5067077.00,2533538.00,8445128.00,29135820.00,14567909.00,48559701.00,1.9751,1.689
Leixões,Port,SSP5-8.5,+Geoid,2035,0.3475,5654187.00,2827094.00,9423646.00,34790008.00,17395003.00,57983347.00,1.7987,1.885
Leixões,Port,SSP5-8.5,+Geoid,2036,0.361,6307724.00,3153862.00,10512873.00,41097732.00,20548865.00,68496220.00,1.638,2.103
Leixões,Port,SSP5-8.5,+Geoid,2037,0.3745,7035070.00,3517535.00,11725116.00,48132801.00,24066400.00,80221336.00,1.4917,2.345
Leixões,Port,SSP5-8.5,+Geoid,2038,0.388,7844416.00,3922208.00,13074026.00,55977217.00,27988608.00,93295362.00,1.3584,2.615
Leixões,Port,SSP5-8.5,+Geoid,2039,0.4015,8744851.00,4372425.00,14574752.00,64722068.00,32361033.00,107870114.00,1.2371,2.915
Leixões,Port,SSP5-8.5,+Geoid,2040,0.415,9746458.00,4873229.00,16244097.00,74468526.00,37234262.00,124114211.00,1.1266,3.249
Leixões,Port,SSP5-8.5,+Geoid,2041,0.4285,10860422.00,5430211.00,18100703.00,85328948.00,42664473.00,142214914.00,1.0259,3.62
Leixões,Port,SSP5-8.5,+Geoid,2042,0.442,12099146.00,6049573.00,20165244.00,97428095.00,48714046.00,162380158.00,0.9343,4.033
Leixões,Port,SSP5-8.5,+Geoid,2043,0.4555,13476390.00,6738195.00,22460650.00,110904485.00,55452241.00,184840808.00,0.8508,4.492
Leixões,Port,SSP5-8.5,+Geoid,2044,0.469,15007409.00,7503704.00,25012348.00,125911893.00,62955945.00,209853156.00,0.7748,5.002
Leixões,Port,SSP5-8.5,+Geoid,2045,0.4825,16709118.00,8354559.00,27848531.00,142621012.00,71310504.00,237701687.00,0.7056,5.57
Leixões,Port,SSP5-8.5,+Geoid,2046,0.496,18600275.00,9300138.00,31000458.00,161221287.00,80610642.00,268702145.00,0.6426,6.2
Leixões,Port,SSP5-8.5,+Geoid,2047,0.5095,20701671.00,10350835.00,34502785.00,181922958.00,90961477.00,303204930.00,0.5852,6.901
Leixões,Port,SSP5-8.5,+Geoid,2048,0.523,23036355.00,11518177.00,38393925.00,204959313.00,102479654.00,341598855.00,0.5329,7.679
Leixões,Port,SSP5-8.5,+Geoid,2049,0.5365,25629875.00,12814937.00,42716458.00,230589187.00,115294591.00,384315313.00,0.4853,8.543
Leixões,Port,SSP5-8.5,+Geoid,2050,0.55,28510545.00,14255273.00,47517576.00,259099733.00,129549864.00,431832889.00,0.4419,9.504
Leixões,Port,SSP5-8.5,+Geoid,2051,0.562,31337500.00,15668750.00,52229166.00,290437233.00,145218614.00,484062055.00,0.4067,10.446
Leixões,Port,SSP5-8.5,+Geoid,2052,0.574,34440362.00,17220181.00,57400603.00,324877594.00,162438795.00,541462658.00,0.3742,11.48
Leixões,Port,SSP5-8.5,+Geoid,2053,0.586,37845727.00,18922863.00,63076211.00,362723321.00,181361658.00,604538869.00,0.3443,12.615
Leixões,Port,SSP5-8.5,+Geoid,2054,0.598,41582727.00,20791363.00,69304545.00,404306048.00,202153021.00,673843414.00,0.3169,13.861
Leixões,Port,SSP5-8.5,+Geoid,2055,0.61,45683272.00,22841636.00,76138787.00,449989320.00,224994657.00,749982201.00,0.2916,15.228
Leixões,Port,SSP5-8.5,+Geoid,2056,0.622,50182314.00,25091157.00,83637189.00,500171634.00,250085814.00,833619390.00,0.2683,16.727
Leixões,Port,SSP5-8.5,+Geoid,2057,0.634,55118130.00,27559065.00,91863551.00,555289764.00,277644879.00,925482941.00,0.2469,18.373
Leixões,Port,SSP5-8.5,+Geoid,2058,0.646,60532643.00,30266322.00,100887739.00,615822408.00,307911201.00,1026370680.00,0.2272,20.178
Leixões,Port,SSP5-8.5,+Geoid,2059,0.658,66471761.00,33235880.00,110786268.00,682294168.00,341147081.00,1137156948.00,0.2091,22.157
Leixões,Port,SSP5-8.5,+Geoid,2060,0.67,72985751.00,36492876.00,121642919.00,755279919.00,377639957.00,1258799867.00,0.1924,24.329
Leixões,Port,SSP5-8.5,+Geoid,2061,0.682,80129660.00,40064830.00,133549433.00,835409579.00,417704787.00,1392349300.00,0.177,26.71
Leixões,Port,SSP5-8.5,+Geoid,2062,0.694,87963752.00,43981876.00,146606254.00,923373331.00,461686663.00,1538955554.00,0.1629,29.321
Leixões,Port,SSP5-8.5,+Geoid,2063,0.706,96554013.00,48277006.00,160923355.00,1019927344.00,509963669.00,1699878909.00,0.1499,32.185
Leixões,Port,SSP5-8.5,+Geoid,2064,0.718,105972678.00,52986339.00,176621129.00,1125900022.00,562950008.00,1876500038.00,0.1379,35.324
Leixões,Port,SSP5-8.5,+Geoid,2065,0.73,116298826.00,58149413.00,193831376.00,1242198847.00,621099421.00,2070331414.00,0.1269,38.766
Leixões,Port,SSP5-8.5,+Geoid,2066,0.742,127619023.00,63809511.00,212698371.00,1369817870.00,684908932.00,2283029785.00,0.1168,42.54
Leixões,Port,SSP5-8.5,+Geoid,2067,0.754,140028022.00,70014011.00,233380037.00,1509845892.00,754922943.00,2516409822.00,0.1075,46.676
Leixões,Port,SSP5-8.5,+Geoid,2068,0.766,153629537.00,76814769.00,256049229.00,1663475429.00,831737712.00,2772459051.00,0.0989,51.21
Leixões,Port,SSP5-8.5,+Geoid,2069,0.778,168537082.00,84268541.00,280895137.00,1832012511.00,916006253.00,3053354188.00,0.091,56.179
Leixões,Port,SSP5-8.5,+Geoid,2070,0.79,184874889.00,92437445.00,308124815.00,2016887400.00,1008443698.00,3361479003.00,0.0837,61.625
Leixões,Port,SSP5-8.5,+Geoid,2071,0.802,202778917.00,101389459.00,337964862.00,2219666318.00,1109833157.00,3699443865.00,0.077,67.593
Leixões,Port,SSP5-8.5,+Geoid,2072,0.814,222397950.00,111198975.00,370663250.00,2442064268.00,1221032132.00,4070107115.00,0.0709,74.133
Leixões,Port,SSP5-8.5,+Geoid,2073,0.826,243894799.00,121947399.00,406491331.00,2685959067.00,1342979531.00,4476598446.00,0.0652,81.298
Leixões,Port,SSP5-8.5,+Geoid,2074,0.838,267447614.00,133723807.00,445746023.00,2953406681.00,1476703338.00,4922344469.00,0.06,89.149
Leixões,Port,SSP5-8.5,+Geoid,2075,0.85,293251324.00,146625662.00,488752207.00,3246658005.00,1623329000.00,5411096676.00,0.0552,97.75
Leixões,Port,SSP5-8.5,+Geoid,2076,0.862,321519206.00,160759603.00,535865343.00,3568177211.00,1784088603.00,5946962019.00,0.0508,107.173
Leixões,Port,SSP5-8.5,+Geoid,2077,0.874,352484598.00,176242299.00,587474330.00,3920661809.00,1960330902.00,6534436349.00,0.0468,117.495
Leixões,Port,SSP5-8.5,+Geoid,2078,0.886,386402780.00,193201390.00,644004633.00,4307064589.00,2153532292.00,7178440982.00,0.043,128.801
Leixões,Port,SSP5-8.5,+Geoid,2079,0.898,423553020.00,211776510.00,705921700.00,4730617609.00,2365308802.00,7884362682.00,0.0396,141.184
Leixões,Port,SSP5-8.5,+Geoid,2080,0.91,464240819.00,232120409.00,773734698.00,5194858428.00,2597429211.00,8658097380.00,0.0364,154.747
Leixões,Port,SSP5-8.5,+Geoid,2081,0.922,508800356.00,254400178.00,848000594.00,5703658784.00,2851829389.00,9506097974.00,0.0335,169.6
Leixões,Port,SSP5-8.5,+Geoid,2082,0.934,557597170.00,278798585.00,929328617.00,6261255955.00,3130627974.00,10435426591.00,0.0309,185.866
Leixões,Port,SSP5-8.5,+Geoid,2083,0.946,611031082.00,305515541.00,1018385136.00,6872287036.00,3436143515.00,11453811727.00,0.0284,203.677
Leixões,Port,SSP5-8.5,+Geoid,2084,0.958,669539391.00,334769695.00,1115898985.00,7541826427.00,3770913210.00,12569710712.00,0.0261,223.18
Leixões,Port,SSP5-8.5,+Geoid,2085,0.97,733600372.00,366800186.00,1222667287.00,8275426800.00,4137713396.00,13792377999.00,0.024,244.533
Leixões,Port,SSP5-8.5,+Geoid,2086,0.982,803737092.00,401868546.00,1339561821.00,9079163892.00,4539581942.00,15131939820.00,0.0221,267.912
Leixões,Port,SSP5-8.5,+Geoid,2087,0.994,880521581.00,440260791.00,1467535969.00,9959685473.00,4979842733.00,16599475789.00,0.0204,293.507
Leixões,Port,SSP5-8.5,+Geoid,2088,1.006,964579391.00,482289695.00,1607632318.00,10924264864.00,5462132428.00,18207108107.00,0.0187,321.526
Leixões,Port,SSP5-8.5,+Geoid,2089,1.018,1056594578.00,528297289.00,1760990964.00,11980859442.00,5990429717.00,19968099071.00,0.0172,352.198
Leixões,Port,SSP5-8.5,+Geoid,2090,1.03,1095000000.00,547500000.00,1825000000.00,13075859442.00,6537929717.00,21793099071.00,0.0159,365.0
Leixões,Port,SSP5-8.5,+Geoid,2091,1.042,1095000000.00,547500000.00,1825000000.00,14170859442.00,7085429717.00,23618099071.00,0.0146,365.0
Leixões,Port,SSP5-8.5,+Geoid,2092,1.054,1095000000.00,547500000.00,1825000000.00,15265859442.00,7632929717.00,25443099071.00,0.0134,365.0
Leixões,Port,SSP5-8.5,+Geoid,2093,1.066,1095000000.00,547500000.00,1825000000.00,16360859442.00,8180429717.00,27268099071.00,0.0124,365.0
Leixões,Port,SSP5-8.5,+Geoid,2094,1.078,1095000000.00,547500000.00,1825000000.00,17455859442.00,8727929717.00,29093099071.00,0.0114,365.0
Leixões,Port,SSP5-8.5,+Geoid,2095,1.09,1095000000.00,547500000.00,1825000000.00,18550859442.00,9275429717.00,30918099071.00,0.0105,365.0
Leixões,Port,SSP5-8.5,+Geoid,2096,1.102,1095000000.00,547500000.00,1825000000.00,19645859442.00,9822929717.00,32743099071.00,0.0096,365.0
Leixões,Port,SSP5-8.5,+Geoid,2097,1.114,1095000000.00,547500000.00,1825000000.00,20740859442.00,10370429717.00,34568099071.00,0.0089,365.0
Leixões,Port,SSP5-8.5,+Geoid,2098,1.126,1095000000.00,547500000.00,1825000000.00,21835859442.00,10917929717.00,36393099071.00,0.0082,365.0
Leixões,Port,SSP5-8.5,+Geoid,2099,1.138,1095000000.00,547500000.00,1825000000.00,22930859442.00,11465429717.00,38218099071.00,0.0075,365.0
Leixões,Port,SSP5-8.5,+Geoid,2100,1.15,1095000000.00,547500000.00,1825000000.00,24025859442.00,12012929717.00,40043099071.00,0.0069,365.0
Lisbon,Port,SSP1-2.6,Baseline,2025,0.035,1431969.00,818268.00,2250237.00,1431969.00,818268.00,2250237.00,7.8458,0.409
Lisbon,Port,SSP1-2.6,Baseline,2026,0.042,1522829.00,870188.00,2393017.00,2954798.00,1688456.00,4643254.00,7.4742,0.435
Lisbon,Port,SSP1-2.6,Baseline,2027,0.049,1619184.00,925248.00,2544433.00,4573983.00,2613704.00,7187687.00,7.1203,0.463
Lisbon,Port,SSP1-2.6,Baseline,2028,0.056,1721357.00,983632.00,2704989.00,6295339.00,3597336.00,9892676.00,6.783,0.492
Lisbon,Port,SSP1-2.6,Baseline,2029,0.063,1829686.00,1045535.00,2875221.00,8125025.00,4642871.00,12767897.00,6.4618,0.523
Lisbon,Port,SSP1-2.6,Baseline,2030,0.07,1944532.00,1111161.00,3055694.00,10069558.00,5754032.00,15823591.00,6.1557,0.556
Lisbon,Port,SSP1-2.6,Baseline,2031,0.0765,2057342.00,1175624.00,3232966.00,12126900.00,6929656.00,19056557.00,5.8845,0.588
Lisbon,Port,SSP1-2.6,Baseline,2032,0.083,2176420.00,1243669.00,3420089.00,14303320.00,8173325.00,22476646.00,5.6253,0.622
Lisbon,Port,SSP1-2.6,Baseline,2033,0.0895,2302104.00,1315488.00,3617592.00,16605424.00,9488813.00,26094238.00,5.3775,0.658
Lisbon,Port,SSP1-2.6,Baseline,2034,0.096,2434750.00,1391286.00,3826036.00,19040174.00,10880099.00,29920274.00,5.1406,0.696
Lisbon,Port,SSP1-2.6,Baseline,2035,0.1025,2574732.00,1471276.00,4046008.00,21614906.00,12351375.00,33966282.00,4.9141,0.736
Lisbon,Port,SSP1-2.6,Baseline,2036,0.109,2722446.00,1555683.00,4278130.00,24337352.00,13907058.00,38244412.00,4.6976,0.778
Lisbon,Port,SSP1-2.6,Baseline,2037,0.1155,2878306.00,1644746.00,4523053.00,27215659.00,15551804.00,42767465.00,4.4907,0.822
Lisbon,Port,SSP1-2.6,Baseline,2038,0.122,3042750.00,1738714.00,4781464.00,30258409.00,17290518.00,47548929.00,4.2928,0.869
Lisbon,Port,SSP1-2.6,Baseline,2039,0.1285,3216238.00,1837850.00,5054088.00,33474646.00,19128368.00,52603017.00,4.1037,0.919
Lisbon,Port,SSP1-2.6,Baseline,2040,0.135,3399253.00,1942430.00,5341684.00,36873899.00,21070798.00,57944701.00,3.9229,0.971
Lisbon,Port,SSP1-2.6,Baseline,2041,0.1415,3592307.00,2052747.00,5645053.00,40466206.00,23123545.00,63589754.00,3.7501,1.026
Lisbon,Port,SSP1-2.6,Baseline,2042,0.148,3795934.00,2169105.00,5965040.00,44262140.00,25292650.00,69554794.00,3.5849,1.085
Lisbon,Port,SSP1-2.6,Baseline,2043,0.1545,4010701.00,2291829.00,6302530.00,48272841.00,27584479.00,75857324.00,3.427,1.146
Lisbon,Port,SSP1-2.6,Baseline,2044,0.161,4237201.00,2421258.00,6658458.00,52510042.00,30005737.00,82515782.00,3.276,1.211
Lisbon,Port,SSP1-2.6,Baseline,2045,0.1675,4476059.00,2557748.00,7033807.00,56986101.00,32563485.00,89549589.00,3.1317,1.279
Lisbon,Port,SSP1-2.6,Baseline,2046,0.174,4727934.00,2701676.00,7429610.00,61714035.00,35265161.00,96979199.00,2.9937,1.351
Lisbon,Port,SSP1-2.6,Baseline,2047,0.1805,4993517.00,2853439.00,7846956.00,66707552.00,38118600.00,104826155.00,2.8618,1.427
Lisbon,Port,SSP1-2.6,Baseline,2048,0.187,5273539.00,3013451.00,8286989.00,71981091.00,41132051.00,113113144.00,2.7357,1.507
Lisbon,Port,SSP1-2.6,Baseline,2049,0.1935,5568764.00,3182151.00,8750915.00,77549855.00,44314202.00,121864059.00,2.6152,1.591
Lisbon,Port,SSP1-2.6,Baseline,2050,0.2,5880000.00,3360000.00,9240000.00,83429855.00,47674202.00,131104059.00,2.5,1.68
Lisbon,Port,SSP1-2.6,Baseline,2051,0.204,6079854.00,3474202.00,9554056.00,89509709.00,51148404.00,140658115.00,2.4316,1.737
Lisbon,Port,SSP1-2.6,Baseline,2052,0.208,6286298.00,3592170.00,9878468.00,95796006.00,54740574.00,150536583.00,2.3651,1.796
Lisbon,Port,SSP1-2.6,Baseline,2053,0.212,6499544.00,3714025.00,10213569.00,102295550.00,58454599.00,160750152.00,2.3005,1.857
Lisbon,Port,SSP1-2.6,Baseline,2054,0.216,6719812.00,3839892.00,10559704.00,109015362.00,62294491.00,171309856.00,2.2376,1.92
Lisbon,Port,SSP1-2.6,Baseline,2055,0.22,6947328.00,3969902.00,10917229.00,115962690.00,66264393.00,182227085.00,2.1764,1.985
Lisbon,Port,SSP1-2.6,Baseline,2056,0.224,7182325.00,4104186.00,11286511.00,123145015.00,70368579.00,193513596.00,2.1169,2.052
Lisbon,Port,SSP1-2.6,Baseline,2057,0.228,7425045.00,4242883.00,11667927.00,130570059.00,74611462.00,205181523.00,2.059,2.121
Lisbon,Port,SSP1-2.6,Baseline,2058,0.232,7675735.00,4386134.00,12061869.00,138245794.00,78997596.00,217243392.00,2.0027,2.193
Lisbon,Port,SSP1-2.6,Baseline,2059,0.236,7934652.00,4534087.00,12468739.00,146180446.00,83531683.00,229712131.00,1.9479,2.267
Lisbon,Port,SSP1-2.6,Baseline,2060,0.24,8202061.00,4686892.00,12888953.00,154382508.00,88218575.00,242601084.00,1.8946,2.343
Lisbon,Port,SSP1-2.6,Baseline,2061,0.244,8478234.00,4844705.00,13322940.00,162860742.00,93063280.00,255924024.00,1.8428,2.422
Lisbon,Port,SSP1-2.6,Baseline,2062,0.248,8763453.00,5007688.00,13771141.00,171624195.00,98070968.00,269695165.00,1.7924,2.504
Lisbon,Port,SSP1-2.6,Baseline,2063,0.252,9058009.00,5176005.00,14234013.00,180682204.00,103246973.00,283929178.00,1.7434,2.588
Lisbon,Port,SSP1-2.6,Baseline,2064,0.256,9362199.00,5349828.00,14712027.00,190044403.00,108596801.00,298641205.00,1.6958,2.675
Lisbon,Port,SSP1-2.6,Baseline,2065,0.26,9676335.00,5529334.00,15205669.00,199720738.00,114126135.00,313846874.00,1.6494,2.765
Lisbon,Port,SSP1-2.6,Baseline,2066,0.264,10000733.00,5714705.00,15715438.00,209721471.00,119840840.00,329562312.00,1.6043,2.857
Lisbon,Port,SSP1-2.6,Baseline,2067,0.268,10335724.00,5906128.00,16241852.00,220057195.00,125746968.00,345804164.00,1.5604,2.953
Lisbon,Port,SSP1-2.6,Baseline,2068,0.272,10681646.00,6103798.00,16785444.00,230738841.00,131850766.00,362589608.00,1.5177,3.052
Lisbon,Port,SSP1-2.6,Baseline,2069,0.276,11038849.00,6307914.00,17346763.00,241777690.00,138158680.00,379936371.00,1.4762,3.154
Lisbon,Port,SSP1-2.6,Baseline,2070,0.28,11407695.00,6518683.00,17926377.00,253185385.00,144677363.00,397862748.00,1.4359,3.259
Lisbon,Port,SSP1-2.6,Baseline,2071,0.284,11788554.00,6736317.00,18524871.00,264973939.00,151413680.00,416387619.00,1.3966,3.368
Lisbon,Port,SSP1-2.6,Baseline,2072,0.288,12181812.00,6961036.00,19142848.00,277155751.00,158374716.00,435530467.00,1.3584,3.481
Lisbon,Port,SSP1-2.6,Baseline,2073,0.292,12587865.00,7193065.00,19780930.00,289743616.00,165567781.00,455311397.00,1.3213,3.597
Lisbon,Port,SSP1-2.6,Baseline,2074,0.296,13007120.00,7432640.00,20439760.00,302750736.00,173000421.00,475751157.00,1.2851,3.716
Lisbon,Port,SSP1-2.6,Baseline,2075,0.3,13440000.00,7680000.00,21120000.00,316190736.00,180680421.00,496871157.00,1.25,3.84
Lisbon,Port,SSP1-2.6,Baseline,2076,0.304,13886939.00,7935394.00,21822333.00,330077675.00,188615815.00,518693490.00,1.2158,3.968
Lisbon,Port,SSP1-2.6,Baseline,2077,0.308,14348386.00,8199078.00,22547463.00,344426061.00,196814893.00,541240953.00,1.1826,4.1
Lisbon,Port,SSP1-2.6,Baseline,2078,0.312,14824802.00,8471316.00,23296118.00,359250863.00,205286209.00,564537071.00,1.1502,4.236
Lisbon,Port,SSP1-2.6,Baseline,2079,0.316,15316666.00,8752381.00,24069046.00,374567529.00,214038590.00,588606117.00,1.1188,4.376
Lisbon,Port,SSP1-2.6,Baseline,2080,0.32,15824469.00,9042553.00,24867022.00,390391997.00,223081143.00,613473139.00,1.0882,4.521
Lisbon,Port,SSP1-2.6,Baseline,2081,0.324,16348718.00,9342124.00,25690842.00,406740715.00,232423267.00,639163981.00,1.0584,4.671
Lisbon,Port,SSP1-2.6,Baseline,2082,0.328,16889937.00,9651392.00,26541329.00,423630652.00,242074659.00,665705310.00,1.0295,4.826
Lisbon,Port,SSP1-2.6,Baseline,2083,0.332,17448665.00,9970666.00,27419331.00,441079317.00,252045325.00,693124641.00,1.0013,4.985
Lisbon,Port,SSP1-2.6,Baseline,2084,0.336,18025460.00,10300263.00,28325723.00,459104777.00,262345588.00,721450364.00,0.974,5.15
Lisbon,Port,SSP1-2.6,Baseline,2085,0.34,18620896.00,10640512.00,29261407.00,477725672.00,272986100.00,750711771.00,0.9473,5.32
Lisbon,Port,SSP1-2.6,Baseline,2086,0.344,19235564.00,10991751.00,30227315.00,496961236.00,283977851.00,780939086.00,0.9214,5.496
Lisbon,Port,SSP1-2.6,Baseline,2087,0.348,19870076.00,11354329.00,31224405.00,516831313.00,295332180.00,812163491.00,0.8962,5.677
Lisbon,Port,SSP1-2.6,Baseline,2088,0.352,20525062.00,11728607.00,32253669.00,537356374.00,307060787.00,844417160.00,0.8717,5.864
Lisbon,Port,SSP1-2.6,Baseline,2089,0.356,21201171.00,12114955.00,33316125.00,558557545.00,319175742.00,877733285.00,0.8479,6.057
Lisbon,Port,SSP1-2.6,Baseline,2090,0.36,21899073.00,12513756.00,34412829.00,580456618.00,331689498.00,912146114.00,0.8247,6.257
Lisbon,Port,SSP1-2.6,Baseline,2091,0.364,22619459.00,12925405.00,35544865.00,603076078.00,344614903.00,947690979.00,0.8021,6.463
Lisbon,Port,SSP1-2.6,Baseline,2092,0.368,23363043.00,13350310.00,36713353.00,626439120.00,357965213.00,984404332.00,0.7802,6.675
Lisbon,Port,SSP1-2.6,Baseline,2093,0.372,24130558.00,13788890.00,37919448.00,650569678.00,371754103.00,1022323780.00,0.7589,6.894
Lisbon,Port,SSP1-2.6,Baseline,2094,0.376,24922763.00,14241579.00,39164342.00,675492441.00,385995682.00,1061488122.00,0.7381,7.121
Lisbon,Port,SSP1-2.6,Baseline,2095,0.38,25740439.00,14708822.00,40449261.00,701232880.00,400704504.00,1101937383.00,0.7179,7.354
Lisbon,Port,SSP1-2.6,Baseline,2096,0.384,26584393.00,15191082.00,41775474.00,727817273.00,415895586.00,1143712857.00,0.6983,7.596
Lisbon,Port,SSP1-2.6,Baseline,2097,0.388,27455455.00,15688831.00,43144286.00,755272728.00,431584417.00,1186857143.00,0.6792,7.844
Lisbon,Port,SSP1-2.6,Baseline,2098,0.392,28354483.00,16202562.00,44557045.00,783627211.00,447786979.00,1231414188.00,0.6606,8.101
Lisbon,Port,SSP1-2.6,Baseline,2099,0.396,29282361.00,16732778.00,46015138.00,812909571.00,464519757.00,1277429326.00,0.6426,8.366
Lisbon,Port,SSP1-2.6,Baseline,2100,0.4,30240000.00,17280000.00,47520000.00,843149571.00,481799757.00,1324949326.00,0.625,8.64
Lisbon,Port,SSP1-2.6,+Geoid,2025,0.11,2745884.00,1569076.00,4314960.00,2745884.00,1569076.00,4314960.00,4.6652,0.785
Lisbon,Port,SSP1-2.6,+Geoid,2026,0.132,3313569.00,1893468.00,5207036.00,6059452.00,3462544.00,9521996.00,4.0053,0.947
Lisbon,Port,SSP1-2.6,+Geoid,2027,0.154,3993772.00,2282155.00,6275927.00,10053224.00,5744699.00,15797923.00,3.4389,1.141
Lisbon,Port,SSP1-2.6,+Geoid,2028,0.176,4808159.00,2747519.00,7555678.00,14861383.00,8492218.00,23353601.00,2.9525,1.374
Lisbon,Port,SSP1-2.6,+Geoid,2029,0.198,5782480.00,3304274.00,9086754.00,20643862.00,11796492.00,32440355.00,2.5349,1.652
Lisbon,Port,SSP1-2.6,+Geoid,2030,0.22,6947328.00,3969902.00,10917229.00,27591190.00,15766394.00,43357584.00,2.1764,1.985
Lisbon,Port,SSP1-2.6,+Geoid,2031,0.2265,7333104.00,4190345.00,11523449.00,34924294.00,19956739.00,54881033.00,2.0805,2.095
Lisbon,Port,SSP1-2.6,+Geoid,2032,0.233,7739683.00,4422676.00,12162359.00,42663977.00,24379415.00,67043392.00,1.9888,2.211
Lisbon,Port,SSP1-2.6,+Geoid,2033,0.2395,8168161.00,4667521.00,12835682.00,50832138.00,29046936.00,79879074.00,1.9012,2.334
Lisbon,Port,SSP1-2.6,+Geoid,2034,0.246,8619695.00,4925540.00,13545235.00,59451833.00,33972476.00,93424309.00,1.8175,2.463
Lisbon,Port,SSP1-2.6,+Geoid,2035,0.2525,9095499.00,5197428.00,14292927.00,68547333.00,39169904.00,107717236.00,1.7374,2.599
Lisbon,Port,SSP1-2.6,+Geoid,2036,0.259,9596851.00,5483915.00,15080766.00,78144184.00,44653819.00,122798002.00,1.6609,2.742
Lisbon,Port,SSP1-2.6,+Geoid,2037,0.2655,10125096.00,5785769.00,15910864.00,88269279.00,50439588.00,138708866.00,1.5877,2.893
Lisbon,Port,SSP1-2.6,+Geoid,2038,0.272,10681646.00,6103798.00,16785444.00,98950925.00,56543386.00,155494310.00,1.5177,3.052
Lisbon,Port,SSP1-2.6,+Geoid,2039,0.2785,11267990.00,6438851.00,17706841.00,110218915.00,62982237.00,173201151.00,1.4509,3.219
Lisbon,Port,SSP1-2.6,+Geoid,2040,0.285,11885691.00,6791823.00,18677515.00,122104606.00,69774060.00,191878666.00,1.387,3.396
Lisbon,Port,SSP1-2.6,+Geoid,2041,0.2915,12536395.00,7163654.00,19700049.00,134641001.00,76937714.00,211578715.00,1.3259,3.582
Lisbon,Port,SSP1-2.6,+Geoid,2042,0.298,13221830.00,7555332.00,20777162.00,147862831.00,84493046.00,232355877.00,1.2674,3.778
Lisbon,Port,SSP1-2.6,+Geoid,2043,0.3045,13943817.00,7967896.00,21911713.00,161806648.00,92460942.00,254267590.00,1.2116,3.984
Lisbon,Port,SSP1-2.6,+Geoid,2044,0.311,14704269.00,8402439.00,23106708.00,176510917.00,100863381.00,277374298.00,1.1582,4.201
Lisbon,Port,SSP1-2.6,+Geoid,2045,0.3175,15505197.00,8860113.00,24365310.00,192016114.00,109723494.00,301739608.00,1.1072,4.43
Lisbon,Port,SSP1-2.6,+Geoid,2046,0.324,16348718.00,9342124.00,25690842.00,208364832.00,119065618.00,327430450.00,1.0584,4.671
Lisbon,Port,SSP1-2.6,+Geoid,2047,0.3305,17237055.00,9849746.00,27086801.00,225601887.00,128915364.00,354517251.00,1.0118,4.925
Lisbon,Port,SSP1-2.6,+Geoid,2048,0.337,18172549.00,10384313.00,28556862.00,243774435.00,139299677.00,383074113.00,0.9672,5.192
Lisbon,Port,SSP1-2.6,+Geoid,2049,0.3435,19157658.00,10947233.00,30104891.00,262932093.00,150246910.00,413179004.00,0.9246,5.474
Lisbon,Port,SSP1-2.6,+Geoid,2050,0.35,20194970.00,11539983.00,31734952.00,283127063.00,161786893.00,444913956.00,0.8839,5.77
Lisbon,Port,SSP1-2.6,+Geoid,2051,0.354,20860435.00,11920248.00,32780683.00,303987497.00,173707141.00,477694639.00,0.8597,5.96
Lisbon,Port,SSP1-2.6,+Geoid,2052,0.358,21547355.00,12312774.00,33860129.00,325534852.00,186019915.00,511554768.00,0.8362,6.156
Lisbon,Port,SSP1-2.6,+Geoid,2053,0.362,22256412.00,12717950.00,34974361.00,347791264.00,198737865.00,546529129.00,0.8133,6.359
Lisbon,Port,SSP1-2.6,+Geoid,2054,0.366,22988306.00,13136175.00,36124481.00,370779570.00,211874040.00,582653610.00,0.7911,6.568
Lisbon,Port,SSP1-2.6,+Geoid,2055,0.37,23743762.00,13567864.00,37311626.00,394523332.00,225441904.00,619965236.00,0.7695,6.784
Lisbon,Port,SSP1-2.6,+Geoid,2056,0.374,24523526.00,14013443.00,38536969.00,419046858.00,239455347.00,658502205.00,0.7484,7.007
Lisbon,Port,SSP1-2.6,+Geoid,2057,0.378,25328367.00,14473353.00,39801720.00,444375225.00,253928700.00,698303925.00,0.728,7.237
Lisbon,Port,SSP1-2.6,+Geoid,2058,0.382,26159080.00,14948046.00,41107125.00,470534305.00,268876746.00,739411050.00,0.7081,7.474
Lisbon,Port,SSP1-2.6,+Geoid,2059,0.386,27016482.00,15437990.00,42454472.00,497550787.00,284314736.00,781865522.00,0.6887,7.719
Lisbon,Port,SSP1-2.6,+Geoid,2060,0.39,27901419.00,15943668.00,43845086.00,525452206.00,300258404.00,825710608.00,0.6699,7.972
Lisbon,Port,SSP1-2.6,+Geoid,2061,0.394,28814759.00,16465577.00,45280336.00,554266965.00,316723981.00,870990944.00,0.6515,8.233
Lisbon,Port,SSP1-2.6,+Geoid,2062,0.398,29757402.00,17004230.00,46761632.00,584024367.00,333728211.00,917752576.00,0.6337,8.502
Lisbon,Port,SSP1-2.6,+Geoid,2063,0.402,30730273.00,17560156.00,48290429.00,614754640.00,351288367.00,966043005.00,0.6164,8.78
Lisbon,Port,SSP1-2.6,+Geoid,2064,0.406,31734326.00,18133900.00,49868226.00,646488966.00,369422267.00,1015911231.00,0.5995,9.067
Lisbon,Port,SSP1-2.6,+Geoid,2065,0.41,32770545.00,18726026.00,51496571.00,679259511.00,388148293.00,1067407802.00,0.5831,9.363
Lisbon,Port,SSP1-2.6,+Geoid,2066,0.414,33839947.00,19337112.00,53177059.00,713099458.00,407485405.00,1120584861.00,0.5672,9.669
Lisbon,Port,SSP1-2.6,+Geoid,2067,0.418,34943577.00,19967758.00,54911335.00,748043035.00,427453163.00,1175496196.00,0.5517,9.984
Lisbon,Port,SSP1-2.6,+Geoid,2068,0.422,36082515.00,20618580.00,56701095.00,784125550.00,448071743.00,1232197291.00,0.5366,10.309
Lisbon,Port,SSP1-2.6,+Geoid,2069,0.426,37257873.00,21290213.00,58548087.00,821383423.00,469361956.00,1290745378.00,0.5219,10.645
Lisbon,Port,SSP1-2.6,+Geoid,2070,0.43,38470801.00,21983315.00,60454115.00,859854224.00,491345271.00,1351199493.00,0.5077,10.992
Lisbon,Port,SSP1-2.6,+Geoid,2071,0.434,39722480.00,22698560.00,62421040.00,899576704.00,514043831.00,1413620533.00,0.4938,11.349
Lisbon,Port,SSP1-2.6,+Geoid,2072,0.438,41014131.00,23436646.00,64450777.00,940590835.00,537480477.00,1478071310.00,0.4803,11.718
Lisbon,Port,SSP1-2.6,+Geoid,2073,0.442,42347013.00,24198293.00,66545306.00,982937847.00,561678770.00,1544616616.00,0.4671,12.099
Lisbon,Port,SSP1-2.6,+Geoid,2074,0.446,43722422.00,24984241.00,68706663.00,1026660269.00,586663011.00,1613323279.00,0.4544,12.492
Lisbon,Port,SSP1-2.6,+Geoid,2075,0.45,45141697.00,25795255.00,70936952.00,1071801966.00,612458266.00,1684260231.00,0.4419,12.898
Lisbon,Port,SSP1-2.6,+Geoid,2076,0.454,46606217.00,26632124.00,73238340.00,1118408183.00,639090390.00,1757498571.00,0.4299,13.316
Lisbon,Port,SSP1-2.6,+Geoid,2077,0.458,48117403.00,27495659.00,75613063.00,1166525586.00,666586049.00,1833111634.00,0.4181,13.748
Lisbon,Port,SSP1-2.6,+Geoid,2078,0.462,49676724.00,28386699.00,78063423.00,1216202310.00,694972748.00,1911175057.00,0.4067,14.193
Lisbon,Port,SSP1-2.6,+Geoid,2079,0.466,51285690.00,29306108.00,80591798.00,1267488000.00,724278856.00,1991766855.00,0.3955,14.653
Lisbon,Port,SSP1-2.6,+Geoid,2080,0.47,52945860.00,30254777.00,83200637.00,1320433860.00,754533633.00,2074967492.00,0.3847,15.127
Lisbon,Port,SSP1-2.6,+Geoid,2081,0.474,54658843.00,31233624.00,85892467.00,1375092703.00,785767257.00,2160859959.00,0.3742,15.617
Lisbon,Port,SSP1-2.6,+Geoid,2082,0.478,56426294.00,32243597.00,88669891.00,1431518997.00,818010854.00,2249529850.00,0.364,16.122
Lisbon,Port,SSP1-2.6,+Geoid,2083,0.482,58249924.00,33285671.00,91535595.00,1489768921.00,851296525.00,2341065445.00,0.354,16.643
Lisbon,Port,SSP1-2.6,+Geoid,2084,0.486,60131493.00,34360853.00,94492346.00,1549900414.00,885657378.00,2435557791.00,0.3443,17.18
Lisbon,Port,SSP1-2.6,+Geoid,2085,0.49,62072819.00,35470182.00,97543001.00,1611973233.00,921127560.00,2533100792.00,0.3349,17.735
Lisbon,Port,SSP1-2.6,+Geoid,2086,0.494,64075774.00,36614728.00,100690501.00,1676049006.00,957742288.00,2633791293.00,0.3258,18.307
Lisbon,Port,SSP1-2.6,+Geoid,2087,0.498,66142288.00,37795593.00,103937881.00,1742191294.00,995537881.00,2737729174.00,0.3169,18.898
Lisbon,Port,SSP1-2.6,+Geoid,2088,0.502,68274353.00,39013916.00,107288269.00,1810465648.00,1034551797.00,2845017443.00,0.3082,19.507
Lisbon,Port,SSP1-2.6,+Geoid,2089,0.506,70474021.00,40270869.00,110744891.00,1880939669.00,1074822666.00,2955762334.00,0.2998,20.135
Lisbon,Port,SSP1-2.6,+Geoid,2090,0.51,72743408.00,41567662.00,114311070.00,1953683077.00,1116390328.00,3070073404.00,0.2916,20.784
Lisbon,Port,SSP1-2.6,+Geoid,2091,0.514,75084696.00,42905541.00,117990237.00,2028767773.00,1159295869.00,3188063641.00,0.2836,21.453
Lisbon,Port,SSP1-2.6,+Geoid,2092,0.518,77500133.00,44285791.00,121785924.00,2106267907.00,1203581660.00,3309849565.00,0.2758,22.143
Lisbon,Port,SSP1-2.6,+Geoid,2093,0.522,79992039.00,45709737.00,125701776.00,2186259946.00,1249291397.00,3435551341.00,0.2683,22.855
Lisbon,Port,SSP1-2.6,+Geoid,2094,0.526,82562804.00,47178745.00,129741549.00,2268822750.00,1296470142.00,3565292890.00,0.261,23.589
Lisbon,Port,SSP1-2.6,+Geoid,2095,0.53,85214892.00,48694224.00,133909116.00,2354037641.00,1345164366.00,3699202006.00,0.2538,24.347
Lisbon,Port,SSP1-2.6,+Geoid,2096,0.534,87950844.00,50257625.00,138208469.00,2441988485.00,1395421991.00,3837410475.00,0.2469,25.129
Lisbon,Port,SSP1-2.6,+Geoid,2097,0.538,90773279.00,51870445.00,142643725.00,2532761764.00,1447292436.00,3980054200.00,0.2401,25.935
Lisbon,Port,SSP1-2.6,+Geoid,2098,0.542,93684898.00,53534228.00,147219126.00,2626446663.00,1500826664.00,4127273326.00,0.2336,26.767
Lisbon,Port,SSP1-2.6,+Geoid,2099,0.546,96688485.00,55250563.00,151939048.00,2723135148.00,1556077227.00,4279212374.00,0.2272,27.625
Lisbon,Port,SSP1-2.6,+Geoid,2100,0.55,99786909.00,57021091.00,156808000.00,2822922057.00,1613098318.00,4436020374.00,0.221,28.511
Lisbon,Port,SSP2-4.5,Baseline,2025,0.05,1633417.00,933381.00,2566798.00,1633417.00,933381.00,2566798.00,7.0711,0.467
Lisbon,Port,SSP2-4.5,Baseline,2026,0.06,1782483.00,1018562.00,2801044.00,3415899.00,1951943.00,5367842.00,6.5975,0.509
Lisbon,Port,SSP2-4.5,Baseline,2027,0.07,1944532.00,1111161.00,3055694.00,5360432.00,3063104.00,8423536.00,6.1557,0.556
Lisbon,Port,SSP2-4.5,Baseline,2028,0.08,2120661.00,1211806.00,3332468.00,7481093.00,4274910.00,11756004.00,5.7435,0.606
Lisbon,Port,SSP2-4.5,Baseline,2029,0.09,2312056.00,1321175.00,3633230.00,9793149.00,5596085.00,15389234.00,5.3589,0.661
Lisbon,Port,SSP2-4.5,Baseline,2030,0.1,2520000.00,1440000.00,3960000.00,12313149.00,7036085.00,19349234.00,5.0,0.72
Lisbon,Port,SSP2-4.5,Baseline,2031,0.11,2745884.00,1569076.00,4314960.00,15059032.00,8605161.00,23664194.00,4.6652,0.785
Lisbon,Port,SSP2-4.5,Baseline,2032,0.12,2991211.00,1709263.00,4700474.00,18050243.00,10314424.00,28364668.00,4.3528,0.855
Lisbon,Port,SSP2-4.5,Baseline,2033,0.13,3257608.00,1861490.00,5119098.00,21307851.00,12175914.00,33483766.00,4.0613,0.931
Lisbon,Port,SSP2-4.5,Baseline,2034,0.14,3546837.00,2026764.00,5573601.00,24854688.00,14202678.00,39057367.00,3.7893,1.013
Lisbon,Port,SSP2-4.5,Baseline,2035,0.15,3860803.00,2206173.00,6066976.00,28715491.00,16408851.00,45124343.00,3.5355,1.103
Lisbon,Port,SSP2-4.5,Baseline,2036,0.16,4201566.00,2400895.00,6602461.00,32917057.00,18809746.00,51726804.00,3.2988,1.2
Lisbon,Port,SSP2-4.5,Baseline,2037,0.17,4571356.00,2612204.00,7183560.00,37488414.00,21421950.00,58910364.00,3.0779,1.306
Lisbon,Port,SSP2-4.5,Baseline,2038,0.18,4972585.00,2841477.00,7814062.00,42460999.00,24263427.00,66724426.00,2.8717,1.421
Lisbon,Port,SSP2-4.5,Baseline,2039,0.19,5407859.00,3090205.00,8498064.00,47868858.00,27353632.00,75222490.00,2.6794,1.545
Lisbon,Port,SSP2-4.5,Baseline,2040,0.2,5880000.00,3360000.00,9240000.00,53748858.00,30713632.00,84462490.00,2.5,1.68
Lisbon,Port,SSP2-4.5,Baseline,2041,0.21,6392057.00,3652604.00,10044661.00,60140915.00,34366236.00,94507151.00,2.3326,1.826
Lisbon,Port,SSP2-4.5,Baseline,2042,0.22,6947328.00,3969902.00,10917229.00,67088242.00,38336138.00,105424380.00,2.1764,1.985
Lisbon,Port,SSP2-4.5,Baseline,2043,0.23,7549378.00,4313930.00,11863308.00,74637620.00,42650068.00,117287688.00,2.0306,2.157
Lisbon,Port,SSP2-4.5,Baseline,2044,0.24,8202061.00,4686892.00,12888953.00,82839681.00,47336960.00,130176641.00,1.8946,2.343
Lisbon,Port,SSP2-4.5,Baseline,2045,0.25,8909545.00,5091169.00,14000714.00,91749227.00,52428129.00,144177355.00,1.7678,2.546
Lisbon,Port,SSP2-4.5,Baseline,2046,0.26,9676335.00,5529334.00,15205669.00,101425561.00,57957463.00,159383024.00,1.6494,2.765
Lisbon,Port,SSP2-4.5,Baseline,2047,0.27,10507297.00,6004170.00,16511467.00,111932858.00,63961633.00,175894491.00,1.5389,3.002
Lisbon,Port,SSP2-4.5,Baseline,2048,0.28,11407695.00,6518683.00,17926377.00,123340553.00,70480316.00,193820868.00,1.4359,3.259
Lisbon,Port,SSP2-4.5,Baseline,2049,0.29,12383214.00,7076122.00,19459336.00,135723767.00,77556438.00,213280204.00,1.3397,3.538
Lisbon,Port,SSP2-4.5,Baseline,2050,0.3,13440000.00,7680000.00,21120000.00,149163767.00,85236438.00,234400204.00,1.25,3.84
Lisbon,Port,SSP2-4.5,Baseline,2051,0.306,14115820.00,8066183.00,22182003.00,163279587.00,93302621.00,256582207.00,1.1991,4.033
Lisbon,Port,SSP2-4.5,Baseline,2052,0.312,14824802.00,8471316.00,23296118.00,178104389.00,101773937.00,279878325.00,1.1502,4.236
Lisbon,Port,SSP2-4.5,Baseline,2053,0.318,15568544.00,8896311.00,24464854.00,193672933.00,110670248.00,304343179.00,1.1034,4.448
Lisbon,Port,SSP2-4.5,Baseline,2054,0.324,16348718.00,9342124.00,25690842.00,210021650.00,120012372.00,330034021.00,1.0584,4.671
Lisbon,Port,SSP2-4.5,Baseline,2055,0.33,17167078.00,9809759.00,26976836.00,227188728.00,129822131.00,357010857.00,1.0153,4.905
Lisbon,Port,SSP2-4.5,Baseline,2056,0.336,18025460.00,10300263.00,28325723.00,245214188.00,140122394.00,385336580.00,0.974,5.15
Lisbon,Port,SSP2-4.5,Baseline,2057,0.342,18925788.00,10814736.00,29740524.00,264139976.00,150937130.00,415077104.00,0.9343,5.407
Lisbon,Port,SSP2-4.5,Baseline,2058,0.348,19870076.00,11354329.00,31224405.00,284010052.00,162291459.00,446301509.00,0.8962,5.677
Lisbon,Port,SSP2-4.5,Baseline,2059,0.354,20860435.00,11920248.00,32780683.00,304870487.00,174211707.00,479082192.00,0.8597,5.96
Lisbon,Port,SSP2-4.5,Baseline,2060,0.36,21899073.00,12513756.00,34412829.00,326769560.00,186725463.00,513495021.00,0.8247,6.257
Lisbon,Port,SSP2-4.5,Baseline,2061,0.366,22988306.00,13136175.00,36124481.00,349757866.00,199861638.00,549619502.00,0.7911,6.568
Lisbon,Port,SSP2-4.5,Baseline,2062,0.372,24130558.00,13788890.00,37919448.00,373888424.00,213650528.00,587538950.00,0.7589,6.894
Lisbon,Port,SSP2-4.5,Baseline,2063,0.378,25328367.00,14473353.00,39801720.00,399216791.00,228123881.00,627340670.00,0.728,7.237
Lisbon,Port,SSP2-4.5,Baseline,2064,0.384,26584393.00,15191082.00,41775474.00,425801184.00,243314963.00,669116144.00,0.6983,7.596
Lisbon,Port,SSP2-4.5,Baseline,2065,0.39,27901419.00,15943668.00,43845086.00,453702602.00,259258631.00,712961230.00,0.6699,7.972
Lisbon,Port,SSP2-4.5,Baseline,2066,0.396,29282361.00,16732778.00,46015138.00,482984963.00,275991409.00,758976368.00,0.6426,8.366
Lisbon,Port,SSP2-4.5,Baseline,2067,0.402,30730273.00,17560156.00,48290429.00,513715236.00,293551565.00,807266797.00,0.6164,8.78
Lisbon,Port,SSP2-4.5,Baseline,2068,0.408,32248352.00,18427630.00,50675982.00,545963588.00,311979195.00,857942779.00,0.5913,9.214
Lisbon,Port,SSP2-4.5,Baseline,2069,0.414,33839947.00,19337112.00,53177059.00,579803535.00,331316307.00,911119838.00,0.5672,9.669
Lisbon,Port,SSP2-4.5,Baseline,2070,0.42,35508564.00,20290608.00,55799171.00,615312098.00,351606915.00,966919009.00,0.5441,10.145
Lisbon,Port,SSP2-4.5,Baseline,2071,0.426,37257873.00,21290213.00,58548087.00,652569972.00,372897128.00,1025467096.00,0.5219,10.645
Lisbon,Port,SSP2-4.5,Baseline,2072,0.432,39091721.00,22338126.00,61429847.00,691661692.00,395235254.00,1086896943.00,0.5007,11.169
Lisbon,Port,SSP2-4.5,Baseline,2073,0.438,41014131.00,23436646.00,64450777.00,732675823.00,418671900.00,1151347720.00,0.4803,11.718
Lisbon,Port,SSP2-4.5,Baseline,2074,0.444,43029319.00,24588182.00,67617501.00,775705142.00,443260082.00,1218965221.00,0.4607,12.294
Lisbon,Port,SSP2-4.5,Baseline,2075,0.45,45141697.00,25795255.00,70936952.00,820846839.00,469055337.00,1289902173.00,0.4419,12.898
Lisbon,Port,SSP2-4.5,Baseline,2076,0.456,47355886.00,27060506.00,74416392.00,868202725.00,496115843.00,1364318565.00,0.4239,13.53
Lisbon,Port,SSP2-4.5,Baseline,2077,0.462,49676724.00,28386699.00,78063423.00,917879449.00,524502542.00,1442381988.00,0.4067,14.193
Lisbon,Port,SSP2-4.5,Baseline,2078,0.468,52109275.00,29776729.00,81886004.00,969988724.00,554279271.00,1524267992.00,0.3901,14.888
Lisbon,Port,SSP2-4.5,Baseline,2079,0.474,54658843.00,31233624.00,85892467.00,1024647567.00,585512895.00,1610160459.00,0.3742,15.617
Lisbon,Port,SSP2-4.5,Baseline,2080,0.48,57330978.00,32760559.00,90091537.00,1081978545.00,618273454.00,1700251996.00,0.359,16.38
Lisbon,Port,SSP2-4.5,Baseline,2081,0.486,60131493.00,34360853.00,94492346.00,1142110038.00,652634307.00,1794744342.00,0.3443,17.18
Lisbon,Port,SSP2-4.5,Baseline,2082,0.492,63066473.00,36037985.00,99104458.00,1205176511.00,688672292.00,1893848800.00,0.3303,18.019
Lisbon,Port,SSP2-4.5,Baseline,2083,0.498,66142288.00,37795593.00,103937881.00,1271318799.00,726467885.00,1997786681.00,0.3169,18.898
Lisbon,Port,SSP2-4.5,Baseline,2084,0.504,69365606.00,39637489.00,109003095.00,1340684405.00,766105374.00,2106789776.00,0.304,19.819
Lisbon,Port,SSP2-4.5,Baseline,2085,0.51,72743408.00,41567662.00,114311070.00,1413427814.00,807673036.00,2221100846.00,0.2916,20.784
Lisbon,Port,SSP2-4.5,Baseline,2086,0.516,76283003.00,43590287.00,119873290.00,1489710817.00,851263323.00,2340974136.00,0.2797,21.795
Lisbon,Port,SSP2-4.5,Baseline,2087,0.522,79992039.00,45709737.00,125701776.00,1569702856.00,896973060.00,2466675912.00,0.2683,22.855
Lisbon,Port,SSP2-4.5,Baseline,2088,0.528,83878525.00,47930586.00,131809111.00,1653581381.00,944903646.00,2598485023.00,0.2574,23.965
Lisbon,Port,SSP2-4.5,Baseline,2089,0.534,87950844.00,50257625.00,138208469.00,1741532225.00,995161271.00,2736693492.00,0.2469,25.129
Lisbon,Port,SSP2-4.5,Baseline,2090,0.54,92217769.00,52695868.00,144913637.00,1833749994.00,1047857139.00,2881607129.00,0.2368,26.348
Lisbon,Port,SSP2-4.5,Baseline,2091,0.546,96688485.00,55250563.00,151939048.00,1930438479.00,1103107702.00,3033546177.00,0.2272,27.625
Lisbon,Port,SSP2-4.5,Baseline,2092,0.552,101372606.00,57927203.00,159299809.00,2031811085.00,1161034905.00,3192845986.00,0.2179,28.964
Lisbon,Port,SSP2-4.5,Baseline,2093,0.558,106280194.00,60731539.00,167011733.00,2138091279.00,1221766444.00,3359857719.00,0.2091,30.366
Lisbon,Port,SSP2-4.5,Baseline,2094,0.564,111421782.00,63669589.00,175091371.00,2249513060.00,1285436033.00,3534949090.00,0.2005,31.835
Lisbon,Port,SSP2-4.5,Baseline,2095,0.57,116808393.00,66747653.00,183556046.00,2366321453.00,1352183686.00,3718505136.00,0.1924,33.374
Lisbon,Port,SSP2-4.5,Baseline,2096,0.576,122451565.00,69972323.00,192423888.00,2488773018.00,1422156009.00,3910929024.00,0.1845,34.986
Lisbon,Port,SSP2-4.5,Baseline,2097,0.582,128363376.00,73350501.00,201713876.00,2617136394.00,1495506510.00,4112642900.00,0.177,36.675
Lisbon,Port,SSP2-4.5,Baseline,2098,0.588,134556464.00,76889408.00,211445871.00,2751692858.00,1572395918.00,4324088771.00,0.1698,38.445
Lisbon,Port,SSP2-4.5,Baseline,2099,0.594,141044057.00,80596604.00,221640661.00,2892736914.00,1652992522.00,4545729432.00,0.1629,40.298
Lisbon,Port,SSP2-4.5,Baseline,2100,0.6,147840000.00,84480000.00,232320000.00,3040576914.00,1737472522.00,4778049432.00,0.1563,42.24
Lisbon,Port,SSP2-4.5,+Geoid,2025,0.125,3121669.00,1783811.00,4905479.00,3121669.00,1783811.00,4905479.00,4.2045,0.892
Lisbon,Port,SSP2-4.5,+Geoid,2026,0.15,3860803.00,2206173.00,6066976.00,6982472.00,3989984.00,10972455.00,3.5355,1.103
Lisbon,Port,SSP2-4.5,+Geoid,2027,0.175,4767883.00,2724504.00,7492387.00,11750354.00,6714488.00,18464842.00,2.973,1.362
Lisbon,Port,SSP2-4.5,+Geoid,2028,0.2,5880000.00,3360000.00,9240000.00,17630354.00,10074488.00,27704842.00,2.5,1.68
Lisbon,Port,SSP2-4.5,+Geoid,2029,0.225,7242271.00,4138441.00,11380712.00,24872626.00,14212929.00,39085554.00,2.1022,2.069
Lisbon,Port,SSP2-4.5,+Geoid,2030,0.25,8909545.00,5091169.00,14000714.00,33782171.00,19304098.00,53086268.00,1.7678,2.546
Lisbon,Port,SSP2-4.5,+Geoid,2031,0.26,9676335.00,5529334.00,15205669.00,43458506.00,24833432.00,68291937.00,1.6494,2.765
Lisbon,Port,SSP2-4.5,+Geoid,2032,0.27,10507297.00,6004170.00,16511467.00,53965803.00,30837602.00,84803404.00,1.5389,3.002
Lisbon,Port,SSP2-4.5,+Geoid,2033,0.28,11407695.00,6518683.00,17926377.00,65373497.00,37356285.00,102729781.00,1.4359,3.259
Lisbon,Port,SSP2-4.5,+Geoid,2034,0.29,12383214.00,7076122.00,19459336.00,77756711.00,44432407.00,122189117.00,1.3397,3.538
Lisbon,Port,SSP2-4.5,+Geoid,2035,0.3,13440000.00,7680000.00,21120000.00,91196711.00,52112407.00,143309117.00,1.25,3.84
Lisbon,Port,SSP2-4.5,+Geoid,2036,0.31,14584693.00,8334110.00,22918804.00,105781404.00,60446517.00,166227921.00,1.1663,4.167
Lisbon,Port,SSP2-4.5,+Geoid,2037,0.32,15824469.00,9042553.00,24867022.00,121605873.00,69489070.00,191094943.00,1.0882,4.521
Lisbon,Port,SSP2-4.5,+Geoid,2038,0.33,17167078.00,9809759.00,26976836.00,138772951.00,79298829.00,218071779.00,1.0153,4.905
Lisbon,Port,SSP2-4.5,+Geoid,2039,0.34,18620896.00,10640512.00,29261407.00,157393846.00,89939341.00,247333186.00,0.9473,5.32
Lisbon,Port,SSP2-4.5,+Geoid,2040,0.35,20194970.00,11539983.00,31734952.00,177588816.00,101479324.00,279068138.00,0.8839,5.77
Lisbon,Port,SSP2-4.5,+Geoid,2041,0.36,21899073.00,12513756.00,34412829.00,199487889.00,113993080.00,313480967.00,0.8247,6.257
Lisbon,Port,SSP2-4.5,+Geoid,2042,0.37,23743762.00,13567864.00,37311626.00,223231651.00,127560944.00,350792593.00,0.7695,6.784
Lisbon,Port,SSP2-4.5,+Geoid,2043,0.38,25740439.00,14708822.00,40449261.00,248972090.00,142269766.00,391241854.00,0.7179,7.354
Lisbon,Port,SSP2-4.5,+Geoid,2044,0.39,27901419.00,15943668.00,43845086.00,276873509.00,158213434.00,435086940.00,0.6699,7.972
Lisbon,Port,SSP2-4.5,+Geoid,2045,0.4,30240000.00,17280000.00,47520000.00,307113509.00,175493434.00,482606940.00,0.625,8.64
Lisbon,Port,SSP2-4.5,+Geoid,2046,0.41,32770545.00,18726026.00,51496571.00,339884054.00,194219460.00,534103511.00,0.5831,9.363
Lisbon,Port,SSP2-4.5,+Geoid,2047,0.42,35508564.00,20290608.00,55799171.00,375392618.00,214510068.00,589902682.00,0.5441,10.145
Lisbon,Port,SSP2-4.5,+Geoid,2048,0.43,38470801.00,21983315.00,60454115.00,413863418.00,236493383.00,650356797.00,0.5077,10.992
Lisbon,Port,SSP2-4.5,+Geoid,2049,0.44,41675338.00,23814479.00,65489817.00,455538756.00,260307862.00,715846614.00,0.4737,11.907
Lisbon,Port,SSP2-4.5,+Geoid,2050,0.45,45141697.00,25795255.00,70936952.00,500680453.00,286103117.00,786783566.00,0.4419,12.898
Lisbon,Port,SSP2-4.5,+Geoid,2051,0.456,47355886.00,27060506.00,74416392.00,548036339.00,313163623.00,861199958.00,0.4239,13.53
Lisbon,Port,SSP2-4.5,+Geoid,2052,0.462,49676724.00,28386699.00,78063423.00,597713063.00,341550322.00,939263381.00,0.4067,14.193
Lisbon,Port,SSP2-4.5,+Geoid,2053,0.468,52109275.00,29776729.00,81886004.00,649822338.00,371327051.00,1021149385.00,0.3901,14.888
Lisbon,Port,SSP2-4.5,+Geoid,2054,0.474,54658843.00,31233624.00,85892467.00,704481181.00,402560675.00,1107041852.00,0.3742,15.617
Lisbon,Port,SSP2-4.5,+Geoid,2055,0.48,57330978.00,32760559.00,90091537.00,761812158.00,435321234.00,1197133389.00,0.359,16.38
Lisbon,Port,SSP2-4.5,+Geoid,2056,0.486,60131493.00,34360853.00,94492346.00,821943652.00,469682087.00,1291625735.00,0.3443,17.18
Lisbon,Port,SSP2-4.5,+Geoid,2057,0.492,63066473.00,36037985.00,99104458.00,885010125.00,505720072.00,1390730193.00,0.3303,18.019
Lisbon,Port,SSP2-4.5,+Geoid,2058,0.498,66142288.00,37795593.00,103937881.00,951152413.00,543515665.00,1494668074.00,0.3169,18.898
Lisbon,Port,SSP2-4.5,+Geoid,2059,0.504,69365606.00,39637489.00,109003095.00,1020518019.00,583153154.00,1603671169.00,0.304,19.819
Lisbon,Port,SSP2-4.5,+Geoid,2060,0.51,72743408.00,41567662.00,114311070.00,1093261428.00,624720816.00,1717982239.00,0.2916,20.784
Lisbon,Port,SSP2-4.5,+Geoid,2061,0.516,76283003.00,43590287.00,119873290.00,1169544430.00,668311103.00,1837855529.00,0.2797,21.795
Lisbon,Port,SSP2-4.5,+Geoid,2062,0.522,79992039.00,45709737.00,125701776.00,1249536470.00,714020840.00,1963557305.00,0.2683,22.855
Lisbon,Port,SSP2-4.5,+Geoid,2063,0.528,83878525.00,47930586.00,131809111.00,1333414995.00,761951426.00,2095366416.00,0.2574,23.965
Lisbon,Port,SSP2-4.5,+Geoid,2064,0.534,87950844.00,50257625.00,138208469.00,1421365839.00,812209051.00,2233574885.00,0.2469,25.129
Lisbon,Port,SSP2-4.5,+Geoid,2065,0.54,92217769.00,52695868.00,144913637.00,1513583608.00,864904919.00,2378488522.00,0.2368,26.348
Lisbon,Port,SSP2-4.5,+Geoid,2066,0.546,96688485.00,55250563.00,151939048.00,1610272093.00,920155482.00,2530427570.00,0.2272,27.625
Lisbon,Port,SSP2-4.5,+Geoid,2067,0.552,101372606.00,57927203.00,159299809.00,1711644698.00,978082685.00,2689727379.00,0.2179,28.964
Lisbon,Port,SSP2-4.5,+Geoid,2068,0.558,106280194.00,60731539.00,167011733.00,1817924892.00,1038814224.00,2856739112.00,0.2091,30.366
Lisbon,Port,SSP2-4.5,+Geoid,2069,0.564,111421782.00,63669589.00,175091371.00,1929346674.00,1102483813.00,3031830483.00,0.2005,31.835
Lisbon,Port,SSP2-4.5,+Geoid,2070,0.57,116808393.00,66747653.00,183556046.00,2046155067.00,1169231466.00,3215386529.00,0.1924,33.374
Lisbon,Port,SSP2-4.5,+Geoid,2071,0.576,122451565.00,69972323.00,192423888.00,2168606632.00,1239203789.00,3407810417.00,0.1845,34.986
Lisbon,Port,SSP2-4.5,+Geoid,2072,0.582,128363376.00,73350501.00,201713876.00,2296970008.00,1312554290.00,3609524293.00,0.177,36.675
Lisbon,Port,SSP2-4.5,+Geoid,2073,0.588,134556464.00,76889408.00,211445871.00,2431526471.00,1389443698.00,3820970164.00,0.1698,38.445
Lisbon,Port,SSP2-4.5,+Geoid,2074,0.594,141044057.00,80596604.00,221640661.00,2572570528.00,1470040302.00,4042610825.00,0.1629,40.298
Lisbon,Port,SSP2-4.5,+Geoid,2075,0.6,147840000.00,84480000.00,232320000.00,2720410528.00,1554520302.00,4274930825.00,0.1563,42.24
Lisbon,Port,SSP2-4.5,+Geoid,2076,0.606,154958782.00,88547876.00,243506658.00,2875369311.00,1643068178.00,4518437483.00,0.1499,44.274
Lisbon,Port,SSP2-4.5,+Geoid,2077,0.612,162415568.00,92808896.00,255224464.00,3037784879.00,1735877074.00,4773661947.00,0.1438,46.404
Lisbon,Port,SSP2-4.5,+Geoid,2078,0.618,170226226.00,97272129.00,267498356.00,3208011105.00,1833149203.00,5041160303.00,0.1379,48.636
Lisbon,Port,SSP2-4.5,+Geoid,2079,0.624,178407365.00,101947066.00,280354431.00,3386418470.00,1935096269.00,5321514734.00,0.1323,50.974
Lisbon,Port,SSP2-4.5,+Geoid,2080,0.63,186976364.00,106843637.00,293820001.00,3573394834.00,2041939906.00,5615334735.00,0.1269,53.422
Lisbon,Port,SSP2-4.5,+Geoid,2081,0.636,195951413.00,111972236.00,307923648.00,3769346247.00,2153912142.00,5923258383.00,0.1217,55.986
Lisbon,Port,SSP2-4.5,+Geoid,2082,0.642,205351543.00,117343739.00,322695282.00,3974697790.00,2271255881.00,6245953665.00,0.1168,58.672
Lisbon,Port,SSP2-4.5,+Geoid,2083,0.648,215196674.00,122969528.00,338166202.00,4189894464.00,2394225409.00,6584119867.00,0.112,61.485
Lisbon,Port,SSP2-4.5,+Geoid,2084,0.654,225507648.00,128861513.00,354369161.00,4415402112.00,2523086922.00,6938489028.00,0.1075,64.431
Lisbon,Port,SSP2-4.5,+Geoid,2085,0.66,236306276.00,135032157.00,371338433.00,4651708388.00,2658119079.00,7309827461.00,0.1031,67.516
Lisbon,Port,SSP2-4.5,+Geoid,2086,0.666,247615380.00,141494503.00,389109883.00,4899323768.00,2799613582.00,7698937344.00,0.0989,70.747
Lisbon,Port,SSP2-4.5,+Geoid,2087,0.672,259458843.00,148262196.00,407721039.00,5158782611.00,2947875778.00,8106658383.00,0.0949,74.131
Lisbon,Port,SSP2-4.5,+Geoid,2088,0.678,271861655.00,155349517.00,427211172.00,5430644265.00,3103225295.00,8533869555.00,0.091,77.675
Lisbon,Port,SSP2-4.5,+Geoid,2089,0.684,284849963.00,162771407.00,447621371.00,5715494228.00,3265996702.00,8981490926.00,0.0873,81.386
Lisbon,Port,SSP2-4.5,+Geoid,2090,0.69,298451129.00,170543502.00,468994631.00,6013945357.00,3436540204.00,9450485557.00,0.0837,85.272
Lisbon,Port,SSP2-4.5,+Geoid,2091,0.696,312693781.00,178682161.00,491375942.00,6326639139.00,3615222365.00,9941861499.00,0.0803,89.341
Lisbon,Port,SSP2-4.5,+Geoid,2092,0.702,327607874.00,187204500.00,514812374.00,6654247013.00,3802426865.00,10456673873.00,0.077,93.602
Lisbon,Port,SSP2-4.5,+Geoid,2093,0.708,343224751.00,196128429.00,539353180.00,6997471764.00,3998555294.00,10996027053.00,0.0739,98.064
Lisbon,Port,SSP2-4.5,+Geoid,2094,0.714,359577204.00,205472688.00,565049891.00,7357048967.00,4204027982.00,11561076944.00,0.0709,102.736
Lisbon,Port,SSP2-4.5,+Geoid,2095,0.72,376699544.00,215256882.00,591956426.00,7733748511.00,4419284864.00,12153033370.00,0.068,107.628
Lisbon,Port,SSP2-4.5,+Geoid,2096,0.726,394627670.00,225501526.00,620129196.00,8128376181.00,4644786390.00,12773162566.00,0.0652,112.751
Lisbon,Port,SSP2-4.5,+Geoid,2097,0.732,413399142.00,236228081.00,649627223.00,8541775323.00,4881014471.00,13422789789.00,0.0626,118.114
Lisbon,Port,SSP2-4.5,+Geoid,2098,0.738,433053255.00,247459003.00,680512258.00,8974828578.00,5128473474.00,14103302047.00,0.06,123.73
Lisbon,Port,SSP2-4.5,+Geoid,2099,0.744,453631123.00,259217784.00,712848907.00,9428459701.00,5387691258.00,14816150954.00,0.0576,129.609
Lisbon,Port,SSP2-4.5,+Geoid,2100,0.75,475175757.00,271529004.00,746704761.00,9903635458.00,5659220262.00,15562855715.00,0.0552,135.765
Lisbon,Port,SSP5-8.5,Baseline,2025,0.065,1861818.00,1063896.00,2925714.00,1861818.00,1063896.00,2925714.00,6.3728,0.532
Lisbon,Port,SSP5-8.5,Baseline,2026,0.078,2084253.00,1191002.00,3275255.00,3946072.00,2254898.00,6200969.00,5.8237,0.596
Lisbon,Port,SSP5-8.5,Baseline,2027,0.091,2332083.00,1332619.00,3664702.00,6278155.00,3587517.00,9865671.00,5.3219,0.666
Lisbon,Port,SSP5-8.5,Baseline,2028,0.104,2608119.00,1490354.00,4098473.00,8886274.00,5077871.00,13964144.00,4.8633,0.745
Lisbon,Port,SSP5-8.5,Baseline,2029,0.117,2915477.00,1665987.00,4581463.00,11801751.00,6743858.00,18545607.00,4.4442,0.833
Lisbon,Port,SSP5-8.5,Baseline,2030,0.13,3257608.00,1861490.00,5119098.00,15059359.00,8605348.00,23664705.00,4.0613,0.931
Lisbon,Port,SSP5-8.5,Baseline,2031,0.1435,3653809.00,2087891.00,5741700.00,18713168.00,10693239.00,29406405.00,3.6985,1.044
Lisbon,Port,SSP5-8.5,Baseline,2032,0.157,4096394.00,2340797.00,6437191.00,22809562.00,13034036.00,35843596.00,3.3681,1.17
Lisbon,Port,SSP5-8.5,Baseline,2033,0.1705,4590650.00,2623229.00,7213879.00,27400213.00,15657265.00,43057475.00,3.0672,1.312
Lisbon,Port,SSP5-8.5,Baseline,2034,0.184,5142456.00,2938546.00,8081002.00,32542669.00,18595811.00,51138477.00,2.7932,1.469
Lisbon,Port,SSP5-8.5,Baseline,2035,0.1975,5758346.00,3290483.00,9048829.00,38301015.00,21886294.00,60187306.00,2.5437,1.645
Lisbon,Port,SSP5-8.5,Baseline,2036,0.211,6445583.00,3683190.00,10128773.00,44746598.00,25569484.00,70316079.00,2.3165,1.842
Lisbon,Port,SSP5-8.5,Baseline,2037,0.2245,7212238.00,4121279.00,11333516.00,51958835.00,29690763.00,81649595.00,2.1095,2.061
Lisbon,Port,SSP5-8.5,Baseline,2038,0.238,8067278.00,4609873.00,12677152.00,60026114.00,34300636.00,94326747.00,1.9211,2.305
Lisbon,Port,SSP5-8.5,Baseline,2039,0.2515,9020668.00,5154668.00,14175336.00,69046782.00,39455304.00,108502083.00,1.7495,2.577
Lisbon,Port,SSP5-8.5,Baseline,2040,0.265,10083475.00,5761986.00,15845460.00,79130257.00,45217290.00,124347543.00,1.5932,2.881
Lisbon,Port,SSP5-8.5,Baseline,2041,0.2785,11267990.00,6438851.00,17706841.00,90398247.00,51656141.00,142054384.00,1.4509,3.219
Lisbon,Port,SSP5-8.5,Baseline,2042,0.292,12587865.00,7193065.00,19780930.00,102986111.00,58849206.00,161835314.00,1.3213,3.597
Lisbon,Port,SSP5-8.5,Baseline,2043,0.3055,14058257.00,8033290.00,22091547.00,117044368.00,66882496.00,183926861.00,1.2032,4.017
Lisbon,Port,SSP5-8.5,Baseline,2044,0.319,15695996.00,8969141.00,24665137.00,132740364.00,75851637.00,208591998.00,1.0958,4.485
Lisbon,Port,SSP5-8.5,Baseline,2045,0.3325,17519765.00,10011294.00,27531059.00,150260129.00,85862931.00,236123057.00,0.9979,5.006
Lisbon,Port,SSP5-8.5,Baseline,2046,0.346,19550301.00,11171600.00,30721901.00,169810430.00,97034531.00,266844958.00,0.9087,5.586
Lisbon,Port,SSP5-8.5,Baseline,2047,0.3595,21810620.00,12463211.00,34273831.00,191621050.00,109497742.00,301118789.00,0.8276,6.232
Lisbon,Port,SSP5-8.5,Baseline,2048,0.373,24326264.00,13900722.00,38226987.00,215947314.00,123398464.00,339345776.00,0.7536,6.95
Lisbon,Port,SSP5-8.5,Baseline,2049,0.3865,27125576.00,15500329.00,42625905.00,243072890.00,138898793.00,381971681.00,0.6863,7.75
Lisbon,Port,SSP5-8.5,Baseline,2050,0.4,30240000.00,17280000.00,47520000.00,273312890.00,156178793.00,429491681.00,0.625,8.64
Lisbon,Port,SSP5-8.5,Baseline,2051,0.412,33301034.00,19029162.00,52330196.00,306613924.00,175207955.00,481821877.00,0.5751,9.515
Lisbon,Port,SSP5-8.5,Baseline,2052,0.424,36665571.00,20951755.00,57617325.00,343279494.00,196159710.00,539439202.00,0.5292,10.476
Lisbon,Port,SSP5-8.5,Baseline,2053,0.436,40363231.00,23064703.00,63427935.00,383642726.00,219224413.00,602867137.00,0.487,11.532
Lisbon,Port,SSP5-8.5,Baseline,2054,0.448,44426491.00,25386566.00,69813057.00,428069217.00,244610979.00,672680194.00,0.4481,12.693
Lisbon,Port,SSP5-8.5,Baseline,2055,0.46,48890954.00,27937688.00,76828641.00,476960170.00,272548667.00,749508835.00,0.4123,13.969
Lisbon,Port,SSP5-8.5,Baseline,2056,0.472,53795648.00,30740370.00,84536018.00,530755818.00,303289037.00,834044853.00,0.3794,15.37
Lisbon,Port,SSP5-8.5,Baseline,2057,0.484,59183354.00,33819059.00,93002413.00,589939172.00,337108096.00,927047266.00,0.3492,16.91
Lisbon,Port,SSP5-8.5,Baseline,2058,0.496,65100963.00,37200550.00,102301513.00,655040134.00,374308646.00,1029348779.00,0.3213,18.6
Lisbon,Port,SSP5-8.5,Baseline,2059,0.508,71599865.00,40914209.00,112514074.00,726640000.00,415222855.00,1141862853.00,0.2956,20.457
Lisbon,Port,SSP5-8.5,Baseline,2060,0.52,78736380.00,44992217.00,123728597.00,805376380.00,460215072.00,1265591450.00,0.272,22.496
Lisbon,Port,SSP5-8.5,Baseline,2061,0.532,86572223.00,49469842.00,136042065.00,891948603.00,509684914.00,1401633515.00,0.2503,24.735
Lisbon,Port,SSP5-8.5,Baseline,2062,0.544,95175018.00,54385725.00,149560743.00,987123621.00,564070639.00,1551194258.00,0.2304,27.193
Lisbon,Port,SSP5-8.5,Baseline,2063,0.556,104618861.00,59782206.00,164401068.00,1091742482.00,623852845.00,1715595326.00,0.212,29.891
Lisbon,Port,SSP5-8.5,Baseline,2064,0.568,114984929.00,65705674.00,180690603.00,1206727412.00,689558519.00,1896285929.00,0.1951,32.853
Lisbon,Port,SSP5-8.5,Baseline,2065,0.58,126362155.00,72206946.00,198569101.00,1333089567.00,761765465.00,2094855030.00,0.1795,36.103
Lisbon,Port,SSP5-8.5,Baseline,2066,0.592,138847961.00,79341692.00,218189653.00,1471937528.00,841107157.00,2313044683.00,0.1652,39.671
Lisbon,Port,SSP5-8.5,Baseline,2067,0.604,152549062.00,87170893.00,239719955.00,1624486590.00,928278050.00,2552764638.00,0.152,43.585
Lisbon,Port,SSP5-8.5,Baseline,2068,0.616,167582345.00,95761340.00,263343685.00,1792068935.00,1024039390.00,2816108323.00,0.1398,47.881
Lisbon,Port,SSP5-8.5,Baseline,2069,0.628,184075830.00,105186189.00,289262018.00,1976144765.00,1129225579.00,3105370341.00,0.1287,52.593
Lisbon,Port,SSP5-8.5,Baseline,2070,0.64,202169724.00,115525557.00,317695281.00,2178314489.00,1244751136.00,3423065622.00,0.1184,57.763
Lisbon,Port,SSP5-8.5,Baseline,2071,0.652,222017570.00,126867183.00,348884753.00,2400332060.00,1371618319.00,3771950375.00,0.109,63.434
Lisbon,Port,SSP5-8.5,Baseline,2072,0.664,243787507.00,139307147.00,383094654.00,2644119567.00,1510925466.00,4155045029.00,0.1003,69.654
Lisbon,Port,SSP5-8.5,Baseline,2073,0.676,267663645.00,152950654.00,420614299.00,2911783211.00,1663876120.00,4575659328.00,0.0923,76.475
Lisbon,Port,SSP5-8.5,Baseline,2074,0.688,293847571.00,167912898.00,461760469.00,3205630782.00,1831789018.00,5037419797.00,0.0849,83.956
Lisbon,Port,SSP5-8.5,Baseline,2075,0.7,322560000.00,184320000.00,506880000.00,3528190782.00,2016109018.00,5544299797.00,0.0781,92.16
Lisbon,Port,SSP5-8.5,Baseline,2076,0.712,354042569.00,202310040.00,556352609.00,3882233352.00,2218419058.00,6100652406.00,0.0719,101.155
Lisbon,Port,SSP5-8.5,Baseline,2077,0.724,388559813.00,222034179.00,610593991.00,4270793164.00,2440453237.00,6711246397.00,0.0662,111.017
Lisbon,Port,SSP5-8.5,Baseline,2078,0.736,426401313.00,243657893.00,670059207.00,4697194478.00,2684111130.00,7381305604.00,0.0609,121.829
Lisbon,Port,SSP5-8.5,Baseline,2079,0.748,467884058.00,267362319.00,735246376.00,5165078535.00,2951473449.00,8116551980.00,0.056,133.681
Lisbon,Port,SSP5-8.5,Baseline,2080,0.76,513355012.00,293345721.00,806700734.00,5678433548.00,3244819170.00,8923252714.00,0.0515,146.673
Lisbon,Port,SSP5-8.5,Baseline,2081,0.772,563193939.00,321825108.00,885019047.00,6241627487.00,3566644278.00,9808271761.00,0.0474,160.913
Lisbon,Port,SSP5-8.5,Baseline,2082,0.784,617816474.00,353037985.00,970854459.00,6859443961.00,3919682263.00,10779126220.00,0.0436,176.519
Lisbon,Port,SSP5-8.5,Baseline,2083,0.796,677677492.00,387244281.00,1064921774.00,7537121453.00,4306926544.00,11844047994.00,0.0402,193.622
Lisbon,Port,SSP5-8.5,Baseline,2084,0.808,743274791.00,424728452.00,1168003244.00,8280396245.00,4731654996.00,13012051238.00,0.037,212.364
Lisbon,Port,SSP5-8.5,Baseline,2085,0.82,815153111.00,465801778.00,1280954889.00,9095549356.00,5197456774.00,14293006127.00,0.034,232.901
Lisbon,Port,SSP5-8.5,Baseline,2086,0.832,893908534.00,510804877.00,1404713411.00,9989457890.00,5708261651.00,15697719538.00,0.0313,255.402
Lisbon,Port,SSP5-8.5,Baseline,2087,0.844,980193294.00,560110454.00,1540303747.00,10969651184.00,6268372105.00,17238023285.00,0.0288,280.055
Lisbon,Port,SSP5-8.5,Baseline,2088,0.856,1074721030.00,614126303.00,1688847333.00,12044372214.00,6882498408.00,18926870618.00,0.0265,307.063
Lisbon,Port,SSP5-8.5,Baseline,2089,0.868,1178272535.00,673298591.00,1851571126.00,13222644748.00,7555796999.00,20778441744.00,0.0244,336.649
Lisbon,Port,SSP5-8.5,Baseline,2090,0.88,1277500000.00,730000000.00,2007500000.00,14500144748.00,8285796999.00,22785941744.00,0.0224,365.0
Lisbon,Port,SSP5-8.5,Baseline,2091,0.892,1277500000.00,730000000.00,2007500000.00,15777644748.00,9015796999.00,24793441744.00,0.0206,365.0
Lisbon,Port,SSP5-8.5,Baseline,2092,0.904,1277500000.00,730000000.00,2007500000.00,17055144748.00,9745796999.00,26800941744.00,0.019,365.0
Lisbon,Port,SSP5-8.5,Baseline,2093,0.916,1277500000.00,730000000.00,2007500000.00,18332644748.00,10475796999.00,28808441744.00,0.0175,365.0
Lisbon,Port,SSP5-8.5,Baseline,2094,0.928,1277500000.00,730000000.00,2007500000.00,19610144748.00,11205796999.00,30815941744.00,0.0161,365.0
Lisbon,Port,SSP5-8.5,Baseline,2095,0.94,1277500000.00,730000000.00,2007500000.00,20887644748.00,11935796999.00,32823441744.00,0.0148,365.0
Lisbon,Port,SSP5-8.5,Baseline,2096,0.952,1277500000.00,730000000.00,2007500000.00,22165144748.00,12665796999.00,34830941744.00,0.0136,365.0
Lisbon,Port,SSP5-8.5,Baseline,2097,0.964,1277500000.00,730000000.00,2007500000.00,23442644748.00,13395796999.00,36838441744.00,0.0125,365.0
Lisbon,Port,SSP5-8.5,Baseline,2098,0.976,1277500000.00,730000000.00,2007500000.00,24720144748.00,14125796999.00,38845941744.00,0.0115,365.0
Lisbon,Port,SSP5-8.5,Baseline,2099,0.988,1277500000.00,730000000.00,2007500000.00,25997644748.00,14855796999.00,40853441744.00,0.0106,365.0
Lisbon,Port,SSP5-8.5,Baseline,2100,1.0,1277500000.00,730000000.00,2007500000.00,27275144748.00,15585796999.00,42860941744.00,0.0098,365.0
Lisbon,Port,SSP5-8.5,+Geoid,2025,0.14,3546837.00,2026764.00,5573601.00,3546837.00,2026764.00,5573601.00,3.7893,1.013
Lisbon,Port,SSP5-8.5,+Geoid,2026,0.168,4494963.00,2568550.00,7063514.00,8041801.00,4595314.00,12637115.00,3.1208,1.284
Lisbon,Port,SSP5-8.5,+Geoid,2027,0.196,5686530.00,3249446.00,8935976.00,13728330.00,7844760.00,21573091.00,2.5703,1.625
Lisbon,Port,SSP5-8.5,+Geoid,2028,0.224,7182325.00,4104186.00,11286511.00,20910655.00,11948946.00,32859602.00,2.1169,2.052
Lisbon,Port,SSP5-8.5,+Geoid,2029,0.252,9058009.00,5176005.00,14234013.00,29968664.00,17124951.00,47093615.00,1.7434,2.588
Lisbon,Port,SSP5-8.5,+Geoid,2030,0.28,11407695.00,6518683.00,17926377.00,41376359.00,23643634.00,65019992.00,1.4359,3.259
Lisbon,Port,SSP5-8.5,+Geoid,2031,0.2935,12743516.00,7282009.00,20025525.00,54119874.00,30925643.00,85045517.00,1.3076,3.641
Lisbon,Port,SSP5-8.5,+Geoid,2032,0.307,14231639.00,8132365.00,22364004.00,68351513.00,39058008.00,107409521.00,1.1908,4.066
Lisbon,Port,SSP5-8.5,+Geoid,2033,0.3205,15889090.00,9079480.00,24968569.00,84240603.00,48137488.00,132378090.00,1.0844,4.54
Lisbon,Port,SSP5-8.5,+Geoid,2034,0.334,17734769.00,10134154.00,27868922.00,101975372.00,58271642.00,160247012.00,0.9876,5.067
Lisbon,Port,SSP5-8.5,+Geoid,2035,0.3475,19789656.00,11308375.00,31098030.00,121765027.00,69580017.00,191345042.00,0.8993,5.654
Lisbon,Port,SSP5-8.5,+Geoid,2036,0.361,22077034.00,12615448.00,34692482.00,143842062.00,82195465.00,226037524.00,0.819,6.308
Lisbon,Port,SSP5-8.5,+Geoid,2037,0.3745,24622744.00,14070139.00,38692883.00,168464805.00,96265604.00,264730407.00,0.7458,7.035
Lisbon,Port,SSP5-8.5,+Geoid,2038,0.388,27455455.00,15688831.00,43144286.00,195920260.00,111954435.00,307874693.00,0.6792,7.844
Lisbon,Port,SSP5-8.5,+Geoid,2039,0.4015,30606978.00,17489702.00,48096680.00,226527239.00,129444137.00,355971373.00,0.6185,8.745
Lisbon,Port,SSP5-8.5,+Geoid,2040,0.415,34112604.00,19492916.00,53605520.00,260639842.00,148937053.00,409576893.00,0.5633,9.746
Lisbon,Port,SSP5-8.5,+Geoid,2041,0.4285,38011476.00,21720843.00,59732319.00,298651318.00,170657896.00,469309212.00,0.513,10.86
Lisbon,Port,SSP5-8.5,+Geoid,2042,0.442,42347013.00,24198293.00,66545306.00,340998331.00,194856189.00,535854518.00,0.4671,12.099
Lisbon,Port,SSP5-8.5,+Geoid,2043,0.4555,47167365.00,26952780.00,74120145.00,388165696.00,221808969.00,609974663.00,0.4254,13.476
Lisbon,Port,SSP5-8.5,+Geoid,2044,0.469,52525930.00,30014817.00,82540747.00,440691626.00,251823786.00,692515410.00,0.3874,15.007
Lisbon,Port,SSP5-8.5,+Geoid,2045,0.4825,58481915.00,33418237.00,91900152.00,499173541.00,285242023.00,784415562.00,0.3528,16.709
Lisbon,Port,SSP5-8.5,+Geoid,2046,0.496,65100963.00,37200550.00,102301513.00,564274504.00,322442573.00,886717075.00,0.3213,18.6
Lisbon,Port,SSP5-8.5,+Geoid,2047,0.5095,72455848.00,41403342.00,113859190.00,636730352.00,363845915.00,1000576265.00,0.2926,20.702
Lisbon,Port,SSP5-8.5,+Geoid,2048,0.523,80627242.00,46072710.00,126699952.00,717357594.00,409918625.00,1127276217.00,0.2664,23.036
Lisbon,Port,SSP5-8.5,+Geoid,2049,0.5365,89704562.00,51259749.00,140964311.00,807062156.00,461178374.00,1268240528.00,0.2426,25.63
Lisbon,Port,SSP5-8.5,+Geoid,2050,0.55,99786909.00,57021091.00,156808000.00,906849065.00,518199465.00,1425048528.00,0.221,28.511
Lisbon,Port,SSP5-8.5,+Geoid,2051,0.562,109681249.00,62674999.00,172356248.00,1016530314.00,580874464.00,1597404776.00,0.2033,31.337
Lisbon,Port,SSP5-8.5,+Geoid,2052,0.574,120541267.00,68880724.00,189421991.00,1137071581.00,649755188.00,1786826767.00,0.1871,34.44
Lisbon,Port,SSP5-8.5,+Geoid,2053,0.586,132460044.00,75691454.00,208151498.00,1269531625.00,725446642.00,1994978265.00,0.1722,37.846
Lisbon,Port,SSP5-8.5,+Geoid,2054,0.598,145539544.00,83165454.00,228704997.00,1415071168.00,808612096.00,2223683262.00,0.1584,41.583
Lisbon,Port,SSP5-8.5,+Geoid,2055,0.61,159891452.00,91366544.00,251257996.00,1574962620.00,899978640.00,2474941258.00,0.1458,45.683
Lisbon,Port,SSP5-8.5,+Geoid,2056,0.622,175638098.00,100364627.00,276002725.00,1750600718.00,1000343267.00,2750943983.00,0.1342,50.182
Lisbon,Port,SSP5-8.5,+Geoid,2057,0.634,192913456.00,110236261.00,303149717.00,1943514174.00,1110579528.00,3054093700.00,0.1234,55.118
Lisbon,Port,SSP5-8.5,+Geoid,2058,0.646,211864252.00,121065287.00,332929539.00,2155378426.00,1231644815.00,3387023239.00,0.1136,60.533
Lisbon,Port,SSP5-8.5,+Geoid,2059,0.658,232651162.00,132943521.00,365594683.00,2388029588.00,1364588336.00,3752617922.00,0.1045,66.472
Lisbon,Port,SSP5-8.5,+Geoid,2060,0.67,255450130.00,145971503.00,401421632.00,2643479718.00,1510559839.00,4154039554.00,0.0962,72.986
Lisbon,Port,SSP5-8.5,+Geoid,2061,0.682,280453808.00,160259319.00,440713127.00,2923933526.00,1670819158.00,4594752681.00,0.0885,80.13
Lisbon,Port,SSP5-8.5,+Geoid,2062,0.694,307873133.00,175927505.00,483800638.00,3231806659.00,1846746663.00,5078553319.00,0.0814,87.964
Lisbon,Port,SSP5-8.5,+Geoid,2063,0.706,337939045.00,193108025.00,531047070.00,3569745704.00,2039854688.00,5609600389.00,0.0749,96.554
Lisbon,Port,SSP5-8.5,+Geoid,2064,0.718,370904371.00,211945355.00,582849727.00,3940650075.00,2251800043.00,6192450116.00,0.069,105.973
Lisbon,Port,SSP5-8.5,+Geoid,2065,0.73,407045891.00,232597652.00,639643542.00,4347695966.00,2484397695.00,6832093658.00,0.0635,116.299
Lisbon,Port,SSP5-8.5,+Geoid,2066,0.742,446666579.00,255238045.00,701904624.00,4794362545.00,2739635740.00,7533998282.00,0.0584,127.619
Lisbon,Port,SSP5-8.5,+Geoid,2067,0.754,490098077.00,280056044.00,770154121.00,5284460622.00,3019691784.00,8304152403.00,0.0537,140.028
Lisbon,Port,SSP5-8.5,+Geoid,2068,0.766,537703381.00,307259075.00,844962456.00,5822164003.00,3326950859.00,9149114859.00,0.0494,153.63
Lisbon,Port,SSP5-8.5,+Geoid,2069,0.778,589879787.00,337074164.00,926953951.00,6412043790.00,3664025023.00,10076068810.00,0.0455,168.537
Lisbon,Port,SSP5-8.5,+Geoid,2070,0.79,647062112.00,369749778.00,1016811890.00,7059105902.00,4033774801.00,11092880700.00,0.0419,184.875
Lisbon,Port,SSP5-8.5,+Geoid,2071,0.802,709726210.00,405557835.00,1115284045.00,7768832112.00,4439332636.00,12208164745.00,0.0385,202.779
Lisbon,Port,SSP5-8.5,+Geoid,2072,0.814,778392826.00,444795901.00,1223188727.00,8547224938.00,4884128537.00,13431353472.00,0.0354,222.398
Lisbon,Port,SSP5-8.5,+Geoid,2073,0.826,853631795.00,487789597.00,1341421393.00,9400856734.00,5371918134.00,14772774865.00,0.0326,243.895
Lisbon,Port,SSP5-8.5,+Geoid,2074,0.838,936066648.00,534895228.00,1470961876.00,10336923382.00,5906813362.00,16243736741.00,0.03,267.448
Lisbon,Port,SSP5-8.5,+Geoid,2075,0.85,1026379635.00,586502649.00,1612882284.00,11363303017.00,6493316011.00,17856619025.00,0.0276,293.251
Lisbon,Port,SSP5-8.5,+Geoid,2076,0.862,1125317221.00,643038412.00,1768355633.00,12488620238.00,7136354423.00,19624974658.00,0.0254,321.519
Lisbon,Port,SSP5-8.5,+Geoid,2077,0.874,1233696094.00,704969196.00,1938665290.00,13722316331.00,7841323619.00,21563639948.00,0.0234,352.485
Lisbon,Port,SSP5-8.5,+Geoid,2078,0.886,1277500000.00,730000000.00,2007500000.00,14999816331.00,8571323619.00,23571139948.00,0.0215,365.0
Lisbon,Port,SSP5-8.5,+Geoid,2079,0.898,1277500000.00,730000000.00,2007500000.00,16277316331.00,9301323619.00,25578639948.00,0.0198,365.0
Lisbon,Port,SSP5-8.5,+Geoid,2080,0.91,1277500000.00,730000000.00,2007500000.00,17554816331.00,10031323619.00,27586139948.00,0.0182,365.0
Lisbon,Port,SSP5-8.5,+Geoid,2081,0.922,1277500000.00,730000000.00,2007500000.00,18832316331.00,10761323619.00,29593639948.00,0.0168,365.0
Lisbon,Port,SSP5-8.5,+Geoid,2082,0.934,1277500000.00,730000000.00,2007500000.00,20109816331.00,11491323619.00,31601139948.00,0.0154,365.0
Lisbon,Port,SSP5-8.5,+Geoid,2083,0.946,1277500000.00,730000000.00,2007500000.00,21387316331.00,12221323619.00,33608639948.00,0.0142,365.0
Lisbon,Port,SSP5-8.5,+Geoid,2084,0.958,1277500000.00,730000000.00,2007500000.00,22664816331.00,12951323619.00,35616139948.00,0.0131,365.0
Lisbon,Port,SSP5-8.5,+Geoid,2085,0.97,1277500000.00,730000000.00,2007500000.00,23942316331.00,13681323619.00,37623639948.00,0.012,365.0
Lisbon,Port,SSP5-8.5,+Geoid,2086,0.982,1277500000.00,730000000.00,2007500000.00,25219816331.00,14411323619.00,39631139948.00,0.0111,365.0
Lisbon,Port,SSP5-8.5,+Geoid,2087,0.994,1277500000.00,730000000.00,2007500000.00,26497316331.00,15141323619.00,41638639948.00,0.0102,365.0
Lisbon,Port,SSP5-8.5,+Geoid,2088,1.006,1277500000.00,730000000.00,2007500000.00,27774816331.00,15871323619.00,43646139948.00,0.0094,365.0
Lisbon,Port,SSP5-8.5,+Geoid,2089,1.018,1277500000.00,730000000.00,2007500000.00,29052316331.00,16601323619.00,45653639948.00,0.0086,365.0
Lisbon,Port,SSP5-8.5,+Geoid,2090,1.03,1277500000.00,730000000.00,2007500000.00,30329816331.00,17331323619.00,47661139948.00,0.0079,365.0
Lisbon,Port,SSP5-8.5,+Geoid,2091,1.042,1277500000.00,730000000.00,2007500000.00,31607316331.00,18061323619.00,49668639948.00,0.0073,365.0
Lisbon,Port,SSP5-8.5,+Geoid,2092,1.054,1277500000.00,730000000.00,2007500000.00,32884816331.00,18791323619.00,51676139948.00,0.0067,365.0
Lisbon,Port,SSP5-8.5,+Geoid,2093,1.066,1277500000.00,730000000.00,2007500000.00,34162316331.00,19521323619.00,53683639948.00,0.0062,365.0
Lisbon,Port,SSP5-8.5,+Geoid,2094,1.078,1277500000.00,730000000.00,2007500000.00,35439816331.00,20251323619.00,55691139948.00,0.0057,365.0
Lisbon,Port,SSP5-8.5,+Geoid,2095,1.09,1277500000.00,730000000.00,2007500000.00,36717316331.00,20981323619.00,57698639948.00,0.0052,365.0
Lisbon,Port,SSP5-8.5,+Geoid,2096,1.102,1277500000.00,730000000.00,2007500000.00,37994816331.00,21711323619.00,59706139948.00,0.0048,365.0
Lisbon,Port,SSP5-8.5,+Geoid,2097,1.114,1277500000.00,730000000.00,2007500000.00,39272316331.00,22441323619.00,61713639948.00,0.0044,365.0
Lisbon,Port,SSP5-8.5,+Geoid,2098,1.126,1277500000.00,730000000.00,2007500000.00,40549816331.00,23171323619.00,63721139948.00,0.0041,365.0
Lisbon,Port,SSP5-8.5,+Geoid,2099,1.138,1277500000.00,730000000.00,2007500000.00,41827316331.00,23901323619.00,65728639948.00,0.0038,365.0
Lisbon,Port,SSP5-8.5,+Geoid,2100,1.15,1277500000.00,730000000.00,2007500000.00,43104816331.00,24631323619.00,67736139948.00,0.0035,365.0
Setúbal,Port,SSP1-2.6,Baseline,2025,0.035,852362.00,511417.00,1534252.00,852362.00,511417.00,1534252.00,9.415,0.341
Setúbal,Port,SSP1-2.6,Baseline,2026,0.042,906446.00,543868.00,1631603.00,1758808.00,1055285.00,3165855.00,8.9691,0.363
Setúbal,Port,SSP1-2.6,Baseline,2027,0.049,963800.00,578280.00,1734841.00,2722609.00,1633565.00,4900696.00,8.5443,0.386
Setúbal,Port,SSP1-2.6,Baseline,2028,0.056,1024617.00,614770.00,1844311.00,3747226.00,2248335.00,6745007.00,8.1396,0.41
Setúbal,Port,SSP1-2.6,Baseline,2029,0.063,1089099.00,653459.00,1960378.00,4836325.00,2901794.00,8705385.00,7.7541,0.436
Setúbal,Port,SSP1-2.6,Baseline,2030,0.07,1157460.00,694476.00,2083427.00,5993784.00,3596270.00,10788812.00,7.3869,0.463
Setúbal,Port,SSP1-2.6,Baseline,2031,0.0765,1224609.00,734765.00,2204295.00,7218393.00,4331035.00,12993107.00,7.0614,0.49
Setúbal,Port,SSP1-2.6,Baseline,2032,0.083,1295488.00,777293.00,2331879.00,8513881.00,5108328.00,15324986.00,6.7504,0.518
Setúbal,Port,SSP1-2.6,Baseline,2033,0.0895,1370300.00,822180.00,2466540.00,9884181.00,5930508.00,17791526.00,6.453,0.548
Setúbal,Port,SSP1-2.6,Baseline,2034,0.096,1449256.00,869554.00,2608661.00,11333437.00,6800062.00,20400187.00,6.1687,0.58
Setúbal,Port,SSP1-2.6,Baseline,2035,0.1025,1532579.00,919547.00,2758642.00,12866016.00,7719609.00,23158829.00,5.8969,0.613
Setúbal,Port,SSP1-2.6,Baseline,2036,0.109,1620504.00,972302.00,2916906.00,14486519.00,8691911.00,26075735.00,5.6371,0.648
Setúbal,Port,SSP1-2.6,Baseline,2037,0.1155,1713278.00,1027967.00,3083900.00,16199797.00,9719878.00,29159635.00,5.3888,0.685
Setúbal,Port,SSP1-2.6,Baseline,2038,0.122,1811161.00,1086696.00,3260089.00,18010958.00,10806574.00,32419724.00,5.1514,0.724
Setúbal,Port,SSP1-2.6,Baseline,2039,0.1285,1914427.00,1148656.00,3445969.00,19925385.00,11955230.00,35865693.00,4.9244,0.766
Setúbal,Port,SSP1-2.6,Baseline,2040,0.135,2023365.00,1214019.00,3642057.00,21948750.00,13169249.00,39507750.00,4.7075,0.809
Setúbal,Port,SSP1-2.6,Baseline,2041,0.1415,2138278.00,1282967.00,3848900.00,24087027.00,14452216.00,43356650.00,4.5001,0.855
Setúbal,Port,SSP1-2.6,Baseline,2042,0.148,2259485.00,1355691.00,4067073.00,26346512.00,15807907.00,47423723.00,4.3019,0.904
Setúbal,Port,SSP1-2.6,Baseline,2043,0.1545,2387322.00,1432393.00,4297180.00,28733834.00,17240300.00,51720903.00,4.1123,0.955
Setúbal,Port,SSP1-2.6,Baseline,2044,0.161,2522143.00,1513286.00,4539858.00,31255978.00,18753586.00,56260761.00,3.9312,1.009
Setúbal,Port,SSP1-2.6,Baseline,2045,0.1675,2664321.00,1598593.00,4795778.00,33920298.00,20352179.00,61056539.00,3.758,1.066
Setúbal,Port,SSP1-2.6,Baseline,2046,0.174,2814246.00,1688548.00,5065643.00,36734545.00,22040727.00,66122182.00,3.5924,1.126
Setúbal,Port,SSP1-2.6,Baseline,2047,0.1805,2972332.00,1783399.00,5350197.00,39706876.00,23824126.00,71472379.00,3.4342,1.189
Setúbal,Port,SSP1-2.6,Baseline,2048,0.187,3139011.00,1883407.00,5650220.00,42845887.00,25707533.00,77122599.00,3.2829,1.256
Setúbal,Port,SSP1-2.6,Baseline,2049,0.1935,3314740.00,1988844.00,5966533.00,46160628.00,27696377.00,83089132.00,3.1383,1.326
Setúbal,Port,SSP1-2.6,Baseline,2050,0.2,3500000.00,2100000.00,6300000.00,49660628.00,29796377.00,89389132.00,3.0,1.4
Setúbal,Port,SSP1-2.6,Baseline,2051,0.204,3618961.00,2171376.00,6514129.00,53279589.00,31967753.00,95903261.00,2.918,1.448
Setúbal,Port,SSP1-2.6,Baseline,2052,0.208,3741844.00,2245106.00,6735319.00,57021432.00,34212859.00,102638580.00,2.8382,1.497
Setúbal,Port,SSP1-2.6,Baseline,2053,0.212,3868776.00,2321266.00,6963797.00,60890209.00,36534125.00,109602377.00,2.7606,1.548
Setúbal,Port,SSP1-2.6,Baseline,2054,0.216,3999888.00,2399933.00,7199798.00,64890096.00,38934058.00,116802175.00,2.6851,1.6
Setúbal,Port,SSP1-2.6,Baseline,2055,0.22,4135314.00,2481188.00,7443565.00,69025411.00,41415246.00,124245740.00,2.6117,1.654
Setúbal,Port,SSP1-2.6,Baseline,2056,0.224,4275193.00,2565116.00,7695348.00,73300604.00,43980362.00,131941088.00,2.5402,1.71
Setúbal,Port,SSP1-2.6,Baseline,2057,0.228,4419669.00,2651802.00,7955405.00,77720273.00,46632164.00,139896493.00,2.4708,1.768
Setúbal,Port,SSP1-2.6,Baseline,2058,0.232,4568890.00,2741334.00,8224002.00,82289163.00,49373498.00,148120495.00,2.4032,1.828
Setúbal,Port,SSP1-2.6,Baseline,2059,0.236,4723007.00,2833804.00,8501413.00,87012170.00,52207302.00,156621908.00,2.3375,1.889
Setúbal,Port,SSP1-2.6,Baseline,2060,0.24,4882179.00,2929308.00,8787923.00,91894350.00,55136610.00,165409831.00,2.2736,1.953
Setúbal,Port,SSP1-2.6,Baseline,2061,0.244,5046568.00,3027941.00,9083823.00,96940918.00,58164551.00,174493654.00,2.2114,2.019
Setúbal,Port,SSP1-2.6,Baseline,2062,0.248,5216341.00,3129805.00,9389414.00,102157259.00,61294356.00,183883068.00,2.1509,2.087
Setúbal,Port,SSP1-2.6,Baseline,2063,0.252,5391672.00,3235003.00,9705009.00,107548931.00,64529359.00,193588077.00,2.0921,2.157
Setúbal,Port,SSP1-2.6,Baseline,2064,0.256,5572738.00,3343643.00,10030928.00,113121669.00,67873002.00,203619005.00,2.0349,2.229
Setúbal,Port,SSP1-2.6,Baseline,2065,0.26,5759723.00,3455834.00,10367501.00,118881391.00,71328836.00,213986506.00,1.9793,2.304
Setúbal,Port,SSP1-2.6,Baseline,2066,0.264,5952817.00,3571690.00,10715071.00,124834209.00,74900526.00,224701577.00,1.9251,2.381
Setúbal,Port,SSP1-2.6,Baseline,2067,0.268,6152217.00,3691330.00,11073990.00,130986426.00,78591856.00,235775567.00,1.8725,2.461
Setúbal,Port,SSP1-2.6,Baseline,2068,0.272,6358123.00,3814874.00,11444621.00,137344548.00,82406730.00,247220188.00,1.8213,2.543
Setúbal,Port,SSP1-2.6,Baseline,2069,0.276,6570744.00,3942446.00,11827339.00,143915292.00,86349176.00,259047527.00,1.7715,2.628
Setúbal,Port,SSP1-2.6,Baseline,2070,0.28,6790294.00,4074177.00,12222530.00,150705586.00,90423353.00,271270057.00,1.723,2.716
Setúbal,Port,SSP1-2.6,Baseline,2071,0.284,7016997.00,4210198.00,12630594.00,157722583.00,94633551.00,283900651.00,1.6759,2.807
Setúbal,Port,SSP1-2.6,Baseline,2072,0.288,7251079.00,4350647.00,13051942.00,164973661.00,98984198.00,296952593.00,1.6301,2.9
Setúbal,Port,SSP1-2.6,Baseline,2073,0.292,7492777.00,4495666.00,13486998.00,172466438.00,103479864.00,310439591.00,1.5855,2.997
Setúbal,Port,SSP1-2.6,Baseline,2074,0.296,7742333.00,4645400.00,13936200.00,180208771.00,108125264.00,324375791.00,1.5422,3.097
Setúbal,Port,SSP1-2.6,Baseline,2075,0.3,8000000.00,4800000.00,14400000.00,188208771.00,112925264.00,338775791.00,1.5,3.2
Setúbal,Port,SSP1-2.6,Baseline,2076,0.304,8266035.00,4959621.00,14878863.00,196474807.00,117884885.00,353654654.00,1.459,3.306
Setúbal,Port,SSP1-2.6,Baseline,2077,0.308,8540706.00,5124423.00,15373270.00,205015512.00,123009308.00,369027924.00,1.4191,3.416
Setúbal,Port,SSP1-2.6,Baseline,2078,0.312,8824287.00,5294572.00,15883717.00,213839799.00,128303880.00,384911641.00,1.3803,3.53
Setúbal,Port,SSP1-2.6,Baseline,2079,0.316,9117063.00,5470238.00,16410713.00,222956862.00,133774118.00,401322354.00,1.3425,3.647
Setúbal,Port,SSP1-2.6,Baseline,2080,0.32,9419327.00,5651596.00,16954788.00,232376189.00,139425714.00,418277142.00,1.3058,3.768
Setúbal,Port,SSP1-2.6,Baseline,2081,0.324,9731380.00,5838828.00,17516483.00,242107568.00,145264542.00,435793625.00,1.2701,3.893
Setúbal,Port,SSP1-2.6,Baseline,2082,0.328,10053534.00,6032120.00,18096361.00,252161102.00,151296662.00,453889986.00,1.2354,4.021
Setúbal,Port,SSP1-2.6,Baseline,2083,0.332,10386110.00,6231666.00,18694998.00,262547212.00,157528328.00,472584984.00,1.2016,4.154
Setúbal,Port,SSP1-2.6,Baseline,2084,0.336,10729441.00,6437664.00,19312993.00,273276653.00,163965992.00,491897977.00,1.1687,4.292
Setúbal,Port,SSP1-2.6,Baseline,2085,0.34,11083866.00,6650320.00,19950960.00,284360519.00,170616312.00,511848937.00,1.1368,4.434
Setúbal,Port,SSP1-2.6,Baseline,2086,0.344,11449741.00,6869844.00,20609533.00,295810260.00,177486156.00,532458470.00,1.1057,4.58
Setúbal,Port,SSP1-2.6,Baseline,2087,0.348,11827426.00,7096456.00,21289367.00,307637686.00,184582612.00,553747837.00,1.0755,4.731
Setúbal,Port,SSP1-2.6,Baseline,2088,0.352,12217299.00,7330379.00,21991138.00,319854985.00,191912991.00,575738975.00,1.0461,4.887
Setúbal,Port,SSP1-2.6,Baseline,2089,0.356,12619745.00,7571847.00,22715540.00,332474729.00,199484838.00,598454515.00,1.0175,5.048
Setúbal,Port,SSP1-2.6,Baseline,2090,0.36,13035162.00,7821097.00,23463292.00,345509892.00,207305935.00,621917807.00,0.9896,5.214
Setúbal,Port,SSP1-2.6,Baseline,2091,0.364,13463964.00,8078378.00,24235135.00,358973856.00,215384313.00,646152942.00,0.9626,5.386
Setúbal,Port,SSP1-2.6,Baseline,2092,0.368,13906573.00,8343944.00,25031832.00,372880429.00,223728257.00,671184774.00,0.9362,5.563
Setúbal,Port,SSP1-2.6,Baseline,2093,0.372,14363427.00,8618056.00,25854169.00,387243856.00,232346313.00,697038943.00,0.9106,5.745
Setúbal,Port,SSP1-2.6,Baseline,2094,0.376,14834978.00,8900987.00,26702960.00,402078834.00,241247300.00,723741903.00,0.8857,5.934
Setúbal,Port,SSP1-2.6,Baseline,2095,0.38,15321690.00,9193014.00,27579042.00,417400524.00,250440314.00,751320945.00,0.8615,6.129
Setúbal,Port,SSP1-2.6,Baseline,2096,0.384,15824043.00,9494426.00,28483278.00,433224567.00,259934740.00,779804223.00,0.838,6.33
Setúbal,Port,SSP1-2.6,Baseline,2097,0.388,16342533.00,9805520.00,29416559.00,449567100.00,269740260.00,809220782.00,0.8151,6.537
Setúbal,Port,SSP1-2.6,Baseline,2098,0.392,16877668.00,10126601.00,30379803.00,466444768.00,279866861.00,839600585.00,0.7928,6.751
Setúbal,Port,SSP1-2.6,Baseline,2099,0.396,17429977.00,10457986.00,31373958.00,483874745.00,290324847.00,870974543.00,0.7711,6.972
Setúbal,Port,SSP1-2.6,Baseline,2100,0.4,18000000.00,10800000.00,32400000.00,501874745.00,301124847.00,903374543.00,0.75,7.2
Setúbal,Port,SSP1-2.6,+Geoid,2025,0.11,1634455.00,980673.00,2942018.00,1634455.00,980673.00,2942018.00,5.5982,0.654
Setúbal,Port,SSP1-2.6,+Geoid,2026,0.132,1972362.00,1183417.00,3550252.00,3606817.00,2164090.00,6492270.00,4.8064,0.789
Setúbal,Port,SSP1-2.6,+Geoid,2027,0.154,2377245.00,1426347.00,4279041.00,5984062.00,3590437.00,10771311.00,4.1266,0.951
Setúbal,Port,SSP1-2.6,+Geoid,2028,0.176,2861999.00,1717199.00,5151598.00,8846061.00,5307636.00,15922909.00,3.543,1.145
Setúbal,Port,SSP1-2.6,+Geoid,2029,0.198,3441952.00,2065171.00,6195514.00,12288013.00,7372807.00,22118423.00,3.0419,1.377
Setúbal,Port,SSP1-2.6,+Geoid,2030,0.22,4135314.00,2481188.00,7443565.00,16423327.00,9853995.00,29561988.00,2.6117,1.654
Setúbal,Port,SSP1-2.6,+Geoid,2031,0.2265,4364943.00,2618966.00,7856897.00,20788270.00,12472961.00,37418885.00,2.4966,1.746
Setúbal,Port,SSP1-2.6,+Geoid,2032,0.233,4606954.00,2764172.00,8292517.00,25395224.00,15237133.00,45711402.00,2.3866,1.843
Setúbal,Port,SSP1-2.6,+Geoid,2033,0.2395,4862001.00,2917201.00,8751602.00,30257225.00,18154334.00,54463004.00,2.2815,1.945
Setúbal,Port,SSP1-2.6,+Geoid,2034,0.246,5130771.00,3078463.00,9235388.00,35387996.00,21232797.00,63698392.00,2.181,2.052
Setúbal,Port,SSP1-2.6,+Geoid,2035,0.2525,5413988.00,3248393.00,9745178.00,40801984.00,24481190.00,73443570.00,2.0849,2.166
Setúbal,Port,SSP1-2.6,+Geoid,2036,0.259,5712411.00,3427447.00,10282341.00,46514395.00,27908637.00,83725911.00,1.993,2.285
Setúbal,Port,SSP1-2.6,+Geoid,2037,0.2655,6026843.00,3616106.00,10848317.00,52541238.00,31524743.00,94574228.00,1.9052,2.411
Setúbal,Port,SSP1-2.6,+Geoid,2038,0.272,6358123.00,3814874.00,11444621.00,58899360.00,35339617.00,106018849.00,1.8213,2.543
Setúbal,Port,SSP1-2.6,+Geoid,2039,0.2785,6707137.00,4024282.00,12072846.00,65606497.00,39363899.00,118091695.00,1.7411,2.683
Setúbal,Port,SSP1-2.6,+Geoid,2040,0.285,7074816.00,4244890.00,12734669.00,72681313.00,43608789.00,130826364.00,1.6644,2.83
Setúbal,Port,SSP1-2.6,+Geoid,2041,0.2915,7462140.00,4477284.00,13431851.00,80143453.00,48086073.00,144258215.00,1.591,2.985
Setúbal,Port,SSP1-2.6,+Geoid,2042,0.298,7870137.00,4722082.00,14166247.00,88013590.00,52808155.00,158424462.00,1.5209,3.148
Setúbal,Port,SSP1-2.6,+Geoid,2043,0.3045,8299891.00,4979935.00,14939804.00,96313481.00,57788090.00,173364266.00,1.4539,3.32
Setúbal,Port,SSP1-2.6,+Geoid,2044,0.311,8752541.00,5251525.00,15754574.00,105066022.00,63039615.00,189118840.00,1.3899,3.501
Setúbal,Port,SSP1-2.6,+Geoid,2045,0.3175,9229284.00,5537570.00,16612711.00,114295306.00,68577185.00,205731551.00,1.3287,3.692
Setúbal,Port,SSP1-2.6,+Geoid,2046,0.324,9731380.00,5838828.00,17516483.00,124026686.00,74416013.00,223248034.00,1.2701,3.893
Setúbal,Port,SSP1-2.6,+Geoid,2047,0.3305,10260152.00,6156091.00,18468273.00,134286837.00,80572104.00,241716307.00,1.2142,4.104
Setúbal,Port,SSP1-2.6,+Geoid,2048,0.337,10816993.00,6490196.00,19470588.00,145103831.00,87062300.00,261186895.00,1.1607,4.327
Setúbal,Port,SSP1-2.6,+Geoid,2049,0.3435,11403368.00,6842021.00,20526062.00,156507198.00,93904321.00,281712957.00,1.1095,4.561
Setúbal,Port,SSP1-2.6,+Geoid,2050,0.35,12020815.00,7212489.00,21637468.00,168528014.00,101116810.00,303350425.00,1.0607,4.808
Setúbal,Port,SSP1-2.6,+Geoid,2051,0.354,12416925.00,7450155.00,22350466.00,180944939.00,108566965.00,325700891.00,1.0317,4.967
Setúbal,Port,SSP1-2.6,+Geoid,2052,0.358,12825807.00,7695484.00,23086452.00,193770746.00,116262449.00,348787343.00,1.0034,5.13
Setúbal,Port,SSP1-2.6,+Geoid,2053,0.362,13247864.00,7948718.00,23846155.00,207018610.00,124211167.00,372633498.00,0.976,5.299
Setúbal,Port,SSP1-2.6,+Geoid,2054,0.366,13683516.00,8210109.00,24630328.00,220702125.00,132421276.00,397263826.00,0.9493,5.473
Setúbal,Port,SSP1-2.6,+Geoid,2055,0.37,14133192.00,8479915.00,25439745.00,234835317.00,140901191.00,422703571.00,0.9234,5.653
Setúbal,Port,SSP1-2.6,+Geoid,2056,0.374,14597337.00,8758402.00,26275206.00,249432654.00,149659593.00,448978777.00,0.8981,5.839
Setúbal,Port,SSP1-2.6,+Geoid,2057,0.378,15076409.00,9045845.00,27137536.00,264509063.00,158705438.00,476116313.00,0.8736,6.031
Setúbal,Port,SSP1-2.6,+Geoid,2058,0.382,15570881.00,9342529.00,28027586.00,280079944.00,168047967.00,504143899.00,0.8497,6.228
Setúbal,Port,SSP1-2.6,+Geoid,2059,0.386,16081239.00,9648744.00,28946231.00,296161183.00,177696711.00,533090130.00,0.8264,6.432
Setúbal,Port,SSP1-2.6,+Geoid,2060,0.39,16607987.00,9964792.00,29894377.00,312769170.00,187661503.00,562984507.00,0.8038,6.643
Setúbal,Port,SSP1-2.6,+Geoid,2061,0.394,17151642.00,10290985.00,30872956.00,329920813.00,197952488.00,593857463.00,0.7818,6.861
Setúbal,Port,SSP1-2.6,+Geoid,2062,0.398,17712739.00,10627644.00,31882931.00,347633552.00,208580132.00,625740394.00,0.7605,7.085
Setúbal,Port,SSP1-2.6,+Geoid,2063,0.402,18291829.00,10975097.00,32925292.00,365925381.00,219555229.00,658665686.00,0.7397,7.317
Setúbal,Port,SSP1-2.6,+Geoid,2064,0.406,18889480.00,11333688.00,34001063.00,384814861.00,230888917.00,692666749.00,0.7194,7.556
Setúbal,Port,SSP1-2.6,+Geoid,2065,0.41,19506277.00,11703766.00,35111299.00,404321138.00,242592683.00,727778048.00,0.6998,7.803
Setúbal,Port,SSP1-2.6,+Geoid,2066,0.414,20142826.00,12085695.00,36257086.00,424463963.00,254678378.00,764035134.00,0.6806,8.057
Setúbal,Port,SSP1-2.6,+Geoid,2067,0.418,20799748.00,12479849.00,37439547.00,445263711.00,267158227.00,801474681.00,0.662,8.32
Setúbal,Port,SSP1-2.6,+Geoid,2068,0.422,21477687.00,12886612.00,38659837.00,466741399.00,280044839.00,840134518.00,0.6439,8.591
Setúbal,Port,SSP1-2.6,+Geoid,2069,0.426,22177306.00,13306383.00,39919150.00,488918704.00,293351222.00,880053668.00,0.6263,8.871
Setúbal,Port,SSP1-2.6,+Geoid,2070,0.43,22899286.00,13739572.00,41218715.00,511817990.00,307090794.00,921272383.00,0.6092,9.16
Setúbal,Port,SSP1-2.6,+Geoid,2071,0.434,23644333.00,14186600.00,42559800.00,535462324.00,321277394.00,963832183.00,0.5925,9.458
Setúbal,Port,SSP1-2.6,+Geoid,2072,0.438,24413173.00,14647904.00,43943712.00,559875497.00,335925298.00,1007775895.00,0.5763,9.765
Setúbal,Port,SSP1-2.6,+Geoid,2073,0.442,25206555.00,15123933.00,45371799.00,585082052.00,351049231.00,1053147694.00,0.5606,10.083
Setúbal,Port,SSP1-2.6,+Geoid,2074,0.446,26025251.00,15615151.00,46845452.00,611107303.00,366664382.00,1099993146.00,0.5452,10.41
Setúbal,Port,SSP1-2.6,+Geoid,2075,0.45,26870058.00,16122035.00,48366104.00,637977361.00,382786417.00,1148359250.00,0.5303,10.748
Setúbal,Port,SSP1-2.6,+Geoid,2076,0.454,27741796.00,16645077.00,49935232.00,665719156.00,399431494.00,1198294482.00,0.5158,11.097
Setúbal,Port,SSP1-2.6,+Geoid,2077,0.458,28641312.00,17184787.00,51554361.00,694360468.00,416616281.00,1249848843.00,0.5017,11.457
Setúbal,Port,SSP1-2.6,+Geoid,2078,0.462,29569478.00,17741687.00,53225061.00,723929946.00,434357968.00,1303073904.00,0.488,11.828
Setúbal,Port,SSP1-2.6,+Geoid,2079,0.466,30527196.00,18316318.00,54948953.00,754457143.00,452674286.00,1358022857.00,0.4747,12.211
Setúbal,Port,SSP1-2.6,+Geoid,2080,0.47,31515393.00,18909236.00,56727707.00,785972536.00,471583522.00,1414750564.00,0.4617,12.606
Setúbal,Port,SSP1-2.6,+Geoid,2081,0.474,32535025.00,19521015.00,58563046.00,818507561.00,491104537.00,1473313610.00,0.4491,13.014
Setúbal,Port,SSP1-2.6,+Geoid,2082,0.478,33587080.00,20152248.00,60456744.00,852094641.00,511256785.00,1533770354.00,0.4368,13.435
Setúbal,Port,SSP1-2.6,+Geoid,2083,0.482,34672574.00,20803544.00,62410633.00,886767215.00,532060329.00,1596180987.00,0.4248,13.869
Setúbal,Port,SSP1-2.6,+Geoid,2084,0.486,35792555.00,21475533.00,64426600.00,922559770.00,553535862.00,1660607587.00,0.4132,14.317
Setúbal,Port,SSP1-2.6,+Geoid,2085,0.49,36948106.00,22168864.00,66506592.00,959507877.00,575704726.00,1727114179.00,0.4019,14.779
Setúbal,Port,SSP1-2.6,+Geoid,2086,0.494,38140341.00,22884205.00,68652614.00,997648218.00,598588931.00,1795766793.00,0.3909,15.256
Setúbal,Port,SSP1-2.6,+Geoid,2087,0.498,39370410.00,23622246.00,70866737.00,1037018628.00,622211177.00,1866633530.00,0.3802,15.748
Setúbal,Port,SSP1-2.6,+Geoid,2088,0.502,40639496.00,24383698.00,73151093.00,1077658124.00,646594875.00,1939784623.00,0.3698,16.256
Setúbal,Port,SSP1-2.6,+Geoid,2089,0.506,41948822.00,25169293.00,75507880.00,1119606946.00,671764168.00,2015292503.00,0.3597,16.78
Setúbal,Port,SSP1-2.6,+Geoid,2090,0.51,43299648.00,25979789.00,77939366.00,1162906594.00,697743957.00,2093231869.00,0.3499,17.32
Setúbal,Port,SSP1-2.6,+Geoid,2091,0.514,44693271.00,26815963.00,80447889.00,1207599865.00,724559920.00,2173679758.00,0.3403,17.877
Setúbal,Port,SSP1-2.6,+Geoid,2092,0.518,46131032.00,27678619.00,83035857.00,1253730897.00,752238539.00,2256715615.00,0.331,18.452
Setúbal,Port,SSP1-2.6,+Geoid,2093,0.522,47614309.00,28568585.00,85705756.00,1301345206.00,780807124.00,2342421371.00,0.322,19.046
Setúbal,Port,SSP1-2.6,+Geoid,2094,0.526,49144526.00,29486716.00,88460147.00,1350489732.00,810293840.00,2430881518.00,0.3132,19.658
Setúbal,Port,SSP1-2.6,+Geoid,2095,0.53,50723150.00,30433890.00,91301670.00,1401212882.00,840727730.00,2522183188.00,0.3046,20.289
Setúbal,Port,SSP1-2.6,+Geoid,2096,0.534,52351693.00,31411016.00,94233047.00,1453564575.00,872138746.00,2616416235.00,0.2963,20.941
Setúbal,Port,SSP1-2.6,+Geoid,2097,0.538,54031714.00,32419028.00,97257085.00,1507596288.00,904557774.00,2713673320.00,0.2882,21.613
Setúbal,Port,SSP1-2.6,+Geoid,2098,0.542,55764820.00,33458892.00,100376677.00,1563361109.00,938016666.00,2814049997.00,0.2803,22.306
Setúbal,Port,SSP1-2.6,+Geoid,2099,0.546,57552670.00,34531602.00,103594805.00,1620913779.00,972548268.00,2917644802.00,0.2726,23.021
Setúbal,Port,SSP1-2.6,+Geoid,2100,0.55,59396970.00,35638182.00,106914545.00,1680310748.00,1008186450.00,3024559347.00,0.2652,23.759
Setúbal,Port,SSP2-4.5,Baseline,2025,0.05,972272.00,583363.00,1750089.00,972272.00,583363.00,1750089.00,8.4853,0.389
Setúbal,Port,SSP2-4.5,Baseline,2026,0.06,1061002.00,636601.00,1909803.00,2033273.00,1219964.00,3659892.00,7.917,0.424
Setúbal,Port,SSP2-4.5,Baseline,2027,0.07,1157460.00,694476.00,2083427.00,3190733.00,1914440.00,5743319.00,7.3869,0.463
Setúbal,Port,SSP2-4.5,Baseline,2028,0.08,1262298.00,757379.00,2272137.00,4453031.00,2671819.00,8015456.00,6.8922,0.505
Setúbal,Port,SSP2-4.5,Baseline,2029,0.09,1376224.00,825734.00,2477203.00,5829255.00,3497553.00,10492659.00,6.4306,0.55
Setúbal,Port,SSP2-4.5,Baseline,2030,0.1,1500000.00,900000.00,2700000.00,7329255.00,4397553.00,13192659.00,6.0,0.6
Setúbal,Port,SSP2-4.5,Baseline,2031,0.11,1634455.00,980673.00,2942018.00,8963710.00,5378226.00,16134677.00,5.5982,0.654
Setúbal,Port,SSP2-4.5,Baseline,2032,0.12,1780482.00,1068289.00,3204868.00,10744192.00,6446515.00,19339545.00,5.2233,0.712
Setúbal,Port,SSP2-4.5,Baseline,2033,0.13,1939052.00,1163431.00,3490294.00,12683244.00,7609946.00,22829839.00,4.8735,0.776
Setúbal,Port,SSP2-4.5,Baseline,2034,0.14,2111213.00,1266728.00,3800183.00,14794457.00,8876674.00,26630022.00,4.5471,0.844
Setúbal,Port,SSP2-4.5,Baseline,2035,0.15,2298097.00,1378858.00,4136575.00,17092554.00,10255532.00,30766597.00,4.2426,0.919
Setúbal,Port,SSP2-4.5,Baseline,2036,0.16,2500932.00,1500559.00,4501678.00,19593487.00,11756091.00,35268275.00,3.9585,1.0
Setúbal,Port,SSP2-4.5,Baseline,2037,0.17,2721046.00,1632627.00,4897882.00,22314532.00,13388718.00,40166157.00,3.6934,1.088
Setúbal,Port,SSP2-4.5,Baseline,2038,0.18,2959872.00,1775923.00,5327769.00,25274404.00,15164641.00,45493926.00,3.4461,1.184
Setúbal,Port,SSP2-4.5,Baseline,2039,0.19,3218964.00,1931378.00,5794135.00,28493368.00,17096019.00,51288061.00,3.2153,1.288
Setúbal,Port,SSP2-4.5,Baseline,2040,0.2,3500000.00,2100000.00,6300000.00,31993368.00,19196019.00,57588061.00,3.0,1.4
Setúbal,Port,SSP2-4.5,Baseline,2041,0.21,3804796.00,2282877.00,6848632.00,35798164.00,21478896.00,64436693.00,2.7991,1.522
Setúbal,Port,SSP2-4.5,Baseline,2042,0.22,4135314.00,2481188.00,7443565.00,39933478.00,23960084.00,71880258.00,2.6117,1.654
Setúbal,Port,SSP2-4.5,Baseline,2043,0.23,4493677.00,2696206.00,8088619.00,44427155.00,26656290.00,79968877.00,2.4368,1.797
Setúbal,Port,SSP2-4.5,Baseline,2044,0.24,4882179.00,2929308.00,8787923.00,49309334.00,29585598.00,88756800.00,2.2736,1.953
Setúbal,Port,SSP2-4.5,Baseline,2045,0.25,5303301.00,3181981.00,9545942.00,54612635.00,32767579.00,98302742.00,2.1213,2.121
Setúbal,Port,SSP2-4.5,Baseline,2046,0.26,5759723.00,3455834.00,10367501.00,60372358.00,36223413.00,108670243.00,1.9793,2.304
Setúbal,Port,SSP2-4.5,Baseline,2047,0.27,6254343.00,3752606.00,11257818.00,66626701.00,39976019.00,119928061.00,1.8467,2.502
Setúbal,Port,SSP2-4.5,Baseline,2048,0.28,6790294.00,4074177.00,12222530.00,73416996.00,44050196.00,132150591.00,1.723,2.716
Setúbal,Port,SSP2-4.5,Baseline,2049,0.29,7370961.00,4422576.00,13267729.00,80787956.00,48472772.00,145418320.00,1.6077,2.948
Setúbal,Port,SSP2-4.5,Baseline,2050,0.3,8000000.00,4800000.00,14400000.00,88787956.00,53272772.00,159818320.00,1.5,3.2
Setúbal,Port,SSP2-4.5,Baseline,2051,0.306,8402274.00,5041364.00,15124093.00,97190230.00,58314136.00,174942413.00,1.4389,3.361
Setúbal,Port,SSP2-4.5,Baseline,2052,0.312,8824287.00,5294572.00,15883717.00,106014517.00,63608708.00,190826130.00,1.3803,3.53
Setúbal,Port,SSP2-4.5,Baseline,2053,0.318,9266990.00,5560194.00,16680582.00,115281508.00,69168902.00,207506712.00,1.3241,3.707
Setúbal,Port,SSP2-4.5,Baseline,2054,0.324,9731380.00,5838828.00,17516483.00,125012887.00,75007730.00,225023195.00,1.2701,3.893
Setúbal,Port,SSP2-4.5,Baseline,2055,0.33,10218499.00,6131099.00,18393298.00,135231386.00,81138829.00,243416493.00,1.2184,4.087
Setúbal,Port,SSP2-4.5,Baseline,2056,0.336,10729441.00,6437664.00,19312993.00,145960826.00,87576493.00,262729486.00,1.1687,4.292
Setúbal,Port,SSP2-4.5,Baseline,2057,0.342,11265350.00,6759210.00,20277630.00,157226176.00,94335703.00,283007116.00,1.1211,4.506
Setúbal,Port,SSP2-4.5,Baseline,2058,0.348,11827426.00,7096456.00,21289367.00,169053603.00,101432159.00,304296483.00,1.0755,4.731
Setúbal,Port,SSP2-4.5,Baseline,2059,0.354,12416925.00,7450155.00,22350466.00,181470528.00,108882314.00,326646949.00,1.0317,4.967
Setúbal,Port,SSP2-4.5,Baseline,2060,0.36,13035162.00,7821097.00,23463292.00,194505690.00,116703411.00,350110241.00,0.9896,5.214
Setúbal,Port,SSP2-4.5,Baseline,2061,0.366,13683516.00,8210109.00,24630328.00,208189206.00,124913520.00,374740569.00,0.9493,5.473
Setúbal,Port,SSP2-4.5,Baseline,2062,0.372,14363427.00,8618056.00,25854169.00,222552633.00,133531576.00,400594738.00,0.9106,5.745
Setúbal,Port,SSP2-4.5,Baseline,2063,0.378,15076409.00,9045845.00,27137536.00,237629042.00,142577421.00,427732274.00,0.8736,6.031
Setúbal,Port,SSP2-4.5,Baseline,2064,0.384,15824043.00,9494426.00,28483278.00,253453086.00,152071847.00,456215552.00,0.838,6.33
Setúbal,Port,SSP2-4.5,Baseline,2065,0.39,16607987.00,9964792.00,29894377.00,270061073.00,162036639.00,486109929.00,0.8038,6.643
Setúbal,Port,SSP2-4.5,Baseline,2066,0.396,17429977.00,10457986.00,31373958.00,287491049.00,172494625.00,517483887.00,0.7711,6.972
Setúbal,Port,SSP2-4.5,Baseline,2067,0.402,18291829.00,10975097.00,32925292.00,305782878.00,183469722.00,550409179.00,0.7397,7.317
Setúbal,Port,SSP2-4.5,Baseline,2068,0.408,19195448.00,11517269.00,34551806.00,324978326.00,194986991.00,584960985.00,0.7095,7.678
Setúbal,Port,SSP2-4.5,Baseline,2069,0.414,20142826.00,12085695.00,36257086.00,345121152.00,207072686.00,621218071.00,0.6806,8.057
Setúbal,Port,SSP2-4.5,Baseline,2070,0.42,21136050.00,12681630.00,38044890.00,366257201.00,219754316.00,659262961.00,0.6529,8.454
Setúbal,Port,SSP2-4.5,Baseline,2071,0.426,22177306.00,13306383.00,39919150.00,388434507.00,233060699.00,699182111.00,0.6263,8.871
Setúbal,Port,SSP2-4.5,Baseline,2072,0.432,23268881.00,13961329.00,41883987.00,411703388.00,247022028.00,741066098.00,0.6008,9.308
Setúbal,Port,SSP2-4.5,Baseline,2073,0.438,24413173.00,14647904.00,43943712.00,436116562.00,261669932.00,785009810.00,0.5763,9.765
Setúbal,Port,SSP2-4.5,Baseline,2074,0.444,25612690.00,15367614.00,46102841.00,461729251.00,277037546.00,831112651.00,0.5529,10.245
Setúbal,Port,SSP2-4.5,Baseline,2075,0.45,26870058.00,16122035.00,48366104.00,488599309.00,293159581.00,879478755.00,0.5303,10.748
Setúbal,Port,SSP2-4.5,Baseline,2076,0.456,28188027.00,16912816.00,50738449.00,516787336.00,310072397.00,930217204.00,0.5087,11.275
Setúbal,Port,SSP2-4.5,Baseline,2077,0.462,29569478.00,17741687.00,53225061.00,546356815.00,327814084.00,983442265.00,0.488,11.828
Setúbal,Port,SSP2-4.5,Baseline,2078,0.468,31017426.00,18610455.00,55831366.00,577374241.00,346424539.00,1039273631.00,0.4681,12.407
Setúbal,Port,SSP2-4.5,Baseline,2079,0.474,32535025.00,19521015.00,58563046.00,609909266.00,365945554.00,1097836677.00,0.4491,13.014
Setúbal,Port,SSP2-4.5,Baseline,2080,0.48,34125582.00,20475349.00,61426048.00,644034848.00,386420903.00,1159262725.00,0.4308,13.65
Setúbal,Port,SSP2-4.5,Baseline,2081,0.486,35792555.00,21475533.00,64426600.00,679827403.00,407896436.00,1223689325.00,0.4132,14.317
Setúbal,Port,SSP2-4.5,Baseline,2082,0.492,37539567.00,22523740.00,67571221.00,717366971.00,430420176.00,1291260546.00,0.3964,15.016
Setúbal,Port,SSP2-4.5,Baseline,2083,0.498,39370410.00,23622246.00,70866737.00,756737380.00,454042422.00,1362127283.00,0.3802,15.748
Setúbal,Port,SSP2-4.5,Baseline,2084,0.504,41289051.00,24773431.00,74320292.00,798026432.00,478815853.00,1436447575.00,0.3647,16.516
Setúbal,Port,SSP2-4.5,Baseline,2085,0.51,43299648.00,25979789.00,77939366.00,841326080.00,504795642.00,1514386941.00,0.3499,17.32
Setúbal,Port,SSP2-4.5,Baseline,2086,0.516,45406549.00,27243930.00,81731789.00,886732629.00,532039572.00,1596118730.00,0.3356,18.163
Setúbal,Port,SSP2-4.5,Baseline,2087,0.522,47614309.00,28568585.00,85705756.00,934346938.00,560608157.00,1681824486.00,0.322,19.046
Setúbal,Port,SSP2-4.5,Baseline,2088,0.528,49927694.00,29956616.00,89869849.00,984274632.00,590564773.00,1771694335.00,0.3088,19.971
Setúbal,Port,SSP2-4.5,Baseline,2089,0.534,52351693.00,31411016.00,94233047.00,1036626324.00,621975789.00,1865927382.00,0.2963,20.941
Setúbal,Port,SSP2-4.5,Baseline,2090,0.54,54891529.00,32934917.00,98804752.00,1091517853.00,654910706.00,1964732134.00,0.2842,21.957
Setúbal,Port,SSP2-4.5,Baseline,2091,0.546,57552670.00,34531602.00,103594805.00,1149070523.00,689442308.00,2068326939.00,0.2726,23.021
Setúbal,Port,SSP2-4.5,Baseline,2092,0.552,60340837.00,36204502.00,108613506.00,1209411360.00,725646810.00,2176940445.00,0.2615,24.136
Setúbal,Port,SSP2-4.5,Baseline,2093,0.558,63262020.00,37957212.00,113871636.00,1272673380.00,763604022.00,2290812081.00,0.2509,25.305
Setúbal,Port,SSP2-4.5,Baseline,2094,0.564,66322489.00,39793493.00,119380480.00,1338995869.00,803397515.00,2410192561.00,0.2406,26.529
Setúbal,Port,SSP2-4.5,Baseline,2095,0.57,69528805.00,41717283.00,125151849.00,1408524674.00,845114798.00,2535344410.00,0.2308,27.812
Setúbal,Port,SSP2-4.5,Baseline,2096,0.576,72887836.00,43732702.00,131198106.00,1481412511.00,888847500.00,2666542516.00,0.2214,29.155
Setúbal,Port,SSP2-4.5,Baseline,2097,0.582,76406771.00,45844063.00,137532188.00,1557819282.00,934691563.00,2804074704.00,0.2124,30.563
Setúbal,Port,SSP2-4.5,Baseline,2098,0.588,80093133.00,48055880.00,144167640.00,1637912415.00,982747443.00,2948242344.00,0.2038,32.037
Setúbal,Port,SSP2-4.5,Baseline,2099,0.594,83954796.00,50372877.00,151118632.00,1721867211.00,1033120320.00,3099360976.00,0.1955,33.582
Setúbal,Port,SSP2-4.5,Baseline,2100,0.6,88000000.00,52800000.00,158400000.00,1809867211.00,1085920320.00,3257760976.00,0.1875,35.2
Setúbal,Port,SSP2-4.5,+Geoid,2025,0.125,1858136.00,1114882.00,3344645.00,1858136.00,1114882.00,3344645.00,5.0454,0.743
Setúbal,Port,SSP2-4.5,+Geoid,2026,0.15,2298097.00,1378858.00,4136575.00,4156233.00,2493740.00,7481220.00,4.2426,0.919
Setúbal,Port,SSP2-4.5,+Geoid,2027,0.175,2838025.00,1702815.00,5108446.00,6994259.00,4196555.00,12589666.00,3.5676,1.135
Setúbal,Port,SSP2-4.5,+Geoid,2028,0.2,3500000.00,2100000.00,6300000.00,10494259.00,6296555.00,18889666.00,3.0,1.4
Setúbal,Port,SSP2-4.5,+Geoid,2029,0.225,4310876.00,2586525.00,7759576.00,14805134.00,8883080.00,26649242.00,2.5227,1.724
Setúbal,Port,SSP2-4.5,+Geoid,2030,0.25,5303301.00,3181981.00,9545942.00,20108435.00,12065061.00,36195184.00,2.1213,2.121
Setúbal,Port,SSP2-4.5,+Geoid,2031,0.26,5759723.00,3455834.00,10367501.00,25868158.00,15520895.00,46562685.00,1.9793,2.304
Setúbal,Port,SSP2-4.5,+Geoid,2032,0.27,6254343.00,3752606.00,11257818.00,32122502.00,19273501.00,57820503.00,1.8467,2.502
Setúbal,Port,SSP2-4.5,+Geoid,2033,0.28,6790294.00,4074177.00,12222530.00,38912796.00,23347678.00,70043033.00,1.723,2.716
Setúbal,Port,SSP2-4.5,+Geoid,2034,0.29,7370961.00,4422576.00,13267729.00,46283757.00,27770254.00,83310762.00,1.6077,2.948
Setúbal,Port,SSP2-4.5,+Geoid,2035,0.3,8000000.00,4800000.00,14400000.00,54283757.00,32570254.00,97710762.00,1.5,3.2
Setúbal,Port,SSP2-4.5,+Geoid,2036,0.31,8681365.00,5208819.00,15626457.00,62965122.00,37779073.00,113337219.00,1.3995,3.473
Setúbal,Port,SSP2-4.5,+Geoid,2037,0.32,9419327.00,5651596.00,16954788.00,72384448.00,43430669.00,130292007.00,1.3058,3.768
Setúbal,Port,SSP2-4.5,+Geoid,2038,0.33,10218499.00,6131099.00,18393298.00,82602947.00,49561768.00,148685305.00,1.2184,4.087
Setúbal,Port,SSP2-4.5,+Geoid,2039,0.34,11083866.00,6650320.00,19950960.00,93686813.00,56212088.00,168636265.00,1.1368,4.434
Setúbal,Port,SSP2-4.5,+Geoid,2040,0.35,12020815.00,7212489.00,21637468.00,105707629.00,63424577.00,190273733.00,1.0607,4.808
Setúbal,Port,SSP2-4.5,+Geoid,2041,0.36,13035162.00,7821097.00,23463292.00,118742791.00,71245674.00,213737025.00,0.9896,5.214
Setúbal,Port,SSP2-4.5,+Geoid,2042,0.37,14133192.00,8479915.00,25439745.00,132875983.00,79725589.00,239176770.00,0.9234,5.653
Setúbal,Port,SSP2-4.5,+Geoid,2043,0.38,15321690.00,9193014.00,27579042.00,148197673.00,88918603.00,266755812.00,0.8615,6.129
Setúbal,Port,SSP2-4.5,+Geoid,2044,0.39,16607987.00,9964792.00,29894377.00,164805660.00,98883395.00,296650189.00,0.8038,6.643
Setúbal,Port,SSP2-4.5,+Geoid,2045,0.4,18000000.00,10800000.00,32400000.00,182805660.00,109683395.00,329050189.00,0.75,7.2
Setúbal,Port,SSP2-4.5,+Geoid,2046,0.41,19506277.00,11703766.00,35111299.00,202311937.00,121387161.00,364161488.00,0.6998,7.803
Setúbal,Port,SSP2-4.5,+Geoid,2047,0.42,21136050.00,12681630.00,38044890.00,223447987.00,134068791.00,402206378.00,0.6529,8.454
Setúbal,Port,SSP2-4.5,+Geoid,2048,0.43,22899286.00,13739572.00,41218715.00,246347273.00,147808363.00,443425093.00,0.6092,9.16
Setúbal,Port,SSP2-4.5,+Geoid,2049,0.44,24806749.00,14884049.00,44652148.00,271154021.00,162692412.00,488077241.00,0.5684,9.923
Setúbal,Port,SSP2-4.5,+Geoid,2050,0.45,26870058.00,16122035.00,48366104.00,298024079.00,178814447.00,536443345.00,0.5303,10.748
Setúbal,Port,SSP2-4.5,+Geoid,2051,0.456,28188027.00,16912816.00,50738449.00,326212107.00,195727263.00,587181794.00,0.5087,11.275
Setúbal,Port,SSP2-4.5,+Geoid,2052,0.462,29569478.00,17741687.00,53225061.00,355781585.00,213468950.00,640406855.00,0.488,11.828
Setúbal,Port,SSP2-4.5,+Geoid,2053,0.468,31017426.00,18610455.00,55831366.00,386799011.00,232079405.00,696238221.00,0.4681,12.407
Setúbal,Port,SSP2-4.5,+Geoid,2054,0.474,32535025.00,19521015.00,58563046.00,419334036.00,251600420.00,754801267.00,0.4491,13.014
Setúbal,Port,SSP2-4.5,+Geoid,2055,0.48,34125582.00,20475349.00,61426048.00,453459618.00,272075769.00,816227315.00,0.4308,13.65
Setúbal,Port,SSP2-4.5,+Geoid,2056,0.486,35792555.00,21475533.00,64426600.00,489252174.00,293551302.00,880653915.00,0.4132,14.317
Setúbal,Port,SSP2-4.5,+Geoid,2057,0.492,37539567.00,22523740.00,67571221.00,526791741.00,316075042.00,948225136.00,0.3964,15.016
Setúbal,Port,SSP2-4.5,+Geoid,2058,0.498,39370410.00,23622246.00,70866737.00,566162151.00,339697288.00,1019091873.00,0.3802,15.748
Setúbal,Port,SSP2-4.5,+Geoid,2059,0.504,41289051.00,24773431.00,74320292.00,607451202.00,364470719.00,1093412165.00,0.3647,16.516
Setúbal,Port,SSP2-4.5,+Geoid,2060,0.51,43299648.00,25979789.00,77939366.00,650750850.00,390450508.00,1171351531.00,0.3499,17.32
Setúbal,Port,SSP2-4.5,+Geoid,2061,0.516,45406549.00,27243930.00,81731789.00,696157399.00,417694438.00,1253083320.00,0.3356,18.163
Setúbal,Port,SSP2-4.5,+Geoid,2062,0.522,47614309.00,28568585.00,85705756.00,743771708.00,446263023.00,1338789076.00,0.322,19.046
Setúbal,Port,SSP2-4.5,+Geoid,2063,0.528,49927694.00,29956616.00,89869849.00,793699402.00,476219639.00,1428658925.00,0.3088,19.971
Setúbal,Port,SSP2-4.5,+Geoid,2064,0.534,52351693.00,31411016.00,94233047.00,846051094.00,507630655.00,1522891972.00,0.2963,20.941
Setúbal,Port,SSP2-4.5,+Geoid,2065,0.54,54891529.00,32934917.00,98804752.00,900942624.00,540565572.00,1621696724.00,0.2842,21.957
Setúbal,Port,SSP2-4.5,+Geoid,2066,0.546,57552670.00,34531602.00,103594805.00,958495293.00,575097174.00,1725291529.00,0.2726,23.021
Setúbal,Port,SSP2-4.5,+Geoid,2067,0.552,60340837.00,36204502.00,108613506.00,1018836130.00,611301676.00,1833905035.00,0.2615,24.136
Setúbal,Port,SSP2-4.5,+Geoid,2068,0.558,63262020.00,37957212.00,113871636.00,1082098150.00,649258888.00,1947776671.00,0.2509,25.305
Setúbal,Port,SSP2-4.5,+Geoid,2069,0.564,66322489.00,39793493.00,119380480.00,1148420639.00,689052381.00,2067157151.00,0.2406,26.529
Setúbal,Port,SSP2-4.5,+Geoid,2070,0.57,69528805.00,41717283.00,125151849.00,1217949444.00,730769664.00,2192309000.00,0.2308,27.812
Setúbal,Port,SSP2-4.5,+Geoid,2071,0.576,72887836.00,43732702.00,131198106.00,1290837281.00,774502366.00,2323507106.00,0.2214,29.155
Setúbal,Port,SSP2-4.5,+Geoid,2072,0.582,76406771.00,45844063.00,137532188.00,1367244052.00,820346429.00,2461039294.00,0.2124,30.563
Setúbal,Port,SSP2-4.5,+Geoid,2073,0.588,80093133.00,48055880.00,144167640.00,1447337185.00,868402309.00,2605206934.00,0.2038,32.037
Setúbal,Port,SSP2-4.5,+Geoid,2074,0.594,83954796.00,50372877.00,151118632.00,1531291981.00,918775186.00,2756325566.00,0.1955,33.582
Setúbal,Port,SSP2-4.5,+Geoid,2075,0.6,88000000.00,52800000.00,158400000.00,1619291981.00,971575186.00,2914725566.00,0.1875,35.2
Setúbal,Port,SSP2-4.5,+Geoid,2076,0.606,92237371.00,55342422.00,166027267.00,1711529352.00,1026917608.00,3080752833.00,0.1799,36.895
Setúbal,Port,SSP2-4.5,+Geoid,2077,0.612,96675933.00,58005560.00,174016680.00,1808205285.00,1084923168.00,3254769513.00,0.1725,38.67
Setúbal,Port,SSP2-4.5,+Geoid,2078,0.618,101325135.00,60795081.00,182385242.00,1909530420.00,1145718249.00,3437154755.00,0.1655,40.53
Setúbal,Port,SSP2-4.5,+Geoid,2079,0.624,106194860.00,63716916.00,191150748.00,2015725280.00,1209435165.00,3628305503.00,0.1588,42.478
Setúbal,Port,SSP2-4.5,+Geoid,2080,0.63,111295455.00,66777273.00,200331819.00,2127020735.00,1276212438.00,3828637322.00,0.1523,44.518
Setúbal,Port,SSP2-4.5,+Geoid,2081,0.636,116637746.00,69982647.00,209947942.00,2243658480.00,1346195085.00,4038585264.00,0.1461,46.655
Setúbal,Port,SSP2-4.5,+Geoid,2082,0.642,122233061.00,73339837.00,220019511.00,2365891542.00,1419534922.00,4258604775.00,0.1401,48.893
Setúbal,Port,SSP2-4.5,+Geoid,2083,0.648,128093258.00,76855955.00,230567865.00,2493984800.00,1496390877.00,4489172640.00,0.1344,51.237
Setúbal,Port,SSP2-4.5,+Geoid,2084,0.654,134230743.00,80538446.00,241615337.00,2628215543.00,1576929323.00,4730787977.00,0.129,53.692
Setúbal,Port,SSP2-4.5,+Geoid,2085,0.66,140658497.00,84395098.00,253185295.00,2768874040.00,1661324421.00,4983973272.00,0.1237,56.263
Setúbal,Port,SSP2-4.5,+Geoid,2086,0.666,147390107.00,88434064.00,265302193.00,2916264147.00,1749758485.00,5249275465.00,0.1187,58.956
Setúbal,Port,SSP2-4.5,+Geoid,2087,0.672,154439788.00,92663873.00,277991618.00,3070703935.00,1842422358.00,5527267083.00,0.1138,61.776
Setúbal,Port,SSP2-4.5,+Geoid,2088,0.678,161822413.00,97093448.00,291280344.00,3232526348.00,1939515806.00,5818547427.00,0.1092,64.729
Setúbal,Port,SSP2-4.5,+Geoid,2089,0.684,169553549.00,101732130.00,305196389.00,3402079898.00,2041247936.00,6123743816.00,0.1047,67.821
Setúbal,Port,SSP2-4.5,+Geoid,2090,0.69,177649482.00,106589689.00,319769067.00,3579729379.00,2147837625.00,6443512883.00,0.1005,71.06
Setúbal,Port,SSP2-4.5,+Geoid,2091,0.696,186127251.00,111676350.00,335029051.00,3765856630.00,2259513975.00,6778541934.00,0.0964,74.451
Setúbal,Port,SSP2-4.5,+Geoid,2092,0.702,195004687.00,117002812.00,351008437.00,3960861317.00,2376516787.00,7129550371.00,0.0925,78.002
Setúbal,Port,SSP2-4.5,+Geoid,2093,0.708,204300447.00,122580268.00,367740804.00,4165161764.00,2499097055.00,7497291175.00,0.0887,81.72
Setúbal,Port,SSP2-4.5,+Geoid,2094,0.714,214034050.00,128420430.00,385261289.00,4379195814.00,2627517485.00,7882552464.00,0.0851,85.614
Setúbal,Port,SSP2-4.5,+Geoid,2095,0.72,224225919.00,134535551.00,403606654.00,4603421733.00,2762053036.00,8286159118.00,0.0816,89.69
Setúbal,Port,SSP2-4.5,+Geoid,2096,0.726,234897423.00,140938454.00,422815361.00,4838319155.00,2902991490.00,8708974479.00,0.0783,93.959
Setúbal,Port,SSP2-4.5,+Geoid,2097,0.732,246070918.00,147642551.00,442927652.00,5084390073.00,3050634041.00,9151902131.00,0.0751,98.428
Setúbal,Port,SSP2-4.5,+Geoid,2098,0.738,257769795.00,154661877.00,463985631.00,5342159868.00,3205295918.00,9615887762.00,0.072,103.108
Setúbal,Port,SSP2-4.5,+Geoid,2099,0.744,270018525.00,162011115.00,486033346.00,5612178393.00,3367307033.00,10101921108.00,0.0691,108.007
Setúbal,Port,SSP2-4.5,+Geoid,2100,0.75,282842712.00,169705627.00,509116882.00,5895021106.00,3537012660.00,10611037990.00,0.0663,113.137
Setúbal,Port,SSP5-8.5,Baseline,2025,0.065,1108225.00,664935.00,1994805.00,1108225.00,664935.00,1994805.00,7.6474,0.443
Setúbal,Port,SSP5-8.5,Baseline,2026,0.078,1240627.00,744376.00,2233129.00,2348852.00,1409311.00,4227934.00,6.9884,0.496
Setúbal,Port,SSP5-8.5,Baseline,2027,0.091,1388145.00,832887.00,2498661.00,3736997.00,2242198.00,6726595.00,6.3862,0.555
Setúbal,Port,SSP5-8.5,Baseline,2028,0.104,1552452.00,931471.00,2794413.00,5289449.00,3173669.00,9521008.00,5.8359,0.621
Setúbal,Port,SSP5-8.5,Baseline,2029,0.117,1735403.00,1041242.00,3123725.00,7024852.00,4214911.00,12644733.00,5.3331,0.694
Setúbal,Port,SSP5-8.5,Baseline,2030,0.13,1939052.00,1163431.00,3490294.00,8963904.00,5378342.00,16135027.00,4.8735,0.776
Setúbal,Port,SSP5-8.5,Baseline,2031,0.1435,2174887.00,1304932.00,3914796.00,11138791.00,6683274.00,20049823.00,4.4382,0.87
Setúbal,Port,SSP5-8.5,Baseline,2032,0.157,2438330.00,1462998.00,4388994.00,13577121.00,8146272.00,24438817.00,4.0417,0.975
Setúbal,Port,SSP5-8.5,Baseline,2033,0.1705,2732530.00,1639518.00,4918554.00,16309651.00,9785790.00,29357371.00,3.6807,1.093
Setúbal,Port,SSP5-8.5,Baseline,2034,0.184,3060986.00,1836591.00,5509774.00,19370636.00,11622381.00,34867145.00,3.3519,1.224
Setúbal,Port,SSP5-8.5,Baseline,2035,0.1975,3427587.00,2056552.00,6169656.00,22798223.00,13678933.00,41036801.00,3.0524,1.371
Setúbal,Port,SSP5-8.5,Baseline,2036,0.211,3836656.00,2301994.00,6905981.00,26634879.00,15980927.00,47942782.00,2.7798,1.535
Setúbal,Port,SSP5-8.5,Baseline,2037,0.2245,4292999.00,2575799.00,7727397.00,30927878.00,18556726.00,55670179.00,2.5314,1.717
Setúbal,Port,SSP5-8.5,Baseline,2038,0.238,4801951.00,2881171.00,8643513.00,35729829.00,21437897.00,64313692.00,2.3053,1.921
Setúbal,Port,SSP5-8.5,Baseline,2039,0.2515,5369445.00,3221667.00,9665002.00,41099275.00,24659564.00,73978694.00,2.0994,2.148
Setúbal,Port,SSP5-8.5,Baseline,2040,0.265,6002068.00,3601241.00,10803723.00,47101343.00,28260805.00,84782417.00,1.9118,2.401
Setúbal,Port,SSP5-8.5,Baseline,2041,0.2785,6707137.00,4024282.00,12072846.00,53808480.00,32285087.00,96855263.00,1.7411,2.683
Setúbal,Port,SSP5-8.5,Baseline,2042,0.292,7492777.00,4495666.00,13486998.00,61301257.00,36780753.00,110342261.00,1.5855,2.997
Setúbal,Port,SSP5-8.5,Baseline,2043,0.3055,8368010.00,5020806.00,15062418.00,69669267.00,41801559.00,125404679.00,1.4439,3.347
Setúbal,Port,SSP5-8.5,Baseline,2044,0.319,9342855.00,5605713.00,16817139.00,79012122.00,47407272.00,142221818.00,1.3149,3.737
Setúbal,Port,SSP5-8.5,Baseline,2045,0.3325,10428431.00,6257059.00,18771177.00,89440553.00,53664331.00,160992995.00,1.1974,4.171
Setúbal,Port,SSP5-8.5,Baseline,2046,0.346,11637084.00,6982250.00,20946751.00,101077637.00,60646581.00,181939746.00,1.0905,4.655
Setúbal,Port,SSP5-8.5,Baseline,2047,0.3595,12982512.00,7789507.00,23368521.00,114060149.00,68436088.00,205308267.00,0.9931,5.193
Setúbal,Port,SSP5-8.5,Baseline,2048,0.373,14479919.00,8687952.00,26063855.00,128540068.00,77124040.00,231372122.00,0.9044,5.792
Setúbal,Port,SSP5-8.5,Baseline,2049,0.3865,16146176.00,9687706.00,29063117.00,144686244.00,86811746.00,260435239.00,0.8236,6.458
Setúbal,Port,SSP5-8.5,Baseline,2050,0.4,18000000.00,10800000.00,32400000.00,162686244.00,97611746.00,292835239.00,0.75,7.2
Setúbal,Port,SSP5-8.5,Baseline,2051,0.412,19822044.00,11893226.00,35679679.00,182508288.00,109504972.00,328514918.00,0.6901,7.929
Setúbal,Port,SSP5-8.5,Baseline,2052,0.424,21824744.00,13094847.00,39284540.00,204333032.00,122599819.00,367799458.00,0.6351,8.73
Setúbal,Port,SSP5-8.5,Baseline,2053,0.436,24025733.00,14415440.00,43246319.00,228358765.00,137015259.00,411045777.00,0.5844,9.61
Setúbal,Port,SSP5-8.5,Baseline,2054,0.448,26444340.00,15866604.00,47599812.00,254803105.00,152881863.00,458645589.00,0.5377,10.578
Setúbal,Port,SSP5-8.5,Baseline,2055,0.46,29101758.00,17461055.00,52383165.00,283904863.00,170342918.00,511028754.00,0.4948,11.641
Setúbal,Port,SSP5-8.5,Baseline,2056,0.472,32021219.00,19212731.00,57638194.00,315926082.00,189555649.00,568666948.00,0.4553,12.808
Setúbal,Port,SSP5-8.5,Baseline,2057,0.484,35228187.00,21136912.00,63410736.00,351154269.00,210692561.00,632077684.00,0.419,14.091
Setúbal,Port,SSP5-8.5,Baseline,2058,0.496,38750573.00,23250344.00,69751032.00,389904842.00,233942905.00,701828716.00,0.3855,15.5
Setúbal,Port,SSP5-8.5,Baseline,2059,0.508,42618967.00,25571380.00,76714141.00,432523809.00,259514285.00,778542857.00,0.3548,17.048
Setúbal,Port,SSP5-8.5,Baseline,2060,0.52,46866893.00,28120136.00,84360407.00,479390702.00,287634421.00,862903264.00,0.3265,18.747
Setúbal,Port,SSP5-8.5,Baseline,2061,0.532,51531085.00,30918651.00,92755953.00,530921787.00,318553072.00,955659217.00,0.3004,20.612
Setúbal,Port,SSP5-8.5,Baseline,2062,0.544,56651797.00,33991078.00,101973234.00,587573584.00,352544150.00,1057632451.00,0.2764,22.661
Setúbal,Port,SSP5-8.5,Baseline,2063,0.556,62273132.00,37363879.00,112091637.00,649846716.00,389908029.00,1169724088.00,0.2544,24.909
Setúbal,Port,SSP5-8.5,Baseline,2064,0.568,68443410.00,41066046.00,123198139.00,718290126.00,430974075.00,1292922227.00,0.2341,27.377
Setúbal,Port,SSP5-8.5,Baseline,2065,0.58,75215569.00,45129341.00,135388024.00,793505695.00,476103416.00,1428310251.00,0.2154,30.086
Setúbal,Port,SSP5-8.5,Baseline,2066,0.592,82647596.00,49588558.00,148765673.00,876153291.00,525691974.00,1577075924.00,0.1982,33.059
Setúbal,Port,SSP5-8.5,Baseline,2067,0.604,90803013.00,54481808.00,163445424.00,966956304.00,580173782.00,1740521348.00,0.1824,36.321
Setúbal,Port,SSP5-8.5,Baseline,2068,0.616,99751396.00,59850837.00,179552512.00,1066707700.00,640024619.00,1920073860.00,0.1678,39.901
Setúbal,Port,SSP5-8.5,Baseline,2069,0.628,109568946.00,65741368.00,197224103.00,1176276646.00,705765987.00,2117297963.00,0.1544,43.828
Setúbal,Port,SSP5-8.5,Baseline,2070,0.64,120339121.00,72203473.00,216610419.00,1296615767.00,777969460.00,2333908382.00,0.1421,48.136
Setúbal,Port,SSP5-8.5,Baseline,2071,0.652,132153316.00,79291989.00,237875968.00,1428769083.00,857261449.00,2571784350.00,0.1308,52.861
Setúbal,Port,SSP5-8.5,Baseline,2072,0.664,145111611.00,87066967.00,261200900.00,1573880694.00,944328416.00,2832985250.00,0.1203,58.045
Setúbal,Port,SSP5-8.5,Baseline,2073,0.676,159323598.00,95594159.00,286782476.00,1733204292.00,1039922575.00,3119767726.00,0.1107,63.729
Setúbal,Port,SSP5-8.5,Baseline,2074,0.688,174909269.00,104945561.00,314836684.00,1908113561.00,1144868136.00,3434604410.00,0.1019,69.964
Setúbal,Port,SSP5-8.5,Baseline,2075,0.7,192000000.00,115200000.00,345600000.00,2100113561.00,1260068136.00,3780204410.00,0.0938,76.8
Setúbal,Port,SSP5-8.5,Baseline,2076,0.712,210739625.00,126443775.00,379331324.00,2310853186.00,1386511911.00,4159535734.00,0.0863,84.296
Setúbal,Port,SSP5-8.5,Baseline,2077,0.724,231285603.00,138771362.00,416314085.00,2542138788.00,1525283273.00,4575849819.00,0.0794,92.514
Setúbal,Port,SSP5-8.5,Baseline,2078,0.736,253810306.00,152286183.00,456858550.00,2795949094.00,1677569456.00,5032708369.00,0.073,101.524
Setúbal,Port,SSP5-8.5,Baseline,2079,0.748,278502415.00,167101449.00,501304348.00,3074451509.00,1844670905.00,5534012717.00,0.0672,111.401
Setúbal,Port,SSP5-8.5,Baseline,2080,0.76,305568460.00,183341076.00,550023228.00,3380019969.00,2028011981.00,6084035945.00,0.0619,122.227
Setúbal,Port,SSP5-8.5,Baseline,2081,0.772,335234488.00,201140693.00,603422078.00,3715254457.00,2229152674.00,6687458023.00,0.0569,134.094
Setúbal,Port,SSP5-8.5,Baseline,2082,0.784,367747901.00,220648741.00,661946222.00,4083002358.00,2449801415.00,7349404245.00,0.0524,147.099
Setúbal,Port,SSP5-8.5,Baseline,2083,0.796,403379460.00,242027676.00,726083028.00,4486381818.00,2691829091.00,8075487273.00,0.0482,161.352
Setúbal,Port,SSP5-8.5,Baseline,2084,0.808,442425471.00,265455283.00,796365848.00,4928807289.00,2957284374.00,8871853121.00,0.0443,176.97
Setúbal,Port,SSP5-8.5,Baseline,2085,0.82,485210185.00,291126111.00,873378333.00,5414017474.00,3248410485.00,9745231454.00,0.0408,194.084
Setúbal,Port,SSP5-8.5,Baseline,2086,0.832,532088413.00,319253048.00,957759144.00,5946105887.00,3567663533.00,10702990598.00,0.0376,212.835
Setúbal,Port,SSP5-8.5,Baseline,2087,0.844,583448389.00,350069033.00,1050207100.00,6529554276.00,3917732566.00,11753197698.00,0.0346,233.379
Setúbal,Port,SSP5-8.5,Baseline,2088,0.856,639714899.00,383828939.00,1151486818.00,7169269175.00,4301561505.00,12904684516.00,0.0318,255.886
Setúbal,Port,SSP5-8.5,Baseline,2089,0.868,701352699.00,420811620.00,1262434859.00,7870621874.00,4722373125.00,14167119375.00,0.0293,280.541
Setúbal,Port,SSP5-8.5,Baseline,2090,0.88,768870258.00,461322155.00,1383966464.00,8639492132.00,5183695280.00,15551085839.00,0.0269,307.548
Setúbal,Port,SSP5-8.5,Baseline,2091,0.892,842823836.00,505694302.00,1517082905.00,9482315968.00,5689389582.00,17068168744.00,0.0248,337.13
Setúbal,Port,SSP5-8.5,Baseline,2092,0.904,912500000.00,547500000.00,1642500000.00,10394815968.00,6236889582.00,18710668744.00,0.0228,365.0
Setúbal,Port,SSP5-8.5,Baseline,2093,0.916,912500000.00,547500000.00,1642500000.00,11307315968.00,6784389582.00,20353168744.00,0.021,365.0
Setúbal,Port,SSP5-8.5,Baseline,2094,0.928,912500000.00,547500000.00,1642500000.00,12219815968.00,7331889582.00,21995668744.00,0.0193,365.0
Setúbal,Port,SSP5-8.5,Baseline,2095,0.94,912500000.00,547500000.00,1642500000.00,13132315968.00,7879389582.00,23638168744.00,0.0178,365.0
Setúbal,Port,SSP5-8.5,Baseline,2096,0.952,912500000.00,547500000.00,1642500000.00,14044815968.00,8426889582.00,25280668744.00,0.0163,365.0
Setúbal,Port,SSP5-8.5,Baseline,2097,0.964,912500000.00,547500000.00,1642500000.00,14957315968.00,8974389582.00,26923168744.00,0.015,365.0
Setúbal,Port,SSP5-8.5,Baseline,2098,0.976,912500000.00,547500000.00,1642500000.00,15869815968.00,9521889582.00,28565668744.00,0.0138,365.0
Setúbal,Port,SSP5-8.5,Baseline,2099,0.988,912500000.00,547500000.00,1642500000.00,16782315968.00,10069389582.00,30208168744.00,0.0127,365.0
Setúbal,Port,SSP5-8.5,Baseline,2100,1.0,912500000.00,547500000.00,1642500000.00,17694815968.00,10616889582.00,31850668744.00,0.0117,365.0
Setúbal,Port,SSP5-8.5,+Geoid,2025,0.14,2111213.00,1266728.00,3800183.00,2111213.00,1266728.00,3800183.00,4.5471,0.844
Setúbal,Port,SSP5-8.5,+Geoid,2026,0.168,2675573.00,1605344.00,4816032.00,4786786.00,2872072.00,8616215.00,3.745,1.07
Setúbal,Port,SSP5-8.5,+Geoid,2027,0.196,3384839.00,2030904.00,6092711.00,8171625.00,4902976.00,14708926.00,3.0843,1.354
Setúbal,Port,SSP5-8.5,+Geoid,2028,0.224,4275193.00,2565116.00,7695348.00,12446819.00,7468092.00,22404274.00,2.5402,1.71
Setúbal,Port,SSP5-8.5,+Geoid,2029,0.252,5391672.00,3235003.00,9705009.00,17838490.00,10703095.00,32109283.00,2.0921,2.157
Setúbal,Port,SSP5-8.5,+Geoid,2030,0.28,6790294.00,4074177.00,12222530.00,24628785.00,14777272.00,44331813.00,1.723,2.716
Setúbal,Port,SSP5-8.5,+Geoid,2031,0.2935,7585426.00,4551256.00,13653767.00,32214211.00,19328528.00,57985580.00,1.5691,3.034
Setúbal,Port,SSP5-8.5,+Geoid,2032,0.307,8471214.00,5082728.00,15248185.00,40685425.00,24411256.00,73233765.00,1.429,3.388
Setúbal,Port,SSP5-8.5,+Geoid,2033,0.3205,9457791.00,5674675.00,17024025.00,50143216.00,30085931.00,90257790.00,1.3013,3.783
Setúbal,Port,SSP5-8.5,+Geoid,2034,0.334,10556410.00,6333846.00,19001538.00,60699626.00,36419777.00,109259328.00,1.1851,4.223
Setúbal,Port,SSP5-8.5,+Geoid,2035,0.3475,11779557.00,7067734.00,21203202.00,72479183.00,43487511.00,130462530.00,1.0792,4.712
Setúbal,Port,SSP5-8.5,+Geoid,2036,0.361,13141092.00,7884655.00,23653965.00,85620275.00,51372166.00,154116495.00,0.9828,5.256
Setúbal,Port,SSP5-8.5,+Geoid,2037,0.3745,14656395.00,8793837.00,26381511.00,100276670.00,60166003.00,180498006.00,0.895,5.863
Setúbal,Port,SSP5-8.5,+Geoid,2038,0.388,16342533.00,9805520.00,29416559.00,116619202.00,69971523.00,209914565.00,0.8151,6.537
Setúbal,Port,SSP5-8.5,+Geoid,2039,0.4015,18218440.00,10931064.00,32793191.00,134837642.00,80902587.00,242707756.00,0.7422,7.287
Setúbal,Port,SSP5-8.5,+Geoid,2040,0.415,20305121.00,12183073.00,36549218.00,155142763.00,93085660.00,279256974.00,0.6759,8.122
Setúbal,Port,SSP5-8.5,+Geoid,2041,0.4285,22625879.00,13575527.00,40726581.00,177768642.00,106661187.00,319983555.00,0.6156,9.05
Setúbal,Port,SSP5-8.5,+Geoid,2042,0.442,25206555.00,15123933.00,45371799.00,202975197.00,121785120.00,365355354.00,0.5606,10.083
Setúbal,Port,SSP5-8.5,+Geoid,2043,0.4555,28075813.00,16845488.00,50536463.00,231051010.00,138630608.00,415891817.00,0.5105,11.23
Setúbal,Port,SSP5-8.5,+Geoid,2044,0.469,31265435.00,18759261.00,56277782.00,262316444.00,157389869.00,472169599.00,0.4649,12.506
Setúbal,Port,SSP5-8.5,+Geoid,2045,0.4825,34810664.00,20886398.00,62659194.00,297127108.00,178276267.00,534828793.00,0.4234,13.924
Setúbal,Port,SSP5-8.5,+Geoid,2046,0.496,38750573.00,23250344.00,69751032.00,335877681.00,201526611.00,604579825.00,0.3855,15.5
Setúbal,Port,SSP5-8.5,+Geoid,2047,0.5095,43128481.00,25877089.00,77631266.00,379006162.00,227403700.00,682211091.00,0.3511,17.251
Setúbal,Port,SSP5-8.5,+Geoid,2048,0.523,47992406.00,28795444.00,86386331.00,426998568.00,256199144.00,768597422.00,0.3197,19.197
Setúbal,Port,SSP5-8.5,+Geoid,2049,0.5365,53395572.00,32037343.00,96112030.00,480394140.00,288236487.00,864709452.00,0.2912,21.358
Setúbal,Port,SSP5-8.5,+Geoid,2050,0.55,59396970.00,35638182.00,106914545.00,539791110.00,323874669.00,971623997.00,0.2652,23.759
Setúbal,Port,SSP5-8.5,+Geoid,2051,0.562,65286458.00,39171875.00,117515624.00,605077568.00,363046544.00,1089139621.00,0.244,26.115
Setúbal,Port,SSP5-8.5,+Geoid,2052,0.574,71750754.00,43050452.00,129151357.00,676828322.00,406096996.00,1218290978.00,0.2245,28.7
Setúbal,Port,SSP5-8.5,+Geoid,2053,0.586,78845264.00,47307159.00,141921476.00,755673586.00,453404155.00,1360212454.00,0.2066,31.538
Setúbal,Port,SSP5-8.5,+Geoid,2054,0.598,86630681.00,51978408.00,155935225.00,842304267.00,505382563.00,1516147679.00,0.1901,34.652
Setúbal,Port,SSP5-8.5,+Geoid,2055,0.61,95173483.00,57104090.00,171312270.00,937477750.00,562486653.00,1687459949.00,0.1749,38.069
Setúbal,Port,SSP5-8.5,+Geoid,2056,0.622,104546487.00,62727892.00,188183676.00,1042024237.00,625214545.00,1875643625.00,0.161,41.819
Setúbal,Port,SSP5-8.5,+Geoid,2057,0.634,114829438.00,68897663.00,206692989.00,1156853675.00,694112208.00,2082336614.00,0.1481,45.932
Setúbal,Port,SSP5-8.5,+Geoid,2058,0.646,126109674.00,75665804.00,226997413.00,1282963349.00,769778012.00,2309334027.00,0.1363,50.444
Setúbal,Port,SSP5-8.5,+Geoid,2059,0.658,138482834.00,83089701.00,249269102.00,1421446183.00,852867713.00,2558603129.00,0.1254,55.393
Setúbal,Port,SSP5-8.5,+Geoid,2060,0.67,152053649.00,91232189.00,273696567.00,1573499832.00,944099902.00,2832299696.00,0.1154,60.821
Setúbal,Port,SSP5-8.5,+Geoid,2061,0.682,166936791.00,100162074.00,300486223.00,1740436623.00,1044261976.00,3132785919.00,0.1062,66.775
Setúbal,Port,SSP5-8.5,+Geoid,2062,0.694,183257817.00,109954690.00,329864071.00,1923694440.00,1154216666.00,3462649990.00,0.0977,73.303
Setúbal,Port,SSP5-8.5,+Geoid,2063,0.706,201154193.00,120692516.00,362077548.00,2124848633.00,1274909182.00,3824727538.00,0.0899,80.462
Setúbal,Port,SSP5-8.5,+Geoid,2064,0.718,220776412.00,132465847.00,397397541.00,2345625045.00,1407375029.00,4222125079.00,0.0828,88.311
Setúbal,Port,SSP5-8.5,+Geoid,2065,0.73,242289221.00,145373532.00,436120597.00,2587914265.00,1552748561.00,4658245676.00,0.0761,96.916
Setúbal,Port,SSP5-8.5,+Geoid,2066,0.742,265872964.00,159523778.00,478571335.00,2853787229.00,1712272339.00,5136817011.00,0.0701,106.349
Setúbal,Port,SSP5-8.5,+Geoid,2067,0.754,291725046.00,175035028.00,525105083.00,3145512275.00,1887307367.00,5661922094.00,0.0645,116.69
Setúbal,Port,SSP5-8.5,+Geoid,2068,0.766,320061536.00,192036922.00,576110765.00,3465573811.00,2079344289.00,6238032859.00,0.0593,128.025
Setúbal,Port,SSP5-8.5,+Geoid,2069,0.778,351118921.00,210671353.00,632014058.00,3816692732.00,2290015642.00,6870046917.00,0.0546,140.448
Setúbal,Port,SSP5-8.5,+Geoid,2070,0.79,385156019.00,231093611.00,693280834.00,4201848751.00,2521109253.00,7563327751.00,0.0502,154.062
Setúbal,Port,SSP5-8.5,+Geoid,2071,0.802,422456078.00,253473647.00,760420940.00,4624304829.00,2774582900.00,8323748691.00,0.0462,168.982
Setúbal,Port,SSP5-8.5,+Geoid,2072,0.814,463329063.00,277997438.00,833992314.00,5087633892.00,3052580338.00,9157741005.00,0.0425,185.332
Setúbal,Port,SSP5-8.5,+Geoid,2073,0.826,508114164.00,304868498.00,914605495.00,5595748056.00,3357448836.00,10072346500.00,0.0391,203.246
Setúbal,Port,SSP5-8.5,+Geoid,2074,0.838,557182529.00,334309517.00,1002928552.00,6152930585.00,3691758353.00,11075275052.00,0.036,222.873
Setúbal,Port,SSP5-8.5,+Geoid,2075,0.85,610940259.00,366564155.00,1099692466.00,6763870844.00,4058322508.00,12174967518.00,0.0331,244.376
Setúbal,Port,SSP5-8.5,+Geoid,2076,0.862,669831679.00,401899007.00,1205697022.00,7433702523.00,4460221515.00,13380664540.00,0.0305,267.933
Setúbal,Port,SSP5-8.5,+Geoid,2077,0.874,734342913.00,440605748.00,1321817243.00,8168045435.00,4900827263.00,14702481783.00,0.0281,293.737
Setúbal,Port,SSP5-8.5,+Geoid,2078,0.886,805005792.00,483003475.00,1449010425.00,8973051227.00,5383830738.00,16151492208.00,0.0258,322.002
Setúbal,Port,SSP5-8.5,+Geoid,2079,0.898,882402125.00,529441275.00,1588323826.00,9855453352.00,5913272013.00,17739816034.00,0.0238,352.961
Setúbal,Port,SSP5-8.5,+Geoid,2080,0.91,912500000.00,547500000.00,1642500000.00,10767953352.00,6460772013.00,19382316034.00,0.0219,365.0
Setúbal,Port,SSP5-8.5,+Geoid,2081,0.922,912500000.00,547500000.00,1642500000.00,11680453352.00,7008272013.00,21024816034.00,0.0201,365.0
Setúbal,Port,SSP5-8.5,+Geoid,2082,0.934,912500000.00,547500000.00,1642500000.00,12592953352.00,7555772013.00,22667316034.00,0.0185,365.0
Setúbal,Port,SSP5-8.5,+Geoid,2083,0.946,912500000.00,547500000.00,1642500000.00,13505453352.00,8103272013.00,24309816034.00,0.017,365.0
Setúbal,Port,SSP5-8.5,+Geoid,2084,0.958,912500000.00,547500000.00,1642500000.00,14417953352.00,8650772013.00,25952316034.00,0.0157,365.0
Setúbal,Port,SSP5-8.5,+Geoid,2085,0.97,912500000.00,547500000.00,1642500000.00,15330453352.00,9198272013.00,27594816034.00,0.0144,365.0
Setúbal,Port,SSP5-8.5,+Geoid,2086,0.982,912500000.00,547500000.00,1642500000.00,16242953352.00,9745772013.00,29237316034.00,0.0133,365.0
Setúbal,Port,SSP5-8.5,+Geoid,2087,0.994,912500000.00,547500000.00,1642500000.00,17155453352.00,10293272013.00,30879816034.00,0.0122,365.0
Setúbal,Port,SSP5-8.5,+Geoid,2088,1.006,912500000.00,547500000.00,1642500000.00,18067953352.00,10840772013.00,32522316034.00,0.0112,365.0
Setúbal,Port,SSP5-8.5,+Geoid,2089,1.018,912500000.00,547500000.00,1642500000.00,18980453352.00,11388272013.00,34164816034.00,0.0103,365.0
Setúbal,Port,SSP5-8.5,+Geoid,2090,1.03,912500000.00,547500000.00,1642500000.00,19892953352.00,11935772013.00,35807316034.00,0.0095,365.0
Setúbal,Port,SSP5-8.5,+Geoid,2091,1.042,912500000.00,547500000.00,1642500000.00,20805453352.00,12483272013.00,37449816034.00,0.0088,365.0
Setúbal,Port,SSP5-8.5,+Geoid,2092,1.054,912500000.00,547500000.00,1642500000.00,21717953352.00,13030772013.00,39092316034.00,0.0081,365.0
Setúbal,Port,SSP5-8.5,+Geoid,2093,1.066,912500000.00,547500000.00,1642500000.00,22630453352.00,13578272013.00,40734816034.00,0.0074,365.0
Setúbal,Port,SSP5-8.5,+Geoid,2094,1.078,912500000.00,547500000.00,1642500000.00,23542953352.00,14125772013.00,42377316034.00,0.0068,365.0
Setúbal,Port,SSP5-8.5,+Geoid,2095,1.09,912500000.00,547500000.00,1642500000.00,24455453352.00,14673272013.00,44019816034.00,0.0063,365.0
Setúbal,Port,SSP5-8.5,+Geoid,2096,1.102,912500000.00,547500000.00,1642500000.00,25367953352.00,15220772013.00,45662316034.00,0.0058,365.0
Setúbal,Port,SSP5-8.5,+Geoid,2097,1.114,912500000.00,547500000.00,1642500000.00,26280453352.00,15768272013.00,47304816034.00,0.0053,365.0
Setúbal,Port,SSP5-8.5,+Geoid,2098,1.126,912500000.00,547500000.00,1642500000.00,27192953352.00,16315772013.00,48947316034.00,0.0049,365.0
Setúbal,Port,SSP5-8.5,+Geoid,2099,1.138,912500000.00,547500000.00,1642500000.00,28105453352.00,16863272013.00,50589816034.00,0.0045,365.0
Setúbal,Port,SSP5-8.5,+Geoid,2100,1.15,912500000.00,547500000.00,1642500000.00,29017953352.00,17410772013.00,52232316034.00,0.0041,365.0
