port,scenario,variant,year,slr_m,return_period_yr,closure_days_yr,annual_cost_low_eur,annual_cost_mid_eur,annual_cost_high_eur,cumulative_cost_mid_eur
Leixões,SSP1-2.6,Baseline,2025,0.035,15.6917,0.136,204567.0,409134.0,681890.0,409134.0
Leixões,SSP1-2.6,Baseline,2026,0.042,14.9485,0.145,217547.0,435094.0,725157.0,844228.0
Leixões,SSP1-2.6,Baseline,2027,0.049,14.2405,0.154,231312.0,462624.0,771040.0,1306852.0
Leixões,SSP1-2.6,Baseline,2028,0.056,13.566,0.164,245908.0,491816.0,819694.0,1798668.0
Leixões,SSP1-2.6,Baseline,2029,0.063,12.9235,0.174,261384.0,522767.0,871279.0,2321436.0
Leixões,SSP1-2.6,Baseline,2030,0.07,12.3114,0.185,277790.0,555581.0,925968.0,2877016.0
Leixões,SSP1-2.6,Baseline,2031,0.0765,11.7691,0.196,293906.0,587812.0,979687.0,3464829.0
Leixões,SSP1-2.6,Baseline,2032,0.083,11.2506,0.207,310917.0,621834.0,1036391.0,4086663.0
Leixões,SSP1-2.6,Baseline,2033,0.0895,10.7549,0.219,328872.0,657744.0,1096240.0,4744407.0
Leixões,SSP1-2.6,Baseline,2034,0.096,10.2811,0.232,347821.0,695643.0,1159405.0,5440050.0
Leixões,SSP1-2.6,Baseline,2035,0.1025,9.8282,0.245,367819.0,735638.0,1226063.0,6175688.0
Leixões,SSP1-2.6,Baseline,2036,0.109,9.3952,0.259,388921.0,777842.0,1296403.0,6953529.0
Leixões,SSP1-2.6,Baseline,2037,0.1155,8.9813,0.274,411187.0,822373.0,1370622.0,7775902.0
Leixões,SSP1-2.6,Baseline,2038,0.122,8.5857,0.29,434679.0,869357.0,1448929.0,8645260.0
Leixões,SSP1-2.6,Baseline,2039,0.1285,8.2074,0.306,459463.0,918925.0,1531542.0,9564185.0
Leixões,SSP1-2.6,Baseline,2040,0.135,7.8458,0.324,485608.0,971215.0,1618692.0,10535400.0
Leixões,SSP1-2.6,Baseline,2041,0.1415,7.5002,0.342,513187.0,1026373.0,1710622.0,11561773.0
Leixões,SSP1-2.6,Baseline,2042,0.148,7.1698,0.362,542276.0,1084553.0,1807588.0,12646326.0
Leixões,SSP1-2.6,Baseline,2043,0.1545,6.8539,0.382,572957.0,1145915.0,1909858.0,13792240.0
Leixões,SSP1-2.6,Baseline,2044,0.161,6.552,0.404,605314.0,1210629.0,2017715.0,15002869.0
Leixões,SSP1-2.6,Baseline,2045,0.1675,6.2633,0.426,639437.0,1278874.0,2131457.0,16281743.0
Leixões,SSP1-2.6,Baseline,2046,0.174,5.9874,0.45,675419.0,1350838.0,2251397.0,17632581.0
Leixões,SSP1-2.6,Baseline,2047,0.1805,5.7236,0.476,713360.0,1426719.0,2377865.0,19059301.0
Leixões,SSP1-2.6,Baseline,2048,0.187,5.4715,0.502,753363.0,1506725.0,2511209.0,20566026.0
Leixões,SSP1-2.6,Baseline,2049,0.1935,5.2304,0.53,795538.0,1591075.0,2651792.0,22157101.0
Leixões,SSP1-2.6,Baseline,2050,0.2,5.0,0.56,840000.0,1680000.0,2800000.0,23837101.0
Leixões,SSP1-2.6,Baseline,2051,0.204,4.8633,0.579,868551.0,1737101.0,2895169.0,25574202.0
Leixões,SSP1-2.6,Baseline,2052,0.208,4.7303,0.599,898043.0,1796085.0,2993475.0,27370288.0
Leixões,SSP1-2.6,Baseline,2053,0.212,4.6009,0.619,928506.0,1857013.0,3095021.0,29227300.0
Leixões,SSP1-2.6,Baseline,2054,0.216,4.4751,0.64,959973.0,1919946.0,3199910.0,31147246.0
Leixões,SSP1-2.6,Baseline,2055,0.22,4.3528,0.662,992475.0,1984951.0,3308251.0,33132197.0
Leixões,SSP1-2.6,Baseline,2056,0.224,4.2337,0.684,1026046.0,2052093.0,3420155.0,35184290.0
Leixões,SSP1-2.6,Baseline,2057,0.228,4.118,0.707,1060721.0,2121441.0,3535736.0,37305731.0
Leixões,SSP1-2.6,Baseline,2058,0.232,4.0053,0.731,1096534.0,2193067.0,3655112.0,39498798.0
Leixões,SSP1-2.6,Baseline,2059,0.236,3.8958,0.756,1133522.0,2267044.0,3778406.0,41765842.0
Leixões,SSP1-2.6,Baseline,2060,0.24,3.7893,0.781,1171723.0,2343446.0,3905743.0,44109288.0
Leixões,SSP1-2.6,Baseline,2061,0.244,3.6857,0.807,1211176.0,2422353.0,4037254.0,46531641.0
Leixões,SSP1-2.6,Baseline,2062,0.248,3.5849,0.835,1251922.0,2503844.0,4173073.0,49035484.0
Leixões,SSP1-2.6,Baseline,2063,0.252,3.4869,0.863,1294001.0,2588002.0,4313337.0,51623487.0
Leixões,SSP1-2.6,Baseline,2064,0.256,3.3915,0.892,1337457.0,2674914.0,4458190.0,54298401.0
Leixões,SSP1-2.6,Baseline,2065,0.26,3.2988,0.922,1382334.0,2764667.0,4607778.0,57063068.0
Leixões,SSP1-2.6,Baseline,2066,0.264,3.2086,0.952,1428676.0,2857352.0,4762254.0,59920420.0
Leixões,SSP1-2.6,Baseline,2067,0.268,3.1208,0.984,1476532.0,2953064.0,4921773.0,62873484.0
Leixões,SSP1-2.6,Baseline,2068,0.272,3.0355,1.017,1525949.0,3051899.0,5086498.0,65925383.0
Leixões,SSP1-2.6,Baseline,2069,0.276,2.9525,1.051,1576978.0,3153957.0,5256595.0,69079340.0
Leixões,SSP1-2.6,Baseline,2070,0.28,2.8717,1.086,1629671.0,3259341.0,5432236.0,72338681.0
Leixões,SSP1-2.6,Baseline,2071,0.284,2.7932,1.123,1684079.0,3368158.0,5613597.0,75706840.0
Leixões,SSP1-2.6,Baseline,2072,0.288,2.7168,1.16,1740259.0,3480518.0,5800863.0,79187357.0
Leixões,SSP1-2.6,Baseline,2073,0.292,2.6425,1.199,1798266.0,3596533.0,5994221.0,82783890.0
Leixões,SSP1-2.6,Baseline,2074,0.296,2.5703,1.239,1858160.0,3716320.0,6193867.0,86500210.0
Leixões,SSP1-2.6,Baseline,2075,0.3,2.5,1.28,1920000.0,3840000.0,6400000.0,90340210.0
Leixões,SSP1-2.6,Baseline,2076,0.304,2.4316,1.323,1983848.0,3967697.0,6612828.0,94307907.0
Leixões,SSP1-2.6,Baseline,2077,0.308,2.3651,1.367,2049769.0,4099539.0,6832565.0,98407446.0
Leixões,SSP1-2.6,Baseline,2078,0.312,2.3005,1.412,2117829.0,4235658.0,7059430.0,102643104.0
Leixões,SSP1-2.6,Baseline,2079,0.316,2.2376,1.459,2188095.0,4376190.0,7293650.0,107019294.0
Leixões,SSP1-2.6,Baseline,2080,0.32,2.1764,1.507,2260638.0,4521277.0,7535461.0,111540571.0
Leixões,SSP1-2.6,Baseline,2081,0.324,2.1169,1.557,2335531.0,4671062.0,7785104.0,116211633.0
Leixões,SSP1-2.6,Baseline,2082,0.328,2.059,1.609,2412848.0,4825696.0,8042827.0,121037329.0
Leixões,SSP1-2.6,Baseline,2083,0.332,2.0027,1.662,2492666.0,4985333.0,8308888.0,126022662.0
Leixões,SSP1-2.6,Baseline,2084,0.336,1.9479,1.717,2575066.0,5150131.0,8583552.0,131172793.0
Leixões,SSP1-2.6,Baseline,2085,0.34,1.8946,1.773,2660128.0,5320256.0,8867093.0,136493049.0
Leixões,SSP1-2.6,Baseline,2086,0.344,1.8428,1.832,2747938.0,5495875.0,9159792.0,141988925.0
Leixões,SSP1-2.6,Baseline,2087,0.348,1.7924,1.892,2838582.0,5677165.0,9461941.0,147666089.0
Leixões,SSP1-2.6,Baseline,2088,0.352,1.7434,1.955,2932152.0,5864303.0,9773839.0,153530393.0
Leixões,SSP1-2.6,Baseline,2089,0.356,1.6958,2.019,3028739.0,6057477.0,10095796.0,159587870.0
Leixões,SSP1-2.6,Baseline,2090,0.36,1.6494,2.086,3128439.0,6256878.0,10428130.0,165844748.0
Leixões,SSP1-2.6,Baseline,2091,0.364,1.6043,2.154,3231351.0,6462703.0,10771171.0,172307451.0
Leixões,SSP1-2.6,Baseline,2092,0.368,1.5604,2.225,3337578.0,6675155.0,11125258.0,178982606.0
Leixões,SSP1-2.6,Baseline,2093,0.372,1.5177,2.298,3447223.0,6894445.0,11490742.0,185877051.0
Leixões,SSP1-2.6,Baseline,2094,0.376,1.4762,2.374,3560395.0,7120789.0,11867982.0,192997840.0
Leixões,SSP1-2.6,Baseline,2095,0.38,1.4359,2.451,3677206.0,7354411.0,12257352.0,200352251.0
Leixões,SSP1-2.6,Baseline,2096,0.384,1.3966,2.532,3797770.0,7595541.0,12659235.0,207947792.0
Leixões,SSP1-2.6,Baseline,2097,0.388,1.3584,2.615,3922208.0,7844416.0,13074026.0,215792208.0
Leixões,SSP1-2.6,Baseline,2098,0.392,1.3213,2.7,4050640.0,8101281.0,13502135.0,223893489.0
Leixões,SSP1-2.6,Baseline,2099,0.396,1.2851,2.789,4183194.0,8366389.0,13943981.0,232259878.0
Leixões,SSP1-2.6,Baseline,2100,0.4,1.25,2.88,4320000.0,8640000.0,14400000.0,240899878.0
Leixões,SSP1-2.6,+Geoid,2025,0.11,9.3303,0.262,392269.0,784538.0,1307564.0,784538.0
Leixões,SSP1-2.6,+Geoid,2026,0.132,8.0107,0.316,473367.0,946734.0,1577890.0,1731272.0
Leixões,SSP1-2.6,+Geoid,2027,0.154,6.8777,0.38,570539.0,1141078.0,1901796.0,2872350.0
Leixões,SSP1-2.6,+Geoid,2028,0.176,5.905,0.458,686880.0,1373760.0,2289599.0,4246109.0
Leixões,SSP1-2.6,+Geoid,2029,0.198,5.0698,0.551,826069.0,1652137.0,2753562.0,5898246.0
Leixões,SSP1-2.6,+Geoid,2030,0.22,4.3528,0.662,992475.0,1984951.0,3308251.0,7883197.0
Leixões,SSP1-2.6,+Geoid,2031,0.2265,4.161,0.698,1047586.0,2095173.0,3491954.0,9978370.0
Leixões,SSP1-2.6,+Geoid,2032,0.233,3.9777,0.737,1105669.0,2211338.0,3685563.0,12189708.0
Leixões,SSP1-2.6,+Geoid,2033,0.2395,3.8024,0.778,1166880.0,2333760.0,3889601.0,14523468.0
Leixões,SSP1-2.6,+Geoid,2034,0.246,3.6349,0.821,1231385.0,2462770.0,4104617.0,16986238.0
Leixões,SSP1-2.6,+Geoid,2035,0.2525,3.4748,0.866,1299357.0,2598714.0,4331190.0,19584952.0
Leixões,SSP1-2.6,+Geoid,2036,0.259,3.3217,0.914,1370979.0,2741957.0,4569929.0,22326910.0
Leixões,SSP1-2.6,+Geoid,2037,0.2655,3.1754,0.964,1446442.0,2892884.0,4821474.0,25219794.0
Leixões,SSP1-2.6,+Geoid,2038,0.272,3.0355,1.017,1525949.0,3051899.0,5086498.0,28271693.0
Leixões,SSP1-2.6,+Geoid,2039,0.2785,2.9018,1.073,1609713.0,3219426.0,5365709.0,31491119.0
Leixões,SSP1-2.6,+Geoid,2040,0.285,2.7739,1.132,1697956.0,3395912.0,5659853.0,34887030.0
Leixões,SSP1-2.6,+Geoid,2041,0.2915,2.6517,1.194,1790914.0,3581827.0,5969712.0,38468857.0
Leixões,SSP1-2.6,+Geoid,2042,0.298,2.5349,1.259,1888833.0,3777666.0,6296110.0,42246523.0
Leixões,SSP1-2.6,+Geoid,2043,0.3045,2.4232,1.328,1991974.0,3983948.0,6639913.0,46230471.0
Leixões,SSP1-2.6,+Geoid,2044,0.311,2.3165,1.4,2100610.0,4201220.0,7002033.0,50431691.0
Leixões,SSP1-2.6,+Geoid,2045,0.3175,2.2144,1.477,2215028.0,4430056.0,7383427.0,54861747.0
Leixões,SSP1-2.6,+Geoid,2046,0.324,2.1169,1.557,2335531.0,4671062.0,7785104.0,59532809.0
Leixões,SSP1-2.6,+Geoid,2047,0.3305,2.0236,1.642,2462436.0,4924873.0,8208121.0,64457682.0
Leixões,SSP1-2.6,+Geoid,2048,0.337,1.9345,1.731,2596078.0,5192157.0,8653595.0,69649839.0
Leixões,SSP1-2.6,+Geoid,2049,0.3435,1.8492,1.825,2736808.0,5473617.0,9122694.0,75123455.0
Leixões,SSP1-2.6,+Geoid,2050,0.35,1.7678,1.923,2884996.0,5769991.0,9616652.0,80893447.0
Leixões,SSP1-2.6,+Geoid,2051,0.354,1.7194,1.987,2980062.0,5960124.0,9933540.0,86853571.0
Leixões,SSP1-2.6,+Geoid,2052,0.358,1.6724,2.052,3078194.0,6156387.0,10260645.0,93009958.0
Leixões,SSP1-2.6,+Geoid,2053,0.362,1.6267,2.12,3179487.0,6358975.0,10598291.0,99368933.0
Leixões,SSP1-2.6,+Geoid,2054,0.366,1.5822,2.189,3284044.0,6568087.0,10946812.0,105937020.0
Leixões,SSP1-2.6,+Geoid,2055,0.37,1.5389,2.261,3391966.0,6783932.0,11306553.0,112720952.0
Leixões,SSP1-2.6,+Geoid,2056,0.374,1.4968,2.336,3503361.0,7006722.0,11677869.0,119727674.0
Leixões,SSP1-2.6,+Geoid,2057,0.378,1.4559,2.412,3618338.0,7236676.0,12061127.0,126964350.0
Leixões,SSP1-2.6,+Geoid,2058,0.382,1.4161,2.491,3737011.0,7474023.0,12456705.0,134438373.0
Leixões,SSP1-2.6,+Geoid,2059,0.386,1.3774,2.573,3859497.0,7718995.0,12864992.0,142157368.0
Leixões,SSP1-2.6,+Geoid,2060,0.39,1.3397,2.657,3985917.0,7971834.0,13286390.0,150129202.0
Leixões,SSP1-2.6,+Geoid,2061,0.394,1.3031,2.744,4116394.0,8232788.0,13721314.0,158361990.0
Leixões,SSP1-2.6,+Geoid,2062,0.398,1.2674,2.834,4251057.0,8502115.0,14170191.0,166864105.0
Leixões,SSP1-2.6,+Geoid,2063,0.402,1.2328,2.927,4390039.0,8780078.0,14633463.0,175644183.0
Leixões,SSP1-2.6,+Geoid,2064,0.406,1.1991,3.022,4533475.0,9066950.0,15111584.0,184711133.0
Leixões,SSP1-2.6,+Geoid,2065,0.41,1.1663,3.121,4681506.0,9363013.0,15605022.0,194074146.0
Leixões,SSP1-2.6,+Geoid,2066,0.414,1.1344,3.223,4834278.0,9668556.0,16114260.0,203742702.0
Leixões,SSP1-2.6,+Geoid,2067,0.418,1.1034,3.328,4991940.0,9983879.0,16639799.0,213726581.0
Leixões,SSP1-2.6,+Geoid,2068,0.422,1.0732,3.436,5154645.0,10309290.0,17182150.0,224035871.0
Leixões,SSP1-2.6,+Geoid,2069,0.426,1.0439,3.548,5322553.0,10645107.0,17741844.0,234680978.0
Leixões,SSP1-2.6,+Geoid,2070,0.43,1.0153,3.664,5495829.0,10991657.0,18319429.0,245672635.0
Leixões,SSP1-2.6,+Geoid,2071,0.434,0.9876,3.783,5674640.0,11349280.0,18915467.0,257021915.0
Leixões,SSP1-2.6,+Geoid,2072,0.438,0.9605,3.906,5859162.0,11718323.0,19530539.0,268740238.0
Leixões,SSP1-2.6,+Geoid,2073,0.442,0.9343,4.033,6049573.0,12099146.0,20165244.0,280839385.0
Leixões,SSP1-2.6,+Geoid,2074,0.446,0.9087,4.164,6246060.0,12492121.0,20820201.0,293331505.0
Leixões,SSP1-2.6,+Geoid,2075,0.45,0.8839,4.299,6448814.0,12897628.0,21496046.0,306229133.0
Leixões,SSP1-2.6,+Geoid,2076,0.454,0.8597,4.439,6658031.0,13316062.0,22193437.0,319545195.0
Leixões,SSP1-2.6,+Geoid,2077,0.458,0.8362,4.583,6873915.0,13747830.0,22913049.0,333293025.0
Leixões,SSP1-2.6,+Geoid,2078,0.462,0.8133,4.731,7096675.0,14193350.0,23655583.0,347486374.0
Leixões,SSP1-2.6,+Geoid,2079,0.466,0.7911,4.884,7326527.0,14653054.0,24421757.0,362139429.0
Leixões,SSP1-2.6,+Geoid,2080,0.47,0.7695,5.042,7563694.0,15127389.0,25212314.0,377266817.0
Leixões,SSP1-2.6,+Geoid,2081,0.474,0.7484,5.206,7808406.0,15616812.0,26028020.0,392883629.0
Leixões,SSP1-2.6,+Geoid,2082,0.478,0.728,5.374,8060899.0,16121798.0,26869664.0,409005428.0
Leixões,SSP1-2.6,+Geoid,2083,0.482,0.7081,5.548,8321418.0,16642835.0,27738059.0,425648263.0
Leixões,SSP1-2.6,+Geoid,2084,0.486,0.6887,5.727,8590213.0,17180427.0,28634044.0,442828690.0
Leixões,SSP1-2.6,+Geoid,2085,0.49,0.6699,5.912,8867546.0,17735091.0,29558485.0,460563781.0
Leixões,SSP1-2.6,+Geoid,2086,0.494,0.6515,6.102,9153682.0,18307364.0,30512273.0,478871145.0
Leixões,SSP1-2.6,+Geoid,2087,0.498,0.6337,6.299,9448898.0,18897797.0,31496328.0,497768941.0
Leixões,SSP1-2.6,+Geoid,2088,0.502,0.6164,6.502,9753479.0,19506958.0,32511597.0,517275899.0
Leixões,SSP1-2.6,+Geoid,2089,0.506,0.5995,6.712,10067717.0,20135435.0,33559058.0,537411334.0
Leixões,SSP1-2.6,+Geoid,2090,0.51,0.5831,6.928,10391915.0,20783831.0,34639718.0,558195165.0
Leixões,SSP1-2.6,+Geoid,2091,0.514,0.5672,7.151,10726385.0,21452770.0,35754617.0,579647935.0
Leixões,SSP1-2.6,+Geoid,2092,0.518,0.5517,7.381,11071448.0,22142895.0,36904825.0,601790831.0
Leixões,SSP1-2.6,+Geoid,2093,0.522,0.5366,7.618,11427434.0,22854868.0,38091447.0,624645699.0
Leixões,SSP1-2.6,+Geoid,2094,0.526,0.5219,7.863,11794686.0,23589372.0,39315621.0,648235071.0
Leixões,SSP1-2.6,+Geoid,2095,0.53,0.5077,8.116,12173556.0,24347112.0,40578520.0,672582183.0
Leixões,SSP1-2.6,+Geoid,2096,0.534,0.4938,8.376,12564406.0,25128813.0,41881354.0,697710996.0
Leixões,SSP1-2.6,+Geoid,2097,0.538,0.4803,8.645,12967611.0,25935223.0,43225371.0,723646218.0
Leixões,SSP1-2.6,+Geoid,2098,0.542,0.4671,8.922,13383557.0,26767114.0,44611856.0,750413332.0
Leixões,SSP1-2.6,+Geoid,2099,0.546,0.4544,9.208,13812641.0,27625281.0,46042136.0,778038614.0
Leixões,SSP1-2.6,+Geoid,2100,0.55,0.4419,9.504,14255273.0,28510545.0,47517576.0,806549159.0
Leixões,SSP2-4.5,Baseline,2025,0.05,14.1421,0.156,233345.0,466690.0,777817.0,466690.0
Leixões,SSP2-4.5,Baseline,2026,0.06,13.1951,0.17,254640.0,509281.0,848801.0,975971.0
Leixões,SSP2-4.5,Baseline,2027,0.07,12.3114,0.185,277790.0,555581.0,925968.0,1531552.0
Leixões,SSP2-4.5,Baseline,2028,0.08,11.487,0.202,302952.0,605903.0,1009839.0,2137455.0
Leixões,SSP2-4.5,Baseline,2029,0.09,10.7177,0.22,330294.0,660587.0,1100979.0,2798042.0
Leixões,SSP2-4.5,Baseline,2030,0.1,10.0,0.24,360000.0,720000.0,1200000.0,3518042.0
Leixões,SSP2-4.5,Baseline,2031,0.11,9.3303,0.262,392269.0,784538.0,1307564.0,4302581.0
Leixões,SSP2-4.5,Baseline,2032,0.12,8.7055,0.285,427316.0,854632.0,1424386.0,5157212.0
Leixões,SSP2-4.5,Baseline,2033,0.13,8.1225,0.31,465373.0,930745.0,1551242.0,6087957.0
Leixões,SSP2-4.5,Baseline,2034,0.14,7.5786,0.338,506691.0,1013382.0,1688970.0,7101339.0
Leixões,SSP2-4.5,Baseline,2035,0.15,7.0711,0.368,551543.0,1103087.0,1838478.0,8204426.0
Leixões,SSP2-4.5,Baseline,2036,0.16,6.5975,0.4,600224.0,1200448.0,2000746.0,9404874.0
Leixões,SSP2-4.5,Baseline,2037,0.17,6.1557,0.435,653051.0,1306102.0,2176836.0,10710975.0
Leixões,SSP2-4.5,Baseline,2038,0.18,5.7435,0.474,710369.0,1420739.0,2367898.0,12131714.0
Leixões,SSP2-4.5,Baseline,2039,0.19,5.3589,0.515,772551.0,1545103.0,2575171.0,13676817.0
Leixões,SSP2-4.5,Baseline,2040,0.2,5.0,0.56,840000.0,1680000.0,2800000.0,15356817.0
Leixões,SSP2-4.5,Baseline,2041,0.21,4.6652,0.609,913151.0,1826302.0,3043837.0,17183119.0
Leixões,SSP2-4.5,Baseline,2042,0.22,4.3528,0.662,992475.0,1984951.0,3308251.0,19168069.0
Leixões,SSP2-4.5,Baseline,2043,0.23,4.0613,0.719,1078483.0,2156965.0,3594942.0,21325034.0
Leixões,SSP2-4.5,Baseline,2044,0.24,3.7893,0.781,1171723.0,2343446.0,3905743.0,23668480.0
Leixões,SSP2-4.5,Baseline,2045,0.25,3.5355,0.849,1272792.0,2545584.0,4242641.0,26214065.0
Leixões,SSP2-4.5,Baseline,2046,0.26,3.2988,0.922,1382334.0,2764667.0,4607778.0,28978732.0
Leixões,SSP2-4.5,Baseline,2047,0.27,3.0779,1.001,1501042.0,3002085.0,5003475.0,31980817.0
Leixões,SSP2-4.5,Baseline,2048,0.28,2.8717,1.086,1629671.0,3259341.0,5432236.0,35240158.0
Leixões,SSP2-4.5,Baseline,2049,0.29,2.6794,1.179,1769031.0,3538061.0,5896769.0,38778219.0
Leixões,SSP2-4.5,Baseline,2050,0.3,2.5,1.28,1920000.0,3840000.0,6400000.0,42618219.0
Leixões,SSP2-4.5,Baseline,2051,0.306,2.3982,1.344,2016546.0,4033092.0,6721819.0,46651311.0
Leixões,SSP2-4.5,Baseline,2052,0.312,2.3005,1.412,2117829.0,4235658.0,7059430.0,50886968.0
Leixões,SSP2-4.5,Baseline,2053,0.318,2.2068,1.483,2224078.0,4448155.0,7413592.0,55335124.0
Leixões,SSP2-4.5,Baseline,2054,0.324,2.1169,1.557,2335531.0,4671062.0,7785104.0,60006186.0
Leixões,SSP2-4.5,Baseline,2055,0.33,2.0306,1.635,2452440.0,4904879.0,8174799.0,64911065.0
Leixões,SSP2-4.5,Baseline,2056,0.336,1.9479,1.717,2575066.0,5150131.0,8583552.0,70061197.0
Leixões,SSP2-4.5,Baseline,2057,0.342,1.8686,1.802,2703684.0,5407368.0,9012280.0,75468565.0
Leixões,SSP2-4.5,Baseline,2058,0.348,1.7924,1.892,2838582.0,5677165.0,9461941.0,81145729.0
Leixões,SSP2-4.5,Baseline,2059,0.354,1.7194,1.987,2980062.0,5960124.0,9933540.0,87105853.0
Leixões,SSP2-4.5,Baseline,2060,0.36,1.6494,2.086,3128439.0,6256878.0,10428130.0,93362731.0
Leixões,SSP2-4.5,Baseline,2061,0.366,1.5822,2.189,3284044.0,6568087.0,10946812.0,99930819.0
Leixões,SSP2-4.5,Baseline,2062,0.372,1.5177,2.298,3447223.0,6894445.0,11490742.0,106825264.0
Leixões,SSP2-4.5,Baseline,2063,0.378,1.4559,2.412,3618338.0,7236676.0,12061127.0,114061940.0
Leixões,SSP2-4.5,Baseline,2064,0.384,1.3966,2.532,3797770.0,7595541.0,12659235.0,121657481.0
Leixões,SSP2-4.5,Baseline,2065,0.39,1.3397,2.657,3985917.0,7971834.0,13286390.0,129629315.0
Leixões,SSP2-4.5,Baseline,2066,0.396,1.2851,2.789,4183194.0,8366389.0,13943981.0,137995704.0
Leixões,SSP2-4.5,Baseline,2067,0.402,1.2328,2.927,4390039.0,8780078.0,14633463.0,146775782.0
Leixões,SSP2-4.5,Baseline,2068,0.408,1.1826,3.071,4606907.0,9213815.0,15356358.0,155989597.0
Leixões,SSP2-4.5,Baseline,2069,0.414,1.1344,3.223,4834278.0,9668556.0,16114260.0,165658153.0
Leixões,SSP2-4.5,Baseline,2070,0.42,1.0882,3.382,5072652.0,10145304.0,16908840.0,175803457.0
Leixões,SSP2-4.5,Baseline,2071,0.426,1.0439,3.548,5322553.0,10645107.0,17741844.0,186448563.0
Leixões,SSP2-4.5,Baseline,2072,0.432,1.0013,3.723,5584532.0,11169063.0,18615105.0,197617626.0
Leixões,SSP2-4.5,Baseline,2073,0.438,0.9605,3.906,5859162.0,11718323.0,19530539.0,209335950.0
Leixões,SSP2-4.5,Baseline,2074,0.444,0.9214,4.098,6147046.0,12294091.0,20490152.0,221630041.0
Leixões,SSP2-4.5,Baseline,2075,0.45,0.8839,4.299,6448814.0,12897628.0,21496046.0,234527668.0
Leixões,SSP2-4.5,Baseline,2076,0.456,0.8479,4.51,6765127.0,13530253.0,22550422.0,248057921.0
Leixões,SSP2-4.5,Baseline,2077,0.462,0.8133,4.731,7096675.0,14193350.0,23655583.0,262251271.0
Leixões,SSP2-4.5,Baseline,2078,0.468,0.7802,4.963,7444182.0,14888364.0,24813941.0,277139635.0
Leixões,SSP2-4.5,Baseline,2079,0.474,0.7484,5.206,7808406.0,15616812.0,26028020.0,292756448.0
Leixões,SSP2-4.5,Baseline,2080,0.48,0.7179,5.46,8190140.0,16380279.0,27300466.0,309136727.0
Leixões,SSP2-4.5,Baseline,2081,0.486,0.6887,5.727,8590213.0,17180427.0,28634044.0,326317154.0
Leixões,SSP2-4.5,Baseline,2082,0.492,0.6606,6.006,9009496.0,18018992.0,30031654.0,344336146.0
Leixões,SSP2-4.5,Baseline,2083,0.498,0.6337,6.299,9448898.0,18897797.0,31496328.0,363233943.0
Leixões,SSP2-4.5,Baseline,2084,0.504,0.6079,6.606,9909372.0,19818745.0,33031241.0,383052687.0
Leixões,SSP2-4.5,Baseline,2085,0.51,0.5831,6.928,10391915.0,20783831.0,34639718.0,403836518.0
Leixões,SSP2-4.5,Baseline,2086,0.516,0.5594,7.265,10897572.0,21795144.0,36325239.0,425631662.0
Leixões,SSP2-4.5,Baseline,2087,0.522,0.5366,7.618,11427434.0,22854868.0,38091447.0,448486530.0
Leixões,SSP2-4.5,Baseline,2088,0.528,0.5147,7.988,11982646.0,23965293.0,39942155.0,472451823.0
Leixões,SSP2-4.5,Baseline,2089,0.534,0.4938,8.376,12564406.0,25128813.0,41881354.0,497580636.0
Leixões,SSP2-4.5,Baseline,2090,0.54,0.4737,8.783,13173967.0,26347934.0,43913223.0,523928570.0
Leixões,SSP2-4.5,Baseline,2091,0.546,0.4544,9.208,13812641.0,27625281.0,46042136.0,551553851.0
Leixões,SSP2-4.5,Baseline,2092,0.552,0.4359,9.655,14481801.0,28963602.0,48272669.0,580517453.0
Leixões,SSP2-4.5,Baseline,2093,0.558,0.4181,10.122,15182885.0,30365770.0,50609616.0,610883222.0
Leixões,SSP2-4.5,Baseline,2094,0.564,0.4011,10.612,15917397.0,31834795.0,53057991.0,642718017.0
Leixões,SSP2-4.5,Baseline,2095,0.57,0.3847,11.125,16686913.0,33373826.0,55623044.0,676091844.0
Leixões,SSP2-4.5,Baseline,2096,0.576,0.3691,11.662,17493081.0,34986162.0,58310269.0,711078005.0
Leixões,SSP2-4.5,Baseline,2097,0.582,0.354,12.225,18337625.0,36675250.0,61125417.0,747753255.0
Leixões,SSP2-4.5,Baseline,2098,0.588,0.3396,12.815,19222352.0,38444704.0,64074506.0,786197959.0
Leixões,SSP2-4.5,Baseline,2099,0.594,0.3258,13.433,20149151.0,40298302.0,67163837.0,826496261.0
Leixões,SSP2-4.5,Baseline,2100,0.6,0.3125,14.08,21120000.0,42240000.0,70400000.0,868736261.0
Leixões,SSP2-4.5,+Geoid,2025,0.125,8.409,0.297,445953.0,891905.0,1486509.0,891905.0
Leixões,SSP2-4.5,+Geoid,2026,0.15,7.0711,0.368,551543.0,1103087.0,1838478.0,1994992.0
Leixões,SSP2-4.5,+Geoid,2027,0.175,5.946,0.454,681126.0,1362252.0,2270420.0,3357244.0
Leixões,SSP2-4.5,+Geoid,2028,0.2,5.0,0.56,840000.0,1680000.0,2800000.0,5037244.0
Leixões,SSP2-4.5,+Geoid,2029,0.225,4.2045,0.69,1034610.0,2069220.0,3448701.0,7106464.0
Leixões,SSP2-4.5,+Geoid,2030,0.25,3.5355,0.849,1272792.0,2545584.0,4242641.0,9652049.0
Leixões,SSP2-4.5,+Geoid,2031,0.26,3.2988,0.922,1382334.0,2764667.0,4607778.0,12416716.0
Leixões,SSP2-4.5,+Geoid,2032,0.27,3.0779,1.001,1501042.0,3002085.0,5003475.0,15418801.0
Leixões,SSP2-4.5,+Geoid,2033,0.28,2.8717,1.086,1629671.0,3259341.0,5432236.0,18678142.0
Leixões,SSP2-4.5,+Geoid,2034,0.29,2.6794,1.179,1769031.0,3538061.0,5896769.0,22216203.0
Leixões,SSP2-4.5,+Geoid,2035,0.3,2.5,1.28,1920000.0,3840000.0,6400000.0,26056203.0
Leixões,SSP2-4.5,+Geoid,2036,0.31,2.3326,1.389,2083528.0,4167055.0,6945092.0,30223258.0
Leixões,SSP2-4.5,+Geoid,2037,0.32,2.1764,1.507,2260638.0,4521277.0,7535461.0,34744535.0
Leixões,SSP2-4.5,+Geoid,2038,0.33,2.0306,1.635,2452440.0,4904879.0,8174799.0,39649414.0
Leixões,SSP2-4.5,+Geoid,2039,0.34,1.8946,1.773,2660128.0,5320256.0,8867093.0,44969670.0
Leixões,SSP2-4.5,+Geoid,2040,0.35,1.7678,1.923,2884996.0,5769991.0,9616652.0,50739662.0
Leixões,SSP2-4.5,+Geoid,2041,0.36,1.6494,2.086,3128439.0,6256878.0,10428130.0,56996540.0
Leixões,SSP2-4.5,+Geoid,2042,0.37,1.5389,2.261,3391966.0,6783932.0,11306553.0,63780472.0
Leixões,SSP2-4.5,+Geoid,2043,0.38,1.4359,2.451,3677206.0,7354411.0,12257352.0,71134883.0
Leixões,SSP2-4.5,+Geoid,2044,0.39,1.3397,2.657,3985917.0,7971834.0,13286390.0,79106717.0
Leixões,SSP2-4.5,+Geoid,2045,0.4,1.25,2.88,4320000.0,8640000.0,14400000.0,87746717.0
Leixões,SSP2-4.5,+Geoid,2046,0.41,1.1663,3.121,4681506.0,9363013.0,15605022.0,97109730.0
Leixões,SSP2-4.5,+Geoid,2047,0.42,1.0882,3.382,5072652.0,10145304.0,16908840.0,107255034.0
Leixões,SSP2-4.5,+Geoid,2048,0.43,1.0153,3.664,5495829.0,10991657.0,18319429.0,118246691.0
Leixões,SSP2-4.5,+Geoid,2049,0.44,0.9473,3.969,5953620.0,11907239.0,19845399.0,130153930.0
Leixões,SSP2-4.5,+Geoid,2050,0.45,0.8839,4.299,6448814.0,12897628.0,21496046.0,143051558.0
Leixões,SSP2-4.5,+Geoid,2051,0.456,0.8479,4.51,6765127.0,13530253.0,22550422.0,156581811.0
Leixões,SSP2-4.5,+Geoid,2052,0.462,0.8133,4.731,7096675.0,14193350.0,23655583.0,170775161.0
Leixões,SSP2-4.5,+Geoid,2053,0.468,0.7802,4.963,7444182.0,14888364.0,24813941.0,185663525.0
Leixões,SSP2-4.5,+Geoid,2054,0.474,0.7484,5.206,7808406.0,15616812.0,26028020.0,201280337.0
Leixões,SSP2-4.5,+Geoid,2055,0.48,0.7179,5.46,8190140.0,16380279.0,27300466.0,217660617.0
Leixões,SSP2-4.5,+Geoid,2056,0.486,0.6887,5.727,8590213.0,17180427.0,28634044.0,234841043.0
Leixões,SSP2-4.5,+Geoid,2057,0.492,0.6606,6.006,9009496.0,18018992.0,30031654.0,252860036.0
Leixões,SSP2-4.5,+Geoid,2058,0.498,0.6337,6.299,9448898.0,18897797.0,31496328.0,271757832.0
Leixões,SSP2-4.5,+Geoid,2059,0.504,0.6079,6.606,9909372.0,19818745.0,33031241.0,291576577.0
Leixões,SSP2-4.5,+Geoid,2060,0.51,0.5831,6.928,10391915.0,20783831.0,34639718.0,312360408.0
Leixões,SSP2-4.5,+Geoid,2061,0.516,0.5594,7.265,10897572.0,21795144.0,36325239.0,334155552.0
Leixões,SSP2-4.5,+Geoid,2062,0.522,0.5366,7.618,11427434.0,22854868.0,38091447.0,357010420.0
Leixões,SSP2-4.5,+Geoid,2063,0.528,0.5147,7.988,11982646.0,23965293.0,39942155.0,380975713.0
Leixões,SSP2-4.5,+Geoid,2064,0.534,0.4938,8.376,12564406.0,25128813.0,41881354.0,406104525.0
Leixões,SSP2-4.5,+Geoid,2065,0.54,0.4737,8.783,13173967.0,26347934.0,43913223.0,432452459.0
Leixões,SSP2-4.5,+Geoid,2066,0.546,0.4544,9.208,13812641.0,27625281.0,46042136.0,460077741.0
Leixões,SSP2-4.5,+Geoid,2067,0.552,0.4359,9.655,14481801.0,28963602.0,48272669.0,489041342.0
Leixões,SSP2-4.5,+Geoid,2068,0.558,0.4181,10.122,15182885.0,30365770.0,50609616.0,519407112.0
Leixões,SSP2-4.5,+Geoid,2069,0.564,0.4011,10.612,15917397.0,31834795.0,53057991.0,551241907.0
Leixões,SSP2-4.5,+Geoid,2070,0.57,0.3847,11.125,16686913.0,33373826.0,55623044.0,584615733.0
Leixões,SSP2-4.5,+Geoid,2071,0.576,0.3691,11.662,17493081.0,34986162.0,58310269.0,619601895.0
Leixões,SSP2-4.5,+Geoid,2072,0.582,0.354,12.225,18337625.0,36675250.0,61125417.0,656277145.0
Leixões,SSP2-4.5,+Geoid,2073,0.588,0.3396,12.815,19222352.0,38444704.0,64074506.0,694721849.0
Leixões,SSP2-4.5,+Geoid,2074,0.594,0.3258,13.433,20149151.0,40298302.0,67163837.0,735020151.0
Leixões,SSP2-4.5,+Geoid,2075,0.6,0.3125,14.08,21120000.0,42240000.0,70400000.0,777260151.0
Leixões,SSP2-4.5,+Geoid,2076,0.606,0.2998,14.758,22136969.0,44273938.0,73789896.0,821534089.0
Leixões,SSP2-4.5,+Geoid,2077,0.612,0.2876,15.468,23202224.0,46404448.0,77340747.0,867938537.0
Leixões,SSP2-4.5,+Geoid,2078,0.618,0.2758,16.212,24318032.0,48636065.0,81060108.0,916574601.0
Leixões,SSP2-4.5,+Geoid,2079,0.624,0.2646,16.991,25486766.0,50973533.0,84955888.0,967548134.0
Leixões,SSP2-4.5,+Geoid,2080,0.63,0.2538,17.807,26710909.0,53421818.0,89036364.0,1020969953.0
Leixões,SSP2-4.5,+Geoid,2081,0.636,0.2435,18.662,27993059.0,55986118.0,93310196.0,1076956071.0
Leixões,SSP2-4.5,+Geoid,2082,0.642,0.2336,19.557,29335935.0,58671869.0,97786449.0,1135627940.0
Leixões,SSP2-4.5,+Geoid,2083,0.648,0.2241,20.495,30742382.0,61484764.0,102474607.0,1197112704.0
Leixões,SSP2-4.5,+Geoid,2084,0.654,0.2149,21.477,32215378.0,64430757.0,107384594.0,1261543461.0
Leixões,SSP2-4.5,+Geoid,2085,0.66,0.2062,22.505,33758039.0,67516079.0,112526798.0,1329059539.0
Leixões,SSP2-4.5,+Geoid,2086,0.666,0.1978,23.582,35373626.0,70747251.0,117912086.0,1399806791.0
Leixões,SSP2-4.5,+Geoid,2087,0.672,0.1897,24.71,37065549.0,74131098.0,123551830.0,1473937889.0
Leixões,SSP2-4.5,+Geoid,2088,0.678,0.182,25.892,38837379.0,77674758.0,129457931.0,1551612647.0
Leixões,SSP2-4.5,+Geoid,2089,0.684,0.1746,27.129,40692852.0,81385704.0,135642840.0,1632998351.0
Leixões,SSP2-4.5,+Geoid,2090,0.69,0.1675,28.424,42635876.0,85271751.0,142119585.0,1718270102.0
Leixões,SSP2-4.5,+Geoid,2091,0.696,0.1606,29.78,44670540.0,89341080.0,148901801.0,1807611182.0
Leixões,SSP2-4.5,+Geoid,2092,0.702,0.1541,31.201,46801125.0,93602250.0,156003750.0,1901213432.0
Leixões,SSP2-4.5,+Geoid,2093,0.708,0.1478,32.688,49032107.0,98064215.0,163440358.0,1999277647.0
Leixões,SSP2-4.5,+Geoid,2094,0.714,0.1418,34.245,51368172.0,102736344.0,171227240.0,2102013991.0
Leixões,SSP2-4.5,+Geoid,2095,0.72,0.136,35.876,53814221.0,107628441.0,179380735.0,2209642432.0
Leixões,SSP2-4.5,+Geoid,2096,0.726,0.1305,37.584,56375381.0,112750763.0,187917938.0,2322393195.0
Leixões,SSP2-4.5,+Geoid,2097,0.732,0.1252,39.371,59057020.0,118114041.0,196856734.0,2440507235.0
Leixões,SSP2-4.5,+Geoid,2098,0.738,0.1201,41.243,61864751.0,123729501.0,206215836.0,2564236737.0
Leixões,SSP2-4.5,+Geoid,2099,0.744,0.1152,43.203,64804446.0,129608892.0,216014820.0,2693845629.0
Leixões,SSP2-4.5,+Geoid,2100,0.75,0.1105,45.255,67882251.0,135764502.0,226274170.0,2829610131.0
Leixões,SSP5-8.5,Baseline,2025,0.065,12.7456,0.177,265974.0,531948.0,886580.0,531948.0
Leixões,SSP5-8.5,Baseline,2026,0.078,11.6473,0.199,297750.0,595501.0,992502.0,1127449.0
Leixões,SSP5-8.5,Baseline,2027,0.091,10.6437,0.222,333155.0,666310.0,1110516.0,1793759.0
Leixões,SSP5-8.5,Baseline,2028,0.104,9.7265,0.248,372588.0,745177.0,1241962.0,2538935.0
Leixões,SSP5-8.5,Baseline,2029,0.117,8.8884,0.278,416497.0,832993.0,1388322.0,3371929.0
Leixões,SSP5-8.5,Baseline,2030,0.13,8.1225,0.31,465373.0,930745.0,1551242.0,4302674.0
Leixões,SSP5-8.5,Baseline,2031,0.1435,7.3969,0.348,521973.0,1043946.0,1739909.0,5346619.0
Leixões,SSP5-8.5,Baseline,2032,0.157,6.7362,0.39,585199.0,1170398.0,1950664.0,6517018.0
Leixões,SSP5-8.5,Baseline,2033,0.1705,6.1344,0.437,655807.0,1311614.0,2186024.0,7828632.0
Leixões,SSP5-8.5,Baseline,2034,0.184,5.5864,0.49,734637.0,1469273.0,2448789.0,9297905.0
Leixões,SSP5-8.5,Baseline,2035,0.1975,5.0874,0.548,822621.0,1645242.0,2742069.0,10943147.0
Leixões,SSP5-8.5,Baseline,2036,0.211,4.6329,0.614,920798.0,1841595.0,3069325.0,12784742.0
Leixões,SSP5-8.5,Baseline,2037,0.2245,4.2191,0.687,1030320.0,2060639.0,3434399.0,14845381.0
Leixões,SSP5-8.5,Baseline,2038,0.238,3.8422,0.768,1152468.0,2304937.0,3841561.0,17150318.0
Leixões,SSP5-8.5,Baseline,2039,0.2515,3.499,0.859,1288667.0,2577334.0,4295556.0,19727652.0
Leixões,SSP5-8.5,Baseline,2040,0.265,3.1864,0.96,1440496.0,2880993.0,4801655.0,22608645.0
Leixões,SSP5-8.5,Baseline,2041,0.2785,2.9018,1.073,1609713.0,3219426.0,5365709.0,25828070.0
Leixões,SSP5-8.5,Baseline,2042,0.292,2.6425,1.199,1798266.0,3596533.0,5994221.0,29424603.0
Leixões,SSP5-8.5,Baseline,2043,0.3055,2.4065,1.339,2008322.0,4016645.0,6694408.0,33441248.0
Leixões,SSP5-8.5,Baseline,2044,0.319,2.1915,1.495,2242285.0,4484570.0,7474284.0,37925818.0
Leixões,SSP5-8.5,Baseline,2045,0.3325,1.9957,1.669,2502824.0,5005647.0,8342745.0,42931465.0
Leixões,SSP5-8.5,Baseline,2046,0.346,1.8175,1.862,2792900.0,5585800.0,9309667.0,48517266.0
Leixões,SSP5-8.5,Baseline,2047,0.3595,1.6551,2.077,3115803.0,6231606.0,10386009.0,54748871.0
Leixões,SSP5-8.5,Baseline,2048,0.373,1.5073,2.317,3475181.0,6950361.0,11583935.0,61699233.0
Leixões,SSP5-8.5,Baseline,2049,0.3865,1.3726,2.583,3875082.0,7750165.0,12916941.0,69449397.0
Leixões,SSP5-8.5,Baseline,2050,0.4,1.25,2.88,4320000.0,8640000.0,14400000.0,78089397.0
Leixões,SSP5-8.5,Baseline,2051,0.412,1.1502,3.172,4757291.0,9514581.0,15857635.0,87603978.0
Leixões,SSP5-8.5,Baseline,2052,0.424,1.0584,3.492,5237939.0,10475877.0,17459796.0,98079856.0
Leixões,SSP5-8.5,Baseline,2053,0.436,0.974,3.844,5766176.0,11532352.0,19220586.0,109612207.0
Leixões,SSP5-8.5,Baseline,2054,0.448,0.8962,4.231,6346642.0,12693283.0,21155472.0,122305490.0
Leixões,SSP5-8.5,Baseline,2055,0.46,0.8247,4.656,6984422.0,13968844.0,23281406.0,136274334.0
Leixões,SSP5-8.5,Baseline,2056,0.472,0.7589,5.123,7685093.0,15370185.0,25616975.0,151644519.0
Leixões,SSP5-8.5,Baseline,2057,0.484,0.6983,5.637,8454765.0,16909530.0,28182549.0,168554049.0
Leixões,SSP5-8.5,Baseline,2058,0.496,0.6426,6.2,9300138.0,18600275.0,31000458.0,187154324.0
Leixões,SSP5-8.5,Baseline,2059,0.508,0.5913,6.819,10228552.0,20457104.0,34095174.0,207611428.0
Leixões,SSP5-8.5,Baseline,2060,0.52,0.5441,7.499,11248054.0,22496109.0,37493514.0,230107537.0
Leixões,SSP5-8.5,Baseline,2061,0.532,0.5007,8.245,12367460.0,24734921.0,41224868.0,254842458.0
Leixões,SSP5-8.5,Baseline,2062,0.544,0.4607,9.064,13596431.0,27192862.0,45321437.0,282035320.0
Leixões,SSP5-8.5,Baseline,2063,0.556,0.4239,9.964,14945552.0,29891103.0,49818505.0,311926424.0
Leixões,SSP5-8.5,Baseline,2064,0.568,0.3901,10.951,16426418.0,32852837.0,54754728.0,344779260.0
Leixões,SSP5-8.5,Baseline,2065,0.58,0.359,12.034,18051736.0,36103473.0,60172455.0,380882733.0
Leixões,SSP5-8.5,Baseline,2066,0.592,0.3303,13.224,19835423.0,39670846.0,66118077.0,420553580.0
Leixões,SSP5-8.5,Baseline,2067,0.604,0.304,14.528,21792723.0,43585446.0,72642411.0,464139026.0
Leixões,SSP5-8.5,Baseline,2068,0.616,0.2797,15.96,23940335.0,47880670.0,79801117.0,512019696.0
Leixões,SSP5-8.5,Baseline,2069,0.628,0.2574,17.531,26296547.0,52593094.0,87655157.0,564612790.0
Leixões,SSP5-8.5,Baseline,2070,0.64,0.2368,19.254,28881389.0,57762778.0,96271297.0,622375568.0
Leixões,SSP5-8.5,Baseline,2071,0.652,0.2179,21.145,31716796.0,63433592.0,105722653.0,685809160.0
Leixões,SSP5-8.5,Baseline,2072,0.664,0.2005,23.218,34826787.0,69653573.0,116089289.0,755462733.0
Leixões,SSP5-8.5,Baseline,2073,0.676,0.1845,25.492,38237664.0,76475327.0,127458878.0,831938060.0
Leixões,SSP5-8.5,Baseline,2074,0.688,0.1698,27.985,41978224.0,83956449.0,139927415.0,915894509.0
Leixões,SSP5-8.5,Baseline,2075,0.7,0.1563,30.72,46080000.0,92160000.0,153600000.0,1008054509.0
Leixões,SSP5-8.5,Baseline,2076,0.712,0.1438,33.718,50577510.0,101155020.0,168591700.0,1109209529.0
Leixões,SSP5-8.5,Baseline,2077,0.724,0.1323,37.006,55508545.0,111017089.0,185028482.0,1220226618.0
Leixões,SSP5-8.5,Baseline,2078,0.736,0.1217,40.61,60914473.0,121828947.0,203048244.0,1342055565.0
Leixões,SSP5-8.5,Baseline,2079,0.748,0.112,44.56,66840580.0,133681159.0,222801932.0,1475736724.0
Leixões,SSP5-8.5,Baseline,2080,0.76,0.1031,48.891,73336430.0,146672861.0,244454768.0,1622409585.0
Leixões,SSP5-8.5,Baseline,2081,0.772,0.0949,53.638,80456277.0,160912554.0,268187590.0,1783322139.0
Leixões,SSP5-8.5,Baseline,2082,0.784,0.0873,58.84,88259496.0,176518993.0,294198321.0,1959841132.0
Leixões,SSP5-8.5,Baseline,2083,0.796,0.0803,64.541,96811070.0,193622141.0,322703568.0,2153463272.0
Leixões,SSP5-8.5,Baseline,2084,0.808,0.0739,70.788,106182113.0,212364226.0,353940377.0,2365827499.0
Leixões,SSP5-8.5,Baseline,2085,0.82,0.068,77.634,116450444.0,232900889.0,388168148.0,2598728387.0
Leixões,SSP5-8.5,Baseline,2086,0.832,0.0626,85.134,127701219.0,255402438.0,425670731.0,2854130826.0
Leixões,SSP5-8.5,Baseline,2087,0.844,0.0576,93.352,140027613.0,280055227.0,466758711.0,3134186053.0
Leixões,SSP5-8.5,Baseline,2088,0.856,0.053,102.354,153531576.0,307063151.0,511771919.0,3441249204.0
Leixões,SSP5-8.5,Baseline,2089,0.868,0.0488,112.216,168324648.0,336649296.0,561082159.0,3777898500.0
Leixões,SSP5-8.5,Baseline,2090,0.88,0.0449,123.019,184528862.0,369057724.0,615096206.0,4146956223.0
Leixões,SSP5-8.5,Baseline,2091,0.892,0.0413,134.852,202277721.0,404555441.0,674259069.0,4551511665.0
Leixões,SSP5-8.5,Baseline,2092,0.904,0.038,147.812,221717270.0,443434541.0,739057568.0,4994946205.0
Leixões,SSP5-8.5,Baseline,2093,0.916,0.035,162.005,243007271.0,486014542.0,810024237.0,5480960747.0
Leixões,SSP5-8.5,Baseline,2094,0.928,0.0322,177.548,266322477.0,532644955.0,887741591.0,6013605702.0
Leixões,SSP5-8.5,Baseline,2095,0.94,0.0296,194.569,291854038.0,583708075.0,972846792.0,6597313778.0
Leixões,SSP5-8.5,Baseline,2096,0.952,0.0272,213.207,319811024.0,639622048.0,1066036746.0,7236935825.0
Leixões,SSP5-8.5,Baseline,2097,0.964,0.0251,233.615,350422101.0,700844203.0,1168073671.0,7937780028.0
Leixões,SSP5-8.5,Baseline,2098,0.976,0.0231,255.958,383937356.0,767874712.0,1279791187.0,8705654740.0
Leixões,SSP5-8.5,Baseline,2099,0.988,0.0212,280.42,420630290.0,841260579.0,1402100966.0,9546915320.0
Leixões,SSP5-8.5,Baseline,2100,1.0,0.0195,307.2,460800000.0,921600000.0,1536000000.0,10468515320.0
Leixões,SSP5-8.5,+Geoid,2025,0.14,7.5786,0.338,506691.0,1013382.0,1688970.0,1013382.0
Leixões,SSP5-8.5,+Geoid,2026,0.168,6.2417,0.428,642138.0,1284275.0,2140459.0,2297657.0
Leixões,SSP5-8.5,+Geoid,2027,0.196,5.1406,0.542,812361.0,1624723.0,2707871.0,3922380.0
Leixões,SSP5-8.5,+Geoid,2028,0.224,4.2337,0.684,1026046.0,2052093.0,3420155.0,5974473.0
Leixões,SSP5-8.5,+Geoid,2029,0.252,3.4869,0.863,1294001.0,2588002.0,4313337.0,8562475.0
Leixões,SSP5-8.5,+Geoid,2030,0.28,2.8717,1.086,1629671.0,3259341.0,5432236.0,11821817.0
Leixões,SSP5-8.5,+Geoid,2031,0.2935,2.6152,1.214,1820502.0,3641005.0,6068341.0,15462821.0
Leixões,SSP5-8.5,+Geoid,2032,0.307,2.3816,1.355,2033091.0,4066183.0,6776971.0,19529004.0
Leixões,SSP5-8.5,+Geoid,2033,0.3205,2.1688,1.513,2269870.0,4539740.0,7566233.0,24068744.0
Leixões,SSP5-8.5,+Geoid,2034,0.334,1.9751,1.689,2533538.0,5067077.0,8445128.0,29135820.0
Leixões,SSP5-8.5,+Geoid,2035,0.3475,1.7987,1.885,2827094.0,5654187.0,9423646.0,34790008.0
Leixões,SSP5-8.5,+Geoid,2036,0.361,1.638,2.103,3153862.0,6307724.0,10512873.0,41097732.0
Leixões,SSP5-8.5,+Geoid,2037,0.3745,1.4917,2.345,3517535.0,7035070.0,11725116.0,48132801.0
Leixões,SSP5-8.5,+Geoid,2038,0.388,1.3584,2.615,3922208.0,7844416.0,13074026.0,55977217.0
Leixões,SSP5-8.5,+Geoid,2039,0.4015,1.2371,2.915,4372425.0,8744851.0,14574752.0,64722068.0
Leixões,SSP5-8.5,+Geoid,2040,0.415,1.1266,3.249,4873229.0,9746458.0,16244097.0,74468526.0
Leixões,SSP5-8.5,+Geoid,2041,0.4285,1.0259,3.62,5430211.0,10860422.0,18100703.0,85328948.0
Leixões,SSP5-8.5,+Geoid,2042,0.442,0.9343,4.033,6049573.0,12099146.0,20165244.0,97428095.0
Leixões,SSP5-8.5,+Geoid,2043,0.4555,0.8508,4.492,6738195.0,13476390.0,22460650.0,110904485.0
Leixões,SSP5-8.5,+Geoid,2044,0.469,0.7748,5.002,7503704.0,15007409.0,25012348.0,125911893.0
Leixões,SSP5-8.5,+Geoid,2045,0.4825,0.7056,5.57,8354559.0,16709118.0,27848531.0,142621012.0
Leixões,SSP5-8.5,+Geoid,2046,0.496,0.6426,6.2,9300138.0,18600275.0,31000458.0,161221287.0
Leixões,SSP5-8.5,+Geoid,2047,0.5095,0.5852,6.901,10350835.0,20701671.0,34502785.0,181922958.0
Leixões,SSP5-8.5,+Geoid,2048,0.523,0.5329,7.679,11518177.0,23036355.0,38393925.0,204959313.0
Leixões,SSP5-8.5,+Geoid,2049,0.5365,0.4853,8.543,12814937.0,25629875.0,42716458.0,230589187.0
Leixões,SSP5-8.5,+Geoid,2050,0.55,0.4419,9.504,14255273.0,28510545.0,47517576.0,259099733.0
Leixões,SSP5-8.5,+Geoid,2051,0.562,0.4067,10.446,15668750.0,31337500.0,52229166.0,290437233.0
Leixões,SSP5-8.5,+Geoid,2052,0.574,0.3742,11.48,17220181.0,34440362.0,57400603.0,324877594.0
Leixões,SSP5-8.5,+Geoid,2053,0.586,0.3443,12.615,18922863.0,37845727.0,63076211.0,362723321.0
Leixões,SSP5-8.5,+Geoid,2054,0.598,0.3169,13.861,20791363.0,41582727.0,69304545.0,404306048.0
Leixões,SSP5-8.5,+Geoid,2055,0.61,0.2916,15.228,22841636.0,45683272.0,76138787.0,449989320.0
Leixões,SSP5-8.5,+Geoid,2056,0.622,0.2683,16.727,25091157.0,50182314.0,83637189.0,500171634.0
Leixões,SSP5-8.5,+Geoid,2057,0.634,0.2469,18.373,27559065.0,55118130.0,91863551.0,555289764.0
Leixões,SSP5-8.5,+Geoid,2058,0.646,0.2272,20.178,30266322.0,60532643.0,100887739.0,615822408.0
Leixões,SSP5-8.5,+Geoid,2059,0.658,0.2091,22.157,33235880.0,66471761.0,110786268.0,682294168.0
Leixões,SSP5-8.5,+Geoid,2060,0.67,0.1924,24.329,36492876.0,72985751.0,121642919.0,755279919.0
Leixões,SSP5-8.5,+Geoid,2061,0.682,0.177,26.71,40064830.0,80129660.0,133549433.0,835409579.0
Leixões,SSP5-8.5,+Geoid,2062,0.694,0.1629,29.321,43981876.0,87963752.0,146606254.0,923373331.0
Leixões,SSP5-8.5,+Geoid,2063,0.706,0.1499,32.185,48277006.0,96554013.0,160923355.0,1019927344.0
Leixões,SSP5-8.5,+Geoid,2064,0.718,0.1379,35.324,52986339.0,105972678.0,176621129.0,1125900022.0
Leixões,SSP5-8.5,+Geoid,2065,0.73,0.1269,38.766,58149413.0,116298826.0,193831376.0,1242198847.0
Leixões,SSP5-8.5,+Geoid,2066,0.742,0.1168,42.54,63809511.0,127619023.0,212698371.0,1369817870.0
Leixões,SSP5-8.5,+Geoid,2067,0.754,0.1075,46.676,70014011.0,140028022.0,233380037.0,1509845892.0
Leixões,SSP5-8.5,+Geoid,2068,0.766,0.0989,51.21,76814769.0,153629537.0,256049229.0,1663475429.0
Leixões,SSP5-8.5,+Geoid,2069,0.778,0.091,56.179,84268541.0,168537082.0,280895137.0,1832012511.0
Leixões,SSP5-8.5,+Geoid,2070,0.79,0.0837,61.625,92437445.0,184874889.0,308124815.0,2016887400.0
Leixões,SSP5-8.5,+Geoid,2071,0.802,0.077,67.593,101389459.0,202778917.0,337964862.0,2219666318.0
Leixões,SSP5-8.5,+Geoid,2072,0.814,0.0709,74.133,111198975.0,222397950.0,370663250.0,2442064268.0
Leixões,SSP5-8.5,+Geoid,2073,0.826,0.0652,81.298,121947399.0,243894799.0,406491331.0,2685959067.0
Leixões,SSP5-8.5,+Geoid,2074,0.838,0.06,89.149,133723807.0,267447614.0,445746023.0,2953406681.0
Leixões,SSP5-8.5,+Geoid,2075,0.85,0.0552,97.75,146625662.0,293251324.0,488752207.0,3246658005.0
Leixões,SSP5-8.5,+Geoid,2076,0.862,0.0508,107.173,160759603.0,321519206.0,535865343.0,3568177211.0
Leixões,SSP5-8.5,+Geoid,2077,0.874,0.0468,117.495,176242299.0,352484598.0,587474330.0,3920661809.0
Leixões,SSP5-8.5,+Geoid,2078,0.886,0.043,128.801,193201390.0,386402780.0,644004633.0,4307064589.0
Leixões,SSP5-8.5,+Geoid,2079,0.898,0.0396,141.184,211776510.0,423553020.0,705921700.0,4730617609.0
Leixões,SSP5-8.5,+Geoid,2080,0.91,0.0364,154.747,232120409.0,464240819.0,773734698.0,5194858428.0
Leixões,SSP5-8.5,+Geoid,2081,0.922,0.0335,169.6,254400178.0,508800356.0,848000594.0,5703658784.0
Leixões,SSP5-8.5,+Geoid,2082,0.934,0.0309,185.866,278798585.0,557597170.0,929328617.0,6261255955.0
Leixões,SSP5-8.5,+Geoid,2083,0.946,0.0284,203.677,305515541.0,611031082.0,1018385136.0,6872287036.0
Leixões,SSP5-8.5,+Geoid,2084,0.958,0.0261,223.18,334769695.0,669539391.0,1115898985.0,7541826427.0
Leixões,SSP5-8.5,+Geoid,2085,0.97,0.024,244.533,366800186.0,733600372.0,1222667287.0,8275426800.0
Leixões,SSP5-8.5,+Geoid,2086,0.982,0.0221,267.912,401868546.0,803737092.0,1339561821.0,9079163892.0
Leixões,SSP5-8.5,+Geoid,2087,0.994,0.0204,293.507,440260791.0,880521581.0,1467535969.0,9959685473.0
Leixões,SSP5-8.5,+Geoid,2088,1.006,0.0187,321.526,482289695.0,964579391.0,1607632318.0,10924264864.0
Leixões,SSP5-8.5,+Geoid,2089,1.018,0.0172,352.198,528297289.0,1056594578.0,1760990964.0,11980859442.0
Leixões,SSP5-8.5,+Geoid,2090,1.03,0.0159,365.0,547500000.0,1095000000.0,1825000000.0,13075859442.0
Leixões,SSP5-8.5,+Geoid,2091,1.042,0.0146,365.0,547500000.0,1095000000.0,1825000000.0,14170859442.0
Leixões,SSP5-8.5,+Geoid,2092,1.054,0.0134,365.0,547500000.0,1095000000.0,1825000000.0,15265859442.0
Leixões,SSP5-8.5,+Geoid,2093,1.066,0.0124,365.0,547500000.0,1095000000.0,1825000000.0,16360859442.0
Leixões,SSP5-8.5,+Geoid,2094,1.078,0.0114,365.0,547500000.0,1095000000.0,1825000000.0,17455859442.0
Leixões,SSP5-8.5,+Geoid,2095,1.09,0.0105,365.0,547500000.0,1095000000.0,1825000000.0,18550859442.0
Leixões,SSP5-8.5,+Geoid,2096,1.102,0.0096,365.0,547500000.0,1095000000.0,1825000000.0,19645859442.0
Leixões,SSP5-8.5,+Geoid,2097,1.114,0.0089,365.0,547500000.0,1095000000.0,1825000000.0,20740859442.0
Leixões,SSP5-8.5,+Geoid,2098,1.126,0.0082,365.0,547500000.0,1095000000.0,1825000000.0,21835859442.0
Leixões,SSP5-8.5,+Geoid,2099,1.138,0.0075,365.0,547500000.0,1095000000.0,1825000000.0,22930859442.0
Leixões,SSP5-8.5,+Geoid,2100,1.15,0.0069,365.0,547500000.0,1095000000.0,1825000000.0,24025859442.0
Lisbon,SSP1-2.6,Baseline,2025,0.035,7.8458,0.409,818268.0,1431969.0,2250237.0,1431969.0
Lisbon,SSP1-2.6,Baseline,2026,0.042,7.4742,0.435,870188.0,1522829.0,2393017.0,2954798.0
Lisbon,SSP1-2.6,Baseline,2027,0.049,7.1203,0.463,925248.0,1619184.0,2544433.0,4573983.0
Lisbon,SSP1-2.6,Baseline,2028,0.056,6.783,0.492,983632.0,1721357.0,2704989.0,6295339.0
Lisbon,SSP1-2.6,Baseline,2029,0.063,6.4618,0.523,1045535.0,1829686.0,2875221.0,8125025.0
Lisbon,SSP1-2.6,Baseline,2030,0.07,6.1557,0.556,1111161.0,1944532.0,3055694.0,10069558.0
Lisbon,SSP1-2.6,Baseline,2031,0.0765,5.8845,0.588,1175624.0,2057342.0,3232966.0,12126900.0
Lisbon,SSP1-2.6,Baseline,2032,0.083,5.6253,0.622,1243669.0,2176420.0,3420089.0,14303320.0
Lisbon,SSP1-2.6,Baseline,2033,0.0895,5.3775,0.658,1315488.0,2302104.0,3617592.0,16605424.0
Lisbon,SSP1-2.6,Baseline,2034,0.096,5.1406,0.696,1391286.0,2434750.0,3826036.0,19040174.0
Lisbon,SSP1-2.6,Baseline,2035,0.1025,4.9141,0.736,1471276.0,2574732.0,4046008.0,21614906.0
Lisbon,SSP1-2.6,Baseline,2036,0.109,4.6976,0.778,1555683.0,2722446.0,4278130.0,24337352.0
Lisbon,SSP1-2.6,Baseline,2037,0.1155,4.4907,0.822,1644746.0,2878306.0,4523053.0,27215659.0
Lisbon,SSP1-2.6,Baseline,2038,0.122,4.2928,0.869,1738714.0,3042750.0,4781464.0,30258409.0
Lisbon,SSP1-2.6,Baseline,2039,0.1285,4.1037,0.919,1837850.0,3216238.0,5054088.0,33474646.0
Lisbon,SSP1-2.6,Baseline,2040,0.135,3.9229,0.971,1942430.0,3399253.0,5341684.0,36873899.0
Lisbon,SSP1-2.6,Baseline,2041,0.1415,3.7501,1.026,2052747.0,3592307.0,5645053.0,40466206.0
Lisbon,SSP1-2.6,Baseline,2042,0.148,3.5849,1.085,2169105.0,3795934.0,5965040.0,44262140.0
Lisbon,SSP1-2.6,Baseline,2043,0.1545,3.427,1.146,2291829.0,4010701.0,6302530.0,48272841.0
Lisbon,SSP1-2.6,Baseline,2044,0.161,3.276,1.211,2421258.0,4237201.0,6658458.0,52510042.0
Lisbon,SSP1-2.6,Baseline,2045,0.1675,3.1317,1.279,2557748.0,4476059.0,7033807.0,56986101.0
Lisbon,SSP1-2.6,Baseline,2046,0.174,2.9937,1.351,2701676.0,4727934.0,7429610.0,61714035.0
Lisbon,SSP1-2.6,Baseline,2047,0.1805,2.8618,1.427,2853439.0,4993517.0,7846956.0,66707552.0
Lisbon,SSP1-2.6,Baseline,2048,0.187,2.7357,1.507,3013451.0,5273539.0,8286989.0,71981091.0
Lisbon,SSP1-2.6,Baseline,2049,0.1935,2.6152,1.591,3182151.0,5568764.0,8750915.0,77549855.0
Lisbon,SSP1-2.6,Baseline,2050,0.2,2.5,1.68,3360000.0,5880000.0,9240000.0,83429855.0
Lisbon,SSP1-2.6,Baseline,2051,0.204,2.4316,1.737,3474202.0,6079854.0,9554056.0,89509709.0
Lisbon,SSP1-2.6,Baseline,2052,0.208,2.3651,1.796,3592170.0,6286298.0,9878468.0,95796006.0
Lisbon,SSP1-2.6,Baseline,2053,0.212,2.3005,1.857,3714025.0,6499544.0,10213569.0,102295550.0
Lisbon,SSP1-2.6,Baseline,2054,0.216,2.2376,1.92,3839892.0,6719812.0,10559704.0,109015362.0
Lisbon,SSP1-2.6,Baseline,2055,0.22,2.1764,1.985,3969902.0,6947328.0,10917229.0,115962690.0
Lisbon,SSP1-2.6,Baseline,2056,0.224,2.1169,2.052,4104186.0,7182325.0,11286511.0,123145015.0
Lisbon,SSP1-2.6,Baseline,2057,0.228,2.059,2.121,4242883.0,7425045.0,11667927.0,130570059.0
Lisbon,SSP1-2.6,Baseline,2058,0.232,2.0027,2.193,4386134.0,7675735.0,12061869.0,138245794.0
Lisbon,SSP1-2.6,Baseline,2059,0.236,1.9479,2.267,4534087.0,7934652.0,12468739.0,146180446.0
Lisbon,SSP1-2.6,Baseline,2060,0.24,1.8946,2.343,4686892.0,8202061.0,12888953.0,154382508.0
Lisbon,SSP1-2.6,Baseline,2061,0.244,1.8428,2.422,4844705.0,8478234.0,13322940.0,162860742.0
Lisbon,SSP1-2.6,Baseline,2062,0.248,1.7924,2.504,5007688.0,8763453.0,13771141.0,171624195.0
Lisbon,SSP1-2.6,Baseline,2063,0.252,1.7434,2.588,5176005.0,9058009.0,14234013.0,180682204.0
Lisbon,SSP1-2.6,Baseline,2064,0.256,1.6958,2.675,5349828.0,9362199.0,14712027.0,190044403.0
Lisbon,SSP1-2.6,Baseline,2065,0.26,1.6494,2.765,5529334.0,9676335.0,15205669.0,199720738.0
Lisbon,SSP1-2.6,Baseline,2066,0.264,1.6043,2.857,5714705.0,10000733.0,15715438.0,209721471.0
Lisbon,SSP1-2.6,Baseline,2067,0.268,1.5604,2.953,5906128.0,10335724.0,16241852.0,220057195.0
Lisbon,SSP1-2.6,Baseline,2068,0.272,1.5177,3.052,6103798.0,10681646.0,16785444.0,230738841.0
Lisbon,SSP1-2.6,Baseline,2069,0.276,1.4762,3.154,6307914.0,11038849.0,17346763.0,241777690.0
Lisbon,SSP1-2.6,Baseline,2070,0.28,1.4359,3.259,6518683.0,11407695.0,17926377.0,253185385.0
Lisbon,SSP1-2.6,Baseline,2071,0.284,1.3966,3.368,6736317.0,11788554.0,18524871.0,264973939.0
Lisbon,SSP1-2.6,Baseline,2072,0.288,1.3584,3.481,6961036.0,12181812.0,19142848.0,277155751.0
Lisbon,SSP1-2.6,Baseline,2073,0.292,1.3213,3.597,7193065.0,12587865.0,19780930.0,289743616.0
Lisbon,SSP1-2.6,Baseline,2074,0.296,1.2851,3.716,7432640.0,13007120.0,20439760.0,302750736.0
Lisbon,SSP1-2.6,Baseline,2075,0.3,1.25,3.84,7680000.0,13440000.0,21120000.0,316190736.0
Lisbon,SSP1-2.6,Baseline,2076,0.304,1.2158,3.968,7935394.0,13886939.0,21822333.0,330077675.0
Lisbon,SSP1-2.6,Baseline,2077,0.308,1.1826,4.1,8199078.0,14348386.0,22547463.0,344426061.0
Lisbon,SSP1-2.6,Baseline,2078,0.312,1.1502,4.236,8471316.0,14824802.0,23296118.0,359250863.0
Lisbon,SSP1-2.6,Baseline,2079,0.316,1.1188,4.376,8752381.0,15316666.0,24069046.0,374567529.0
Lisbon,SSP1-2.6,Baseline,2080,0.32,1.0882,4.521,9042553.0,15824469.0,24867022.0,390391997.0
Lisbon,SSP1-2.6,Baseline,2081,0.324,1.0584,4.671,9342124.0,16348718.0,25690842.0,406740715.0
Lisbon,SSP1-2.6,Baseline,2082,0.328,1.0295,4.826,9651392.0,16889937.0,26541329.0,423630652.0
Lisbon,SSP1-2.6,Baseline,2083,0.332,1.0013,4.985,9970666.0,17448665.0,27419331.0,441079317.0
Lisbon,SSP1-2.6,Baseline,2084,0.336,0.974,5.15,10300263.0,18025460.0,28325723.0,459104777.0
Lisbon,SSP1-2.6,Baseline,2085,0.34,0.9473,5.32,10640512.0,18620896.0,29261407.0,477725672.0
Lisbon,SSP1-2.6,Baseline,2086,0.344,0.9214,5.496,10991751.0,19235564.0,30227315.0,496961236.0
Lisbon,SSP1-2.6,Baseline,2087,0.348,0.8962,5.677,11354329.0,19870076.0,31224405.0,516831313.0
Lisbon,SSP1-2.6,Baseline,2088,0.352,0.8717,5.864,11728607.0,20525062.0,32253669.0,537356374.0
Lisbon,SSP1-2.6,Baseline,2089,0.356,0.8479,6.057,12114955.0,21201171.0,33316125.0,558557545.0
Lisbon,SSP1-2.6,Baseline,2090,0.36,0.8247,6.257,12513756.0,21899073.0,34412829.0,580456618.0
Lisbon,SSP1-2.6,Baseline,2091,0.364,0.8021,6.463,12925405.0,22619459.0,35544865.0,603076078.0
Lisbon,SSP1-2.6,Baseline,2092,0.368,0.7802,6.675,13350310.0,23363043.0,36713353.0,626439120.0
Lisbon,SSP1-2.6,Baseline,2093,0.372,0.7589,6.894,13788890.0,24130558.0,37919448.0,650569678.0
Lisbon,SSP1-2.6,Baseline,2094,0.376,0.7381,7.121,14241579.0,24922763.0,39164342.0,675492441.0
Lisbon,SSP1-2.6,Baseline,2095,0.38,0.7179,7.354,14708822.0,25740439.0,40449261.0,701232880.0
Lisbon,SSP1-2.6,Baseline,2096,0.384,0.6983,7.596,15191082.0,26584393.0,41775474.0,727817273.0
Lisbon,SSP1-2.6,Baseline,2097,0.388,0.6792,7.844,15688831.0,27455455.0,43144286.0,755272728.0
Lisbon,SSP1-2.6,Baseline,2098,0.392,0.6606,8.101,16202562.0,28354483.0,44557045.0,783627211.0
Lisbon,SSP1-2.6,Baseline,2099,0.396,0.6426,8.366,16732778.0,29282361.0,46015138.0,812909571.0
Lisbon,SSP1-2.6,Baseline,2100,0.4,0.625,8.64,17280000.0,30240000.0,47520000.0,843149571.0
Lisbon,SSP1-2.6,+Geoid,2025,0.11,4.6652,0.785,1569076.0,2745884.0,4314960.0,2745884.0
Lisbon,SSP1-2.6,+Geoid,2026,0.132,4.0053,0.947,1893468.0,3313569.0,5207036.0,6059452.0
Lisbon,SSP1-2.6,+Geoid,2027,0.154,3.4389,1.141,2282155.0,3993772.0,6275927.0,10053224.0
Lisbon,SSP1-2.6,+Geoid,2028,0.176,2.9525,1.374,2747519.0,4808159.0,7555678.0,14861383.0
Lisbon,SSP1-2.6,+Geoid,2029,0.198,2.5349,1.652,3304274.0,5782480.0,9086754.0,20643862.0
Lisbon,SSP1-2.6,+Geoid,2030,0.22,2.1764,1.985,3969902.0,6947328.0,10917229.0,27591190.0
Lisbon,SSP1-2.6,+Geoid,2031,0.2265,2.0805,2.095,4190345.0,7333104.0,11523449.0,34924294.0
Lisbon,SSP1-2.6,+Geoid,2032,0.233,1.9888,2.211,4422676.0,7739683.0,12162359.0,42663977.0
Lisbon,SSP1-2.6,+Geoid,2033,0.2395,1.9012,2.334,4667521.0,8168161.0,12835682.0,50832138.0
Lisbon,SSP1-2.6,+Geoid,2034,0.246,1.8175,2.463,4925540.0,8619695.0,13545235.0,59451833.0
Lisbon,SSP1-2.6,+Geoid,2035,0.2525,1.7374,2.599,5197428.0,9095499.0,14292927.0,68547333.0
Lisbon,SSP1-2.6,+Geoid,2036,0.259,1.6609,2.742,5483915.0,9596851.0,15080766.0,78144184.0
Lisbon,SSP1-2.6,+Geoid,2037,0.2655,1.5877,2.893,5785769.0,10125096.0,15910864.0,88269279.0
Lisbon,SSP1-2.6,+Geoid,2038,0.272,1.5177,3.052,6103798.0,10681646.0,16785444.0,98950925.0
Lisbon,SSP1-2.6,+Geoid,2039,0.2785,1.4509,3.219,6438851.0,11267990.0,17706841.0,110218915.0
Lisbon,SSP1-2.6,+Geoid,2040,0.285,1.387,3.396,6791823.0,11885691.0,18677515.0,122104606.0
Lisbon,SSP1-2.6,+Geoid,2041,0.2915,1.3259,3.582,7163654.0,12536395.0,19700049.0,134641001.0
Lisbon,SSP1-2.6,+Geoid,2042,0.298,1.2674,3.778,7555332.0,13221830.0,20777162.0,147862831.0
Lisbon,SSP1-2.6,+Geoid,2043,0.3045,1.2116,3.984,7967896.0,13943817.0,21911713.0,161806648.0
Lisbon,SSP1-2.6,+Geoid,2044,0.311,1.1582,4.201,8402439.0,14704269.0,23106708.0,176510917.0
Lisbon,SSP1-2.6,+Geoid,2045,0.3175,1.1072,4.43,8860113.0,15505197.0,24365310.0,192016114.0
Lisbon,SSP1-2.6,+Geoid,2046,0.324,1.0584,4.671,9342124.0,16348718.0,25690842.0,208364832.0
Lisbon,SSP1-2.6,+Geoid,2047,0.3305,1.0118,4.925,9849746.0,17237055.0,27086801.0,225601887.0
Lisbon,SSP1-2.6,+Geoid,2048,0.337,0.9672,5.192,10384313.0,18172549.0,28556862.0,243774435.0
Lisbon,SSP1-2.6,+Geoid,2049,0.3435,0.9246,5.474,10947233.0,19157658.0,30104891.0,262932093.0
Lisbon,SSP1-2.6,+Geoid,2050,0.35,0.8839,5.77,11539983.0,20194970.0,31734952.0,283127063.0
Lisbon,SSP1-2.6,+Geoid,2051,0.354,0.8597,5.96,11920248.0,20860435.0,32780683.0,303987497.0
Lisbon,SSP1-2.6,+Geoid,2052,0.358,0.8362,6.156,12312774.0,21547355.0,33860129.0,325534852.0
Lisbon,SSP1-2.6,+Geoid,2053,0.362,0.8133,6.359,12717950.0,22256412.0,34974361.0,347791264.0
Lisbon,SSP1-2.6,+Geoid,2054,0.366,0.7911,6.568,13136175.0,22988306.0,36124481.0,370779570.0
Lisbon,SSP1-2.6,+Geoid,2055,0.37,0.7695,6.784,13567864.0,23743762.0,37311626.0,394523332.0
Lisbon,SSP1-2.6,+Geoid,2056,0.374,0.7484,7.007,14013443.0,24523526.0,38536969.0,419046858.0
Lisbon,SSP1-2.6,+Geoid,2057,0.378,0.728,7.237,14473353.0,25328367.0,39801720.0,444375225.0
Lisbon,SSP1-2.6,+Geoid,2058,0.382,0.7081,7.474,14948046.0,26159080.0,41107125.0,470534305.0
Lisbon,SSP1-2.6,+Geoid,2059,0.386,0.6887,7.719,15437990.0,27016482.0,42454472.0,497550787.0
Lisbon,SSP1-2.6,+Geoid,2060,0.39,0.6699,7.972,15943668.0,27901419.0,43845086.0,525452206.0
Lisbon,SSP1-2.6,+Geoid,2061,0.394,0.6515,8.233,16465577.0,28814759.0,45280336.0,554266965.0
Lisbon,SSP1-2.6,+Geoid,2062,0.398,0.6337,8.502,17004230.0,29757402.0,46761632.0,584024367.0
Lisbon,SSP1-2.6,+Geoid,2063,0.402,0.6164,8.78,17560156.0,30730273.0,48290429.0,614754640.0
Lisbon,SSP1-2.6,+Geoid,2064,0.406,0.5995,9.067,18133900.0,31734326.0,49868226.0,646488966.0
Lisbon,SSP1-2.6,+Geoid,2065,0.41,0.5831,9.363,18726026.0,32770545.0,51496571.0,679259511.0
Lisbon,SSP1-2.6,+Geoid,2066,0.414,0.5672,9.669,19337112.0,33839947.0,53177059.0,713099458.0
Lisbon,SSP1-2.6,+Geoid,2067,0.418,0.5517,9.984,19967758.0,34943577.0,54911335.0,748043035.0
Lisbon,SSP1-2.6,+Geoid,2068,0.422,0.5366,10.309,20618580.0,36082515.0,56701095.0,784125550.0
Lisbon,SSP1-2.6,+Geoid,2069,0.426,0.5219,10.645,21290213.0,37257873.0,58548087.0,821383423.0
Lisbon,SSP1-2.6,+Geoid,2070,0.43,0.5077,10.992,21983315.0,38470801.0,60454115.0,859854224.0
Lisbon,SSP1-2.6,+Geoid,2071,0.434,0.4938,11.349,22698560.0,39722480.0,62421040.0,899576704.0
Lisbon,SSP1-2.6,+Geoid,2072,0.438,0.4803,11.718,23436646.0,41014131.0,64450777.0,940590835.0
Lisbon,SSP1-2.6,+Geoid,2073,0.442,0.4671,12.099,24198293.0,42347013.0,66545306.0,982937847.0
Lisbon,SSP1-2.6,+Geoid,2074,0.446,0.4544,12.492,24984241.0,43722422.0,68706663.0,1026660269.0
Lisbon,SSP1-2.6,+Geoid,2075,0.45,0.4419,12.898,25795255.0,45141697.0,70936952.0,1071801966.0
Lisbon,SSP1-2.6,+Geoid,2076,0.454,0.4299,13.316,26632124.0,46606217.0,73238340.0,1118408183.0
Lisbon,SSP1-2.6,+Geoid,2077,0.458,0.4181,13.748,27495659.0,48117403.0,75613063.0,1166525586.0
Lisbon,SSP1-2.6,+Geoid,2078,0.462,0.4067,14.193,28386699.0,49676724.0,78063423.0,1216202310.0
Lisbon,SSP1-2.6,+Geoid,2079,0.466,0.3955,14.653,29306108.0,51285690.0,80591798.0,1267488000.0
Lisbon,SSP1-2.6,+Geoid,2080,0.47,0.3847,15.127,30254777.0,52945860.0,83200637.0,1320433860.0
Lisbon,SSP1-2.6,+Geoid,2081,0.474,0.3742,15.617,31233624.0,54658843.0,85892467.0,1375092703.0
Lisbon,SSP1-2.6,+Geoid,2082,0.478,0.364,16.122,32243597.0,56426294.0,88669891.0,1431518997.0
Lisbon,SSP1-2.6,+Geoid,2083,0.482,0.354,16.643,33285671.0,58249924.0,91535595.0,1489768921.0
Lisbon,SSP1-2.6,+Geoid,2084,0.486,0.3443,17.18,34360853.0,60131493.0,94492346.0,1549900414.0
Lisbon,SSP1-2.6,+Geoid,2085,0.49,0.3349,17.735,35470182.0,62072819.0,97543001.0,1611973233.0
Lisbon,SSP1-2.6,+Geoid,2086,0.494,0.3258,18.307,36614728.0,64075774.0,100690501.0,1676049006.0
Lisbon,SSP1-2.6,+Geoid,2087,0.498,0.3169,18.898,37795593.0,66142288.0,103937881.0,1742191294.0
Lisbon,SSP1-2.6,+Geoid,2088,0.502,0.3082,19.507,39013916.0,68274353.0,107288269.0,1810465648.0
Lisbon,SSP1-2.6,+Geoid,2089,0.506,0.2998,20.135,40270869.0,70474021.0,110744891.0,1880939669.0
Lisbon,SSP1-2.6,+Geoid,2090,0.51,0.2916,20.784,41567662.0,72743408.0,114311070.0,1953683077.0
Lisbon,SSP1-2.6,+Geoid,2091,0.514,0.2836,21.453,42905541.0,75084696.0,117990237.0,2028767773.0
Lisbon,SSP1-2.6,+Geoid,2092,0.518,0.2758,22.143,44285791.0,77500133.0,121785924.0,2106267907.0
Lisbon,SSP1-2.6,+Geoid,2093,0.522,0.2683,22.855,45709737.0,79992039.0,125701776.0,2186259946.0
Lisbon,SSP1-2.6,+Geoid,2094,0.526,0.261,23.589,47178745.0,82562804.0,129741549.0,2268822750.0
Lisbon,SSP1-2.6,+Geoid,2095,0.53,0.2538,24.347,48694224.0,85214892.0,133909116.0,2354037641.0
Lisbon,SSP1-2.6,+Geoid,2096,0.534,0.2469,25.129,50257625.0,87950844.0,138208469.0,2441988485.0
Lisbon,SSP1-2.6,+Geoid,2097,0.538,0.2401,25.935,51870445.0,90773279.0,142643725.0,2532761764.0
Lisbon,SSP1-2.6,+Geoid,2098,0.542,0.2336,26.767,53534228.0,93684898.0,147219126.0,2626446663.0
Lisbon,SSP1-2.6,+Geoid,2099,0.546,0.2272,27.625,55250563.0,96688485.0,151939048.0,2723135148.0
Lisbon,SSP1-2.6,+Geoid,2100,0.55,0.221,28.511,57021091.0,99786909.0,156808000.0,2822922057.0
Lisbon,SSP2-4.5,Baseline,2025,0.05,7.0711,0.467,933381.0,1633417.0,2566798.0,1633417.0
Lisbon,SSP2-4.5,Baseline,2026,0.06,6.5975,0.509,1018562.0,1782483.0,2801044.0,3415899.0
Lisbon,SSP2-4.5,Baseline,2027,0.07,6.1557,0.556,1111161.0,1944532.0,3055694.0,5360432.0
Lisbon,SSP2-4.5,Baseline,2028,0.08,5.7435,0.606,1211806.0,2120661.0,3332468.0,7481093.0
Lisbon,SSP2-4.5,Baseline,2029,0.09,5.3589,0.661,1321175.0,2312056.0,3633230.0,9793149.0
Lisbon,SSP2-4.5,Baseline,2030,0.1,5.0,0.72,1440000.0,2520000.0,3960000.0,12313149.0
Lisbon,SSP2-4.5,Baseline,2031,0.11,4.6652,0.785,1569076.0,2745884.0,4314960.0,15059032.0
Lisbon,SSP2-4.5,Baseline,2032,0.12,4.3528,0.855,1709263.0,2991211.0,4700474.0,18050243.0
Lisbon,SSP2-4.5,Baseline,2033,0.13,4.0613,0.931,1861490.0,3257608.0,5119098.0,21307851.0
Lisbon,SSP2-4.5,Baseline,2034,0.14,3.7893,1.013,2026764.0,3546837.0,5573601.0,24854688.0
Lisbon,SSP2-4.5,Baseline,2035,0.15,3.5355,1.103,2206173.0,3860803.0,6066976.0,28715491.0
Lisbon,SSP2-4.5,Baseline,2036,0.16,3.2988,1.2,2400895.0,4201566.0,6602461.0,32917057.0
Lisbon,SSP2-4.5,Baseline,2037,0.17,3.0779,1.306,2612204.0,4571356.0,7183560.0,37488414.0
Lisbon,SSP2-4.5,Baseline,2038,0.18,2.8717,1.421,2841477.0,4972585.0,7814062.0,42460999.0
Lisbon,SSP2-4.5,Baseline,2039,0.19,2.6794,1.545,3090205.0,5407859.0,8498064.0,47868858.0
Lisbon,SSP2-4.5,Baseline,2040,0.2,2.5,1.68,3360000.0,5880000.0,9240000.0,53748858.0
Lisbon,SSP2-4.5,Baseline,2041,0.21,2.3326,1.826,3652604.0,6392057.0,10044661.0,60140915.0
Lisbon,SSP2-4.5,Baseline,2042,0.22,2.1764,1.985,3969902.0,6947328.0,10917229.0,67088242.0
Lisbon,SSP2-4.5,Baseline,2043,0.23,2.0306,2.157,4313930.0,7549378.0,11863308.0,74637620.0
Lisbon,SSP2-4.5,Baseline,2044,0.24,1.8946,2.343,4686892.0,8202061.0,12888953.0,82839681.0
Lisbon,SSP2-4.5,Baseline,2045,0.25,1.7678,2.546,5091169.0,8909545.0,14000714.0,91749227.0
Lisbon,SSP2-4.5,Baseline,2046,0.26,1.6494,2.765,5529334.0,9676335.0,15205669.0,101425561.0
Lisbon,SSP2-4.5,Baseline,2047,0.27,1.5389,3.002,6004170.0,10507297.0,16511467.0,111932858.0
Lisbon,SSP2-4.5,Baseline,2048,0.28,1.4359,3.259,6518683.0,11407695.0,17926377.0,123340553.0
Lisbon,SSP2-4.5,Baseline,2049,0.29,1.3397,3.538,7076122.0,12383214.0,19459336.0,135723767.0
Lisbon,SSP2-4.5,Baseline,2050,0.3,1.25,3.84,7680000.0,13440000.0,21120000.0,149163767.0
Lisbon,SSP2-4.5,Baseline,2051,0.306,1.1991,4.033,8066183.0,14115820.0,22182003.0,163279587.0
Lisbon,SSP2-4.5,Baseline,2052,0.312,1.1502,4.236,8471316.0,14824802.0,23296118.0,178104389.0
Lisbon,SSP2-4.5,Baseline,2053,0.318,1.1034,4.448,8896311.0,15568544.0,24464854.0,193672933.0
Lisbon,SSP2-4.5,Baseline,2054,0.324,1.0584,4.671,9342124.0,16348718.0,25690842.0,210021650.0
Lisbon,SSP2-4.5,Baseline,2055,0.33,1.0153,4.905,9809759.0,17167078.0,26976836.0,227188728.0
Lisbon,SSP2-4.5,Baseline,2056,0.336,0.974,5.15,10300263.0,18025460.0,28325723.0,245214188.0
Lisbon,SSP2-4.5,Baseline,2057,0.342,0.9343,5.407,10814736.0,18925788.0,29740524.0,264139976.0
Lisbon,SSP2-4.5,Baseline,2058,0.348,0.8962,5.677,11354329.0,19870076.0,31224405.0,284010052.0
Lisbon,SSP2-4.5,Baseline,2059,0.354,0.8597,5.96,11920248.0,20860435.0,32780683.0,304870487.0
Lisbon,SSP2-4.5,Baseline,2060,0.36,0.8247,6.257,12513756.0,21899073.0,34412829.0,326769560.0
Lisbon,SSP2-4.5,Baseline,2061,0.366,0.7911,6.568,13136175.0,22988306.0,36124481.0,349757866.0
Lisbon,SSP2-4.5,Baseline,2062,0.372,0.7589,6.894,13788890.0,24130558.0,37919448.0,373888424.0
Lisbon,SSP2-4.5,Baseline,2063,0.378,0.728,7.237,14473353.0,25328367.0,39801720.0,399216791.0
Lisbon,SSP2-4.5,Baseline,2064,0.384,0.6983,7.596,15191082.0,26584393.0,41775474.0,425801184.0
Lisbon,SSP2-4.5,Baseline,2065,0.39,0.6699,7.972,15943668.0,27901419.0,43845086.0,453702602.0
Lisbon,SSP2-4.5,Baseline,2066,0.396,0.6426,8.366,16732778.0,29282361.0,46015138.0,482984963.0
Lisbon,SSP2-4.5,Baseline,2067,0.402,0.6164,8.78,17560156.0,30730273.0,48290429.0,513715236.0
Lisbon,SSP2-4.5,Baseline,2068,0.408,0.5913,9.214,18427630.0,32248352.0,50675982.0,545963588.0
Lisbon,SSP2-4.5,Baseline,2069,0.414,0.5672,9.669,19337112.0,33839947.0,53177059.0,579803535.0
Lisbon,SSP2-4.5,Baseline,2070,0.42,0.5441,10.145,20290608.0,35508564.0,55799171.0,615312098.0
Lisbon,SSP2-4.5,Baseline,2071,0.426,0.5219,10.645,21290213.0,37257873.0,58548087.0,652569972.0
Lisbon,SSP2-4.5,Baseline,2072,0.432,0.5007,11.169,22338126.0,39091721.0,61429847.0,691661692.0
Lisbon,SSP2-4.5,Baseline,2073,0.438,0.4803,11.718,23436646.0,41014131.0,64450777.0,732675823.0
Lisbon,SSP2-4.5,Baseline,2074,0.444,0.4607,12.294,24588182.0,43029319.0,67617501.0,775705142.0
Lisbon,SSP2-4.5,Baseline,2075,0.45,0.4419,12.898,25795255.0,45141697.0,70936952.0,820846839.0
Lisbon,SSP2-4.5,Baseline,2076,0.456,0.4239,13.53,27060506.0,47355886.0,74416392.0,868202725.0
Lisbon,SSP2-4.5,Baseline,2077,0.462,0.4067,14.193,28386699.0,49676724.0,78063423.0,917879449.0
Lisbon,SSP2-4.5,Baseline,2078,0.468,0.3901,14.888,29776729.0,52109275.0,81886004.0,969988724.0
Lisbon,SSP2-4.5,Baseline,2079,0.474,0.3742,15.617,31233624.0,54658843.0,85892467.0,1024647567.0
Lisbon,SSP2-4.5,Baseline,2080,0.48,0.359,16.38,32760559.0,57330978.0,90091537.0,1081978545.0
Lisbon,SSP2-4.5,Baseline,2081,0.486,0.3443,17.18,34360853.0,60131493.0,94492346.0,1142110038.0
Lisbon,SSP2-4.5,Baseline,2082,0.492,0.3303,18.019,36037985.0,63066473.0,99104458.0,1205176511.0
Lisbon,SSP2-4.5,Baseline,2083,0.498,0.3169,18.898,37795593.0,66142288.0,103937881.0,1271318799.0
Lisbon,SSP2-4.5,Baseline,2084,0.504,0.304,19.819,39637489.0,69365606.0,109003095.0,1340684405.0
Lisbon,SSP2-4.5,Baseline,2085,0.51,0.2916,20.784,41567662.0,72743408.0,114311070.0,1413427814.0
Lisbon,SSP2-4.5,Baseline,2086,0.516,0.2797,21.795,43590287.0,76283003.0,119873290.0,1489710817.0
Lisbon,SSP2-4.5,Baseline,2087,0.522,0.2683,22.855,45709737.0,79992039.0,125701776.0,1569702856.0
Lisbon,SSP2-4.5,Baseline,2088,0.528,0.2574,23.965,47930586.0,83878525.0,131809111.0,1653581381.0
Lisbon,SSP2-4.5,Baseline,2089,0.534,0.2469,25.129,50257625.0,87950844.0,138208469.0,1741532225.0
Lisbon,SSP2-4.5,Baseline,2090,0.54,0.2368,26.348,52695868.0,92217769.0,144913637.0,1833749994.0
Lisbon,SSP2-4.5,Baseline,2091,0.546,0.2272,27.625,55250563.0,96688485.0,151939048.0,1930438479.0
Lisbon,SSP2-4.5,Baseline,2092,0.552,0.2179,28.964,57927203.0,101372606.0,159299809.0,2031811085.0
Lisbon,SSP2-4.5,Baseline,2093,0.558,0.2091,30.366,60731539.0,106280194.0,167011733.0,2138091279.0
Lisbon,SSP2-4.5,Baseline,2094,0.564,0.2005,31.835,63669589.0,111421782.0,175091371.0,2249513060.0
Lisbon,SSP2-4.5,Baseline,2095,0.57,0.1924,33.374,66747653.0,116808393.0,183556046.0,2366321453.0
Lisbon,SSP2-4.5,Baseline,2096,0.576,0.1845,34.986,69972323.0,122451565.0,192423888.0,2488773018.0
Lisbon,SSP2-4.5,Baseline,2097,0.582,0.177,36.675,73350501.0,128363376.0,201713876.0,2617136394.0
Lisbon,SSP2-4.5,Baseline,2098,0.588,0.1698,38.445,76889408.0,134556464.0,211445871.0,2751692858.0
Lisbon,SSP2-4.5,Baseline,2099,0.594,0.1629,40.298,80596604.0,141044057.0,221640661.0,2892736914.0
Lisbon,SSP2-4.5,Baseline,2100,0.6,0.1563,42.24,84480000.0,147840000.0,232320000.0,3040576914.0
Lisbon,SSP2-4.5,+Geoid,2025,0.125,4.2045,0.892,1783811.0,3121669.0,4905479.0,3121669.0
Lisbon,SSP2-4.5,+Geoid,2026,0.15,3.5355,1.103,2206173.0,3860803.0,6066976.0,6982472.0
Lisbon,SSP2-4.5,+Geoid,2027,0.175,2.973,1.362,2724504.0,4767883.0,7492387.0,11750354.0
Lisbon,SSP2-4.5,+Geoid,2028,0.2,2.5,1.68,3360000.0,5880000.0,9240000.0,17630354.0
Lisbon,SSP2-4.5,+Geoid,2029,0.225,2.1022,2.069,4138441.0,7242271.0,11380712.0,24872626.0
Lisbon,SSP2-4.5,+Geoid,2030,0.25,1.7678,2.546,5091169.0,8909545.0,14000714.0,33782171.0
Lisbon,SSP2-4.5,+Geoid,2031,0.26,1.6494,2.765,5529334.0,9676335.0,15205669.0,43458506.0
Lisbon,SSP2-4.5,+Geoid,2032,0.27,1.5389,3.002,6004170.0,10507297.0,16511467.0,53965803.0
Lisbon,SSP2-4.5,+Geoid,2033,0.28,1.4359,3.259,6518683.0,11407695.0,17926377.0,65373497.0
Lisbon,SSP2-4.5,+Geoid,2034,0.29,1.3397,3.538,7076122.0,12383214.0,19459336.0,77756711.0
Lisbon,SSP2-4.5,+Geoid,2035,0.3,1.25,3.84,7680000.0,13440000.0,21120000.0,91196711.0
Lisbon,SSP2-4.5,+Geoid,2036,0.31,1.1663,4.167,8334110.0,14584693.0,22918804.0,105781404.0
Lisbon,SSP2-4.5,+Geoid,2037,0.32,1.0882,4.521,9042553.0,15824469.0,24867022.0,121605873.0
Lisbon,SSP2-4.5,+Geoid,2038,0.33,1.0153,4.905,9809759.0,17167078.0,26976836.0,138772951.0
Lisbon,SSP2-4.5,+Geoid,2039,0.34,0.9473,5.32,10640512.0,18620896.0,29261407.0,157393846.0
Lisbon,SSP2-4.5,+Geoid,2040,0.35,0.8839,5.77,11539983.0,20194970.0,31734952.0,177588816.0
Lisbon,SSP2-4.5,+Geoid,2041,0.36,0.8247,6.257,12513756.0,21899073.0,34412829.0,199487889.0
Lisbon,SSP2-4.5,+Geoid,2042,0.37,0.7695,6.784,13567864.0,23743762.0,37311626.0,223231651.0
Lisbon,SSP2-4.5,+Geoid,2043,0.38,0.7179,7.354,14708822.0,25740439.0,40449261.0,248972090.0
Lisbon,SSP2-4.5,+Geoid,2044,0.39,0.6699,7.972,15943668.0,27901419.0,43845086.0,276873509.0
Lisbon,SSP2-4.5,+Geoid,2045,0.4,0.625,8.64,17280000.0,30240000.0,47520000.0,307113509.0
Lisbon,SSP2-4.5,+Geoid,2046,0.41,0.5831,9.363,18726026.0,32770545.0,51496571.0,339884054.0
Lisbon,SSP2-4.5,+Geoid,2047,0.42,0.5441,10.145,20290608.0,35508564.0,55799171.0,375392618.0
Lisbon,SSP2-4.5,+Geoid,2048,0.43,0.5077,10.992,21983315.0,38470801.0,60454115.0,413863418.0
Lisbon,SSP2-4.5,+Geoid,2049,0.44,0.4737,11.907,23814479.0,41675338.0,65489817.0,455538756.0
Lisbon,SSP2-4.5,+Geoid,2050,0.45,0.4419,12.898,25795255.0,45141697.0,70936952.0,500680453.0
Lisbon,SSP2-4.5,+Geoid,2051,0.456,0.4239,13.53,27060506.0,47355886.0,74416392.0,548036339.0
Lisbon,SSP2-4.5,+Geoid,2052,0.462,0.4067,14.193,28386699.0,49676724.0,78063423.0,597713063.0
Lisbon,SSP2-4.5,+Geoid,2053,0.468,0.3901,14.888,29776729.0,52109275.0,81886004.0,649822338.0
Lisbon,SSP2-4.5,+Geoid,2054,0.474,0.3742,15.617,31233624.0,54658843.0,85892467.0,704481181.0
Lisbon,SSP2-4.5,+Geoid,2055,0.48,0.359,16.38,32760559.0,57330978.0,90091537.0,761812158.0
Lisbon,SSP2-4.5,+Geoid,2056,0.486,0.3443,17.18,34360853.0,60131493.0,94492346.0,821943652.0
Lisbon,SSP2-4.5,+Geoid,2057,0.492,0.3303,18.019,36037985.0,63066473.0,99104458.0,885010125.0
Lisbon,SSP2-4.5,+Geoid,2058,0.498,0.3169,18.898,37795593.0,66142288.0,103937881.0,951152413.0
Lisbon,SSP2-4.5,+Geoid,2059,0.504,0.304,19.819,39637489.0,69365606.0,109003095.0,1020518019.0
Lisbon,SSP2-4.5,+Geoid,2060,0.51,0.2916,20.784,41567662.0,72743408.0,114311070.0,1093261428.0
Lisbon,SSP2-4.5,+Geoid,2061,0.516,0.2797,21.795,43590287.0,76283003.0,119873290.0,1169544430.0
Lisbon,SSP2-4.5,+Geoid,2062,0.522,0.2683,22.855,45709737.0,79992039.0,125701776.0,1249536470.0
Lisbon,SSP2-4.5,+Geoid,2063,0.528,0.2574,23.965,47930586.0,83878525.0,131809111.0,1333414995.0
Lisbon,SSP2-4.5,+Geoid,2064,0.534,0.2469,25.129,50257625.0,87950844.0,138208469.0,1421365839.0
Lisbon,SSP2-4.5,+Geoid,2065,0.54,0.2368,26.348,52695868.0,92217769.0,144913637.0,1513583608.0
Lisbon,SSP2-4.5,+Geoid,2066,0.546,0.2272,27.625,55250563.0,96688485.0,151939048.0,1610272093.0
Lisbon,SSP2-4.5,+Geoid,2067,0.552,0.2179,28.964,57927203.0,101372606.0,159299809.0,1711644698.0
Lisbon,SSP2-4.5,+Geoid,2068,0.558,0.2091,30.366,60731539.0,106280194.0,167011733.0,1817924892.0
Lisbon,SSP2-4.5,+Geoid,2069,0.564,0.2005,31.835,63669589.0,111421782.0,175091371.0,1929346674.0
Lisbon,SSP2-4.5,+Geoid,2070,0.57,0.1924,33.374,66747653.0,116808393.0,183556046.0,2046155067.0
Lisbon,SSP2-4.5,+Geoid,2071,0.576,0.1845,34.986,69972323.0,122451565.0,192423888.0,2168606632.0
Lisbon,SSP2-4.5,+Geoid,2072,0.582,0.177,36.675,73350501.0,128363376.0,201713876.0,2296970008.0
Lisbon,SSP2-4.5,+Geoid,2073,0.588,0.1698,38.445,76889408.0,134556464.0,211445871.0,2431526471.0
Lisbon,SSP2-4.5,+Geoid,2074,0.594,0.1629,40.298,80596604.0,141044057.0,221640661.0,2572570528.0
Lisbon,SSP2-4.5,+Geoid,2075,0.6,0.1563,42.24,84480000.0,147840000.0,232320000.0,2720410528.0
Lisbon,SSP2-4.5,+Geoid,2076,0.606,0.1499,44.274,88547876.0,154958782.0,243506658.0,2875369311.0
Lisbon,SSP2-4.5,+Geoid,2077,0.612,0.1438,46.404,92808896.0,162415568.0,255224464.0,3037784879.0
Lisbon,SSP2-4.5,+Geoid,2078,0.618,0.1379,48.636,97272129.0,170226226.0,267498356.0,3208011105.0
Lisbon,SSP2-4.5,+Geoid,2079,0.624,0.1323,50.974,101947066.0,178407365.0,280354431.0,3386418470.0
Lisbon,SSP2-4.5,+Geoid,2080,0.63,0.1269,53.422,106843637.0,186976364.0,293820001.0,3573394834.0
Lisbon,SSP2-4.5,+Geoid,2081,0.636,0.1217,55.986,111972236.0,195951413.0,307923648.0,3769346247.0
Lisbon,SSP2-4.5,+Geoid,2082,0.642,0.1168,58.672,117343739.0,205351543.0,322695282.0,3974697790.0
Lisbon,SSP2-4.5,+Geoid,2083,0.648,0.112,61.485,122969528.0,215196674.0,338166202.0,4189894464.0
Lisbon,SSP2-4.5,+Geoid,2084,0.654,0.1075,64.431,128861513.0,225507648.0,354369161.0,4415402112.0
Lisbon,SSP2-4.5,+Geoid,2085,0.66,0.1031,67.516,135032157.0,236306276.0,371338433.0,4651708388.0
Lisbon,SSP2-4.5,+Geoid,2086,0.666,0.0989,70.747,141494503.0,247615380.0,389109883.0,4899323768.0
Lisbon,SSP2-4.5,+Geoid,2087,0.672,0.0949,74.131,148262196.0,259458843.0,407721039.0,5158782611.0
Lisbon,SSP2-4.5,+Geoid,2088,0.678,0.091,77.675,155349517.0,271861655.0,427211172.0,5430644265.0
Lisbon,SSP2-4.5,+Geoid,2089,0.684,0.0873,81.386,162771407.0,284849963.0,447621371.0,5715494228.0
Lisbon,SSP2-4.5,+Geoid,2090,0.69,0.0837,85.272,170543502.0,298451129.0,468994631.0,6013945357.0
Lisbon,SSP2-4.5,+Geoid,2091,0.696,0.0803,89.341,178682161.0,312693781.0,491375942.0,6326639139.0
Lisbon,SSP2-4.5,+Geoid,2092,0.702,0.077,93.602,187204500.0,327607874.0,514812374.0,6654247013.0
Lisbon,SSP2-4.5,+Geoid,2093,0.708,0.0739,98.064,196128429.0,343224751.0,539353180.0,6997471764.0
Lisbon,SSP2-4.5,+Geoid,2094,0.714,0.0709,102.736,205472688.0,359577204.0,565049891.0,7357048967.0
Lisbon,SSP2-4.5,+Geoid,2095,0.72,0.068,107.628,215256882.0,376699544.0,591956426.0,7733748511.0
Lisbon,SSP2-4.5,+Geoid,2096,0.726,0.0652,112.751,225501526.0,394627670.0,620129196.0,8128376181.0
Lisbon,SSP2-4.5,+Geoid,2097,0.732,0.0626,118.114,236228081.0,413399142.0,649627223.0,8541775323.0
Lisbon,SSP2-4.5,+Geoid,2098,0.738,0.06,123.73,247459003.0,433053255.0,680512258.0,8974828578.0
Lisbon,SSP2-4.5,+Geoid,2099,0.744,0.0576,129.609,259217784.0,453631123.0,712848907.0,9428459701.0
Lisbon,SSP2-4.5,+Geoid,2100,0.75,0.0552,135.765,271529004.0,475175757.0,746704761.0,9903635458.0
Lisbon,SSP5-8.5,Baseline,2025,0.065,6.3728,0.532,1063896.0,1861818.0,2925714.0,1861818.0
Lisbon,SSP5-8.5,Baseline,2026,0.078,5.8237,0.596,1191002.0,2084253.0,3275255.0,3946072.0
Lisbon,SSP5-8.5,Baseline,2027,0.091,5.3219,0.666,1332619.0,2332083.0,3664702.0,6278155.0
Lisbon,SSP5-8.5,Baseline,2028,0.104,4.8633,0.745,1490354.0,2608119.0,4098473.0,8886274.0
Lisbon,SSP5-8.5,Baseline,2029,0.117,4.4442,0.833,1665987.0,2915477.0,4581463.0,11801751.0
Lisbon,SSP5-8.5,Baseline,2030,0.13,4.0613,0.931,1861490.0,3257608.0,5119098.0,15059359.0
Lisbon,SSP5-8.5,Baseline,2031,0.1435,3.6985,1.044,2087891.0,3653809.0,5741700.0,18713168.0
Lisbon,SSP5-8.5,Baseline,2032,0.157,3.3681,1.17,2340797.0,4096394.0,6437191.0,22809562.0
Lisbon,SSP5-8.5,Baseline,2033,0.1705,3.0672,1.312,2623229.0,4590650.0,7213879.0,27400213.0
Lisbon,SSP5-8.5,Baseline,2034,0.184,2.7932,1.469,2938546.0,5142456.0,8081002.0,32542669.0
Lisbon,SSP5-8.5,Baseline,2035,0.1975,2.5437,1.645,3290483.0,5758346.0,9048829.0,38301015.0
Lisbon,SSP5-8.5,Baseline,2036,0.211,2.3165,1.842,3683190.0,6445583.0,10128773.0,44746598.0
Lisbon,SSP5-8.5,Baseline,2037,0.2245,2.1095,2.061,4121279.0,7212238.0,11333516.0,51958835.0
Lisbon,SSP5-8.5,Baseline,2038,0.238,1.9211,2.305,4609873.0,8067278.0,12677152.0,60026114.0
Lisbon,SSP5-8.5,Baseline,2039,0.2515,1.7495,2.577,5154668.0,9020668.0,14175336.0,69046782.0
Lisbon,SSP5-8.5,Baseline,2040,0.265,1.5932,2.881,5761986.0,10083475.0,15845460.0,79130257.0
Lisbon,SSP5-8.5,Baseline,2041,0.2785,1.4509,3.219,6438851.0,11267990.0,17706841.0,90398247.0
Lisbon,SSP5-8.5,Baseline,2042,0.292,1.3213,3.597,7193065.0,12587865.0,19780930.0,102986111.0
Lisbon,SSP5-8.5,Baseline,2043,0.3055,1.2032,4.017,8033290.0,14058257.0,22091547.0,117044368.0
Lisbon,SSP5-8.5,Baseline,2044,0.319,1.0958,4.485,8969141.0,15695996.0,24665137.0,132740364.0
Lisbon,SSP5-8.5,Baseline,2045,0.3325,0.9979,5.006,10011294.0,17519765.0,27531059.0,150260129.0
Lisbon,SSP5-8.5,Baseline,2046,0.346,0.9087,5.586,11171600.0,19550301.0,30721901.0,169810430.0
Lisbon,SSP5-8.5,Baseline,2047,0.3595,0.8276,6.232,12463211.0,21810620.0,34273831.0,191621050.0
Lisbon,SSP5-8.5,Baseline,2048,0.373,0.7536,6.95,13900722.0,24326264.0,38226987.0,215947314.0
Lisbon,SSP5-8.5,Baseline,2049,0.3865,0.6863,7.75,15500329.0,27125576.0,42625905.0,243072890.0
Lisbon,SSP5-8.5,Baseline,2050,0.4,0.625,8.64,17280000.0,30240000.0,47520000.0,273312890.0
Lisbon,SSP5-8.5,Baseline,2051,0.412,0.5751,9.515,19029162.0,33301034.0,52330196.0,306613924.0
Lisbon,SSP5-8.5,Baseline,2052,0.424,0.5292,10.476,20951755.0,36665571.0,57617325.0,343279494.0
Lisbon,SSP5-8.5,Baseline,2053,0.436,0.487,11.532,23064703.0,40363231.0,63427935.0,383642726.0
Lisbon,SSP5-8.5,Baseline,2054,0.448,0.4481,12.693,25386566.0,44426491.0,69813057.0,428069217.0
Lisbon,SSP5-8.5,Baseline,2055,0.46,0.4123,13.969,27937688.0,48890954.0,76828641.0,476960170.0
Lisbon,SSP5-8.5,Baseline,2056,0.472,0.3794,15.37,30740370.0,53795648.0,84536018.0,530755818.0
Lisbon,SSP5-8.5,Baseline,2057,0.484,0.3492,16.91,33819059.0,59183354.0,93002413.0,589939172.0
Lisbon,SSP5-8.5,Baseline,2058,0.496,0.3213,18.6,37200550.0,65100963.0,102301513.0,655040134.0
Lisbon,SSP5-8.5,Baseline,2059,0.508,0.2956,20.457,40914209.0,71599865.0,112514074.0,726640000.0
Lisbon,SSP5-8.5,Baseline,2060,0.52,0.272,22.496,44992217.0,78736380.0,123728597.0,805376380.0
Lisbon,SSP5-8.5,Baseline,2061,0.532,0.2503,24.735,49469842.0,86572223.0,136042065.0,891948603.0
Lisbon,SSP5-8.5,Baseline,2062,0.544,0.2304,27.193,54385725.0,95175018.0,149560743.0,987123621.0
Lisbon,SSP5-8.5,Baseline,2063,0.556,0.212,29.891,59782206.0,104618861.0,164401068.0,1091742482.0
Lisbon,SSP5-8.5,Baseline,2064,0.568,0.1951,32.853,65705674.0,114984929.0,180690603.0,1206727412.0
Lisbon,SSP5-8.5,Baseline,2065,0.58,0.1795,36.103,72206946.0,126362155.0,198569101.0,1333089567.0
Lisbon,SSP5-8.5,Baseline,2066,0.592,0.1652,39.671,79341692.0,138847961.0,218189653.0,1471937528.0
Lisbon,SSP5-8.5,Baseline,2067,0.604,0.152,43.585,87170893.0,152549062.0,239719955.0,1624486590.0
Lisbon,SSP5-8.5,Baseline,2068,0.616,0.1398,47.881,95761340.0,167582345.0,263343685.0,1792068935.0
Lisbon,SSP5-8.5,Baseline,2069,0.628,0.1287,52.593,105186189.0,184075830.0,289262018.0,1976144765.0
Lisbon,SSP5-8.5,Baseline,2070,0.64,0.1184,57.763,115525557.0,202169724.0,317695281.0,2178314489.0
Lisbon,SSP5-8.5,Baseline,2071,0.652,0.109,63.434,126867183.0,222017570.0,348884753.0,2400332060.0
Lisbon,SSP5-8.5,Baseline,2072,0.664,0.1003,69.654,139307147.0,243787507.0,383094654.0,2644119567.0
Lisbon,SSP5-8.5,Baseline,2073,0.676,0.0923,76.475,152950654.0,267663645.0,420614299.0,2911783211.0
Lisbon,SSP5-8.5,Baseline,2074,0.688,0.0849,83.956,167912898.0,293847571.0,461760469.0,3205630782.0
Lisbon,SSP5-8.5,Baseline,2075,0.7,0.0781,92.16,184320000.0,322560000.0,506880000.0,3528190782.0
Lisbon,SSP5-8.5,Baseline,2076,0.712,0.0719,101.155,202310040.0,354042569.0,556352609.0,3882233352.0
Lisbon,SSP5-8.5,Baseline,2077,0.724,0.0662,111.017,222034179.0,388559813.0,610593991.0,4270793164.0
Lisbon,SSP5-8.5,Baseline,2078,0.736,0.0609,121.829,243657893.0,426401313.0,670059207.0,4697194478.0
Lisbon,SSP5-8.5,Baseline,2079,0.748,0.056,133.681,267362319.0,467884058.0,735246376.0,5165078535.0
Lisbon,SSP5-8.5,Baseline,2080,0.76,0.0515,146.673,293345721.0,513355012.0,806700734.0,5678433548.0
Lisbon,SSP5-8.5,Baseline,2081,0.772,0.0474,160.913,321825108.0,563193939.0,885019047.0,6241627487.0
Lisbon,SSP5-8.5,Baseline,2082,0.784,0.0436,176.519,353037985.0,617816474.0,970854459.0,6859443961.0
Lisbon,SSP5-8.5,Baseline,2083,0.796,0.0402,193.622,387244281.0,677677492.0,1064921774.0,7537121453.0
Lisbon,SSP5-8.5,Baseline,2084,0.808,0.037,212.364,424728452.0,743274791.0,1168003244.0,8280396245.0
Lisbon,SSP5-8.5,Baseline,2085,0.82,0.034,232.901,465801778.0,815153111.0,1280954889.0,9095549356.0
Lisbon,SSP5-8.5,Baseline,2086,0.832,0.0313,255.402,510804877.0,893908534.0,1404713411.0,9989457890.0
Lisbon,SSP5-8.5,Baseline,2087,0.844,0.0288,280.055,560110454.0,980193294.0,1540303747.0,10969651184.0
Lisbon,SSP5-8.5,Baseline,2088,0.856,0.0265,307.063,614126303.0,1074721030.0,1688847333.0,12044372214.0
Lisbon,SSP5-8.5,Baseline,2089,0.868,0.0244,336.649,673298591.0,1178272535.0,1851571126.0,13222644748.0
Lisbon,SSP5-8.5,Baseline,2090,0.88,0.0224,365.0,730000000.0,1277500000.0,2007500000.0,14500144748.0
Lisbon,SSP5-8.5,Baseline,2091,0.892,0.0206,365.0,730000000.0,1277500000.0,2007500000.0,15777644748.0
Lisbon,SSP5-8.5,Baseline,2092,0.904,0.019,365.0,730000000.0,1277500000.0,2007500000.0,17055144748.0
Lisbon,SSP5-8.5,Baseline,2093,0.916,0.0175,365.0,730000000.0,1277500000.0,2007500000.0,18332644748.0
Lisbon,SSP5-8.5,Baseline,2094,0.928,0.0161,365.0,730000000.0,1277500000.0,2007500000.0,19610144748.0
Lisbon,SSP5-8.5,Baseline,2095,0.94,0.0148,365.0,730000000.0,1277500000.0,2007500000.0,20887644748.0
Lisbon,SSP5-8.5,Baseline,2096,0.952,0.0136,365.0,730000000.0,1277500000.0,2007500000.0,22165144748.0
Lisbon,SSP5-8.5,Baseline,2097,0.964,0.0125,365.0,730000000.0,1277500000.0,2007500000.0,23442644748.0
Lisbon,SSP5-8.5,Baseline,2098,0.976,0.0115,365.0,730000000.0,1277500000.0,2007500000.0,24720144748.0
Lisbon,SSP5-8.5,Baseline,2099,0.988,0.0106,365.0,730000000.0,1277500000.0,2007500000.0,25997644748.0
Lisbon,SSP5-8.5,Baseline,2100,1.0,0.0098,365.0,730000000.0,1277500000.0,2007500000.0,27275144748.0
Lisbon,SSP5-8.5,+Geoid,2025,0.14,3.7893,1.013,2026764.0,3546837.0,5573601.0,3546837.0
Lisbon,SSP5-8.5,+Geoid,2026,0.168,3.1208,1.284,2568550.0,4494963.0,7063514.0,8041801.0
Lisbon,SSP5-8.5,+Geoid,2027,0.196,2.5703,1.625,3249446.0,5686530.0,8935976.0,13728330.0
Lisbon,SSP5-8.5,+Geoid,2028,0.224,2.1169,2.052,4104186.0,7182325.0,11286511.0,20910655.0
Lisbon,SSP5-8.5,+Geoid,2029,0.252,1.7434,2.588,5176005.0,9058009.0,14234013.0,29968664.0
Lisbon,SSP5-8.5,+Geoid,2030,0.28,1.4359,3.259,6518683.0,11407695.0,17926377.0,41376359.0
Lisbon,SSP5-8.5,+Geoid,2031,0.2935,1.3076,3.641,7282009.0,12743516.0,20025525.0,54119874.0
Lisbon,SSP5-8.5,+Geoid,2032,0.307,1.1908,4.066,8132365.0,14231639.0,22364004.0,68351513.0
Lisbon,SSP5-8.5,+Geoid,2033,0.3205,1.0844,4.54,9079480.0,15889090.0,24968569.0,84240603.0
Lisbon,SSP5-8.5,+Geoid,2034,0.334,0.9876,5.067,10134154.0,17734769.0,27868922.0,101975372.0
Lisbon,SSP5-8.5,+Geoid,2035,0.3475,0.8993,5.654,11308375.0,19789656.0,31098030.0,121765027.0
Lisbon,SSP5-8.5,+Geoid,2036,0.361,0.819,6.308,12615448.0,22077034.0,34692482.0,143842062.0
Lisbon,SSP5-8.5,+Geoid,2037,0.3745,0.7458,7.035,14070139.0,24622744.0,38692883.0,168464805.0
Lisbon,SSP5-8.5,+Geoid,2038,0.388,0.6792,7.844,15688831.0,27455455.0,43144286.0,195920260.0
Lisbon,SSP5-8.5,+Geoid,2039,0.4015,0.6185,8.745,17489702.0,30606978.0,48096680.0,226527239.0
Lisbon,SSP5-8.5,+Geoid,2040,0.415,0.5633,9.746,19492916.0,34112604.0,53605520.0,260639842.0
Lisbon,SSP5-8.5,+Geoid,2041,0.4285,0.513,10.86,21720843.0,38011476.0,59732319.0,298651318.0
Lisbon,SSP5-8.5,+Geoid,2042,0.442,0.4671,12.099,24198293.0,42347013.0,66545306.0,340998331.0
Lisbon,SSP5-8.5,+Geoid,2043,0.4555,0.4254,13.476,26952780.0,47167365.0,74120145.0,388165696.0
Lisbon,SSP5-8.5,+Geoid,2044,0.469,0.3874,15.007,30014817.0,52525930.0,82540747.0,440691626.0
Lisbon,SSP5-8.5,+Geoid,2045,0.4825,0.3528,16.709,33418237.0,58481915.0,91900152.0,499173541.0
Lisbon,SSP5-8.5,+Geoid,2046,0.496,0.3213,18.6,37200550.0,65100963.0,102301513.0,564274504.0
Lisbon,SSP5-8.5,+Geoid,2047,0.5095,0.2926,20.702,41403342.0,72455848.0,113859190.0,636730352.0
Lisbon,SSP5-8.5,+Geoid,2048,0.523,0.2664,23.036,46072710.0,80627242.0,126699952.0,717357594.0
Lisbon,SSP5-8.5,+Geoid,2049,0.5365,0.2426,25.63,51259749.0,89704562.0,140964311.0,807062156.0
Lisbon,SSP5-8.5,+Geoid,2050,0.55,0.221,28.511,57021091.0,99786909.0,156808000.0,906849065.0
Lisbon,SSP5-8.5,+Geoid,2051,0.562,0.2033,31.337,62674999.0,109681249.0,172356248.0,1016530314.0
Lisbon,SSP5-8.5,+Geoid,2052,0.574,0.1871,34.44,68880724.0,120541267.0,189421991.0,1137071581.0
Lisbon,SSP5-8.5,+Geoid,2053,0.586,0.1722,37.846,75691454.0,132460044.0,208151498.0,1269531625.0
Lisbon,SSP5-8.5,+Geoid,2054,0.598,0.1584,41.583,83165454.0,145539544.0,228704997.0,1415071168.0
Lisbon,SSP5-8.5,+Geoid,2055,0.61,0.1458,45.683,91366544.0,159891452.0,251257996.0,1574962620.0
Lisbon,SSP5-8.5,+Geoid,2056,0.622,0.1342,50.182,100364627.0,175638098.0,276002725.0,1750600718.0
Lisbon,SSP5-8.5,+Geoid,2057,0.634,0.1234,55.118,110236261.0,192913456.0,303149717.0,1943514174.0
Lisbon,SSP5-8.5,+Geoid,2058,0.646,0.1136,60.533,121065287.0,211864252.0,332929539.0,2155378426.0
Lisbon,SSP5-8.5,+Geoid,2059,0.658,0.1045,66.472,132943521.0,232651162.0,365594683.0,2388029588.0
Lisbon,SSP5-8.5,+Geoid,2060,0.67,0.0962,72.986,145971503.0,255450130.0,401421632.0,2643479718.0
Lisbon,SSP5-8.5,+Geoid,2061,0.682,0.0885,80.13,160259319.0,280453808.0,440713127.0,2923933526.0
Lisbon,SSP5-8.5,+Geoid,2062,0.694,0.0814,87.964,175927505.0,307873133.0,483800638.0,3231806659.0
Lisbon,SSP5-8.5,+Geoid,2063,0.706,0.0749,96.554,193108025.0,337939045.0,531047070.0,3569745704.0
Lisbon,SSP5-8.5,+Geoid,2064,0.718,0.069,105.973,211945355.0,370904371.0,582849727.0,3940650075.0
Lisbon,SSP5-8.5,+Geoid,2065,0.73,0.0635,116.299,232597652.0,407045891.0,639643542.0,4347695966.0
Lisbon,SSP5-8.5,+Geoid,2066,0.742,0.0584,127.619,255238045.0,446666579.0,701904624.0,4794362545.0
Lisbon,SSP5-8.5,+Geoid,2067,0.754,0.0537,140.028,280056044.0,490098077.0,770154121.0,5284460622.0
Lisbon,SSP5-8.5,+Geoid,2068,0.766,0.0494,153.63,307259075.0,537703381.0,844962456.0,5822164003.0
Lisbon,SSP5-8.5,+Geoid,2069,0.778,0.0455,168.537,337074164.0,589879787.0,926953951.0,6412043790.0
Lisbon,SSP5-8.5,+Geoid,2070,0.79,0.0419,184.875,369749778.0,647062112.0,1016811890.0,7059105902.0
Lisbon,SSP5-8.5,+Geoid,2071,0.802,0.0385,202.779,405557835.0,709726210.0,1115284045.0,7768832112.0
Lisbon,SSP5-8.5,+Geoid,2072,0.814,0.0354,222.398,444795901.0,778392826.0,1223188727.0,8547224938.0
Lisbon,SSP5-8.5,+Geoid,2073,0.826,0.0326,243.895,487789597.0,853631795.0,1341421393.0,9400856734.0
Lisbon,SSP5-8.5,+Geoid,2074,0.838,0.03,267.448,534895228.0,936066648.0,1470961876.0,10336923382.0
Lisbon,SSP5-8.5,+Geoid,2075,0.85,0.0276,293.251,586502649.0,1026379635.0,1612882284.0,11363303017.0
Lisbon,SSP5-8.5,+Geoid,2076,0.862,0.0254,321.519,643038412.0,1125317221.0,1768355633.0,12488620238.0
Lisbon,SSP5-8.5,+Geoid,2077,0.874,0.0234,352.485,704969196.0,1233696094.0,1938665290.0,13722316331.0
Lisbon,SSP5-8.5,+Geoid,2078,0.886,0.0215,365.0,730000000.0,1277500000.0,2007500000.0,14999816331.0
Lisbon,SSP5-8.5,+Geoid,2079,0.898,0.0198,365.0,730000000.0,1277500000.0,2007500000.0,16277316331.0
Lisbon,SSP5-8.5,+Geoid,2080,0.91,0.0182,365.0,730000000.0,1277500000.0,2007500000.0,17554816331.0
Lisbon,SSP5-8.5,+Geoid,2081,0.922,0.0168,365.0,730000000.0,1277500000.0,2007500000.0,18832316331.0
Lisbon,SSP5-8.5,+Geoid,2082,0.934,0.0154,365.0,730000000.0,1277500000.0,2007500000.0,20109816331.0
Lisbon,SSP5-8.5,+Geoid,2083,0.946,0.0142,365.0,730000000.0,1277500000.0,2007500000.0,21387316331.0
Lisbon,SSP5-8.5,+Geoid,2084,0.958,0.0131,365.0,730000000.0,1277500000.0,2007500000.0,22664816331.0
Lisbon,SSP5-8.5,+Geoid,2085,0.97,0.012,365.0,730000000.0,1277500000.0,2007500000.0,23942316331.0
Lisbon,SSP5-8.5,+Geoid,2086,0.982,0.0111,365.0,730000000.0,1277500000.0,2007500000.0,25219816331.0
Lisbon,SSP5-8.5,+Geoid,2087,0.994,0.0102,365.0,730000000.0,1277500000.0,2007500000.0,26497316331.0
Lisbon,SSP5-8.5,+Geoid,2088,1.006,0.0094,365.0,730000000.0,1277500000.0,2007500000.0,27774816331.0
Lisbon,SSP5-8.5,+Geoid,2089,1.018,0.0086,365.0,730000000.0,1277500000.0,2007500000.0,29052316331.0
Lisbon,SSP5-8.5,+Geoid,2090,1.03,0.0079,365.0,730000000.0,1277500000.0,2007500000.0,30329816331.0
Lisbon,SSP5-8.5,+Geoid,2091,1.042,0.0073,365.0,730000000.0,1277500000.0,2007500000.0,31607316331.0
Lisbon,SSP5-8.5,+Geoid,2092,1.054,0.0067,365.0,730000000.0,1277500000.0,2007500000.0,32884816331.0
Lisbon,SSP5-8.5,+Geoid,2093,1.066,0.0062,365.0,730000000.0,1277500000.0,2007500000.0,34162316331.0
Lisbon,SSP5-8.5,+Geoid,2094,1.078,0.0057,365.0,730000000.0,1277500000.0,2007500000.0,35439816331.0
Lisbon,SSP5-8.5,+Geoid,2095,1.09,0.0052,365.0,730000000.0,1277500000.0,2007500000.0,36717316331.0
Lisbon,SSP5-8.5,+Geoid,2096,1.102,0.0048,365.0,730000000.0,1277500000.0,2007500000.0,37994816331.0
Lisbon,SSP5-8.5,+Geoid,2097,1.114,0.0044,365.0,730000000.0,1277500000.0,2007500000.0,39272316331.0
Lisbon,SSP5-8.5,+Geoid,2098,1.126,0.0041,365.0,730000000.0,1277500000.0,2007500000.0,40549816331.0
Lisbon,SSP5-8.5,+Geoid,2099,1.138,0.0038,365.0,730000000.0,1277500000.0,2007500000.0,41827316331.0
Lisbon,SSP5-8.5,+Geoid,2100,1.15,0.0035,365.0,730000000.0,1277500000.0,2007500000.0,43104816331.0
Setúbal,SSP1-2.6,Baseline,2025,0.035,9.415,0.341,511417.0,852362.0,1534252.0,852362.0
Setúbal,SSP1-2.6,Baseline,2026,0.042,8.9691,0.363,543868.0,906446.0,1631603.0,1758808.0
Setúbal,SSP1-2.6,Baseline,2027,0.049,8.5443,0.386,578280.0,963800.0,1734841.0,2722609.0
Setúbal,SSP1-2.6,Baseline,2028,0.056,8.1396,0.41,614770.0,1024617.0,1844311.0,3747226.0
Setúbal,SSP1-2.6,Baseline,2029,0.063,7.7541,0.436,653459.0,1089099.0,1960378.0,4836325.0
Setúbal,SSP1-2.6,Baseline,2030,0.07,7.3869,0.463,694476.0,1157460.0,2083427.0,5993784.0
Setúbal,SSP1-2.6,Baseline,2031,0.0765,7.0614,0.49,734765.0,1224609.0,2204295.0,7218393.0
Setúbal,SSP1-2.6,Baseline,2032,0.083,6.7504,0.518,777293.0,1295488.0,2331879.0,8513881.0
Setúbal,SSP1-2.6,Baseline,2033,0.0895,6.453,0.548,822180.0,1370300.0,2466540.0,9884181.0
Setúbal,SSP1-2.6,Baseline,2034,0.096,6.1687,0.58,869554.0,1449256.0,2608661.0,11333437.0
Setúbal,SSP1-2.6,Baseline,2035,0.1025,5.8969,0.613,919547.0,1532579.0,2758642.0,12866016.0
Setúbal,SSP1-2.6,Baseline,2036,0.109,5.6371,0.648,972302.0,1620504.0,2916906.0,14486519.0
Setúbal,SSP1-2.6,Baseline,2037,0.1155,5.3888,0.685,1027967.0,1713278.0,3083900.0,16199797.0
Setúbal,SSP1-2.6,Baseline,2038,0.122,5.1514,0.724,1086696.0,1811161.0,3260089.0,18010958.0
Setúbal,SSP1-2.6,Baseline,2039,0.1285,4.9244,0.766,1148656.0,1914427.0,3445969.0,19925385.0
Setúbal,SSP1-2.6,Baseline,2040,0.135,4.7075,0.809,1214019.0,2023365.0,3642057.0,21948750.0
Setúbal,SSP1-2.6,Baseline,2041,0.1415,4.5001,0.855,1282967.0,2138278.0,3848900.0,24087027.0
Setúbal,SSP1-2.6,Baseline,2042,0.148,4.3019,0.904,1355691.0,2259485.0,4067073.0,26346512.0
Setúbal,SSP1-2.6,Baseline,2043,0.1545,4.1123,0.955,1432393.0,2387322.0,4297180.0,28733834.0
Setúbal,SSP1-2.6,Baseline,2044,0.161,3.9312,1.009,1513286.0,2522143.0,4539858.0,31255978.0
Setúbal,SSP1-2.6,Baseline,2045,0.1675,3.758,1.066,1598593.0,2664321.0,4795778.0,33920298.0
Setúbal,SSP1-2.6,Baseline,2046,0.174,3.5924,1.126,1688548.0,2814246.0,5065643.0,36734545.0
Setúbal,SSP1-2.6,Baseline,2047,0.1805,3.4342,1.189,1783399.0,2972332.0,5350197.0,39706876.0
Setúbal,SSP1-2.6,Baseline,2048,0.187,3.2829,1.256,1883407.0,3139011.0,5650220.0,42845887.0
Setúbal,SSP1-2.6,Baseline,2049,0.1935,3.1383,1.326,1988844.0,3314740.0,5966533.0,46160628.0
Setúbal,SSP1-2.6,Baseline,2050,0.2,3.0,1.4,2100000.0,3500000.0,6300000.0,49660628.0
Setúbal,SSP1-2.6,Baseline,2051,0.204,2.918,1.448,2171376.0,3618961.0,6514129.0,53279589.0
Setúbal,SSP1-2.6,Baseline,2052,0.208,2.8382,1.497,2245106.0,3741844.0,6735319.0,57021432.0
Setúbal,SSP1-2.6,Baseline,2053,0.212,2.7606,1.548,2321266.0,3868776.0,6963797.0,60890209.0
Setúbal,SSP1-2.6,Baseline,2054,0.216,2.6851,1.6,2399933.0,3999888.0,7199798.0,64890096.0
Setúbal,SSP1-2.6,Baseline,2055,0.22,2.6117,1.654,2481188.0,4135314.0,7443565.0,69025411.0
Setúbal,SSP1-2.6,Baseline,2056,0.224,2.5402,1.71,2565116.0,4275193.0,7695348.0,73300604.0
Setúbal,SSP1-2.6,Baseline,2057,0.228,2.4708,1.768,2651802.0,4419669.0,7955405.0,77720273.0
Setúbal,SSP1-2.6,Baseline,2058,0.232,2.4032,1.828,2741334.0,4568890.0,8224002.0,82289163.0
Setúbal,SSP1-2.6,Baseline,2059,0.236,2.3375,1.889,2833804.0,4723007.0,8501413.0,87012170.0
Setúbal,SSP1-2.6,Baseline,2060,0.24,2.2736,1.953,2929308.0,4882179.0,8787923.0,91894350.0
Setúbal,SSP1-2.6,Baseline,2061,0.244,2.2114,2.019,3027941.0,5046568.0,9083823.0,96940918.0
Setúbal,SSP1-2.6,Baseline,2062,0.248,2.1509,2.087,3129805.0,5216341.0,9389414.0,102157259.0
Setúbal,SSP1-2.6,Baseline,2063,0.252,2.0921,2.157,3235003.0,5391672.0,9705009.0,107548931.0
Setúbal,SSP1-2.6,Baseline,2064,0.256,2.0349,2.229,3343643.0,5572738.0,10030928.0,113121669.0
Setúbal,SSP1-2.6,Baseline,2065,0.26,1.9793,2.304,3455834.0,5759723.0,10367501.0,118881391.0
Setúbal,SSP1-2.6,Baseline,2066,0.264,1.9251,2.381,3571690.0,5952817.0,10715071.0,124834209.0
Setúbal,SSP1-2.6,Baseline,2067,0.268,1.8725,2.461,3691330.0,6152217.0,11073990.0,130986426.0
Setúbal,SSP1-2.6,Baseline,2068,0.272,1.8213,2.543,3814874.0,6358123.0,11444621.0,137344548.0
Setúbal,SSP1-2.6,Baseline,2069,0.276,1.7715,2.628,3942446.0,6570744.0,11827339.0,143915292.0
Setúbal,SSP1-2.6,Baseline,2070,0.28,1.723,2.716,4074177.0,6790294.0,12222530.0,150705586.0
Setúbal,SSP1-2.6,Baseline,2071,0.284,1.6759,2.807,4210198.0,7016997.0,12630594.0,157722583.0
Setúbal,SSP1-2.6,Baseline,2072,0.288,1.6301,2.9,4350647.0,7251079.0,13051942.0,164973661.0
Setúbal,SSP1-2.6,Baseline,2073,0.292,1.5855,2.997,4495666.0,7492777.0,13486998.0,172466438.0
Setúbal,SSP1-2.6,Baseline,2074,0.296,1.5422,3.097,4645400.0,7742333.0,13936200.0,180208771.0
Setúbal,SSP1-2.6,Baseline,2075,0.3,1.5,3.2,4800000.0,8000000.0,14400000.0,188208771.0
Setúbal,SSP1-2.6,Baseline,2076,0.304,1.459,3.306,4959621.0,8266035.0,14878863.0,196474807.0
Setúbal,SSP1-2.6,Baseline,2077,0.308,1.4191,3.416,5124423.0,8540706.0,15373270.0,205015512.0
Setúbal,SSP1-2.6,Baseline,2078,0.312,1.3803,3.53,5294572.0,8824287.0,15883717.0,213839799.0
Setúbal,SSP1-2.6,Baseline,2079,0.316,1.3425,3.647,5470238.0,9117063.0,16410713.0,222956862.0
Setúbal,SSP1-2.6,Baseline,2080,0.32,1.3058,3.768,5651596.0,9419327.0,16954788.0,232376189.0
Setúbal,SSP1-2.6,Baseline,2081,0.324,1.2701,3.893,5838828.0,9731380.0,17516483.0,242107568.0
Setúbal,SSP1-2.6,Baseline,2082,0.328,1.2354,4.021,6032120.0,10053534.0,18096361.0,252161102.0
Setúbal,SSP1-2.6,Baseline,2083,0.332,1.2016,4.154,6231666.0,10386110.0,18694998.0,262547212.0
Setúbal,SSP1-2.6,Baseline,2084,0.336,1.1687,4.292,6437664.0,10729441.0,19312993.0,273276653.0
Setúbal,SSP1-2.6,Baseline,2085,0.34,1.1368,4.434,6650320.0,11083866.0,19950960.0,284360519.0
Setúbal,SSP1-2.6,Baseline,2086,0.344,1.1057,4.58,6869844.0,11449741.0,20609533.0,295810260.0
Setúbal,SSP1-2.6,Baseline,2087,0.348,1.0755,4.731,7096456.0,11827426.0,21289367.0,307637686.0
Setúbal,SSP1-2.6,Baseline,2088,0.352,1.0461,4.887,7330379.0,12217299.0,21991138.0,319854985.0
Setúbal,SSP1-2.6,Baseline,2089,0.356,1.0175,5.048,7571847.0,12619745.0,22715540.0,332474729.0
Setúbal,SSP1-2.6,Baseline,2090,0.36,0.9896,5.214,7821097.0,13035162.0,23463292.0,345509892.0
Setúbal,SSP1-2.6,Baseline,2091,0.364,0.9626,5.386,8078378.0,13463964.0,24235135.0,358973856.0
Setúbal,SSP1-2.6,Baseline,2092,0.368,0.9362,5.563,8343944.0,13906573.0,25031832.0,372880429.0
Setúbal,SSP1-2.6,Baseline,2093,0.372,0.9106,5.745,8618056.0,14363427.0,25854169.0,387243856.0
Setúbal,SSP1-2.6,Baseline,2094,0.376,0.8857,5.934,8900987.0,14834978.0,26702960.0,402078834.0
Setúbal,SSP1-2.6,Baseline,2095,0.38,0.8615,6.129,9193014.0,15321690.0,27579042.0,417400524.0
Setúbal,SSP1-2.6,Baseline,2096,0.384,0.838,6.33,9494426.0,15824043.0,28483278.0,433224567.0
Setúbal,SSP1-2.6,Baseline,2097,0.388,0.8151,6.537,9805520.0,16342533.0,29416559.0,449567100.0
Setúbal,SSP1-2.6,Baseline,2098,0.392,0.7928,6.751,10126601.0,16877668.0,30379803.0,466444768.0
Setúbal,SSP1-2.6,Baseline,2099,0.396,0.7711,6.972,10457986.0,17429977.0,31373958.0,483874745.0
Setúbal,SSP1-2.6,Baseline,2100,0.4,0.75,7.2,10800000.0,18000000.0,32400000.0,501874745.0
Setúbal,SSP1-2.6,+Geoid,2025,0.11,5.5982,0.654,980673.0,1634455.0,2942018.0,1634455.0
Setúbal,SSP1-2.6,+Geoid,2026,0.132,4.8064,0.789,1183417.0,1972362.0,3550252.0,3606817.0
Setúbal,SSP1-2.6,+Geoid,2027,0.154,4.1266,0.951,1426347.0,2377245.0,4279041.0,5984062.0
Setúbal,SSP1-2.6,+Geoid,2028,0.176,3.543,1.145,1717199.0,2861999.0,5151598.0,8846061.0
Setúbal,SSP1-2.6,+Geoid,2029,0.198,3.0419,1.377,2065171.0,3441952.0,6195514.0,12288013.0
Setúbal,SSP1-2.6,+Geoid,2030,0.22,2.6117,1.654,2481188.0,4135314.0,7443565.0,16423327.0
Setúbal,SSP1-2.6,+Geoid,2031,0.2265,2.4966,1.746,2618966.0,4364943.0,7856897.0,20788270.0
Setúbal,SSP1-2.6,+Geoid,2032,0.233,2.3866,1.843,2764172.0,4606954.0,8292517.0,25395224.0
Setúbal,SSP1-2.6,+Geoid,2033,0.2395,2.2815,1.945,2917201.0,4862001.0,8751602.0,30257225.0
Setúbal,SSP1-2.6,+Geoid,2034,0.246,2.181,2.052,3078463.0,5130771.0,9235388.0,35387996.0
Setúbal,SSP1-2.6,+Geoid,2035,0.2525,2.0849,2.166,3248393.0,5413988.0,9745178.0,40801984.0
Setúbal,SSP1-2.6,+Geoid,2036,0.259,1.993,2.285,3427447.0,5712411.0,10282341.0,46514395.0
Setúbal,SSP1-2.6,+Geoid,2037,0.2655,1.9052,2.411,3616106.0,6026843.0,10848317.0,52541238.0
Setúbal,SSP1-2.6,+Geoid,2038,0.272,1.8213,2.543,3814874.0,6358123.0,11444621.0,58899360.0
Setúbal,SSP1-2.6,+Geoid,2039,0.2785,1.7411,2.683,4024282.0,6707137.0,12072846.0,65606497.0
Setúbal,SSP1-2.6,+Geoid,2040,0.285,1.6644,2.83,4244890.0,7074816.0,12734669.0,72681313.0
Setúbal,SSP1-2.6,+Geoid,2041,0.2915,1.591,2.985,4477284.0,7462140.0,13431851.0,80143453.0
Setúbal,SSP1-2.6,+Geoid,2042,0.298,1.5209,3.148,4722082.0,7870137.0,14166247.0,88013590.0
Setúbal,SSP1-2.6,+Geoid,2043,0.3045,1.4539,3.32,4979935.0,8299891.0,14939804.0,96313481.0
Setúbal,SSP1-2.6,+Geoid,2044,0.311,1.3899,3.501,5251525.0,8752541.0,15754574.0,105066022.0
Setúbal,SSP1-2.6,+Geoid,2045,0.3175,1.3287,3.692,5537570.0,9229284.0,16612711.0,114295306.0
Setúbal,SSP1-2.6,+Geoid,2046,0.324,1.2701,3.893,5838828.0,9731380.0,17516483.0,124026686.0
Setúbal,SSP1-2.6,+Geoid,2047,0.3305,1.2142,4.104,6156091.0,10260152.0,18468273.0,134286837.0
Setúbal,SSP1-2.6,+Geoid,2048,0.337,1.1607,4.327,6490196.0,10816993.0,19470588.0,145103831.0
Setúbal,SSP1-2.6,+Geoid,2049,0.3435,1.1095,4.561,6842021.0,11403368.0,20526062.0,156507198.0
Setúbal,SSP1-2.6,+Geoid,2050,0.35,1.0607,4.808,7212489.0,12020815.0,21637468.0,168528014.0
Setúbal,SSP1-2.6,+Geoid,2051,0.354,1.0317,4.967,7450155.0,12416925.0,22350466.0,180944939.0
Setúbal,SSP1-2.6,+Geoid,2052,0.358,1.0034,5.13,7695484.0,12825807.0,23086452.0,193770746.0
Setúbal,SSP1-2.6,+Geoid,2053,0.362,0.976,5.299,7948718.0,13247864.0,23846155.0,207018610.0
Setúbal,SSP1-2.6,+Geoid,2054,0.366,0.9493,5.473,8210109.0,13683516.0,24630328.0,220702125.0
Setúbal,SSP1-2.6,+Geoid,2055,0.37,0.9234,5.653,8479915.0,14133192.0,25439745.0,234835317.0
Setúbal,SSP1-2.6,+Geoid,2056,0.374,0.8981,5.839,8758402.0,14597337.0,26275206.0,249432654.0
Setúbal,SSP1-2.6,+Geoid,2057,0.378,0.8736,6.031,9045845.0,15076409.0,27137536.0,264509063.0
Setúbal,SSP1-2.6,+Geoid,2058,0.382,0.8497,6.228,9342529.0,15570881.0,28027586.0,280079944.0
Setúbal,SSP1-2.6,+Geoid,2059,0.386,0.8264,6.432,9648744.0,16081239.0,28946231.0,296161183.0
Setúbal,SSP1-2.6,+Geoid,2060,0.39,0.8038,6.643,9964792.0,16607987.0,29894377.0,312769170.0
Setúbal,SSP1-2.6,+Geoid,2061,0.394,0.7818,6.861,10290985.0,17151642.0,30872956.0,329920813.0
Setúbal,SSP1-2.6,+Geoid,2062,0.398,0.7605,7.085,10627644.0,17712739.0,31882931.0,347633552.0
Setúbal,SSP1-2.6,+Geoid,2063,0.402,0.7397,7.317,10975097.0,18291829.0,32925292.0,365925381.0
Setúbal,SSP1-2.6,+Geoid,2064,0.406,0.7194,7.556,11333688.0,18889480.0,34001063.0,384814861.0
Setúbal,SSP1-2.6,+Geoid,2065,0.41,0.6998,7.803,11703766.0,19506277.0,35111299.0,404321138.0
Setúbal,SSP1-2.6,+Geoid,2066,0.414,0.6806,8.057,12085695.0,20142826.0,36257086.0,424463963.0
Setúbal,SSP1-2.6,+Geoid,2067,0.418,0.662,8.32,12479849.0,20799748.0,37439547.0,445263711.0
Setúbal,SSP1-2.6,+Geoid,2068,0.422,0.6439,8.591,12886612.0,21477687.0,38659837.0,466741399.0
Setúbal,SSP1-2.6,+Geoid,2069,0.426,0.6263,8.871,13306383.0,22177306.0,39919150.0,488918704.0
Setúbal,SSP1-2.6,+Geoid,2070,0.43,0.6092,9.16,13739572.0,22899286.0,41218715.0,511817990.0
Setúbal,SSP1-2.6,+Geoid,2071,0.434,0.5925,9.458,14186600.0,23644333.0,42559800.0,535462324.0
Setúbal,SSP1-2.6,+Geoid,2072,0.438,0.5763,9.765,14647904.0,24413173.0,43943712.0,559875497.0
Setúbal,SSP1-2.6,+Geoid,2073,0.442,0.5606,10.083,15123933.0,25206555.0,45371799.0,585082052.0
Setúbal,SSP1-2.6,+Geoid,2074,0.446,0.5452,10.41,15615151.0,26025251.0,46845452.0,611107303.0
Setúbal,SSP1-2.6,+Geoid,2075,0.45,0.5303,10.748,16122035.0,26870058.0,48366104.0,637977361.0
Setúbal,SSP1-2.6,+Geoid,2076,0.454,0.5158,11.097,16645077.0,27741796.0,49935232.0,665719156.0
Setúbal,SSP1-2.6,+Geoid,2077,0.458,0.5017,11.457,17184787.0,28641312.0,51554361.0,694360468.0
Setúbal,SSP1-2.6,+Geoid,2078,0.462,0.488,11.828,17741687.0,29569478.0,53225061.0,723929946.0
Setúbal,SSP1-2.6,+Geoid,2079,0.466,0.4747,12.211,18316318.0,30527196.0,54948953.0,754457143.0
Setúbal,SSP1-2.6,+Geoid,2080,0.47,0.4617,12.606,18909236.0,31515393.0,56727707.0,785972536.0
Setúbal,SSP1-2.6,+Geoid,2081,0.474,0.4491,13.014,19521015.0,32535025.0,58563046.0,818507561.0
Setúbal,SSP1-2.6,+Geoid,2082,0.478,0.4368,13.435,20152248.0,33587080.0,60456744.0,852094641.0
Setúbal,SSP1-2.6,+Geoid,2083,0.482,0.4248,13.869,20803544.0,34672574.0,62410633.0,886767215.0
Setúbal,SSP1-2.6,+Geoid,2084,0.486,0.4132,14.317,21475533.0,35792555.0,64426600.0,922559770.0
Setúbal,SSP1-2.6,+Geoid,2085,0.49,0.4019,14.779,22168864.0,36948106.0,66506592.0,959507877.0
Setúbal,SSP1-2.6,+Geoid,2086,0.494,0.3909,15.256,22884205.0,38140341.0,68652614.0,997648218.0
Setúbal,SSP1-2.6,+Geoid,2087,0.498,0.3802,15.748,23622246.0,39370410.0,70866737.0,1037018628.0
Setúbal,SSP1-2.6,+Geoid,2088,0.502,0.3698,16.256,24383698.0,40639496.0,73151093.0,1077658124.0
Setúbal,SSP1-2.6,+Geoid,2089,0.506,0.3597,16.78,25169293.0,41948822.0,75507880.0,1119606946.0
Setúbal,SSP1-2.6,+Geoid,2090,0.51,0.3499,17.32,25979789.0,43299648.0,77939366.0,1162906594.0
Setúbal,SSP1-2.6,+Geoid,2091,0.514,0.3403,17.877,26815963.0,44693271.0,80447889.0,1207599865.0
Setúbal,SSP1-2.6,+Geoid,2092,0.518,0.331,18.452,27678619.0,46131032.0,83035857.0,1253730897.0
Setúbal,SSP1-2.6,+Geoid,2093,0.522,0.322,19.046,28568585.0,47614309.0,85705756.0,1301345206.0
Setúbal,SSP1-2.6,+Geoid,2094,0.526,0.3132,19.658,29486716.0,49144526.0,88460147.0,1350489732.0
Setúbal,SSP1-2.6,+Geoid,2095,0.53,0.3046,20.289,30433890.0,50723150.0,91301670.0,1401212882.0
Setúbal,SSP1-2.6,+Geoid,2096,0.534,0.2963,20.941,31411016.0,52351693.0,94233047.0,1453564575.0
Setúbal,SSP1-2.6,+Geoid,2097,0.538,0.2882,21.613,32419028.0,54031714.0,97257085.0,1507596288.0
Setúbal,SSP1-2.6,+Geoid,2098,0.542,0.2803,22.306,33458892.0,55764820.0,100376677.0,1563361109.0
Setúbal,SSP1-2.6,+Geoid,2099,0.546,0.2726,23.021,34531602.0,57552670.0,103594805.0,1620913779.0
Setúbal,SSP1-2.6,+Geoid,2100,0.55,0.2652,23.759,35638182.0,59396970.0,106914545.0,1680310748.0
Setúbal,SSP2-4.5,Baseline,2025,0.05,8.4853,0.389,583363.0,972272.0,1750089.0,972272.0
Setúbal,SSP2-4.5,Baseline,2026,0.06,7.917,0.424,636601.0,1061002.0,1909803.0,2033273.0
Setúbal,SSP2-4.5,Baseline,2027,0.07,7.3869,0.463,694476.0,1157460.0,2083427.0,3190733.0
Setúbal,SSP2-4.5,Baseline,2028,0.08,6.8922,0.505,757379.0,1262298.0,2272137.0,4453031.0
Setúbal,SSP2-4.5,Baseline,2029,0.09,6.4306,0.55,825734.0,1376224.0,2477203.0,5829255.0
Setúbal,SSP2-4.5,Baseline,2030,0.1,6.0,0.6,900000.0,1500000.0,2700000.0,7329255.0
Setúbal,SSP2-4.5,Baseline,2031,0.11,5.5982,0.654,980673.0,1634455.0,2942018.0,8963710.0
Setúbal,SSP2-4.5,Baseline,2032,0.12,5.2233,0.712,1068289.0,1780482.0,3204868.0,10744192.0
Setúbal,SSP2-4.5,Baseline,2033,0.13,4.8735,0.776,1163431.0,1939052.0,3490294.0,12683244.0
Setúbal,SSP2-4.5,Baseline,2034,0.14,4.5471,0.844,1266728.0,2111213.0,3800183.0,14794457.0
Setúbal,SSP2-4.5,Baseline,2035,0.15,4.2426,0.919,1378858.0,2298097.0,4136575.0,17092554.0
Setúbal,SSP2-4.5,Baseline,2036,0.16,3.9585,1.0,1500559.0,2500932.0,4501678.0,19593487.0
Setúbal,SSP2-4.5,Baseline,2037,0.17,3.6934,1.088,1632627.0,2721046.0,4897882.0,22314532.0
Setúbal,SSP2-4.5,Baseline,2038,0.18,3.4461,1.184,1775923.0,2959872.0,5327769.0,25274404.0
Setúbal,SSP2-4.5,Baseline,2039,0.19,3.2153,1.288,1931378.0,3218964.0,5794135.0,28493368.0
Setúbal,SSP2-4.5,Baseline,2040,0.2,3.0,1.4,2100000.0,3500000.0,6300000.0,31993368.0
Setúbal,SSP2-4.5,Baseline,2041,0.21,2.7991,1.522,2282877.0,3804796.0,6848632.0,35798164.0
Setúbal,SSP2-4.5,Baseline,2042,0.22,2.6117,1.654,2481188.0,4135314.0,7443565.0,39933478.0
Setúbal,SSP2-4.5,Baseline,2043,0.23,2.4368,1.797,2696206.0,4493677.0,8088619.0,44427155.0
Setúbal,SSP2-4.5,Baseline,2044,0.24,2.2736,1.953,2929308.0,4882179.0,8787923.0,49309334.0
Setúbal,SSP2-4.5,Baseline,2045,0.25,2.1213,2.121,3181981.0,5303301.0,9545942.0,54612635.0
Setúbal,SSP2-4.5,Baseline,2046,0.26,1.9793,2.304,3455834.0,5759723.0,10367501.0,60372358.0
Setúbal,SSP2-4.5,Baseline,2047,0.27,1.8467,2.502,3752606.0,6254343.0,11257818.0,66626701.0
Setúbal,SSP2-4.5,Baseline,2048,0.28,1.723,2.716,4074177.0,6790294.0,12222530.0,73416996.0
Setúbal,SSP2-4.5,Baseline,2049,0.29,1.6077,2.948,4422576.0,7370961.0,13267729.0,80787956.0
Setúbal,SSP2-4.5,Baseline,2050,0.3,1.5,3.2,4800000.0,8000000.0,14400000.0,88787956.0
Setúbal,SSP2-4.5,Baseline,2051,0.306,1.4389,3.361,5041364.0,8402274.0,15124093.0,97190230.0
Setúbal,SSP2-4.5,Baseline,2052,0.312,1.3803,3.53,5294572.0,8824287.0,15883717.0,106014517.0
Setúbal,SSP2-4.5,Baseline,2053,0.318,1.3241,3.707,5560194.0,9266990.0,16680582.0,115281508.0
Setúbal,SSP2-4.5,Baseline,2054,0.324,1.2701,3.893,5838828.0,9731380.0,17516483.0,125012887.0
Setúbal,SSP2-4.5,Baseline,2055,0.33,1.2184,4.087,6131099.0,10218499.0,18393298.0,135231386.0
Setúbal,SSP2-4.5,Baseline,2056,0.336,1.1687,4.292,6437664.0,10729441.0,19312993.0,145960826.0
Setúbal,SSP2-4.5,Baseline,2057,0.342,1.1211,4.506,6759210.0,11265350.0,20277630.0,157226176.0
Setúbal,SSP2-4.5,Baseline,2058,0.348,1.0755,4.731,7096456.0,11827426.0,21289367.0,169053603.0
Setúbal,SSP2-4.5,Baseline,2059,0.354,1.0317,4.967,7450155.0,12416925.0,22350466.0,181470528.0
Setúbal,SSP2-4.5,Baseline,2060,0.36,0.9896,5.214,7821097.0,13035162.0,23463292.0,194505690.0
Setúbal,SSP2-4.5,Baseline,2061,0.366,0.9493,5.473,8210109.0,13683516.0,24630328.0,208189206.0
Setúbal,SSP2-4.5,Baseline,2062,0.372,0.9106,5.745,8618056.0,14363427.0,25854169.0,222552633.0
Setúbal,SSP2-4.5,Baseline,2063,0.378,0.8736,6.031,9045845.0,15076409.0,27137536.0,237629042.0
Setúbal,SSP2-4.5,Baseline,2064,0.384,0.838,6.33,9494426.0,15824043.0,28483278.0,253453086.0
Setúbal,SSP2-4.5,Baseline,2065,0.39,0.8038,6.643,9964792.0,16607987.0,29894377.0,270061073.0
Setúbal,SSP2-4.5,Baseline,2066,0.396,0.7711,6.972,10457986.0,17429977.0,31373958.0,287491049.0
Setúbal,SSP2-4.5,Baseline,2067,0.402,0.7397,7.317,10975097.0,18291829.0,32925292.0,305782878.0
Setúbal,SSP2-4.5,Baseline,2068,0.408,0.7095,7.678,11517269.0,19195448.0,34551806.0,324978326.0
Setúbal,SSP2-4.5,Baseline,2069,0.414,0.6806,8.057,12085695.0,20142826.0,36257086.0,345121152.0
Setúbal,SSP2-4.5,Baseline,2070,0.42,0.6529,8.454,12681630.0,21136050.0,38044890.0,366257201.0
Setúbal,SSP2-4.5,Baseline,2071,0.426,0.6263,8.871,13306383.0,22177306.0,39919150.0,388434507.0
Setúbal,SSP2-4.5,Baseline,2072,0.432,0.6008,9.308,13961329.0,23268881.0,41883987.0,411703388.0
Setúbal,SSP2-4.5,Baseline,2073,0.438,0.5763,9.765,14647904.0,24413173.0,43943712.0,436116562.0
Setúbal,SSP2-4.5,Baseline,2074,0.444,0.5529,10.245,15367614.0,25612690.0,46102841.0,461729251.0
Setúbal,SSP2-4.5,Baseline,2075,0.45,0.5303,10.748,16122035.0,26870058.0,48366104.0,488599309.0
Setúbal,SSP2-4.5,Baseline,2076,0.456,0.5087,11.275,16912816.0,28188027.0,50738449.0,516787336.0
Setúbal,SSP2-4.5,Baseline,2077,0.462,0.488,11.828,17741687.0,29569478.0,53225061.0,546356815.0
Setúbal,SSP2-4.5,Baseline,2078,0.468,0.4681,12.407,18610455.0,31017426.0,55831366.0,577374241.0
Setúbal,SSP2-4.5,Baseline,2079,0.474,0.4491,13.014,19521015.0,32535025.0,58563046.0,609909266.0
Setúbal,SSP2-4.5,Baseline,2080,0.48,0.4308,13.65,20475349.0,34125582.0,61426048.0,644034848.0
Setúbal,SSP2-4.5,Baseline,2081,0.486,0.4132,14.317,21475533.0,35792555.0,64426600.0,679827403.0
Setúbal,SSP2-4.5,Baseline,2082,0.492,0.3964,15.016,22523740.0,37539567.0,67571221.0,717366971.0
Setúbal,SSP2-4.5,Baseline,2083,0.498,0.3802,15.748,23622246.0,39370410.0,70866737.0,756737380.0
Setúbal,SSP2-4.5,Baseline,2084,0.504,0.3647,16.516,24773431.0,41289051.0,74320292.0,798026432.0
Setúbal,SSP2-4.5,Baseline,2085,0.51,0.3499,17.32,25979789.0,43299648.0,77939366.0,841326080.0
Setúbal,SSP2-4.5,Baseline,2086,0.516,0.3356,18.163,27243930.0,45406549.0,81731789.0,886732629.0
Setúbal,SSP2-4.5,Baseline,2087,0.522,0.322,19.046,28568585.0,47614309.0,85705756.0,934346938.0
Setúbal,SSP2-4.5,Baseline,2088,0.528,0.3088,19.971,29956616.0,49927694.0,89869849.0,984274632.0
Setúbal,SSP2-4.5,Baseline,2089,0.534,0.2963,20.941,31411016.0,52351693.0,94233047.0,1036626324.0
Setúbal,SSP2-4.5,Baseline,2090,0.54,0.2842,21.957,32934917.0,54891529.0,98804752.0,1091517853.0
Setúbal,SSP2-4.5,Baseline,2091,0.546,0.2726,23.021,34531602.0,57552670.0,103594805.0,1149070523.0
Setúbal,SSP2-4.5,Baseline,2092,0.552,0.2615,24.136,36204502.0,60340837.0,108613506.0,1209411360.0
Setúbal,SSP2-4.5,Baseline,2093,0.558,0.2509,25.305,37957212.0,63262020.0,113871636.0,1272673380.0
Setúbal,SSP2-4.5,Baseline,2094,0.564,0.2406,26.529,39793493.0,66322489.0,119380480.0,1338995869.0
Setúbal,SSP2-4.5,Baseline,2095,0.57,0.2308,27.812,41717283.0,69528805.0,125151849.0,1408524674.0
Setúbal,SSP2-4.5,Baseline,2096,0.576,0.2214,29.155,43732702.0,72887836.0,131198106.0,1481412511.0
Setúbal,SSP2-4.5,Baseline,2097,0.582,0.2124,30.563,45844063.0,76406771.0,137532188.0,1557819282.0
Setúbal,SSP2-4.5,Baseline,2098,0.588,0.2038,32.037,48055880.0,80093133.0,144167640.0,1637912415.0
Setúbal,SSP2-4.5,Baseline,2099,0.594,0.1955,33.582,50372877.0,83954796.0,151118632.0,1721867211.0
Setúbal,SSP2-4.5,Baseline,2100,0.6,0.1875,35.2,52800000.0,88000000.0,158400000.0,1809867211.0
Setúbal,SSP2-4.5,+Geoid,2025,0.125,5.0454,0.743,1114882.0,1858136.0,3344645.0,1858136.0
Setúbal,SSP2-4.5,+Geoid,2026,0.15,4.2426,0.919,1378858.0,2298097.0,4136575.0,4156233.0
Setúbal,SSP2-4.5,+Geoid,2027,0.175,3.5676,1.135,1702815.0,2838025.0,5108446.0,6994259.0
Setúbal,SSP2-4.5,+Geoid,2028,0.2,3.0,1.4,2100000.0,3500000.0,6300000.0,10494259.0
Setúbal,SSP2-4.5,+Geoid,2029,0.225,2.5227,1.724,2586525.0,4310876.0,7759576.0,14805134.0
Setúbal,SSP2-4.5,+Geoid,2030,0.25,2.1213,2.121,3181981.0,5303301.0,9545942.0,20108435.0
Setúbal,SSP2-4.5,+Geoid,2031,0.26,1.9793,2.304,3455834.0,5759723.0,10367501.0,25868158.0
Setúbal,SSP2-4.5,+Geoid,2032,0.27,1.8467,2.502,3752606.0,6254343.0,11257818.0,32122502.0
Setúbal,SSP2-4.5,+Geoid,2033,0.28,1.723,2.716,4074177.0,6790294.0,12222530.0,38912796.0
Setúbal,SSP2-4.5,+Geoid,2034,0.29,1.6077,2.948,4422576.0,7370961.0,13267729.0,46283757.0
Setúbal,SSP2-4.5,+Geoid,2035,0.3,1.5,3.2,4800000.0,8000000.0,14400000.0,54283757.0
Setúbal,SSP2-4.5,+Geoid,2036,0.31,1.3995,3.473,5208819.0,8681365.0,15626457.0,62965122.0
Setúbal,SSP2-4.5,+Geoid,2037,0.32,1.3058,3.768,5651596.0,9419327.0,16954788.0,72384448.0
Setúbal,SSP2-4.5,+Geoid,2038,0.33,1.2184,4.087,6131099.0,10218499.0,18393298.0,82602947.0
Setúbal,SSP2-4.5,+Geoid,2039,0.34,1.1368,4.434,6650320.0,11083866.0,19950960.0,93686813.0
Setúbal,SSP2-4.5,+Geoid,2040,0.35,1.0607,4.808,7212489.0,12020815.0,21637468.0,105707629.0
Setúbal,SSP2-4.5,+Geoid,2041,0.36,0.9896,5.214,7821097.0,13035162.0,23463292.0,118742791.0
Setúbal,SSP2-4.5,+Geoid,2042,0.37,0.9234,5.653,8479915.0,14133192.0,25439745.0,132875983.0
Setúbal,SSP2-4.5,+Geoid,2043,0.38,0.8615,6.129,9193014.0,15321690.0,27579042.0,148197673.0
Setúbal,SSP2-4.5,+Geoid,2044,0.39,0.8038,6.643,9964792.0,16607987.0,29894377.0,164805660.0
Setúbal,SSP2-4.5,+Geoid,2045,0.4,0.75,7.2,10800000.0,18000000.0,32400000.0,182805660.0
Setúbal,SSP2-4.5,+Geoid,2046,0.41,0.6998,7.803,11703766.0,19506277.0,35111299.0,202311937.0
Setúbal,SSP2-4.5,+Geoid,2047,0.42,0.6529,8.454,12681630.0,21136050.0,38044890.0,223447987.0
Setúbal,SSP2-4.5,+Geoid,2048,0.43,0.6092,9.16,13739572.0,22899286.0,41218715.0,246347273.0
Setúbal,SSP2-4.5,+Geoid,2049,0.44,0.5684,9.923,14884049.0,24806749.0,44652148.0,271154021.0
Setúbal,SSP2-4.5,+Geoid,2050,0.45,0.5303,10.748,16122035.0,26870058.0,48366104.0,298024079.0
Setúbal,SSP2-4.5,+Geoid,2051,0.456,0.5087,11.275,16912816.0,28188027.0,50738449.0,326212107.0
Setúbal,SSP2-4.5,+Geoid,2052,0.462,0.488,11.828,17741687.0,29569478.0,53225061.0,355781585.0
Setúbal,SSP2-4.5,+Geoid,2053,0.468,0.4681,12.407,18610455.0,31017426.0,55831366.0,386799011.0
Setúbal,SSP2-4.5,+Geoid,2054,0.474,0.4491,13.014,19521015.0,32535025.0,58563046.0,419334036.0
Setúbal,SSP2-4.5,+Geoid,2055,0.48,0.4308,13.65,20475349.0,34125582.0,61426048.0,453459618.0
Setúbal,SSP2-4.5,+Geoid,2056,0.486,0.4132,14.317,21475533.0,35792555.0,64426600.0,489252174.0
Setúbal,SSP2-4.5,+Geoid,2057,0.492,0.3964,15.016,22523740.0,37539567.0,67571221.0,526791741.0
Setúbal,SSP2-4.5,+Geoid,2058,0.498,0.3802,15.748,23622246.0,39370410.0,70866737.0,566162151.0
Setúbal,SSP2-4.5,+Geoid,2059,0.504,0.3647,16.516,24773431.0,41289051.0,74320292.0,607451202.0
Setúbal,SSP2-4.5,+Geoid,2060,0.51,0.3499,17.32,25979789.0,43299648.0,77939366.0,650750850.0
Setúbal,SSP2-4.5,+Geoid,2061,0.516,0.3356,18.163,27243930.0,45406549.0,81731789.0,696157399.0
Setúbal,SSP2-4.5,+Geoid,2062,0.522,0.322,19.046,28568585.0,47614309.0,85705756.0,743771708.0
Setúbal,SSP2-4.5,+Geoid,2063,0.528,0.3088,19.971,29956616.0,49927694.0,89869849.0,793699402.0
Setúbal,SSP2-4.5,+Geoid,2064,0.534,0.2963,20.941,31411016.0,52351693.0,94233047.0,846051094.0
Setúbal,SSP2-4.5,+Geoid,2065,0.54,0.2842,21.957,32934917.0,54891529.0,98804752.0,900942624.0
Setúbal,SSP2-4.5,+Geoid,2066,0.546,0.2726,23.021,34531602.0,57552670.0,103594805.0,958495293.0
Setúbal,SSP2-4.5,+Geoid,2067,0.552,0.2615,24.136,36204502.0,60340837.0,108613506.0,1018836130.0
Setúbal,SSP2-4.5,+Geoid,2068,0.558,0.2509,25.305,37957212.0,63262020.0,113871636.0,1082098150.0
Setúbal,SSP2-4.5,+Geoid,2069,0.564,0.2406,26.529,39793493.0,66322489.0,119380480.0,1148420639.0
Setúbal,SSP2-4.5,+Geoid,2070,0.57,0.2308,27.812,41717283.0,69528805.0,125151849.0,1217949444.0
Setúbal,SSP2-4.5,+Geoid,2071,0.576,0.2214,29.155,43732702.0,72887836.0,131198106.0,1290837281.0
Setúbal,SSP2-4.5,+Geoid,2072,0.582,0.2124,30.563,45844063.0,76406771.0,137532188.0,1367244052.0
Setúbal,SSP2-4.5,+Geoid,2073,0.588,0.2038,32.037,48055880.0,80093133.0,144167640.0,1447337185.0
Setúbal,SSP2-4.5,+Geoid,2074,0.594,0.1955,33.582,50372877.0,83954796.0,151118632.0,1531291981.0
Setúbal,SSP2-4.5,+Geoid,2075,0.6,0.1875,35.2,52800000.0,88000000.0,158400000.0,1619291981.0
Setúbal,SSP2-4.5,+Geoid,2076,0.606,0.1799,36.895,55342422.0,92237371.0,166027267.0,1711529352.0
Setúbal,SSP2-4.5,+Geoid,2077,0.612,0.1725,38.67,58005560.0,96675933.0,174016680.0,1808205285.0
Setúbal,SSP2-4.5,+Geoid,2078,0.618,0.1655,40.53,60795081.0,101325135.0,182385242.0,1909530420.0
Setúbal,SSP2-4.5,+Geoid,2079,0.624,0.1588,42.478,63716916.0,106194860.0,191150748.0,2015725280.0
Setúbal,SSP2-4.5,+Geoid,2080,0.63,0.1523,44.518,66777273.0,111295455.0,200331819.0,2127020735.0
Setúbal,SSP2-4.5,+Geoid,2081,0.636,0.1461,46.655,69982647.0,116637746.0,209947942.0,2243658480.0
Setúbal,SSP2-4.5,+Geoid,2082,0.642,0.1401,48.893,73339837.0,122233061.0,220019511.0,2365891542.0
Setúbal,SSP2-4.5,+Geoid,2083,0.648,0.1344,51.237,76855955.0,128093258.0,230567865.0,2493984800.0
Setúbal,SSP2-4.5,+Geoid,2084,0.654,0.129,53.692,80538446.0,134230743.0,241615337.0,2628215543.0
Setúbal,SSP2-4.5,+Geoid,2085,0.66,0.1237,56.263,84395098.0,140658497.0,253185295.0,2768874040.0
Setúbal,SSP2-4.5,+Geoid,2086,0.666,0.1187,58.956,88434064.0,147390107.0,265302193.0,2916264147.0
Setúbal,SSP2-4.5,+Geoid,2087,0.672,0.1138,61.776,92663873.0,154439788.0,277991618.0,3070703935.0
Setúbal,SSP2-4.5,+Geoid,2088,0.678,0.1092,64.729,97093448.0,161822413.0,291280344.0,3232526348.0
Setúbal,SSP2-4.5,+Geoid,2089,0.684,0.1047,67.821,101732130.0,169553549.0,305196389.0,3402079898.0
Setúbal,SSP2-4.5,+Geoid,2090,0.69,0.1005,71.06,106589689.0,177649482.0,319769067.0,3579729379.0
Setúbal,SSP2-4.5,+Geoid,2091,0.696,0.0964,74.451,111676350.0,186127251.0,335029051.0,3765856630.0
Setúbal,SSP2-4.5,+Geoid,2092,0.702,0.0925,78.002,117002812.0,195004687.0,351008437.0,3960861317.0
Setúbal,SSP2-4.5,+Geoid,2093,0.708,0.0887,81.72,122580268.0,204300447.0,367740804.0,4165161764.0
Setúbal,SSP2-4.5,+Geoid,2094,0.714,0.0851,85.614,128420430.0,214034050.0,385261289.0,4379195814.0
Setúbal,SSP2-4.5,+Geoid,2095,0.72,0.0816,89.69,134535551.0,224225919.0,403606654.0,4603421733.0
Setúbal,SSP2-4.5,+Geoid,2096,0.726,0.0783,93.959,140938454.0,234897423.0,422815361.0,4838319155.0
Setúbal,SSP2-4.5,+Geoid,2097,0.732,0.0751,98.428,147642551.0,246070918.0,442927652.0,5084390073.0
Setúbal,SSP2-4.5,+Geoid,2098,0.738,0.072,103.108,154661877.0,257769795.0,463985631.0,5342159868.0
Setúbal,SSP2-4.5,+Geoid,2099,0.744,0.0691,108.007,162011115.0,270018525.0,486033346.0,5612178393.0
Setúbal,SSP2-4.5,+Geoid,2100,0.75,0.0663,113.137,169705627.0,282842712.0,509116882.0,5895021106.0
Setúbal,SSP5-8.5,Baseline,2025,0.065,7.6474,0.443,664935.0,1108225.0,1994805.0,1108225.0
Setúbal,SSP5-8.5,Baseline,2026,0.078,6.9884,0.496,744376.0,1240627.0,2233129.0,2348852.0
Setúbal,SSP5-8.5,Baseline,2027,0.091,6.3862,0.555,832887.0,1388145.0,2498661.0,3736997.0
Setúbal,SSP5-8.5,Baseline,2028,0.104,5.8359,0.621,931471.0,1552452.0,2794413.0,5289449.0
Setúbal,SSP5-8.5,Baseline,2029,0.117,5.3331,0.694,1041242.0,1735403.0,3123725.0,7024852.0
Setúbal,SSP5-8.5,Baseline,2030,0.13,4.8735,0.776,1163431.0,1939052.0,3490294.0,8963904.0
Setúbal,SSP5-8.5,Baseline,2031,0.1435,4.4382,0.87,1304932.0,2174887.0,3914796.0,11138791.0
Setúbal,SSP5-8.5,Baseline,2032,0.157,4.0417,0.975,1462998.0,2438330.0,4388994.0,13577121.0
Setúbal,SSP5-8.5,Baseline,2033,0.1705,3.6807,1.093,1639518.0,2732530.0,4918554.0,16309651.0
Setúbal,SSP5-8.5,Baseline,2034,0.184,3.3519,1.224,1836591.0,3060986.0,5509774.0,19370636.0
Setúbal,SSP5-8.5,Baseline,2035,0.1975,3.0524,1.371,2056552.0,3427587.0,6169656.0,22798223.0
Setúbal,SSP5-8.5,Baseline,2036,0.211,2.7798,1.535,2301994.0,3836656.0,6905981.0,26634879.0
Setúbal,SSP5-8.5,Baseline,2037,0.2245,2.5314,1.717,2575799.0,4292999.0,7727397.0,30927878.0
Setúbal,SSP5-8.5,Baseline,2038,0.238,2.3053,1.921,2881171.0,4801951.0,8643513.0,35729829.0
Setúbal,SSP5-8.5,Baseline,2039,0.2515,2.0994,2.148,3221667.0,5369445.0,9665002.0,41099275.0
Setúbal,SSP5-8.5,Baseline,2040,0.265,1.9118,2.401,3601241.0,6002068.0,10803723.0,47101343.0
Setúbal,SSP5-8.5,Baseline,2041,0.2785,1.7411,2.683,4024282.0,6707137.0,12072846.0,53808480.0
Setúbal,SSP5-8.5,Baseline,2042,0.292,1.5855,2.997,4495666.0,7492777.0,13486998.0,61301257.0
Setúbal,SSP5-8.5,Baseline,2043,0.3055,1.4439,3.347,5020806.0,8368010.0,15062418.0,69669267.0
Setúbal,SSP5-8.5,Baseline,2044,0.319,1.3149,3.737,5605713.0,9342855.0,16817139.0,79012122.0
Setúbal,SSP5-8.5,Baseline,2045,0.3325,1.1974,4.171,6257059.0,10428431.0,18771177.0,89440553.0
Setúbal,SSP5-8.5,Baseline,2046,0.346,1.0905,4.655,6982250.0,11637084.0,20946751.0,101077637.0
Setúbal,SSP5-8.5,Baseline,2047,0.3595,0.9931,5.193,7789507.0,12982512.0,23368521.0,114060149.0
Setúbal,SSP5-8.5,Baseline,2048,0.373,0.9044,5.792,8687952.0,14479919.0,26063855.0,128540068.0
Setúbal,SSP5-8.5,Baseline,2049,0.3865,0.8236,6.458,9687706.0,16146176.0,29063117.0,144686244.0
Setúbal,SSP5-8.5,Baseline,2050,0.4,0.75,7.2,10800000.0,18000000.0,32400000.0,162686244.0
Setúbal,SSP5-8.5,Baseline,2051,0.412,0.6901,7.929,11893226.0,19822044.0,35679679.0,182508288.0
Setúbal,SSP5-8.5,Baseline,2052,0.424,0.6351,8.73,13094847.0,21824744.0,39284540.0,204333032.0
Setúbal,SSP5-8.5,Baseline,2053,0.436,0.5844,9.61,14415440.0,24025733.0,43246319.0,228358765.0
Setúbal,SSP5-8.5,Baseline,2054,0.448,0.5377,10.578,15866604.0,26444340.0,47599812.0,254803105.0
Setúbal,SSP5-8.5,Baseline,2055,0.46,0.4948,11.641,17461055.0,29101758.0,52383165.0,283904863.0
Setúbal,SSP5-8.5,Baseline,2056,0.472,0.4553,12.808,19212731.0,32021219.0,57638194.0,315926082.0
Setúbal,SSP5-8.5,Baseline,2057,0.484,0.419,14.091,21136912.0,35228187.0,63410736.0,351154269.0
Setúbal,SSP5-8.5,Baseline,2058,0.496,0.3855,15.5,23250344.0,38750573.0,69751032.0,389904842.0
Setúbal,SSP5-8.5,Baseline,2059,0.508,0.3548,17.048,25571380.0,42618967.0,76714141.0,432523809.0
Setúbal,SSP5-8.5,Baseline,2060,0.52,0.3265,18.747,28120136.0,46866893.0,84360407.0,479390702.0
Setúbal,SSP5-8.5,Baseline,2061,0.532,0.3004,20.612,30918651.0,51531085.0,92755953.0,530921787.0
Setúbal,SSP5-8.5,Baseline,2062,0.544,0.2764,22.661,33991078.0,56651797.0,101973234.0,587573584.0
Setúbal,SSP5-8.5,Baseline,2063,0.556,0.2544,24.909,37363879.0,62273132.0,112091637.0,649846716.0
Setúbal,SSP5-8.5,Baseline,2064,0.568,0.2341,27.377,41066046.0,68443410.0,123198139.0,718290126.0
Setúbal,SSP5-8.5,Baseline,2065,0.58,0.2154,30.086,45129341.0,75215569.0,135388024.0,793505695.0
Setúbal,SSP5-8.5,Baseline,2066,0.592,0.1982,33.059,49588558.0,82647596.0,148765673.0,876153291.0
Setúbal,SSP5-8.5,Baseline,2067,0.604,0.1824,36.321,54481808.0,90803013.0,163445424.0,966956304.0
Setúbal,SSP5-8.5,Baseline,2068,0.616,0.1678,39.901,59850837.0,99751396.0,179552512.0,1066707700.0
Setúbal,SSP5-8.5,Baseline,2069,0.628,0.1544,43.828,65741368.0,109568946.0,197224103.0,1176276646.0
Setúbal,SSP5-8.5,Baseline,2070,0.64,0.1421,48.136,72203473.0,120339121.0,216610419.0,1296615767.0
Setúbal,SSP5-8.5,Baseline,2071,0.652,0.1308,52.861,79291989.0,132153316.0,237875968.0,1428769083.0
Setúbal,SSP5-8.5,Baseline,2072,0.664,0.1203,58.045,87066967.0,145111611.0,261200900.0,1573880694.0
Setúbal,SSP5-8.5,Baseline,2073,0.676,0.1107,63.729,95594159.0,159323598.0,286782476.0,1733204292.0
Setúbal,SSP5-8.5,Baseline,2074,0.688,0.1019,69.964,104945561.0,174909269.0,314836684.0,1908113561.0
Setúbal,SSP5-8.5,Baseline,2075,0.7,0.0938,76.8,115200000.0,192000000.0,345600000.0,2100113561.0
Setúbal,SSP5-8.5,Baseline,2076,0.712,0.0863,84.296,126443775.0,210739625.0,379331324.0,2310853186.0
Setúbal,SSP5-8.5,Baseline,2077,0.724,0.0794,92.514,138771362.0,231285603.0,416314085.0,2542138788.0
Setúbal,SSP5-8.5,Baseline,2078,0.736,0.073,101.524,152286183.0,253810306.0,456858550.0,2795949094.0
Setúbal,SSP5-8.5,Baseline,2079,0.748,0.0672,111.401,167101449.0,278502415.0,501304348.0,3074451509.0
Setúbal,SSP5-8.5,Baseline,2080,0.76,0.0619,122.227,183341076.0,305568460.0,550023228.0,3380019969.0
Setúbal,SSP5-8.5,Baseline,2081,0.772,0.0569,134.094,201140693.0,335234488.0,603422078.0,3715254457.0
Setúbal,SSP5-8.5,Baseline,2082,0.784,0.0524,147.099,220648741.0,367747901.0,661946222.0,4083002358.0
Setúbal,SSP5-8.5,Baseline,2083,0.796,0.0482,161.352,242027676.0,403379460.0,726083028.0,4486381818.0
Setúbal,SSP5-8.5,Baseline,2084,0.808,0.0443,176.97,265455283.0,442425471.0,796365848.0,4928807289.0
Setúbal,SSP5-8.5,Baseline,2085,0.82,0.0408,194.084,291126111.0,485210185.0,873378333.0,5414017474.0
Setúbal,SSP5-8.5,Baseline,2086,0.832,0.0376,212.835,319253048.0,532088413.0,957759144.0,5946105887.0
Setúbal,SSP5-8.5,Baseline,2087,0.844,0.0346,233.379,350069033.0,583448389.0,1050207100.0,6529554276.0
Setúbal,SSP5-8.5,Baseline,2088,0.856,0.0318,255.886,383828939.0,639714899.0,1151486818.0,7169269175.0
Setúbal,SSP5-8.5,Baseline,2089,0.868,0.0293,280.541,420811620.0,701352699.0,1262434859.0,7870621874.0
Setúbal,SSP5-8.5,Baseline,2090,0.88,0.0269,307.548,461322155.0,768870258.0,1383966464.0,8639492132.0
Setúbal,SSP5-8.5,Baseline,2091,0.892,0.0248,337.13,505694302.0,842823836.0,1517082905.0,9482315968.0
Setúbal,SSP5-8.5,Baseline,2092,0.904,0.0228,365.0,547500000.0,912500000.0,1642500000.0,10394815968.0
Setúbal,SSP5-8.5,Baseline,2093,0.916,0.021,365.0,547500000.0,912500000.0,1642500000.0,11307315968.0
Setúbal,SSP5-8.5,Baseline,2094,0.928,0.0193,365.0,547500000.0,912500000.0,1642500000.0,12219815968.0
Setúbal,SSP5-8.5,Baseline,2095,0.94,0.0178,365.0,547500000.0,912500000.0,1642500000.0,13132315968.0
Setúbal,SSP5-8.5,Baseline,2096,0.952,0.0163,365.0,547500000.0,912500000.0,1642500000.0,14044815968.0
Setúbal,SSP5-8.5,Baseline,2097,0.964,0.015,365.0,547500000.0,912500000.0,1642500000.0,14957315968.0
Setúbal,SSP5-8.5,Baseline,2098,0.976,0.0138,365.0,547500000.0,912500000.0,1642500000.0,15869815968.0
Setúbal,SSP5-8.5,Baseline,2099,0.988,0.0127,365.0,547500000.0,912500000.0,1642500000.0,16782315968.0
Setúbal,SSP5-8.5,Baseline,2100,1.0,0.0117,365.0,547500000.0,912500000.0,1642500000.0,17694815968.0
Setúbal,SSP5-8.5,+Geoid,2025,0.14,4.5471,0.844,1266728.0,2111213.0,3800183.0,2111213.0
Setúbal,SSP5-8.5,+Geoid,2026,0.168,3.745,1.07,1605344.0,2675573.0,4816032.0,4786786.0
Setúbal,SSP5-8.5,+Geoid,2027,0.196,3.0843,1.354,2030904.0,3384839.0,6092711.0,8171625.0
Setúbal,SSP5-8.5,+Geoid,2028,0.224,2.5402,1.71,2565116.0,4275193.0,7695348.0,12446819.0
Setúbal,SSP5-8.5,+Geoid,2029,0.252,2.0921,2.157,3235003.0,5391672.0,9705009.0,17838490.0
Setúbal,SSP5-8.5,+Geoid,2030,0.28,1.723,2.716,4074177.0,6790294.0,12222530.0,24628785.0
Setúbal,SSP5-8.5,+Geoid,2031,0.2935,1.5691,3.034,4551256.0,7585426.0,13653767.0,32214211.0
Setúbal,SSP5-8.5,+Geoid,2032,0.307,1.429,3.388,5082728.0,8471214.0,15248185.0,40685425.0
Setúbal,SSP5-8.5,+Geoid,2033,0.3205,1.3013,3.783,5674675.0,9457791.0,17024025.0,50143216.0
Setúbal,SSP5-8.5,+Geoid,2034,0.334,1.1851,4.223,6333846.0,10556410.0,19001538.0,60699626.0
Setúbal,SSP5-8.5,+Geoid,2035,0.3475,1.0792,4.712,7067734.0,11779557.0,21203202.0,72479183.0
Setúbal,SSP5-8.5,+Geoid,2036,0.361,0.9828,5.256,7884655.0,13141092.0,23653965.0,85620275.0
Setúbal,SSP5-8.5,+Geoid,2037,0.3745,0.895,5.863,8793837.0,14656395.0,26381511.0,100276670.0
Setúbal,SSP5-8.5,+Geoid,2038,0.388,0.8151,6.537,9805520.0,16342533.0,29416559.0,116619202.0
Setúbal,SSP5-8.5,+Geoid,2039,0.4015,0.7422,7.287,10931064.0,18218440.0,32793191.0,134837642.0
Setúbal,SSP5-8.5,+Geoid,2040,0.415,0.6759,8.122,12183073.0,20305121.0,36549218.0,155142763.0
Setúbal,SSP5-8.5,+Geoid,2041,0.4285,0.6156,9.05,13575527.0,22625879.0,40726581.0,177768642.0
Setúbal,SSP5-8.5,+Geoid,2042,0.442,0.5606,10.083,15123933.0,25206555.0,45371799.0,202975197.0
Setúbal,SSP5-8.5,+Geoid,2043,0.4555,0.5105,11.23,16845488.0,28075813.0,50536463.0,231051010.0
Setúbal,SSP5-8.5,+Geoid,2044,0.469,0.4649,12.506,18759261.0,31265435.0,56277782.0,262316444.0
Setúbal,SSP5-8.5,+Geoid,2045,0.4825,0.4234,13.924,20886398.0,34810664.0,62659194.0,297127108.0
Setúbal,SSP5-8.5,+Geoid,2046,0.496,0.3855,15.5,23250344.0,38750573.0,69751032.0,335877681.0
Setúbal,SSP5-8.5,+Geoid,2047,0.5095,0.3511,17.251,25877089.0,43128481.0,77631266.0,379006162.0
Setúbal,SSP5-8.5,+Geoid,2048,0.523,0.3197,19.197,28795444.0,47992406.0,86386331.0,426998568.0
Setúbal,SSP5-8.5,+Geoid,2049,0.5365,0.2912,21.358,32037343.0,53395572.0,96112030.0,480394140.0
Setúbal,SSP5-8.5,+Geoid,2050,0.55,0.2652,23.759,35638182.0,59396970.0,106914545.0,539791110.0
Setúbal,SSP5-8.5,+Geoid,2051,0.562,0.244,26.115,39171875.0,65286458.0,117515624.0,605077568.0
Setúbal,SSP5-8.5,+Geoid,2052,0.574,0.2245,28.7,43050452.0,71750754.0,129151357.0,676828322.0
Setúbal,SSP5-8.5,+Geoid,2053,0.586,0.2066,31.538,47307159.0,78845264.0,141921476.0,755673586.0
Setúbal,SSP5-8.5,+Geoid,2054,0.598,0.1901,34.652,51978408.0,86630681.0,155935225.0,842304267.0
Setúbal,SSP5-8.5,+Geoid,2055,0.61,0.1749,38.069,57104090.0,95173483.0,171312270.0,937477750.0
Setúbal,SSP5-8.5,+Geoid,2056,0.622,0.161,41.819,62727892.0,104546487.0,188183676.0,1042024237.0
Setúbal,SSP5-8.5,+Geoid,2057,0.634,0.1481,45.932,68897663.0,114829438.0,206692989.0,1156853675.0
Setúbal,SSP5-8.5,+Geoid,2058,0.646,0.1363,50.444,75665804.0,126109674.0,226997413.0,1282963349.0
Setúbal,SSP5-8.5,+Geoid,2059,0.658,0.1254,55.393,83089701.0,138482834.0,249269102.0,1421446183.0
Setúbal,SSP5-8.5,+Geoid,2060,0.67,0.1154,60.821,91232189.0,152053649.0,273696567.0,1573499832.0
Setúbal,SSP5-8.5,+Geoid,2061,0.682,0.1062,66.775,100162074.0,166936791.0,300486223.0,1740436623.0
Setúbal,SSP5-8.5,+Geoid,2062,0.694,0.0977,73.303,109954690.0,183257817.0,329864071.0,1923694440.0
Setúbal,SSP5-8.5,+Geoid,2063,0.706,0.0899,80.462,120692516.0,201154193.0,362077548.0,2124848633.0
Setúbal,SSP5-8.5,+Geoid,2064,0.718,0.0828,88.311,132465847.0,220776412.0,397397541.0,2345625045.0
Setúbal,SSP5-8.5,+Geoid,2065,0.73,0.0761,96.916,145373532.0,242289221.0,436120597.0,2587914265.0
Setúbal,SSP5-8.5,+Geoid,2066,0.742,0.0701,106.349,159523778.0,265872964.0,478571335.0,2853787229.0
Setúbal,SSP5-8.5,+Geoid,2067,0.754,0.0645,116.69,175035028.0,291725046.0,525105083.0,3145512275.0
Setúbal,SSP5-8.5,+Geoid,2068,0.766,0.0593,128.025,192036922.0,320061536.0,576110765.0,3465573811.0
Setúbal,SSP5-8.5,+Geoid,2069,0.778,0.0546,140.448,210671353.0,351118921.0,632014058.0,3816692732.0
Setúbal,SSP5-8.5,+Geoid,2070,0.79,0.0502,154.062,231093611.0,385156019.0,693280834.0,4201848751.0
Setúbal,SSP5-8.5,+Geoid,2071,0.802,0.0462,168.982,253473647.0,422456078.0,760420940.0,4624304829.0
Setúbal,SSP5-8.5,+Geoid,2072,0.814,0.0425,185.332,277997438.0,463329063.0,833992314.0,5087633892.0
Setúbal,SSP5-8.5,+Geoid,2073,0.826,0.0391,203.246,304868498.0,508114164.0,914605495.0,5595748056.0
Setúbal,SSP5-8.5,+Geoid,2074,0.838,0.036,222.873,334309517.0,557182529.0,1002928552.0,6152930585.0
Setúbal,SSP5-8.5,+Geoid,2075,0.85,0.0331,244.376,366564155.0,610940259.0,1099692466.0,6763870844.0
Setúbal,SSP5-8.5,+Geoid,2076,0.862,0.0305,267.933,401899007.0,669831679.0,1205697022.0,7433702523.0
Setúbal,SSP5-8.5,+Geoid,2077,0.874,0.0281,293.737,440605748.0,734342913.0,1321817243.0,8168045435.0
Setúbal,SSP5-8.5,+Geoid,2078,0.886,0.0258,322.002,483003475.0,805005792.0,1449010425.0,8973051227.0
Setúbal,SSP5-8.5,+Geoid,2079,0.898,0.0238,352.961,529441275.0,882402125.0,1588323826.0,9855453352.0
Setúbal,SSP5-8.5,+Geoid,2080,0.91,0.0219,365.0,547500000.0,912500000.0,1642500000.0,10767953352.0
Setúbal,SSP5-8.5,+Geoid,2081,0.922,0.0201,365.0,547500000.0,912500000.0,1642500000.0,11680453352.0
Setúbal,SSP5-8.5,+Geoid,2082,0.934,0.0185,365.0,547500000.0,912500000.0,1642500000.0,12592953352.0
Setúbal,SSP5-8.5,+Geoid,2083,0.946,0.017,365.0,547500000.0,912500000.0,1642500000.0,13505453352.0
Setúbal,SSP5-8.5,+Geoid,2084,0.958,0.0157,365.0,547500000.0,912500000.0,1642500000.0,14417953352.0
Setúbal,SSP5-8.5,+Geoid,2085,0.97,0.0144,365.0,547500000.0,912500000.0,1642500000.0,15330453352.0
Setúbal,SSP5-8.5,+Geoid,2086,0.982,0.0133,365.0,547500000.0,912500000.0,1642500000.0,16242953352.0
Setúbal,SSP5-8.5,+Geoid,2087,0.994,0.0122,365.0,547500000.0,912500000.0,1642500000.0,17155453352.0
Setúbal,SSP5-8.5,+Geoid,2088,1.006,0.0112,365.0,547500000.0,912500000.0,1642500000.0,18067953352.0
Setúbal,SSP5-8.5,+Geoid,2089,1.018,0.0103,365.0,547500000.0,912500000.0,1642500000.0,18980453352.0
Setúbal,SSP5-8.5,+Geoid,2090,1.03,0.0095,365.0,547500000.0,912500000.0,1642500000.0,19892953352.0
Setúbal,SSP5-8.5,+Geoid,2091,1.042,0.0088,365.0,547500000.0,912500000.0,1642500000.0,20805453352.0
Setúbal,SSP5-8.5,+Geoid,2092,1.054,0.0081,365.0,547500000.0,912500000.0,1642500000.0,21717953352.0
Setúbal,SSP5-8.5,+Geoid,2093,1.066,0.0074,365.0,547500000.0,912500000.0,1642500000.0,22630453352.0
Setúbal,SSP5-8.5,+Geoid,2094,1.078,0.0068,365.0,547500000.0,912500000.0,1642500000.0,23542953352.0
Setúbal,SSP5-8.5,+Geoid,2095,1.09,0.0063,365.0,547500000.0,912500000.0,1642500000.0,24455453352.0
Setúbal,SSP5-8.5,+Geoid,2096,1.102,0.0058,365.0,547500000.0,912500000.0,1642500000.0,25367953352.0
Setúbal,SSP5-8.5,+Geoid,2097,1.114,0.0053,365.0,547500000.0,912500000.0,1642500000.0,26280453352.0
Setúbal,SSP5-8.5,+Geoid,2098,1.126,0.0049,365.0,547500000.0,912500000.0,1642500000.0,27192953352.0
Setúbal,SSP5-8.5,+Geoid,2099,1.138,0.0045,365.0,547500000.0,912500000.0,1642500000.0,28105453352.0
Setúbal,SSP5-8.5,+Geoid,2100,1.15,0.0041,365.0,547500000.0,912500000.0,1642500000.0,29017953352.0
